Date,Open,High,Low,Close,Volume,MA50,MA200,EMA9,EMA21,BB_Upper,BB_Lower,BB_Mid,RSI,RSI_W,RSI_M,MACD,MACD_Signal,MACD_Hist,ADX,ATR,StochRSI_K,StochRSI_D,Williams_R,OBV,OBV_SMA20,Supertrend_Dir
2025-07-24,1193.990168077305,1195.0882034100882,1172.9274108575844,1175.922119140625,82359,1141.0857543945315,1092.9000231933587,1177.663830858126,1158.8274533294255,1228.9790242099577,1074.33110762598,1151.6550659179688,55.36780259997133,54.69325952692287,82.95886264258725,17.843878870457274,14.121017024516995,3.7228618459402796,15.220357616811896,36.16765671629231,47.71843166631816,54.83273842090233,-40.40410064795533,29590944.0,28730515.65,1.0
2025-07-25,1182.0114879921869,1182.909924964427,1152.9628382564672,1156.4566650390625,113833,1141.7825244140627,1092.9000231933587,1173.4223976943133,1158.6119271212106,1229.6389352374904,1075.3781912273535,1152.508563232422,50.63135840859921,54.69325952692287,82.95886264258725,15.270626073285712,14.350938834270739,0.9196872390149728,14.625340814475255,35.72333028712572,39.43055332162312,47.25718481910408,-54.47327222767857,29477111.0,28831857.85,1.0
2025-07-28,1152.9626824848076,1176.2216320942466,1129.6039336374938,1146.0748291015625,214882,1140.9679614257814,1092.9000231933587,1167.9528839757631,1157.4721909376062,1229.7391515120426,1075.6473108903015,1152.693231201172,48.26010637332061,50.998550716873154,82.95886264258725,12.252339948598319,13.931219057136255,-1.6788791085379362,13.992269152621045,36.50149944209908,21.529504151486346,36.226163046475875,-61.97701862656169,29262229.0,28887366.0,1.0
2025-07-29,1139.9856789378136,1173.426589834851,1131.7002701825184,1165.0413818359375,102160,1140.7403637695315,1094.5358825683586,1167.370583547798,1158.160299201091,1230.5841419895926,1079.3143321315013,1154.949237060547,52.625300205781336,50.998550716873154,82.95886264258725,11.260959414350737,13.397167128579152,-2.1362077142284157,13.404416895184992,36.8747008856872,14.576685309971616,25.17891426102703,-57.474196814324905,29364389.0,28977424.6,1.0
2025-07-30,1167.93637459089,1227.830547646833,1123.0157447989327,1218.147705078125,980550,1141.2814111328128,1096.3802490234366,1177.5260078538636,1163.6136997353667,1236.0860747786703,1086.2404511002367,1161.1632629394535,62.233239504287916,50.998550716873154,82.95886264258725,14.592308605820108,13.636195424027344,0.9561131817927642,13.8655790690378,41.72756531155957,31.010590566724186,22.372260009394047,-12.499856330312397,30344939.0,29129803.85,1.0
2025-07-31,1175.2234911431422,1347.618828880949,1169.1341530249383,1325.0587158203125,2101738,1144.0525146484379,1098.8533792114247,1207.0325494471535,1178.2905193794527,1272.0251943391495,1072.9313608366324,1172.478277587891,73.76740019797468,50.998550716873154,85.52011746197078,25.56455958591141,16.021868256404158,9.542691329507253,16.382379933969126,51.49593035044894,64.34392390005752,36.64373325891777,-10.044436011572488,32446677.0,29373924.7,1.0
2025-08-01,1349.5155676926397,1375.869028222892,1285.927847483261,1294.2132568359375,810285,1146.602009277344,1101.190125427245,1224.4686909249103,1188.828950057315,1291.3342140550244,1071.0315940504452,1181.1829040527348,67.37413189077974,50.998550716873154,85.52011746197078,31.409112091948145,19.099317023512956,12.30979506843519,19.027742535246066,54.24201966396194,81.94077655960628,59.09843034212932,-32.29373583021352,31636392.0,29558661.55,1.0
2025-08-04,1303.6964086695184,1327.6540762101529,1289.1221852866322,1321.8642578125,315462,1149.2573168945316,1103.6722390747059,1243.9478043024283,1200.92306894415,1314.5881681144833,1067.1933260261421,1190.8907470703127,69.89313279854777,59.98566159357611,85.52011746197078,37.836016702022334,22.846656959214833,14.989359742807501,21.484150665003224,53.11986761107328,86.58222261548084,77.62230769171488,-21.358144802036104,31951854.0,29751189.05,1.0
2025-08-05,1331.647099186019,1348.1179965897445,1302.9977688076024,1339.7327880859375,347063,1152.7451538085938,1106.2807553100574,1263.1048010591303,1213.542134320676,1335.5480048176983,1070.2710137369895,1202.909509277344,71.42833121198052,59.98566159357611,85.52011746197078,43.86557097159107,27.050439761690082,16.815131209900986,23.986399876738762,52.548464766149635,83.52549042210153,84.01616319906287,-14.29138654939467,32298917.0,29971373.3,1.0
2025-08-06,1334.6418204027968,1334.6418204027968,1295.7106079901498,1313.279541015625,320476,1155.446381835938,1108.8654385375964,1273.1397490504291,1222.6091712929442,1348.3289407327047,1076.3567404196397,1212.3428405761722,66.05802133310091,59.98566159357611,85.52011746197078,45.97945764474298,30.836243338300665,15.143214306442314,26.03186264118435,51.93944443255236,81.8055764153783,83.97109648432021,-24.753282361899632,31978441.0,30160459.8,1.0
2025-08-07,1297.7070146682352,1309.3863290582492,1274.248464787694,1292.5162353515625,221849,1157.7403295898441,1111.3585336303697,1277.0150463106559,1228.964358934637,1355.3501155672268,1085.3672550382423,1220.3586853027346,62.110742925009966,59.98566159357611,85.52011746197078,45.45532216310221,33.76005910326097,11.695263059841238,27.134115968688196,51.017418132222254,71.63542674885986,78.98883119544655,-32.96488451430223,31756592.0,30326186.75,1.0
2025-08-08,1292.5162678047966,1301.699992012577,1271.6531070587475,1278.4410400390625,119572,1159.8246459960938,1113.8191854858385,1277.3002450563372,1233.4622390350391,1359.4564749959238,1094.66719443767,1227.061834716797,59.5145442369025,59.98566159357611,85.52011746197078,43.40385773331968,35.68881882927272,7.715038904046963,28.06232812052633,49.519522905194194,56.06630227675463,69.83576848033093,-38.53143090116489,31637020.0,30463592.6,1.0
2025-08-11,1272.7511436060856,1290.8191942933358,1258.9754354274064,1280.2379150390625,204965,1161.9448999023439,1116.5366342163072,1277.8877790528823,1237.7145732172232,1362.4391660209308,1105.090814447819,1233.7649902343749,59.74587305222758,58.659147245653266,85.52011746197078,41.44529463040362,36.8401139894989,4.60518064090472,28.45107439953962,48.256968330961,47.817487481183846,58.506405502266105,-37.82079152339293,31841985.0,30591876.65,1.0
2025-08-12,1280.437472245856,1327.3545717129405,1280.437472245856,1301.699951171875,285649,1165.482646484375,1119.1964343261707,1282.6502134766808,1243.5314257585553,1369.6451629789835,1109.2647125092972,1239.4549377441404,62.5018659676407,58.659147245653266,85.52011746197078,41.150568077398475,37.702204807078814,3.4483632703196605,29.419738065715087,48.17551749831222,48.32861323384038,50.73746766392628,-29.332851069470845,32127634.0,30715253.65,1.0
2025-08-13,1307.689362399564,1324.260058193322,1301.7997447169937,1314.4774169921875,171732,1169.5494628906251,1121.9198721313462,1289.0156541797824,1249.9810613252491,1378.1574744010313,1109.9261925911555,1244.0418334960934,64.07867299401146,58.659147245653266,85.52011746197078,41.469989640312406,38.455761773725534,3.0142278665868716,30.319211470020875,46.34584532139328,54.29308858284492,50.14639643262305,-24.27953886909553,32299366.0,30820829.55,1.0
2025-08-14,1314.4774477804624,1316.973038225174,1285.528598621809,1297.70703125,102196,1172.943466796875,1124.6431854248035,1290.753929593826,1254.3197858638628,1383.5425311274807,1113.665025024863,1248.603778076172,60.483742071363594,58.659147245653266,85.52011746197078,39.90984767580767,38.74657895414196,1.163268721665709,30.525659133035596,45.28145919867698,55.257347439165756,52.62634975195035,-30.911996045484493,32197170.0,30933348.5,1.0
2025-08-18,1319.668312253382,1357.60128945885,1318.670076011133,1328.1533203125,376794,1176.736765136719,1127.2619335937488,1298.2338077375607,1261.0319253591933,1392.4173766293645,1117.4977478823541,1254.9575622558593,64.38970899021363,59.827768441826876,85.52011746197078,40.66146494876489,39.129556153066545,1.5319087956983424,31.398956838989548,46.32523055654648,55.194147238676656,54.91486108689577,-18.870906979834235,32573964.0,31074857.85,1.0
2025-08-19,1334.641706903621,1401.5235276684248,1317.0727753722242,1393.837158203125,814479,1182.2929492187504,1129.688271484374,1317.3544778306737,1273.1051283450051,1412.1919410953833,1118.1570823421166,1265.17451171875,71.04024277056064,59.827768441826876,85.52011746197078,46.02669671858166,40.50898426616957,5.517712452412091,32.7930419381727,49.04848210937892,61.47749121100956,57.30966196295065,-2.759840097144284,33388443.0,31265159.2,1.0
2025-08-20,1392.5394717127865,1408.411451352771,1361.5941501191687,1396.4326171875,412453,1187.797224121094,1131.880772705077,1333.170105702039,1284.3167182397774,1427.9942909021765,1124.4456993321983,1276.2199951171874,71.2685808750328,59.827768441826876,85.52011746197078,49.91275028378891,42.389737469693436,7.523012814095473,34.170005401706334,48.889112046823456,72.99276473067646,63.22146772678755,-5.006256025533585,33800896.0,31482413.3,1.0
2025-08-21,1401.7231423430155,1407.9122795385715,1375.3698056690275,1398.1295166015625,293175,1193.6987939453124,1133.9363903808583,1346.1619878819438,1294.6633362726668,1441.593019772426,1132.1493264189803,1286.8711730957032,71.42720266570818,59.827768441826876,85.52011746197078,52.52393806980194,44.41657758971514,8.107360480086804,35.44861433213042,47.72149503416064,87.77478497004792,74.08168030391131,-6.880493090998819,34094071.0,31703451.7,1.0
2025-08-22,1397.5305602280544,1427.4776436615127,1388.9457540147953,1421.388427734375,404572,1200.1094653320313,1136.1232760620105,1361.2072758524303,1306.183799132822,1455.7412220564102,1142.5477549943712,1299.1444885253907,73.58024477292483,59.827768441826876,85.52011746197078,55.826588783742636,46.69857982852064,9.128008955221993,36.882070230804885,47.065094649343266,94.15282231419502,84.97345733830646,-3.6137306394689817,34498643.0,31948836.65,1.0
2025-08-25,1421.3884718536538,1442.4512301512991,1410.5076734974298,1427.078369140625,308206,1206.5960034179686,1138.3362405395499,1374.3814945100694,1317.174214588077,1464.0395533336584,1161.3115941272792,1312.6755737304688,74.09451872268907,66.39517209041807,85.52011746197078,58.23183365717205,49.005230594250925,9.226603062921122,38.39090528785233,45.9849847925237,99.99684246418398,93.97481658280897,-8.378686155200077,34806849.0,32215323.55,1.0
2025-08-26,1413.003240398642,1429.4741365248008,1392.5393997570511,1411.1065673828125,303772,1212.9847119140622,1140.2978988647453,1381.726509084618,1325.7135193875981,1461.4559645839295,1190.3983567051332,1325.9271606445313,69.97685428088157,66.39517209041807,85.52011746197078,58.17857028493768,50.83989853238828,7.338671752549395,39.03097053281258,45.33853850503984,90.58602732622143,94.91189736820014,-17.083813598222186,34503077.0,32477365.95,1.0
2025-08-28,1416.4971143692603,1431.869975640392,1383.3557225213667,1399.527099609375,285441,1219.0839355468747,1142.0949734497065,1385.2866271895696,1332.423844862305,1453.7564887308913,1221.546404335515,1337.6514465332032,67.06685948990913,66.39517209041807,85.52011746197078,56.550117845733894,51.98194239505741,4.568175450676485,39.248670692320935,45.565375263181664,74.51910567367003,88.36732515469181,-23.394982758635475,34217636.0,32720028.3,1.0
2025-08-29,1397.5306026626956,1424.4829785711904,1390.542949649382,1403.52001953125,294658,1225.041408691406,1143.9606771850579,1388.9333056579057,1338.8871334685728,1451.9225071912583,1241.9176173204605,1346.9200622558594,67.56770315839788,66.39517209041807,85.52011746197078,54.94834253419094,52.575222422884124,2.373120111306818,39.45082084043584,44.734993381655,59.59723327795372,74.90078875928172,-21.218717530906762,34512294.0,32928396.05,1.0
2025-09-01,1415.4988307207873,1417.4953029785036,1393.2381163052532,1411.1065673828125,198125,1231.4740405273435,1145.9280755615227,1393.3679580028872,1345.4525365516854,1459.4551147418406,1242.9897949261285,1351.2224548339846,68.546464470518,64.74829104443857,86.46132646990885,53.67239312972583,52.79465656425247,0.8777365654733629,39.63853169225682,43.27229290248324,56.12252321565023,63.41295405575799,-17.083813598222186,34710419.0,33041583.15,1.0
2025-09-02,1412.5041994497503,1426.3797067694093,1394.5359481493294,1403.619873046875,154156,1236.9423779296874,1148.0686682128899,1395.418341011685,1350.7404762330661,1463.8472895225893,1249.5382817664733,1356.6927856445313,66.416341757619,64.74829104443857,86.46132646990885,51.46383728883393,52.528492709168766,-1.0646554203348373,39.98430845582695,42.45596902516871,53.385284111946916,56.36834686851695,-23.967938035908944,34556263.0,33187576.7,1.0
2025-09-03,1412.5042165345203,1431.3709049991626,1395.334602715113,1409.7091064453125,188485,1243.2232812500001,1150.0104870605462,1398.2764940984107,1356.1012607978157,1469.4234691618578,1252.7465869904856,1361.0850280761717,67.30624256686997,64.74829104443857,86.46132646990885,49.632755607226045,51.94934528878022,-2.316589681554177,40.40239756147163,41.997421400803056,51.68239822551176,53.73006851770296,-20.865138053610476,34744748.0,33327221.4,1.0
2025-09-04,1418.4935325269062,1439.5562903771015,1400.5252822908158,1422.087158203125,231049,1249.8395898437502,1152.1937539672845,1403.0386269193536,1362.0999787437527,1476.3479945981856,1254.0574985658766,1365.202746582031,69.09876185652023,64.74829104443857,86.46132646990885,48.61995493585164,51.2834672181945,-2.6635122823428645,40.9508421309838,41.78553473548039,52.33627371008566,52.46798534918145,-12.977141505778999,34975797.0,33461065.4,1.0
2025-09-05,1432.4688957040537,1495.3577740520366,1409.5094639262188,1471.9990234375,644563,1257.589892578125,1154.5077902221672,1416.8307062229828,1372.0908009886389,1491.1287702502254,1255.1486711560242,1373.1387207031248,75.0411361443311,64.74829104443857,86.46132646990885,51.25394987086929,51.27756374872946,-0.02361387786017133,42.32477046702701,44.9328758347902,71.14043446634038,58.38636880064593,-13.10191591412988,35620360.0,33643161.35,1.0
2025-09-08,1485.3754368642224,1507.3366328393654,1457.9239418952934,1467.107666015625,365452,1264.85705078125,1156.6821975708,1426.8860981815114,1380.7286978092739,1500.5752868144593,1263.161297658197,1381.8682922363282,73.54845192975041,68.02195360188921,86.46132646990885,52.34333676498318,51.490718351980206,0.8526184130029719,43.74600886966822,45.25286262831033,81.9962273384085,68.49097850494485,-21.143777572515575,35254908.0,33818077.15,1.0
2025-09-09,1462.4160242059445,1527.6008964159653,1461.417788011947,1501.2474365234375,589269,1272.094265136719,1159.1332421874995,1441.7583658498968,1391.6849467832885,1512.6624674288305,1273.3547566922634,1393.008612060547,76.98894682158831,68.02195360188921,86.46132646990885,55.32374024942783,52.257322731469735,3.0664175179580937,45.295724948810864,46.74788018371804,94.23103458991666,82.45589879822185,-15.874933085798526,35844177.0,34028435.0,1.0
2025-09-10,1495.4576330861362,1506.7377509351843,1451.0361220008665,1455.7279052734375,318344,1278.3611938476565,1161.1762579345698,1444.552273734605,1397.5070339187566,1511.9815995236245,1291.5846236209072,1401.7831115722659,64.87303963608593,68.02195360188921,86.46132646990885,53.39715655206169,52.485289495588134,0.9118670564735538,46.20399723726125,47.387433665903735,60.89770125658333,79.0416543949695,-47.213082945064265,35525833.0,34212627.4,1.0
2025-09-11,1467.4071605077024,1478.287959062059,1460.5193066077886,1470.2022705078125,148035,1285.3668139648441,1163.3348193359368,1449.6822730892466,1404.1156917904889,1513.7532828529336,1306.6631722251916,1410.2082275390626,66.66925736463726,68.02195360188921,86.46132646990885,52.43386049388096,52.475003695246706,-0.041143201365748894,47.04739293367946,45.614049388955,38.275094884353464,64.46794357695114,-39.79240646906811,35673868.0,34389939.1,1.0
2025-09-12,1477.389572752206,1478.7871278001348,1433.8664988988853,1439.556396484375,194560,1292.2805981445315,1165.178936157226,1447.6570977682723,1407.3375740353877,1510.3178183615491,1322.6065346657952,1416.4621765136721,59.707707005098264,68.02195360188921,86.46132646990885,48.636919380970994,51.70738683239156,-3.070467451420569,46.499264974006344,45.5645193541189,4.941761551020132,34.70485256398564,-61.03809060254959,35479308.0,34548936.2,1.0
2025-09-15,1445.44606457691,1463.5141160131195,1419.8912413973808,1456.92578125,127079,1299.4439453125003,1167.1042846679684,1449.5108344646178,1411.8455928730796,1501.3498398066038,1347.49638822074,1424.423114013672,62.12186686655708,64.94485272981672,86.46132646990885,46.49343302730563,50.66459607137438,-4.171163044068756,45.36862005250277,45.4258304442346,9.598371622779723,17.60507601938444,-48.996519784854854,35606387.0,34719397.05,1.0
2025-09-16,1457.524630788306,1475.293283640872,1448.5405051144248,1457.0255126953125,132905,1306.1820410156254,1169.088404541015,1451.0137701107567,1415.9528583114643,1494.2350147949626,1367.4984324706627,1430.8667236328126,62.13589513591905,64.94485272981672,86.46132646990885,44.29217946919016,49.39011275093755,-5.0979332817473875,44.58437549101606,44.0920410215355,9.340278906877481,7.960137360225779,-48.927379554634484,35739292.0,34877663.45,1.0
2025-09-17,1457.0255346882025,1482.3807585659888,1449.5387631802937,1472.098876953125,145989,1313.069870605469,1171.2117773437496,1455.2307914792304,1421.0570418243424,1498.185725720124,1371.3738934205012,1434.7798095703126,64.28860317460837,64.94485272981672,86.46132646990885,43.26523004713954,48.16513621017795,-4.899906163038409,44.0135726566212,43.28846633326119,18.176250203217258,12.37163357762482,-40.495294707254814,35885281.0,35002505.35,1.0
2025-09-18,1473.8975229269788,1474.5969509258916,1459.9079871161466,1469.9005126953125,126304,1320.480729980469,1173.2133544921871,1458.164735722447,1425.497357358067,1501.0118984768412,1375.8945102145656,1438.4532043457034,63.71961307231448,64.94485272981672,86.46132646990885,41.79222090049802,46.89055314824196,-5.09833224774394,43.483541453254546,41.245644724438606,21.258101240766095,16.25821011695361,-42.943725690335455,35758977.0,35100409.4,1.0
2025-09-19,1475.796128736171,1505.9735072253866,1435.526201818118,1457.0101318359375,861253,1327.1286743164064,1174.8596185302729,1457.933814945145,1428.3621550378732,1501.4578482213333,1381.3366219935106,1441.397235107422,60.34692155186198,64.94485272981672,86.46132646990885,39.13359678941265,45.339161876476105,-6.205565087063455,43.65758528971558,43.33147763035504,17.807396694382795,19.080582712788715,-53.04985685529885,34897724.0,35140592.05,1.0
2025-09-22,1459.9080461912777,1465.30403461819,1448.9162676094131,1459.2086181640625,237090,1333.6688598632813,1176.515003662109,1458.1887755889286,1431.1663789584359,1503.0772448139987,1383.4992444438135,1443.288244628906,60.728708761798515,65.84014675440122,86.46132646990885,36.780040092778336,43.62733751973656,-6.847297426958221,43.81919742357225,41.406926871670876,10.940809091077194,16.66876900874203,-51.708017468597234,35134814.0,35172400.6,1.0
2025-09-23,1453.9124752224873,1470.3002416070638,1430.030314635733,1449.01611328125,167791,1339.7616210937504,1178.1220465087886,1456.354243127393,1432.7890820786918,1503.7252341276123,1385.0450295442622,1444.3851318359373,57.94329634913117,65.84014675440122,86.46132646990885,33.70386234729608,41.642642485248466,-7.938780137952385,42.99865499665008,41.32571259307515,3.2023479817687663,10.650184589076252,-61.8409627021921,34967023.0,35180409.3,1.0
2025-09-24,1448.9161500241833,1460.90718023128,1441.421756144748,1448.11669921875,104320,1345.8004589843754,1179.7717590332024,1454.7067343456645,1434.1825018186971,1503.4773255099406,1388.993951345528,1446.2356384277343,57.69183384714195,65.84014675440122,86.46132646990885,30.837913848302378,39.481696757859254,-8.643782909556876,42.2367227430795,39.76569198546493,1.9693836930341728,5.370846921960044,-67.3073359526879,34862703.0,35198390.6,1.0
2025-09-25,1453.91250064556,1455.3114786502435,1391.159389970397,1410.0452880859375,366600,1350.2433447265626,1181.2740380859368,1445.7744450937194,1431.9882096611734,1502.366211154593,1391.156884548532,1446.7615478515625,48.16358989026052,65.84014675440122,86.46132646990885,25.204047739085127,36.62616695410443,-11.4221192150193,39.41891821476297,41.50757746363506,0.0,1.7239105582676462,-86.15824567791994,34496103.0,35212313.95,1.0
2025-09-26,1401.8514010776962,1404.1496087130993,1348.9909177564623,1357.0848388671875,405895,1352.9302514648436,1182.3984655761712,1428.036523848413,1425.1788123162657,1510.5349265049313,1378.3446511317875,1444.4397888183594,38.61054488493287,65.84014675440122,86.46132646990885,16.27805928006501,32.55654541929655,-16.27848613923154,37.636567045109935,42.90377695405221,0.0,0.6564612310113909,-95.46838246582223,34090208.0,35191209.65,1.0
2025-09-29,1353.987179494144,1368.1765166426026,1327.0073611573605,1347.292236328125,253906,1355.7467333984375,1183.6382635498042,1411.8876663443555,1418.0982144991622,1519.2148193786754,1363.2833251525747,1441.249072265625,37.143520966621146,56.88302815036948,86.46132646990885,8.318082258855611,27.70885278720836,-19.39077052835275,36.5077006954593,42.77987542056577,0.0,0.0,-88.7137199246939,33836302.0,35147503.8,-1.0
2025-09-30,1348.9909468998792,1353.8873088066634,1304.6241091393576,1316.8150634765625,224517,1358.0614819335938,1184.6888659667961,1392.873145770797,1408.8906553152895,1531.5713751992926,1342.2462883749258,1436.9088317871092,32.947694413090176,56.88302815036948,80.2532540731017,-0.4443873984430411,22.078204750078083,-22.522592148521124,35.94123517364282,43.24297000961864,0.0,0.0,-93.94537333953383,33611785.0,35100279.9,-1.0
2025-10-01,1301.0268289605388,1386.962548845797,1301.0268289605388,1380.4674072265625,197652,1361.8808666992186,1186.2612457275384,1390.3919980619503,1406.3067236708596,1532.7447609175474,1338.1487327347959,1435.4467468261716,46.5323830845727,56.88302815036948,80.2532540731017,-2.226826091216253,17.21719858181922,-19.44402467303547,34.30641328227516,46.292452143592904,14.448303307403801,4.816101102467933,-61.23841628534983,33809437.0,35053514.35,-1.0
2025-10-03,1381.9662665321343,1398.0542080735345,1372.0736419637474,1385.6634521484375,115498,1366.0836767578123,1187.8915496826164,1389.4462888792477,1404.4300626233667,1533.3107030512565,1333.940419995618,1433.6255615234372,47.46801063785051,56.88302815036948,80.2532540731017,-3.1834473970147883,13.137069386052419,-16.320516783067205,32.45098015535742,44.841603141178204,29.891714489520986,14.78000593230826,-58.70310077505876,33924935.0,35000971.25,-1.0
2025-10-06,1379.1683415216212,1412.6433024515543,1372.9730244098,1402.35107421875,120638,1370.4285791015623,1189.6359875488276,1392.0272459471482,1404.2410636774925,1529.0470349698064,1331.2392931551929,1430.1431640624996,50.4659461651811,58.617030150577634,80.2532540731017,-2.565452102250447,9.996565088391847,-12.562017190642294,30.295727204171115,44.472222776933634,48.52364790003804,30.95455523232094,-50.560679433275666,34045573.0,34922231.9,-1.0
2025-10-07,1399.453262051471,1405.9484039317529,1380.7672872798298,1400.4525146484375,67242,1374.9191870117186,1191.5189202880854,1393.7122996874061,1403.8966501293967,1524.9589505002114,1328.661862488069,1426.8104064941401,50.11552912472231,58.617030150577634,80.2532540731017,-2.203483878602583,7.556555294992962,-9.760039173595544,28.294420892355262,43.09428662514716,52.33458402340189,43.58331547098697,-51.48704700672765,33978331.0,34858403.05,-1.0
2025-10-08,1399.1534374807504,1426.9327084680476,1389.96036238029,1400.4525146484375,71938,1379.7991040039062,1193.3040264892572,1395.0603426796124,1403.5835469038548,1513.9983939723063,1329.5429268284745,1421.7706604003904,50.11552912472231,58.617030150577634,80.2532540731017,-1.8947796135951194,5.666288313275346,-7.561067926870465,26.73358895124822,42.65700515819077,55.48803589008459,52.11542260450817,-51.48704700672765,33978331.0,34765110.75,-1.0
2025-10-09,1403.2504517035231,1434.826808944122,1379.0684659970525,1420.337646484375,256994,1385.2843603515623,1195.17271118164,1400.1158034405648,1405.1066468657202,1510.8331161176611,1329.169178804214,1420.0011474609375,53.99576579824825,58.617030150577634,80.2532540731017,-0.04504604454177752,4.5240214417119216,-4.569067486253699,24.93837793467155,43.59281500025353,62.11084554613558,56.64448848654068,-41.78445899491299,34235325.0,34700585.35,-1.0
2025-10-10,1429.9303591154703,1485.6886986399022,1417.5396034457003,1466.403076171875,295463,1391.311594238281,1197.2130767822257,1413.373257986827,1410.679049529916,1510.2159914786575,1329.4063840096237,1419.8111877441406,61.4722558891627,58.617030150577634,80.2532540731017,5.079423889696955,4.635101931308928,0.44432195838802624,24.579942928613743,45.346835014106986,77.18493944870126,64.92794029497381,-10.443749162463089,34530788.0,34643431.35,1.0
2025-10-13,1466.4031014364034,1517.7647063527156,1466.4031014364034,1497.280029296875,585977,1396.894240722656,1199.3664001464836,1430.1546122488367,1418.551865872367,1519.2340630475624,1326.1606757219688,1422.6973693847656,65.51748301220586,63.1285401949445,80.2532540731017,11.499555581596951,6.007992661366533,5.491562920230418,24.88918045323834,45.77646324030225,91.9214097332347,77.07239824269051,-9.451360003297705,35116765.0,34625304.2,1.0
2025-10-14,1496.9801821671476,1499.8780388832554,1468.9012106318355,1495.7811279296875,285651,1400.3086889648434,1201.1070697021476,1443.279915385007,1425.5727078775778,1525.5423796616817,1323.7378937758183,1424.64013671875,65.15982124788417,63.1285401949445,80.2532540731017,16.278953743035117,8.06218487770025,8.216768865334867,25.176329583246893,44.71934645538208,99.63395344816432,89.58010087670009,-10.14293333843529,34831114.0,34586540.55,1.0
2025-10-15,1496.8803758264849,1563.930200040788,1474.996719768053,1547.6424560546875,582075,1405.3772729492184,1203.1991333007804,1464.1524235189431,1436.6699577118604,1543.4478259119935,1314.8941418614443,1429.170983886719,71.04876793294488,63.1285401949445,80.2532540731017,23.975067324013253,11.244761366962852,12.730305957050401,26.49067082801654,47.877498870907274,99.63395344816432,97.06310554318777,-6.195334779913752,35413189.0,34570235.4,1.0
2025-10-16,1548.8414086319756,1581.5169172998749,1526.8578531546186,1552.2388916015625,422962,1409.984765625,1205.3267822265618,1481.769717135467,1447.176224429106,1558.845020676482,1307.5109485617995,1433.1779846191407,71.50842707000481,63.1285401949445,80.2532540731017,30.098233024256615,15.015455698421604,15.08277732583501,27.942868610793315,48.36189639050363,99.63395344816432,99.63395344816432,-10.438167662770281,35836151.0,34567778.9,1.0
2025-10-17,1558.7340945612273,1664.9545686259048,1549.8407223710208,1645.6690673828125,2045230,1416.1034912109374,1208.282069702148,1514.5495871849362,1465.2210283339884,1599.0933511234507,1284.8394735835805,1441.9664123535156,78.85678808157091,63.1285401949445,80.2532540731017,42.00570469760396,20.413505498258075,21.592199199345885,30.153875309103704,53.12989280938795,99.99999999999999,99.75596896544288,-5.299266623870292,37881381.0,34673899.1,1.0
2025-10-20,1698.7293017413294,1866.8035285690496,1630.780129671676,1762.28173828125,1472659,1425.08353515625,1211.7308288574213,1564.096017404199,1492.226547420103,1669.975559792685,1244.4844255588773,1457.2299926757812,84.2996438170294,70.75255978223582,80.2532540731017,60.15865819200985,28.362536037008432,31.79612215500142,33.29822753505087,66.1937146728155,100.0,99.87798448272143,-18.4740358449055,39354040.0,34896714.9,1.0
2025-10-21,1763.68072606926,1836.6261611984703,1762.281748123023,1787.2630615234375,256418,1434.9784716796876,1215.4632147216792,1608.729426228047,1519.0480487022244,1732.588162440956,1214.6772672465438,1473.63271484375,85.17980872473788,70.75255978223582,80.2532540731017,75.68830100960167,37.82768903152708,37.860611978074594,36.21798317343038,66.77590811884441,99.99999999999999,99.99999999999999,-14.058632513613611,39610458.0,35120497.1,1.0
2025-10-23,1788.6621192983755,1789.3615473131752,1689.7361138176277,1738.8992919921875,649860,1444.1876367187501,1218.91809387207,1634.7633993808752,1539.0345253649482,1772.4853966470846,1203.7683509115095,1488.126873779297,76.2657870083267,70.75255978223582,80.2532540731017,83.13477686123815,46.88910659746929,36.24567026376886,37.26023601751621,69.12230278860892,92.12092575036823,97.3736419167894,-25.853347460875085,38960598.0,35320175.85,1.0
2025-10-24,1738.8992427611176,1744.5950554968024,1674.2476514174384,1682.0418701171875,237839,1452.2237158203127,1222.0362792968745,1644.2190935281378,1552.0351930696972,1796.2403587975691,1203.4059058508687,1499.823132324219,67.34335077954077,70.75255978223582,80.2532540731017,83.48587070526969,54.20845941902938,29.27741128624031,37.905731097726765,69.20981002366285,75.16496358729637,89.09529644588818,-37.41398250932683,38722759.0,35513178.65,1.0
2025-10-27,1683.7405397801988,1736.7009247109706,1672.9485634932437,1730.0059814453125,259050,1460.7898364257815,1225.50933227539,1661.376471111573,1568.2143556492986,1826.0521193866248,1205.5902145977498,1515.8211669921873,70.48077059338118,72.01686960190457,80.2532540731017,86.63573521089666,60.693914577402836,25.94182063349382,38.47695338373567,68.81999225181029,61.19154267858127,76.15914400541529,-28.04751136864262,38981809.0,35737463.95,1.0
2025-10-28,1728.8067735523284,1746.0938910709096,1694.932088471906,1713.318359375,229434,1468.7666552734374,1228.5568011474604,1671.7648487642587,1581.4056287152712,1846.3857171219956,1220.8799689131602,1533.632843017578,68.03184277226912,72.01686960190457,80.2532540731017,86.7850696275209,65.91214558742645,20.872924040094446,39.08680545788261,67.55869299089554,52.76915938787221,63.04188855124995,-31.46896357720701,38752375.0,35970572.3,1.0
2025-10-29,1726.0089497859808,1740.69791323578,1678.7442561630946,1688.037353515625,219315,1476.5732617187498,1231.1566821289057,1675.0193497145322,1591.0994218789397,1857.75513104201,1243.5850667118957,1550.6700988769528,64.38215726511953,72.01686960190457,80.2532540731017,83.89634746797401,69.50898596353596,14.387361504438047,39.2671843237986,67.15833328245196,47.494038484256414,53.81824685023663,-36.652311628105686,38533060.0,36205410.2,1.0
2025-10-30,1685.73901782807,1736.2012705846305,1680.7427551789056,1702.2266845703125,171118,1484.054729003906,1234.216572875976,1680.4608166856883,1601.2019003054281,1863.3004898490944,1276.5808700141865,1569.9406799316405,65.50083263748299,72.01686960190457,80.2532540731017,81.80893232775747,71.96897523638026,9.839957091377215,39.43467898500631,66.32263200554289,33.79839231866636,44.687196730264986,-36.6325526701373,38704178.0,36460029.85,1.0
2025-10-31,1702.226706592758,1769.6762532291016,1699.8284760943184,1726.4085693359375,421188,1490.7061572265623,1237.6529211425775,1689.6503672157382,1612.584324762747,1874.2855832396688,1300.1898928345493,1587.237738037109,67.38109622594384,72.01686960190457,85.53651136071072,81.17023683079697,73.8092275552636,7.3610092755333625,39.92801605071824,66.57442808620291,21.573051158758375,34.28849398722705,-35.06363872748855,39125366.0,36725826.3,1.0
2025-11-03,1731.3049763536392,1826.1340695311249,1723.5108795042336,1809.046875,684024,1498.9584423828123,1241.7694891357417,1713.5296687725906,1630.4445566024972,1895.3096563880952,1321.5041619712795,1608.4069091796873,72.8306956623248,73.52049792899368,85.53651136071072,86.33704694363587,76.31479143293805,10.022255510697818,40.87766191983352,69.14933965339495,24.011654152410436,26.461032543278385,-14.515284522208582,39809390.0,37020049.05,1.0
2025-11-04,1816.6410901318504,1866.104090110688,1814.942409631275,1832.928955078125,598906,1507.654431152344,1245.876195983886,1737.4095260336976,1648.8522291911906,1916.354308795194,1343.517297650118,1629.935803222656,74.17356897766126,73.52049792899368,85.53651136071072,91.30634277111085,79.31310170057262,11.993241070538232,42.05707903088462,68.28561647177303,34.040524738750236,26.541743349973014,-8.64573374683999,40408296.0,37338185.2,1.0
2025-11-06,1816.2414472456155,1817.740326100953,1753.688260745329,1768.5771484375,323866,1514.5982055664065,1249.6126046752925,1743.6430505144583,1659.736312759037,1919.5777906502358,1377.1062791739823,1648.342034912109,64.86954812375224,73.52049792899368,85.53651136071072,89.02566013730348,81.2556133879188,7.770046749384676,41.71145272289145,69.06812203327466,30.015153401241076,29.35577743080058,-28.8947285509077,40084430.0,37643490.15,1.0
2025-11-07,1768.4772472606671,1795.656868374314,1740.697977021733,1763.6807861328125,183230,1521.3302539062502,1253.3096829223628,1747.6505976381293,1669.1858103384711,1915.5897964706437,1417.4171005020125,1666.5034484863281,64.20958623707722,73.52049792899368,85.53651136071072,85.83367008209689,82.17122472675443,3.662445355342456,41.11178749602282,68.06031984179654,16.47430014094335,26.843326093644883,-32.534650886391105,39901200.0,37939633.6,1.0
2025-11-10,1768.5770656367465,1788.362192413468,1735.401808671014,1763.0811767578125,269828,1528.3697460937503,1257.1230520629877,1750.7367134620658,1677.7217527402295,1907.278038647217,1460.003211352783,1683.640625,64.12355124937324,74.7480823129412,85.53651136071072,82.30682960343552,82.19834570209065,0.10848390134486863,40.43752314789248,66.98175297755779,0.7811632955753801,15.756872279253267,-43.9457919408817,39631372.0,38209435.95,1.0
2025-11-11,1762.5816672012202,1819.638965671888,1728.9067817440643,1754.587646484375,421219,1535.4709570312505,1260.8160910034176,1751.5069000665278,1684.7095612624246,1898.708689735199,1497.3910172960507,1698.0498535156248,62.83912298816038,74.7480823129412,85.53651136071072,77.92811935357258,81.34430043238703,-3.4161810788144464,40.166361714452194,68.6782123311482,0.0,5.751821145506242,-57.73401650949278,39210153.0,38443404.2,1.0
2025-11-12,1751.7895833976884,1751.7895833976884,1663.855360885665,1705.3243408203125,601582,1541.5070434570316,1264.381604003906,1742.2703882172848,1686.5836321313234,1885.4647803199225,1531.4393578636711,1708.4520690917968,55.85124748020719,74.7480823129412,85.53651136071072,69.67959982445473,79.01136031080057,-9.331760486345843,38.54740879726991,70.25350327883119,0.0,0.26038776519179335,-79.49604919964226,38608571.0,38617994.5,1.0
2025-11-13,1701.7270535784976,1720.6129507356934,1676.34601499543,1680.8426513671875,149265,1546.9017651367192,1267.8646377563473,1729.9848408472653,1686.0617247891291,1864.713979267504,1570.6963112598394,1717.7051452636717,52.714035762481465,74.7480823129412,85.53651136071072,60.47005972618467,75.30310019387738,-14.833040467692712,37.04409537417208,68.3973198832192,0.0,0.0,-91.60079247636592,38459306.0,38799404.1,1.0
2025-11-14,1660.3580427997165,1714.717406901499,1659.7585156546563,1709.821044921875,141749,1553.0257885742192,1271.3665362548825,1725.9520816621875,1688.221662983015,1849.3418965038788,1602.2862529101833,1725.814074707031,55.873599073836864,74.7480823129412,85.53651136071072,54.87715731479534,71.21791161806098,-16.34075430326564,35.31431653794041,67.43743212347802,4.9077850850306834,1.6359283616768945,-75.738501104667,38601055.0,38958797.4,1.0
2025-11-17,1715.017181367598,1742.5965270464194,1697.6301627942962,1708.122314453125,145316,1558.9940527343751,1274.9543991088863,1722.386128220375,1690.0308131166614,1827.0235665976584,1640.19292510156,1733.6082458496091,55.63890170819692,69.71826907842072,85.53651136071072,49.734361743524005,66.92120164315358,-17.186839899629575,34.12628317860094,65.83235584695268,9.451012122927443,4.786265735986042,-76.56174651384438,38455739.0,39089776.8,1.0
2025-11-18,1720.9126941952395,1720.9126941952395,1659.75848687794,1712.7188720703125,212078,1564.8066870117189,1278.7516653442378,1720.4526769903625,1692.0933639306297,1821.4764315764523,1652.4450405915168,1736.9607360839846,56.175331784678995,69.71826907842072,85.53651136071072,45.50500956177916,62.6379632268787,-17.132953665099542,32.26471521631352,65.49820238054889,14.827482007726115,9.728759738561413,-74.33413440235228,38667817.0,39129098.6,1.0
2025-11-19,1703.825468342422,1725.2094969283703,1694.1327675712316,1718.71435546875,167669,1569.7409936523436,1282.6489105224603,1720.10501268604,1694.513454070459,1818.7944708805264,1650.7702630061929,1734.7823669433596,56.90729750225538,69.71826907842072,85.53651136071072,42.151111119981806,58.54059280549932,-16.389481685517516,30.607121375132216,63.03952573601959,16.433137356102648,13.570543828918733,-71.42858017463517,38835486.0,39103170.9,1.0
2025-11-20,1735.7016397684272,1738.6993973500653,1707.2229427428658,1731.1051025390625,141145,1575.0209423828126,1285.668894042968,1722.3050306566445,1697.8399675676046,1812.272955300627,1651.675982687655,1731.974468994141,58.45177830589586,69.71826907842072,85.53651136071072,40.031494031647526,54.83877305072897,-14.807279019081442,29.29702537057826,60.78502065538958,20.80241008521805,17.354343149682272,-65.42372866523019,38976631.0,39071479.55,1.0
2025-11-21,1724.2103133415287,1726.0090167631292,1690.6354513112203,1700.528076171875,176324,1579.0065551757812,1288.2853106689447,1717.9496397596909,1698.0843410770838,1811.4834061158963,1648.6284102903546,1730.0559082031255,53.36847508100989,69.71826907842072,85.53651136071072,35.47543302395593,50.96610504537436,-15.490672021418433,27.72270805585877,59.33392283913619,16.44248812493418,17.892678522084957,-80.2420848056797,38800307.0,39063465.0,1.0
2025-11-24,1698.7293003053649,1900.5783112828256,1689.9358292533332,1870.800537109375,2048838,1587.3080078125001,1291.686581420898,1748.5198192296277,1713.7858134436556,1839.1952787191644,1639.792404386305,1739.4938415527347,69.3522833279764,68.85732126903532,85.53651136071072,45.084579454266304,49.78979992715276,-4.705220472886452,28.4857350388589,70.14167706701878,35.77342401704983,24.339440742400683,-12.365167297599955,40849145.0,39169784.3,1.0
2025-11-25,1878.5948250151023,1878.5948250151023,1776.770964093203,1782.7664794921875,520543,1593.5592919921878,1294.5617089843745,1755.3691512821397,1720.0567830844311,1843.5534534016433,1640.7102795085138,1742.1318664550786,58.23764279481321,68.85732126903532,85.53651136071072,45.07666873414382,48.847173688550974,-3.7705049544071514,29.194260094501875,72.40469019951024,37.92700760324454,30.047639915076182,-48.92115177053006,40328602.0,39237123.95,1.0
2025-11-26,1792.1594190084447,1798.5546596192871,1757.6852065993055,1793.45849609375,224591,1600.6373339843753,1297.36164855957,1762.987020244462,1726.7296660852783,1849.088211432857,1643.1895351491748,1746.138873291016,59.095082840631584,68.85732126903532,85.53651136071072,45.40970104717394,48.15967916027557,-2.7499781131016334,29.44836610046968,70.15217325811534,49.69435223919264,41.131594619829,-44.48131106057828,40553193.0,39327164.85,1.0
2025-11-27,1794.6576297189044,1796.756035736458,1761.6822946516863,1787.363037109375,122256,1607.246079101563,1299.8201605224608,1767.8622236174447,1732.2417907238325,1851.8116670334705,1650.3986479079365,1751.1051574707035,58.3594494769544,68.85732126903532,85.53651136071072,44.666886888575846,47.46112070593563,-2.794233817359782,29.684321677439787,67.64657096001936,35.16008873705113,40.9271495264961,-47.012439467235865,40430937.0,39422058.7,1.0
2025-11-28,1788.562189248865,1847.617991403593,1773.6733016448766,1836.1265869140625,343557,1614.828100585938,1302.4456268310546,1781.5150962767684,1741.6858631047623,1862.5471000210002,1653.0532051547814,1757.8001525878908,62.39270512489383,68.85732126903532,85.53651136071072,47.465855416674,47.462067648083305,0.0037877685906977376,30.44185075693742,68.09643658849772,43.484407576769875,42.77961618433788,-26.76346290345335,40774494.0,39525574.5,1.0
2025-12-01,1845.819283627336,1846.7186353288976,1764.6800243892872,1772.4742431640625,201812,1620.8356079101568,1305.0070062255857,1779.7069256542275,1744.4848067465168,1863.9661283841756,1656.2407441744185,1760.103436279297,54.915519624482116,73.91846336362558,86.57284544836685,44.04017820459512,46.777689759385666,-2.7375115547905438,30.935854807824676,69.09230618500577,35.1110032670171,37.91849986027937,-53.194984439231305,40572682.0,39597940.3,1.0
2025-12-02,1765.7792085127662,1765.7792085127662,1734.4026531264417,1741.9970703125,197223,1626.2775390625006,1307.4951104736326,1772.164954585882,1744.2586488888787,1858.2637410205002,1655.238151069344,1756.750946044922,51.719540323249866,73.91846336362558,86.57284544836685,38.42313323028202,45.10677845356494,-6.683645223282923,30.703533553418442,66.87654074590685,23.800890443635733,34.132100429140905,-65.85057578304104,40375459.0,39626243.75,1.0
2025-12-03,1752.5890775082169,1777.6702921985086,1726.4085874261136,1734.1029052734375,156007,1631.8193945312505,1309.9579687499997,1764.552544723393,1743.335399469293,1847.142347522208,1656.4769395871679,1751.809643554688,50.89333876372342,73.91846336362558,86.57284544836685,32.95471009082053,42.67636478101606,-9.721654690195535,30.63723288303803,65.76119531922743,4.410488250710121,21.10746065378765,-69.12861365163039,40219452.0,39616801.55,1.0
2025-12-04,1736.7008847312543,1748.6919150055785,1698.729288862562,1707.92236328125,158067,1636.793669433594,1312.7187908935543,1753.2265084349647,1740.1160325431072,1845.7093659922452,1651.8444426015049,1748.776904296875,48.14638019072769,73.91846336362558,86.57284544836685,26.20630445122947,39.38235271505875,-13.17604826382928,29.948916850962746,64.63272609235521,0.0,9.403792898115285,-80.0000367401925,40061385.0,39615649.3,1.0
2025-12-05,1714.1178269814654,1728.7068896310932,1686.7382830620147,1706.3236083984375,112949,1641.9398193359377,1315.330369262695,1743.8459284276594,1737.0439939845007,1844.3668370250823,1647.4512537952303,1745.9090454101563,47.97608440488983,73.91846336362558,86.57284544836685,20.49290870931759,35.60446391391052,-15.111555204592932,29.045471372424576,63.01386041212116,0.0,1.470162750236707,-80.66391683675987,39948436.0,39618011.1,1.0
2025-12-08,1708.721892774502,1708.8217936355747,1633.7779501089535,1649.7659912109375,175338,1645.9728051757816,1317.8424609374995,1725.029940984315,1729.1096300959948,1847.2138061031844,1633.272766162441,1740.2432861328127,42.27892813579417,63.31153093944482,86.57284544836685,11.271345332927012,30.73784019771382,-19.466494864786807,27.142646625777793,63.87314492029974,0.0,0.0,-94.00748895854579,39773098.0,39625097.4,1.0
2025-12-09,1648.7667469381684,1691.1350804674246,1611.9942034269482,1664.95458984375,436217,1651.0709912109378,1320.7662774658197,1713.014870756202,1723.2773537094272,1847.6014723101994,1623.9217942913633,1735.7616333007813,44.1954519176445,63.31153093944482,86.57284544836685,5.129651463638311,25.61620245089872,-20.486550987260408,25.421555441834837,64.96369721459807,2.359667858238901,0.7865559527463002,-81.64819718927457,40209315.0,39675055.5,1.0
2025-12-10,1668.751814198231,1715.716685615786,1658.7592883647087,1680.6429443359375,392876,1657.5421533203128,1323.6678381347651,1706.5404854721494,1719.4014983118373,1848.3093426893126,1620.7457842638125,1734.5275634765626,46.18311492143857,63.31153093944482,86.57284544836685,1.5108181470350246,20.79512559012598,-19.284307443090956,23.835436351519338,64.39181864577516,7.166591809765221,3.175419889334707,-76.21187756351662,40602191.0,39774736.5,1.0
2025-12-11,1685.6391884285972,1688.6369461451768,1653.763006979818,1658.2596435546875,129060,1663.761501464844,1326.4853082275383,1696.884317088657,1713.843147879369,1849.8405100972086,1616.956316074667,1733.3984130859378,43.78677962702994,63.31153093944482,86.57284544836685,-3.1272298772644262,16.010654496647902,-19.13788437391233,22.265814131883605,62.283398682888276,9.023093008738865,6.183117558914328,-83.96812614821988,40473131.0,39875427.75,1.0
2025-12-12,1666.1537086157612,1672.7487509800835,1641.272295988523,1662.7562255859375,145992,1670.6803247070316,1329.2890759277336,1690.0586987881134,1709.1988822163298,1851.3323642422563,1610.7579799960256,1731.045172119141,44.41079870901778,63.31153093944482,86.57284544836685,-6.366688539082588,11.535185889501804,-17.901874428584392,20.790895904964103,60.0829027049363,10.19644396040813,8.795376259637404,-80.95952595436677,40619123.0,39976331.15,1.0
2025-12-15,1654.4623927689015,1658.1597003791103,1620.7876307369568,1629.4810791015625,198745,1675.6605981445316,1331.7401715087883,1677.9431748508034,1701.9518092058963,1855.4288198456616,1598.7974008574638,1727.1131103515627,40.80123392991626,60.189623684541964,86.57284544836685,-11.486598736821179,6.930828964237207,-18.417427701058386,19.820973305582246,58.78902357236805,5.389520008881812,8.203018992676268,-92.57847612722885,40420378.0,40074563.1,1.0
2025-12-16,1633.6780182036853,1708.8217611634495,1623.5855918456557,1693.133544921875,670542,1681.8100000000004,1334.6150927734368,1680.9812488650177,1701.1501488164397,1855.2087824138484,1597.058905574433,1726.1338439941408,49.29159477531092,60.189623684541964,86.57284544836685,-10.289333399106454,3.4867964915684753,-13.776129890674929,18.897405586639305,60.67810541132704,16.640603078906658,10.742189016065533,-65.56402806707723,41090920.0,40195718.25,1.0
2025-12-17,1692.733819366937,1692.733819366937,1644.8695978355406,1660.6578369140625,128142,1686.9761352539067,1337.2606286621087,1676.9165664748268,1697.4690295525872,1855.5783636418244,1590.8836724909877,1723.231018066406,45.69101545335771,60.189623684541964,86.57284544836685,-11.82470240979228,0.4244967112963245,-12.249199121088605,18.039806990478002,59.79137981668471,20.656524124748678,14.22888240417905,-79.34689281375192,40962778.0,40302082.85,1.0
2025-12-18,1654.1627256979054,1658.859163976543,1623.7854232305772,1630.1806640625,124156,1691.570698242188,1339.696755371093,1667.5693859923615,1691.3519054171247,1856.8151068663158,1579.55448541884,1718.1847961425779,42.54979969802866,60.189623684541964,86.57284544836685,-15.324099868889562,-2.725222604740853,-12.598877264148708,16.787648049882687,58.15431080717047,24.786065418233136,20.694397540629488,-92.25199503597104,40838622.0,40395182.4,1.0
2025-12-19,1631.779407800889,1653.1634366835,1614.592312799391,1647.267822265625,151819,1696.5070043945316,1342.3928839111322,1663.5090732470142,1687.3442614942612,1857.583926399154,1573.459640495377,1715.5217834472655,44.839481550544946,60.189623684541964,86.57284544836685,-16.528081270851544,-5.485794337962991,-11.042286932888553,15.747899154319374,56.75551174123751,24.00715641915966,23.149915320713824,-78.70928804499167,40990441.0,40504689.1,1.0
2025-12-22,1653.163466491403,1689.7360859427222,1644.4698959960338,1681.7420654296875,195775,1701.7350927734374,1345.3895324707023,1667.155671683549,1686.8349709429363,1828.4188943073343,1583.7188254192286,1706.0688598632814,49.235442104055835,59.074388966856795,86.57284544836685,-14.53293526476159,-7.295222523322711,-7.237712741438879,15.227532992806918,55.93484589876972,44.31566326070675,31.036295032699847,-57.90106917666922,41186216.0,40521542.65,1.0
2025-12-23,1681.7420489187282,1698.7293423421495,1642.7711993002906,1693.6331787109375,222995,1706.2796948242187,1348.5006634521476,1672.4511730890267,1687.4529898309363,1818.5738673172682,1584.6505223311697,1701.612194824219,50.695024621251264,59.074388966856795,86.57284544836685,-11.855590351346564,-8.207296088927482,-3.648294262419082,14.92057498035194,55.936509980418954,73.51945530055562,47.280758326807344,-40.27773081114857,41409211.0,40575573.1,1.0
2025-12-24,1692.6339612042548,1692.6339612042548,1648.766748765527,1652.0643310546875,177396,1709.375380859375,1351.0356018066398,1668.373804682159,1684.2358390330953,1805.043535108029,1584.041438036503,1694.542486572266,45.74361681670757,59.074388966856795,86.57284544836685,-12.938882436191307,-9.153613358380248,-3.7852690778110585,14.635542540215177,55.14578997791836,77.84224369770232,65.22578741965489,-65.66771879652251,41231815.0,40609504.2,1.0
2025-12-26,1661.6570761995176,1666.6533389086514,1623.7853804684698,1651.66455078125,248543,1712.4930493164063,1353.2921545410147,1665.0319539019774,1681.2748128283822,1790.6647222765498,1584.8504022351701,1687.75756225586,45.69739012489875,59.074388966856795,86.57284544836685,-13.672055203267291,-10.057301727357657,-3.614753475909634,13.737789587369926,54.268802010937165,66.48051755798181,72.61407218541325,-61.75337639714624,40983272.0,40637120.95,1.0
2025-12-29,1662.9560161681927,1701.227436963162,1638.7741536678918,1650.665283203125,371172,1714.5535058593748,1355.4010876464836,1662.158619762207,1678.4921283169951,1755.1857246050308,1601.783269535595,1678.484497070313,45.57341942611378,59.304901445981805,86.57284544836685,-14.170385067427787,-10.879918395371684,-3.2904666720561035,13.648541430129724,54.85340781696095,49.225233057091124,64.51599810425841,-62.716781395790335,40612100.0,40629001.25,1.0
2025-12-30,1666.7532375169835,1698.7293188122735,1641.7719240050385,1654.76220703125,296564,1716.6039721679685,1357.5417352294915,1660.6793372160157,1676.3348627455637,1735.811969280687,1609.3858212466578,1672.5988952636724,46.217630755227496,59.304901445981805,86.57284544836685,-14.072508444028927,-11.518436405103133,-2.554072038925794,13.565668141263822,55.003692601980525,50.82224123224576,55.509330615772896,-60.2767432686155,40908664.0,40645800.35,1.0
2025-12-31,1650.9650487511335,1713.71815899155,1641.9717756135688,1703.625732421875,375160,1717.76310546875,1360.2908074951165,1669.2686162571877,1678.8158508979554,1726.9754724003342,1614.3851843379475,1670.6803283691409,53.315125714639336,59.304901445981805,79.1931295824921,-9.937508967822623,-11.202250917647032,1.2647419498244084,13.806169328584371,56.199599085980566,67.65985400800231,55.90244276577973,-10.181427909437845,41283824.0,40691218.6,1.0
2026-01-01,1708.7219012736505,1768.6770557043048,1694.4325406760483,1749.491455078125,324292,1717.5072998046874,1363.3897454833977,1685.3131840213753,1685.2409058234255,1731.678024193132,1611.2214875256182,1671.449755859375,58.80985845976216,59.304901445981805,79.1931295824921,-2.9257849615464693,-9.54695772642692,6.62117276488045,15.020608213052757,57.48852165328599,84.915138508893,67.79907791638036,-12.451330524021675,41608116.0,40760651.8,1.0
2026-01-02,1736.001522979198,1763.6807701266675,1731.205061894873,1747.9925537109375,155206,1716.7218896484371,1366.6923156738274,1697.8490579592878,1690.9456010859265,1741.010069173217,1605.8964615885018,1673.4532653808594,58.56725624715065,59.304901445981805,79.1931295824921,2.481502797117173,-7.141265621718102,9.622768418835275,16.14830146291626,55.701892123179455,99.55095180051194,84.04198143913575,-13.424107801595786,41452910.0,40830228.05,1.0
2026-01-05,1748.2922921208656,1792.6591311333589,1731.2050973737705,1768.27734375,229463,1717.3094506835935,1370.0869512939446,1711.9347151174304,1697.9757595099331,1755.2212988401186,1597.880605456757,1676.5509521484378,60.91697017839427,64.07864970168008,79.1931295824921,8.307862465315793,-4.051440004311323,12.359302469627117,17.653496207954127,56.112759382922945,99.55095180051194,94.67234736997229,-13.69249341987475,41682373.0,40916924.9,1.0
2026-01-06,1769.4764692798058,1806.4488137331955,1738.6994418621125,1756.785888671875,400308,1718.8043310546873,1373.3855725097649,1720.9049498283193,1703.3221348882914,1767.182177796165,1596.6217162468038,1681.9019470214844,58.8798022484345,64.07864970168008,79.1931295824921,11.861300404649,-0.8688919225192588,12.73019232716826,19.254500306926758,56.94394598922009,95.8538337420763,98.31857911436671,-25.885453356858367,41282065.0,40992373.25,1.0
2026-01-07,1748.6919949648764,1800.2534031063117,1740.098447271149,1761.882080078125,462931,1719.4418530273435,1376.7096746826164,1729.1003758782806,1708.6457662691853,1778.7268902211658,1594.7697528452404,1686.7483215332031,59.52622647434938,64.07864970168008,79.1931295824921,14.916695251010879,2.2882255121867687,12.62846973882411,20.741146970258484,57.17330383535884,93.77891541565228,96.39456698608016,-23.229201740965344,41744996.0,41069157.3,1.0
2026-01-08,1748.6919908621212,1767.577888759247,1719.313941019823,1735.601806640625,244066,1719.8875219726558,1379.499337768554,1730.4006620307496,1711.0963153938615,1783.9572114817734,1595.0353178151017,1689.4962646484375,54.746656114479464,64.07864970168008,79.1931295824921,15.044100223932674,4.83940045453595,10.204699769396724,21.386855554242977,56.536921257077765,80.9860507945227,90.20626665075042,-36.9270818282121,41500930.0,41114094.25,1.0
2026-01-09,1749.0916454841054,1766.5785646848851,1673.54817893255,1683.9403076171875,418733,1719.8055810546873,1381.9848992919915,1721.1085911480372,1708.6275874141638,1784.1452322134894,1597.4153634896354,1690.7802978515624,46.79274337520636,64.07864970168008,79.1931295824921,10.851330976073541,6.041786558843468,4.809544417230073,20.611526185735922,59.14359729245329,53.99877462717666,76.2545802791172,-67.06788760422677,41082197.0,41144547.55,1.0
2026-01-12,1679.743584846476,1712.3191945172853,1640.6728334139166,1675.2469482421875,309476,1719.2659863281247,1384.3128204345696,1711.9362625668673,1705.592983853075,1784.1454882345301,1598.66417973422,1691.404833984375,45.59235828064068,59.11309683169293,79.1931295824921,6.749248555659051,6.183278958206585,0.5659695974524661,19.199605733504573,60.036651850375826,23.230551826190997,52.738459082630115,-71.82711019170608,40772721.0,41152227.45,1.0
2026-01-13,1696.431009287384,1696.431009287384,1657.7599843041064,1682.0418701171875,135721,1718.3786523437498,1386.4994012451166,1705.9573840769315,1703.451973513449,1782.2537916322888,1605.811955438024,1694.0328735351563,46.742378227308635,59.11309683169293,79.1931295824921,4.000496853845107,5.746722537334289,-1.7462256834891825,17.88853674214689,58.5105356455831,5.229605679673062,27.486310711013566,-68.10719660333481,40908442.0,41176630.65,1.0
2026-01-14,1682.0419285459477,1747.8925764482271,1678.7443462171052,1708.721923828125,263257,1716.3721533203125,1388.9773535156244,1706.5102920271702,1703.9310599056923,1783.2748672383116,1606.3497177226257,1694.8122924804686,51.11191512457239,59.11309683169293,79.1931295824921,3.9296501259020715,5.383308055047846,-1.4536579291457743,17.684527449525184,59.27037097312159,14.612856921184797,14.35767147568295,-53.50106923887685,41171699.0,41180669.6,1.0
2026-01-15,1708.721923828125,1708.721923828125,1708.721923828125,1708.721923828125,0,1713.8880126953122,1391.577839355468,1706.9526183873613,1704.3665929895499,1784.3731544205796,1610.057839231764,1697.2154968261718,51.1119151245724,59.11309683169293,79.1931295824921,3.8293610926032216,5.072518662558921,-1.2431575699556996,17.495090249233602,55.036773046470046,26.60390326381261,15.482121954890156,-58.28363681608726,41171699.0,41191115.65,1.0
2026-01-16,1719.513816844959,1727.4078143149466,1688.7367898710654,1698.32958984375,206418,1712.4830615234373,1394.08431274414,1705.228012678639,1703.8177745217497,1781.8743795886585,1619.3715066418104,1700.6229431152344,49.28521986034489,59.11309683169293,79.1931295824921,2.8781295253947974,4.633640835126097,-1.7555113097312995,16.775121106164438,53.86779100342798,32.0969094702378,24.4378898850784,-65.22007813267732,40965281.0,41197448.6,1.0
2026-01-19,1698.3296460927031,1701.2275029458117,1672.049376650206,1680.942626953125,211739,1710.8282983398437,1396.3977886962887,1700.3709355335363,1701.7382156518747,1780.2302315268928,1624.3831351723259,1702.3066833496093,46.30358871745273,59.86551862275182,79.1931295824921,0.7130692404336969,3.849526516187617,-3.13645727575392,15.675412229027813,52.104243524297814,21.61175218049408,26.77085497151483,-75.70830619631977,40753542.0,41185603.65,1.0
2026-01-20,1681.1425447015902,1681.2424455625696,1618.789160066189,1625.2843017578125,317536,1708.0723608398437,1398.2162316894526,1685.3536087783918,1694.7878598433235,1784.3273623811417,1614.6402279508895,1699.4837951660156,38.31306562020986,59.86551862275182,79.1931295824921,-5.431309565249649,1.9933592999001641,-7.424668865149813,15.629497949487297,52.843460808018015,9.57956183143067,21.096074494054182,-96.53887153434223,40436006.0,41148093.15,-1.0
2026-01-21,1620.288044955392,1634.9770089672434,1568.8265375146257,1601.30224609375,369594,1705.0066528320315,1400.0520214843746,1668.5433362414635,1686.2891676842714,1790.4228907150082,1599.3116063553043,1694.8672485351562,35.47256972241672,59.86551862275182,79.1931295824921,-12.09648475583549,-0.8246095112469667,-11.271875244588523,16.439916263764026,53.79396156834657,1.5470330593196728,10.912782357081472,-86.33305382983012,40066412.0,41080953.2,-1.0
2026-01-22,1605.798829107875,1663.155949204244,1605.798829107875,1643.1708984375,235509,1703.7635839843751,1401.9836053466793,1663.4688486806708,1682.369325025474,1790.895263832897,1597.9498899756973,1694.422576904297,43.36673351832996,59.86551862275182,79.1931295824921,-13.84068695743872,-3.427825000485318,-10.412861956953403,16.47905487753245,54.369657392785676,10.34171717476211,7.156104021837484,-68.71321910303945,40301921.0,41034458.5,-1.0
2026-01-23,1663.5556879947885,1672.748762629799,1635.3766929996038,1652.1641845703125,206857,1703.1900146484375,1404.5162976074212,1661.2079158585993,1679.6234031659137,1790.8738732248332,1598.0212439626673,1694.4475585937503,44.92530936571357,59.86551862275182,79.1931295824921,-14.33208537878454,-5.608677076145163,-8.723408302639378,16.28118560746884,53.15554398117207,23.441235667637883,11.776661967239889,-64.9285208517104,40508778.0,41010733.8,-1.0
2026-01-27,1658.7592018975151,1737.200525601705,1638.973952986869,1726.7083740234375,424478,1703.5277612304687,1407.8193835449213,1674.308007491567,1683.9038550620521,1793.395481875558,1603.1039443939737,1698.249713134766,55.78677823790894,56.286657766457864,79.1931295824921,-8.607210506042293,-6.208383762124589,-2.398826743917704,15.508477403767953,56.374903169290924,51.592476488654995,28.458476443684994,-31.778950509847924,40933256.0,41026791.6,-1.0
2026-01-28,1746.6934208467696,1892.4843892366016,1727.7076227940877,1861.0079345703125,1239184,1706.5854736328124,1411.5656201171867,1711.6479929073162,1700.0042259264394,1825.9660411084435,1591.157957914994,1708.5619995117188,68.02243660013379,56.286657766457864,79.1931295824921,6.6895334464954885,-3.6288003204005737,10.318333766896062,16.84602565415513,64.18926831528186,74.58409264722621,49.87260160117303,-9.725225110042313,42172440.0,41089980.4,1.0
2026-01-29,1908.5723352604596,1966.528982090358,1883.690922829051,1932.654296875,1236952,1710.9841821289062,1415.9065460205068,1755.849253700853,1721.1542323763085,1874.281072470067,1565.745782998683,1720.013427734375,72.40919562680124,56.286657766457864,79.1931295824921,24.313307229097063,1.9596211894989537,22.35368603959811,18.72294677435245,67.14153825847927,94.81790748768377,73.66482554118832,-8.517595422752688,43409392.0,41196258.8,1.0
2026-01-30,1928.5574767667483,1956.036922679228,1877.495694394283,1911.070556640625,506964,1714.8313061523438,1419.8302252197257,1786.8935142888076,1738.4193527639736,1904.233108020707,1551.9516576042927,1728.0923828124999,69.32388736775798,56.286657766457864,79.1931295824921,36.12225262720699,8.792147477040562,27.33010515016643,20.342799603110723,67.95580183179825,97.21567397896601,88.87255803795865,-13.944703183531082,42902428.0,41260974.4,1.0
2026-02-02,1816.6411002913635,1953.538696957984,1815.64184776095,1935.751953125,668971,1718.9242431640623,1423.638857421874,1816.6652020560462,1756.3586800695216,1936.6022077534785,1538.3584978129275,1737.480352783203,70.85329084234748,67.88285840469044,81.80777276153981,46.93151210166275,16.420020401964997,30.51149169969775,20.68999633063756,72.9515909293151,95.8115529596455,95.94837814209842,-7.738707514908771,43571399.0,41366898.85,1.0
2026-02-03,2059.059862557769,2059.059862557769,1925.5596268591132,1968.2276611328125,670963,1724.278234863281,1427.6822399902333,1846.9776938713994,1775.6194965298207,1971.6169450919615,1523.3387922127258,1747.4778686523437,72.77655283154456,67.88285840469044,81.80777276153981,57.4561278603162,24.62724189363524,32.82888596668096,21.941263413705798,77.27649412712516,95.8115529596455,96.27959329941899,-18.528361248587654,44242362.0,41494898.3,1.0
2026-02-04,1958.53500153148,1998.904829020086,1934.552940288237,1987.2135009765625,494668,1726.606494140625,1431.8230474853506,1875.024855292432,1794.8553151158883,2007.5164249878087,1510.4820735473475,1758.999249267578,73.86240430588103,67.88285840469044,81.80777276153981,66.56167868029729,33.014129250967656,33.547549429329635,23.10315427655488,76.35330802746257,98.59587898067946,96.73966163332348,-14.655544189062153,44737030.0,41667646.55,1.0
2026-02-05,1987.213475347784,1988.512552440001,1946.543945805589,1979.0196533203125,226426,1730.5315576171874,1436.0628881835926,1895.8238148980083,1811.5975276799268,2037.1651222782073,1502.5471335811674,1769.8561279296873,72.51804258799774,67.88285840469044,81.80777276153981,72.28347932530778,40.867999265835685,31.415480059472095,24.18205293491474,73.89725792795896,98.83271033207112,97.74671409079868,-16.326962111442043,44510604.0,41805926.95,1.0
2026-02-06,1983.516312750416,2008.4976265130156,1948.6423743420123,1985.4149169921875,304904,1734.3706860351565,1440.5208764648428,1913.7420353168443,1827.3991085264959,2065.776481847758,1498.917085046773,1782.3467834472656,72.93213939428912,67.88285840469044,81.80777276153981,76.45279169821129,47.98495775231081,28.467833945900473,25.35823856732653,72.89425751674784,98.02497488015142,98.48452139763398,-15.022427444951925,44815508.0,41971655.85,1.0
2026-02-09,1985.6146877804608,2006.8988155662785,1975.0226353059268,2001.2030029296875,275789,1738.6474853515626,1445.030353393554,1931.234228839413,1843.1994625631496,2093.7060400583537,1502.7137963674272,1798.2099182128904,73.97471006996484,70.31779595666919,81.80777276153981,80.10753854153222,54.40947391015509,25.69806463137713,26.450410940280335,69.9643948555767,98.02497488015142,98.29422003079131,-11.801902619123217,45091297.0,42172110.85,1.0
2026-02-10,2008.4976705411584,2118.415453506097,2008.4976705411584,2048.4677734375,998376,1742.8943090820312,1449.7761541748039,1954.6809377590305,1861.8602180971814,2126.473323642111,1507.2685953032014,1816.8709594726563,76.84949169568442,70.31779595666919,81.80777276153981,85.82844680924109,60.6932684899723,25.13517831926879,28.327670441154815,73.33925597849333,99.19226454808029,98.4140714361277,-12.727272700252657,46089673.0,42437958.45,1.0
2026-02-11,2053.364009969001,2094.033784763421,2026.484213400157,2031.9801025390625,328566,1748.0844262695314,1454.5964892578115,1970.140770715037,1877.3256621373523,2151.351993322895,1517.3837488646054,1834.3678710937502,73.7875371534642,70.31779595666919,81.80777276153981,88.01728214037166,66.15807122005218,21.859210920319484,30.070839977681114,72.92570707740552,96.95171016477457,98.05631653100207,-16.861597313295086,45761107.0,42680591.7,1.0
2026-02-12,2042.072500930832,2103.4266323216825,2025.584833741612,2091.835205078125,564241,1755.0811889648437,1459.5189477539054,1994.4796575876549,1896.8265296774225,2184.5311419957943,1522.5159283167059,1853.52353515625,77.32035006390062,70.31779595666919,81.80777276153981,93.50390168052286,71.62723731214632,21.876664368376538,31.755334653305056,73.27685647045301,96.95171016477457,97.69856162587647,-5.502715434285477,46325348.0,42938274.15,1.0
2026-02-13,2088.4378279059056,2103.2268144262457,2008.4976239669236,2016.0919189453125,309000,1760.7209692382812,1464.157522583007,1998.8021098591864,1907.6688377926853,2200.13398084842,1537.6500889757986,1868.8920349121092,65.32250407228254,70.31779595666919,81.80777276153981,90.69476423066749,75.44074269585056,15.254021534816928,32.91565411975886,74.80916604108653,78.37939884771396,90.76093972575435,-21.342235590780046,46016348.0,43180506.6,1.0
2026-02-16,2008.49765515088,2075.647378710564,2004.2008203308185,2037.67578125,289211,1767.316037597656,1468.702872924804,2006.5768441373493,1919.4876508342593,2215.0735414425585,1556.6451475222852,1885.8593444824219,66.89874857961426,71.28519656671251,81.80777276153981,89.18210408507889,78.18901497369623,10.993089111382659,33.88879098293415,74.56897977956218,52.473598391601314,75.93490246802995,-20.664974159581206,46305559.0,43447520.5,1.0
2026-02-17,2037.47606506779,2082.9420586727847,2031.080823989074,2074.348388671875,147333,1774.6765332031248,1473.0961785888665,2020.1311530442547,1933.565899728588,2230.171392867894,1580.8878722688246,1905.5296325683594,69.44042617801297,71.28519656671251,81.80777276153981,89.90610138261536,80.53243225548006,9.373669127135301,34.8600805160512,72.94699798700137,30.580991192518205,53.81132947727782,-14.554460493929088,46452892.0,43732488.0,1.0
2026-02-18,2074.648219674665,2167.878536960616,2074.648219674665,2141.59814453125,561489,1784.5131762695312,1477.8042712402337,2044.4245513416538,1952.4779219833754,2244.0500592264534,1618.6405901876092,1931.3453247070313,73.4642666034975,71.28519656671251,81.80777276153981,94.81341766567675,83.3886293375194,11.424788328157348,36.4438893813661,74.41722300855422,38.44003652528728,40.4982087031356,-7.4610037043781885,47014381.0,44061406.75,1.0
2026-02-19,2120.413815823853,2158.8850372702327,2088.437735660628,2100.828369140625,315736,1793.2306518554688,1482.6643853759758,2055.705314901448,1965.964326270398,2236.0940735173067,1676.5491882014437,1956.321630859375,67.64878424857744,71.28519656671251,81.80777276153981,94.32539657234815,85.57598278448515,8.749413787863006,37.91456904201565,74.13365719434356,40.52384298378871,36.5149569005314,-19.035543393375377,46698645.0,44393018.4,1.0
2026-02-20,2088.4378697168736,2123.4117096403616,2054.5633052028106,2104.925537109375,230829,1801.7163037109376,1487.4671228027337,2065.5493593430338,1978.597163619396,2224.424428218443,1734.394297367495,1979.409362792969,67.9235897907173,71.28519656671251,81.80777276153981,93.19495017967074,87.09977626352227,6.095173916148468,38.410186598482326,73.75613914028695,36.30965212443124,38.42451054450241,-25.9794003798017,46929474.0,44724396.05,1.0
2026-02-23,2122.0129448294538,2155.2878616488474,2113.419274781359,2145.195556640625,337347,1811.4550219726564,1492.3903533935543,2081.4785988025524,1993.7424720758713,2205.8401095847744,1802.2817532081945,2004.0609313964844,70.56972457869725,73.93446505413685,81.80777276153981,94.45964530266247,88.57175007135031,5.887895231312157,39.15746179919742,72.08515238308591,28.26781409555383,35.03376973459126,-9.721599620225629,47266821.0,45062298.2,1.0
2026-02-24,2129.207475485072,2181.8680383823585,2111.0211270710424,2150.69140625,358290,1821.213725585938,1497.3485504150387,2095.321160292042,2008.010557000792,2190.0460360740285,1860.4741299415966,2025.2600830078125,70.92227746521311,73.93446505413685,81.80777276153981,94.81245546412833,89.81989114990593,4.992564314222406,40.07567410392695,71.9967065922452,37.36248330790687,33.97998317596398,-13.248380899285838,47625111.0,45396890.95,1.0
2026-02-25,2176.5718610466565,2176.5718610466565,2127.3086614171675,2164.281005859375,179632,1831.909724121094,1502.2603973388668,2109.1131294055085,2022.2169614424813,2197.1889112719323,1883.6585618725983,2040.4237365722654,71.82117328221425,73.93446505413685,81.80777276153981,95.09246048295745,90.87440501651623,4.218055466441214,40.928299815461514,70.37288466633404,48.19104785252006,37.94044841866025,-7.540779268589004,47804743.0,45678506.1,1.0
2026-02-26,2164.2809531677367,2198.3555619613926,2140.3989153278653,2183.466796875,169563,1841.7163891601565,1507.3210791015622,2123.9838628994066,2036.8760373908922,2213.5124291104908,1892.4162940340398,2052.9643615722653,73.08614999519676,73.93446505413685,81.80777276153981,95.7586533225126,91.85125467771552,3.907398644797084,41.90909591019534,69.48601052113357,55.18237340172708,46.911968187384666,-6.666623372272107,47974306.0,45906751.8,1.0
2026-02-27,2168.378103567509,2190.261637536382,2128.408000275942,2157.1865234375,177654,1851.6469628906252,1512.3387042236325,2130.6243950070257,2047.8133543042202,2217.5401715735243,1913.000148250694,2065.270159912109,68.54691769729446,73.93446505413685,81.80777276153981,93.09290050581058,92.09958384333453,0.9933166624760474,42.470045372058074,68.9408410025126,48.58296722615711,50.65212949346808,-21.204240585700738,47796652.0,46151463.0,1.0
2026-03-02,2057.161089341027,2197.356264999128,2053.4639038532096,2190.261474609375,297329,1862.8485791015626,1517.6060546874996,2142.5518109274954,2060.7631834228705,2227.1993830664715,1928.791888906185,2077.995635986328,70.98901940727762,75.37392710808471,84.3245638584935,92.58191761748094,92.19605059816381,0.3858670193171321,41.11161589016183,74.2945210127559,46.2710136873914,50.01211810509186,-4.16888471743767,48093981.0,46377592.1,1.0
2026-03-04,2171.3758019691804,2204.3511362834847,2079.4445669111205,2102.927001953125,492017,1871.9617626953127,1522.5125988769528,2134.6268491326214,2064.5962578347117,2224.962531415729,1944.4986746389582,2084.7306030273435,58.15025247662514,75.37392710808471,84.3245638584935,84.15965779088378,90.58877203670781,-6.4291142458240245,39.945092690566966,77.90966732415649,24.701458818019983,39.851813243856164,-50.67398162606229,47601964.0,46545572.2,1.0
2026-03-05,2128.508017029631,2247.3190511407392,2128.508017029631,2233.2294921875,593099,1882.9915112304689,1527.7447314453123,2154.347377743597,2079.9265518667835,2244.2332774011716,1949.8295277746097,2097.0314025878906,67.57321941766389,75.37392710808471,84.3245638584935,86.99643740081183,89.87030510952862,-2.873867708716787,39.415127160326065,82.65840888583205,36.25369925740608,35.74205725427248,-5.795352699919498,48195063.0,46718473.85,1.0
2026-03-06,2237.3263725358006,2295.5828427293195,2205.5500938885966,2249.017578125,364329,1894.0991992187498,1533.107713012695,2173.281417819878,2095.298463344803,2261.634569456875,1959.4280281993758,2110.5312988281253,68.49873610475059,75.37392710808471,84.3245638584935,89.48702158707056,89.793648405037,-0.3066268179664462,39.456839329224486,83.18514745403853,43.03563695615273,34.66359834385959,-15.980829641107963,48559392.0,46920913.25,1.0
2026-03-09,2161.88299663624,2211.945649399291,2119.2149594762327,2152.98974609375,308050,1904.1177075195312,1537.9171850585935,2169.2230834746524,2100.5431254128894,2258.98331956224,1978.8367610041653,2118.9100402832028,57.70972267382734,77.70394015780867,84.3245638584935,82.75819898877398,88.38655852178441,-5.628359533010425,37.73708056369446,86.51496682509058,43.03563695615273,40.774991056570514,-53.9100220537837,48251342.0,47092704.95,1.0
2026-03-10,2199.354823604857,2268.3032483339503,2167.078918019755,2226.234619140625,333250,1915.6091088867186,1543.1158404541015,2180.625390607847,2111.9696248426835,2266.5273399820057,1993.7959022054943,2130.16162109375,62.55439903605387,77.70394015780867,84.3245638584935,82.38611190850543,87.18646919912861,-4.800357290623182,36.80515405806654,88.572005069027,32.77541003114037,39.61556131448194,-28.642213579243947,48584592.0,47267369.7,1.0
2026-03-11,2228.233161316688,2257.911157186968,2169.377283766886,2191.36083984375,303331,1926.4230200195311,1548.2389520263673,2182.7724804550276,2119.1870080245985,2270.5884699533763,2004.0240788747478,2137.306274414062,59.08384013819043,77.70394015780867,84.3245638584935,78.37376371756454,85.42392810281581,-7.050164385251264,35.93979373141204,88.56928137981664,13.229165968199887,29.680070985164328,-43.04578707033693,48281261.0,47376949.1,1.0
2026-03-12,2196.6568715999,2198.4555749341525,2143.396663296067,2186.064697265625,457626,1937.0490698242183,1553.22378112793,2183.4309238171472,2125.266797955601,2270.2272514139236,2019.7937568868579,2145.0105041503907,58.55254883753158,77.70394015780867,84.3245638584935,73.914553462389,83.12205317473045,-9.207499712341459,34.641455640411316,86.17568354112157,15.056261747319134,20.353612582219796,-45.23320066247851,47823635.0,47480075.5,1.0
2026-03-13,2148.3928990907702,2186.0646699715726,2069.4519507055743,2082.242431640625,382981,1944.6214038085932,1557.808288574219,2163.193225381843,2121.355491926967,2270.6752922761875,2018.386438680844,2144.530865478516,49.21058765001483,77.70394015780867,84.3245638584935,61.29642106488882,78.75692675276213,-17.460505687873308,32.211942973536104,88.34975947104509,4.805935695665631,11.030454470394883,-88.11388819024143,47440654.0,47535840.8,1.0
2026-03-16,2060.658621910593,2173.374361738597,2060.4588201862007,2163.3818359375,548411,1952.899211425781,1562.7341070556643,2163.230947492975,2125.176068655197,2262.7371718660984,2041.0535507901518,2151.895361328125,55.223298850154144,65.57016575220281,84.3245638584935,57.18454421799515,74.44245024580873,-17.257906027813576,30.000629023648056,90.10445819114162,10.221608284151648,10.027935242378803,-54.60167940826205,47989065.0,47634476.65,1.0
2026-03-17,2180.3691884068726,2322.562883170226,2168.378157123242,2300.879150390625,699144,1963.9569433593747,1568.3494085693362,2190.760588072505,2141.1490760856905,2281.171909090978,2048.9391504793352,2165.0555297851565,63.17841793355338,65.57016575220281,84.3245638584935,64.27975930323646,72.40991205729428,-8.130152754057818,29.579379500118833,95.0385002655405,27.895386915999936,14.30764363193907,-8.05790227619414,48688209.0,47753609.15,1.0
2026-03-18,2298.280959378128,2318.465812925384,2248.3183298264294,2256.112548828125,200845,1973.7136474609372,1573.7588452148439,2203.830980223629,2151.6003008804573,2288.811219625738,2059.4762559601995,2174.1437377929688,59.47362776914058,65.57016575220281,84.3245638584935,65.53503072055355,71.03493578994613,-5.499905069392582,29.18821922827027,93.26057046792722,42.223901250374446,26.780298816842006,-24.69364042582197,48487364.0,47855332.75,1.0
2026-03-19,2175.772372487379,2293.084766490761,2175.772372487379,2239.624755859375,314848,1983.370424804687,1579.0858428955078,2210.989735350778,2159.602524060359,2296.2081003965704,2061.8820363221794,2179.045068359375,58.12178283304204,65.57016575220281,84.3245638584935,64.45640198481306,69.71922902891951,-5.262827044106459,27.727988908987086,94.97855786331685,47.46856362923523,39.195950598536534,-30.82067703168225,48172516.0,47913239.5,1.0
2026-03-20,2253.2145050127224,2458.960753952917,2241.423519944801,2398.00634765625,658530,1996.0929101562492,1585.4518115234373,2248.3930578118725,2181.2755989327125,2340.8837644007162,2046.9241701695955,2193.903967285156,66.09439752091738,65.57016575220281,84.3245638584935,75.51120557468403,70.87762433807242,4.6335812366116045,27.894429656850505,103.86123216547578,53.80947932676505,47.833981402124905,-15.032029541457337,48831046.0,48019859.55,1.0
2026-03-23,2359.734952581371,2418.19122813759,2243.222004915119,2266.504638671875,558487,2006.7109667968743,1591.2286517333982,2252.015373983873,2189.023693454454,2346.1048332996697,2057.861011426892,2201.982922363281,56.48006468189839,73.88507494633534,84.3245638584935,72.82168509990697,71.26643649043933,1.5552486094676397,28.048981779866537,108.94037438383256,52.04390754913399,51.10731683504475,-48.29490122216223,48272559.0,48087013.8,1.0
2026-03-24,2340.3494492767754,2495.033545832292,2301.678181179759,2433.479736328125,1620858,2021.7017553710932,1597.7560162353514,2288.3082464527233,2211.246970079333,2391.038674795065,2041.7555879002475,2216.3971313476563,63.70045504889888,73.88507494633534,84.3245638584935,83.20458499566666,73.6540661914848,9.550518804181863,28.749485810941977,117.48241243930289,63.44578733652074,56.43305807080659,-14.164148504645247,49893417.0,48218343.6,1.0
2026-03-25,2473.150173288352,2578.0716957914938,2458.6610106569656,2525.4111328125,661327,2038.7050390624993,1604.6906298828121,2335.728823724679,2239.807348509621,2454.7141030624193,2015.5521322891423,2235.133117675781,66.95148670780341,73.88507494633534,84.3245638584935,97.7246939213469,78.46819173745722,19.25650218388968,29.909742961695898,119.4188086553076,68.2634098364477,61.251034907367476,-10.173735133117168,50554744.0,48364825.25,1.0
2026-03-27,2513.319882446094,2559.485299948672,2471.5510784359017,2543.09765625,750071,2055.9261547851556,1611.8259783935544,2377.2025902297432,2267.3791946678375,2510.228560567425,1997.9193398231998,2254.0739501953126,67.5535613729789,73.88507494633534,84.3245638584935,109.39806667099583,84.65416672416494,24.743899946830894,30.987124601681682,117.1699095736978,89.03380061303758,73.58099926200201,-6.7567947378811555,51304815.0,48539828.85,1.0
2026-03-30,2513.120234148274,2570.0776311051136,2494.23445800374,2556.687744140625,407693,2072.8854711914055,1619.0033227539056,2413.0996210119197,2293.6799718926363,2559.751289185983,1985.718705931205,2272.734997558594,68.03543340524278,76.67279332092725,84.3245638584935,118.381279492668,91.39958927786554,26.981690214802455,32.0531914299098,114.21799982567464,97.32607927509099,84.8744299081921,-4.131263470960322,51712508.0,48726738.95,1.0
2026-04-01,2624.037155938236,2632.830627034607,2231.03108527665,2330.35693359375,1715994,2085.3181713867184,1625.1398522949212,2396.5510835282857,2297.014241138192,2564.1493578686714,1998.6376782641419,2281.3935180664066,53.725145201067335,76.67279332092725,87.37722807897123,106.01545531225929,94.3227624847443,11.692692827514989,29.823185484201133,134.75953853512337,74.66063663903459,87.00683884238772,-52.845666020193704,49996514.0,48836732.05,1.0
2026-04-02,2279.2951968205957,2279.3952196645687,2093.434211897916,2108.622802734375,1285985,2093.524035644531,1630.178692016601,2338.9654273695037,2279.887746737845,2567.8566387088417,1986.7665302364717,2277.3115844726567,43.96798675743295,76.67279332092725,87.37722807897123,77.4307854121912,90.94436707023368,-13.513581658042483,28.700576630401084,142.0569087608884,41.32730330570126,71.10467307327562,-91.58519305600063,48710529.0,48867559.45,-1.0
2026-04-06,2105.425212232633,2246.3198277641004,2071.4506240902933,2210.746337890625,1184772,2104.1201098632805,1635.7186663818352,2313.321609473728,2273.60216411537,2563.460073376074,2001.9450291629896,2282.702551269532,48.5982104639369,57.03779821214423,87.37722807897123,62.29959344697045,85.21541234558103,-22.91581889861058,27.81066974281481,144.40064411181118,14.406814362358237,43.4649181023647,-73.74302579088628,49895301.0,48982226.3,-1.0
2026-04-07,2198.3556787065268,2262.0080193392632,2192.2601403777626,2212.34521484375,307965,2115.8613281249995,1641.3220367431634,2293.1263305477323,2268.0333505452227,2563.3444255083346,1999.9722492963542,2281.6583374023444,48.66972810768213,57.03779821214423,87.37722807897123,49.86224983005877,78.14477984247658,-28.28253001241781,26.82867458625891,139.06830374393186,12.924740478029822,22.88628604869644,-73.46368342391527,50203266.0,49082636.45,-1.0
2026-04-08,2298.280981947243,2345.145831343688,2222.337784282899,2334.154052734375,469141,2130.518364257812,1647.5199774169914,2301.331874985061,2274.0443234715094,2568.0970614441435,2003.7332608214833,2285.9151611328134,53.92884147350891,57.03779821214423,87.37722807897123,49.26660586130265,72.3691450462418,-23.102539184939147,25.129401968636415,138.6206117979323,26.72049103664092,18.017348625676323,-53.203992435380584,50672407.0,49188287.2,-1.0
2026-04-09,2334.2540151621406,2392.110641670443,2298.280922462724,2320.364501953125,270176,2144.0622363281245,1653.5935681152337,2305.138400378674,2278.25524878802,2569.7140290573675,2018.8537687941957,2294.2838989257816,53.26353014757741,57.03779821214423,87.37722807897123,47.138469289427576,67.32300989487896,-20.18454060545139,23.52608841150636,135.42126232720275,33.181943237907234,24.27572491752599,-55.66035901575874,50402231.0,49295831.65,-1.0
2026-04-10,2348.243493846513,2392.210606071724,2311.371172313626,2360.434326171875,296389,2158.227639160156,1659.9483648681635,2316.1975855373144,2285.7260740047336,2575.9821290988784,2026.0056394558094,2300.993884277344,55.0007743408758,57.03779821214423,87.37722807897123,48.13038850225257,63.48448561635369,-15.354097114101116,22.03818195896445,131.52256028655242,41.95042115448727,33.95095180967847,-48.52262272152086,50698620.0,49401533.05,-1.0
2026-04-13,2323.2622116716266,2401.2039116760943,2270.9014748929094,2391.81103515625,372043,2171.5296923828123,1666.2564050292963,2331.3202754611016,2295.370161382144,2583.782874725844,2038.2499133600936,2311.016394042969,56.36844121388453,62.958506207631736,87.37722807897123,50.86202406088614,60.95999330526018,-10.097969244374035,20.657133685933736,131.43540860774047,45.329258657935284,40.15387435010993,-42.93341241481041,51070663.0,49541003.15,-1.0
2026-04-15,2438.1762651245585,2441.1740228275803,2278.2958542967185,2289.987060546875,719290,2180.1092749023433,1672.2280206298822,2323.0536324782565,2294.8807885789374,2582.847168672363,2049.5778557417,2316.2125122070315,50.955946342548984,62.958506207631736,87.37722807897123,44.29985993928494,57.62796663206513,-13.328106692780189,19.3769996538273,133.6813200308206,42.133262784620904,43.13764753234782,-61.07156733221588,50351373.0,49667390.05,-1.0
2026-04-16,2298.280928218439,2355.7379514239,2253.914211361308,2338.650634765625,386985,2188.229201660156,1678.4649151611325,2326.17303293573,2298.859865505,2571.8977981782928,2086.1680465482705,2329.0329223632816,53.265548944296235,62.958506207631736,87.37722807897123,42.53571607868025,54.60951652138816,-12.073800442707906,18.044251715482243,131.40577860451856,39.72998139798009,42.397500946845426,-52.40300522392553,50738358.0,49832275.25,-1.0
2026-04-17,2328.258555853953,2387.7140854991508,2323.661896314928,2359.934814453125,323387,2197.2064868164057,1684.8421697998042,2332.9253892392094,2304.4121335911927,2569.079640131885,2108.6415024462412,2338.860571289063,54.27968839939111,62.958506207631736,87.37722807897123,42.366697860073145,52.16095278912516,-9.794254929052016,17.030158961647512,126.59480793164029,36.837065716673976,39.566769966424985,-48.611601971962656,51061745.0,49985909.25,-1.0
2026-04-20,2361.133870301009,2417.1920387287028,2336.252578151181,2408.898193359375,264360,2206.6694116210933,1691.3679119873043,2348.1199500632424,2313.9108662973913,2575.793341357411,2112.7297055175886,2344.2615234375,56.61221782689945,62.939976504872654,87.37722807897123,45.65737537522364,50.86023730634486,-5.20286193112122,16.384269356815707,123.33371169206042,44.67098285673087,40.412676657128316,-39.88963491765934,51326105.0,50117804.05,-1.0
2026-04-21,2408.898161827377,2466.554987285017,2359.235357062876,2372.625244140625,246743,2214.75736328125,1697.5341046142576,2353.021008878719,2319.2485370104123,2578.117011460226,2122.057304946024,2350.087158203125,54.39811409236306,62.939976504872654,87.37722807897123,44.82166095083721,49.65252203524334,-4.8308610844061235,16.258145703226944,122.18984872992331,46.23958180927755,42.58254346089413,-46.35102453405224,51079362.0,50247403.95,-1.0
2026-04-22,2358.235961032205,2466.1552338252045,2345.6452816231013,2421.388671875,334784,2223.4408666992185,1703.9291406249997,2366.6945414779752,2328.534003816284,2583.1202362501,2135.2304717577135,2359.1753540039067,56.841809456522604,62.939976504872654,87.37722807897123,47.54607082563189,49.23123179332105,-1.6851609676891641,15.96976412755871,122.06985612079332,65.29124276185789,52.0672691426221,-37.66467527354747,51414146.0,50409485.45,-1.0
2026-04-23,2417.191921826716,2433.179962649051,2377.9212477652286,2384.916015625,243296,2231.5587939453126,1710.2541143798824,2370.33883630738,2333.65964125344,2582.0640236706895,2134.9776511339987,2358.520837402344,54.48980902030553,62.939976504872654,87.37722807897123,46.22924477795641,48.630834390248125,-2.4015896122917155,15.701981235866779,117.29763174672398,75.02247985583818,62.184434808991206,-20.662634803600465,51170850.0,50526475.65,-1.0
2026-04-24,2388.213697971033,2423.087515893709,2338.2510683063674,2393.2099609375,351454,2239.714694824219,1716.75082824707,2374.9130612334043,2339.0733066792636,2584.5681323320937,2145.144074699158,2364.856103515626,54.94634810105144,62.939976504872654,87.37722807897123,45.33233972532844,47.97113545726419,-2.638795731935751,14.923190499924956,114.97897573533953,86.24574526564808,75.51982262778138,-18.56345643831059,51522304.0,50688962.9,-1.0
2026-04-27,2408.198729443147,2508.123987926265,2386.614776027533,2492.735595703125,438160,2249.5453466796876,1723.7207141113277,2398.4775681273486,2353.042605681433,2592.9583540048034,2142.679438963948,2367.8188964843757,60.11668689786897,63.70628638247901,87.37722807897123,52.052395352290205,48.7873874362694,3.2650079160208065,15.100715251681633,115.44542117558183,86.24574526564808,82.50465679571144,-4.871843467548742,51960464.0,50792315.25,-1.0
2026-04-28,2498.1314506996314,2537.7019504619734,2458.5609509372894,2465.95556640625,509399,2257.8951025390625,1730.4498883056635,2411.973167783129,2363.30742029278,2582.6754466439215,2147.016789684203,2364.8461181640623,58.181880426598,63.70628638247901,87.37722807897123,54.58790787563112,49.94749152414174,4.640416351489378,15.544419088811635,112.8522482005177,85.29541236136396,85.9289676308867,-22.750328588373424,51451065.0,50837131.3,-1.0
2026-04-29,2478.3461826873317,2518.116483883148,2458.161329504977,2500.529541015625,254583,2267.266091308594,1737.313999023437,2429.6844424296287,2375.7821585403117,2573.9454297962893,2151.489995008398,2362.7177124023438,59.97297591537202,63.70628638247901,87.37722807897123,58.71037397671034,51.700068014655464,7.010305962054879,15.950474235098959,109.07388435606437,92.43686526136122,87.99267429612442,-13.098666476624132,51705648.0,50857172.95,-1.0
2026-04-30,2514.4192357726024,2707.9744055631045,2484.141834771173,2592.1611328125,2668458,2277.2726098632816,1744.778016967773,2462.179780506203,2395.4529743832377,2583.0456977249714,2145.937065946903,2364.4913818359373,64.33311217344216,63.70628638247901,87.60799326697777,68.58080489466602,55.07621539065758,13.504589504008436,17.79132891401044,117.27093338719774,92.43686526136122,90.05638096136212,-25.50614967563837,54374106.0,50990252.85,-1.0
2026-05-04,2627.734368999003,2691.1869056114324,2536.102959407013,2674.3994140625,1141509,2290.4387597656255,1752.5269494628901,2504.6237072174627,2420.811741626807,2639.558429366798,2123.8285823519527,2381.6935058593754,67.73055199593517,67.97068325820462,87.60799326697777,82.09281958942074,60.47953623041022,21.613283359010524,19.50069397299967,119.97186287414216,99.47707654699926,94.7836023565739,-7.394392181773779,55515615.0,51266207.9,1.0
2026-05-05,2677.996743750117,2717.966844403104,2602.553178767604,2654.714111328125,558776,2302.779526367188,1760.1395233154292,2534.641788039595,2442.0755934178355,2660.6912305222972,2157.3049120558285,2408.998071289063,66.1072898305975,67.97068325820462,87.60799326697777,90.1732876410947,66.41828651254711,23.75500112854759,21.257890815256687,119.6462773570963,96.77436596945175,96.2294359259374,-13.630508388750373,54956839.0,51578523.4,1.0
2026-05-06,2663.007979156874,2742.9481811578307,2662.0087266318624,2683.79248046875,523243,2314.9684082031254,1767.8365954589842,2564.471926525426,2464.049855877009,2694.5983263583557,2170.7024304775814,2432.6503784179686,67.35201387587502,67.97068325820462,87.60799326697777,97.79616484788494,72.69386217961468,25.102302668270255,23.046864445836377,117.40254824799698,95.90205800724162,97.3845001745642,-12.09643999039458,55480082.0,51857762.45,1.0
2026-05-07,2697.682031633707,2736.952705220948,2638.02670382742,2723.66259765625,394353,2326.6096972656255,1775.724034423828,2596.310060751591,2487.651014220576,2729.2807878024123,2187.1517073147743,2458.2162475585933,69.03139979300975,67.97068325820462,87.60799326697777,105.8345404995257,79.32199784359689,26.51254265592881,24.299099210860824,116.08279490124917,95.90205800724162,96.19282732797832,-4.599621833279521,55874435.0,52141320.9,1.0
2026-05-08,2698.1817374769767,2756.937837313934,2697.9819357548463,2732.25634765625,268791,2339.2382568359376,1783.4458111572264,2623.499318132523,2509.887862714728,2768.5994455650407,2187.643279044333,2478.121362304687,69.39681001731715,67.97068325820462,87.60799326697777,111.61186284198448,85.77997084327441,25.831891998710063,25.60589514627722,112.0023025196662,99.12769203778986,96.9772693507577,-5.866972783121738,56143226.0,52414861.85,1.0
2026-05-11,2742.948223215225,2822.888426441898,2726.4605562997235,2808.199462890625,575357,2353.3037353515624,1791.3731109619139,2660.4393470841437,2537.0070990943545,2818.060548807731,2186.965671895394,2502.5131103515623,72.48637484023898,70.59107843233917,87.60799326697777,120.92446517637381,92.8088697098943,28.11559546647952,27.260559686984994,110.88984306413107,99.99999999999999,98.34325001501048,-3.030918542430061,56718583.0,52730679.45,1.0
2026-05-12,2807.8997647001424,2840.9751228569166,2717.967032022914,2740.150390625,458354,2365.2028320312497,1799.0415222167967,2676.3815557923153,2555.4746710516856,2846.601088503813,2196.3967386446247,2521.498913574219,66.0516123627476,70.59107843233917,87.60799326697777,121.41419098211236,98.52993396433791,22.884257017774445,28.90973903309074,111.75543219055048,88.08149928552095,95.73639710777026,-20.05568090869594,56260229.0,53008759.9,1.0
2026-05-13,2747.8446002838714,2847.7698593066407,2741.0498778368446,2825.6865234375,363383,2378.7027343749996,1807.1645666503905,2706.2425493213523,2580.0393849049415,2889.095936981099,2197.2894389954636,2543.1926879882812,69.69348104355196,70.59107843233917,87.60799326697777,127.23763699749588,104.27147457096952,22.966162426526367,30.48476908446382,111.46000622562835,82.9084867885227,90.32999535801454,-4.334155336211898,56623612.0,53286407.35,1.0
2026-05-14,2846.770555591388,2846.770555591388,2704.477086881668,2724.761962890625,658946,2389.9123535156245,1814.840885620117,2709.9464320352067,2593.19598290364,2898.2515337004734,2231.6113325104643,2564.931433105469,61.33299983272253,70.59107843233917,87.60799326697777,122.29920227079447,107.87702011093451,14.422182159859958,31.229249036155842,113.66239640306345,61.71244345031077,77.56747650811813,-24.141974464676753,55964666.0,53567072.0,1.0
2026-05-15,2738.4516395504597,2767.829567219084,2700.779866845627,2728.958740234375,193779,2400.822192382813,1822.6080645751952,2713.7488936750406,2605.5380517518884,2907.5309277638494,2261.362748993962,2584.446838378906,61.539612298582554,70.59107843233917,87.60799326697777,117.37112080839825,109.77584025042725,7.5952805579709946,31.84810993723268,110.3329181152344,48.12203247799057,64.24765423894134,-25.763809915623746,56158445.0,53838076.35,1.0
2026-05-18,2722.963103550475,2816.593015420382,2712.4709521422988,2797.0078125,352410,2413.6186181640633,1830.667573852539,2730.4006774400327,2622.9443936380803,2924.5343282946783,2288.066648267821,2606.3004882812497,64.82191892468465,70.4449853898197,87.60799326697777,117.60094171450964,111.34086054324374,6.2600811712659095,32.820973958448164,109.88928562686647,35.4347937515566,48.423089893285976,-13.028987541027881,56510855.0,54110531.85,1.0
2026-05-19,2807.000478337754,2903.827954317242,2806.900455497981,2884.342529296875,610355,2427.500239257813,1839.2096759033202,2761.1890478114015,2646.707860516153,2957.127516231754,2303.0178939244956,2630.0727050781247,68.53353340825845,70.4449853898197,87.60799326697777,123.4076911522161,113.75422666503822,9.653464487177885,34.31484537959835,109.67006106903617,46.10121345536349,43.21934656163688,-4.372197498202879,57121210.0,54400287.1,1.0
2026-05-20,2867.8548467667174,2907.625147440338,2846.870543009888,2878.447021484375,389160,2443.0106396484384,1847.8196276855467,2784.6406425459963,2667.775056967809,2976.7754360573,2333.952151833324,2655.363793945312,68.01186518045654,70.4449853898197,87.60799326697777,126.08048634312945,116.21947860065647,9.861007742472978,35.725330213593175,106.17609988056572,58.237462437624146,46.59115654818141,-6.890029685480803,56732050.0,54682921.5,1.0
2026-05-21,2887.839843614596,3022.7389366554166,2873.1508800528904,2998.1572265625,825155,2458.309194335938,1857.0800396728514,2827.343959349297,2697.8097996582355,3020.3822295132663,2348.022213846107,2684.2022216796868,72.57652473928886,70.4449853898197,87.60799326697777,136.28727401924334,120.23303768437385,16.054236334869486,37.64944864539735,109.27695393213433,76.09771366105637,60.14546318468133,-5.051354861165325,57557205.0,54990074.45,1.0
2026-05-22,2994.7599571976275,2998.756967484177,2927.810034897914,2948.994140625,333925,2472.308725585938,1865.9998034667967,2851.673995604438,2720.644739746123,3037.3236266297454,2387.4886292296287,2712.406127929687,68.26799339614149,70.4449853898197,87.60799326697777,138.8090720494556,123.94824455739021,14.860827492065397,39.436130046358365,106.5390952645721,73.85396661040414,69.39638090302822,-17.55052251202339,57223280.0,55292695.95,1.0
2026-05-25,2917.817537493054,2961.085223056413,2862.0591946630293,2921.61474609375,333972,2487.681225585938,1874.5171386718748,2865.6621457023007,2738.91474032318,3039.4872293281287,2438.16550504687,2738.8263671874993,65.92092487991428,74.27126298116805,87.60799326697777,137.01885872534012,126.5623673909802,10.456491334359924,39.81310702509471,106.00244763091577,67.4949766091036,72.48221896018804,-26.285670673456053,56889308.0,55561046.15,1.0
2026-05-26,2921.614703375046,3066.7061272715323,2915.818989696426,3032.53173828125,530723,2503.80716796875,1883.0545037841796,2899.036064218091,2765.6071946830043,3070.3498869199198,2461.282461712892,2765.816174316406,70.36581069059847,74.27126298116805,87.60799326697777,142.90288061199772,129.8304700351837,13.072410576814008,40.796159214404724,109.20849691264367,60.9409404948025,67.42996123810342,-7.972015245265829,57420031.0,55834024.5,1.0
2026-05-27,3046.7211496918994,3073.001541624525,2986.765994237156,2998.357421875,206974,2519.947099609375,1891.5752246093748,2918.900335749473,2786.7663062459133,3079.16194779562,2505.710586384067,2792.4362670898436,67.44689722830095,74.27126298116805,87.60799326697777,143.15819011914255,132.4960140519755,10.662176067167053,41.74276455540472,107.56757194655263,58.50666187766109,62.31419299385572,-19.904057969562338,57213057.0,56122124.1,1.0
2026-05-29,3007.6502281194294,3182.51942875665,2988.764452033869,3130.15869140625,602384,2538.828979492187,1900.6166967773436,2961.1520068808286,2817.983795805944,3113.9378443087567,2533.8976049099933,2823.917724609375,72.23122275447568,74.27126298116805,87.60799326697777,152.24084795635963,136.44498083285234,15.795867123507293,43.14766042518143,113.72381514485467,77.21460838316821,65.55407025187725,-10.869096393638333,57815441.0,56427613.75,1.0
2026-06-01,3174.32566261601,3185.7172885483187,2993.5609661697304,3016.6435546875,305945,2557.5170019531247,1909.0012506103515,2972.2503164421632,2836.043773886085,3125.725182833979,2564.55850857227,2845.1418457031245,63.56613431209015,76.92058877764887,90.45735020137136,148.56661344150007,138.8693073545819,9.69730608691816,44.46602459925536,119.32613709012136,57.05581644139547,64.25902890074158,-34.865062231570874,57509496.0,56584383.25,1.0
2026-06-02,2997.757597044208,3057.5129472702497,2899.830848874097,3035.32958984375,430122,2574.955957031249,1917.611500854492,2984.866171122481,2854.1606662458726,3143.9610340664885,2582.4156749178856,2863.188354492187,64.32482065512393,76.92058877764887,90.45735020137136,145.485496743559,140.19254523237734,5.292951511181656,44.11317085201662,122.06584861198077,47.79989181182282,60.69010554546216,-31.011774297915352,57939618.0,56705583.4,1.0
2026-06-03,3046.72105307865,3177.623138337195,3035.429450367773,3133.356201171875,385864,2591.605498046874,1926.8157006835936,3014.56417713236,2879.542078511873,3174.5894161683295,2599.6515018004206,2887.120458984375,68.08000560362125,76.92058877764887,90.45735020137136,149.23334870446934,142.00070592679575,7.23264277767359,44.47074193401937,123.51068431779964,35.49290568617556,46.78287131313128,-10.797493662707181,58325482.0,56874015.55,1.0
2026-06-04,3133.6559734763314,3185.617105689587,3113.2713191913103,3162.33447265625,250577,2609.7299365234367,1936.2351678466796,3044.1182362371383,2905.2504779795436,3206.8009305799856,2615.294186607514,2911.0475585937497,69.11497220066134,76.92058877764887,90.45735020137136,152.78069199790207,144.156703141017,8.623988856885063,44.843629919392974,119.85604875926228,51.75126241788209,45.01468663862682,-4.821821300152084,58576059.0,57028814.4,1.0
2026-06-05,3160.735786125752,3346.396711673476,3159.336686204045,3325.812255859375,1067585,2631.4536865234363,1946.463039550781,3100.4570401615856,2943.48336687771,3276.5323438506102,2605.777739157201,2941.1550415039055,74.19766129915449,76.92058877764887,90.45735020137136,166.85982181952568,148.69732687671876,18.162494942806916,45.893556102200684,124.65633280998864,76.2148363496534,54.48633481790368,-3.247139827434131,59643644.0,57217274.85,1.0
2026-06-08,3229.5841771664977,3441.725538090689,3229.5841771664977,3313.72119140625,757238,2649.767983398436,1956.523145751953,3143.109870410519,2977.141350925759,3329.330085545439,2611.126481837373,2970.228283691406,73.23766290753706,79.38898821220458,90.45735020137136,175.0244132981038,153.96274416099578,21.061669137108026,47.18965872612119,130.90526338957454,86.53561801781436,71.50057226178328,-20.163719140027148,58886406.0,57354433.85,1.0
2026-06-09,3297.533414110576,3309.124841270706,3178.7223835308787,3196.30908203125,378466,2668.3640722656237,1965.9323040771485,3153.7497127346655,2997.0656901171674,3353.7794061985633,2625.48812309831,2989.6337646484367,64.50924935773737,79.38898821220458,90.45735020137136,170.0603846397462,157.18227225674588,12.878112383000314,47.68986111221857,131.19765942427432,66.61373182488038,76.4547287307827,-41.256517653702026,58507940.0,57443901.7,1.0
2026-06-10,3198.6075118576064,3292.537254473856,3148.544859965048,3204.60302734375,390988,2683.786538085936,1975.466784057617,3163.920375656483,3015.9327207741294,3369.166062700856,2656.5467302678935,3012.8563964843747,64.82813080138003,79.38898821220458,90.45735020137136,164.8948035831727,158.72477852203124,6.170025061141445,47.747515824463534,132.1115690731696,37.23717249909831,63.462174113931006,-40.90672391720999,58898928.0,57575836.65,1.0
2026-06-11,3227.58569896832,3227.58569896832,3067.7052928274748,3125.761962890625,427084,2695.7935546874987,1984.4548272705076,3156.2886931033117,3025.9171973301745,3376.1663219658926,2679.554014948169,3027.860168457031,59.367546010116165,79.38898821220458,90.45735020137136,152.67923717411895,157.51567025244879,-4.836433078329833,46.779628265474706,134.0950574351464,6.913749823583261,36.92155138252064,-54.507835202527176,58471844.0,57668248.25,1.0
2026-06-12,3151.6426674875843,3188.115387006701,3067.905251690418,3142.94921875,380507,2707.790585937499,1993.200387573242,3153.6207982326496,3036.556472004704,3369.5874093937937,2727.9516531062054,3048.7695312499995,60.15546784113979,79.38898821220458,90.45735020137136,142.73976552989143,154.56048930793733,-11.820723778045902,45.88087553212794,133.103277283799,5.727769075508274,16.62623046606328,-51.54280953659944,58852351.0,57812632.5,1.0
2026-06-15,3247.4706923666376,3247.4706923666376,3069.703765262337,3094.38525390625,285988,2718.5445361328116,2001.6901507568357,3141.77368936737,3041.8136339957537,3350.6323170559067,2783.4493968112797,3067.040856933593,56.8036631676998,71.67335948020933,90.45735020137136,129.45171772388903,149.53873499112768,-20.08701726723865,45.40253305629312,136.2935379852634,1.7709950679570152,4.804171322349517,-64.09737742338513,58566363.0,57933028.4,1.0
2026-06-16,3103.6784076865715,3106.676165324389,2957.9873376970354,2994.26025390625,530875,2731.822602539062,2009.6708044433594,3112.271002275146,3037.4905994421624,3333.3768476909017,2820.43011031691,3076.903479003906,50.549957148448456,71.67335948020933,90.45735020137136,109.57844132062291,141.54667625702672,-31.968234936403803,43.63451631715623,137.17891581684128,1.7709950679570152,3.0899197371407676,-82.57421471159493,58035488.0,58009260.05,1.0
2026-06-17,2979.771191258823,3056.314036410971,2960.185743122688,2997.65771484375,282968,2749.603300781249,2017.5521508789066,3089.3483447888675,3033.8694281150338,3325.7959907218656,2839.3424858406333,3082.5692382812495,50.74810105638621,71.67335948020933,90.45735020137136,93.03047587922492,131.84343618146636,-38.812960302241436,41.99278648795769,134.2467284933728,0.2792997108373123,1.2737632822504474,-81.94725508177984,58318456.0,58069122.35,1.0
2026-06-18,3002.753902392793,3145.247413114556,3002.753902392793,3133.955810546875,360896,2768.0674902343744,2026.0865380859377,3098.269837940469,3042.9681901542917,3319.5236079585065,2871.165747510243,3095.3446777343747,58.01612817065906,71.67335948020933,90.45735020137136,89.87815189001185,123.45037932317547,-33.57222743316362,41.08883835864065,135.19979776318948,10.803465854872469,4.284586877888932,-56.795117883283076,58679352.0,58166487.45,1.0
2026-06-19,3149.544114402885,3258.562668640128,3127.8603821735123,3243.773681640625,340557,2788.6960595703117,2035.2498736572268,3127.3706066805007,3061.2232348348675,3336.2535882677826,2878.9974127087794,3107.625500488281,62.78172905693188,71.67335948020933,90.45735020137136,95.14452991289318,117.78920944111901,-22.644679528225836,40.90866435882016,134.87854695629136,28.045128203333796,13.042631256347857,-36.529580449706856,59019909.0,58239622.65,1.0
2026-06-22,3260.161425562164,3261.560281531036,3167.83034474688,3247.171142578125,206990,2806.956401367187,2044.4880938720705,3151.3307138600258,3078.1275900842547,3346.4468869161255,2898.621814255749,3122.5343505859373,62.921951710435756,73.21884530040953,90.45735020137136,98.4573639382229,113.9228403405398,-15.46547640231691,40.757626552861126,131.9393605154245,45.205145903806255,28.017913320670836,-40.21894391516748,59226899.0,58339803.6,1.0
2026-06-23,3218.5925423873264,3297.5334957709333,3210.8983463554905,3274.75048828125,260273,2826.0441210937497,2053.8442462158205,3176.0146687442707,3096.002399011254,3352.801845022206,2927.580430368419,3140.1911376953126,64.1042292547606,73.21884530040953,90.45735020137136,102.13092969577383,111.56445821158661,-9.433528515812782,40.81724812679741,128.7033454368544,53.78681207782787,42.345695394989306,-34.517648114942965,59487172.0,58469696.8,1.0
2026-06-24,3298.932270894444,3317.118862470449,3231.3829448912197,3266.156982421875,283229,2844.15857421875,2063.119498291016,3194.043131479792,3111.4709975031287,3365.2480489609884,2938.496750843699,3151.8723999023437,63.42559121215214,73.21884530040953,90.45735020137136,103.1596724321862,109.88350105570655,-6.7238286235203475,40.98152297754964,125.63424344702403,54.69438736310285,51.22878178157899,-36.29412676649082,59203943.0,58558892.4,1.0
2026-06-25,3272.751934991515,3312.5222356622867,3212.796781404867,3297.533447265625,218052,2862.273022460937,2072.5890661621092,3214.741194636959,3128.3857656633554,3376.812916508683,2956.849485835067,3166.831201171875,64.88721341557653,73.21884530040953,90.45735020137136,105.29302450742762,108.96540574605076,-3.672381238623146,40.86841681576496,123.78361564776658,58.3197182380639,55.60030589299821,-29.807877630446434,59421995.0,58669339.3,1.0
2026-06-29,3312.522257938864,3600.9066462132705,3243.0742045672946,3565.532958984375,2155162,2887.7839404296874,2083.368185424805,3284.899547506442,3168.12641960163,3462.9716196869463,2914.2282094146162,3188.5999145507812,74.32520327873779,74.03238390909513,90.45735020137136,127.14341211650662,112.60100702014194,14.54240509636469,42.07393378337236,140.50138893335296,72.54721925334044,61.85377495150239,-5.5020415097709385,61577157.0,58857425.1,1.0
2026-06-30,3582.3203063147207,3582.3203063147207,3439.4271950725997,3523.564208984375,327647,2911.4822119140626,2093.875570678711,3332.632479802029,3200.438945909152,3513.897826252599,2913.994068278651,3213.945947265625,71.10210617309541,74.03238390909513,91.92034521468601,139.46579942143717,117.973965500401,21.491833921036175,43.19334239615067,140.6722262411221,83.21247339818248,71.35980362986227,-12.029882475825882,61249510.0,59044425.8,1.0
2026-07-01,3542.3503135675805,3607.301729754293,3518.368252206333,3564.83349609375,349604,2935.5801855468753,2104.3397430419923,3379.0726830603735,3233.565723198661,3566.340866488098,2914.501418668153,3240.4211425781255,72.3708960383294,74.03238390909513,91.92034521468601,150.82287449332534,124.54374729898586,26.27912719433948,44.321885175159814,136.97660133446763,92.74118366966161,82.83362544039484,-6.54047317910027,61599114.0,59227400.6,1.0
2026-07-02,3597.3090965891006,3722.215662442889,3577.0242215028184,3689.04052734375,402261,2961.1830322265623,2115.449407348633,3441.066251917049,3274.9725235754872,3646.2667888020965,2890.143928971341,3268.205358886719,75.8128989052468,74.03238390909513,91.92034521468601,167.91034179188955,133.21706619756662,34.69327559432293,45.74349285898408,138.43414169265844,92.74118366966161,89.5649469125019,-4.340997843827821,62001375.0,59411195.25,1.0
2026-07-03,3706.2276673410247,3728.111200362991,3653.36730560847,3692.038330078125,297410,2987.5712939453124,2126.4033618164067,3491.260667549265,3312.8875968939087,3713.5401157178558,2875.8409877977692,3294.6905517578125,75.89096560084953,74.03238390909513,91.92034521468601,179.6235914115473,142.49837124036276,37.12522017118454,47.08144290457784,133.88483833993433,97.2600252244166,94.24746418791327,-4.6840348719998985,62298785.0,59597331.55,1.0
2026-07-06,3692.03830749136,3737.2044731885353,3472.402551959936,3512.1728515625,565586,3009.386977539062,2136.685586547852,3495.443104351912,3331.0044382274173,3733.9191043071028,2874.098058778835,3304.008581542969,62.79502580672788,79.05946921962864,91.92034521468601,172.4054030392458,148.47977760013936,23.925625439106454,46.11639378661581,143.23605854626757,82.77371923494385,90.92497604300735,-28.879193151225312,61733199.0,59701809.3,1.0
2026-07-07,3512.3726458536844,3537.3539591243366,3345.4974732057285,3388.46533203125,476371,3029.457963867187,2146.276901855469,3474.04754988778,3336.2281558459476,3739.308139282145,2876.1834378662934,3307.745788574219,55.678513742144474,79.05946921962864,91.92034521468601,154.91698719475926,149.76721951906336,5.149767675695898,44.03467057707549,146.70894621572046,55.976915947128596,78.67022013549635,-44.88169044879162,61256828.0,59820330.4,1.0
2026-07-08,3392.4624414260384,3572.727505678792,3389.864287186608,3451.91796875,503473,3050.632124023437,2156.338709716797,3469.621633660224,3346.7454115644978,3753.3309123110275,2887.7215535092855,3320.5262329101565,58.289618899781786,79.05946921962864,91.92034521468601,144.5115499358194,148.71608560241458,-4.204535666595177,42.314912475316326,149.39131960370773,26.949682595941937,55.23343925933813,-38.84352681889006,61760301.0,59982948.45,1.0
2026-07-09,3447.421372327506,3485.392970051693,3365.482661448997,3456.21484375,486255,3069.9017089843746,2166.335155029297,3466.940275678179,3356.6971781268157,3766.350954287175,2899.8626931737626,3333.106823730469,58.468053905268896,79.05946921962864,91.92034521468601,135.05505721231066,145.98387992439382,-10.92882271208316,40.495219890391006,147.28553310363546,15.442995819709957,32.789864787593494,-46.113457664038904,62246556.0,60150329.85,1.0
2026-07-10,3483.2943006644578,3497.283836100204,3370.578810320097,3398.258056640625,310324,3088.5477587890623,2176.041317749023,3453.2038318706686,3360.475439809889,3769.533647514201,2923.929609321737,3346.731628417969,55.047401172581964,79.05946921962864,91.92034521468601,121.48370175112359,141.08384428973977,-19.600142538616183,38.88552553592196,145.81549686624058,8.906465774191888,17.099714729947927,-59.52964836593253,61936232.0,60323549.25,1.0
2026-07-13,3373.9761755432028,3507.376388614436,3361.0859154589007,3492.58740234375,218672,3108.388916015625,2186.143760375976,3461.080545965285,3372.485618222058,3780.399640516292,2948.0274346790206,3364.2135375976563,59.22835861512239,68.43478540638404,91.92034521468601,116.99129183903369,136.26533379959855,-19.27404196056486,37.46208915265198,145.84942374404736,11.28661413331629,11.87869190907271,-46.478096752687605,62154904.0,60488676.9,1.0
2026-07-14,3469.404868882644,3532.3577798099504,3447.421312685807,3457.114013671875,173273,3125.6879736328124,2196.0798278808593,3460.2872395066033,3380.1791087174956,3780.238145901025,2984.461805270851,3382.349975585938,57.0783848691139,68.43478540638404,91.92034521468601,109.30857737751376,130.8739825151816,-21.565405137667852,36.3221267060751,141.49849827119706,9.934227197481103,10.042435701663093,-53.410822134204096,61981631.0,60659440.3,1.0
2026-07-15,3482.395143907993,3578.323388905172,3481.395891355939,3544.248779296875,191332,3143.0849609374995,2206.5160211181637,3477.079547464658,3395.094533315621,3768.9328705367366,3050.765933174202,3409.8494018554693,60.83877734635777,68.43478540638404,91.92034521468601,108.9945963264372,126.49810527743273,-17.503508950995524,35.59207664756052,140.04927519706135,19.195880746400462,13.472240692399286,-36.79497782257158,62172963.0,60866314.05,1.0
2026-07-16,3548.745408892042,3628.985437457835,3488.390652448406,3581.121337890625,311654,3161.6131054687494,2217.1255847167963,3497.8879055498514,3412.0060610042574,3748.4805309345993,3129.5646350810266,3439.022583007813,62.342291427356635,68.43478540638404,91.92034521468601,110.44789680014992,123.28806358197617,-12.840166781826255,35.257364437864496,140.08824018365902,24.175727680211843,17.768611874697804,-31.587446713884816,62484617.0,61074622.1,1.0
2026-07-17,3588.315905255573,3631.283764884086,3542.350287978559,3616.694580078125,187911,3180.271147460937,2227.96397705078,3521.6492404555065,3430.614108192791,3746.6452750275844,3179.6737679411667,3463.1595214843755,63.78680925973697,68.43478540638404,91.92034521468601,113.1656085503505,121.26357257565104,-8.097964025300541,34.96218727640257,136.4343285209353,34.903938160893446,26.091848862501916,-30.765315175807384,62672528.0,61274280.9,1.0
2026-07-20,3616.6944992244607,3668.9554551866254,3599.0077782853323,3653.467041015625,189140,3198.8672363281244,2238.990728759765,3548.0128005675306,3450.8734657221394,3759.4870860159126,3207.801292890339,3483.644189453126,65.26987136728046,71.50148769933006,91.92034521468601,116.93864901574625,120.39858786367009,-3.459938847923837,34.948510059216495,131.68528197667516,41.99020857971129,33.689958140272196,-21.377568482714327,62861668.0,61466368.85,1.0
2026-07-21,3653.5672295258073,3697.2345181512615,3646.2726369551215,3674.251708984375,179912,3217.707143554687,2250.3117608642574,3573.2605822508995,3471.180578745979,3769.6592825010666,3240.33715304581,3504.9982177734382,66.11458676759675,71.50148769933006,91.92034521468601,120.22013686487935,120.36289766391195,-0.14276079903260097,35.12700827546238,125.9193247780655,48.0229185051535,41.639021748586075,-16.071391169145176,63041580.0,61657102.9,1.0
2026-07-22,3667.25687507747,3690.2396838313616,3613.597061691535,3656.86474609375,161629,3234.680449218749,2261.81066040039,3589.9814150194698,3488.0609575957765,3773.5094918668624,3274.698369461264,3524.1039306640632,64.69698776043401,71.50148769933006,91.92034521468601,120.03407888799757,120.29713390872908,-0.2630550207315139,34.81578511934841,122.39956030390557,49.47848928629219,46.497205457052324,-20.51015863855169,62879951.0,61826741.85,1.0
2026-07-23,3647.271865692805,3662.460455903513,3413.7465898235005,3456.5146484375,392043,3249.0077343749986,2272.356772460937,3563.288061703076,3485.1931113086603,3754.4741186099895,3312.7695093196985,3533.621813964844,51.10037535541142,71.50148769933006,91.92034521468601,102.53805326529255,116.74531778004177,-14.207264514749227,32.39550925675649,131.42201071648464,33.130565318554986,43.54399103666689,-71.65810791314826,62487908.0,61990940.1,1.0
2026-07-24,3327.611049052341,3454.516124226232,3206.601466401696,3257.063720703125,1243383,3257.635278320311,2282.05801574707,3502.043193503086,3464.4540757990662,3762.089583019671,3301.1070722537675,3531.598327636719,41.70408480680273,71.50148769933006,91.92034521468601,71.75120074145343,107.74649437232412,-35.99529363087069,31.655157146004285,139.88566581072172,15.431760118030326,32.6802715742925,-89.71486855166326,61244525.0,62082066.6,-1.0
2026-07-27,3271.4527560268302,3474.4010421827998,3213.7959339142453,3365.28271484375,526067,3270.445693359374,2291.982092285156,3474.691097771219,3455.438497530401,3763.008726817077,3280.162904042299,3521.585815429688,47.359970066012544,60.994671258090804,91.92034521468601,55.4456240716986,97.28632031219902,-41.84069624050042,30.779912473911423,148.50848312913834,7.723295036829903,18.761873491138406,-67.65785593200317,61770592.0,62091738.35,-1.0
2026-07-28,3367.181291503924,3385.967288361421,3097.6829257548784,3295.235107421875,837706,3281.771220703124,2301.529950561523,3438.7998997013506,3440.8745529750804,3771.9357790179156,3248.402941685211,3510.1693603515632,44.35992508738627,60.994671258090804,91.92034521468601,36.45089732445649,85.11923571465051,-48.66833839019402,30.654034024543787,158.4924745203815,11.34993120739987,11.501662120753366,-67.05001134641498,60932886.0,62075907.15,-1.0
2026-07-29,3326.511766888603,3387.4661729505447,3262.5596031514838,3303.728759765625,353257,3291.9056396484375,2311.0368389892574,3411.7856717142054,3428.4067535924028,3773.0617329368356,3221.1665141334784,3497.114123535157,44.816395121256626,60.994671258090804,91.92034521468601,21.831150375270227,72.46161864677447,-50.63046827150424,30.521887519844977,156.09348132600147,15.599892036353204,11.557706093527658,-65.63334388168501,61286143.0,62060258.6,-1.0
2026-07-30,3307.226230223095,3328.510359065187,3147.6456412654875,3231.383056640625,373038,3298.846450195312,2320.1914916992187,3375.7051486994897,3410.4955084149683,3758.9299392167973,3189.532560783204,3474.2312500000007,41.67983576940579,60.994671258090804,91.92034521468601,4.35697744071922,58.84069040556342,-54.4837129648442,31.0108010996404,157.86285535983706,7.876596999523299,11.608806747758791,-77.69997902076238,60913105.0,62005845.1,-1.0
2026-07-31,3222.589428723972,3230.4834261754204,3059.811288186565,3102.5791015625,904413,3303.3290917968743,2328.702124633789,3321.079939272092,3382.5031077920166,3755.3826745421593,3134.1339026062788,3444.758288574219,36.7485723587274,60.994671258090804,78.11845754160373,-19.658225433787266,43.140907237693284,-62.79913267148055,31.867797942009307,158.84206343799585,4.249960828953333,9.242149954943278,-93.29051541182399,60008692.0,61891340.45,-1.0
2026-08-03,3097.682912364919,3148.3449679787427,3022.738970936736,3114.070556640625,479397,3305.6473583984375,2337.17078918457,3279.678062745799,3358.1001485964357,3766.7368257479557,3082.969521908294,3424.853173828125,37.45949783066718,57.112286330282565,78.11845754160373,-37.33283268896366,27.046159252361893,-64.37899194132555,32.82370454360415,156.46805869542519,0.8069707860719679,4.3111762048495335,-86.45927521967161,60488089.0,61829084.95,-1.0
2026-08-04,3047.720363544868,3235.3800465246045,3047.720363544868,3221.89013671875,327508,3311.1052783203127,2345.9482244873047,3268.1204775403894,3345.7174202439187,3770.058036078568,3062.990792046433,3416.5244140625005,43.83780079377274,57.112286330282565,78.11845754160373,-42.15402192608599,13.206123016672317,-55.3601449427583,32.77286472586301,158.6960318585903,8.853946831624135,4.636959482216479,-70.47405774516207,60815597.0,61807023.4,-1.0
2026-08-05,3257.5634278122634,3294.2359488981515,3221.8901593115934,3280.346435546875,223117,3318.279912109375,2354.863556518554,3270.565669141687,3339.774603453278,3766.1588003973666,3049.732874407321,3407.945837402344,46.99415616659365,57.112286330282565,78.11845754160373,-40.7877386933701,2.4073506746638333,-43.19508936803393,32.14245509795766,152.52815902436254,20.483698676977035,10.048205431557712,-61.807388399525486,61038714.0,61770944.05,-1.0
2026-08-06,3287.3412127147662,3292.4372545385527,3230.583616926104,3258.1630859375,107779,3322.7925390625,2363.6754663085935,3268.08515250085,3332.3553745882073,3761.548770586972,3034.537728436466,3398.043249511719,45.93903069163982,57.112286330282565,78.11845754160373,-41.022083266852405,-6.278536113639415,-34.74354715321299,31.557074729188404,146.05140749494015,30.108807873967223,19.81548446085613,-65.09626846715321,60930935.0,61705163.0,-1.0
2026-08-07,3237.578190666142,3325.51241312868,3237.4781678300888,3295.434814453125,187550,3328.7340869140626,2372.414428100586,3273.5550848913053,3328.9989600304725,3759.291890508065,3026.512284296623,3392.902087402344,48.04953753523186,57.112286330282565,78.11845754160373,-37.76495513637565,-12.575819918186664,-25.189135218188984,30.6707047383315,141.90732448091524,34.88954600072173,28.494017517221994,-59.570401221691526,61118485.0,61664275.65,-1.0
2026-08-10,3295.4348929903263,3311.522956657526,3243.0741568593844,3279.546875,196883,3331.7218505859382,2381.050968017578,3274.7534429130446,3324.503315936793,3748.8245299521827,3015.6755921181298,3382.2500610351562,47.203576103549025,60.49303087220338,78.11845754160373,-36.05011823683435,-17.270679581916202,-18.77943865491815,29.847646889678664,136.66028700357427,35.72919965898486,33.575851177891266,-61.52694684779991,60921602.0,61602610.55,-1.0
2026-08-11,3295.5348623185264,3295.5348623185264,3219.591669615007,3243.57373046875,153105,3336.260454101563,2389.040491333008,3268.517500424186,3317.146080894244,3741.3913626153812,3001.7547311346193,3371.5730468750003,45.260558350973156,60.49303087220338,78.11845754160373,-37.165410050377886,-21.249625675608538,-15.915784374769348,29.261813987007095,132.3233516964275,45.066960891953066,38.561902183886545,-65.47954622104295,60768497.0,61541953.85,-1.0
2026-08-12,3239.576844375096,3282.5447050500275,3133.855873271657,3151.04296875,159044,3338.574721679688,2395.984297485352,3245.0225940893492,3302.04579797204,3724.8732037889067,2978.952308906406,3351.9127563476563,40.6280111982772,60.49303087220338,78.11845754160373,-44.99704804652583,-25.999110149791996,-18.997937896733838,29.324087558337823,133.49231455942342,43.68204173452246,41.49273409515346,-71.59292179232727,60609453.0,61463778.35,-1.0
2026-08-13,3151.042961377964,3210.098885936744,3078.8969745074505,3108.275146484375,321386,3338.073100585938,2402.589357910156,3217.6731045683546,3284.430284200434,3699.9993060819606,2956.5415874727278,3328.270446777344,38.658490643802935,60.49303087220338,78.11845754160373,-54.03183801858313,-31.605655723550225,-22.426182295032906,29.729135224723258,133.3287143358427,36.846132294429665,41.865044973635065,-81.06190867175141,60288067.0,61353950.85,-1.0
2026-08-14,3108.6746756097364,3252.5670424653463,3108.6746756097364,3233.181640625,331013,3339.4900439453136,2410.06076965332,3220.774811779684,3279.7713166026674,3656.9802708673565,2961.209328742019,3309.0947998046877,46.77392811472569,60.49303087220338,78.11845754160373,-50.53057891403569,-35.390640361647314,-15.139938552388372,29.577508734431916,134.1117987390662,46.64708613710145,42.39175338868452,-42.301350563839634,60619080.0,61251278.45,-1.0
2026-08-17,3259.5619340621824,3260.561186647732,3159.9365000745365,3195.8095703125,172332,3336.889990234376,2417.629608154297,3215.7817634862477,3272.1384305762886,3596.9442410284387,2975.479611510624,3286.2119262695314,44.861529687579825,58.87957243922693,78.11845754160373,-50.19282791501382,-38.351077872320616,-11.841750042693207,29.33669461972523,131.7198621557897,59.13427468893836,47.542497706823156,-52.547932147596875,60446748.0,61130532.45,-1.0
2026-08-18,3187.615624856473,3397.2588580038664,3187.5156020185195,3388.864990234375,423370,3338.3928662109392,2425.9239031982424,3250.398408835873,3282.749935999751,3529.2667618512833,3014.61841881278,3271.9425903320316,55.079001723656916,58.87957243922693,78.11845754160373,-33.95577778907773,-37.472017855672036,3.5162400665943068,27.597673377466407,137.29296171504382,86.83411195874845,64.20515759492942,-2.24123419325577,60870118.0,61021959.35,-1.0
2026-08-19,3396.559557301228,3396.559557301228,3216.5940692630807,3226.486572265625,279967,3338.9964160156264,2433.4897442626957,3245.6160415218237,3277.635084751194,3433.476523528398,3067.370839752852,3250.423681640625,47.1627615572804,58.87957243922693,78.11845754160373,-33.800745901146456,-36.73776346476692,2.937017563620465,25.98286793822607,140.3409993095512,76.20120608096902,74.05653090955194,-45.59765492710181,60590151.0,60907469.35,-1.0
2026-08-20,3277.54839467178,3301.8302806556417,3192.611927126932,3208.100341796875,283295,3339.066362304689,2441.0900592041016,3238.1129015768342,3271.3137444826198,3393.8685791383136,3082.137353478874,3238.002966308594,46.350425549586205,58.87957243922693,78.11845754160373,-34.76079632946403,-36.342370037706345,1.581573708242317,24.70784915270546,138.1179531823482,69.09146098959785,77.37559300977176,-50.50693507580974,60306856.0,60798416.75,-1.0
2026-08-21,3210.198856649357,3256.5640776307096,3157.6380746588043,3166.63134765625,220694,3339.8837500000013,2448.4120825195314,3223.8165907927178,3261.7971629529497,3392.238771939799,3074.723923372701,3233.48134765625,44.48916892852062,58.87957243922693,78.11845754160373,-38.4249060685147,-36.758877243868014,-1.6660288246466877,23.847906629926822,135.31852816731657,47.59429657200396,64.29565454752361,-65.98057553133668,60086162.0,60740498.6,-1.0
2026-08-24,3186.7164819967925,3242.274778747987,3152.641871632968,3170.62841796875,360245,3340.4373339843764,2455.633181762695,3213.1789562279246,3253.509095227113,3372.003743311197,3075.4935223138023,3223.7486328124996,44.71959241118554,57.12546832328653,78.11845754160373,-40.538902037788375,-37.51488220265209,-3.0240198351362864,23.09641621486422,132.0552695207239,40.96033170847325,52.54869642335835,-71.186423935599,60446407.0,60674289.35,-1.0
2026-08-25,3187.5156484928007,3322.514767140944,3135.6545381318138,3310.92333984375,409528,3344.768095703126,2463.1425640869143,3232.72783295109,3258.7285720104437,3374.5364141920522,3074.529674675135,3224.5330444335937,52.21694248170016,57.12546832328653,78.11845754160373,-30.541567197044515,-36.120219201530574,5.5786520044860595,21.46486900374319,135.9699094841815,51.66349931950235,46.73937586665985,-27.118673005679828,60855935.0,60670441.8,-1.0
2026-08-26,3317.518449748272,3337.50350065037,3230.983081758931,3255.364990234375,144263,3349.9901904296885,2470.2547442626956,3237.2552644077473,3258.422791848983,3368.2521359044094,3075.9775760096527,3222.114855957031,49.36185081512108,57.12546832328653,78.11845754160373,-26.79285049923783,-34.25474546107203,7.461894961834197,20.075869184663205,133.86637444184277,61.554953292127,51.392928106700865,-44.569992554114556,60711672.0,60641718.25,-1.0
2026-08-27,3255.5649343892223,3338.502899261631,3254.5656818003986,3326.711669921875,128415,3356.571269531251,2478.045416870117,3255.1465455105727,3264.6308716737913,3380.3271203877707,3073.435452854416,3226.8812866210933,52.92175261822761,57.12546832328653,78.11845754160373,-17.859017094269802,-30.975599787711584,13.116582693441782,18.79746201846673,130.30000608608486,78.20518658298793,63.80787973153909,-22.159432940654035,60840087.0,60638067.35,-1.0
2026-08-28,3357.288716250769,3381.4705788087786,3232.581951077541,3279.147216796875,240776,3359.4750976562514,2485.622749023438,3259.9466797678333,3265.9505394122534,3379.026487452221,3092.3928973134025,3235.7096923828117,50.379005286976266,57.12546832328653,78.11845754160373,-14.450368754545252,-27.67055358107832,13.220184826533067,18.09951943142193,131.62776477502436,74.47420812199306,71.41144933236933,-37.09980601629438,60599311.0,60667598.3,-1.0
2026-08-31,3279.1473548056306,3319.417038498833,3123.56353337463,3158.23779296875,490517,3357.7643798828135,2492.5985321044927,3239.604902408017,3256.158471553753,3374.54807434511,3101.2880340533275,3237.9180541992187,44.522829880413624,59.33143072017833,78.57646124883209,-21.260294961796717,-26.388501857222003,5.128206895425286,17.41240911706364,136.21531765710856,64.65108525820602,72.44349332106233,-75.0784178087096,60108794.0,60648633.55,-1.0
2026-09-01,3161.035490817327,3236.3792811719227,3147.645603926739,3171.927490234375,333584,3356.2595068359387,2499.6852313232425,3226.069419973289,3248.5011096156277,3375.0773361847596,3095.7625075652395,3235.4199218749995,45.2981567319743,59.33143072017833,78.57646124883209,-25.26136904643863,-26.16307529506533,0.9017062486266987,16.774378110873794,132.82377191339964,49.17532682174145,62.76687340064684,-70.77837500356043,60442378.0,60629972.6,-1.0
2026-09-02,3158.7372519263317,3193.2114640122622,3117.667875597229,3132.556640625,190272,3353.4156298828134,2506.821392822266,3207.3668641036315,3237.9607033437524,3373.209298461131,3082.851565796681,3228.030432128906,43.418780324178854,59.33143072017833,78.57646124883209,-31.248929405849594,-27.180246117222186,-4.068683288627408,16.50036234400122,128.7323302349449,25.38289919636543,46.40310375877097,-91.72443727957094,60252106.0,60590642.2,-1.0
2026-09-03,3147.345717118927,3209.199596519137,3147.345717118927,3198.607421875,211905,3352.064638671876,2514.4102166748053,3205.6149756579052,3234.3831323011386,3370.0721998334398,3080.033098018124,3225.052648925782,47.36427705890636,59.33143072017833,78.57646124883209,-30.314916603042548,-27.80718021438626,-2.507736388656287,16.02635873634751,125.01166063917289,24.757478129083047,33.10523471572997,-71.05073075638309,60464011.0,60567296.0,-1.0
2026-09-04,3208.700093915565,3226.3868159921985,3153.941003113717,3166.1318359375,149850,3349.4366064453134,2521.691770629883,3197.718347713824,3228.1784689953533,3361.914680481113,3075.260319518888,3218.5875000000005,45.67773317252709,59.33143072017833,78.57646124883209,-31.82831608756078,-28.611407389021167,-3.216908698539612,15.346500673644128,121.25695722769493,17.736797528714355,22.625724951387607,-82.66612180296107,60314161.0,60527079.8,-1.0
2026-09-07,3166.131618197408,3210.2985309094342,3157.6379717543978,3179.221923828125,141224,3341.710385742188,2529.0472686767584,3194.0190629366843,3223.727873980151,3354.9241751135028,3072.2183297693114,3213.571252441407,46.504595976878996,56.20340851384196,78.57646124883209,-31.60708854612085,-29.210543620441108,-2.3965449256797413,14.715203901133842,116.35721450821931,28.560834322032996,23.685036659943464,-77.92904834780036,60455385.0,60503768.95,-1.0
2026-09-08,3179.222053405783,3233.081668991633,3159.136979297496,3179.7216796875,174805,3334.833535156251,2536.382282714844,3191.1595862868476,3219.727310862637,3351.7626899613074,3068.9946098433816,3210.3786499023445,46.5380540056278,56.20340851384196,78.57646124883209,-31.03370081921821,-29.57517506019653,-1.4585257590216827,13.787757143339933,113.32774845007057,28.223152031415587,24.84026129405431,-76.4771917289609,60630190.0,60496853.6,-1.0
2026-09-09,3179.721624907342,3267.555826136753,3179.1219757963545,3239.376953125,282128,3328.324404296876,2543.9855957031255,3200.803059654478,3221.513641977397,3353.8749598809804,3075.715738361209,3214.7953491210947,50.51655469314748,56.20340851384196,78.57646124883209,-25.471979780969832,-28.75453600435119,3.282556223381359,13.174227028894606,111.54961287080828,46.66211542904543,34.482033927498,-53.86359728460792,60912318.0,60511996.85,-1.0
2026-09-10,3239.376885423955,3461.4107477618554,3217.593131580016,3448.820068359375,1000453,3323.5199951171885,2552.574170532227,3250.406461395458,3242.1778625575766,3396.939701706839,3066.705488722849,3231.822595214844,61.382368137122526,56.20340851384196,78.57646124883209,-4.116514165002627,-23.82693163648148,19.710417471478852,14.581985071342562,120.9973273930248,69.17141196906012,48.018893143173706,-3.6628190493650292,61912771.0,60593232.05,-1.0
2026-09-11,3485.392991085263,3485.392991085263,3347.496135359986,3381.1708984375,325242,3317.3026464843756,2560.9773846435555,3276.5593488038667,3254.8135930921153,3417.347033284511,3061.097082926428,3239.2220581054694,57.026636280215826,56.20340851384196,78.57646124883209,7.265372852771179,-17.60847073863095,24.873843591402128,16.068723360572445,122.20443655961424,83.48082840597274,66.43811860135942,-28.342391710025705,61587529.0,60641654.5,-1.0
2026-09-15,3381.4705410343795,3445.0230991406206,3229.7839591076995,3263.758544921875,264234,3312.3343603515627,2567.9421746826183,3273.9991880274683,3255.6267705311843,3419.8478455158697,3065.391168156006,3242.619506835938,50.34870689046082,60.473505990868645,78.57646124883209,6.7337817987518065,-12.740020231154398,19.473802029906203,15.851187785385466,128.84977252199332,71.44335666902137,74.69853234801808,-60.271772807587865,61323295.0,60685481.85,-1.0
2026-09-16,3272.552097312307,3356.4893114113097,3186.416576397578,3342.199951171875,243061,3311.4090527343756,2575.7393420410167,3287.63934065635,3263.4970596803378,3410.497635128606,3070.07487463702,3240.286254882813,54.20687059566004,60.473505990868645,78.57646124883209,12.49798894390733,-7.6924183961420525,20.190407340049383,15.15247571202848,131.7942698428318,58.128463571232786,71.0175495487423,-38.94023929351314,61566356.0,60720293.75,-1.0
2026-09-17,3343.0,3366.0,3282.0,3315.10009765625,182520,3308.6726953125003,2583.3475500488294,3293.1314920563304,3268.188244950875,3418.0013965906764,3071.4324657140114,3244.716931152344,52.68375431882557,60.473505990868645,78.57646124883209,14.709866752183189,-3.211961366477005,17.921828118660194,14.599769861377888,128.38039342548666,50.06978767899076,59.880535973081635,-46.30983478052762,61383836.0,60759978.0,-1.0
2026-09-18,3334.0,3462.0,3302.5,3440.300048828125,521496,3308.354399414063,2591.6122351074237,3322.5652034106897,3283.8347725760796,3449.2800329404145,3063.3738000673984,3256.3269165039064,58.48716161747607,60.473505990868645,78.57646124883209,26.262646134176066,2.6829601336536095,23.579686000522457,14.977486201133377,130.60322246652333,65.17154947951312,57.78993357657888,-12.262676754426193,61905332.0,60839901.8,-1.0
2026-09-21,3460.0,3509.89990234375,3399.0,3425.699951171875,327627,3308.903237304688,2599.560101928713,3343.192152962927,3296.7316069938793,3471.4438564083066,3067.1168369510688,3269.2803466796877,57.59994206416241,61.58266466356826,78.57646124883209,33.84999944225683,8.916367995374253,24.93363144688258,15.714501831720437,129.19584245775383,71.46775174496013,62.23636296782133,-21.466873031836585,61577705.0,60914478.95,-1.0
2026-09-22,3450.0,3450.0,3200.0,3213.699951171875,482993,3303.3254882812507,2606.7662304687515,3317.293712604717,3289.1832746464243,3470.0592631343598,3072.8085835453285,3271.433923339844,46.55626961288258,61.58266466356826,78.57646124883209,22.49707112873284,11.632508622045972,10.86456250668687,14.861188231268974,137.82471085362855,60.09755708646726,65.57895277031349,-75.51651343435385,61094712.0,60946894.2,-1.0
2026-09-23,3209.10009765625,3276.0,3167.0,3265.199951171875,448482,3299.4872070312504,2614.3822448730484,3306.8749603181486,3287.002972512374,3466.909992130204,3071.3855156822965,3269.1477539062503,49.10890797790977,61.58266466356826,78.57646124883209,17.454211952852347,12.796849288207246,4.657362664645101,14.34224227853843,135.76580293551223,39.41930724195223,56.99487202445987,-67.49334613807711,61543194.0,60981257.15,-1.0
2026-09-24,3232.0,3366.60009765625,3232.0,3283.699951171875,321801,3294.2762304687503,2622.1302301025407,3302.239958488894,3286.702697845056,3468.3169772135184,3072.812026692732,3270.5645019531253,50.032185088173,61.58266466356826,78.57646124883209,14.780128986532418,13.193505227872283,1.586623758660135,13.58397494073378,135.6825382727078,22.34705703568236,40.62130712136729,-63.54664868926254,61864995.0,61038923.3,-1.0
2026-09-25,3294.89990234375,3311.39990234375,3232.0,3272.5,153473,3288.1038037109374,2629.9531182861347,3296.2919667911156,3285.411543495505,3463.844247656768,3071.863589257294,3267.853918457031,49.447311424648746,61.58266466356826,78.57646124883209,11.623171822724089,12.879438546842646,-1.2562667241185572,12.879869555629465,131.66234999206796,23.118206100924354,28.294856792852983,-67.39300552477181,61711522.0,61082495.05,-1.0
2026-09-28,3272.5,3273.10009765625,3184.300048828125,3214.39990234375,202322,3280.05791015625,2637.493499755861,3279.913553901643,3278.9559397544367,3461.9557882649183,3067.27731720383,3264.616552734374,46.41603166629341,56.71853114265332,78.57646124883209,4.38254891186034,11.180060619846186,-6.797511707985846,12.141021201337574,128.60075705178633,15.835483912818889,20.433582349808535,-84.24493599086395,61509200.0,61127989.5,-1.0
2026-09-29,3290.0,3340.0,3202.10009765625,3304.10009765625,999485,3273.070571289062,2645.765170288088,3284.7508626525646,3281.241772290965,3463.389717842216,3080.429618095282,3271.909667968749,51.37243944206672,56.71853114265332,78.57646124883209,5.815323762615208,10.10711324839999,-4.291789485784783,11.704727901037355,129.26498171549804,17.63210526367384,18.861931759139026,-60.017457946427164,62508685.0,61247984.05,-1.0
2026-09-30,3334.10009765625,3344.0,3255.0,3279.39990234375,349433,3265.17353515625,2653.8373968505875,3283.680670590802,3281.074329568491,3462.8912777971727,3091.6752993512637,3277.283288574218,50.000920414636056,56.71853114265332,79.57852793194719,4.9012107146304515,9.065932741646083,-4.164722027015632,11.335522460805123,126.38891159296247,19.023351819740704,17.49698033207781,-67.22078321530944,62159252.0,61333827.75,-1.0
2026-10-01,3249.0,3282.699951171875,3152.300048828125,3196.5,381484,3255.9662402343747,2661.416682128908,3266.244536472642,3273.3857541531734,3457.6005444565435,3103.3603686293927,3280.480456542968,45.600634939421425,56.71853114265332,79.57852793194719,-2.4839265978466756,6.755960873747531,-9.239887471594207,11.039980259953841,126.67541093230443,19.023351819740704,18.559602967718416,-87.6398296203598,61777768.0,61410110.85,-1.0
2026-10-05,3204.10009765625,3228.10009765625,3100.199951171875,3122.199951171875,274682,3249.279946289062,2668.736383666994,3237.4356194124884,3259.6415902457825,3464.2050899978585,3089.115076017765,3276.660083007812,42.030480733716985,54.61445800454189,79.57852793194719,-14.168765406186594,2.5710156177607066,-16.7397810239473,11.201681689244095,126.76289204316662,7.984338174163852,15.34368060454842,-94.63021659214924,61503086.0,61462064.6,-1.0
2026-10-06,3140.0,3216.0,3120.0,3156.699951171875,321664,3247.272670898437,2676.2061022949233,3221.2884857643658,3250.2832594208817,3464.9472362865426,3087.4297412525193,3276.188488769531,44.21447884839562,54.61445800454189,79.57852793194719,-20.409949482165757,-2.0251774022245863,-18.384772079941172,11.351833016442189,124.56554261151186,4.423731472352971,10.477140488752509,-86.2094198843833,61824750.0,61537594.05,-1.0
2026-10-07,3160.0,3194.10009765625,3136.10009765625,3174.199951171875,209529,3243.4510156249994,2683.929696655275,3211.870778845868,3243.3665950346085,3465.251800689619,3086.622979583819,3275.937390136719,45.339421596135125,54.61445800454189,79.57852793194719,-23.671162653008196,-6.354374452381308,-17.31678820062689,11.49125924884042,119.81086099640387,11.126056778795732,7.8447088084375185,-81.93800126450199,62034279.0,61616538.75,-1.0
2026-10-08,3174.60009765625,3182.199951171875,3036.0,3056.699951171875,358872,3238.680312499999,2690.747528686525,3180.8366133110694,3226.3969001379965,3479.191787038571,3060.3808203833046,3269.786303710938,39.56968461720654,54.61445800454189,79.57852793194719,-35.32970673098407,-12.149440908101862,-23.18026582288221,12.465123218776295,121.69579600893753,11.126056778795732,8.891948343314812,-95.63199927463585,61675407.0,61668799.6,-1.0
2026-10-09,3059.0,3190.0,3031.10009765625,3160.60009765625,365561,3235.817739257812,2698.247239990236,3176.7893101801055,3220.4153726396557,3480.557658507772,3051.1372633672286,3265.8474609375003,46.101309445217524,54.61445800454189,79.57852793194719,-35.772945172457185,-16.874141760972925,-18.89880341148426,13.268314545639964,124.35323217570985,18.777628625926138,13.6765807278392,-72.95320534131771,62040968.0,61725232.1,-1.0
