Date,Open,High,Low,Close,Volume,MA50,MA200,EMA9,EMA21,BB_Upper,BB_Lower,BB_Mid,RSI,RSI_W,RSI_M,MACD,MACD_Signal,MACD_Hist,ADX,ATR,StochRSI_K,StochRSI_D,Williams_R,OBV,OBV_SMA20,Supertrend_Dir
2025-07-23,2599.537661577644,2624.7263505348947,2592.340928165788,2613.33154296875,316424,2549.26951171875,2493.5363293457044,2599.623061257098,2583.9278613011284,2642.822283802901,2557.5325990095985,2600.1774414062497,56.541097023946,56.15515111636173,10.697334601824531,20.03798637324826,22.029216222204774,-1.9912298489565146,22.16429913469713,46.7741211052843,52.67636327695958,51.22600776651464,-36.03603143004599,58411366.0,57308236.55,1.0
2025-07-24,2614.2310023512105,2623.0271181758203,2593.8402173304657,2607.234130859375,253782,2551.0616796874997,2491.0339038085945,2601.1452751775532,2586.0466130791506,2643.425629650496,2559.1482473026294,2601.2869384765627,55.400150299577405,56.15515111636173,10.697334601824531,19.431040620612293,21.509581101886276,-2.0785404812739827,22.29538604639759,45.517891086717896,48.61059333703966,47.67967869891668,-41.531656159201866,58157584.0,57540104.95,1.0
2025-07-25,2603.835816608761,2615.830453767804,2542.963130639229,2548.96044921875,424612,2550.9890332031246,2488.7029235839855,2590.7083099857928,2582.675143637296,2639.4945583708613,2553.463620340076,2596.4790893554687,45.87287551521881,56.15515111636173,10.697334601824531,14.085464180740473,20.024757717657117,-5.939293536916644,20.80153874405156,47.47142194685056,41.854565288867036,47.71384063428876,-94.05398532746956,57732972.0,57548276.95,1.0
2025-07-28,2547.8608707233648,2583.844782589211,2511.4772352271734,2521.1728515625,428409,2550.6483593749995,2485.520178222657,2576.8012183011347,2577.0840261759513,2644.9693163763673,2538.2832226861324,2591.62626953125,42.15047224250445,53.612862059389016,10.697334601824531,7.5201419241516305,17.523834558956022,-10.003692634804391,20.259986139048227,49.24971661936391,18.586990958790025,36.35071652823224,-93.16422523458012,57304563.0,57569769.2,1.0
2025-07-29,2527.869774605656,2556.256984861298,2506.37938308568,2546.76123046875,424781,2551.5987207031244,2482.5000915527353,2570.793220734658,2574.3274083843876,2643.021283403822,2532.8445369086767,2587.9329101562494,46.45901372157036,53.612862059389016,10.697334601824531,4.33190950567996,14.885449548300809,-10.553540042620849,19.884197388839052,49.294565559096355,8.52622538488176,22.989260544179608,-72.5170620049104,57729344.0,57576040.65,1.0
2025-07-30,2546.7611180128606,2551.4592125722,2523.871450784683,2531.767822265625,262063,2552.273198242187,2479.3028845214853,2562.9881410408516,2570.4583551008636,2640.0244025975726,2526.1157585352394,2583.070080566406,44.37357627457157,53.612862059389016,10.697334601824531,0.5885847683862266,12.026076592317892,-11.437491823931666,19.53525069221625,47.74407957541213,12.9255531210866,13.346256488252795,-82.72122389162752,57467281.0,57538138.5,1.0
2025-07-31,2508.778077348053,2518.87366066411,2421.517292185964,2429.613525390625,1457616,2551.160341796874,2475.779731445313,2536.3132179108065,2557.65427967266,2661.831596294443,2486.266621478994,2574.0491088867184,33.37970527459496,53.612862059389016,10.269261252223371,-10.499987751069966,7.520863723640321,-18.020851474710287,21.173130460836862,52.20882604000134,12.9255531210866,11.459110542351652,-96.50717808745848,56009665.0,57452491.75,-1.0
2025-08-01,2423.9163500803693,2443.8073598354285,2331.957461747423,2349.849365234375,976341,2547.4051904296866,2472.0380871582033,2499.0204473755202,2538.762923814634,2694.007628753631,2429.2816778869933,2561.644653320312,27.624547666262732,53.612862059389016,10.269261252223371,-25.430910760247116,0.9305088268628339,-26.36141958710995,23.653270051106354,56.46890261485877,4.399327736204839,10.083477992792679,-94.4323758576798,55033324.0,57336543.2,-1.0
2025-08-04,2358.945212557066,2373.6385936764377,2337.154907126297,2362.543701171875,576426,2543.750073242187,2468.3419323730473,2471.7250981347916,2522.742994483474,2710.2516098356514,2391.7971938752858,2551.0244018554686,29.701876874158163,44.26678675601911,10.269261252223371,-35.82646283498434,-6.420885505506601,-29.40557732947774,25.956256813499454,55.04138718166462,2.2073278822414246,6.5107362465109535,-90.48213706459157,55609750.0,57270023.9,-1.0
2025-08-05,2368.9407912308197,2368.9407912308197,2314.9649251015094,2327.159423828125,576742,2539.535131835937,2464.562767333985,2442.8119632734583,2504.962669878442,2724.567010417449,2351.1835511059876,2537.8752807617184,27.34579880251186,44.26678675601911,10.269261252223371,-46.38552475759889,-14.41381335592506,-31.97171140167383,28.292765216423614,54.96527853506789,2.2073278822414246,2.9379945002292294,-96.39587838598655,55033008.0,57156783.2,-1.0
2025-08-06,2332.856809344485,2346.8505523057943,2294.973845654689,2299.27197265625,631582,2535.2679638671866,2461.0045751953126,2414.103965150017,2486.2635155855155,2737.269083657669,2310.224104818893,2523.746594238281,25.620826615050614,44.26678675601911,10.269261252223371,-56.35432408096358,-22.801915500932765,-33.552408580030814,30.632076215649228,54.744666257642,2.2073278822414246,2.207327882241424,-98.71256052421907,54401426.0,57031807.4,-1.0
2025-08-07,2288.976664701431,2293.974430344884,2201.815680685918,2248.794677734375,1529410,2529.4757373046873,2457.2526916503907,2381.0421076668886,2464.67543941723,2751.511705016758,2262.876307678555,2507.1940063476563,22.815442619824772,44.26678675601911,10.269261252223371,-67.54910121889543,-31.751352644525298,-35.79774857437013,33.42725830960552,57.795496665691296,0.0,1.471551921494283,-88.99812397426875,52872016.0,56845689.35,-1.0
2025-08-08,2245.99582009658,2259.88951060117,2163.832603922048,2177.126708984375,2552736,2522.667758789062,2453.4639147949215,2340.259027930386,2438.5346457415158,2772.020004383061,2204.3250395622526,2488.172521972657,19.54343838247568,44.26678675601911,10.269261252223371,-81.26725060082072,-41.65453223578439,-39.61271836503633,36.21608231955692,60.528454523793506,0.0,0.7357759607471415,-97.14100375012697,50319280.0,56551466.75,-1.0
2025-08-11,2195.018553362488,2300.9711793444662,2182.024363383566,2282.37939453125,2376286,2517.9868115234376,2450.7701147460934,2328.683101250559,2424.33871381331,2767.853597269056,2178.714737691883,2473.2841674804695,34.418508508971186,38.06735920755551,10.269261252223371,-82.69274029402186,-49.86217384743188,-32.83056644658998,37.642645705685936,65.05102708352906,13.401812144063786,4.4672707146879285,-74.27893273006758,52695566.0,56349229.2,-1.0
2025-08-12,2279.081012786804,2313.6654019869634,2265.9867701854805,2287.17724609375,1075526,2514.3589208984376,2448.041608886718,2320.3819302191973,2411.869489475168,2757.504222051119,2158.077955683257,2457.791088867188,35.00837436538971,38.06735920755551,10.269261252223371,-82.48447493990307,-56.38663406592612,-26.09784087397695,38.62749682190671,63.81014170624005,27.778419438367024,13.72674386081027,-73.13891208562302,53771092.0,56181796.7,-1.0
2025-08-13,2297.972510115865,2313.865306331378,2244.396367900298,2279.0810546875,833679,2510.199453125,2445.2993469238277,2312.121755112858,2399.7978135853796,2742.558368998196,2140.198491353368,2441.378430175782,34.44535762263861,38.06735920755551,10.269261252223371,-82.02716008871403,-61.5147392704837,-20.512420818230325,39.72532544445991,64.21434147230005,46.23355684786786,29.137929476766224,-74.50243384901486,52937413.0,55938348.05,-1.0
2025-08-14,2286.977364133116,2302.9702128333474,2266.686388538396,2280.580322265625,998109,2505.77025390625,2443.2476867675773,2305.8134685434115,2388.959859829038,2722.284611943308,2126.9872142285676,2424.635913085938,34.65493539644536,38.06735920755551,10.269261252223371,-80.61448283338814,-65.3346879830646,-15.27979485032354,40.74473773683074,62.21930453106087,51.546431675428195,41.85280265388769,-72.20373020752491,53935522.0,55705516.3,-1.0
2025-08-18,2308.567855358492,2358.9452321961794,2298.972048326785,2332.55712890625,988629,2501.785151367188,2440.9304077148427,2311.1622006159796,2383.8323388360573,2700.565249944404,2122.4682949774715,2411.516772460938,41.622806530881,43.19850544416567,10.269261252223371,-74.44270288328698,-67.15629096310909,-7.286411920177898,40.18323269612286,63.37256205959613,64.51380380597394,54.097930776423325,-57.00457637714364,54924151.0,55546113.1,-1.0
2025-08-19,2338.8541943212863,2394.529497055675,2313.0659196409943,2387.33251953125,1069432,2497.9384521484376,2438.637489013671,2326.396264399034,2384.1505370810746,2672.1910327371306,2127.7428295675563,2399.9669311523435,47.92481151107373,43.19850544416567,10.269261252223371,-64.38936603054935,-66.60290597659714,2.2135399460477885,38.847364754127014,64.66477744210218,79.39199972980643,65.15074507040285,-42.34144131964911,55993583.0,55421692.4,-1.0
2025-08-20,2378.936278798334,2404.9246583146187,2371.0399072502205,2386.033203125,780025,2493.4463525390624,2435.735142822265,2338.3236521442273,2384.321688539613,2647.5926833323133,2132.2801438161237,2389.9364135742185,47.79301192300964,43.19850544416567,10.269261252223371,-55.88268728624689,-64.45886223852709,8.576174952280198,37.37882829941358,62.466204129409036,93.8558502124639,79.25388458274809,-37.415519984670055,55213558.0,55277623.2,-1.0
2025-08-21,2386.0331727421258,2395.928650280872,2370.339994701148,2376.137451171875,441867,2489.3937451171882,2432.893464355468,2345.886411949757,2383.5776669607276,2613.296227534884,2142.8571904338655,2378.076708984375,46.738748164343164,43.19850544416567,10.269261252223371,-49.37047546533313,-61.441184883888305,12.070709418555175,36.026290552775194,59.83209351871724,98.45219735161822,90.56668243129619,-24.1700036286448,54771691.0,55095639.45,-1.0
2025-08-22,2368.840728090787,2375.238014171495,2319.962680474945,2323.86083984375,584211,2485.0448974609376,2429.779163818359,2341.481297528556,2378.148864495548,2573.7803210923234,2154.035767774864,2363.9080444335937,41.52726310661094,43.19850544416567,10.269261252223371,-47.87590271483441,-58.72812845007753,10.852225735243117,35.51898411330156,59.57085617430386,90.93840961077022,94.41548572495077,-33.623596047206206,54187480.0,54897134.25,-1.0
2025-08-25,2334.655994090531,2347.350268932297,2298.9719992562027,2301.87060546875,542455,2480.946728515625,2426.8151660156245,2333.559159116595,2371.214477311293,2543.919350275425,2159.1877542167613,2351.553552246093,39.530511825829116,45.242455246574615,10.269261252223371,-47.913553556013085,-56.56521347126464,8.651659915251557,35.324706130458395,58.77138571014602,81.23427483694921,90.20829393311254,-42.74469065582124,53645025.0,54692736.9,-1.0
2025-08-26,2302.9703180017605,2308.267998181939,2248.3946217073417,2270.984619140625,1071550,2475.5091601562503,2423.6060729980463,2321.044251121401,2362.1026720230507,2516.963572357746,2161.1247088922532,2339.0441406249997,36.85042155216267,45.242455246574615,10.269261252223371,-49.860868041162576,-55.22434438524423,5.363476344081654,35.739220205333694,58.850099336178275,69.62064058538597,80.59777501103514,-55.55555927027722,52573475.0,54456182.5,-1.0
2025-08-28,2270.8845315177978,2326.8595036694337,2253.992182177498,2274.18310546875,907868,2471.245063476563,2419.7600891113275,2311.672021990871,2354.109984154478,2475.9989496128437,2174.8315191371557,2325.4152343749997,37.32431833288092,45.242455246574615,10.269261252223371,-50.563176856159316,-54.292110879427256,3.7289340232679393,35.652677660238325,59.85132949016096,64.68436923270903,71.84642821834807,-54.2288932645544,53481343.0,54243782.45,-1.0
2025-08-29,2281.979709582827,2288.6766664945285,2238.998926616528,2243.69677734375,795699,2466.9589794921876,2416.1420642089834,2298.076973061447,2344.0724198989574,2430.3569856501517,2191.6663786076597,2311.0116821289057,34.65486222977564,45.242455246574615,10.269261252223371,-52.969158064704516,-54.02752031648271,1.0583622517781919,35.75485514920829,59.12464451786378,58.95802003651667,64.42100995153723,-66.87399191859757,52685644.0,54004700.6,-1.0
2025-09-01,2257.9905092761574,2286.977549899889,2251.093690326569,2283.17919921875,425639,2464.232197265625,2412.9262585449214,2295.0974182929076,2338.5366725643926,2409.611268563677,2197.7686630769476,2303.6899658203124,40.58184183419347,42.21258281196572,9.850814633066522,-51.10095404074809,-53.442207061335786,2.3412530205876934,35.84973424610897,57.99293937774057,53.84233284828377,59.16157403916982,-54.61879677347532,53111283.0,53859781.5,-1.0
2025-09-02,2289.9761345072952,2300.971218522826,2262.98820101463,2273.18359375,481894,2460.749755859375,2409.7876062011715,2290.714653384326,2332.595483581266,2404.282775856603,2195.430578635584,2299.8566772460936,39.602503398535994,42.21258281196572,9.850814633066522,-49.85228461161387,-52.72422257139141,2.87193795977754,35.54090682129897,56.56365924420168,45.71216126525792,52.83750471668611,-79.39760953070709,52629389.0,53739584.75,-1.0
2025-09-03,2283.9787044983127,2291.975128846665,2262.0885904572983,2287.677001953125,443629,2457.085390625,2406.88951171875,2290.107123098086,2328.5119852514345,2396.3617476813542,2195.8649368889583,2296.1133422851562,41.79581998215246,42.21258281196572,9.850814633066522,-47.14969583342054,-51.609317223797234,4.459621390376697,35.2678266385274,54.658150611713474,46.141061685183764,48.56518526624181,-70.66273275493585,53073018.0,53612748.15,-1.0
2025-09-04,2308.867694435034,2316.2645340706063,2273.983387552878,2277.78173828125,392697,2452.5514208984378,2404.2081909179688,2287.642046134719,2323.9001446177813,2393.1025253009057,2194.186390714719,2293.6444580078123,40.70886170659004,42.21258281196572,9.850814633066522,-45.284330264975324,-50.34431983203285,5.059989567057528,34.30625010774332,53.774078890714534,46.13734773313547,45.99685689452571,-76.6264031095014,52680321.0,53495113.8,-1.0
2025-09-05,2273.9833287923934,2292.4750613562,2246.9953947803515,2280.38037109375,443010,2447.6376171875,2401.4894091796878,2286.1897111265253,2319.9438015701417,2392.291656718516,2193.1080991408594,2292.699877929688,41.14176361319268,42.21258281196572,9.850814633066522,-43.09950242699142,-48.89535635102457,5.795853924033146,33.874737990193296,53.181620868224115,49.678960416270904,47.31912327819671,-75.0602609651182,53123331.0,53431209.05,-1.0
2025-09-08,2288.9766250845446,2332.8569090619844,2284.978412638982,2309.8671875,542811,2442.1340771484374,2398.958524169922,2290.9252064012203,2319.027745745583,2393.403295238452,2198.1037115974864,2295.753503417969,45.96300169238518,44.058816492011225,9.850814633066522,-38.544355633463056,-46.82515620751227,8.280800574049216,32.39777937358099,53.13125780393914,59.90738878570913,51.90789897837183,-57.28916777512245,53666142.0,53470915.35,-1.0
2025-09-09,2318.9630424170555,2323.9608075946785,2295.97332259999,2310.56689453125,369431,2435.4430664062497,2396.4171496582035,2294.8535440272262,2318.2585774533713,2382.623090812067,2222.2279345785582,2302.4255126953126,46.075879207882,44.058816492011225,9.850814633066522,-34.48043942939148,-44.35621285188812,9.875773422496636,31.026317801012414,51.33527403184983,73.67682377560149,61.0877243258605,-56.86746884748225,54035573.0,53656730.0,-1.0
2025-09-10,2328.9586601956157,2344.851456444431,2324.0609477502976,2339.154052734375,390490,2429.8615624999998,2397.204957275391,2303.713645768656,2320.1581661152804,2386.4868967166553,2224.041594494283,2305.264245605469,50.61479874191512,44.058816492011225,9.850814633066522,-28.623062952112832,-41.20958287193306,12.586519919820226,29.220459055849386,50.11736602337347,90.71544176901685,74.76655144344248,-36.17835819805031,54426063.0,53743254.85,-1.0
2025-09-11,2346.95068100964,2417.61903643987,2339.154118015996,2397.72802734375,2111888,2425.4035546875,2398.0640930175787,2322.516522083675,2327.2099716815046,2401.342907913084,2220.2406614228535,2310.791784667969,58.35046854715211,44.058816492011225,9.850814633066522,-19.035193800766137,-36.77470505769968,17.73951125693354,28.21898955228527,52.14219585781071,95.64339282871786,86.67855279111207,-11.135929272349243,56537951.0,53881597.8,-1.0
2025-09-12,2415.819681666717,2420.5177762516864,2386.0331958449106,2390.930908203125,533971,2420.641684570313,2398.741882324219,2336.1993993075653,2333.002784092561,2412.3435256712905,2220.4250290162086,2316.3842773437495,57.23017700805476,44.058816492011225,9.850814633066522,-11.848625550378983,-31.78948915623554,19.940863605856556,27.340087189446457,50.88093761130823,98.42405166582039,94.92762875451837,-16.299611918006974,56003980.0,54034926.15,-1.0
2025-09-15,2390.930970910245,2401.726192996577,2377.03728069022,2382.334716796875,298129,2416.0877197265627,2399.9111877441414,2345.4264628054275,2337.4875052474986,2420.1886908940114,2222.755303246614,2321.4719970703127,55.77180838124308,49.31429804283593,9.850814633066522,-6.768832354700862,-26.785357795928604,20.016525441227742,26.29720808723076,49.01007866095457,94.7965716295488,96.28800537469567,-21.03531370519205,55705851.0,54123442.6,-1.0
2025-09-16,2408.922997307066,2414.7204541566816,2386.9328288669185,2398.32763671875,752979,2412.095502929688,2399.9251208496103,2356.006697588092,2343.0184262903394,2429.245528185096,2220.2755167367786,2324.7605224609374,57.92024146681733,49.31429804283593,9.850814633066522,-1.4360112263734663,-21.715488482017577,20.27947725564411,25.58350856314939,47.82262571087258,94.19135805173418,95.8039937823678,-12.224702601155323,56458830.0,54200176.55,-1.0
2025-09-17,2415.9198099687437,2415.9198099687437,2389.931429720838,2400.926513671875,514354,2408.61505859375,2399.755733642579,2364.9906608048486,2348.2827978704786,2431.799164153696,2219.0812801822417,2325.440222167969,58.2749423203342,49.31429804283593,9.850814633066522,2.965807605201462,-16.779229264573768,19.74503686977523,24.944970603692298,46.26303674923209,95.66106133524022,94.88299700550773,-10.792963165637426,56973184.0,54249156.6,-1.0
2025-09-18,2413.420927252598,2436.9104247843597,2387.3324940834414,2400.926513671875,703730,2404.830751953125,2399.456220703126,2372.1778313782543,2353.06859021606,2434.520280070674,2217.8494953199515,2326.1848876953127,58.27494232033419,49.31429804283593,9.850814633066522,6.380727685721013,-12.147237874514813,18.527965560235828,24.773837591146545,46.499814888638255,99.15425795067259,96.33555911254899,-18.947374050239883,56973184.0,54337137.9,-1.0
2025-09-19,2493.8850298849798,2577.8474918129705,2464.9980423818865,2522.8720703125,7965135,2403.651279296875,2399.796906738282,2402.316679165104,2368.505270224827,2471.8291963117995,2195.2140409928884,2333.521618652344,71.39592851585923,49.31429804283593,9.850814633066522,18.711370698078554,-5.97551615999614,24.686886858074693,26.488859777151102,55.81561226381377,99.7594715284872,98.19159693813333,-16.61631345049338,64938319.0,54845469.3,1.0
2025-09-22,2533.867180536491,2657.8117684601693,2520.9730427925247,2628.324951171875,7022985,2404.620849609375,2400.3793762207038,2447.5183335664583,2392.1252412200133,2539.611787059205,2157.8778613782943,2348.7448242187497,77.87519839100821,54.775169399054654,9.850814633066522,36.571091523344876,2.5338053766720634,34.03728614667281,28.708701749416413,61.60297750694455,99.86571657916076,99.59314868610683,-7.177614909593588,71961304.0,55734160.5,1.0
2025-09-23,2641.419157384738,2693.795642959921,2591.841225304295,2675.203857421875,5610022,2406.973798828125,2401.2933984375013,2493.055438337542,2417.859660874728,2606.0271700127664,2128.7958036200457,2367.411486816406,80.03974978146877,54.775169399054654,9.850814633066522,53.88661356281773,12.804367013901196,41.08224654891653,31.00253572827693,64.48522323185037,99.99999999999999,99.8750627025493,-4.161095615724497,77571326.0,56930475.55,1.0
2025-09-24,2653.813369229093,2674.803983448984,2613.231417458034,2618.629150390625,1720785,2407.7434521484374,2401.785677490235,2518.1701807481586,2436.1114326489005,2643.6259890633874,2125.9614376944255,2384.7937133789064,71.0107038915553,54.775169399054654,9.850814633066522,62.32573125435192,22.708639861991344,39.61709139236058,33.13252442293312,64.30573871270687,92.26262781244162,97.37611479720078,-16.823288007460256,75850541.0,58094328.85,1.0
2025-09-25,2623.826913917968,2646.716582525825,2565.8528335342567,2575.24853515625,1489682,2407.3076464843743,2402.1417285156253,2529.585851629777,2448.7602601495682,2666.4942033509983,2133.199766375565,2399.8469848632817,64.95956243367418,54.775169399054654,9.850814633066522,64.76674895689393,31.120261680971865,33.64648727592207,33.905648397785114,65.48845373262553,77.51142824729935,89.92468535324699,-28.99758107323572,74360859.0,59138304.65,1.0
2025-09-26,2571.65032593956,2603.8358877223764,2533.867169050374,2542.563232421875,1037808,2406.012226562499,2402.3870520019536,2532.181327788197,2457.2878030834145,2678.068224801225,2151.51239043315,2414.7903076171874,60.758473907714,54.775169399054654,9.850814633066522,63.3337700275747,37.562963350292435,25.770806677282266,33.89507043241258,65.80847265686674,58.58810811512185,76.12072139162095,-38.01506421289235,73323051.0,60170175.0,1.0
2025-09-29,2542.563084003863,2553.85808245075,2503.880429173827,2508.37841796875,1012402,2403.8711816406244,2402.604566650391,2527.4207458243077,2461.9324044366267,2684.8527777362365,2167.2477593731387,2426.0502685546876,56.633178284410306,55.544961058576305,9.850814633066522,58.76231962768679,41.80283460577131,16.959485021915484,33.24748413658153,64.67769984401362,39.80992046867533,58.63648561036551,-50.148722149553116,72310649.0,61130143.3,1.0
2025-09-30,2520.8729319069857,2533.8671222776406,2489.487062008936,2504.780029296875,712592,2402.0679833984364,2402.8537927246093,2522.892602518821,2465.8276430602855,2688.2282457486217,2187.0319349154406,2437.630090332031,56.200615830051724,55.544961058576305,15.083653294850606,54.22399193169713,44.28706607095648,9.93692586074065,32.348753516932824,63.22786844577727,21.81677698158088,40.07160185512602,-53.29765421376778,71598057.0,62078576.7,1.0
2025-10-01,2517.274416024738,2602.236429072377,2470.995302966356,2591.541259765625,1573485,2401.5322216796867,2403.3027954101567,2536.622333968182,2477.2561536698618,2701.983308300638,2203.6632981446746,2452.8233032226562,63.44953291225275,55.544961058576305,15.083653294850606,56.971508652497505,46.82395458726468,10.147554065232825,32.34017298636081,68.08595827865183,17.95253471389514,26.526410721383783,-32.28151025330553,73171542.0,63083502.9,1.0
2025-10-03,2593.8402499757262,2611.732152545997,2563.2538280281465,2588.742431640625,917651,2401.5741992187495,2403.6206652832034,2547.0463535026706,2487.3912698490217,2710.242550246865,2226.500125534385,2468.371337890625,63.08680674805169,55.544961058576305,15.083653294850606,58.2516051656321,49.10948470293816,9.142120462693939,32.43548734072345,66.68541301002317,21.182308094309555,20.31720659659519,-33.16509485860063,72253891.0,64062181.4,1.0
2025-10-06,2587.942979189176,2598.638148347753,2561.4548225471854,2572.349853515625,654955,2400.7545654296873,2403.932250976563,2552.1070535052613,2495.1147774550764,2711.9683710385734,2253.971252984865,2482.969812011719,60.891170009490885,57.37726412671891,15.083653294850606,57.28302377802356,50.74419251795525,6.538831260068314,32.48260977941981,64.57812106649064,27.151937195105873,22.095593334436856,-39.576574243202025,71598936.0,64985961.65,1.0
2025-10-07,2579.5465132159534,2616.1302525420506,2531.967934346269,2541.063720703125,1120230,2399.4311572265624,2404.2112878417965,2549.8983869448343,2499.2919541139895,2709.6572174361863,2279.402059907564,2494.529638671875,56.826177994803295,57.37726412671891,15.083653294850606,53.37560584225639,51.27047518281548,2.10513065944091,31.8507370411788,65.97699229001142,17.48086549361632,21.938370261010583,-49.8369617413136,70478706.0,65826589.85,1.0
2025-10-08,2560.8548864007653,2563.8535455183305,2498.8825979710823,2522.971923828125,1063357,2398.91138671875,2404.550723876953,2544.5130943214926,2501.444678633456,2702.255410617156,2308.044369656282,2505.149890136719,54.55799404112379,57.37726412671891,15.083653294850606,48.26274923768324,50.668929993789035,-2.4061807561057975,30.56559850903374,65.90513195124262,7.433318613873459,17.355373767531884,-55.74037849511453,69415349.0,66595578.65,1.0
2025-10-09,2533.867076640608,2557.856350738981,2521.0727483151727,2541.263671875,651703,2399.313203125,2405.1716894531246,2543.863209832194,2505.06458710996,2696.6229575655807,2333.887784621921,2515.255371093751,56.45064172317472,57.37726412671891,15.083653294850606,45.166117847666555,49.56836756456455,-4.402249716897991,29.372255586327615,63.82502269928302,3.3505198430570884,9.421567983515622,-66.6667704117369,70067052.0,67377628.1,1.0
2025-10-10,2550.859371587424,2563.853561176232,2537.6653201958597,2549.759765625,690142,2399.3731738281253,2406.2067846679683,2545.0425209907553,2509.127785156782,2696.043593567455,2349.6703224481716,2522.8569580078133,57.33940872554666,57.37726412671891,15.083653294850606,42.903019617908285,48.235297975233294,-5.332278357325009,28.364772938691548,61.13668114793223,6.114259961913858,5.6326994729481346,-64.64796119210646,70757194.0,68088590.25,1.0
2025-10-13,2527.969699070452,2540.963888631541,2502.880820074515,2526.270263671875,645483,2399.26322265625,2407.154404296875,2541.288069526979,2510.6861922945177,2691.3000034829483,2367.9478480795533,2529.623925781251,54.05482865703393,55.304975052004835,15.083653294850606,38.76720723516564,46.341679827219764,-7.574472592054121,26.666176930162592,60.118271462400266,6.114259961913858,5.1930132556282675,-75.19080953506834,70111711.0,68793976.8,1.0
2025-10-14,2537.765113948781,2537.765113948781,2484.089164542924,2515.875,673048,2400.988452148438,2407.8827062988275,2536.2054556215835,2511.157902085925,2682.6705179530973,2389.9313619297163,2536.300939941407,52.61831434133891,55.304975052004835,15.083653294850606,34.25585504995888,43.924514871767585,-9.668659821808703,24.816185217095583,59.6581056012186,3.6384393508373094,5.288986424888341,-77.97949678719927,69438663.0,69480617.4,1.0
2025-10-15,2533.8671809672105,2560.2552859492885,2526.1706706833984,2531.668212890625,759772,2404.6248291015627,2408.5511047363275,2535.298007075392,2513.022475795443,2674.2451746840834,2411.690762815917,2542.96796875,54.59265128223871,55.304975052004835,15.083653294850606,31.590797186158397,41.45777133464575,-9.866974148487351,23.434123314412822,58.56683276893788,5.332623643162956,5.028440985304707,-65.4720759623563,70198435.0,70167597.65,1.0
2025-10-16,2543.6627031386624,2578.5470076936936,2539.7642997440025,2556.45703125,1020102,2408.503095703126,2409.2949926757806,2539.5298119103136,2516.971071745857,2663.7482584612803,2437.740730796532,2550.744494628906,57.580421102604504,55.304975052004835,15.083653294850606,31.12023539918573,39.39026414755375,-8.27002874836802,22.497843243140636,57.73197291423293,20.603625481592104,9.858229491864122,-41.115679901020876,71218537.0,70879865.3,1.0
2025-10-17,2558.8558581973275,2576.0481221882887,2541.963508933551,2548.260498046875,682968,2412.9251171875007,2409.0867565917965,2541.275949137626,2519.8155650459494,2646.526682148758,2469.695705546555,2558.1111938476565,56.262174782514464,55.304975052004835,15.083653294850606,29.743060576673543,37.46082343337771,-7.717762856704169,21.628440319816463,56.04287579569755,31.817692847200064,19.25131399065171,-46.76320534343689,70535569.0,71557984.55,1.0
2025-10-20,2560.155478278593,2577.8475198567253,2535.966341361543,2546.96142578125,747349,2417.878906250001,2409.190227050781,2542.413044466351,2522.28337056734,2646.3554889994953,2472.275834242693,2559.315661621094,56.04318074096369,55.22236786729258,15.083653294850606,28.221495499935372,35.61295784668925,-7.391462346753876,20.670073905825156,55.031325988517885,37.02517718666036,29.815498505150842,-47.65828421273947,69788220.0,71800479.6,1.0
2025-10-21,2553.7580192137502,2560.854943563004,2541.163797057756,2548.76025390625,101019,2423.8782177734383,2409.171813964843,2543.682486354331,2524.6903599617867,2636.1468613268153,2474.5279921888095,2555.3374267578124,56.296851001841496,55.22236786729258,15.083653294850606,26.851269885682996,33.860620254488,-7.009350368805002,19.78016223569037,52.50702745399862,33.074959605387434,33.972609879749285,-46.41886660157213,69889239.0,71696876.35,1.0
2025-10-23,2558.7559059326,2576.6480530013264,2539.7643968629645,2544.662353515625,852445,2431.2289306640632,2408.91886352539,2543.87845978659,2526.5059957394083,2606.6890344385197,2490.93166868648,2548.8103515625,55.51093121847515,55.22236786729258,15.083653294850606,25.14483588454459,32.117463380499316,-6.972627495954725,19.316435504911187,51.391072360024566,31.071441268728435,33.723859353592076,-54.12549995566414,69036794.0,71270149.75,1.0
2025-10-24,2553.6582947433294,2553.6582947433294,2496.583715432349,2503.080810546875,473765,2435.642958984376,2408.6233483886713,2535.7189299386473,2524.376433449178,2594.2521322132093,2491.813736927416,2543.0329345703126,48.16349244758919,55.22236786729258,15.083653294850606,20.20428916951232,29.73482853830192,-9.530539368789597,18.12080346952295,51.7970371422357,20.53133328610519,28.225911386740353,-85.6168664680524,68563029.0,70905774.15,1.0
2025-10-27,2503.080842969023,2513.476341705826,2485.988631249864,2491.68603515625,478055,2439.733134765626,2408.7211853027343,2526.912350982168,2521.404579058912,2592.580632180906,2485.1289869597194,2538.8548095703127,46.35288587570899,52.66931365774992,15.083653294850606,15.194257220083728,26.826714274658283,-11.632457054574555,17.258899128685364,50.06065666464475,9.210549028948964,20.271107861260862,-94.24658587077376,68084974.0,70591979.9,1.0
2025-10-28,2493.884985722901,2514.8756008331943,2477.992189037716,2493.28515625,626988,2444.017216796876,2408.596735839844,2520.186912035734,2518.848267894465,2593.794607340985,2478.9872041824538,2536.3909057617193,46.65596238188947,52.66931365774992,15.083653294850606,11.223429800288159,23.70605737978426,-12.4826275794961,16.64770646786294,49.11942488827573,0.8998012477231363,10.213894520925763,-84.79141286644348,68711962.0,70361425.45,1.0
2025-10-29,2498.882681833008,2598.837989106328,2494.3846930057084,2536.265869140625,1526734,2449.1309277343757,2408.7136645507812,2523.4027034567125,2520.4316861895704,2593.6583660919828,2481.912190548643,2537.785278320313,54.15306062539823,52.66931365774992,15.083653294850606,11.413141199981965,21.247474143823798,-9.834332943841833,16.71362240196913,53.150382600279485,24.05767336615555,11.389341214275884,-51.77848127959499,70238696.0,70257827.8,1.0
2025-10-30,2548.860280911002,2558.255981980973,2510.6774031562054,2525.7705078125,783328,2452.9951953125,2408.964691162109,2523.87626432787,2520.917033609837,2592.855339158133,2484.814265334055,2538.834802246094,52.22297151273885,52.66931365774992,15.083653294850606,10.594474399208138,19.116874194900664,-8.522399795692525,16.774830055067735,52.75239661631435,41.48532042137059,22.14759834508309,-60.46340150203224,69455368.0,70150693.35,1.0
2025-10-31,2533.8669778992216,2542.36317881131,2463.798211588104,2479.89111328125,848642,2454.8463671875,2409.503332519531,2515.079234118546,2517.1874044890565,2587.41508557393,2479.0895042698203,2533.252294921875,44.71958845323927,52.66931365774992,14.994299424321994,6.172439314636904,16.527987218847912,-10.355547904211008,15.69520600513708,54.59615165966373,40.58551917364745,35.37617098705786,-88.0828434488689,68606726.0,69922452.55,1.0
2025-11-03,2482.889863384171,2500.7817659948246,2456.401706629066,2465.8974609375,731108,2456.4436523437507,2410.7175524902336,2505.2428794823372,2512.5246823480056,2582.6222290798387,2471.597863693599,2527.1100463867188,42.70417585417887,51.356871678885426,14.994299424321994,1.5212379723557206,13.526637369549475,-12.005399397193754,14.618758284211186,53.86643078152763,17.427647055215033,33.166162216744354,-93.33333182860227,67875618.0,69703538.9,1.0
2025-11-04,2478.69168852868,2487.787474814622,2389.531605766614,2418.718505859375,2072668,2457.2952734375003,2410.919609374999,2487.938004757745,2503.9968481217666,2589.2546811280395,2449.6022768797734,2519.4284790039064,36.699040487049444,51.356871678885426,14.994299424321994,-5.903765056716566,9.640556884296267,-15.544321941012832,14.89368115414127,57.037104943419074,0.0,19.33772207628749,-86.05541807800999,65802950.0,69413739.6,-1.0
2025-11-06,2424.016405305113,2426.0155115751168,2306.56891194242,2313.265869140625,1978147,2457.0833740234384,2410.5564404296865,2453.003577634321,2486.65766821439,2622.838103069789,2393.2390697817727,2508.038586425781,27.418233572550573,51.356871678885426,14.994299424321994,-20.065971896867268,3.69925112806356,-23.765223024930826,16.275740766465837,61.49492599265319,0.0,5.809215685071678,-97.70863299559768,63824803.0,69081044.45,-1.0
2025-11-07,2313.965472348348,2401.4263703312768,2290.3759211083425,2368.341064453125,2232889,2458.412783203126,2410.270332031249,2436.0710749980817,2475.9016133270025,2630.6481108624657,2369.965976051597,2500.3070434570313,36.45650559224026,51.356871678885426,14.994299424321994,-26.539583078360465,-2.348515713221245,-24.19106736513922,17.742637800908106,65.03460622338756,10.43248468273551,3.4774948942451696,-74.72456051053524,66057692.0,68913161.6,-1.0
2025-11-10,2307.215551504247,2314.0957762481394,2290.838596032777,2297.3310546875,577428,2458.939711914063,2409.769291992186,2408.3230709359655,2459.6679261779564,2645.2181003173923,2331.00272487792,2488.1104125976562,31.08224771653695,45.485317729017,14.994299424321994,-36.973671443131025,-9.2735468592032,-27.700124583927824,19.104756475747358,65.92516780888474,14.66169700907314,8.364727230602883,-97.74522241120327,65480264.0,68683822.2,-1.0
2025-11-11,2294.71481205828,2305.2774725648533,2266.1277391204144,2293.5517578125,654132,2459.3270849609376,2409.0345581054676,2385.3688083112725,2444.5664563265514,2651.824184744577,2298.7758396694853,2475.300012207031,30.821825554292484,45.485317729017,14.994299424321994,-45.02865699025233,-16.424568885413027,-28.604088104839303,20.661553195245745,64.0126367828529,18.59031534877907,14.56149901352924,-91.75738688746539,64826132.0,68387269.1,-1.0
2025-11-12,2310.2195672117296,2439.587997516291,2287.9314362909995,2407.609130859375,6895852,2462.60533203125,2409.1623352050774,2389.816872820893,2441.206699465899,2646.652801018574,2292.081110114238,2469.366955566406,45.627866268489996,45.485317729017,14.994299424321994,-41.72780215317198,-21.48521553896482,-20.24258661420716,19.342940550886965,70.27291710016995,29.764433356240175,21.00548190469746,-57.476094666470125,71721984.0,68467782.75,-1.0
2025-11-13,2424.5675068494074,2446.855636791042,2391.716717010544,2411.194580078125,2791508,2465.165639648438,2409.3467529296868,2394.0924142723393,2438.4783249761012,2641.8179988339016,2286.4478703067234,2464.1329345703125,46.01899140829069,45.485317729017,14.994299424321994,-38.38011307358556,-24.86419504588897,-13.515918027696593,18.00351727729011,69.19191729162195,48.72689008262212,32.36054626254712,-56.3984455051047,74513492.0,68721524.2,-1.0
2025-11-14,2422.6293500664538,2474.667360186821,2404.217417081213,2438.909423828125,4637753,2468.4801562500006,2409.62753540039,2403.0558161834965,2438.5175157808308,2634.5810893229773,2284.4089009113977,2459.4949951171875,49.06882797494573,45.485317729017,14.994299424321994,-33.10902881666016,-26.513161800043207,-6.59586701661695,17.113356233784998,69.28177627833523,71.79251706394466,50.09461350093565,-48.06842148234814,79151245.0,69169164.7,-1.0
2025-11-17,2458.9005520632363,2473.7937951928034,2419.9179823354043,2460.899658203125,2672697,2471.944609375001,2410.3674401855455,2414.6245845874223,2440.552256001039,2623.773761556425,2285.660491373263,2454.717126464844,51.4143818467213,49.424613955364414,14.994299424321994,-26.847744348224296,-26.580078309679426,-0.2676660385448706,16.286778121958818,68.18135031969693,80.10462705357537,66.87467806671404,-41.45899650192418,81823942.0,69699434.95,-1.0
2025-11-18,2460.899625723853,2477.4923040785425,2433.21205485812,2435.7109375,1245215,2475.1031933593754,2411.2581396484366,2418.841855169938,2440.112136137308,2612.4318436811936,2285.747453193806,2449.0896484375,48.650557132294345,49.424613955364414,14.994299424321994,-23.645579030488534,-25.99317845384125,2.3475994233527153,15.58208772851967,66.47412881260588,83.38569774437849,78.42761395396616,-49.029764371020924,80578727.0,70201592.85,-1.0
2025-11-19,2445.406608965021,2448.804991822671,2412.8210809611383,2432.0126953125,774785,2478.1358398437505,2411.9987231445302,2421.4760231984505,2439.3758233350527,2600.1426365537795,2286.541787274345,2443.3422119140623,48.2405306804904,49.424613955364414,14.994299424321994,-21.16231123205762,-25.027005009484526,3.8646937774269077,14.529364472333741,64.29625610181496,84.37306512727334,82.62112997507573,-43.21502276954874,79803942.0,70702378.95,-1.0
2025-11-20,2449.005048174653,2477.7919810569465,2439.30918827435,2445.0068359375,1526556,2480.8386328125007,2412.641679687499,2426.1821857462605,2439.887733571639,2586.9297804331995,2289.3793015980505,2438.154541015625,49.840151937157835,49.424613955364414,14.994299424321994,-17.938995485627856,-23.609403104713195,5.6704076190853385,14.077864463487838,62.973615362002924,85.60090439739935,84.45322242301705,-35.2439726715553,81330498.0,71274441.9,-1.0
2025-11-21,2448.9051014333068,2455.102281863283,2416.91940214928,2421.217529296875,547541,2483.051645507813,2413.495378417968,2425.1892544563834,2438.190442273933,2572.146007370971,2291.818592238404,2431.9822998046875,46.97770121852963,49.424613955364414,14.994299424321994,-17.10689512587578,-22.308901508945713,5.202006383069932,13.208888454678265,61.20284853000296,86.29845246076431,85.42414066181233,-33.90704082846759,80782957.0,71861750.05,-1.0
2025-11-24,2425.1156185360114,2431.212989898014,2392.030558216385,2398.127685546875,691419,2484.2311181640634,2414.057794189452,2419.776940674482,2434.548373480564,2563.5081690926354,2289.9611180167403,2426.734643554688,44.31724966995353,48.47879935363564,14.994299424321994,-18.10193913033345,-21.467509033223262,3.3655699028898134,12.602844065040061,59.629961612261944,81.791462856517,84.56360657156021,-40.44928998356191,80091538.0,72438175.5,-1.0
2025-11-25,2399.8267841142438,2406.6237935585305,2324.260721087291,2331.857177734375,2223715,2482.913701171876,2414.3777734374994,2402.1929880864604,2425.2128102309102,2558.188737446458,2279.2976639207295,2418.743200683594,37.7153913617243,48.47879935363564,14.994299424321994,-23.96177834245418,-21.966362895069445,-1.9954154473847368,13.131244226657724,61.25375524504604,64.94881456021447,77.67957662583193,-68.94636618230976,77867823.0,72927317.95,-1.0
2025-11-26,2320.1625121919437,2355.9465605173464,2308.9675667352863,2313.96533203125,1026965,2481.374389648438,2414.6490051269525,2384.5474568754184,2415.09940312185,2552.0727823863112,2267.481636559002,2409.7772094726565,36.14966036519257,48.47879935363564,14.994299424321994,-29.707021503852957,-23.51449461682615,-6.192526887026808,13.836208470698363,60.23412942626133,46.40273499511587,64.38100413728245,-77.39930350390512,76840858.0,73333762.75,-1.0
2025-11-27,2308.967606707317,2319.462914010532,2241.99755058204,2253.9921875,1474038,2478.8075390625,2414.4223083496086,2358.436403000335,2400.4532926107727,2541.094871693522,2250.2321790877277,2395.6635253906247,31.43832245236036,48.47879935363564,14.994299424321994,-38.653921305118274,-26.542379954484574,-12.1115413506337,15.317381514522049,61.464931854992116,23.926040288128927,45.092529947819756,-94.91309574454235,75366820.0,73590168.95,-1.0
2025-11-28,2266.0869091361897,2329.958254007972,2246.7954856828023,2279.180908203125,3037620,2476.4246044921874,2414.2061633300773,2342.585304040893,2389.428530391896,2524.05688986216,2242.6112009581525,2383.3340454101562,35.25495661252674,48.47879935363564,14.994299424321994,-43.21374347161418,-29.876652657910498,-13.337090813703682,16.454979898288073,63.01477731714765,16.798080853157046,29.042285378800614,-84.23060394336063,78404440.0,74037622.55,-1.0
2025-12-01,2298.972029816672,2302.9702420424405,2255.991248389665,2260.989013671875,1313265,2473.6258544921875,2413.9597521972646,2326.2660459670897,2377.752210690076,2515.52156055975,2229.256320299625,2372.3889404296874,33.7918771392048,41.59654577241358,14.260640803629098,-47.744994664705246,-33.45032105926945,-14.294673605435797,17.511321254642233,61.869364198263916,12.101164843837083,17.608428661707684,-91.94575416748181,77091175.0,74461845.0,-1.0
2025-12-02,2253.992140538483,2266.1866390113696,2231.2022820628786,2238.59912109375,1035354,2470.379306640625,2413.4697656249996,2308.7326609924216,2365.1019298176825,2508.91135151338,2213.1366953616193,2361.0240234374996,32.0300468561169,41.59654577241358,14.260640803629098,-52.537106036867044,-37.26767805478897,-15.26942798207807,18.803870473451056,59.94900653756585,12.090625725603845,13.663290474199325,-97.00034548845879,76055821.0,74870855.15,-1.0
2025-12-03,2238.9988027097847,2243.9965678944045,2171.229058000036,2188.8212890625,1643852,2463.6982910156253,2412.970662841796,2284.7503866064376,2349.0764170217567,2513.408537675478,2185.6497875198334,2349.5291625976556,28.475445285264247,41.59654577241358,14.260640803629098,-59.66377697724329,-41.74689783927984,-17.91687913796345,20.656682818956572,60.86461392019462,4.914681506924905,9.702157358788611,-94.2614615991255,74411969.0,75301306.1,-1.0
2025-12-04,2187.0221517531254,2230.702572796736,2182.424109945792,2216.90869140625,2522821,2455.469965820312,2412.4573937988275,2271.1820475664003,2337.0611692385287,2518.448590638278,2170.974016783596,2344.711303710937,32.99407586129494,41.59654577241358,14.260640803629098,-62.3268314931106,-45.86288457004599,-16.46394692306461,22.37715142549741,59.96560312953386,7.553561982483744,8.186289738337496,-85.09942658729994,76934790.0,75956805.45,-1.0
2025-12-05,2216.908679843517,2267.5862162549965,2201.9153836345613,2264.387451171875,2400781,2447.253637695312,2412.0231677246084,2269.8231282874954,2330.4544675961056,2516.4645833276804,2162.562662766069,2339.5136230468747,39.90537623398241,41.59654577241358,14.260640803629098,-59.915513522892525,-48.6734103606153,-11.242103162277225,23.024608259683895,60.3731195217411,24.399214111235622,12.289152533548089,-69.61198300078019,79335571.0,76620699.4,-1.0
2025-12-08,2264.387435065523,2269.385200432959,2204.0145270394946,2215.20947265625,939764,2439.185244140625,2411.886290283202,2258.9003971612465,2319.9776498743004,2520.120838798999,2150.6942490916254,2335.407543945312,35.78783477239815,40.944573402085524,14.260640803629098,-61.26653603724026,-51.192035495940296,-10.074500541299962,23.580715718068536,60.73008765543564,35.80804458147253,22.586940225063962,-85.6537071679573,78395807.0,77266476.55,-1.0
2025-12-09,2215.209493795378,2255.9913083891315,2177.4263384507017,2244.196533203125,1227728,2432.5642041015626,2412.354165039061,2255.9596243696224,2313.088457449648,2521.290519872722,2144.5890455569643,2332.939782714843,39.735039357636346,40.944573402085524,14.260640803629098,-59.31447721098448,-52.81652383894913,-6.497953372035347,24.448142221421506,62.00400781850665,46.80915274126491,35.67213714465768,-76.19820607283829,79623535.0,78006346.7,-1.0
2025-12-10,2254.7920162754185,2266.486739177327,2203.115167875344,2210.61181640625,935149,2425.925175781251,2412.299200439452,2246.890062776948,2303.7723991729754,2515.5582184623727,2130.621615522002,2323.089916992187,36.90447187639001,40.944573402085524,14.260640803629098,-59.788260641891156,-54.210871199537536,-5.5773894423536206,24.96945769365405,62.10169092446924,44.16169487181274,42.25963073151672,-86.12663855003586,78688386.0,78354666.8,-1.0
2025-12-11,2224.0057274489336,2292.8748409020445,2191.420197604936,2276.68212890625,1519832,2421.29125,2412.5915698242175,2252.8484760028086,2301.309647330546,2505.236735235047,2127.4918536321406,2316.364294433594,45.1782209303417,40.944573402085524,14.260640803629098,-54.20754454767939,-54.210205869165904,0.002661321486513657,24.761615218037047,64.91261609394346,66.08619773490916,52.352348449328936,-59.4386198653247,80208218.0,78639403.1,-1.0
2025-12-12,2276.6820320797224,2295.773593776679,2269.1853838790616,2281.3798828125,929199,2416.8232470703133,2413.1047424316394,2258.554757364747,2299.4978505561776,2488.786760516266,2128.188874249359,2308.4878173828124,45.72320840008988,40.944573402085524,14.260640803629098,-48.84268923863692,-53.13670254306011,4.2940133044231885,24.493436278234142,62.17515850849158,81.85225020042219,64.03338093571469,-53.20590983008957,81137417.0,78738711.7,-1.0
2025-12-15,2281.379783330672,2298.97201462037,2271.9840822748265,2277.88134765625,573027,2410.5500488281255,2413.6094140624987,2262.4200754230474,2297.532713928911,2465.0533489117574,2133.6204547991797,2299.3369018554686,45.36154720364574,42.06778758366768,14.260640803629098,-44.36192860454503,-51.3817477553571,7.019819150812069,24.156745937884605,59.66178521113814,99.30104714828542,82.41316502787225,-42.26194691744525,80564390.0,78675734.1,-1.0
2025-12-16,2268.985484281227,2275.7824940096057,2231.1025202840265,2246.895263671875,654714,2403.7131054687507,2414.188438720702,2259.315113072813,2292.92930936009,2444.007423669502,2135.784812658623,2289.8961181640625,42.179328571773546,42.06778758366768,14.260640803629098,-42.817636475681866,-49.66892549942205,6.851289023740186,24.546090169491396,58.74157393692995,92.45208204921099,91.20179313263952,-52.33000130104857,79909676.0,78642281.55,-1.0
2025-12-17,2246.595546022108,2253.9921410230613,2220.0073371229355,2231.502197265625,651509,2396.8961523437506,2414.7801647949204,2253.7525299113754,2287.3450264424114,2420.5579317919833,2139.183254731455,2279.870593261719,40.65357623575965,42.06778758366768,14.260640803629098,-42.3477076381746,-48.20468192717256,5.856974288997961,25.08143742338359,56.97323322001537,82.65442088665992,91.46918336138543,-62.02769195493456,79258167.0,78614992.8,-1.0
2025-12-18,2235.4003913257216,2243.9966453525944,2210.111893843839,2228.3037109375,508238,2390.640952148438,2415.282467041014,2248.6627661166003,2281.977634123783,2387.852019937534,2150.218854085904,2269.035437011719,40.32714933328293,42.06778758366768,14.260640803629098,-41.75208472170789,-46.91416248607963,5.162077764371745,25.73453832781218,55.324055954925385,72.92485414642681,82.67711902743257,-56.6766813640501,78749929.0,78485964.35,-1.0
2025-12-19,2247.994798027335,2248.994351072256,2209.012229275416,2237.999267578125,880005,2384.941499023438,2415.9276574707014,2246.5300664089054,2277.97960080145,2355.222048747525,2164.5269991040377,2259.8745239257814,41.85134182555958,42.06778758366768,14.260640803629098,-40.03618663950692,-45.538567316765096,5.502380677258174,26.176292475749786,54.228203515062155,72.29098113531919,75.9567520561353,-47.73080931848362,79629934.0,78428313.2,-1.0
2025-12-22,2258.990089411448,2272.983833328156,2244.896292568438,2262.488525390625,599195,2379.3659960937507,2416.769974365233,2249.7217582052494,2276.571321218648,2322.913332008225,2183.2717998277126,2253.092565917969,45.62896140464887,39.97732976568776,14.260640803629098,-36.28201017821539,-43.68725588905516,7.405245710839772,25.817988586847253,52.85365796041707,81.9064988805595,75.70744472076849,-28.560078923316144,80229129.0,78435192.75,-1.0
2025-12-23,2271.4842800820966,2272.5838860370923,2243.9965715222475,2247.794921875,450112,2373.3266992187505,2417.433422851561,2249.3363909391996,2273.95528491468,2308.05352447276,2189.72538177724,2248.889453125,43.790738515300056,39.97732976568776,14.260640803629098,-34.0993729442248,-41.76967930008909,7.670306355864291,25.503767470114244,51.12034771430476,87.27452730156477,80.49066910581448,-42.10523513311218,79779017.0,78530752.45,-1.0
2025-12-24,2248.9943903783087,2257.790506133646,2216.40886293178,2221.70654296875,825693,2367.2354248046877,2417.8280590820295,2243.8104213451097,2269.2053992832316,2295.994974671451,2192.558052672299,2244.276513671875,40.65878409646006,39.97732976568776,14.260640803629098,-34.081856927845365,-40.23211482564035,6.150257897794987,25.761011631499763,50.42472596341629,77.76614295949695,82.31572304720707,-63.56908290490184,78953324.0,78636375.75,-1.0
2025-12-26,2228.303734882108,2249.893935038016,2217.0087362473137,2228.9033203125,566237,2361.495991210938,2417.7539050292953,2240.829001138588,2265.541573922256,2294.9648818450937,2191.0792587799065,2243.0220703125,41.89340672839316,39.97732976568776,14.260640803629098,-33.10563442687453,-38.80681874588719,5.701184319012661,25.99988120992917,49.17190259393673,65.09924209251304,76.71330411785826,-57.648035303254645,79519561.0,78844012.8,-1.0
2025-12-29,2231.002509998829,2237.1996903869663,2195.018598547235,2202.21533203125,690691,2354.90693359375,2417.5113439941388,2233.1062673171205,2259.784642841255,2291.241172479465,2187.106410528347,2239.173791503906,38.67958314680943,39.533724817891446,14.260640803629098,-34.092471881006986,-37.86394937291115,3.7714774919041645,26.641613710633248,48.67255896863635,43.53602046608326,62.13380183936441,-79.60520327687772,78828870.0,78865234.3,-1.0
2025-12-30,2203.814726985917,2218.0083322208643,2194.0190577849467,2213.710205078125,935026,2348.0519970703126,2417.3529821777324,2229.2270548693214,2255.5960575900613,2288.999855755859,2184.61984639258,2236.8098510742193,40.78660641144122,39.533724817891446,14.260640803629098,-33.56014700080732,-37.003188898490386,3.4430418976830666,27.256282942341894,46.909467216299305,41.867721888376806,50.16766148232436,-79.27509911804637,79763896.0,78998870.35,-1.0
2025-12-31,2215.309530252999,2245.3959314095755,2215.309530252999,2238.698974609375,779141,2341.860766601563,2417.41547363281,2231.121438817332,2254.0599591372716,2289.0055882373285,2184.624099262673,2236.814843750001,45.195276485733984,39.533724817891446,14.11067504347122,-30.76722541410345,-35.755996201613,4.9887707875095515,26.797428428429402,45.82205715309582,52.21837509623902,45.874039150233024,-56.040931416663774,80543037.0,79223231.15,-1.0
2026-01-01,2247.9949062111104,2286.3776473706275,2239.998481466918,2258.989990234375,1046220,2336.1013378906255,2417.4680261230446,2236.6951491007408,2254.5081437824624,2288.1839848033997,2192.462572813789,2240.3232788085943,48.54536112245686,39.533724817891446,14.11067504347122,-26.60975881723789,-33.92674872473798,7.316989907500094,25.106269971943792,45.95467255367845,78.84208789361121,57.64272829274234,-38.09518625443849,81589257.0,79582095.55,-1.0
2026-01-02,2258.9900494331746,2282.679409552342,2257.990496313957,2278.78125,715242,2330.7017578125005,2417.6634936523415,2245.1123692805927,2256.7147898022386,2292.8770152077714,2193.9567982687913,2243.4169067382813,51.64984894394796,39.533724817891446,14.11067504347122,-21.47044935044414,-31.435488849879217,9.965039499435075,23.535908548064295,44.4356897454432,97.50160892356757,76.18735730447258,-19.23791880588086,82304499.0,79850581.0,-1.0
2026-01-05,2285.977849124842,2302.8701982329253,2273.2835740641194,2278.481201171875,696380,2325.378134765626,2417.960863037107,2251.786135658849,2258.6935544722055,2295.2143795718935,2193.0288089046694,2244.1215942382814,51.59902012021365,43.252295698615924,14.11067504347122,-17.22318287300095,-28.593027654503565,11.369844781502614,22.20105529995413,43.37504220425482,99.86937090180135,92.07102257299337,-22.40582593868745,81608119.0,79964208.4,-1.0
2026-01-06,2287.877064254638,2289.3763939513483,2247.0954917293307,2258.090576171875,698294,2320.4783300781255,2417.998428955076,2253.0470237614545,2258.6387382630846,2295.8258788375083,2196.7054199906165,2246.2656494140624,48.13243310575515,43.252295698615924,14.11067504347122,-15.325879417761826,-25.93959800715522,10.613718589393393,20.99863212726572,43.29688934838073,90.82967993168307,96.06688658568399,-41.138404133166674,80909825.0,80089909.3,-1.0
2026-01-07,2263.9877096602213,2282.979218041477,2241.9975420608725,2273.083740234375,529451,2316.1062841796875,2418.110960693358,2257.0543670560387,2259.9519202604743,2298.6800377681484,2196.739981763102,2247.7100097656253,50.75238486433632,43.252295698615924,14.11067504347122,-12.468698330548705,-23.245418071833917,10.776719741285213,20.017394468989195,43.13151696496814,88.52321452933273,93.07408845427238,-27.364396804630296,81439276.0,80180696.35,-1.0
2026-01-08,2273.9832353462693,2274.8827354970986,2204.0145204125383,2213.010498046875,792800,2310.500791015625,2417.593686523436,2248.245593254206,2255.684518241056,2298.4424559548524,2197.2174317404615,2247.829943847657,41.67011194922119,43.252295698615924,14.11067504347122,-14.880240179392786,-21.572382493345692,6.692142313952907,20.022899094081964,45.11270968779615,63.00611172849692,80.78633539650424,-82.55283299396886,80646476.0,80278600.85,-1.0
2026-01-09,2213.1107049035027,2215.009758256906,2144.0414853163643,2152.737548828125,1570376,2302.830224609375,2416.671894531248,2229.14398436899,2246.3257028398803,2305.885058442071,2177.3803712454296,2241.6327148437504,34.918340366042735,43.252295698615924,14.11067504347122,-21.40814794531707,-21.53953558373997,0.13138763842290047,21.115186211022877,46.95953563442083,38.712469365281855,63.413931874370505,-94.52487944271822,79076100.0,80221994.95,-1.0
2026-01-12,2155.6363419708764,2179.025787211826,2118.0530472944306,2170.629638671875,1257197,2295.7274072265623,2415.7221728515606,2217.441115229567,2239.4442424609706,2304.855726823184,2167.3346784502533,2236.0952026367186,38.12344710133553,37.05127210817149,14.11067504347122,-24.851348880425576,-22.20189824307709,-2.6494506373484867,22.506635055505203,47.96047879749044,14.07097252495531,38.596517872911356,-71.55210373579378,80333297.0,80181788.95,-1.0
2026-01-13,2186.822355489005,2186.822355489005,2140.143273788827,2157.535400390625,791556,2289.28029296875,2414.67750854492,2205.4599722617786,2231.997984090939,2304.2887702356356,2155.86704031124,2230.077905273438,36.69901378183028,37.05127210817149,14.11067504347122,-28.310361796402958,-23.423590953742266,-4.886770842660692,23.54063475366944,47.868950433396684,9.932916146135415,20.90545267879086,-78.63707296876699,79541741.0,80130656.5,-1.0
2026-01-14,2155.036390932024,2168.030580673265,2141.042648133764,2152.337646484375,618139,2283.009096679688,2413.8483764648417,2194.835507106298,2224.756135217615,2306.749774080378,2143.9502747477477,2225.350024414063,36.12205790278274,37.05127210817149,14.11067504347122,-31.112425084389088,-24.961357779871634,-6.151067304517454,24.500777330536234,46.377449155261274,12.331021356105495,12.111636675732072,-81.44944935259068,78923602.0,80081352.8,-1.0
2026-01-15,2152.337646484375,2152.337646484375,2152.337646484375,2152.337646484375,0,2277.6814794921875,2413.057958984373,2186.3359349819134,2218.172636241866,2308.99463654586,2133.7889572041404,2221.391796875,36.12205790278274,37.05127210817149,14.11067504347122,-32.95321626347322,-26.55972947659195,-6.393486786881272,25.392338294769683,43.064774215599755,8.343755475419124,10.202564325886676,-81.44944935259068,78923602.0,80064624.55,-1.0
2026-01-16,2161.8334795144697,2192.9194343046515,2151.138310219896,2156.3359375,758469,2274.542880859375,2412.0340222167947,2180.3359354855306,2212.5511181744237,2309.9925581874795,2125.594258218771,2217.793408203125,37.00558186516014,37.05127210817149,14.11067504347122,-33.70094435679766,-27.987972452633095,-5.712971904164569,24.81964494459486,42.97308492053945,8.954515471352178,9.876430767625598,-79.28607274207491,79682071.0,80111231.65,-1.0
2026-01-19,2154.036780299296,2155.8360245601384,2122.0510833296544,2133.64599609375,749495,2269.848979492187,2411.1341613769505,2170.997947607175,2205.377925257999,2311.52418992174,2113.6272993360726,2212.5757446289062,34.12130647412548,37.32752236534169,14.11067504347122,-35.71273868047865,-29.532925698202206,-6.179812982276445,24.875069378021948,42.352497009811316,6.556410261382098,7.951560402717799,-91.56304016151154,78932576.0,80076363.75,-1.0
2026-01-20,2133.0462813432187,2138.943546926454,2039.0882914433769,2054.181640625,1160975,2264.9859912109373,2409.739820556638,2147.63468621074,2191.632808473181,2320.867553556614,2083.453247224636,2202.160400390625,26.369608496196093,37.32752236534169,14.11067504347122,-43.220984940921426,-32.27053754674605,-10.950447394175377,26.1705629270939,46.45983690075887,4.158305051412017,6.556410261382097,-94.27809535334622,77771601.0,79953487.35,-1.0
2026-01-21,2055.580937028128,2067.2756594171706,2003.204330519324,2031.291748046875,1354644,2259.740791015625,2408.0604418945286,2124.366098577967,2177.0563484344257,2330.2816528757326,2052.388830522705,2191.335241699219,24.633587665040565,37.32752236534169,14.11067504347122,-50.43694156213405,-35.90381834982365,-14.5331232123104,27.773716491284198,47.71780061483656,0.0,3.5715717709313717,-90.6270881826305,76416957.0,79785384.35,-1.0
2026-01-22,2054.9811591757384,2101.960155755851,2050.083446506592,2085.467529296875,942721,2253.297958984375,2406.4451367187476,2116.586384721749,2168.7300921491938,2330.386603199287,2038.6599788319643,2184.5232910156255,35.463026588754786,37.32752236534169,14.11067504347122,-51.193974125053956,-38.96184950486972,-12.232124620184237,28.276862376548102,49.35712969298936,13.386816549566946,5.848373866992987,-72.54835880869418,77359678.0,79705702.05,-1.0
2026-01-23,2079.5702034295723,2081.569309609269,1847.1741100398217,1863.3668212890625,7492631,2242.341403808594,2404.0997198486307,2065.9424720352117,2140.9697947982727,2369.147814759911,1963.3451173689953,2166.246466064453,21.697995966633616,37.32752236534169,14.11067504347122,-68.92111908950255,-44.95370342179629,-23.967415667706263,30.46227593095906,62.852578947565355,13.386816549566946,8.924544366377964,-96.33816652731704,69867047.0,79223076.35,-1.0
2026-01-27,1908.1468368495232,1973.017856387056,1892.153987509768,1958.624267578125,5449633,2232.7357006835937,2402.839765014646,2044.4788311437944,2124.39292868735,2376.209083931376,1931.9247417522174,2154.0669128417967,33.60193008063035,26.95553218467847,14.11067504347122,-74.42559741648711,-50.848082220734454,-23.577515195752653,32.491588517197805,66.19532581545309,27.0438858893136,17.93917299614916,-74.42660595481594,75316680.0,79047466.85,-1.0
2026-01-28,1984.1128556498168,2003.104364091805,1951.1276041453116,1993.8084716796875,2073198,2223.3938769531246,2401.391075439451,2034.3447592509733,2112.5216144139263,2374.364095992961,1911.7795563507887,2143.071826171875,37.38816494086137,26.95553218467847,14.11067504347122,-75.08335079372682,-55.69513593533293,-19.388214858393894,33.69875725999397,65.17971396767027,39.84386061064825,26.758187683176264,-65.71629541417494,77389878.0,78928765.95,-1.0
2026-01-29,1998.906253644305,2028.1930850261888,1971.1186298332548,2018.2974853515625,1391239,2215.045607910156,2400.308601684568,2031.135304471091,2103.955784499166,2365.155200919487,1898.9483024984818,2132.0517517089843,39.95465555636918,26.95553218467847,14.11067504347122,-72.78949436282483,-59.114007620831316,-13.67548674199351,34.27693656431855,64.60076691233196,73.17719394398158,46.688313481314474,-53.47830583001312,78781117.0,78840669.95,-1.0
2026-01-30,2004.103928453892,2037.8888714156767,1991.3096002040927,2019.4970703125,1230915,2206.7952954101556,2398.8100225830062,2028.807657639373,2096.2777195731055,2350.3123093087424,1889.8419021170384,2120.0771057128904,40.08421494926165,26.95553218467847,14.11067504347122,-70.06711010397726,-61.30462811746051,-8.762481986516747,34.60386037293236,63.31351721942139,92.85345793756825,68.62483749739935,-50.158990395865935,80012032.0,78761808.7,-1.0
2026-02-02,1955.725591293644,2001.305188722125,1933.135715403048,1994.50830078125,1229270,2197.7853247070307,2396.702955932615,2021.9477862677486,2087.025954228391,2329.86023760173,1881.8666789021768,2105.8634582519535,38.23352995758658,37.00192403095033,13.29536800257768,-69.12910849507693,-62.869524192983796,-6.259584302093138,35.423350492432185,64.95979134013787,96.64479685677686,87.55848291277556,-57.38649797948532,78782762.0,78585721.85,-1.0
2026-02-03,2149.039132772103,2232.401762449355,2130.147677078015,2201.61572265625,6918581,2193.393288574218,2395.64441467285,2057.881373545449,2097.443205903651,2315.958366437393,1888.0820022149512,2102.020184326172,56.25890312405204,37.00192403095033,13.29536800257768,-51.085021062233864,-60.51262356683382,9.427602504599953,33.10464277040436,77.31219636356408,96.64479685677686,95.38101721704065,-7.991648470857038,85701343.0,78790383.05,1.0
2026-02-04,2219.007815195557,2244.996195013163,2188.221531836092,2227.2041015625,2051918,2189.9748168945307,2394.7013262939436,2091.7459191488592,2109.239650963546,2310.0723097380223,1890.8794114533837,2100.475860595703,57.89386871271677,37.00192403095033,13.29536800257768,-34.32451183814328,-55.275001221095714,20.950489382952433,31.085483292556972,75.84522970738601,96.64479685677686,96.64479685677685,-4.472374491691456,87753261.0,79132554.85,1.0
2026-02-05,2231.002544013752,2242.69726660752,2209.012375569172,2235.6005859375,992382,2188.0496850585937,2393.6773370361316,2120.5168525065874,2120.727008688451,2302.2865221144843,1894.916883647235,2098.6017028808596,58.44278332769882,37.00192403095033,13.29536800257768,-20.13209119290832,-48.24641921545824,28.11432802254992,29.210549491698682,72.83377694531185,99.99999999999999,97.7631979045179,-2.361761558886921,88745643.0,79497873.2,1.0
2026-02-06,2225.105114470192,2236.999698004262,2199.416406180329,2225.40478515625,933650,2186.278474121094,2392.588380737303,2141.49443903652,2130.2431701855235,2304.44151468252,1894.0013197901367,2099.2214172363283,57.46316359136931,37.00192403095033,13.29536800257768,-9.596588001067175,-40.516452972580026,30.91986497151285,27.34383216687489,70.31588515092766,99.11132997205519,98.58537560961068,-4.924666225663588,87811993.0,79856149.05,1.0
2026-02-09,2248.9944295012915,2286.977446532869,2238.998898703508,2249.094482421875,1650899,2186.1805200195313,2391.5774114990218,2163.014447713591,2141.047834934283,2318.849508832508,1889.229018999524,2104.039263916016,59.17542913252322,47.296976504842,13.29536800257768,0.656862862745129,-32.281789805515,32.938652668260126,26.206211077417258,69.69136916704848,99.11132997205519,99.40755331470345,-8.613614533502535,89462892.0,80375488.65,1.0
2026-02-10,2257.990475513299,2267.286368242699,2170.0298018323915,2227.404052734375,1670672,2185.144982910156,2390.5134381103494,2175.892368717748,2148.8984001888366,2326.832416589234,1886.9235526490477,2106.877984619141,56.91632570894514,47.296976504842,13.29536800257768,6.952417007609711,-24.434948442890057,31.387365450499768,24.4212102529519,71.66031182728128,97.10202887826682,98.4415629407924,-13.545461995247033,87792220.0,80748434.8,1.0
2026-02-11,2231.902037525309,2236.6999412506248,2214.110187425856,2233.4013671875,682320,2184.593229980469,2389.9200360107407,2187.3941684116985,2156.5804880978058,2336.833303596078,1884.5092623218911,2110.6712829589846,57.400578075516066,47.296976504842,13.29536800257768,12.284019647196146,-17.09115482487282,29.375174472068966,22.76370948737693,68.15527196995896,96.41210355155204,97.54182080062466,-12.181826489216762,88474540.0,81195074.75,1.0
2026-02-12,2228.00378739169,2228.503563925425,2200.016301502517,2210.8115234375,649585,2184.0374780273437,2389.1362579345687,2192.077639416859,2161.510582219596,2343.5057170140753,1883.6842365992059,2113.5949768066407,54.89761972916906,47.296976504842,13.29536800257768,14.519173556875103,-10.769089148523236,25.28826270539834,21.409253085027867,65.6716858067464,92.60731665093112,95.37381636024998,-17.31817764337793,87824955.0,81640142.4,1.0
2026-02-13,2209.012364032098,2209.012364032098,2123.2506587398416,2135.645263671875,1489548,2182.9739575195317,2388.1724627685535,2180.7911642678623,2159.1591896243485,2342.1996256825632,1883.3210896494681,2112.760357666016,47.4788492175689,47.296976504842,13.29536800257768,10.108732979942943,-6.593524722830001,16.702257702772943,21.065948032059715,67.23519858466868,79.37091373002832,89.4634446441705,-38.32907579388278,86335407.0,82010732.65,1.0
2026-02-16,2123.250626206845,2189.9207685423253,2102.260011304634,2183.623779296875,1824808,2182.3082592773444,2387.5949237060536,2181.357687273665,2161.383243230942,2344.975285208756,1883.2742143029639,2114.1247497558597,51.94304490072063,43.927010500380156,13.29536800257768,10.365406333002284,-3.2017385116635437,13.567144844665828,20.97179577783319,68.69416705988456,69.88435320863798,80.62086119653247,-29.209010171294548,88160215.0,82434639.85,1.0
2026-02-17,2169.030140467129,2250.993491397224,2169.030140467129,2241.8974609375,1931699,2181.858459472657,2387.3197418212885,2193.465642006432,2168.702717567902,2357.2880654715354,1881.7865805245583,2119.537322998047,56.75134861889765,43.927010500380156,13.29536800257768,15.096992181141559,0.45800762689747687,14.638984554244082,19.98053030047953,69.64196590775673,69.83071814320223,73.02866169395617,-12.74015516808269,90091914.0,82992606.75,1.0
2026-02-18,2252.9925895501583,2252.9925895501583,2187.122140733589,2210.211669921875,1149398,2181.758503417969,2386.1048687744137,2196.814847589521,2172.47625869099,2366.2966173959335,1888.3810315298483,2127.338824462891,53.61039564605447,43.927010500380156,13.29536800257768,16.104388167113484,3.5872837349406788,12.517104432172806,19.031680805091376,69.37257182981479,76.21852848425594,71.97786661203205,-21.69494716349032,88942516.0,83551152.5,1.0
2026-02-19,2217.908236902735,2217.908236902735,2150.0386802210546,2155.736083984375,1101633,2179.989294433594,2385.124639282226,2188.599094868492,2170.9544246267524,2368.434342442032,1898.6877400774983,2133.5610412597653,48.62742258924496,43.927010500380156,13.29536800257768,12.364501948377892,5.342727377628122,7.021774570749771,18.610596012468257,69.26521360494804,70.49436572343306,72.18120411696374,-37.09041387782012,87840883.0,84122348.8,1.0
2026-02-20,2159.0347813383373,2173.4282489346483,2151.138409148832,2159.83447265625,738454,2178.973747558594,2384.169396362304,2182.846170426044,2169.943519902161,2371.2999706671267,1903.258806188342,2137.2793884277344,49.011402504601854,43.927010500380156,13.29536800257768,9.62042264600359,6.198266431303216,3.422156214700374,18.2195887050325,65.90982976072434,45.38697973017205,64.03329131262035,-68.83106281739057,88579337.0,84683331.75,1.0
2026-02-23,2179.025668305711,2202.015388659395,2154.336756558273,2190.020751953125,1103960,2177.2405200195317,2383.7037652587883,2184.28108673146,2171.7687228158848,2349.6546011871815,1957.5695687346927,2153.612084960937,51.86516463764007,45.06302200089632,13.29536800257768,9.768890798640768,6.912391304770727,2.856499493870041,17.38682358723509,64.60760135646701,33.41181921749754,49.76438822370088,-52.48919489378221,89683297.0,85674144.25,1.0
2026-02-24,2167.630947056464,2203.714667494014,2161.233660807044,2182.0244140625,1152423,2175.253410644531,2383.3694915771475,2183.8297521976683,2172.7010583837587,2338.1978106550555,1991.366373915256,2164.7820922851556,51.050071394462776,45.06302200089632,13.29536800257768,9.136001105886862,7.357113264993955,1.7788878408929074,16.585327389925407,63.0271303086458,27.045201682886017,35.281333543518535,-56.81815164913387,88530874.0,86334853.95,1.0
2026-02-25,2192.2198418123044,2236.300231772296,2179.1258424318817,2230.70263671875,1474187,2174.3098364257808,2382.4079290771474,2193.204329101885,2177.973929141485,2332.3285403835916,2020.9250606906269,2176.6268005371094,55.62226797488734,45.06302200089632,13.29536800257768,12.419196446183378,8.36952990123184,4.049666544951538,15.499463345440667,62.609077382343536,45.88508342140276,35.44736810726211,-30.465348192273566,90005061.0,86965613.1,1.0
2026-02-26,2229.0034437885024,2231.402273649029,2199.1169032982966,2215.409423828125,915342,2173.680119628906,2381.290477905273,2197.645348047133,2181.3771559311795,2323.8621362689196,2049.1026586529547,2186.482397460937,53.91831407559802,45.06302200089632,13.29536800257768,13.629999784813663,9.421623877948205,4.208375906865458,14.491161018419122,60.443098308657035,51.736222395035426,41.55550249977473,-38.744595287562035,89089719.0,87481043.2,1.0
2026-02-27,2209.012395969477,2215.4094383270967,2152.0378681096317,2160.833984375,1433096,2172.266755371094,2379.7967462158203,2190.2830753127064,2179.5095948806174,2307.2641224970303,2079.8343638310953,2193.549243164063,48.239061447468046,45.06302200089632,13.29536800257768,10.06971093665561,9.551241289689687,0.518469646965924,14.128238609502457,60.65227487357189,44.112856695456,47.24472083729806,-64.50629211166017,87656623.0,87863272.75,1.0
2026-03-02,2092.064658882267,2146.940026999537,2072.773235056169,2123.650634765625,2134522,2170.1736938476565,2377.8268707275392,2176.9565872032904,2174.4315075974364,2273.7873045622323,2126.2254151643297,2200.006359863281,44.77839783913886,45.11250469502876,16.63984254081352,4.199363170124343,8.480865665776617,-4.2815024956522745,14.838199980737505,62.610023048233245,20.90544958292358,38.918176224471665,-71.76918103368706,85522101.0,88200239.7,1.0
2026-03-04,2103.6595613332997,2103.6595613332997,2036.5894504090604,2075.572021484375,1585848,2166.9251489257817,2375.441766967773,2156.6796740595073,2165.444281587158,2286.0925949518532,2101.315754657521,2193.704174804687,40.71147885205705,45.11250469502876,16.63984254081352,-4.283099110079547,5.9280727106053845,-10.211171820684932,15.897079213353296,64.35653457025691,2.5540314622695575,22.52411258021638,-81.98613419840578,83936253.0,88111985.2,1.0
2026-03-05,2093.064261268337,2099.0615800685327,2039.088392066575,2088.266357421875,1231524,2163.4407055664065,2373.192066040039,2142.997010731981,2158.4281066630415,2288.9170172746403,2084.597557920672,2186.757287597656,42.20405694431046,45.11250469502876,16.63984254081352,-9.867439065537837,2.76897035537674,-12.636409420914578,16.880324215067958,64.04343838680698,3.1018084185426344,8.85376315457859,-76.1200751440484,85167777.0,87982711.0,1.0
2026-03-06,2078.1709582463,2089.06598947834,2029.292664992225,2038.9884033203125,1696027,2159.2645751953123,2370.890792236328,2122.1952892496474,2147.5699518137026,2295.772936602996,2058.080420330597,2176.9266784667966,38.1853144314255,45.11250469502876,16.63984254081352,-18.06118962488972,-1.3970616406765521,-16.66412798421317,17.906937148855754,63.73843025104326,3.1018084185426344,2.919216099784942,-95.66573911580528,83471750.0,87719016.35,-1.0
2026-03-09,1984.1129132710928,2005.1035284744644,1939.5328691947025,1998.3065185546875,1305447,2154.796574707031,2368.392105102539,2097.4175351106555,2134.000548790156,2306.297261768544,2024.8462685048937,2165.571765136719,35.20492835629623,40.34211546591965,16.63984254081352,-27.52024779799467,-6.621698872140176,-20.898548925854495,19.756005497860908,66.28965195636945,3.1018084185426344,3.1018084185426344,-81.25001537890192,82166303.0,87436731.85,-1.0
2026-03-10,2029.092817337567,2029.092817337567,1981.314129778191,1995.6077880859373,1680405,2150.1306640625003,2365.9438623046876,2077.055585705712,2121.419388726136,2306.976251426204,1998.8186094136402,2152.897430419922,35.00971574563161,40.34211546591965,16.63984254081352,-34.83285309582061,-12.263929716876264,-22.568923378944348,20.96062478762457,64.96744021372707,0.0,2.067872279028423,-82.11096506190742,80485898.0,86987882.15,-1.0
2026-03-11,2005.703149894863,2026.4939023916852,1969.119532227194,1973.8173828125,1088294,2145.562705078125,2363.1249145507813,2056.40794512707,2108.001024552169,2309.469987291581,1970.9662065560756,2140.2180969238284,33.39932037627336,40.34211546591965,16.63984254081352,-41.90341261768663,-18.19182629703834,-23.711586320648287,22.1995444966715,64.42507806735308,0.0,1.0339361395142115,-88.44734362969801,79397604.0,86568151.35,-1.0
2026-03-12,1959.1239961210665,2025.0944980312656,1946.229737253649,2001.105224609375,1473773,2141.3106054687496,2360.4039428710944,2045.3474010235311,2098.2832245573695,2302.742167137865,1954.4644124519791,2128.603289794922,37.28952615891353,40.34211546591965,16.63984254081352,-44.78868511834162,-23.511198061298998,-21.27748705704262,23.574695715499224,65.45648397522905,5.835118204395773,1.9450394014652574,-79.25231572640548,80871377.0,86187993.2,-1.0
2026-03-13,1999.0062188537977,2007.7022817989432,1944.1307306397855,1960.2235107421875,1195448,2135.741096191406,2357.5155279541013,2028.3226229672623,2085.732341483262,2301.0316337344952,1931.1161445858174,2116.0738891601563,34.07799230966528,40.34211546591965,16.63984254081352,-49.8000332251454,-28.768965094068278,-21.03106813107712,24.87257724748878,65.32184591693824,6.853092875817917,4.229403693404564,-93.02799291412134,79675929.0,85780541.9,-1.0
2026-03-16,1960.123564655547,1993.9085071310776,1945.729976085624,1977.115966796875,1465828,2130.1036157226563,2354.8379559326177,2018.081291733185,2075.8581256026814,2302.901889522692,1913.3929591101214,2108.1474243164066,36.51115663954365,37.57597210031648,16.63984254081352,-51.81123501129673,-33.37741907751397,-18.43381593378276,26.077752955764797,64.09732342611791,11.520694911148837,8.069635330454176,-87.33583865970235,81141757.0,85520859.4,-1.0
2026-03-17,1989.010731818339,1989.110662724872,1944.130773366772,1974.5172119140625,1268988,2124.018334960938,2352.018511962891,2009.3684757693607,2066.645315267352,2297.764850524148,1897.6193413703825,2097.6920959472654,36.28924699584989,37.57597210031648,16.63984254081352,-53.00382956361955,-37.302701174735084,-15.701128388884463,27.2151870255529,62.73179242125949,10.02032514152982,9.464704309498858,-88.21152622191971,79872769.0,85106487.1,-1.0
2026-03-18,1988.0111086274117,2026.0940558713744,1981.314029905212,2006.3028564453125,1041095,2118.5747680664062,2349.462398071289,2008.7553519045512,2061.159637192621,2277.811365341782,1894.0133661035297,2085.912365722656,41.0116920237781,37.57597210031648,16.63984254081352,-50.798559297976226,-40.001872799383314,-10.796686498592912,27.26799600940758,61.93501038812038,21.368732823051378,14.303250958576678,-77.12333453537487,80913864.0,84647584.6,-1.0
2026-03-19,1983.1133046679035,1987.7112244187203,1929.137438512628,1935.9344482421875,1510588,2112.131645507812,2346.559936523438,1994.1911711720786,2049.775529106218,2265.8892417218435,1878.5077675554999,2072.1985046386717,34.852551186625455,37.57597210031648,16.63984254081352,-54.10531676077926,-42.822561591662506,-11.282755169116754,27.989423281568023,63.02289664130353,19.965407891972976,17.118155285518057,-97.62568126328645,79403276.0,84170622.6,-1.0
2026-03-20,1950.1281132094955,1973.5176803338684,1919.0420359617935,1926.23876953125,1175662,2105.19474609375,2343.8482714843753,1980.6006908439128,2038.5449145994028,2260.6677095135533,1860.7795683184775,2060.7236389160153,34.09281898904203,37.57597210031648,16.63984254081352,-56.85294080389599,-45.62863743410921,-11.224303369786782,28.777890894568248,62.412378622072914,17.66216161552682,19.665434110183725,-96.84212505047289,78227614.0,83689959.15,-1.0
2026-03-23,1909.146372893438,1909.246303797768,1819.686372697646,1832.1807861328125,2370668,2097.578151855469,2340.5739031982425,1950.916709901693,2019.7845392842582,2262.917584665706,1825.7643245139816,2044.3409545898437,27.768894447654898,36.41574972091705,16.63984254081352,-65.86094189733672,-49.675098326754714,-16.185843570582,30.465137783920934,65.5652370657537,5.295779262583118,14.307782923360971,-95.60014327578044,75856946.0,83053839.6,-1.0
2026-03-24,1891.8540197731872,1892.153934496208,1812.8893283705456,1817.0875244140625,11211381,2090.865151367188,2337.1491394042973,1924.1508728041667,2001.3575379324222,2255.294558584776,1796.094027841005,2025.6942932128907,26.90640928310313,36.41574972091705,16.63984254081352,-73.37196144500558,-54.41447095040489,-18.95749049460069,32.08592775013759,66.54376342717575,2.0315021583306017,8.32981434548018,-98.53298283862006,64645565.0,81801953.0,-1.0
2026-03-25,1847.074180145487,1910.145955746308,1838.377995049589,1885.7568359375,2537690,2085.1676953125,2333.918862304688,1916.4720654308335,1990.848383205611,2236.2026726415725,1785.5591559717097,2010.880914306641,36.56060984922853,36.41574972091705,16.63984254081352,-72.94262186430115,-58.12010113318414,-14.822520731117002,33.11659966398877,68.43766827753787,22.814621404895988,10.04730094193657,-73.61561716523413,67183255.0,80734572.05,-1.0
2026-03-27,1879.159829479224,1882.3583505954375,1815.6882075792605,1822.185302734375,2585257,2078.4606933593755,2330.131451416016,1897.614712891542,1975.5153758900442,2205.7135818963643,1775.19651331848,1990.455047607422,32.30647484530314,36.41574972091705,16.63984254081352,-76.84622316782406,-61.86532554011213,-14.980897627711933,34.28611177706726,68.55416542615941,35.57595265333671,20.140692072187765,-95.70035876467871,64597998.0,79464218.9,-1.0
2026-03-30,1809.1911079122908,1836.97873285117,1752.216581309528,1758.0140380859375,2825299,2070.5742211914067,2325.868330688477,1869.694577930421,1955.7425269987616,2179.375118719096,1755.7954379215291,1967.5852783203127,28.678851503614457,33.050858500835226,16.63984254081352,-84.1479350651282,-66.32184744511535,-17.826087620012842,35.88980135321563,69.71187872012246,39.76455407569645,32.718376044643044,-97.90611976687578,61772699.0,78098367.9,-1.0
2026-04-01,1824.1843351159685,1869.1642228311568,1802.993859043115,1841.676513671875,2328166,2064.3609985351563,2322.1828741455083,1864.090965078712,1945.3728894235899,2149.763895977668,1753.4909135926446,1951.6274047851564,38.39170043760899,33.050858500835226,14.87835143989704,-82.23576901125921,-69.50463175834413,-12.731137252915076,36.56539031463493,72.6717577219151,44.091752194881025,39.81075297463806,-67.38340158443137,64100865.0,76920580.0,-1.0
2026-04-02,1804.1933472809303,1842.076434211477,1769.3089196533442,1833.3802490234373,1830598,2057.9018847656253,2318.643259277344,1857.9488218676572,1935.1917402963034,2124.423582201415,1749.8041887946792,1937.113885498047,37.84135976629058,33.050858500835226,14.87835143989704,-80.46228373860163,-71.69616215439564,-8.76612158420599,37.48824438152628,72.67859749593063,57.17168596330444,47.009330744627306,-70.36497147355539,62270267.0,75757988.3,-1.0
2026-04-06,1836.0791094494928,1908.146863385849,1801.29461284548,1901.349853515625,3153437,2053.2559619140625,2315.61611328125,1866.6290281972508,1932.1152051344236,2104.4674327762327,1752.3381214229867,1928.4027770996097,44.82031348945206,33.760031244501384,14.87835143989704,-72.73377516106166,-71.90368475572885,-0.8300904053328111,36.87315647050437,75.11957271339051,86.31641787427802,62.52661867748782,-45.547448747041784,65423704.0,74832360.85,-1.0
2026-04-07,1889.1552826364596,1903.7487329034104,1864.166456146559,1881.2587890625,1566909,2049.7975048828125,2312.3080920410157,1869.5549803703009,1927.4918945824304,2078.1626953850764,1757.9421019782053,1918.0523986816409,43.27368646380168,33.760031244501384,14.87835143989704,-67.45250691382466,-71.01344918734802,3.5609422735233522,36.30200341026974,72.58119443078057,89.63004233040617,77.70604872266287,-52.883234388145354,63856795.0,73766811.75,-1.0
2026-04-08,1999.1061237629765,2098.061876889244,1974.2172281189764,2042.8865966796875,4197831,2050.0294018554687,2310.0855853271487,1904.2213036321784,1937.9823220458172,2078.9857416739806,1757.508875025239,1918.2473083496097,56.32933218801019,33.760031244501384,14.87835143989704,-49.65268523597092,-66.7412963970726,17.08861116110168,34.59058673205228,82.88275824477796,97.12211064687537,91.02285695051985,-15.95374605777713,68054626.0,72995955.55,1.0
2026-04-09,2038.888374361753,2064.0770625904534,2009.4015591818893,2039.5880126953125,2481188,2049.111811523437,2307.9935205078127,1931.2946454448054,1947.2192030139531,2086.3512578207587,1754.2715082925229,1920.3113830566408,56.045832056940505,33.760031244501384,14.87835143989704,-35.40424833912971,-60.47388678548403,25.06963844635432,33.00141410227892,80.86795432790554,96.80093234655723,94.51769510794625,-16.9075204842431,65573438.0,72166312.3,1.0
2026-04-10,2042.186888510785,2093.6639945288275,2040.7874897852412,2085.867431640625,1700162,2053.5618237304684,2306.325266113281,1962.2092026839696,1959.8235874345596,2103.8779041286484,1745.7708263401025,1924.8243652343754,59.15206354809872,33.760031244501384,14.87835143989704,-20.145670360620898,-52.408243500511404,32.262573139890506,31.860482261312594,78.95424200687764,99.67882169968185,97.86728823103815,-3.525982687773277,67273600.0,71505697.4,1.0
2026-04-13,2009.3016249961336,2158.035177464662,1999.306093836038,2128.048583984375,3729773,2056.9503100585935,2304.7289807128905,1995.377078944051,1975.1167689390882,2132.5339308880584,1732.5379196978793,1932.5359252929688,61.80173837520023,47.3149377437002,14.87835143989704,-4.596485485528547,-42.84589189751484,38.24940641198629,31.460759403649494,84.65244497985952,99.67882169968185,98.71952524864031,-7.3891619961210075,71003373.0,71085985.85,1.0
2026-04-15,2186.0227116597075,2199.0169024468937,2135.045501648439,2143.441650390625,1779015,2059.942973632812,2303.0917126464847,2024.989993233366,1990.4190308892278,2159.1079110783853,1720.197582085677,1939.652746582031,62.75130385825682,47.3149377437002,14.87835143989704,8.866242839165352,-32.5034649501788,41.369707789344154,31.463049385373523,83.67500737147805,99.99999999999999,99.78588113312122,-12.438498682095279,72782388.0,70681536.4,1.0
2026-04-16,2169.030197682232,2209.412044763801,2160.134272825081,2202.715087890625,2188912,2063.6313256835933,2301.582886962891,2060.535012164818,2009.7186724348094,2200.8181103646734,1702.7365405142327,1951.777325439453,66.23229211106204,47.3149377437002,14.87835143989704,24.04129004125707,-21.19451395189163,45.2358039931487,31.55815746991409,82.41039215731362,99.99999999999999,99.8929405665606,-1.4647907532979842,74971300.0,70446304.95,1.0
2026-04-17,2238.998846266909,2238.998846266909,2185.1230341412147,2217.30859375,2408901,2067.5875561523435,2300.0390771484376,2091.8897284818545,2028.590483463463,2239.6898449063056,1687.884068667913,1963.7869567871091,67.04877530306949,47.3149377437002,14.87835143989704,36.82075153548112,-9.591460854417079,46.4122123898982,31.91067202008531,80.37220786934081,99.99999999999999,99.99999999999999,-4.455842802491572,77380201.0,70258227.15,1.0
2026-04-20,2217.308760572556,2279.0811929100128,2201.215857541636,2228.603759765625,1795338,2072.269465332031,2298.256875,2119.2325347386086,2046.7735085818413,2276.795067046358,1676.1875013130164,1976.491284179687,67.69975750430693,52.737111210511934,14.87835143989704,47.314579322396185,1.7897471809455734,45.52483214145061,32.57517332209522,80.19314554784337,99.99999999999999,99.99999999999999,-9.580721884328081,79175539.0,70223365.65,1.0
2026-04-21,2228.703424494409,2253.992165893664,2219.007808551634,2225.005126953125,1818221,2072.7372534179685,2296.156313476563,2140.387053181512,2062.976382979231,2307.572773954562,1667.2800214555941,1987.426397705078,67.24395114692267,52.737111210511934,14.87835143989704,54.709971360464806,12.373792016849421,42.336179343615385,33.19221024539013,76.96394639028529,99.6106306387178,99.87021021290592,-10.263749883033135,77357318.0,70045538.35,1.0
2026-04-22,2228.0037154556626,2277.581643614069,2223.106003195795,2259.78955078125,3517237,2073.388962402343,2294.364114990235,2164.2675527014594,2080.8684891430507,2344.8649341420746,1662.3733715219876,2003.6191528320312,69.38930261123939,52.737111210511934,14.87835143989704,62.65543230694493,22.430120074868526,40.225312232076405,33.9679150574384,75.35763882085591,99.6106306387178,99.74042042581185,-3.7843647332010732,80874555.0,70119102.3,1.0
2026-04-23,2242.4974168860394,2332.856921005767,2220.807163064117,2298.97216796875,2948009,2074.6563940429683,2292.7558337402347,2191.2084757549173,2100.6960963090232,2385.698547122748,1658.8130983850642,2022.2558227539062,71.64235078315392,52.737111210511934,14.87835143989704,71.29216539043273,32.20252913798137,39.089636252451356,35.12224008628831,77.97850447234121,99.6106306387178,99.61063063871778,-6.01275365287417,83822564.0,70398849.8,1.0
2026-04-24,2309.1673890512893,2320.3623343165,2226.004624754936,2286.57763671875,2271317,2075.879851074218,2291.0435998535154,2210.282307947684,2117.5944181644527,2415.1375339751235,1674.8137965912824,2044.975665283203,69.8899504191107,52.737111210511934,14.87835143989704,76.25765274484138,41.01355385935338,35.244098885488,36.194113327363226,79.14844769300001,97.94092013601572,99.05406047115042,-8.706276494130606,81551247.0,70683564.85,1.0
2026-04-27,2299.172006461715,2335.955609582367,2284.978401157591,2320.762451171875,1500864,2077.3132104492183,2289.597247314453,2232.3783365925224,2136.0642393469457,2443.5605696377575,1696.7582536044297,2070.1594116210936,71.92935636534143,55.34533712415949,14.87835143989704,82.005952506011,49.2120335886849,32.793918917326096,37.31165983964648,77.13621631669827,97.94092013601572,98.49749030358306,-3.2203280426960967,83052111.0,71603892.15,1.0
2026-04-28,2320.7624137846105,2418.9184784423737,2319.862669584462,2411.32177734375,4375556,2080.991564941406,2288.664163818359,2268.1670247427683,2161.0876518921095,2488.6947017864304,1704.1806155963816,2096.437658691406,76.47509733395509,55.34533712415949,14.87835143989704,92.79917118723642,57.929461108395216,34.86971007884121,38.91459497672545,78.70190149821353,97.94092013601572,97.9409201360157,-1.7082706857916907,87427667.0,72616112.75,1.0
2026-04-29,2426.5151092575657,2442.7078200445444,2386.9327104169424,2424.815673828125,4656967,2084.8198510742186,2287.9134985351557,2299.4967545598397,2185.0629266135657,2522.6874849835576,1730.4508695086306,2126.569177246094,77.07093443931211,55.34533712415949,14.87835143989704,101.27429242413245,66.59842737154267,34.675865052589785,40.54185372297145,77.06427350745557,99.99999999999999,98.62728009067713,-4.035199945975343,92084634.0,73990444.55,1.0
2026-04-30,2393.8295200504303,2418.91839940897,2327.759209361512,2407.323486328125,3538354,2088.750090332031,2286.9994067382804,2321.062100913497,2205.2684320421617,2533.827531037743,1784.2417682786638,2159.0346496582033,74.438902796605,55.34533712415949,28.092286268045292,105.36483350803474,74.35170859884109,31.01312490919365,40.73002226592375,78.49228714739537,95.10379930616844,97.68157314739472,-7.980197555609014,88546280.0,75329123.6,1.0
2026-05-01,2407.323486328125,2407.323486328125,2407.323486328125,2407.323486328125,0,2094.1836547851562,2286.1267956542956,2338.3143779964225,2223.6370733408858,2546.3110398000244,1828.3229567820072,2187.316998291016,74.438902796605,55.34533712415949,28.092286268045292,107.36893454518895,80.95515378811066,26.413780757078285,40.90475019866517,72.8856952082957,89.35795730362555,94.820585536598,-7.980197555609014,88546280.0,76551394.35,1.0
2026-05-04,2389.3316513455684,2513.8760661938645,2373.938631097586,2484.589111328125,6039537,2100.2029614257813,2285.650509033202,2367.569324662763,2247.3599858851803,2561.4096750165063,1878.3452077959937,2219.87744140625,78.24493479813526,59.53712579036608,28.092286268045292,113.87916117492296,87.53995526547313,26.33920590944983,41.85044650952135,77.67510520029447,89.35795730362557,91.27323797113985,-7.730884888045431,94585817.0,78167171.85,1.0
2026-05-05,2468.89608276268,2510.7772587807463,2448.905021363792,2460.899658203125,1622580,2104.583005371094,2285.167225341796,2386.2353913708357,2266.7726833686297,2570.6836631185483,1925.0262001627011,2247.8549316406247,74.57837110453536,59.53712579036608,28.092286268045292,115.79224092129652,93.19041239663781,22.601828524658714,42.728593083887795,76.54632893005589,84.07997792980366,87.59863084568492,-14.976010464081767,92963237.0,79544148.5,1.0
2026-05-06,2474.3937050777845,2545.361975350668,2471.0951310334453,2539.164794921875,3169133,2111.162067871094,2284.962316894531,2416.821272081044,2291.535602600743,2579.471732555581,1982.0287313116057,2280.7502319335936,78.21112376343177,59.53712579036608,28.092286268045292,122.21489560703048,98.99530903871634,23.219586568314142,43.76588527881043,77.11175665987642,89.72515733544331,87.72103085629084,-1.7202972027363317,96132370.0,81157927.25,1.0
2026-05-07,2539.164871091216,2548.760434743526,2505.080011663105,2512.57666015625,1098088,2118.2988793945315,2284.5400061035148,2435.972349696085,2311.630244196698,2598.0295030718826,2010.4399671429603,2304.2347351074213,74.32538305355924,59.53712579036608,28.092286268045292,123.7331368683158,103.94287460463624,19.79026226367955,44.75081806637623,74.7238042613439,77.84878982490713,83.88464169671803,-10.41126144985325,95034282.0,82506910.05,1.0
2026-05-08,2517.874272590681,2544.962259360577,2498.882763587417,2504.780029296875,1499613,2125.1977905273443,2284.027235107421,2449.7338856162432,2329.1893155694415,2606.3485078694107,2048.640164005588,2327.4943359374993,73.17726837454815,59.53712579036608,28.092286268045292,122.89062443332341,107.73242457037368,15.15819986294973,45.51026925458312,72.67778222647362,72.66777807742221,80.08057507925754,-13.337393534830388,93534669.0,83904971.6,1.0
2026-05-11,2493.884892409484,2512.8764006081938,2458.900535201335,2499.08251953125,1279432,2131.3790258789063,2283.4454943847654,2459.603612399245,2344.6341522932426,2612.4834117507135,2083.826768913348,2348.155090332031,72.29836850583953,62.589576515574734,28.092286268045292,120.3755711831991,110.26105389293878,10.114517290260324,45.24541568953849,71.34193102507255,50.385072414838355,66.9672134390559,-15.147863888620861,92255237.0,85154053.45,1.0
2026-05-12,2486.5881284410943,2510.577402169413,2399.0274257516394,2404.125,1459022,2135.821037597657,2282.4914196777336,2448.507889919396,2350.0424111756747,2605.941131978492,2117.9766902871324,2361.9589111328123,59.47683376596371,62.589576515574734,28.092286268045292,109.45832766356398,110.10050864706382,-0.6421809834998413,43.74818623073298,74.21393426740833,28.928106592041196,50.66031902810059,-44.10245215815819,90796215.0,86143695.55,1.0
2026-05-13,2400.0269509800632,2528.8692428552217,2400.0269509800632,2496.883544921875,2036291,2141.1446557617196,2281.8841906738276,2458.1830209198915,2363.391605152602,2607.649285062971,2151.6127266557796,2379.6310058593754,65.84822218696021,62.589576515574734,28.092286268045292,107.05708543922947,109.49182400549695,-2.434738566267484,42.5691387000925,78.11595981081906,22.265953498522954,33.859710835134166,-16.07310797084791,92832506.0,87146201.45,1.0
2026-05-14,2528.969389042316,2718.7844246033,2528.8693361199807,2711.6875,9539233,2151.0702172851566,2282.50941040039,2508.8839167359133,2395.0548683205475,2661.7683471478467,2148.39090578184,2405.0796264648434,75.46754900694069,62.589576515574734,28.092286268045292,121.09110478036473,111.8116801604705,9.279424619894229,43.05404034076949,88.38631123014807,39.7165090981434,30.303523062902514,-1.635967280244155,102371739.0,88516223.4,1.0
2026-05-15,2779.8571351548885,2801.847302651897,2659.8107140699785,2714.7861328125,6742083,2162.1492602539065,2283.016683349609,2550.064359951231,2424.121346910725,2705.733425610552,2154.173581225385,2429.9535034179685,75.5744270881549,62.589576515574734,28.092286268045292,130.95364785284573,115.64007369894556,15.313574153900177,43.957342191140604,92.21847389813165,68.30685199715296,43.429771531273104,-18.06305924845035,109113822.0,90102904.45,1.0
2026-05-18,2698.7932929131057,2708.7888236275985,2646.3167566620173,2688.597900390625,2033884,2173.4482055664066,2283.423502197265,2577.7710680391097,2448.1646699543526,2734.6901763916476,2171.2162445067897,2452.9532104492187,72.69202074552584,68.16308328618585,28.092286268045292,135.0992724844932,119.5319134560551,15.56735902843812,44.55766380561861,90.52210977329959,80.46187067633676,62.82841059054437,-23.88783938345087,107079938.0,91498124.4,1.0
2026-05-19,2733.4778429296475,2773.2601055404243,2695.7947394638763,2723.7822265625,4204144,2186.4124096679693,2284.297611083984,2606.9732997437877,2473.2208114641844,2762.9530036395713,2192.831127219803,2477.892065429687,74.12015721545721,68.16308328618585,28.092286268045292,139.61440301605353,123.54841136805479,16.065991647998743,45.4532022780123,90.10354515733529,78.06881771700286,75.61251346349752,-16.466365047810015,111284082.0,93194462.6,1.0
2026-05-20,2713.7867015390843,2718.7844671036128,2683.900161075811,2703.59130859375,1187449,2198.718908691407,2285.209703369141,2626.29690151378,2494.1635839305086,2782.7414048654246,2217.4229017751995,2500.082153320312,71.79959275842204,68.16308328618585,28.092286268045292,139.9501796000709,126.82876501445801,13.121414585612882,46.067540329284896,86.51629660943199,71.36447342690091,76.63172060674684,-22.96190766624275,110096633.0,94655566.5,1.0
2026-05-21,2726.680794854565,2768.762077837922,2682.8005115223764,2696.39453125,1606690,2211.8670312500008,2285.9578698730475,2640.3164274610244,2512.548215505008,2798.9376310073844,2240.9689119613654,2519.953271484375,70.94696821250201,68.16308328618585,28.092286268045292,138.0442766843421,129.07186734843484,8.972409335907258,46.902331683525986,86.47667301701154,68.26514986359791,72.56614700250056,-24.64375657984594,108489943.0,95888935.45,1.0
2026-05-22,2708.9887687212918,2743.773265483451,2704.8907474212656,2716.085693359375,1094843,2226.2226147460947,2286.879459228516,2655.470280640695,2531.0516225826777,2810.7292020193054,2272.128146613507,2541.428674316406,71.92918824300642,68.16308328618585,28.092286268045292,136.54869870855782,130.56723362045943,5.981465088098389,47.677495083892715,83.68396310390006,64.41376506609494,68.01446278553125,-21.290312174380944,109584786.0,97290612.4,1.0
2026-05-25,2738.575487266919,2857.522299872516,2738.075710743366,2848.42626953125,3277924,2243.2789843750015,2288.97352294922,2694.061478418806,2559.903863214366,2849.205264221994,2286.418466246755,2567.8118652343746,77.44762396609073,68.19466132960555,28.092286268045292,144.37792205510414,133.32937130738839,11.048550747715751,48.92635198205616,87.80915191884586,74.50262859955794,69.06051450975025,-1.9838892111295747,112862710.0,98781142.35,1.0
2026-05-26,2844.7279613407154,2978.068239709439,2823.737347430612,2967.972900390625,4899494,2263.1620947265637,2292.064140625001,2748.84376281317,2597.0010484122076,2918.872333981047,2272.41650879239,2595.6444213867185,81.06822978079522,68.19466132960555,28.092286268045292,158.4030798788708,138.34411302168488,20.058966857185936,50.50092024317456,92.56070480170165,87.46427839233374,75.46022401932888,-1.743459023175098,117762204.0,100297869.2,1.0
2026-05-27,2980.6674095474245,3026.1470765945096,2942.684390914694,2971.771484375,3826916,2282.5754199218763,2295.1102795410175,2793.429307125536,2631.071088045189,2976.4989810342777,2269.485442793847,2622.9922119140624,81.17166535366515,68.19466132960555,28.092286268045292,167.88930903437767,144.25315222422344,23.636156810154233,52.10159567198434,91.91084629299549,98.64152880903728,86.86947860030965,-8.670688623204036,121589120.0,101773093.5,1.0
2026-05-28,2971.771484375,2971.771484375,2971.771484375,2971.771484375,0,2302.806379394532,2298.333339843752,2829.097742575429,2662.043851347899,3021.9315061237444,2280.4977175090676,2651.214611816406,81.17166535366515,68.19466132960555,28.092286268045292,173.40827137519545,150.08417605441787,23.324095320777587,53.58793714159342,85.34578584349582,99.99999999999999,95.36860240045701,-8.670688623204036,121589120.0,103425235.5,1.0
2026-05-29,2986.4647805167424,2993.6615139811115,2925.492041834656,2936.087158203125,4040865,2321.9858032226566,2301.5174157714864,2850.495625700968,2686.9568792438286,3050.5468145719005,2304.758776248412,2677.652795410156,76.61132945435011,68.19466132960555,28.092286268045292,172.9094691683904,154.64923467721238,18.26023449117801,54.11063602260962,84.11890629370723,92.99320688296984,97.21157856400237,-14.360882850719314,117548255.0,104875334.25,1.0
2026-06-01,2948.5815087814062,2954.3789654039347,2889.807983386944,2908.099609375,1629342,2340.6574511718754,2304.8139404296894,2862.016422435775,2707.0607638012075,3073.6549752959163,2324.001665329084,2698.8283203125,73.14058336112076,73.06524476340343,36.70877294422506,168.31556645975115,157.38250103372013,10.933065426031021,53.96952837708305,82.72262598822746,75.5230645544831,89.50542381248431,-18.853804947359432,115918913.0,105941989.05,1.0
2026-06-02,2883.710720636376,2973.670500482918,2863.9195202638325,2966.773681640625,2066890,2359.8668676757816,2308.762175292971,2882.967874276745,2730.6710290593364,3099.61905157521,2348.6249913935403,2724.122021484375,75.63288190252975,73.06524476340343,36.70877294422506,167.47878159571383,159.40175714611888,8.077024449594944,53.394622033271496,84.65322271900305,57.46618595075713,75.32748579607002,-11.939684832308672,117985803.0,107193117.35,1.0
2026-06-03,2958.6770075383506,2963.6747727537872,2886.809241352977,2924.29248046875,1346112,2379.6340283203126,2311.971740722658,2891.2327955151463,2748.272979187465,3118.438671351976,2368.318140171461,2743.3784057617186,70.53003184341077,73.06524476340343,36.70877294422506,161.52577704640953,159.826561126177,1.6992159202325183,52.86078042830361,84.31830968819197,31.139645734453943,54.70963207989805,-26.81581505759265,116639691.0,108218483.4,1.0
2026-06-04,2918.694984285008,2981.6668281240336,2916.7959310516744,2971.471435546875,1722991,2400.538681640625,2315.393211669924,2907.2805235214923,2768.563747947411,3138.0647715944315,2394.5815174680683,2766.32314453125,72.73050214877206,73.06524476340343,36.70877294422506,158.78455591519378,159.61816008398037,-0.8336041687865929,52.4881934823036,82.92920878706106,22.169100497574274,36.924977394261774,-14.394754230613337,118362682.0,109384903.4,1.0
2026-06-05,2990.662812253037,3058.4325598129344,2920.494234916237,3046.837646484375,5617327,2424.831818847656,2319.2319946289076,2935.191948114069,2793.8613750871345,3163.9174455049224,2422.9346052763267,2793.4260253906245,75.83464736336163,73.06524476340343,36.70877294422506,160.8394843240394,159.8624249319922,0.9770593920472095,52.61995275323371,86.8584313663208,23.508564476434866,25.605770236154363,-3.0867742465867987,123980009.0,110907170.4,1.0
2026-06-08,3016.351239886288,3038.4414602679235,2953.7793643440464,2968.672607421875,1653499,2447.863520507812,2322.6724560546886,2941.8880799756303,2809.7533052993836,3167.8594212946145,2465.9516382756974,2816.905529785156,67.28053630004679,75.12996897469516,36.70877294422506,154.3811546413799,158.76617087386975,-4.385016232489846,52.74230064766881,87.30127785017851,23.508564476434866,23.062076483481334,-23.895711987180736,122326510.0,112410734.05,1.0
2026-06-09,2984.565433693747,2997.3597618800422,2934.587779865649,2978.568115234375,1841620,2469.7197460937496,2325.902510986329,2949.2240870273795,2825.100106202565,3144.5023441789745,2546.7530269147755,2845.627685546875,67.77609555825572,75.12996897469516,36.70877294422506,148.35126557429476,156.68318981395475,-8.331924239659998,52.46217880415161,85.54918529047958,17.80506912788579,21.60739936025184,-21.26135002112036,124168130.0,114079329.8,1.0
2026-06-10,2975.6694263915747,2993.561328353177,2916.695796510116,2929.7900390625,1475029,2491.871840820312,2328.6147985839852,2945.337277434404,2834.617372826195,3118.7483274332803,2615.797693074532,2867.2730102539062,62.7323599998203,75.12996897469516,36.70877294422506,138.04525221657923,152.95560229447966,-14.910350077900432,51.834076107355884,84.9289243299497,1.1891504194178393,14.167594674579497,-36.38679110688008,122693101.0,115572359.55,1.0
2026-06-11,2893.806171835952,2965.474077684693,2893.806171835952,2907.5,1204115,2514.8615600585936,2331.2221325683604,2937.7698219475233,2841.243066205632,3118.063067404348,2636.0642031034645,2877.0636352539063,60.51611559925543,75.12996897469516,36.70877294422506,126.61945228498871,147.68837229258148,-21.068920007592766,50.78367849897022,83.98170872414909,1.1891504194178393,6.727789988907157,-47.11388573439179,121488986.0,116528221.9,1.0
2026-06-12,2958.800048828125,2971.89990234375,2886.199951171875,2921.60009765625,2321009,2536.460031738281,2333.949445800782,2934.535877089269,2848.548250882961,3116.542011158715,2658.2666558334718,2887.4043334960934,61.444041931154764,75.12996897469516,36.70877294422506,117.34945212558023,141.62058825918123,-24.271136133601004,49.651299246615864,84.10444032755808,1.4974608808644503,1.2919205732333763,-58.30219575752656,123809995.0,117263030.55,1.0
2026-06-15,2960.0,2983.0,2935.0,2942.5,1174229,2558.6424267578122,2337.0426416015634,2936.1287016714155,2857.0893189845096,3110.2034621390426,2689.995414814082,2900.099438476562,62.83815412134923,68.71527559059032,36.70877294422506,110.41654447112296,135.37977950156957,-24.96323503044661,48.71401713515583,82.48268761442894,5.244700000136452,2.6437704334729135,-59.601433447174614,124984224.0,118158244.85,1.0
2026-06-16,2971.39990234375,2997.699951171875,2928.300048828125,2943.60009765625,1851843,2579.4874316406253,2340.2512890625007,2937.622980868383,2864.953935227395,3104.7102156966357,2717.4704483658643,2911.09033203125,62.91416678164266,68.71527559059032,36.70877294422506,103.81422809367223,129.0666692199901,-25.252441126317876,47.99718923626916,81.54820295223759,9.114606168857167,5.285589016619356,-59.035868455336484,126836067.0,118935844.1,1.0
2026-06-17,2958.0,2974.5,2934.60009765625,2951.89990234375,1244567,2600.900253906251,2343.6558654785163,2940.4783651634566,2872.8581140561546,3091.2134336585095,2755.7980897789903,2923.50576171875,63.520427886440935,68.71527559059032,36.70877294422506,98.12049765229403,122.8774349064509,-24.756937254156867,47.33156333016011,78.57332433734562,13.839103182294608,9.39946978376274,-54.76890275126869,128080634.0,119835044.15,1.0
2026-06-18,2952.0,3041.0,2938.0,3013.39990234375,1774394,2620.310520019532,2347.351949462891,2955.0626725995153,2885.6346402641175,3073.185989612238,2805.5260709346367,2939.356030273437,67.73003947584945,68.71527559059032,36.70877294422506,97.44739833039057,117.79142759123884,-20.344029260848274,47.37421332661798,80.31808688467808,25.789460472571932,16.247723274574568,-23.151485151624808,129855028.0,120903298.4,1.0
2026-06-19,3017.0,3051.89990234375,3009.10009765625,3038.39990234375,3620222,2640.286757812501,2351.3254650878907,2971.730118548362,2899.522391362266,3047.054775651585,2863.8887057937286,2955.4717407226567,69.28184398278668,68.71527559059032,36.70877294422506,97.8038316442221,113.79390840183551,-15.990076757613409,47.51028486361073,77.63820958487965,40.99389841314499,26.87415402267051,-10.298876371281763,133475250.0,122097821.6,1.0
2026-06-22,3040.0,3065.0,3001.0,3059.60009765625,1726452,2659.761411132813,2355.207569580078,2989.3041143699397,2914.074910116264,3054.282059092431,2877.7788051653815,2966.0304321289063,70.5741122654225,71.18617910005561,36.70877294422506,98.65969860569476,110.76706644260737,-12.107367836912616,47.75430738740538,76.66405175738825,56.65827797609773,41.14721228727154,-3.020078785851321,135201702.0,123214771.2,1.0
2026-06-23,3072.0,3091.699951171875,2943.5,2962.89990234375,1620658,2676.458437500001,2358.6561511230466,2984.023271964702,2918.513545773308,3054.0340630193464,2877.519501433779,2965.776782226563,58.48777252759709,71.18617910005561,36.70877294422506,90.49194689980368,106.71204253404665,-16.220095634242966,46.546081492361175,81.77375885842302,40.9606815665484,46.2042859852637,-62.67642278740876,133581044.0,124005713.2,1.0
2026-06-24,2988.300048828125,3077.800048828125,2971.0,3069.699951171875,2527812,2694.9836035156254,2362.5662658691404,3001.1586078061364,2932.257764445905,3070.445568073081,2870.900843059733,2970.673205566407,65.51263962613587,71.18617910005561,36.70877294422506,91.58112598945672,103.68585922512867,-12.104733235671944,45.42415744696298,84.13992940313388,35.38515144161454,44.33470366142022,-10.705596107055959,136108856.0,124731700.0,1.0
2026-06-25,3086.0,3105.0,3027.699951171875,3038.0,1719600,2711.689301757813,2366.3673571777335,3008.5268862449093,2941.870694950823,3078.2074399828034,2869.7618227125104,2973.984631347657,62.150773330823505,71.18617910005561,36.70877294422506,88.86204084097835,100.7210955482986,-11.859054707320254,44.718537131223655,83.65136650491897,23.60113027057926,33.3156544262474,-30.62156537845694,134389256.0,125371706.8,1.0
2026-06-26,3038.0,3038.0,3038.0,3038.0,0,2728.1031298828134,2370.155455322265,3014.4215089959275,2950.609722682566,3085.444897875121,2872.71564899988,2979.0802734375006,62.150773330823505,71.18617910005561,36.70877294422506,85.7190306438406,97.72068256740701,-12.001651923566413,44.06331826660857,77.67626889742476,33.703446556798625,30.896576089664137,-30.62156537845694,134389256.0,126213756.85,1.0
2026-06-29,3020.0,3020.0,2955.0,2962.5,1693354,2742.7810546875007,2373.4186193847645,3004.037207196742,2951.690656984151,3083.188020864495,2880.412565073006,2981.8002929687505,54.43481590895897,71.16545435506845,36.70877294422506,76.25691119430167,93.42792829278595,-17.171017098484285,41.575810200881676,78.05653540475157,20.204632572438722,25.8364031332722,-65.12795621537484,132695902.0,127052606.3,1.0
2026-06-30,2980.0,3054.60009765625,2969.0,3036.0,2099291,2759.000952148438,2377.045784912108,3010.4297657573943,2959.355142712864,3089.184337299839,2881.3388804735987,2985.261608886719,59.68243871895624,71.16545435506845,38.21531060582803,73.83779297948558,89.50990123012588,-15.672108250640292,39.78557949133259,79.05964699414432,20.940506283467258,24.949528470901534,-31.535641956918337,134795193.0,127893075.8,1.0
2026-07-01,3041.0,3149.800048828125,3012.800048828125,3143.60009765625,3415655,2776.6771630859384,2381.068015136718,3037.0638321371653,2976.1046840713534,3117.837874726257,2874.6161047659316,2996.226989746094,65.87791926840782,71.16545435506845,38.21531060582803,79.68449968427922,87.54482092095654,-7.860321236677322,39.26765350891615,83.19824363741972,34.472230182372556,25.205789679426175,-2.3520291634945067,138210848.0,128971633.65,1.0
2026-07-02,3155.89990234375,3229.60009765625,3147.0,3177.5,3400034,2794.2477197265634,2384.9668749999987,3065.1510657097324,2994.413349155776,3151.8943179780194,2861.1625179594816,3006.5284179687505,67.56880463091763,71.16545435506845,38.21531060582803,86.0614330481144,87.24814334638812,-1.1867102982737237,39.49828617225888,83.39836909188973,61.59854439060982,39.00376028548321,-17.29176542084473,141610882.0,130134043.65,1.0
2026-07-03,3192.0,3224.0,3105.5,3212.10009765625,2848623,2812.758168945313,2389.0727209472643,3094.5408720990363,3014.20305356491,3186.2513476351046,2843.331733419583,3014.791540527344,69.2440241713823,71.16545435506845,38.21531060582803,92.83697059010046,88.3659087951306,4.47106179496987,38.935017778381784,85.90562844246904,81.34658718265055,59.139120585210975,-5.808163678719735,144459505.0,131158018.45,1.0
2026-07-06,3230.0,3245.0,3187.699951171875,3206.60009765625,1978869,2830.4749218750007,2393.194047851561,3116.9527172104795,3031.69369393685,3216.688359897499,2836.6874701806255,3026.6879150390623,68.63709540968897,74.6285785084092,38.21531060582803,96.64872256071521,90.02247154824752,6.626251012467691,38.60718165637892,83.86237275573018,87.04525805474661,76.66346320933566,-12.371106451323666,142480636.0,132165724.75,1.0
2026-07-07,3209.89990234375,3215.199951171875,3096.5,3107.199951171875,2093552,2844.3924853515628,2396.738409423827,3115.002164002759,3038.5578991400344,3224.9610907911397,2841.2779228807362,3033.119506835938,58.63440238585854,74.6285785084092,38.21531060582803,90.60437156388844,90.13885155137571,0.46552001251272657,36.791735268244324,86.35077121402624,68.59256956133738,78.9948049329115,-44.88600939026873,140387084.0,132976672.45,1.0
2026-07-08,3105.0,3146.89990234375,3028.0,3046.89990234375,2321035,2856.834169921875,2399.9682763671863,3101.3817116709574,3039.3162630676447,3224.5848640327495,2853.3651359672513,3038.9750000000004,53.53723061746628,74.6285785084092,38.21531060582803,80.02598017479886,88.11627727606034,-8.090297101261484,34.192530947028196,88.67570915186364,38.00633677204876,64.54805479604425,-65.70484167703151,138066049.0,133745319.85,1.0
2026-07-09,3060.0,3105.0,3026.800048828125,3083.60009765625,2609306,2870.3597021484375,2403.3816442871084,3097.8253888680165,3043.3420662120634,3223.5774446706587,2871.9825650949665,3047.7800048828126,56.04190363789257,74.6285785084092,38.21531060582803,73.75374061938965,85.24376994472621,-11.490029325336565,31.763731469617586,87.92744072472159,13.574117624442952,40.0576746526097,-53.532305918325044,140675355.0,134704638.3,1.0
2026-07-10,3105.0,3183.0,3100.0,3157.300048828125,2145335,2885.359233398438,2406.553784179687,3109.7203208600386,3053.7018828135233,3231.301067935906,2887.8289369469067,3059.5650024414062,60.63153623823162,74.6285785084092,38.21531060582803,73.87829273505122,82.97067450279121,-9.092381767739994,30.43229697268607,88.7469022689379,19.956197150392892,23.8455505156282,-29.087877668946927,142820690.0,135655173.05,1.0
2026-07-13,3127.300048828125,3195.0,3115.199951171875,3177.5,1599810,2899.2174511718754,2409.2996594238275,3123.276256688031,3064.956257103203,3241.476696913898,2901.153307968915,3071.3150024414067,61.80852753300324,71.70916102612289,38.21531060582803,74.74535055180104,81.32560971259318,-6.580259160792139,29.32639733500358,88.10784130887983,37.50974149654783,23.68001875712789,-23.275862068965512,144420500.0,136626986.85,1.0
2026-07-14,3169.89990234375,3219.699951171875,3145.0,3188.89990234375,1932879,2913.7774560546877,2411.868139648437,3136.4009858191753,3076.22386121598,3250.3087499175554,2916.8512354340073,3083.5799926757813,62.49009097613154,71.70916102612289,38.21531060582803,75.48226440657027,80.1569406513886,-4.674676244818329,28.569937331353103,87.15013487052234,51.60922419013708,36.358387612359266,-19.344861260775858,146353379.0,137602852.45,1.0
2026-07-15,3195.0,3199.89990234375,3142.300048828125,3150.60009765625,1035101,2926.0061621093755,2414.527994384765,3139.24080818659,3082.9853372560046,3250.6074879295243,2936.422516953289,3093.5150024414065,58.69993061833392,71.70916102612289,38.21531060582803,72.14416674612994,78.55438587033686,-6.410219124206918,27.823295884354152,85.03940048802967,47.509924496945594,45.5429633945435,-32.55169046336207,145318278.0,138464734.65,1.0
2026-07-16,3167.60009765625,3190.0,3140.10009765625,3151.39990234375,1151243,2938.782626953125,2417.4087512207025,3141.6726270180225,3089.2048431730723,3254.790324377067,2946.0396805057453,3100.415002441406,58.756187712874656,71.70916102612289,38.21531060582803,68.77049440323572,76.59760757691663,-7.827113173680914,27.091566409203374,82.52943633486684,41.03217585132302,46.71710817946856,-32.27589574353448,146469521.0,139295459.3,1.0
2026-07-17,3156.10009765625,3184.800048828125,3140.0,3160.699951171875,1021302,2951.901025390625,2420.499434814453,3145.478091848793,3095.7043984456905,3260.249710440246,2952.810299325379,3106.5300048828126,59.447900537830805,71.70916102612289,38.21531060582803,66.08547872026884,74.49518180558708,-8.409703085318242,26.410229759710955,79.83448008438528,34.57596646681277,41.039355605027126,-30.543495952219203,147490823.0,139996237.95,1.0
2026-07-20,3162.699951171875,3189.0,3133.0,3183.300048828125,994778,2965.585375976562,2423.8740429687496,3153.0424832446597,3103.667639389548,3268.425558466107,2957.004446416704,3112.7150024414054,61.152941948832186,71.78291295676999,38.21531060582803,65.03157987889608,72.60246142024889,-7.570881541352804,25.63882215891924,78.13201722121491,39.78180584257485,38.46331605357021,-26.57190531715682,148485601.0,140660432.9,1.0
2026-07-21,3175.199951171875,3213.5,3170.0,3182.699951171875,951463,2981.1568749999997,2427.2636425781243,3158.9739768301033,3110.852395006123,3265.278989804604,2982.13101996102,3123.705004882812,61.07950520765813,71.78291295676999,38.21531060582803,63.41690399494155,70.76534993518743,-7.348445940245881,25.275913168800557,75.65830170541385,44.7124058550436,39.69005938814374,-28.551816117984174,147534138.0,141358087.6,1.0
2026-07-22,3182.0,3201.89990234375,3139.0,3147.699951171875,977224,2994.1732031249994,2430.0444360351557,3156.719171698458,3114.2021728393734,3267.1985346322904,2988.0114751333326,3127.6050048828115,56.795584608292025,71.78291295676999,38.21531060582803,58.63712198905205,68.33970434596036,-9.702582356908309,24.30187607394789,74.74698746529499,39.083597487432286,41.19260306168357,-44.592149679942985,146556914.0,141880490.5,1.0
2026-07-23,3147.10009765625,3147.10009765625,3001.300048828125,3010.0,1580313,3000.139453124999,2432.1507238769527,3127.3753373587665,3104.7292480357937,3270.0783846128998,2982.331625152723,3126.2050048828114,43.78442559877456,71.78291295676999,38.21531060582803,43.2394377372334,63.31965102421497,-20.080213286981568,23.81898820209545,79.86505281375607,22.921352564083705,35.572451968853194,-96.43005625153403,144976601.0,142409857.75,1.0
2026-07-24,3010.0,3041.89990234375,2992.5,3026.39990234375,1280635,3006.371728515624,2434.4209741210934,3107.1802503557637,3097.608398427426,3271.080413403069,2980.169586596929,3125.624999999999,45.389049672145035,71.78291295676999,38.21531060582803,31.991222197136267,57.05396525879923,-25.062743061662964,23.474675542401485,77.68897063732706,9.77438302135372,23.926444357623236,-85.0792651279643,146257236.0,143003256.75,1.0
2026-07-27,3045.10009765625,3057.39990234375,3008.10009765625,3036.60009765625,636870,3013.3317724609365,2436.8986560058593,3093.064219815861,3092.06218926641,3260.3488412207544,2998.3111685448694,3129.330004882812,46.41357649264441,64.61704098987165,38.21531060582803,23.627636175582666,50.368699442155915,-26.74106326657325,22.87928042418134,75.66117306948226,7.5445502415634715,13.413428609000299,-80.58974157838237,146894106.0,143713166.95,1.0
2026-07-28,3038.0,3038.0,2996.199951171875,3002.300048828125,1096125,3018.9021289062484,2439.2952966308594,3074.911385618314,3083.901994681111,3264.456463520645,2990.8335511277924,3127.6450073242186,43.460916673267135,64.61704098987165,38.21531060582803,14.069522022257843,43.10886395817631,-29.039341935918465,22.48471231028238,73.24252133795675,7.5445502415634715,8.287827834826887,-95.6865973000534,145797981.0,144263306.35,1.0
2026-07-29,3017.800048828125,3048.300048828125,2972.699951171875,3024.5,1547208,3025.3203027343734,2441.711478271485,3064.8291084946513,3078.5018133464646,3265.7533036315867,2977.626701251225,3121.690002441406,45.86149881760371,64.61704098987165,38.21531060582803,8.191570889947798,36.125405344530606,-27.933834454582808,22.42893443632809,73.41091964640627,8.890214819721404,7.993105100949448,-79.0283203125,147345189.0,144720023.4,1.0
2026-07-30,3024.5,3060.89990234375,2994.60009765625,3049.10009765625,1278332,3032.3744140624985,2444.208179931641,3061.6833063269714,3075.8289301018995,3260.3020014458384,2970.238013202598,3115.270007324218,48.472324378681826,64.61704098987165,38.21531060582803,5.4553882387508565,29.991401923374656,-24.5360136846238,22.12081941763708,72.90298286362726,12.983554850714253,9.806106637333041,-69.0687666055162,148623521.0,145070655.35,1.0
2026-07-31,3051.0,3067.5,3002.39990234375,3009.5,866401,3038.242700195311,2446.6243286132817,3051.2466450615775,3069.799027365363,3249.996893592919,2960.283111289893,3105.140002441406,44.732597751701775,64.61704098987165,37.95723893316828,0.09050357661635644,24.011222254022996,-23.92071867740664,21.696676758219436,72.34563392024317,15.211153831442171,12.361641167292607,-85.10119480642713,147757120.0,145235536.1,1.0
2026-08-03,3025.0,3077.0,3024.5,3068.0,891429,3042.6341748046866,2449.384953613282,3054.597316049262,3069.6354794230574,3235.7036868673363,2960.7163082498505,3098.2099975585934,50.77458357628473,63.75455530623471,37.95723893316828,0.5528816495698265,19.319554133132364,-18.766672483562537,21.097567986312562,71.99951721165438,24.78565546828722,17.660121383481215,-60.42357578750037,148648549.0,145543931.75,1.0
2026-08-04,3063.10009765625,3091.5,3020.89990234375,3050.0,854172,3044.274716796874,2451.9766125488286,3053.6778528394098,3067.850435839143,3234.4268339153737,2956.273166084626,3095.35,48.999559893404445,63.75455530623471,37.95723893316828,-0.5270544089380564,15.35023242471828,-15.877286833656337,20.22505872465392,71.89955867198263,26.44248284878266,22.146430716170684,-67.89865732822207,147794377.0,145914296.4,1.0
2026-08-05,3055.0,3085.89990234375,3037.300048828125,3050.0,870914,3045.839287109374,2454.444327392579,3052.942282271528,3066.2276689446753,3234.3612101217627,2956.6487996438623,3095.5050048828125,48.99955989340444,63.75455530623471,37.95723893316828,-1.3671518404303242,12.006755571688561,-13.373907412118886,19.414871553113752,70.23529401795709,34.65017535083536,28.626104555968414,-67.89865732822207,147794377.0,146400712.8,1.0
2026-08-06,3050.0,3072.39990234375,3025.699951171875,3026.0,843121,3046.9238574218734,2456.8330249023447,3047.553825817223,3062.570608131523,3234.868895481746,2950.3811045182547,3092.6250000000005,46.48655547398833,63.75455530623471,37.95723893316828,-3.92429767034173,8.820544923282505,-12.744842593624234,18.890216680416483,68.55419810037979,26.571152861874914,29.221270353830977,-77.86543271585099,146951256.0,146714507.85,1.0
2026-08-07,3025.89990234375,3039.5,3004.5,3020.0,788881,3048.6021142578115,2459.1982177734385,3042.0430606537784,3058.700552846839,3228.114086160017,2943.405908957171,3085.759997558594,45.85341877614912,63.75455530623471,37.95723893316828,-6.361670640552347,5.784101810515534,-12.14577245106788,18.807584780459443,66.15746966463838,20.662334651365562,27.294554288025275,-80.35712656275822,146162375.0,146881592.1,1.0
2026-08-10,3020.0,3021.800048828125,2969.89990234375,3010.0,811593,3050.6401220703115,2461.504416503907,3035.634448523023,3054.2732298607625,3216.6898867722616,2938.0801083449264,3077.384997558594,44.759244993209,64.07539391953702,37.95723893316828,-8.996516464614615,2.8279781554895047,-11.824494620104119,19.328447081529305,65.13908943747671,13.4725391101116,20.235342207784022,-82.71547514816811,145350782.0,146928106.2,1.0
2026-08-11,3062.0,3062.0,2980.0,2995.5,1422452,3051.214648437499,2463.7586047363293,3027.6075588184185,3048.9302089643297,3201.1531020106186,2934.276902872195,3067.715002441407,43.151335819326256,64.07539391953702,37.95723893316828,-12.115025113499541,-0.16062249830830444,-11.954402615191237,18.795366247899832,66.34344019194266,7.771969213797938,13.96894765842503,-85.55300821700385,143928330.0,146806853.75,1.0
2026-08-12,3020.0,3020.0,2943.0,2985.699951171875,1160458,3052.4427978515614,2466.171700439454,3019.22603728911,3043.18200371047,3191.717074232875,2927.222916001501,3059.469995117188,42.05180273872118,64.07539391953702,37.95723893316828,-15.202008433092033,-3.16889968526505,-12.033108747826983,18.93385595227508,67.10462303537534,3.245495941526654,8.163334755145396,-71.2458241266835,142767872.0,146679333.45,1.0
2026-08-13,2986.199951171875,3019.5,2932.800048828125,2964.89990234375,1302957,3052.3113671874985,2468.537769775391,3008.3608103000383,3036.065449040768,3181.395987529668,2918.894002704708,3050.144995117188,39.73742332926264,64.07539391953702,37.95723893316828,-19.106606001020737,-6.3564409484161875,-12.75016505260455,19.22669301566329,68.5042893308396,0.0,3.672488385108197,-79.7732429792242,141464915.0,146429103.15,-1.0
2026-08-14,2965.0,3048.0,2950.0,3035.10009765625,1666749,3052.0766162109367,2471.2468444824226,3013.708667771281,3035.9776898239934,3164.4273634747506,2923.3026414080623,3043.8650024414064,49.782700838296925,64.07539391953702,37.95723893316828,-16.348008959500476,-8.354754550633047,-7.993254408867429,18.79310408727578,70.6111258072082,30.33774776667025,11.194414569398967,-35.538701762212796,143131664.0,146211145.2,-1.0
2026-08-17,3049.0,3058.60009765625,3005.5,3007.300048828125,941404,3052.8491650390615,2473.60201538086,3012.4269439826503,3033.3706315516415,3137.0336843590103,2933.096320523802,3035.0650024414062,46.47855803155993,64.56122692565907,37.95723893316828,-16.218080597481276,-9.927419760002692,-6.290660837478583,18.13868171089778,69.36033808213975,50.69665214492309,27.011466637197778,-53.05606621181936,142190260.0,145896378.15,-1.0
2026-08-18,3014.0,3036.0,3002.5,3002.5,721988,3053.3278027343745,2475.985662841797,3010.4415551861202,3030.564210501492,3101.4898252864436,2950.6201844791817,3026.0550048828127,45.911939499904165,64.56122692565907,37.95723893316828,-16.314373318969047,-11.204810471795962,-5.109562847173084,17.591718483422547,66.7988853619869,69.34431160457277,50.12623717205537,-56.08067257916882,141468272.0,145593084.85,-1.0
2026-08-19,3012.699951171875,3019.0,2967.300048828125,2990.300048828125,938700,3054.538002929687,2478.5377075195315,3006.4132539145216,3026.90383216755,3069.013193154105,2967.3568263771454,3018.185009765625,44.42940190235129,64.56122692565907,37.95723893316828,-17.177113028217263,-12.399270983080223,-4.7778420451370405,17.76306228688153,65.7203900626932,53.176810737399975,57.73925816229861,-63.76810479435723,140529572.0,145291717.75,-1.0
2026-08-20,3000.0,3011.0,2990.0,2994.89990234375,713687,3056.286000976562,2481.182719726563,3004.1105836003676,3023.99438400175,3069.2097942169066,2965.6502155487187,3017.4300048828127,45.14858341869884,64.56122692565907,37.95723893316828,-17.290358240447404,-13.37748843455366,-3.9128698058937434,17.922167247236303,62.52607648678654,49.16015372570798,57.227092022560235,-60.869645480627966,141243259.0,145105050.65,-1.0
2026-08-21,2995.0,3007.5,2981.0,2997.0,803177,3057.793999023437,2484.0741271972665,3002.688466880294,3021.5403490925,3068.333475521736,2963.5865440095145,3015.9600097656253,45.49540549275407,64.56122692565907,37.95723893316828,-17.0145128445115,-14.10489331654523,-2.909619527966271,18.244429481596278,59.95278530915894,49.61925747995972,50.65207398102255,-59.546332120578114,142046436.0,144894510.65,-1.0
2026-08-24,3010.0,3019.800048828125,2971.5,2998.60009765625,832518,3058.9160009765624,2487.5007983398446,3001.870793035486,3019.4548716892045,3066.0363361946497,2962.0836833365997,3014.0600097656247,45.776722719993806,62.272864231002,37.95723893316828,-16.47685395666167,-14.57928544456852,-1.8975685120931516,18.16751919361029,59.12044698908509,55.48927124125429,51.422894148973995,-57.02148152518669,142878954.0,144693753.05,-1.0
2026-08-25,2998.0,3110.0,2962.5,3110.0,2025912,3062.2439990234375,2491.209093017579,3023.496634428389,3027.686246990186,3086.4383753994757,2952.451639248962,3019.4450073242188,60.905451106382046,62.272864231002,37.95723893316828,-6.981238926432525,-13.05967614094132,6.078437214508796,17.765614883205533,65.43327220415044,72.48035720802679,59.19629530974693,0.0,144904866.0,144649097.3,-1.0
2026-08-26,3122.800048828125,3165.0,3092.800048828125,3112.0,2044729,3065.4460009765617,2495.282437744142,3041.1973075427113,3035.351133627442,3102.5956249881406,2945.044389660297,3023.8200073242188,61.11521283722514,62.272864231002,37.95723893316828,0.6974479368691391,-10.30825132537923,11.005699262248369,18.284093804113763,65.91660641613076,86.7069273274587,71.55885192557992,-22.82515553191019,146949595.0,144629317.6,-1.0
2026-08-27,3125.0,3169.0,3125.0,3169.0,1793570,3068.558002929687,2499.659678955079,3066.7578460341692,3047.5010305704013,3131.5845441408237,2928.045460741988,3029.815002441406,66.6133159706164,62.272864231002,37.95723893316828,11.252573565530838,-5.996086347197216,17.248659912728055,18.824745920856316,65.27970595783572,99.99999999999999,86.39576151182848,0.0,148743165.0,144635299.8,1.0
2026-08-28,3170.0,3173.699951171875,3133.300048828125,3168.5,530795,3071.1600048828122,2503.464133300782,3087.106276827336,3058.500936882183,3156.3112114267215,2919.2187934560907,3037.765002441406,66.52445842042104,62.272864231002,37.95723893316828,19.354138390659045,-0.9260413996259635,20.280179790285008,19.39984891269724,63.50257712825817,99.88979274551468,95.53224002432445,-2.1585526275784805,148212370.0,144658062.3,1.0
2026-08-31,3165.0,3165.0,2859.10009765625,2859.10009765625,12872435,3067.150004882812,2505.703660888673,3041.505040993119,3040.3735878616435,3169.1707458320734,2885.469268816364,3027.3200073242188,35.21804264371596,67.80468914175732,36.45264817274712,0.7994845665070898,-0.580936206399353,1.3804207729064428,20.30243487861081,81.06667178650758,66.55645941218137,88.81541738589868,-100.0,135339935.0,143992631.6,-1.0
2026-09-01,2910.0,2942.5,2846.0,2863.89990234375,3862408,3065.170004882812,2507.828613281251,3005.9840132632457,3024.330525541835,3176.9839424060115,2859.0460624767998,3018.0150024414056,35.72339351366525,67.80468914175732,36.45264817274712,-13.363857908301725,-3.1375205467798275,-10.226337361521898,21.25382031218966,82.16905237318561,33.75967273741387,66.73530829836997,-94.53771589536744,139202343.0,143563029.9,-1.0
2026-09-02,2859.800048828125,2905.0,2830.5,2891.800048828125,1642492,3061.6120068359373,2509.9831152343763,2983.1472203762214,3012.282300386043,3177.872796546249,2842.337213219375,3010.105004882812,38.716026569361425,67.80468914175732,36.45264817274712,-22.08254636236643,-6.926525709897149,-15.15602065246928,22.27414204251186,81.62126291795806,4.250464450397137,34.855532199997455,-82.13867787019997,140844835.0,143215552.8,-1.0
2026-09-03,2905.0,2920.5,2885.199951171875,2901.0,816124,3058.8720068359376,2512.309560546876,2966.7177763009777,3002.1657276236756,3178.309736057545,2829.40027370808,3003.8550048828124,39.71278399595035,67.80468914175732,36.45264817274712,-27.927875441015658,-11.126795656120851,-16.801079784894807,22.92963740114847,78.31260476868428,9.022670450361215,15.677602546057408,-79.45803903547366,141660959.0,142951037.95,-1.0
2026-09-04,2900.0,2965.0,2882.800048828125,2938.0,1060844,3056.872006835938,2514.8394970703134,2960.974221040782,2996.332479657887,3176.4519941877033,2823.0580155779217,2999.7550048828125,43.68017279870694,67.80468914175732,36.45264817274712,-29.23771588222462,-14.748979701341606,-14.488736180883015,22.737548362036744,78.5902723689122,17.4706292690794,10.247921389945915,-68.67715172075772,142721803.0,142779009.35,-1.0
2026-09-07,2940.0,2964.39990234375,2918.5,2950.0,981218,3056.6220068359376,2517.3644628906263,2958.779376832626,2992.120436052624,3174.752210198336,2818.757799567289,2996.7550048828125,44.94559603446665,55.93386414172792,36.45264817274712,-28.97348584747715,-17.593880930568716,-11.379604916908434,22.559179968575855,76.25524593854347,24.084755967112777,16.859351895517797,-65.1806477267958,143703021.0,142696621.3,-1.0
2026-09-08,2933.0,2968.800048828125,2918.0,2953.10009765625,971374,3054.964008789063,2520.0238757324228,2957.6435209973506,2988.5731325620445,3173.7019261183877,2815.5680934128623,2994.635009765625,45.28760620396815,55.93386414172792,36.45264817274712,-28.188984601550146,-19.712901664765003,-8.476082936785144,22.310368124443997,74.43701757351357,30.00371723873528,23.85303415830915,-64.27735574039994,144674395.0,142733924.55,-1.0
2026-09-09,2959.89990234375,3142.0,2935.199951171875,3104.699951171875,5320594,3054.1860058593757,2523.556737060548,2987.0548070322557,2999.130116072029,3186.190686052522,2814.9793334787296,3000.5850097656257,58.774711506588375,55.93386414172792,36.45264817274712,-15.159669275414217,-18.802255186894847,3.64258591148063,21.829838788375554,83.89151980598581,46.030056140890935,33.37284311557966,-20.104897965281086,149994989.0,143095280.4,-1.0
2026-09-10,3114.5,3114.5,3041.10009765625,3077.199951171875,1716315,3052.1800048828127,2527.283450927736,3005.0838358601795,3006.2273738083786,3194.041393158164,2818.3586312559005,3006.200012207032,56.074385789545516,55.93386414172792,36.45264817274712,-6.972488672026884,-16.436301883921253,9.463813211894369,21.383632976312,83.14211855868325,57.845836645174025,44.62653667493341,-28.117719618110513,148278674.0,143435968.35,-1.0
2026-09-11,3040.0,3065.0,2999.0,3060.0,1815342,3049.1380029296874,2531.01362426758,3016.0670686881435,3011.115794371253,3196.4195527443,2818.4704619041395,3007.4450073242197,54.39119460695198,55.93386414172792,36.45264817274712,-1.8506482509233138,-13.519171157321665,11.668522906398351,20.34324535215973,82.78910660248266,67.51139819663597,57.12909699423364,-33.129361115478105,146463332.0,143602551.75,-1.0
2026-09-14,3060.0,3060.0,3060.0,3060.0,0,3046.2060009765623,2535.0436633300797,3024.8536549505147,3015.559813064775,3200.5100950410533,2819.649914724573,3010.0800048828132,54.39119460695199,59.932291943112396,36.45264817274712,2.183279694396333,-10.378680986978067,12.5619606813744,19.377171129732623,76.87559898801962,62.85728264024482,62.73817249401827,-33.129361115478105,146463332.0,143816205.35,-1.0
2026-09-15,3080.0,3083.699951171875,2921.300048828125,2928.60009765625,1783310,3042.6340039062497,2538.2907592773454,3005.602943491662,3007.6543843912727,3200.270841830333,2812.4991777009186,3006.385009765626,42.96459853471876,59.932291943112396,36.45264817274712,-5.163159620246915,-9.335576713631836,4.1724170933849205,19.22012263365571,82.98447779914322,48.938215781228294,59.76896553936969,-71.41605139473887,144680022.0,143976792.85,-1.0
2026-09-16,2957.0,2972.89990234375,2914.300048828125,2920.0,764624,3040.096005859375,2541.5858142089855,2988.4823547933297,2999.685803992066,3200.496550133923,2805.2434645145167,3002.87000732422,42.337683914733546,59.932291943112396,36.45264817274712,-11.546125168454637,-9.777686404596396,-1.7684387638582404,19.145652264707632,81.24271892174906,36.16208568890946,49.31919470346085,-73.92190771170061,143915398.0,144146084.15,-1.0
2026-09-17,2930.10009765625,2945.0,2907.0,2923.199951171875,588066,3036.8880029296874,2545.008818359376,2975.425874069039,2992.7325446447758,3200.0959659737828,2798.4740535574683,2999.2850097656255,42.67286732259951,59.932291943112396,36.45264817274712,-16.160177568086965,-11.054184637294512,-5.105992930792453,19.15461989136288,78.15395328448126,26.354138504271422,37.15147999146973,-72.28701011304186,144503464.0,144309094.4,-1.0
2026-09-18,2933.0,3020.0,2924.60009765625,3020.0,1628125,3034.142001953125,2549.1647119140634,2984.3406992552314,2995.2114042225235,3201.4541919786907,2799.4158275525606,3000.4350097656256,51.80035362759198,59.932291943112396,36.45264817274712,-11.869073102101083,-11.217162330255828,-0.6519107718452553,18.065360051090984,79.48581725188438,41.37745107072644,34.631225087969106,-39.1653290529695,146131589.0,144513352.05,-1.0
2026-09-21,2995.60009765625,3015.89990234375,2973.0,2975.0,782730,3030.092001953126,2552.9551684570324,2982.472559404185,2993.3740038386577,3200.596351473231,2797.9136582923948,2999.255004882813,47.97617466984634,58.0717724894848,36.45264817274712,-11.961580166048407,-11.366045897414343,-0.5955342686340632,17.05390448512422,77.16540173389265,49.18527906465371,38.97228954655053,-53.6115569823435,145348859.0,144636847.3,-1.0
2026-09-22,2995.0,3026.10009765625,2979.60009765625,2997.0,793747,3026.2540039062505,2556.618231201173,2985.3780475233484,2993.703639853325,3188.0863858755606,2799.123623890065,2993.605004882813,49.92261880100552,58.0717724894848,36.45264817274712,-10.14275715157919,-11.121388148247313,0.978630996668123,15.966880435248454,75.30359429977533,56.49029666271828,49.01767559936614,-55.941368562932624,146142606.0,144698734.3,-1.0
2026-09-23,3015.5,3023.89990234375,2978.199951171875,2993.199951171875,855435,3023.106000976563,2560.508183593751,2986.942428253054,2993.657849973193,3174.007303481668,2801.3227014011445,2987.665002441406,49.57757350858671,58.0717724894848,36.45264817274712,-8.90530418748267,-10.678171356094385,1.7728671686117146,14.978084029066226,73.18904836206816,47.92429982027835,51.19995851588344,-57.40743705983802,145287171.0,144615613.1,-1.0
2026-09-24,2978.0,2978.0,2898.199951171875,2900.0,1082462,3018.078002929688,2563.7872009277353,2969.5539426024434,2985.1434999756298,3143.4990202831946,2804.930984599618,2974.2150024414063,41.92417296918449,58.0717724894848,36.45264817274712,-15.269058748554016,-11.596348834586312,-3.6727099139677044,15.129516124433495,74.7469734790633,32.5358730956214,45.650156526206004,-99.26167002969142,144204709.0,144388690.3,-1.0
2026-09-25,2920.0,2939.89990234375,2902.5,2916.5,570504,3013.19400390625,2567.3166418457035,2958.943154081955,2978.9031817960267,3105.640062424291,2817.589942458521,2961.615002441406,43.58459998215566,58.0717724894848,36.45264817274712,-18.764660655393072,-13.030011198747664,-5.734649456645409,15.270131641560244,72.25789696939806,17.966690963589702,32.80895462649648,-92.49382889130337,144775213.0,144216832.45,-1.0
2026-09-28,2924.0,2924.0,2811.0,2831.10009765625,1259525,3006.150004882813,2570.0887316894537,2933.3745427968142,2965.4665377833194,3108.904661380007,2811.525343502805,2960.215002441406,37.59363452773054,53.44826091052391,36.45264817274712,-28.102065633695474,-16.044422085737224,-12.05764354795825,16.399699886199535,75.16804718586963,3.2846171044433703,17.929060387884824,-93.92746294373111,143515688.0,144625620.1,-1.0
2026-09-29,2834.60009765625,2972.89990234375,2793.699951171875,2972.89990234375,4062231,3001.954003906251,2573.54633178711,2941.2796147062013,2966.142298197904,3107.3140705723845,2824.015934310428,2965.665002441406,49.90624818923933,53.44826091052391,36.45264817274712,-23.78577952329215,-17.59269357324821,-6.19308595004394,16.619923799102878,82.59889747058429,25.492613390375702,15.581307152802923,-44.13967459590852,147577919.0,145044398.9,-1.0
2026-09-30,2910.0,2957.60009765625,2880.0,2903.39990234375,1663023,2997.0680029296877,2576.6739245605477,2933.7036722337116,2960.4384440293443,3106.710657805771,2825.779332428604,2966.2449951171875,45.199226293279494,53.44826091052391,37.24175088513625,-25.6771704108869,-19.209588940775948,-6.467581470110954,16.824417432513126,83.33468353295328,37.300648095042504,22.02595952995386,-62.17243063038793,145914896.0,145297901.95,-1.0
2026-10-01,2900.0,2903.699951171875,2772.0,2816.800048828125,2099992,2993.20400390625,2579.5234484863286,2910.322947552594,2947.3804081019607,3115.206908112998,2808.8630870041893,2962.0349975585937,40.12133179631907,53.44826091052391,37.24175088513625,-33.77466246468339,-22.122603645557437,-11.652058819125951,18.07713542158012,86.78934550716197,42.316648944108834,35.03663680984235,-85.62718772983646,143814904.0,145405599.2,-1.0
