Date,Open,High,Low,Close,Volume,MA50,MA200,EMA9,EMA21,BB_Upper,BB_Lower,BB_Mid,RSI,RSI_W,RSI_M,MACD,MACD_Signal,MACD_Hist,ADX,ATR,StochRSI_K,StochRSI_D,Williams_R,OBV,OBV_SMA20,Supertrend_Dir
2025-07-23,1645.0987571104708,1672.6958046136515,1645.0987571104708,1667.0374755859375,300919,1772.3248828125006,1576.466108398437,1679.1332747243514,1707.149236239372,1771.848915850708,1639.9937721375734,1705.9213439941407,40.23853812985882,48.86505577234336,64.48928442070431,-27.859817442993744,-24.132594002233915,-3.727223440759829,28.646580594491326,39.16865687395678,52.80889036084059,39.82183411753377,-71.99988808942035,14249784.0,15914057.4,-1.0
2025-07-24,1667.9306506842547,1690.564207036285,1655.819787044347,1674.08544921875,1019339,1770.5479516601567,1576.848792724609,1678.1237096232312,1704.1434374193154,1756.9807356485387,1643.9919083944308,1700.4863220214847,41.878959542691284,48.86505577234336,64.48928442070431,-26.810429591616867,-24.668161120110508,-2.142268471506359,28.64520863367713,38.85263995381258,57.480542684470464,46.866838524389564,-64.71802681832898,15269123.0,15692693.95,-1.0
2025-07-25,1668.1293618751872,1668.1293618751872,1514.9560470397982,1531.8319091796875,2369698,1765.7373388671879,1576.7502679443357,1648.8653495345227,1688.4787530338947,1781.1832605297639,1598.664761931174,1689.924011230469,26.22931085445838,48.86505577234336,64.48928442070431,-37.0305884052882,-27.140646577146047,-9.889941828142153,31.040768134908262,47.44383725560824,50.775720081245524,53.68838437551886,-92.39033311682535,12899425.0,15409745.9,-1.0
2025-07-28,1527.8611061459796,1527.8611061459796,1481.1050656419943,1493.8116455078125,2521996,1759.7593115234379,1576.5517285156247,1617.8546087291807,1670.7817432587963,1803.0965567880628,1553.4925545400627,1678.2945556640627,23.682096037723948,41.38521424112934,64.48928442070431,-47.64878983819676,-31.242275229356196,-16.406514608840567,33.55822702078978,47.67833770432859,28.277912248262595,45.51139167132619,-95.02910810504221,10377429.0,15058686.3,-1.0
2025-07-29,1492.0247628113996,1516.4451039549622,1483.0904827945649,1503.837890625,819000,1754.2081469726568,1576.446998901367,1595.0512651083445,1655.6050293829967,1808.9074669775644,1523.4002600732172,1666.1538635253908,25.730414911287216,41.38521424112934,64.48928442070431,-54.6250729476435,-35.91883477301366,-18.706238174629846,35.89586741482261,46.65521509404778,3.4779253384921867,27.510519222666765,-90.60317738042718,11196429.0,14701367.65,-1.0
2025-07-30,1504.433454185251,1557.5427843066043,1501.8524642469142,1554.862548828125,1212306,1749.2823803710942,1576.410020751953,1587.0135218523008,1646.4466220598265,1804.9899563476818,1509.756955273412,1657.3734558105468,35.254192677783244,41.38521424112934,64.48928442070431,-55.397970764224056,-39.81466197125574,-15.583308792968317,36.492781617023134,47.30057973445081,23.12666687155671,18.294168152770496,-69.51166487736022,12408735.0,14456679.2,-1.0
2025-07-31,1545.6304955466292,1600.129629740996,1538.6816108524567,1589.5076904296875,1507354,1744.7497216796878,1576.5564440917967,1587.5123555677783,1641.2703555479955,1798.8461158221737,1503.1942650372014,1651.0201904296875,40.80469673901871,41.38521424112934,50.99887879655202,-52.608486580916406,-42.37342689318787,-10.235059687728537,35.719786619352305,48.31111110259998,52.19983883150728,26.268143680518726,-53.333311365727454,13916089.0,14331765.25,-1.0
2025-08-01,1588.3164136674338,1615.0200076080027,1574.0215417086415,1582.45947265625,1148633,1740.0622021484378,1576.7175091552733,1586.5017789854726,1635.9239116487458,1793.4471197564183,1496.3334344428006,1644.8902770996094,40.0524309502958,41.38521424112934,50.99887879655202,-50.385717352776965,-43.97588498510569,-6.409832367671278,34.586749891848456,47.788779302368646,76.51778225489043,50.61476265265148,-56.36752741818687,12767456.0,14188106.35,-1.0
2025-08-04,1578.3894837012203,1594.7689972113274,1568.6609969024337,1574.8157958984375,425802,1735.0609912109378,1576.8850268554686,1584.1645823680656,1630.3686283987179,1784.6750002167444,1490.4434201934116,1637.559210205078,39.208229544192925,45.126720047011915,50.99887879655202,-48.67978727320224,-44.916665442725,-3.763121830477239,33.6355029848116,46.24015223140615,85.31008405919499,71.34256838186423,-59.31032216004514,12341654.0,14009023.9,-1.0
2025-08-05,1574.815785717018,1621.1747236682745,1573.9223334773662,1591.7908935546875,1596613,1730.2960424804692,1577.0016693115235,1585.6898446053901,1626.861561594715,1772.6252625321004,1488.8038634444624,1630.7145629882814,42.125643254900034,45.126720047011915,50.99887879655202,-45.43433811265845,-45.020199976711694,-0.4141381359467573,32.01179854582238,46.31245494279916,89.57024543257775,83.79937058222106,-51.75246551444428,13938267.0,13894865.1,-1.0
2025-08-06,1605.1923385804664,1605.1923385804664,1549.601261919671,1557.64208984375,998317,1725.0109179687502,1577.0853039550782,1580.0802936530622,1620.5688823446274,1765.8238880918643,1481.786878509698,1623.8053833007812,38.15837972725802,45.126720047011915,50.99887879655202,-45.0979581477186,-45.035751610913074,-0.062206536805526014,31.001470522615183,46.97521363694174,87.93760785227002,87.60597911468092,-63.76879052244742,12939950.0,13789697.6,-1.0
2025-08-07,1543.6449907934557,1587.621549292131,1537.6888043338022,1583.5513916015625,630943,1720.40876953125,1577.180354614258,1580.7745132427624,1617.2036559134394,1755.1502775172364,1480.1510408421389,1617.6506591796876,42.57708124349579,45.126720047011915,50.99887879655202,-42.25363685949014,-44.4793286606285,2.2256918011383533,30.29559233374846,47.186465874183675,92.82989784823425,90.11258371102734,-51.0900927702703,13570893.0,13673975.15,-1.0
2025-08-08,1586.3311500904113,1595.761779580936,1563.4990997449297,1571.0435791015625,257517,1715.860231933594,1577.396514282227,1578.8283264145225,1613.0072852941778,1746.3933772990822,1477.0749942829493,1611.7341857910158,41.05211686467047,45.126720047011915,50.99887879655202,-40.541431299089254,-43.69174918832065,3.1503178892313954,29.395193046265003,46.12048115717101,90.13965250497162,90.30238606849196,-57.06154772673978,13313376.0,13565584.6,-1.0
2025-08-11,1568.4624729696786,1586.1325417063508,1560.52089082806,1576.3048095703125,203971,1711.472509765625,1577.6826599121098,1578.3236230456807,1609.6706965920082,1738.0669326426657,1475.017820775303,1606.5423767089844,41.993254115333606,44.43790849970451,50.99887879655202,-38.318249796434884,-42.617049309943496,4.298799513508612,28.623969408838423,44.65556470867957,96.27980390207213,93.08311808509266,-54.54973065648543,13517347.0,13498041.3,-1.0
2025-08-12,1577.7938574594923,1584.4448840367445,1554.068356557011,1570.7457275390625,291430,1706.8405834960938,1578.1561767578128,1576.8080439443572,1606.1320630417404,1722.2868763714519,1476.7809947222981,1599.533935546875,41.24397148181088,44.43790849970451,50.99887879655202,-36.58322525073504,-41.41028449810181,4.827059247366769,28.05374510222642,43.635633478040575,93.92801629428988,93.4491575671112,-57.20374804347807,13225917.0,13389753.5,-1.0
2025-08-13,1572.334134766577,1599.2362220248135,1566.576438816577,1571.0435791015625,319520,1700.6501196289062,1578.606614379883,1575.6551509757985,1602.9422008653605,1706.2659930716559,1479.6784161080313,1592.9722045898436,41.304401559860715,44.43790849970451,50.99887879655202,-34.78321244497897,-40.08487008747725,5.301657642498277,27.021552298580904,42.85164417305458,94.3730809370029,94.86030037778829,-51.9107863144008,13545437.0,13320109.65,-1.0
2025-08-14,1566.5762377291555,1603.5046653855577,1566.5762377291555,1596.7542724609375,769027,1694.5668652343752,1579.2756927490236,1579.8749752728263,1602.3796619195039,1693.9345067198208,1483.4429102723664,1588.6887084960936,46.426515188627405,44.43790849970451,50.99887879655202,-30.92556063465031,-38.253008196911864,7.327447562261554,25.918594423735215,42.42855727900798,95.40303169166812,94.56804297432029,-17.43450476815984,14314464.0,13306411.95,-1.0
2025-08-18,1596.7544275745518,1616.6083837769088,1588.812845093609,1595.265380859375,328227,1688.3347094726562,1580.0596759033203,1582.9530563901362,1601.7329090958558,1686.4617515483717,1485.0190467914715,1585.7403991699216,46.17521859101688,46.42147147737436,50.99887879655202,-27.669527798367653,-36.13631211720302,8.466784318835366,24.451309668810712,41.38334166502883,97.35007864099623,95.70873042322242,-18.763432123000857,13986237.0,13306242.35,-1.0
2025-08-19,1593.2799274168428,1618.7922117394232,1590.3018340945684,1614.4244384765625,260095,1683.2382006835937,1580.6349444580078,1589.2473328074216,1602.8866844941017,1674.0867027474046,1490.822440319001,1582.4545715332029,49.93087835626647,46.42147147737436,50.99887879655202,-23.274824794229517,-33.56401465260832,10.289189858378805,23.014466595097534,40.462415663587834,99.59525934154583,97.44945655807007,-5.657188545076797,14246332.0,13298660.45,-1.0
2025-08-20,1612.3396323329025,1630.6052951149268,1603.2068615313522,1616.4097900390625,353767,1678.0007275390624,1581.314197998047,1594.67982425375,1604.1160577254618,1668.7043708519532,1493.0182121558591,1580.8612915039062,50.31773787792332,46.42147147737436,50.99887879655202,-19.408065623104676,-30.732824846707594,11.324759223602918,21.4664800022566,39.52927408644403,99.59525934154583,98.84686577469597,-15.277702544000949,14600099.0,13331222.15,-1.0
2025-08-21,1628.024367397095,1656.8126031620436,1610.4536650741975,1641.1279296875,595869,1673.3549023437502,1581.973101196289,1603.9694453405,1607.4807733583743,1662.695515084029,1496.4361133339394,1579.5658142089842,54.98150963509005,46.42147147737436,50.99887879655202,-14.185561507127204,-27.423372178791517,13.237810671664313,20.839900948195968,40.017107229401326,99.99999999999999,99.73017289436388,-13.166700213412897,15195968.0,13378531.35,-1.0
2025-08-22,1646.9555100865095,1657.5148082673911,1627.1318520137795,1643.1700439453125,221056,1669.7644580078124,1582.5394702148435,1611.8095650614628,1610.7252525026413,1654.6446896572634,1501.3953982333614,1578.0200439453124,55.354384986455315,46.42147147737436,50.99887879655202,-9.769293481084333,-23.892556439250082,14.12326295816575,20.278713901902222,39.32895358827349,99.99999999999999,99.86508644718192,-11.971328302017737,15417024.0,13385926.4,-1.0
2025-08-25,1648.6490384180186,1652.733280597652,1624.8407288902777,1638.8865966796875,318091,1665.8917895507811,1583.2179400634764,1617.224971385108,1613.2853747005545,1661.3568599789132,1505.3886966617115,1583.3727783203124,54.337732952877175,49.89884703154847,50.99887879655202,-6.539622946472946,-20.421969740694657,13.88234679422171,19.664853179548043,38.51206773963785,98.02928641806815,99.34309547268937,-15.546050920656517,15098933.0,13495901.8,-1.0
2025-08-26,1638.8865462046003,1643.6681749907766,1614.281380347002,1622.649169921875,682057,1661.5573779296874,1583.8040545654296,1618.3098110924614,1614.1366288115837,1657.21555841496,1522.4137506670709,1589.8146545410154,50.54780406585914,49.89884703154847,50.99887879655202,-5.2300219789933635,-17.383580188354397,12.153558209361034,18.664301581969365,37.86026251850477,88.71204316273831,95.58044319360215,-29.096888155295296,14416876.0,13697874.15,-1.0
2025-08-28,1622.649159408414,1624.9402602521309,1585.890737958229,1594.158935546875,509123,1657.040314941406,1584.1231353759765,1613.4796359833442,1612.3204748784283,1648.226635821082,1540.4347777531364,1594.3307067871092,44.6616956874748,49.89884703154847,50.99887879655202,-6.417105194170517,-15.19028518951762,8.773179995347103,17.94701201173364,37.94520964531885,63.79131215715819,83.51088057932154,-52.87322504356382,13907753.0,13833440.35,-1.0
2025-08-29,1592.963506238891,1627.3311141460229,1571.9445007957734,1598.5419921875,720090,1653.2978588867186,1584.549503173828,1610.4921072241755,1611.0678855428894,1647.1158392995967,1545.913518610559,1596.514678955078,45.70911038407498,49.89884703154847,50.99887879655202,-6.924381198328547,-13.537104391279806,6.612723192951259,17.71646848085362,39.19102419567104,43.28243364397588,65.26192965462413,-57.008060793615,14627843.0,13944395.75,-1.0
2025-09-01,1588.9787872874274,1635.6988330888405,1586.488381025112,1633.50732421875,249588,1650.7887792968747,1585.1690631103515,1615.0951506230906,1613.1078345134222,1651.7981644965528,1545.6311567925093,1598.714660644531,53.30244014361197,46.75666473667383,51.716725955114086,-4.4536520800243125,-11.720413929028707,7.266761849004395,17.163705428535504,39.90669761481801,47.75232346025885,51.608689753797634,-23.20764381155871,14877431.0,13992462.85,-1.0
2025-09-02,1638.6873167044484,1663.2924818768315,1623.445981774596,1647.3538818359375,409587,1648.5983251953123,1585.838001098633,1621.54689686566,1616.2211115427417,1658.668808139702,1545.2499540673293,1601.9593811035156,55.931054097637805,46.75666473667383,51.716725955114086,-1.36257307963956,-9.648845759150879,8.286272679511319,16.230503997946947,39.90239779249069,72.67305446583897,54.5692705233579,-14.592563679703542,15287018.0,14118440.95,1.0
2025-09-03,1647.353920298816,1672.8557782411656,1638.7869468971846,1668.373046875,445589,1646.3855126953124,1586.6070715332032,1630.9121268675283,1620.962196572947,1669.065574970536,1544.2089123341511,1606.6372436523436,59.64462981627813,46.75666473667383,51.716725955114086,2.751482870554355,-7.168780033209832,9.920262903764186,15.676284830570523,39.48571447473999,95.15264656095312,71.85934149568365,-4.217868598762909,15732607.0,14287988.6,1.0
2025-09-04,1668.6718556390283,1676.5415640688168,1654.5263961337423,1666.4803466796875,255090,1644.1130078125,1587.5026776123048,1638.0257708299603,1625.1002102190143,1677.79655284824,1542.9468797689478,1610.371716308594,59.16118430724738,46.75666473667383,51.716725955114086,5.792405518281839,-4.576542922911498,10.368948441193337,15.283076888268859,38.237818293335316,98.92445297012647,88.91671799897284,-9.149445306106918,15477517.0,14364951.1,1.0
2025-09-05,1666.4803735439928,1673.5531034106507,1641.9747988501404,1658.311767578125,153809,1641.6235253906252,1588.4954260253908,1642.0829701795933,1628.1194427062062,1681.2681065742565,1549.542293816369,1615.4052001953128,57.013343598523846,46.75666473667383,51.716725955114086,7.457259909188679,-2.1697823564914627,9.627042265680142,14.416128787814765,37.76213874099068,93.07049006554452,95.7158631988747,-17.428593040995967,15323708.0,14484139.0,1.0
2025-09-08,1658.311672483486,1687.897771826171,1654.8251037179818,1684.8096923828125,442018,1639.664001464844,1589.617933959961,1650.6283146202372,1633.2731017677158,1691.3940036328108,1549.5422268359398,1620.4681152343753,61.85162655309413,51.18978923794715,51.716725955114086,10.790444559883326,0.42226302678349525,10.36818153309983,14.114565744893621,37.42717655293343,93.07049006554452,95.0218110337385,-2.6632102880038477,15765726.0,14593880.65,1.0
2025-09-09,1679.62959523496,1693.4762785386797,1666.7790744480278,1688.3958740234375,294773,1638.5703564453127,1590.7794677734375,1658.1818265008774,1638.2842628818723,1699.429189116521,1553.2422708444167,1626.3357299804688,62.46733080298556,51.18978923794715,51.716725955114086,13.565023154296568,3.05081505228611,10.514208102010459,14.024267783968998,36.66074994848475,94.14603709541804,93.42900574216902,-4.180309553267225,16060499.0,14731236.8,1.0
2025-09-10,1697.361354709008,1703.9360030692872,1673.5530459844504,1689.1927490234375,440991,1637.8261962890629,1592.0755255126953,1664.3840110053895,1642.91230707656,1706.2319501133509,1557.7283037928994,1631.9801269531251,62.61173308713414,51.18978923794715,51.716725955114086,15.647819509984402,5.570215943825769,10.077603566158633,14.29123656657143,36.2123361725099,99.99999999999999,95.73884238698751,-11.16985093123538,16501490.0,14880443.95,1.0
2025-09-11,1670.5645447612692,1692.3805282529445,1666.5798946843192,1675.2464599609375,268553,1636.398090820313,1593.4122900390626,1666.5565007964992,1645.8517755205942,1707.9376271236868,1566.4727000247506,1637.2051635742187,58.37851358190045,51.18978923794715,51.716725955114086,15.988792803500246,7.653931315760665,8.33486148773958,14.212031036831867,35.46864312937529,92.1388845215553,95.42830720565777,-21.735901640773026,16232937.0,15030794.95,1.0
2025-09-12,1675.4457695899614,1704.2348907878495,1665.4841443728285,1696.763671875,219959,1635.723950195313,1594.6628155517578,1672.5979350121995,1650.480129734631,1711.769576934943,1575.2127594908384,1643.4911682128907,62.581982627116695,51.18978923794715,51.716725955114086,17.79020140206626,9.681185333021784,8.109016069044475,14.550634039333762,35.70307907834999,92.08363772855418,94.74084075003648,-5.6475900579755045,16452896.0,15176167.9,1.0
2025-09-15,1703.4379267140253,1703.4379267140253,1681.5223510486985,1694.073974609375,659777,1635.2739697265629,1595.777294921875,1676.8931429316349,1654.443206541426,1716.4823428354937,1580.231963805131,1648.3571533203124,61.74256702487276,53.85186112374578,51.716725955114086,18.784261332436472,11.501800532904722,7.28246079953175,14.86505111308552,34.71825740599118,90.46959083660012,91.56403769556985,-7.680766667241001,15793119.0,15250100.65,1.0
2025-09-16,1703.437888638019,1711.3075967713992,1682.2195785773947,1691.08544921875,1014595,1634.9945239257816,1596.871867675781,1679.731604189058,1657.7743195120918,1718.9914212910662,1587.304892185496,1653.1481567382812,60.767272701198,53.85186112374578,51.716725955114086,19.110616673133336,13.023563760950445,6.087052912182891,15.438823747273773,34.316097462277845,94.90553167637219,92.48625341384216,-14.510403497483992,14778524.0,15289715.0,1.0
2025-09-17,1694.4724175429178,1696.4647425488472,1670.066436220283,1682.7176513671875,306351,1634.2201342773442,1597.9990545654296,1680.328813624684,1660.0418951352822,1721.019206675922,1592.1064280897028,1656.5628173828125,58.004460775568496,53.85186112374578,51.716725955114086,18.481006736253903,14.115052356011137,4.365954380242766,15.314144992558125,33.750540952726865,85.87486639425735,90.41666296907655,-20.51471747528626,14472173.0,15301007.05,1.0
2025-09-18,1690.487775524144,1698.4570755855425,1670.5645253706475,1690.38818359375,460077,1633.4542211914065,1598.9243603515624,1682.3406876184972,1662.8006486315064,1723.4951787993475,1597.0282953217459,1660.2617370605467,59.808376039698935,53.85186112374578,51.716725955114086,18.389007142968467,14.969843313402603,3.419163829565864,15.278822151969484,33.33211304288173,77.45106879238975,86.07715562100643,-16.759769761869727,14932250.0,15317614.6,1.0
2025-09-19,1683.5147191419117,1692.480182143259,1661.798326786787,1684.6104736328125,694289,1633.2299169921878,1599.868179321289,1682.7946448213604,1664.7833599952614,1725.889030640283,1598.9826978753415,1662.4358642578122,57.79458214133754,53.85186112374578,51.716725955114086,17.64646641467334,15.505167933656752,2.141298481016589,14.768409847157399,33.1428089224239,56.84100712563921,73.38898077076209,-30.385422735011247,14237961.0,15269714.25,1.0
2025-09-22,1676.541587790672,1690.985944904733,1665.8826970438045,1672.8558349609375,261846,1632.5541162109378,1600.505298461914,1680.806882849276,1665.5172213557773,1726.862545492195,1600.977762124992,1663.9201538085936,53.823889090692774,52.87038668046213,51.716725955114086,15.92591242962385,15.589316832850173,0.3365955967736767,14.294455564117605,32.56855456088852,32.59358586742186,55.6285539284836,-53.021810859604,13976115.0,15197668.8,1.0
2025-09-23,1669.5683663380123,1688.3958620926276,1658.8097625919845,1676.54150390625,433903,1632.2974853515627,1601.042963256836,1679.953807060671,1666.5194288603657,1727.838563072816,1603.7672352670272,1665.8028991699216,54.87084434018635,52.87038668046213,51.716725955114086,14.690421645753986,15.409537795430936,-0.7191161496769496,13.4552091497494,32.35552205658527,13.269322317137528,34.23463843673286,-50.14379039575611,14410018.0,15163223.05,1.0
2025-09-24,1676.5415319453257,1685.1085053520633,1665.0856628916288,1669.767578125,571798,1632.090017089844,1601.6073132324216,1677.916561273537,1666.8147151571507,1726.7788793620866,1609.5387597980698,1668.1588195800782,52.514188214075034,52.87038668046213,51.716725955114086,13.014662175605281,14.930562671465806,-1.9159004958605248,12.675908907836066,31.474616371145935,3.97122528922734,16.611377824595575,-59.9139511051842,13838220.0,15134290.25,1.0
2025-09-25,1669.7676248739915,1692.4801797527416,1667.576115895285,1681.8212890625,1241769,1631.5081518554691,1602.1944573974608,1678.6975068313295,1668.178949148546,1719.8904214004517,1625.1934531112677,1672.5419372558597,56.12524485895227,52.87038668046213,51.716725955114086,12.514979563800807,14.447446049932806,-1.9324664861319985,12.361532360688898,31.005291191596694,15.891801661251415,11.04411642253876,-52.204331138522896,15079989.0,15192902.05,1.0
2025-09-26,1691.483953831082,1701.4455790008765,1646.9555379628491,1653.7293701171875,836539,1630.537175292969,1602.4391284179687,1673.7038794885011,1666.865351054786,1708.9388900644071,1641.663722240281,1675.301306152344,47.12999648794166,52.87038668046213,51.716725955114086,9.739918689241904,13.505940577794625,-3.7660218885527215,12.051174021588565,32.6827733234846,11.920576372024076,10.594534440834277,-89.47379108026551,14243450.0,15173682.4,1.0
2025-09-29,1662.2964127309058,1698.4571622452647,1661.6987395161798,1689.49169921875,841179,1630.6785253906253,1602.8288592529298,1676.861443434551,1668.9222917969646,1705.9061710978165,1650.294878706872,1678.1005249023442,56.654242050126484,50.358841906459396,51.716725955114086,10.307564841900103,12.866265430615721,-2.5587005887156185,11.762984135281114,33.543131809526926,32.426987267129135,20.07978843346821,-33.90085407764861,15084629.0,15184042.3,1.0
2025-09-30,1698.4571350464298,1699.8517869263735,1672.855806343664,1679.629638671875,325816,1631.1864868164064,1603.2938629150392,1677.4150824820158,1669.895686967411,1703.4558030390153,1655.972822449267,1679.7143127441411,53.777201420322925,50.358841906459396,57.70570199640861,9.848119649025648,12.262636274297707,-2.414516625272059,11.405384400573075,33.07547815046854,34.84589423079693,26.397819289983378,-49.226021181027576,14758813.0,15157632.05,1.0
2025-10-01,1687.2004067165708,1735.0162075414814,1678.832738853707,1724.4569091796875,1035192,1632.072805175781,1603.9415576171878,1686.8234478215504,1674.855798077618,1712.931047802954,1652.1059639157977,1682.5185058593759,62.97981965960572,50.358841906459396,57.70570199640861,12.951890781738257,12.400487175785816,0.5514036059524408,11.942343813803316,34.72604890313325,68.17922756413026,45.15070302068544,-11.990935808596348,15794005.0,15160701.95,1.0
2025-10-03,1733.3228042828407,1745.7748359228035,1717.1850199181974,1731.5296630859375,678344,1633.7378906249999,1604.6730102539066,1695.7646908744277,1680.0079676238288,1722.2666330369684,1649.2753103224077,1685.770971679688,64.19118745610905,50.358841906459396,57.70570199640861,15.800228695538863,13.080435479736426,2.7197932158024365,12.866228831675016,34.28774655323845,81.00615000235852,61.343757265761894,-14.415375469110025,16472349.0,15210443.55,1.0
2025-10-06,1733.3228604199555,1738.303673237254,1710.4111214603813,1735.315185546875,187698,1635.1034448242185,1605.4037847900393,1703.6747898089172,1685.0358965259238,1729.963957979536,1649.278327176715,1689.6211425781255,64.85406687584675,56.02637206956404,57.70570199640861,18.153751887616636,14.09509876131247,4.058653126304167,13.301044146863072,33.83094692635519,99.99999999999999,83.06179252216292,-10.584623238435864,16660047.0,15277260.5,1.0
2025-10-07,1738.303650508972,1745.6752777025654,1722.066152296133,1729.6370849609375,217829,1636.2144775390623,1606.148854980469,1708.8672488393215,1689.090550020016,1735.8923559603397,1647.8326684537235,1691.8625122070316,62.97107830500332,56.02637206956404,57.70570199640861,19.33784605817118,15.143648220684213,4.194197837486968,14.00965124451592,33.10081681778928,96.45869801230234,92.4882826715536,-16.33056629121741,16442218.0,15311085.1,1.0
2025-10-08,1730.732793266944,1752.847552655788,1711.9052972457005,1718.28076171875,377095,1639.9434545898434,1606.9066326904297,1710.7499514152073,1691.7442056289917,1738.8938552230131,1647.8196579605817,1693.3567565917974,59.26489146469756,56.02637206956404,57.70570199640861,19.139263328508832,15.942771242249137,3.1964920862596955,14.029518912717542,33.66091957438201,85.94723856981213,94.13531219403814,-32.64343495330904,16065123.0,15311316.3,1.0
2025-10-09,1713.3996026206771,1745.774885809731,1709.3153604464333,1728.342041015625,314463,1644.6340624999996,1607.6903955078128,1714.2683693352908,1695.071281573231,1743.3925076457226,1647.2359347370907,1695.3142211914067,61.43073786080974,56.02637206956404,57.70570199640861,19.56817648047854,16.66785228989502,2.9003241905835218,13.888671778568455,33.860819987875985,79.5090466268502,87.30499440298821,-23.141982623735103,16379586.0,15305221.1,1.0
2025-10-10,1718.4799068172529,1741.7901336700131,1718.4799068172529,1731.9281005859375,114758,1649.1958666992182,1608.6119573974613,1717.8003155854203,1698.421901483477,1747.8991528618185,1648.3974535834946,1698.1483032226565,62.202129775631384,56.02637206956404,57.70570199640861,19.967287816200724,17.32773939515616,2.6395484210445623,13.757885154001444,33.107206192510574,78.06289926426571,81.17306148697601,-19.755457605100602,16494344.0,15318291.45,1.0
2025-10-13,1731.9281214986513,1744.180969054373,1717.981846310876,1735.5142822265625,152410,1652.8089013671872,1609.6388067626954,1721.3431089136488,1701.793936096485,1752.553702869242,1647.6179646112273,1700.0858337402346,62.99910612664256,56.05404368493897,57.70570199640861,20.338511611061904,17.92989383833731,2.408617772724593,13.764984666100396,32.613771660438175,85.08576812794243,80.88590467301944,-16.368817308356732,16646754.0,15327984.35,1.0
2025-10-14,1738.40321370612,1744.3801889099243,1696.8632846804287,1718.38037109375,419048,1655.3863549804685,1610.704818725586,1720.7505613496692,1703.301793823509,1754.3059691018439,1648.2963380270626,1701.3011535644532,56.83329968594519,56.05404368493897,57.70570199640861,19.03077082879372,18.150069236428592,0.8807015923651278,13.117129629964758,33.67828112965656,76.43945067330583,79.862706021838,-32.54936801607222,16227706.0,15349713.7,1.0
2025-10-15,1718.3803797857304,1737.1082841597963,1701.0471272866478,1727.4454345703125,330717,1658.2860742187497,1611.9107110595703,1722.0895359937979,1705.4966702550364,1757.1332545395283,1649.1050511245342,1703.1191528320312,59.113308330840134,56.05404368493897,57.70570199640861,18.512451680374397,18.222545725217756,0.28990595515664097,12.515549953553096,33.84848653990599,70.63036096800678,77.38519325641835,-23.988700336975754,16558423.0,15438708.65,1.0
2025-10-16,1738.8017412115028,1738.8017412115028,1703.537562414538,1721.368896484375,432617,1661.2171362304684,1612.9981182861327,1721.9454080919136,1706.939599912249,1758.7572887757467,1651.3461414000346,1705.0517150878907,56.94214968564161,56.05404368493897,57.70570199640861,17.410654988229,18.060167577820007,-0.6495125895910085,11.845309924936997,33.9496074154102,59.23915434251625,68.76965532794296,-29.727129342749215,16125806.0,15521390.3,1.0
2025-10-17,1719.3765098468036,1758.0276642708982,1704.932153304058,1747.36865234375,706846,1664.3286914062498,1614.1812762451173,1727.0300569422811,1710.6149683151127,1764.308532679468,1651.4929443713131,1707.9007385253906,63.1745100287799,56.05404368493897,57.70570199640861,18.42306653743026,18.13274736974206,0.29031916768819954,11.912445553269942,35.31717195479806,69.26941545477128,66.37964358843143,-11.065224650113292,16832652.0,15616410.4,1.0
2025-10-20,1747.3686299198407,1755.2383380487188,1733.9204360698643,1742.3878173828125,301595,1668.0236059570311,1615.1092236328127,1730.1016090303874,1713.5034091394489,1768.0861519358398,1653.4930594899408,1710.7896057128903,61.3426990491741,57.178623113954224,57.70570199640861,18.6089854290949,18.22799498161263,0.3809904474822723,11.974785779579106,34.31722409937352,69.49928339816944,66.00261773181899,-18.362693110965644,16531057.0,15731065.2,1.0
2025-10-21,1738.403205070306,1760.7172700407011,1738.403205070306,1745.3763427734375,38844,1671.2601049804687,1615.9667419433595,1733.1565557789975,1716.4009485607205,1770.7754856240556,1658.055776582975,1714.4156311035154,62.053663861236934,57.178623113954224,57.70570199640861,18.780981054248286,18.33859219613976,0.4423888581085258,12.335023954997851,33.45985559016077,72.74094612686027,70.503214993267,-18.734829454211077,16569901.0,15860754.5,1.0
2025-10-23,1753.2460700438291,1764.2038579816033,1743.284444645853,1746.87060546875,197842,1674.7766455078124,1616.8230456542972,1735.899365716948,1719.1709173705412,1773.1057344134824,1662.7584379497985,1717.9320861816404,62.42576535132932,57.178623113954224,57.70570199640861,18.820907630228476,18.435055282957507,0.3858523472709692,12.860333101580075,32.564109714845735,67.70346849195863,69.98123267232944,-25.7396865858743,16767743.0,15978640.75,1.0
2025-10-24,1746.8706238580855,1756.334168085786,1734.6178974507136,1747.6676025390625,305810,1678.2039013671872,1617.536663208008,1738.253013081371,1721.761525113134,1773.5766561018359,1670.0775187028512,1721.8270874023435,62.636219179266945,57.178623113954224,57.70570199640861,18.701283971659677,18.48830102069794,0.21298295096173803,12.669873048011656,31.789264066290492,69.05303420732392,69.8324829420476,-24.556154828952646,17073553.0,16140407.4,1.0
2025-10-27,1748.3648795321558,1774.2651060150718,1744.3802293040148,1760.21923828125,280131,1681.9933715820312,1618.4371258544923,1742.6462581213468,1725.25768085569,1776.6064739928784,1674.8874957336843,1725.7469848632813,65.87763056046211,57.20145915880692,57.70570199640861,19.395711774474876,18.669783171453325,0.7259286030215506,13.456600635251863,31.653236398059523,80.69116868293713,72.48255712740655,-18.14668891717046,17353684.0,16254092.15,1.0
2025-10-28,1760.0199771379075,1786.218978276557,1746.372477744586,1770.1807861328125,438596,1685.9761157226562,1619.3804473876955,1748.1531637236399,1729.3415995172468,1773.6135063796476,1689.525604948478,1731.5695556640628,68.2330590025198,57.20145915880692,57.70570199640861,20.513398778805595,19.03850629292378,1.4748924858818135,14.717785380059416,32.238469550481774,90.78289460318226,80.1756991644811,-17.948707573391165,17792280.0,16431533.65,1.0
2025-10-29,1779.1462416913664,1815.3069894213615,1761.6138058472563,1797.8741455078125,1682297,1689.9985131835936,1620.732994384766,1758.0973600804746,1735.5718309709346,1783.8590713023345,1690.1182846546972,1736.9886779785159,73.6737414219632,57.20145915880692,57.70570199640861,23.364465427169762,19.90369811977298,3.4607673073967824,16.888982088775087,33.77094912359773,99.99999999999999,90.49135442870646,-14.718252820341283,19474577.0,16651031.05,1.0
2025-10-30,1817.996576545358,1817.996576545358,1747.5679358919922,1777.7515869140625,1459618,1693.6482373046872,1621.924373779297,1762.0282054471922,1739.4063542384918,1783.7595198282481,1700.0300309530032,1741.8947753906257,64.96686938273925,57.20145915880692,57.70570199640861,23.726727039609614,20.66830390374031,3.0584231358693046,17.91425942580496,36.38935566143831,82.765946848449,91.18294715054375,-33.223723232231684,18014959.0,16813838.35,1.0
2025-10-31,1778.8473309188155,1813.0157533731333,1777.7515764871507,1784.6251220703125,1035265,1697.0522509765624,1623.2995227050783,1766.5475887718164,1743.5171513141117,1790.0133729688923,1699.7929991014207,1744.9031860351565,66.42645082157142,57.20145915880692,63.94238250637833,24.28847638330626,21.3923383996535,2.8961379836527605,18.866302667332697,36.308985748905755,68.42093398398751,83.72896027747883,-27.549366455141545,19050224.0,16976649.3,1.0
2025-11-03,1791.1002701422478,1800.962303736487,1773.3685280596003,1789.30712890625,1084730,1700.5101977539061,1625.177554321289,1771.0994967987033,1747.6798765497606,1796.548942420884,1699.03517623146,1747.792059326172,67.42210600251506,60.03865316543869,63.94238250637833,24.825295059629752,22.078929731648753,2.7463653279809996,19.43687555762294,35.68647074376154,56.04668332111791,69.07785471785147,-23.684197133103957,20134954.0,17159779.55,1.0
2025-11-04,1793.0925435976685,1800.86265992734,1751.950982706596,1772.372314453125,535976,1703.1350854492186,1626.7584741210937,1771.3540603295878,1749.9246436318845,1799.2150996279804,1700.074731914989,1749.6449157714846,60.440247828963095,60.03865316543869,63.94238250637833,23.612044777758,22.385552740870605,1.2264920368873966,18.610860794993798,36.63112834926028,46.91645146908428,57.1280229247299,-39.011951216037886,19598978.0,17306726.1,1.0
2025-11-06,1782.234389090639,1804.050373197332,1772.1731716830773,1778.847412109375,896721,1705.8486328125,1628.141463623047,1772.8527306855453,1752.5539862207472,1802.374402446297,1701.8364618115158,1752.1054321289064,62.05809825268696,60.03865316543869,63.94238250637833,22.908941438012107,22.490230480298905,0.418710957713202,17.99797818591457,36.29156214675989,38.120324402309095,47.027819730837095,-34.203653362973895,20495699.0,17509400.15,1.0
2025-11-07,1773.1693656601465,1798.0734297845868,1770.7785511838251,1793.5906982421875,679442,1708.94271484375,1629.4219653320313,1777.0003241968739,1756.2845964045146,1806.7504444046845,1704.9914135054719,1755.8709289550782,65.51616244044067,60.03865316543869,63.94238250637833,23.273109037831546,22.64680619180543,0.626302846026114,17.343088179967804,35.648941893474294,29.946766017391276,38.32784729626155,-21.585815947677844,21175141.0,17764901.05,1.0
2025-11-10,1802.058078627775,1803.0542411919696,1778.1501770871082,1792.196044921875,491863,1712.33365234375,1630.5895233154297,1780.0394683418742,1759.5492735424564,1810.6780944359907,1707.4491638647905,1759.0636291503906,64.91345667546376,60.71895736343403,63.94238250637833,23.181950521678118,22.75383505777997,0.42811546389814836,16.997349561515552,34.881450622859084,34.24510981672424,34.10406674547487,-30.687102758960847,20683278.0,17980085.65,1.0
2025-11-11,1792.19596729542,1794.0887004057834,1780.8396902351092,1784.1270751953125,317545,1716.1330151367185,1631.6179632568362,1780.8569897125622,1761.7836191472616,1812.7871864232625,1710.559969338456,1761.6735778808593,61.394431444101585,60.71895736343403,63.94238250637833,22.202669762781852,22.643601998780348,-0.4409322359984955,16.67630655866703,33.33627630484588,26.456372484719342,30.21608277294495,-40.621297576086256,20365733.0,18173655.1,1.0
2025-11-12,1799.9660539549734,1799.9660539549734,1771.6750145028143,1789.50634765625,630889,1719.952302246094,1632.7023364257811,1782.5868613013,1764.303867193533,1815.3725656983654,1713.373796606322,1764.3731811523437,62.840688345089035,60.71895736343403,63.94238250637833,21.611520877194152,22.43718577446311,-0.8256648972689575,15.741993523419401,32.975902243939686,19.717224638512825,26.806235646652134,-34.16968126440134,20996622.0,18391148.5,1.0
2025-11-13,1791.4987299145675,1795.582971993735,1754.0430428635332,1758.6253662109375,528818,1722.454663085938,1633.754653930664,1777.7945622832276,1763.7876398314788,1812.7050701038308,1720.0657917125748,1766.3854309082028,51.023415693415636,60.71895736343403,63.94238250637833,18.438644787410112,21.63747757705251,-3.198832789642399,15.403458284374434,33.587618450101274,8.44983250943114,18.207809877554435,-71.20670533413866,20467804.0,18603153.4,1.0
2025-11-14,1762.2115250765075,1770.977804028547,1730.3343239445414,1756.533447265625,273177,1724.6382543945315,1634.6808630371095,1773.5423392797072,1763.1281677800375,1810.7095246164852,1724.970138469452,1767.8398315429686,50.33291072092468,60.71895736343403,63.94238250637833,15.575769475988636,20.42513595683974,-4.849366480851103,16.16645533441006,34.09160856680873,6.046376439339394,11.404477862427786,-70.11356365620074,20194627.0,18784963.6,1.0
2025-11-17,1756.533408843696,1780.7400849626697,1756.533408843696,1770.8780517578125,226118,1726.688354492188,1635.7852618408203,1773.0094817753284,1763.832702687108,1807.1841191857013,1733.4464594275798,1770.3152893066406,54.845508699967155,56.4419067619213,63.94238250637833,14.299573285778933,19.20002342262758,-4.900450136848647,16.245442440496987,33.385541963391944,6.444497822781278,6.98023559051727,-53.75007302414063,20420745.0,18999710.55,1.0
2025-11-18,1771.1769532252986,1775.9585819422452,1750.456724254356,1757.031494140625,244549,1728.4993774414063,1637.0460186767577,1769.813884248388,1763.214411001064,1806.6400948024889,1734.9567679904799,1770.7984313964844,50.11245395451424,56.4419067619213,63.94238250637833,12.032177676855554,17.766454273473176,-5.734276596617622,16.583273226886128,32.822421657998895,6.444497822781278,6.311790694967316,-69.54542074380271,20176196.0,19166887.75,1.0
2025-11-19,1747.2690983927562,1763.8053722669767,1710.4110843445624,1714.296142578125,541702,1729.6190649414064,1638.2278570556641,1758.7103359143355,1758.7672956898878,1811.566067280153,1727.2216280323466,1769.3938476562498,38.942439003984056,56.4419067619213,63.94238250637833,6.709521417848919,15.555067702348326,-8.845546284499408,18.257751692009276,34.29184067688571,6.444497822781278,6.444497822781277,-96.38886419154767,19634494.0,19322059.6,1.0
2025-11-20,1723.3611272851838,1739.399319236077,1707.422527264049,1714.5948486328125,1063781,1730.2147680664064,1639.2466497802734,1749.8872384580309,1754.751618684699,1815.5965592301127,1720.1129866683245,1767.8547729492186,39.04471198149993,56.4419067619213,63.94238250637833,2.4867157558348936,12.94139731304564,-10.454681557210746,19.894046887293758,34.126480055110164,0.1197029182505879,4.336232854604381,-93.20759329641652,20698275.0,19528478.3,1.0
2025-11-21,1720.372699065107,1726.050776877555,1696.4647982095412,1721.169677734375,450086,1730.8702441406251,1640.5268847656248,1744.1437263132998,1751.6987149619422,1817.9357140663774,1715.2037390586224,1766.5697265625,41.37252330813738,56.4419067619213,63.94238250637833,-0.32560106819232715,10.287997636798046,-10.613598704990373,21.70683979071409,33.802158527460435,2.963935968539495,3.17604556985712,-77.03699633743891,21148361.0,19747509.2,1.0
2025-11-24,1726.050817971717,1726.050817971717,1700.6486727078986,1709.6141357421875,838837,1731.278671875,1641.5823205566403,1737.2378081990776,1747.8728441237827,1821.5083890147873,1707.8257174305252,1764.6670532226562,38.583641330212856,52.631790207255214,63.94238250637833,-3.447082259405761,7.5409816575572854,-10.988063916963046,23.39014456108131,33.202157580057424,2.963935968539495,2.015858285109859,-87.77778755735743,20309524.0,19909307.75,1.0
2025-11-25,1709.6140661629868,1719.3765074881985,1683.5146568105768,1691.8824462890625,221281,1731.6113916015624,1642.565726318359,1728.1667358170748,1742.78280795699,1826.7704362967347,1695.729990949359,1761.2502136230469,34.71643192390099,52.631790207255214,63.94238250637833,-7.267897938133956,4.579205738419038,-11.847103676552994,25.39248621389323,33.392135658454876,2.8442330502889073,2.924034995789299,-93.05783403515306,20088243.0,20046035.7,1.0
2025-11-26,1693.3767405290266,1729.7366735495664,1686.403602689471,1726.1505126953125,219892,1732.199128417969,1644.0376385498043,1727.7634911927225,1741.2707811150192,1826.2429566483518,1691.8544432539923,1759.048699951172,45.98423343416385,52.631790207255214,63.94238250637833,-7.444954520819465,2.1743736865713377,-9.619328207390803,26.514327993285956,34.10220245857206,12.194697076123191,6.000955364983864,-64.33327411553866,20308135.0,20171828.45,1.0
2025-11-27,1732.3266737736558,1736.3113239721,1703.4379598349346,1728.242431640625,337720,1732.882497558594,1645.5433392333982,1727.859279282303,1740.086385708256,1821.4949149554116,1689.6393135602136,1755.5671142578126,46.59026557889358,52.631790207255214,63.94238250637833,-7.331954554114873,0.2731080384340956,-7.605062592548968,27.10730518637098,34.01442829275729,25.301765021482154,13.446898382631417,-62.583294009669956,20645855.0,20230392.35,1.0
2025-11-28,1729.338188307285,1736.1121422939386,1702.740696839852,1712.3038330078125,275947,1733.306865234375,1647.0160040283201,1724.748190027405,1737.5606990991248,1820.057697433211,1684.5317556917892,1752.2947265625,42.66278303328783,52.631790207255214,63.94238250637833,-8.431321940606267,-1.467777957373977,-6.96354398323229,27.68148349114486,33.968500947137954,34.71991163293683,24.07212457684739,-75.2779469347732,20369908.0,20348139.8,1.0
2025-12-01,1721.1697187545908,1731.4301201551816,1712.0049502470788,1727.644775390625,216161,1734.205407714844,1648.6030957031248,1725.327507100049,1736.6592514892611,1816.2701826440712,1682.62123581296,1749.4457092285156,47.27024168248489,51.68971201716559,57.63776122318865,-7.972787344605877,-2.768779834820357,-5.204007509785519,28.21464905986347,32.929691587206875,37.4041972761887,32.47529131020256,-62.10426009287973,20586069.0,20424932.05,1.0
2025-12-02,1718.3803455815805,1730.6331932082144,1705.43023283227,1727.9434814453125,298985,1734.9565136718752,1650.1556958007811,1725.8507019691017,1735.866908757993,1811.0976723141978,1681.65738139674,1746.377526855469,47.35894219207228,51.68971201716559,57.63776122318865,-7.4988502140938635,-3.7147939106750587,-3.784056303418805,28.952600516935586,32.37778221497385,45.232863921504816,39.118990943543444,-60.35558796246405,20885054.0,20462437.05,1.0
2025-12-03,1727.9434985156088,1750.6560528179857,1709.016410464252,1745.3763427734375,422097,1736.1718310546878,1651.900934448242,1729.755830129969,1736.731402759397,1808.580683558134,1681.4747729848352,1745.0277282714846,52.392290183998036,51.68971201716559,57.63776122318865,-5.651419362428214,-4.10211900102569,-1.5493003614025245,28.185884467684264,33.0393436534567,65.08557170100421,49.24087763289924,-36.37293541552887,21307151.0,20547845.7,1.0
2025-12-04,1753.2460367772528,1769.1846371115917,1745.9740017339627,1766.0965576171875,668646,1738.0366455078129,1653.8922253417968,1737.0239756274127,1739.4009622919234,1806.7594449072312,1682.0209261865193,1744.3901855468753,57.58359434924107,51.68971201716559,57.63776122318865,-2.486703757633677,-3.7790359523472876,1.2923321947136106,26.396772798380827,32.37998298807795,83.5399223149625,64.61945264582384,-15.061417186638504,21975797.0,20621850.6,1.0
2025-12-05,1766.1961825008382,1774.4643802192843,1757.0315357783566,1764.203857421875,268661,1739.789892578125,1656.062417602539,1742.4599519863052,1741.6557709401006,1801.6904261513164,1684.151260860403,1742.9208435058597,56.9724603906339,51.68971201716559,57.63776122318865,-0.12987184629400872,-3.049203131136632,2.9193312848426234,24.564643044949584,31.31233023471008,95.04667454266362,81.2240561862101,-12.715518627782096,21707136.0,20648450.35,1.0
2025-12-08,1770.0812240083817,1770.0812240083817,1714.0968168571153,1729.437744140625,867941,1740.9832958984377,1657.8887799072265,1739.8555104171694,1740.5450412310574,1794.0001747782442,1685.56568215535,1739.782928466797,47.08698560070378,56.588369047748024,57.63776122318865,-1.0552362590331086,-2.6504097567159275,1.595173497682819,24.541791415682486,33.07462144303553,83.80830627993222,87.46496771251944,-49.50717208486688,20839195.0,20656246.2,1.0
2025-12-09,1721.3688221715809,1738.4031768206132,1710.6102183922608,1734.1197509765625,375983,1742.029265136719,1660.0917041015625,1738.7083585290482,1739.9609239351944,1787.3421123621524,1687.2230121495663,1737.2825622558594,48.385844486060336,56.588369047748024,57.63776122318865,-1.3947179600611435,-2.3992713973849704,1.004553437323827,24.635468185842445,32.6973597991296,70.40079832580682,83.08525971613422,-44.35926546078884,21215178.0,20698718.45,1.0
2025-12-10,1739.997025089158,1757.9279504496312,1718.3803470453358,1729.338134765625,404498,1743.5414404296876,1662.118341064453,1736.8343137763636,1738.99521582887,1777.9429592661963,1690.6053439564603,1734.2741516113283,47.113877983891086,56.588369047748024,57.63776122318865,-2.0262388998012284,-2.3246648978682223,0.2984259980669939,23.701992962919707,33.186662913784296,56.02999851052513,70.07970103875472,-49.61669344597358,20810680.0,20689421.35,1.0
2025-12-11,1727.0469520923812,1728.043114635343,1704.0356216703346,1716.3880615234375,335208,1744.0793676757814,1664.124154663086,1732.7450633257786,1736.9400199829215,1774.9489387232964,1689.3756340306106,1732.1622863769535,43.7587833079504,56.588369047748024,57.63776122318865,-3.530983496982344,-2.5659286176910467,-0.9650548792912974,23.355771660614955,32.623509355320444,51.17849685231435,59.20309789621543,-63.85540991132531,20475472.0,20689804.75,1.0
2025-12-12,1710.411014367828,1737.6062992882732,1710.411014367828,1731.2308349609375,555246,1745.1113916015624,1665.9274676513674,1732.4422176528103,1736.421003162741,1772.1172752729963,1689.6770362504412,1730.8971557617188,48.30290144445525,56.588369047748024,57.63776122318865,-3.485636414323835,-2.7498701770176046,-0.7357662373062306,22.560020246731778,32.23577903854364,51.05759124968309,52.75536220417419,-47.53565336759189,21030718.0,20731609.3,1.0
2025-12-15,1738.502836776912,1738.502836776912,1715.4915061504912,1732.42626953125,562387,1745.2707788085938,1667.2605114746093,1732.4390280284983,1736.0578455598782,1765.6829648460673,1692.2661684547145,1728.974566650391,48.66267034320245,52.917154461579784,57.63776122318865,-3.3150234190043193,-2.8629008254149477,-0.45212259358937157,21.776155128213816,31.57688986624916,46.38974934782551,49.541945816607644,-47.73761016793444,21593105.0,20790227.3,1.0
2025-12-16,1723.3612263300777,1733.6217493241224,1715.3919258614994,1726.2501220703125,560213,1745.165187988281,1668.500134277344,1731.2012468368612,1735.1662343335538,1761.6900026010276,1693.1809934927232,1727.4354980468754,46.84869461896607,52.917154461579784,57.63776122318865,-3.636258352102004,-3.017572330752359,-0.618686021349645,21.052514147876842,30.623527980275867,42.56015892969669,46.669166509068425,-67.22222824768909,21032892.0,20833062.1,1.0
2025-12-17,1723.3611529580794,1769.98160735515,1713.399527796472,1757.728759765625,750140,1745.6134594726564,1669.9835150146487,1736.5067494226141,1737.2173730091965,1765.8060881013155,1693.4081697111849,1729.6071289062502,55.87660795947339,52.917154461579784,57.63776122318865,-1.3353829040243,-2.6811344454067476,1.3457515413824477,20.380627102337204,32.47771023587601,52.275137337336986,47.07501520495306,-23.333464854453446,21783032.0,20940489.0,1.0
2025-12-18,1757.7287384739504,1791.100182361101,1746.67135899888,1788.8089599609375,576403,1746.7968969726564,1671.6577862548831,1746.9671915302788,1741.9075172775365,1777.3951197017373,1689.240549243576,1733.3178344726566,62.626407226046354,52.917154461579784,57.63776122318865,2.9618475384434078,-1.5525380486367166,4.514385587080124,20.485200940681455,33.33136117347208,72.20462556943338,55.67997394548901,-2.6316360893398505,22359435.0,21023547.0,1.0
2025-12-19,1791.100189339434,1815.9046601083903,1791.100189339434,1813.1153564453125,521770,1748.6935888671876,1673.584376831055,1760.1968245132857,1748.3809572018797,1794.158387023812,1681.6718497925951,1737.9151184082036,66.89197366799533,52.917154461579784,57.63776122318865,8.233842077153895,0.40473797652140564,7.829104100632489,21.29353206222735,32.8859568144707,96.18656485088363,73.55544258588466,-2.493365190246377,22881205.0,21110189.2,1.0
2025-12-22,1817.996585333193,1867.80471095876,1811.0234477456136,1856.149658203125,487098,1751.2497412109376,1675.722913208008,1779.3873912512536,1758.1781118383565,1820.8176185926966,1669.6661704698047,1745.2418945312506,72.80913882028521,59.878422191594105,57.63776122318865,15.703424923465946,3.464475365910314,12.238949557555632,23.130650139101572,34.59276441437612,99.99999999999999,89.46373014010567,-7.1167598270687975,23368303.0,21263128.15,1.0
2025-12-23,1856.149732244097,1876.4713510284532,1844.0960680804,1860.7320556640625,344625,1753.8258203125001,1677.938463134766,1795.6563241338156,1767.5011976406931,1840.9779087240788,1666.3908412759222,1753.6843750000005,73.35521754402272,59.878422191594105,57.63776122318865,21.742253162634597,7.12003092525517,14.622222237379427,24.982501786753872,34.43437288106733,99.99999999999999,98.72885495029453,-9.127630000452513,23712928.0,21444362.4,1.0
2025-12-24,1860.8316034565612,1867.4062518250596,1843.797248537585,1851.4676513671875,251611,1756.1448876953127,1680.1196032714847,1806.81858958049,1775.134511615829,1856.4293010507304,1663.4711628164578,1759.950231933594,70.28205065755833,59.878422191594105,57.63776122318865,25.486713085165547,10.793367357237248,14.6933457279283,26.686854357376674,33.661132195810715,96.53880952690487,98.84626984230161,-14.500300926229425,23461317.0,21602021.5,1.0
2025-12-26,1851.4677121804225,1883.7434034881132,1844.2953903795465,1878.8621826171875,353780,1759.3545239257815,1682.1947534179694,1821.2273081878297,1784.5642998886797,1876.2681702680513,1658.694268696793,1767.4812194824221,73.78003812466345,59.878422191594105,57.63776122318865,30.315278616092428,14.697749609008286,15.617529007084142,28.553210207791516,34.07448083243615,96.53880952690487,97.69253968460323,-2.716198943390913,23815097.0,21760483.6,1.0
2025-12-29,1888.2260848735773,1908.348519437496,1871.9885869142115,1881.3525390625,497619,1762.4326660156253,1684.3391870117193,1833.252354362764,1793.3632307226633,1892.6497866559375,1659.217522914375,1775.9336547851562,74.07873992659245,64.42633292416845,57.63776122318865,33.95153043093342,18.548505773393313,15.403024657540104,30.6632500954319,34.237727381782456,96.53880952690487,96.53880952690486,-13.213057359580437,24312716.0,21957624.0,1.0
2025-12-30,1883.643791202112,1890.716520990818,1863.122866980648,1875.9732666015625,1000926,1765.5247534179691,1686.481045532227,1841.7965368105238,1800.8732339843814,1905.8534879587496,1660.846670732657,1783.3500793457033,72.16630370183817,64.42633292416845,57.63776122318865,35.98441789090862,22.035688196896373,13.948729694012243,32.15281440727802,33.76315071238157,97.8974945459097,96.9917045332398,-15.84591731102012,23311790.0,22093910.05,1.0
2025-12-31,1882.747129242996,1913.528574882739,1876.0728891187016,1906.655029296875,360627,1768.7104809570317,1688.8936999511723,1854.7682353077942,1810.4897608309716,1923.5314952113847,1661.0398182651782,1792.2856567382814,75.9759226677711,64.42633292416845,67.04222128056041,39.614605171245785,25.551471591766255,14.06313357947953,33.8939147580318,34.03401911015263,97.89749454590971,97.44459953957474,-3.281039042346612,23672417.0,22233278.2,1.0
2026-01-01,1918.2105448618909,1982.2638442288649,1906.6550838257456,1962.440185546875,1879995,1773.1115283203126,1691.5138055419927,1876.3026253556104,1824.3034358051445,1952.6765416425374,1653.6011561113692,1803.1388488769533,81.05355656124533,64.42633292416845,67.04222128056041,46.457418437364595,29.732660960885923,16.724757476478672,36.2905086263757,37.003647383141,97.89749454590971,97.8974945459097,-7.292055297759137,25552412.0,22445541.25,1.0
2026-01-02,1967.4210316802123,1986.0492226811944,1914.2259273133952,1924.4864501953125,755936,1776.6937304687501,1694.172711181641,1885.939390323551,1833.410982567887,1968.8830087113097,1653.2336783004093,1811.0583435058595,70.18483409308016,64.42633292416845,67.04222128056041,48.261519248160994,33.43843261834094,14.823086629820054,38.55004455559831,39.49076509633087,89.40820899817676,95.06773269666539,-22.579439346855278,24796476.0,22586575.2,1.0
2026-01-05,1931.2603146398133,1962.1413541310687,1897.390787455856,1958.65478515625,653672,1780.9294140625002,1697.152107543946,1900.4824692900909,1844.7967828031926,1989.9987669225904,1651.5630128625664,1820.7808898925784,73.6150165647916,67.20447417358515,67.04222128056041,51.85067886321099,37.12088186731495,14.729796995896038,39.860409110327765,41.29503663767957,82.15920054921584,89.82163469776744,-10.047485120614885,25450148.0,22773725.8,1.0
2026-01-06,1967.4210295204105,1977.183471117767,1930.8619127012105,1940.425048828125,511373,1784.7845629882813,1699.8487646484382,1908.470985197698,1853.490261532732,2002.8621453095407,1659.7983649443659,1831.3302551269533,69.05056617184754,67.20447417358515,67.04222128056041,52.617583596824716,40.22022221321691,12.397361383607809,41.26018810188941,41.65407390759936,66.26769256804477,79.27836737181245,-16.733623660338036,24938775.0,22978704.8,1.0
2026-01-07,1940.425015896659,1949.2908867312428,1927.076413678486,1942.3177490234373,320175,1788.426533203125,1702.554885253907,1915.240337962846,1861.5654876682506,2013.7016995525253,1669.7786105060688,1841.740155029297,69.26365487414283,67.20447417358515,67.04222128056041,52.76978893250907,42.73013555707534,10.03965337543373,42.37940854937161,40.265530989396325,55.53243423876356,67.98644245200805,-18.268804385268655,25258950.0,23180893.4,1.0
2026-01-08,1941.620415354702,1941.620415354702,1903.666646256771,1906.5555419921875,246755,1791.1540283203126,1704.678166503907,1913.5033787687144,1865.6554926067902,2016.3260294005702,1684.8760213806802,1850.6010253906252,60.75231871522281,67.20447417358515,67.04222128056041,49.4348473789712,44.07107792145452,5.363769457516682,42.34819516202019,40.15021468777276,29.44810935439115,50.416078720399824,-40.77664778652608,25012195.0,23390969.15,1.0
2026-01-09,1896.992382856236,1905.559356421832,1879.360232850732,1882.8468017578125,498509,1792.8534814453126,1706.596043090821,1907.372063366534,1867.2183388932467,2012.5461478515783,1705.3017769531095,1858.923962402344,55.852253208677766,67.20447417358515,67.04222128056041,44.3673458311041,44.13033150338444,0.23701432771966324,41.34099384861871,39.22486429160725,12.00628400222891,32.32894253179454,-58.9641274043015,24513686.0,23592879.85,1.0
2026-01-12,1882.6476321639943,1901.475128725358,1839.912234344233,1897.490478515625,561236,1795.2482592773438,1708.5809338378915,1905.3957463963523,1869.9703515861902,2009.3256220511696,1725.1482671089868,1867.2369445800782,58.10015720845269,62.413743562140006,67.04222128056041,41.05962685740269,43.516190574188094,-2.4565637167854035,39.08388392428166,40.820437869429945,2.9732642108844285,14.809219189168163,-60.59981471725102,25074922.0,23795090.05,1.0
2026-01-13,1902.6704227059504,1912.63204795572,1876.371707726185,1897.8887939453125,776013,1797.5135327148437,1710.448444213868,1903.8943559061445,1872.5083918006558,2003.0746168356698,1747.9455247658932,1875.5100708007815,58.1625588495492,62.413743562140006,67.04222128056041,38.03196761761319,42.41934598287312,-4.387378365259927,37.25941905699451,40.49471660943746,6.029066006199186,7.002871406437508,-60.327251669236745,25850935.0,24007981.55,1.0
2026-01-14,1897.689655703284,1942.8158678103632,1892.8084348931736,1927.275634765625,819363,1800.2729028320314,1712.594669189454,1908.5706116780407,1877.4872320701984,1993.8260971300906,1777.2965957410033,1885.561346435547,62.589352665988535,62.413743562140006,67.04222128056041,37.5707065964059,41.449618105579674,-3.8789115091737756,36.24000787618988,41.174196345705475,14.940112342518109,7.980814186533907,-40.218146401135435,26670298.0,24289851.85,1.0
2026-01-15,1927.275634765625,1927.275634765625,1927.275634765625,1927.275634765625,0,1803.3709692382813,1714.7954925537117,1912.3116162955578,1882.0134504970551,1985.3883039018617,1802.6890764692318,1894.0386901855468,62.58935266598854,62.413743562140006,67.04222128056041,36.78116355589964,40.51592719564367,-3.734763639744031,35.29341177972843,38.23318232101223,20.877894467952608,13.9490242722233,-40.218146401135435,26670298.0,24534215.15,1.0
2026-01-16,1936.5399484495556,1955.467036423085,1922.5936731006389,1933.2525634765625,405626,1806.459072265625,1716.862157592774,1916.499805731759,1886.6715516770105,1979.4762351926793,1823.0455055299772,1901.2608703613282,63.50033018159448,62.413743562140006,67.04222128056041,36.22020917853024,39.65678359222099,-3.4365744136907495,34.99655911307853,37.85033810682893,27.938073403104724,21.25202673785848,-36.12819711522574,27075924.0,24770039.6,1.0
2026-01-19,1933.2525426811635,1944.011146475349,1904.463543302071,1912.3331298828125,274337,1808.8339208984376,1718.853262329102,1915.6664705619696,1889.0044224229925,1972.5852883858763,1839.85822968053,1906.2217590332032,58.16196775284756,65.60967635196022,67.04222128056041,33.69916236623499,38.46525934702379,-4.766096980788802,34.08126798985643,37.97157132586101,22.08204702859329,23.632671633216873,-50.443144913050986,26801587.0,24966058.7,1.0
2026-01-20,1912.3331690993853,1925.781363316967,1887.1303299342253,1898.685791015625,510336,1810.9637158203122,1720.7565246582037,1912.270334652701,1889.8845468405045,1970.5514087910672,1846.145722556589,1908.348565673828,54.9183315176952,65.60967635196022,67.04222128056041,30.251270596641234,36.82246159694728,-6.571191000306044,32.65806585755568,38.02010432992391,13.171000692274358,21.063707041324122,-59.7818749789256,26291251.0,25112206.1,1.0
2026-01-21,1897.689583755564,1914.1262651896675,1850.0729670814749,1871.390869140625,522221,1812.7089916992186,1722.359516601563,1904.0944415502859,1888.2033034132428,1969.5298088425213,1848.233203852791,1908.881506347656,49.02901635421051,65.60967635196022,67.04222128056041,25.027814381470762,34.46353215385197,-9.43571777238121,30.385392211285314,39.87961817122881,3.0550199618074836,12.769355894225043,-78.4595021735299,25769030.0,25215011.2,1.0
2026-01-22,1891.7126012022195,1976.3864143155365,1879.3601617923737,1968.4171142578125,1290138,1816.2872070312496,1724.42952331543,1916.9589760917913,1895.4954680354763,1974.6162557977339,1854.8417031866409,1914.7289794921874,63.863818850239575,65.60967635196022,67.04222128056041,28.39013103840375,33.24885193076233,-4.858720892358576,29.538270377408935,44.53075581434901,20.112804535057585,12.112941729713143,-6.386157119293012,27059168.0,25394903.75,1.0
2026-01-23,1992.325090683028,2062.6542636656377,1983.9573009817848,1992.4246826171875,2186960,1820.9631933593746,1726.8513629150393,1932.0521173968707,1904.3072148156318,1987.121232951432,1853.6929760329426,1920.4071044921873,66.4646114978174,65.60967635196022,67.04222128056041,32.61602411693775,33.12228636799741,-0.5062622510596597,30.047920913072133,48.08121249959731,48.83516121142683,24.0009952360973,-31.52955967152149,29246128.0,25666455.3,1.0
2026-01-27,2022.8076291549264,2079.887669728785,1995.6124647773936,2052.692626953125,2529874,1826.8863769531247,1729.96740234375,1956.1802193081217,1917.796797737222,2015.604005309201,1842.344212464236,1928.9741088867186,71.92692210916024,68.94766220188322,67.04222128056041,40.362915688263456,34.57041223205062,5.792503456212835,30.728009535697907,50.894196400454476,82.16849454476016,50.372153430414855,-11.332427726229987,31776002.0,26039619.6,1.0
2026-01-28,2062.056417150511,2088.9528052003006,2043.1293292636224,2082.975830078125,836447,1833.1283325195309,1733.087938232422,1981.5393414621224,1932.8130734045767,2046.3534488280727,1832.2950252930211,1939.324237060547,74.20085901741162,68.94766220188322,67.04222128056041,48.38819547989169,37.33396888161884,11.054226598272855,31.468511617164502,50.53200208161332,95.3890233430359,75.46422636640763,-2.400000570842742,32612449.0,26504652.55,1.0
2026-01-29,2086.960477609186,2142.845292214728,2024.3018308345795,2045.52001953125,1041652,1838.8981030273433,1735.9973699951172,1994.335477075948,1943.0591594160924,2062.0336216241244,1830.5013515204066,1946.2674865722656,66.97479437281437,68.94766220188322,67.04222128056041,51.13644751825541,40.094464608946154,11.041982909309255,32.74164477067465,55.389963460080125,90.43102149058389,89.32951312612664,-32.12765003847316,31570797.0,26899571.55,1.0
2026-01-30,2024.3018234841925,2062.753672263201,2024.3018234841925,2037.849609375,1175836,1845.369172363281,1738.655267944336,2003.0383035357586,1951.6764730487203,2072.727073295866,1827.3488422314774,1950.0379577636718,65.56660939740408,68.94766220188322,67.04222128056041,52.095000327662774,42.49457175268948,9.600428574973293,33.92383962382099,54.18009812571788,78.99728084164575,88.27244189175516,-34.659697947067244,30394961.0,27141699.0,1.0
2026-02-02,2056.079465405663,2081.8799776949054,2033.5662165098704,2071.32080078125,629971,1852.5036914062496,1741.245004272461,2016.694802984857,1962.553230115314,2090.739949286826,1824.0194012991115,1957.3796752929686,68.6629173469801,71.25431725201967,71.62205094819113,54.92239457453297,44.98013631705818,9.94225825747479,35.217814535012096,53.76107405852625,71.66376703612225,80.36402312278396,-24.430072549010283,31024932.0,27453121.8,1.0
2026-02-03,2187.4731565333805,2187.4731565333805,2099.512201539536,2129.29736328125,1273084,1860.6662451171871,1744.1082446289065,2039.2153150441359,1977.7117876758534,2119.861005522437,1811.962602876,1965.9118041992185,73.16427628246517,71.25431725201967,71.62205094819113,61.136604231488036,48.21142989994416,12.925174331543879,37.253973467349255,58.21759417949798,79.86007059703086,76.84037282493296,-17.242371246629983,32298016.0,27795515.2,1.0
2026-02-04,2132.285817913221,2179.005741589508,2109.473794087397,2165.8564453125,1134262,1869.7910913085936,1747.0485571289064,2064.543541097809,1994.815847461003,2154.5109109225177,1799.8558371243575,1977.1833740234376,75.54935594307796,71.25431725201967,71.62205094819113,68.22496758080888,52.214137436117106,16.010830144691774,39.14469247594805,59.025762273970344,91.29381124596901,80.9392162930407,-6.4068462012413345,33432278.0,28220190.35,1.0
2026-02-05,2172.630442312843,2187.971247741856,2146.630503424578,2173.726318359375,1043338,1879.4279687499998,1749.9780883789065,2086.3800965501223,2011.0804357244913,2185.6240690118007,1791.8835359686686,1988.7538024902346,76.04296127161123,71.25431725201967,71.62205094819113,73.62883224192706,56.4970763972791,17.131755844647955,40.961066119422924,57.762546705635195,98.6273250514925,89.9270689648308,-4.21574485512064,34475616.0,28681023.65,1.0
2026-02-06,2173.7262990020754,2198.6303616220357,2156.691822888528,2189.565185546875,1580478,1888.696262207031,1752.8771203613285,2107.017114349473,2027.3063220719805,2214.993624512868,1790.8149448230702,2002.904284667969,77.04726495008724,71.25431725201967,71.62205094819113,78.2870537065703,60.85507185913735,17.431981847432958,42.72139257869881,56.63226042191181,99.99999999999999,96.6403787658205,-2.6007699785309812,36056094.0,29233218.6,1.0
2026-02-09,2211.4808320228226,2235.5879167761964,2195.5422314316675,2226.02490234375,974447,1898.6519116210934,1755.9475317382817,2130.8186719483288,2045.3716475512322,2246.3115017018918,1793.8148776926403,2020.063189697266,79.20800236731452,77.31528856183682,71.62205094819113,83.95296469877303,65.47465042706449,18.47831427170854,44.5969336376869,55.874436908155346,99.99999999999999,99.54244168383083,-2.480581995592923,37030541.0,29859061.35,1.0
2026-02-10,2240.369654127745,2251.227729024986,2213.87163207977,2230.109130859375,962439,1909.0080175781245,1759.0080865478521,2150.676763730538,2062.1659642156087,2273.651985871131,1799.736258757776,2036.6941223144534,79.44147762939222,77.31528856183682,71.62205094819113,87.76114721301269,69.93194978425413,17.82919742875856,46.43331051424022,54.55169833937397,99.99999999999999,99.99999999999999,-5.264451570584782,37992980.0,30504964.25,1.0
2026-02-11,2229.411801364503,2274.737197683576,2221.4425009127976,2272.047607421875,668687,1919.8960742187496,1762.3428594970708,2174.9509324688056,2081.2461135979966,2304.9627258444825,1805.8414001320807,2055.4020629882816,81.71233665148422,77.31528856183682,71.62205094819113,93.09015845607246,74.5635915186178,18.52656693745466,48.275904026964874,54.461912513045725,99.99999999999999,99.99999999999999,-0.6802596047690623,38661667.0,31145500.85,1.0
2026-02-12,2284.499596063797,2292.568366695916,2250.331172384191,2264.177734375,2136876,1930.6207592773435,1765.6318310546878,2192.7962928500447,2097.8762609413607,2330.7156285236306,1813.7787074138698,2072.24716796875,79.92816000081957,77.31528856183682,71.62205094819113,95.57665706776652,78.76620462844754,16.81045243931898,50.08655978837412,53.58871835580854,96.31651432690181,98.77217144230059,-9.199486173711813,36524791.0,31638225.5,1.0
2026-02-13,2263.67955611468,2264.078167034878,2229.2124797136025,2237.28125,374996,1940.4588574218747,1768.8756628417973,2201.693284280036,2110.5494417648733,2346.791264553376,1828.703632907562,2087.747448730469,73.9826060899304,77.31528856183682,71.62205094819113,94.28998734538709,81.87096117183546,12.419026173551629,51.02089441888693,52.25847094906489,80.3582560626285,92.22492346317676,-18.617955170692525,36149795.0,32112200.35,1.0
2026-02-16,2237.281256182927,2259.894339442492,2190.561332324797,2208.890625,712795,1949.314738769531,1771.8802563476565,2203.1327524240287,2119.489549331703,2355.2389871195824,1847.8197164936996,2101.529351806641,68.21449894594232,78.82733215919977,71.62205094819113,89.94260380397418,83.48528969826322,6.457314105710964,50.65170466178234,53.478080675395596,52.49156932639845,76.38877990530958,-31.192015483598833,35437000.0,32530254.15,1.0
2026-02-17,2208.890771562797,2229.2126337854106,2196.04037177201,2215.963623046875,914557,1958.349934082031,1775.0606817626956,2205.698926548598,2128.259919669446,2358.8248855882334,1874.596867341454,2116.7108764648438,68.86576018011606,78.82733215919977,71.62205094819113,86.0757749042823,84.00338673946703,2.0723881648152656,50.30888560161379,52.02766505668166,29.65291641920702,54.16758060274465,-28.5554593323188,36351557.0,33007752.65,1.0
2026-02-18,2234.5917973514333,2258.997779977507,2223.1359279555213,2235.2890625,496080,1968.4669604492185,1778.2047131347658,2211.6169537388787,2137.989841744951,2357.994495026531,1909.087585051594,2133.5410400390624,70.63607611794323,78.82733215919977,71.62205094819113,83.60691808848469,83.92409300927058,-0.31717492078588805,50.325594496123436,51.38527161910669,22.74390592306792,34.962797222891126,-21.35163912359721,36847637.0,33535571.95,1.0
2026-02-19,2241.365783386646,2251.227695552046,2176.81440018436,2194.546142578125,268013,1977.6754882812497,1781.1663732910156,2208.2027915067283,2143.1313236388755,2338.3669182241183,1961.0306891977561,2149.698803710937,62.559731462194435,78.82733215919977,71.62205094819113,77.46969571096133,82.63321354960874,-5.163517838647408,48.97869749501054,53.03013045829095,17.277259325964643,23.224693889413192,-37.84610438460844,36579624.0,34076101.65,1.0
2026-02-20,2194.5459875,2223.135802609253,2169.044130218506,2179.10546875,390445,1986.6708349609373,1783.807618408203,2202.3833269553825,2146.4017004671596,2328.7322263947294,1991.7342164763645,2160.233221435547,59.77056508083937,78.82733215919977,71.62205094819113,70.54675040084658,80.21592091985632,-9.66917051900974,47.517880483773816,53.10595488203782,10.46606457292091,16.829076607317823,-58.77196299533269,36189179.0,34532602.2,1.0
2026-02-23,2182.193638934791,2210.5842697834714,2176.4158478757167,2183.090087890625,377562,1996.0048754882812,1786.4672973632812,2198.524679142431,2149.7370084147474,2318.7325143165313,2020.8004690819057,2169.7664916992185,60.26292276215924,72.48375765372904,71.62205094819113,64.63670018447192,77.10007677277943,-12.463376588307511,46.16140754476828,51.753273955303314,0.7479761904284612,9.497100029771337,-59.793295478708956,36566741.0,34898632.85,1.0
2026-02-24,2181.1975853329964,2204.906059118387,2161.672702352828,2187.174560546875,1362267,2005.1237499999997,1789.1851214599606,2196.25465542332,2153.140422244941,2314.9780128733655,2038.003163884446,2176.4905883789056,60.79263294727323,72.48375765372904,71.62205094819113,59.595545267475245,73.5991704717186,-14.003625204243349,44.47099897486929,51.14470844175016,2.3006734633646397,4.504904742238004,-72.21827412471113,37929008.0,35206283.15,1.0
2026-02-25,2200.2241774173044,2224.8293437825014,2177.9102335598072,2222.040283203125,627610,2014.9160302734372,1791.7938586425778,2201.411780979281,2159.404045968412,2315.999229913962,2050.8883921563493,2183.4438110351557,65.07273692803942,72.48375765372904,71.62205094819113,57.748082165283904,70.42895281043165,-12.680870645147749,43.255247468518746,50.842879997531874,10.35558648642191,4.468078713405003,-51.90600343262207,38556618.0,35503491.6,1.0
2026-02-26,2232.4002716645755,2239.0745121002,2191.5576071673654,2217.856201171875,413834,2024.7481518554684,1794.3206249999998,2204.7006650178,2164.7178782596357,2308.262090312734,2075.8591499216404,2192.060620117187,64.16744717248116,72.48375765372904,71.62205094819113,55.30876883582869,67.40491601551106,-12.096147179682376,42.369459670965114,50.6053103500535,16.287232126718415,9.64783069216832,-57.07764722306955,38142784.0,35832090.95,1.0
2026-02-27,2223.434782466189,2244.055298340248,2208.3926308767886,2226.02490234375,1301696,2034.114074707031,1796.7889654541016,2208.96551248299,2170.2912440854643,2292.9372422756196,2110.0015272556293,2201.4693847656245,65.18576396087913,72.48375765372904,71.62205094819113,53.41896083545589,64.60772497950003,-11.188764144044143,41.63267962928423,49.53797871529679,22.96115542329688,16.534658012145734,-50.837027097971934,39444480.0,36284566.9,1.0
2026-03-02,2186.5766877622414,2243.1587664097747,2185.779709121399,2213.77197265625,509813,2042.6133349609374,1799.043165283203,2209.9268045176423,2174.2440375918995,2276.552203396079,2140.6316833226706,2208.591943359375,62.32464079414976,74.28138634452466,76.63685613380397,50.35213726082793,61.756607435765616,-11.404470174937686,40.21058672099748,50.098055756231005,18.78632367974061,19.34490374325197,-60.197864027898085,38934667.0,36680053.65,1.0
2026-03-04,2191.756757782809,2202.61507532128,2096.922133224975,2111.565673828125,588108,2048.5823413085936,1800.7391809082033,2190.254578379739,2168.5460045224654,2280.3241637502115,2135.086554023226,2207.705358886719,44.70019074767935,74.28138634452466,76.63685613380397,39.2223327045499,57.24975248952248,-18.02741978497258,37.94926976030164,54.86604030444844,12.106701849015646,17.951393650684377,-92.5152964392105,38346559.0,36982480.8,1.0
2026-03-05,2117.841517912362,2157.5883051862297,2111.565645394452,2153.006103515625,391810,2054.5194702148438,1802.5406463623049,2182.8048834069164,2167.1332862491163,2281.4466286560164,2132.679054937734,2207.062841796875,50.777990680252444,74.28138634452466,76.63685613380397,33.361211472229115,52.472044286063806,-19.11083281383469,35.8494754396555,54.2343702678291,10.798681699509782,13.897235742755345,-66.44813291368759,38738369.0,37247785.35,1.0
2026-03-06,2151.711140185911,2183.289444852519,2135.174744327056,2144.538818359375,693422,2060.19560546875,1804.3563598632813,2175.1516703974085,2165.079243713685,2283.7892590245197,2127.4176745692307,2205.603466796875,49.578974818436656,74.28138634452466,76.63685613380397,27.713527229630472,47.52034087477714,-19.80681364514667,33.30255855565374,53.797251000517235,13.188914055739335,12.03143253475492,-70.78232771123764,38044947.0,37426251.9,1.0
2026-03-09,2085.4663471933777,2132.1862745994185,2043.7272326538125,2089.849365234375,355658,2064.963239746094,1805.799852294922,2158.0912093648017,2158.2401638519295,2294.2928809787986,2106.9424705837023,2200.6176757812505,42.58463921175327,66.193391457785,76.63685613380397,18.61018830332523,41.73831036048676,-23.128122057161526,32.561926919041035,57.15541776516333,13.188914055739335,12.39216993699615,-78.57480591099612,37689289.0,37507911.65,-1.0
2026-03-10,2129.496545640695,2160.278113073578,2077.6960952020763,2092.5390625,1148309,2069.2367773437504,1807.181844482422,2144.9807799918417,2152.2673364562997,2298.3978516757397,2089.488915902385,2193.9433837890624,43.010461674881554,66.193391457785,76.63685613380397,11.480423532641908,35.68673299491779,-24.206309462275883,31.258704069348376,58.97160348704464,6.776315597474766,11.051381236317813,-77.32535618409939,38837598.0,37598264.5,-1.0
2026-03-11,2101.803291935895,2118.33968774387,1981.8654167723623,2008.5626220703125,722986,2071.7809790039064,1808.1404803466799,2117.6971484075357,2139.203271512119,2314.59937597396,2051.1327407252597,2182.86605834961,34.42579888239153,66.193391457785,76.63685613380397,-0.9353808494083751,28.36231022605256,-29.297691075460936,31.301844356812058,64.50750830736342,0.5060019617442132,6.823743871652772,-90.08873647086038,38114612.0,37604346.1,-1.0
2026-03-12,2012.1487583360104,2017.2291630187945,1929.766042519748,2001.48974609375,1360299,2074.29130859375,1809.0235473632813,2094.4556679447787,2126.683860110449,2317.103169511854,2021.573161054553,2169.3381652832036,33.81363976509894,66.193391457785,76.63685613380397,-11.216421330918365,20.446563914658377,-31.662985245576742,31.862944869396525,66.14719489248364,0.5060019617442132,2.5961065069877303,-77.17907874809265,36754313.0,37508978.4,-1.0
2026-03-13,1999.099032234251,2005.773272605898,1901.1762059937207,1925.7813720703125,560842,2074.673835449219,1809.5022625732427,2060.7208087698855,2108.4199975613456,2329.12126228905,1975.715432046889,2152.4183471679694,28.061562579496012,66.193391457785,76.63685613380397,-25.182959563818258,11.320659218963051,-36.50361878278131,32.6425602456385,68.8936143010332,0.0,0.33733464116280876,-92.82395263350593,36193471.0,37492412.4,-1.0
2026-03-16,1914.225943027411,1930.2641358564424,1864.9158965121555,1886.4329833984373,667940,2073.1536914062503,1809.8249359130862,2025.8632436955959,2088.239359910172,2342.9778305196187,1926.774037156163,2134.875933837891,25.62199197714514,50.34510813599338,76.63685613380397,-38.977321554144964,1.2610630643414478,-40.238384618486414,33.67370538152692,68.64037323269417,0.0,0.16866732058140438,-94.32475580682646,35525531.0,37461199.2,-1.0
2026-03-17,1906.6550456009256,1966.9228775021045,1889.4213855239732,1958.0570068359373,866076,2073.8251025390628,1810.5469268798834,2012.3019963236643,2076.4046005397868,2341.589586130269,1903.0789197291072,2122.334252929688,36.451810242304006,50.34510813599338,76.63685613380397,-43.62708681019376,-7.716566910565595,-35.91051989962816,33.836507583618285,69.48676758062082,9.12435604775953,3.0414520159198433,-75.43354505633437,36391607.0,37508929.55,-1.0
2026-03-18,1957.4594142286303,2016.2330047830776,1935.2449406834032,2005.6737060546875,596269,2074.7654809570317,1811.582943115235,2010.976338269869,2069.9745192229593,2332.3351400925812,1891.3043740675757,2111.8197570800785,42.45108837913656,50.34510813599338,76.63685613380397,-42.97440738013029,-14.768135004478534,-28.206272375651753,33.028672407852476,70.30828876055321,23.30323364054857,10.809196562769365,-62.874391618533586,36987876.0,37540745.5,-1.0
2026-03-19,1942.5169660524607,1980.9688160344576,1914.624414745041,1922.39453125,535700,2074.404870605469,1812.216461181641,1993.2599768658952,2056.558156679963,2324.081063603264,1868.2689974318928,2096.1750305175783,36.04237280548556,50.34510813599338,76.63685613380397,-48.61666499193416,-21.53784100196966,-27.078823989964498,32.51417259301281,71.78978894263132,32.08262979504448,21.503406494450857,-84.83970949452883,36452176.0,37520972.45,-1.0
2026-03-20,1940.5246644087172,1989.1374459155584,1940.5246644087172,1965.5283203125,620833,2074.8690820312504,1813.0323925781252,1987.713645555216,2048.2827170101937,2314.8223969784626,1854.6258818301308,2084.7241394042967,41.00976209076785,50.34510813599338,76.63685613380397,-49.04232906466473,-27.038738614508674,-22.003590450156054,31.876072570060373,71.4292979228404,36.93344139830332,30.77310161129879,-73.40004748071584,37073009.0,37545641.7,-1.0
2026-03-23,1957.6585161555515,1957.6585161555515,1882.7471440387772,1886.6322021484373,512633,2074.470615234375,1813.0627197265626,1967.4973568738603,2033.587215659125,2311.8246722594167,1828.3762798890211,2070.100476074219,35.56823412043439,52.56724875049046,76.63685613380397,-55.11064704852765,-32.65312030131247,-22.457526747215184,31.936616637982347,72.24014637647487,35.933981116239295,34.98335076986237,-93.56933418882956,36560376.0,37564201.55,-1.0
2026-03-24,1937.5361609493093,1980.4707425605104,1889.6207665850247,1966.8233642578125,563124,2076.1501464843755,1813.3922515869142,1967.362558350651,2027.5177746226418,2299.0704776266457,1819.5038021585112,2059.2871398925786,43.7395561299979,52.56724875049046,76.63685613380397,-52.83996989270372,-36.69049021959072,-16.149479673113,31.533906236789118,73.78288880758903,51.16153504242115,41.34298585232125,-67.99122657115007,37123500.0,37592039.5,-1.0
2026-03-25,1992.325071792504,2015.734891386066,1973.9956568116384,1990.930419921875,401241,2078.0189453125,1813.812537841797,1972.0761306648958,2024.1916514680265,2283.2080661915775,1815.7417995310784,2049.474932861328,45.95838082369286,52.56724875049046,76.63685613380397,-48.535714462458145,-39.05953506816421,-9.476179394293936,30.487160045143273,72.00636297335079,65.48206859505707,50.85919491790584,-60.419286066127206,37524741.0,37571826.15,-1.0
2026-03-27,1962.5398102375336,2004.2790452923768,1958.156670708766,1978.5780029296875,788888,2079.6327294921875,1814.359178466797,1973.3765051178543,2020.0449561463593,2258.2004496204413,1816.4031880748714,2037.3018188476565,44.97950640641374,52.56724875049046,76.63685613380397,-45.59569900551787,-40.36676785563495,-5.228931149882925,29.72190213770662,70.15750665979795,84.0315135638885,66.89170573378891,-61.517722970536006,36735853.0,37480787.9,-1.0
2026-03-30,1962.4401351306385,1970.6086190320596,1922.6932268550809,1929.5667724609373,805266,2079.6785522460937,1814.6155950927734,1964.614558586471,2011.8196667204118,2231.4581177441487,1814.3165770800706,2022.8873474121096,41.22738887379316,53.306089075275274,76.63685613380397,-46.68238677316549,-41.62989163914106,-5.052495134024433,29.45513945025733,69.13802590371286,85.60333759497928,78.3723065846416,-78.11132490084859,35930587.0,37370178.05,-1.0
2026-04-01,1970.6087239545288,2004.7771483409151,1903.6666486854604,1927.3753662109373,827600,2079.6805468750003,1814.8853759765627,1957.1667201113646,2004.1429121286412,2197.153448926056,1818.7562922848815,2007.9548706054688,41.06245168132041,53.306089075275274,58.959656910811916,-47.17660034584469,-42.739233380481785,-4.437366965362905,28.53802549361602,71.42177402883729,82.61606228850916,84.08363781579231,-75.35374662528318,35102987.0,37153103.4,-1.0
2026-04-02,1921.5975578481016,1921.5975578481016,1826.9621156523683,1891.911865234375,527735,2078.8537329101564,1815.2314739990238,1944.1157491359668,1993.9400896837078,2161.0438524829337,1822.6798779858163,1991.861865234375,38.38605983219178,53.306089075275274,58.959656910811916,-49.855176865637304,-44.16242207751289,-5.692754788124411,28.594254343874177,73.49259378096099,71.80875750433776,80.00938579594207,-65.86389998635806,34575252.0,36935132.65,-1.0
2026-04-06,1897.59002788368,1927.5744957189336,1853.459979160064,1907.6512451171875,364128,2078.7600952148437,1815.6071301269535,1936.8228483322112,1986.0956492685696,2144.9485661495128,1818.3837214481437,1981.6661437988282,40.24751045709383,47.96277443276939,58.959656910811916,-50.13006347179589,-45.3559503563695,-4.774113115426395,28.529805325525064,73.53701683652588,70.2026407971662,74.87582019667104,-57.368441689363124,34939380.0,36764773.7,-1.0
2026-04-07,1904.6627510242745,1904.7623429565683,1852.463810305536,1883.3448486328125,552064,2078.4532763671873,1815.8270056152348,1926.1272483923317,1976.7546673925917,2115.663174661983,1820.7029874473924,1968.1830810546876,38.32203180000272,47.96277443276939,58.959656910811916,-51.71311949563892,-46.62738418422339,-5.085735311415533,28.481640982216724,72.2263324061777,65.71082417886016,69.24074082678804,-70.21056262830433,34387316.0,36547221.05,-1.0
2026-04-08,1967.122055862936,2047.2136674265903,1953.574270074812,2039.8419189453125,811179,2081.8222973632815,1816.9261547851568,1948.870182502928,1982.4898720792025,2090.103231829696,1835.7932403382727,1962.9482360839845,53.685439396372175,47.96277443276939,58.959656910811916,-39.87998547804432,-45.27790444298758,5.397918964943258,26.816694924028457,78.77222429100628,78.12260001680848,71.34535499761161,-3.346967783834054,35198495.0,36404898.45,-1.0
2026-04-09,2039.8419644262729,2061.0602749600366,2013.244473510988,2032.470458984375,586170,2083.1033642578122,1818.1601831054693,1965.5902377992174,1987.0335617978544,2077.3865278910125,1842.7720536519564,1960.0792907714845,53.015565773873035,47.96277443276939,58.959656910811916,-30.74257545569526,-42.37083864552912,11.62826318983386,25.449010833890483,76.56105123086645,86.2507944226011,76.69473953942324,-12.212747020401327,34612325.0,36251050.25,-1.0
2026-04-10,2041.83427855119,2064.0487514961683,2008.26365010438,2056.67724609375,399118,2084.3884155273436,1819.6487628173834,1983.807639458124,1993.364805824754,2067.913283413537,1848.659116488807,1958.286199951172,55.001227895611635,47.96277443276939,58.959656910811916,-21.30226748694554,-38.157124413812404,16.854856926866866,24.10136984321441,75.07705481378945,98.7675184770563,87.71363763882195,-3.1092032565154137,35011443.0,36059742.5,-1.0
2026-04-13,1983.558792343652,2022.209947367584,1967.4210079068855,1972.20263671875,1776804,2082.778615722656,1820.7253930664067,1981.4866389102494,1991.4409722696628,2063.765926121467,1849.1704752457204,1956.4682006835938,47.462835280555915,56.82372487596864,58.959656910811916,-20.401969199612267,-34.606093370972374,14.204124171360107,22.532905132583718,76.08985362615195,85.83694500277448,90.28508596747729,-38.73947363187917,33234639.0,35815743.85,-1.0
2026-04-15,2000.294327279268,2037.152340281924,1978.079854585568,2033.665771484375,608070,2081.7924145507814,1821.9986535644534,1991.9224654250747,1995.2795903800911,2069.116653008239,1847.0373508980106,1958.0770019531249,52.55783394468452,56.82372487596864,58.959656910811916,-14.561064130516343,-30.597087522881168,16.036023392364825,20.998311653561032,75.29412862165351,82.87828305224372,89.1609155106915,-12.815138189320185,33842709.0,35670163.65,-1.0
2026-04-16,2043.6274530593612,2066.53919150458,2011.252170473727,2037.4512939453125,528290,2081.6310400390626,1823.2853820800785,2001.0282311291226,1999.1133816132929,2079.009242892329,1848.3117532014207,1963.6604980468749,52.86105066478802,56.82372487596864,58.959656910811916,-9.516939402796652,-26.381057898864263,16.86411849606761,20.01202844326802,73.8650495080249,78.60114399718847,82.43879068406889,-12.14135261305669,34370999.0,35579040.05,-1.0
2026-04-17,2051.8956220512287,2109.87223249024,2034.2634723596636,2097.619384765625,725283,2082.826435546875,1824.8595495605475,2020.346461856423,2008.0684728089593,2098.147845580063,1850.2917906504063,1974.2198181152346,57.509475526981866,56.82372487596864,58.959656910811916,-0.6568009392556178,-21.236206506942533,20.579405567686916,19.690979714053306,73.98960026677858,91.53171747147029,84.33704817363416,-4.33100373417783,35096282.0,35557577.6,-1.0
2026-04-20,2111.9643767927514,2142.446805726894,2079.489379500841,2135.6728515625,1061518,2084.1134765625,1826.6239843750006,2043.4117397976386,2019.668870877463,2126.135178926151,1840.0660417769739,1983.1006103515626,60.18370945553842,58.7054167248896,58.959656910811916,9.327992085084361,-15.123366788537155,24.451358873621515,19.801490559488066,73.20158783529818,95.72286094494474,88.61857413786782,-2.147157810667122,36157800.0,35545887.25,1.0
2026-04-21,2156.691908591789,2164.661208946862,2084.569837659871,2098.51611328125,593683,2083.4978515625003,1828.401174316407,2054.432614494361,2026.8368020050798,2139.6152015370894,1835.8702598886919,1987.7427307128905,56.44791279798872,58.7054167248896,58.959656910811916,14.080463428326993,-9.282600745164325,23.363064173491317,20.170633160016347,73.69371522470482,94.30388842001223,93.85282227880909,-19.58699237842777,35564117.0,35474699.3,1.0
2026-04-22,2107.082840067988,2117.841443548964,2093.535176191419,2113.757080078125,263001,2082.4558642578127,1830.337955932618,2066.2975076111143,2034.7386454662656,2155.815829313847,1838.8058869947467,1997.310858154297,57.610230752104,58.7054167248896,58.959656910811916,18.85925213485325,-3.6542301691608103,22.51348230401406,20.513408431935463,70.16604037705055,90.38000733460558,93.46891889985417,-15.073812716561175,35827118.0,35443446.4,1.0
2026-04-23,2112.96044047594,2112.96044047594,2009.2598237816185,2015.13720703125,568645,2079.2840820312504,1831.6803833007818,2056.0654474951416,2032.9566965176277,2157.7538362635587,1841.82876871691,1999.7913024902343,48.57629555245535,58.7054167248896,58.959656910811916,14.521284728707997,-0.019127189587048843,14.540411918295046,19.292000407213308,72.61827008558312,72.68174085817789,85.78854553759857,-44.27728853426866,35258473.0,35352719.6,1.0
2026-04-24,2020.2175581016927,2031.6734268976345,1971.405595405942,1996.8077392578125,581997,2075.4289331054692,1833.0120684814458,2044.213905847676,2029.6704276758262,2154.063230606499,1856.5369280849068,2005.300079345703,47.098037457185896,58.7054167248896,58.959656910811916,9.494927824830256,1.8836838132964124,7.611244011533843,18.239024235091808,71.73609590030522,58.42562948965368,73.82912589414572,-53.76517242601734,34676476.0,35258524.6,1.0
2026-04-27,2007.2675520679609,2042.1332415579752,1977.3826753622343,1980.072265625,405891,2070.5098803710944,1834.3295648193364,2031.385577803141,2025.1615038530238,2154.12102089938,1857.8040279287447,2005.9625244140623,45.72968823136011,52.62390855218578,58.959656910811916,4.113671068179428,2.329681264273016,1.7839898039064126,17.093956658910457,71.23712949283635,40.3109133976561,57.13942791516256,-59.12571473214954,34270585.0,35115878.85,1.0
2026-04-28,2000.5932118816204,2007.068268178521,1950.4861891279336,1968.4171142578125,955891,2065.276040039063,1835.6463616943365,2018.7918850940753,2020.002922980732,2153.8160640347246,1855.8576542269939,2004.8368591308592,44.754484635218375,52.62390855218578,58.959656910811916,-1.0790483923130978,1.647935332955793,-2.726983725268891,16.438716679243697,70.19034017553285,24.675846540750456,41.13746314268674,-91.62791013394636,33314694.0,34905376.5,1.0
2026-04-29,1981.765777160452,1990.7312400012888,1951.9804929577424,1959.05322265625,373009,2059.0161523437505,1836.8344421386726,2006.8441526065103,2014.4620411330516,2153.817013486166,1853.9042267482087,2003.8606201171874,43.94367927216998,52.62390855218578,58.959656910811916,-5.882098600033942,0.14192854635784635,-6.024027146391788,15.83027955526742,67.94465495181954,11.294736155929094,25.42716536477855,-95.9999847155101,32941685.0,34715668.1,1.0
2026-04-30,1948.991944288519,1952.478513061844,1888.2260313820025,1897.6895751953125,724377,2051.6863891601565,1837.679470825196,1985.0132371242707,2003.8463624114388,2156.1736198377453,1848.3599006700665,2002.2667602539059,38.96215252612778,52.62390855218578,57.425801955850055,-14.473245442282632,-2.78110625137025,-11.692139190912382,16.17535379356756,68.15055040342155,0.0,11.990194232226514,-96.57657759165271,32217308.0,34530004.15,-1.0
2026-05-01,1897.6895751953125,1897.6895751953125,1897.6895751953125,1897.6895751953125,0,2044.894555664063,1838.6887902832036,1967.548504738479,1994.195745391791,2158.261546139716,1843.3033952665337,2000.7824707031248,38.96215252612778,52.62390855218578,57.425801955850055,-21.039263675471375,-6.432737736190475,-14.6065259392809,16.495779871989118,63.282653946034294,0.0,3.7649120519763644,-96.57657759165271,32217308.0,34385720.2,-1.0
2026-05-04,1902.7699826649416,1922.8925382924697,1822.977390075456,1865.8123779296875,2345967,2038.032990722657,1839.484622802735,1947.2012793767208,1982.5245301679633,2161.132384910974,1837.8226077648067,1999.4774963378904,36.471259148690834,47.42224284144065,57.425801955850055,-28.486726589609816,-10.843535506874344,-17.64319108273547,17.690339463318733,65.89926067967568,0.0,0.0,-87.46355973317175,29871341.0,34150524.65,-1.0
2026-05-05,1875.37558138977,1875.37558138977,1841.0079736148843,1863.421630859375,1091446,2030.9821508789069,1840.3548657226568,1930.4453496732517,1971.6969938671828,2165.2946876313144,1829.2373436186854,1997.266015625,36.28390453293161,47.42224284144065,57.425801955850055,-34.18771323632882,-15.51237105276524,-18.67534218356358,18.799573369553375,63.64699975790497,0.0,0.0,-88.16325545719205,28779895.0,33842550.4,-1.0
2026-05-06,1892.609162845796,1913.6281673284573,1861.8277171977545,1907.352294921875,1099178,2024.4234155273443,1841.4909222412114,1925.8267387229764,1965.8474757812457,2163.3825653304175,1833.5502105484884,1998.466387939453,42.163340443944406,47.42224284144065,57.425801955850055,-34.760254208272954,-19.36194768386678,-15.398306524406173,19.012032566939105,62.80081764167624,8.200117016368674,2.733372338789558,-75.30614556899057,29879073.0,33617138.25,-1.0
2026-05-07,1925.283312006928,1975.3903369195136,1918.3101741559765,1966.1259765625,1360049,2019.855012207032,1842.7669793701175,1933.8865862908813,1965.872794034087,2159.0971383862016,1830.4640432544234,1994.7805908203125,48.95035863460187,47.42224284144065,57.425801955850055,-30.12419912141877,-21.51439797137718,-8.60980115004159,18.07879946993901,63.17490509567356,25.866166512988997,11.355427843119223,-58.104955932689805,31239122.0,33419169.6,-1.0
2026-05-08,1979.1757967035585,2003.9801468383887,1935.942317850304,1941.122314453125,639610,2015.0953491210944,1843.9611999511721,1935.33373192333,1963.6227504358176,2155.1955541695684,1825.2308130179313,1990.2131835937498,46.45292320399331,47.42224284144065,57.425801955850055,-28.143260641908455,-22.840170505483435,-5.30309013642502,16.823175696070187,63.52225680227434,41.76047880812111,25.275587445826257,-65.42273357634966,30599512.0,33218528.95,-1.0
2026-05-11,1946.501583007372,1960.049369090734,1919.505602773243,1942.3177490234373,776096,2010.2799023437503,1845.2606677246097,1936.7305353433517,1961.685932125601,2147.6959012529837,1821.2945162274848,1984.4952087402344,46.5932180361409,49.76544908632008,57.425801955850055,-26.175160093755267,-23.507168423137802,-2.6679916706174645,15.846431308634843,61.880936053361246,49.673956787376824,39.10020070282897,-59.52698962720344,31375608.0,33036737.2,-1.0
2026-05-12,1945.505477396032,1954.470940425507,1868.9005523015887,1873.98095703125,482177,2004.0160302734378,1846.359414672852,1924.1806196809314,1953.7127525715691,2150.0902637161266,1809.0779857955918,1979.5841247558592,40.12179589019695,49.76544908632008,57.425801955850055,-29.786276574279782,-24.7629900533662,-5.023286520913583,15.6827507978143,63.573039772686755,42.1077908794852,44.514075491661046,-82.41153512753417,30893431.0,32919676.8,-1.0
2026-05-13,1861.927320320768,1898.9846385981648,1858.042262217236,1883.8428955078125,242539,1997.2520825195315,1847.377924194336,1916.1130748463079,1947.360947383955,2145.7307436559563,1798.455218258106,1972.0929809570312,41.38700788621805,49.76544908632008,57.425801955850055,-31.48934679793615,-26.108261402280192,-5.381085395655958,15.680350380544668,61.95656381613262,39.64292330062277,43.808223655828264,-72.22729622749253,31135970.0,32784339.85,-1.0
2026-05-14,1902.6704607213044,1905.360050951732,1833.2379799838995,1882.8468017578125,368390,1990.5518945312504,1848.55078125,1909.4598202286088,1941.4960250543054,2139.5083433025484,1789.217169392764,1964.3627563476562,41.29210396510025,49.76544908632008,57.425801955850055,-32.54426859085288,-27.39546283999473,-5.148805750858148,16.017009456584297,62.68267146982547,36.709021669242645,39.4865786164502,-72.6818101011864,30767580.0,32604168.9,-1.0
2026-05-15,1885.735714925063,1893.306526015903,1863.421649392685,1882.9464111328125,332460,1983.6903247070316,1849.6303259277342,1904.1571384094498,1936.173332879624,2120.506280878326,1786.7519344537056,1953.6291076660157,41.306598159828376,49.76544908632008,57.425801955850055,-32.991953366319194,-28.514760945259628,-4.477192421059566,16.329621455763952,60.33997183792495,39.826974702562865,38.72630655747609,-67.42422999156848,31100040.0,32404356.8,-1.0
2026-05-18,1881.751016189803,1888.8237458212272,1836.0271318148432,1868.8009033203125,346633,1976.7909033203127,1850.603903198242,1897.0858913916225,1930.0485665560502,2087.378624110803,1793.1923963970098,1940.2855102539063,39.80371841373506,46.75945254943946,57.425801955850055,-34.09514344762397,-29.630837445732496,-4.464306001891472,17.002031602256114,59.80116056424346,35.660353537253975,37.398783303019826,-74.6835274421408,30753407.0,32134137.15,-1.0
2026-05-19,1874.7779375701848,1881.651483553277,1846.4868965510889,1857.3450927734373,352685,1971.706491699219,1852.2314691162107,1889.1377316679855,1923.43915984854,2059.381220146403,1797.0726983106283,1928.2269592285156,38.57951515699503,46.75945254943946,57.425801955850055,-35.484771350418214,-30.80162422666964,-4.683147123748572,17.626412452570264,58.04140530981095,28.521842142425832,34.669723460747555,-81.01260814331455,30400722.0,31875967.4,-1.0
2026-05-20,1841.605599196617,1867.30664081308,1814.709211198776,1849.973388671875,583170,1965.645837402344,1854.0122778320313,1881.3048630687636,1916.760453377934,2017.5637092618326,1812.5118400545734,1915.037774658203,37.774406874971724,46.75945254943946,57.425801955850055,-36.757182469251575,-31.99273587518603,-4.7644465940655465,18.645972879404123,57.65254990298902,19.22644592891917,27.80288053619966,-81.36841382754888,29817552.0,31575489.1,-1.0
2026-05-21,1871.988559494583,1875.6744337807909,1835.2302597772527,1853.4599609375,458591,1959.8242602539065,1855.760388183594,1875.7358826425111,1911.0058631560762,2001.4274103930163,1812.4804143140148,1906.9539123535155,38.42887735318654,46.75945254943946,57.425801955850055,-37.0570693762736,-33.00560257540354,-4.05146680087006,19.3762741754149,56.42338019588539,15.608382421660718,21.118890164335237,-79.52630729711797,30276143.0,31326372.6,-1.0
2026-05-22,1856.6478253187445,1877.766422919852,1837.919920576725,1873.28369140625,285536,1955.4929467773438,1857.3524938964845,1875.245444395259,1907.576574815183,1986.2386431724292,1815.3167767494458,1900.7777099609375,42.15420283536149,46.75945254943946,57.425801955850055,-35.28834051245849,-33.46215016281453,-1.8261903496439587,19.997828034134947,55.23931749211694,25.015613126411473,19.95014715899712,-69.05257534151754,30561679.0,31120632.75,-1.0
2026-05-25,1892.708860886456,1901.5747319762463,1867.8047969274237,1891.314208984375,622447,1951.4684497070314,1858.8615264892578,1878.4591973130823,1906.0981779214733,1973.2539690065832,1819.4256452512295,1896.3398071289064,45.39060166351236,46.25964390365333,57.425801955850055,-32.062106062924386,-33.1821413428365,1.1200352799121163,19.934045330564846,53.70579017473877,43.809194143003126,28.14439656369177,-59.52627511100748,31184126.0,30966309.8,-1.0
2026-05-26,1890.716512294606,1890.716512294606,1851.8661730008807,1866.908203125,1374115,1948.635361328125,1860.2837701416017,1876.148998475466,1902.5354529399758,1961.235592610397,1821.2931305341344,1891.2643615722657,41.96781533898149,46.25964390365333,57.425801955850055,-31.1159672201577,-32.76890651830074,1.652939298143039,20.152643823430918,52.68737916107845,50.67167152659304,39.83215959866921,-72.42102082402388,29810011.0,30791075.65,-1.0
2026-05-27,1864.9158543107387,1935.942291577308,1846.8853367779943,1860.53271484375,826764,1945.8162207031248,1861.7123547363283,1873.025741749123,1898.7170222039554,1949.7827378214515,1822.8939345418294,1886.3383361816404,41.096019029003855,46.25964390365333,57.425801955850055,-30.52867839176338,-32.32086089299327,1.7921825012298882,19.230195489314525,55.285205992380966,47.7782850471049,47.41971690556702,-75.78946630653022,28983247.0,30593153.75,-1.0
2026-05-28,1860.53271484375,1860.53271484375,1860.53271484375,1860.53271484375,0,1944.5112475585938,1863.0560638427737,1870.5271363680486,1895.2457215348459,1948.6967565971954,1820.264229730929,1884.4804931640622,41.096019029003855,46.25964390365333,57.425801955850055,-29.72064664995287,-31.80081804438519,2.0801713944323197,18.37363632192073,51.3362627072109,37.61728981664976,45.355748796782564,-68.4715468115578,28983247.0,30431450.7,-1.0
2026-05-29,1890.616949941748,1890.616949941748,1813.0158620743448,1824.0732421875,1955412,1943.264052734375,1864.3882196044924,1861.236357531939,1888.7754961396327,1950.0684865714534,1811.5308664558897,1880.7996765136716,36.11969112300093,46.25964390365333,57.425801955850055,-31.65732448122708,-31.772119331753565,0.11479485052648641,18.472881531013606,53.21232164722464,25.110052389357513,36.835209084370724,-92.18311548652551,27027835.0,30171977.05,-1.0
2026-06-01,1827.6593440835247,1833.935216659611,1776.75546315061,1781.4375,940088,1939.7316625976564,1865.3776501464845,1845.2765860255513,1879.0174964905752,1958.7663010470912,1794.3955641872838,1876.5809326171875,31.340415151125427,43.69788979343047,53.936105408759346,-36.21503925879256,-32.660703317161364,-3.5543359416311944,19.13745970422111,53.49570963735152,12.555026194678756,25.094122800228675,-97.05877873460746,26087747.0,29982797.35,-1.0
2026-06-02,1763.2077452966844,1787.3148308006682,1729.3382179859004,1762.4107666015625,1428766,1934.866403808594,1866.3344860839848,1828.7034221407537,1868.416884682483,1968.250348781526,1774.8104300270675,1871.5303894042968,29.466614395031712,43.69788979343047,53.936105408759346,-40.89099350936681,-34.306761355602454,-6.584232153764354,20.390705989023715,53.815774150024104,0.0,12.555026194678756,-83.99230564975775,24658981.0,29776751.65,-1.0
2026-06-03,1762.4106462979462,1808.0349374371065,1743.4835587986047,1798.4718017578125,504434,1932.38794921875,1867.4453210449221,1822.6570980641654,1862.05824078024,1966.5030390781635,1765.669690414024,1866.0863647460938,37.13786910827274,43.69788979343047,53.936105408759346,-41.21183242815732,-35.68777557011343,-5.524056858043892,21.018967692276128,54.582603042058224,16.05806925929333,9.537698484657362,-66.53813133005559,25163415.0,29540968.75,-1.0
2026-06-04,1790.8013152134931,1816.004275633466,1785.820502608903,1801.4603271484373,858119,1929.106589355469,1868.598894042969,1818.41774388102,1856.5493395409853,1950.4296819070173,1765.2764826437642,1857.8530822753908,37.74219185785463,43.69788979343047,53.936105408759346,-40.75515055356277,-36.701250566803296,-4.053899986759475,21.397381608723194,52.839829469379985,33.38115407738468,16.479741112226,-65.09163255649557,26021534.0,29280089.35,-1.0
2026-06-05,1803.054211181376,1847.582628418973,1803.054211181376,1815.6058349609373,985798,1927.6860620117188,1869.821705322266,1817.8553620970035,1852.827202760981,1937.1377913124647,1766.0167252890978,1851.5772583007813,40.65051766113828,43.69788979343047,53.936105408759346,-38.80448862627577,-37.12189817869779,-1.6825904475779794,20.96756957916241,52.36000602660539,56.79217351940506,35.41046561869435,-58.244958351767636,27007332.0,29100480.35,-1.0
2026-06-08,1803.05420641938,1827.3605968373413,1772.3723513931511,1810.724609375,996223,1924.5640869140625,1870.8915570068361,1816.4292115526027,1848.9996942713462,1920.8674863244019,1769.1277163123173,1844.9976013183596,39.956875049468856,43.25403634539494,53.936105408759346,-37.223361366723566,-37.14219081630295,-0.08117055042061594,21.070553048279617,52.54773741357574,62.69313683482618,50.95548814387197,-60.60755725946909,26011109.0,28832255.4,-1.0
2026-06-09,1809.031198973388,1822.5789853942235,1785.32248153552,1792.096435546875,379643,1920.5874072265624,1871.8757122802735,1811.5626563514575,1843.82667075094,1918.992908312021,1762.8138421762606,1840.9033752441408,37.33838290369257,43.25403634539494,53.936105408759346,-37.04639676656325,-37.12303200635501,0.0766352397917629,21.166180555317027,51.45550644537059,61.847852406678506,60.44438758696991,-69.62392054036218,25631466.0,28569157.15,-1.0
2026-06-10,1783.1309019149398,1795.383749490634,1750.5564363140013,1755.6368408203125,411076,1916.1285839843747,1872.5817742919921,1800.3774932452286,1835.8094134845192,1918.5608671436278,1750.425277875904,1834.4930725097659,32.806800552376735,43.25403634539494,53.936105408759346,-39.39402582705725,-37.57723077049546,-1.8167950565617872,21.8004450334942,50.98206406903217,45.428771396972046,56.65658687949224,-87.27100469160072,25220390.0,28273378.15,-1.0
2026-06-11,1743.2844546938943,1769.682762150688,1737.0085820162474,1757.330322265625,473764,1912.6838549804686,1873.286376953125,1791.768059049308,1828.6749506464378,1915.7548007912508,1740.6796962790625,1828.2172485351566,33.21225720148123,43.25403634539494,53.936105408759346,-40.64930904033031,-38.191646424462434,-2.457662615867875,22.587601080611623,49.6743580737042,31.310410766407962,46.1956781900195,-86.45132993113998,25694154.0,28019706.85,-1.0
2026-06-12,1773.2689049229675,1815.6058126769376,1751.5526346126428,1810.625,737749,1910.34884765625,1874.1338623046875,1795.5394472394464,1827.034046042216,1908.5198054266061,1740.6825505304255,1824.6011779785158,44.551780382833236,43.25403634539494,53.936105408759346,-36.918125766616186,-37.936942292893185,1.018816526277,22.11857789716952,50.70141664446067,48.16594370979762,41.635041957725875,-60.65576994630941,26431903.0,27786300.0,-1.0
2026-06-15,1825.168982085848,1844.1957841413223,1810.6250331234976,1826.762939453125,1936421,1909.0458691406247,1875.0518267822265,1801.7841456821823,1827.0093999886622,1903.8222798692805,1741.1762797010324,1822.4992797851564,47.46069691299775,42.977497183949346,53.936105408759346,-32.286757652583674,-36.80690536483128,4.520147712247606,21.035235821964044,49.47780003709365,74.50733861081703,51.327897695674196,-52.8447238364247,28368324.0,27667045.85,-1.0
2026-06-16,1835.8279670896768,1846.8853469500716,1819.590469066357,1834.931396484375,385126,1907.5914721679685,1876.03205078125,1808.413595842621,1827.7295814882725,1901.2851223129123,1741.4720676284942,1821.3785949707033,48.92139124422873,42.977497183949346,53.936105408759346,-27.638637826816648,-34.973251857228355,7.334614030411707,19.969250355581515,47.89330559756658,99.99999999999999,74.22442744020488,-34.527524356167305,28753450.0,27584682.25,-1.0
2026-06-17,1834.9314084759287,1864.6171009671575,1818.3951345440237,1847.4830322265625,590671,1906.8742358398438,1877.1562200927733,1816.2274831194095,1829.525349737208,1900.9805458502028,1741.5276084466723,1821.2540771484375,51.16798557213704,42.977497183949346,53.936105408759346,-22.68070818529418,-32.51474312284152,9.834034937547344,18.57892304208935,47.773924227964244,99.99999999999999,91.50244620360567,-26.744950925701794,29344121.0,27561010.7,-1.0
2026-06-18,1856.846990713302,1857.843153261968,1839.9122273859812,1853.7589111328125,290603,1903.1525756835936,1878.4542199707028,1823.7337687220902,1831.728400773172,1901.0210250205248,1741.5170242958818,1821.2690246582033,52.297738507746246,42.977497183949346,53.936105408759346,-18.03718085328569,-29.619230668930356,11.582049815644666,17.287904822418056,45.64228148853728,99.99999999999999,99.99999999999999,-8.026522392152968,29634724.0,27528939.75,-1.0
2026-06-19,1852.8622638434133,1871.2912702311032,1839.0155806695864,1864.417724609375,502095,1899.7915209960938,1879.7835986328123,1831.8705598995473,1834.700157485554,1899.450975913096,1742.200476723623,1820.8257263183596,54.23432843361822,42.977497183949346,53.936105408759346,-13.343262001265202,-26.364036935397326,13.020774934132124,16.335836387492776,44.687524922321536,99.99999999999999,99.99999999999999,-4.842125979690238,30136819.0,27507696.75,-1.0
2026-06-22,1870.7931899652665,1871.0920873584043,1839.912152218236,1847.7818603515625,268023,1895.6136132812499,1880.8549713134764,1835.0528199899504,1835.8894032006456,1891.236508989953,1746.0617087834844,1818.6491088867188,50.76994030781307,46.92418475502804,53.936105408759346,-10.84070777593206,-23.259371103504275,12.418663327572215,15.451772840776446,43.72269708073916,94.61068935093532,98.20356311697843,-17.507401878881844,29868796.0,27441930.25,-1.0
2026-06-23,1847.3834282194755,1852.7627302494127,1827.0616881074168,1834.931396484375,554835,1892.8681884765622,1881.7928588867185,1835.0285352888354,1835.8023116809845,1886.502967353927,1747.5975697554481,1817.0502685546876,48.208221232922035,46.92418475502804,53.936105408759346,-9.781584542914743,-20.56381379138637,10.782229248471626,14.413626272183652,42.43543601368607,85.23628829373003,93.28232588155511,-27.077111897366446,29313961.0,27417127.75,-1.0
2026-06-24,1826.1651545145487,1836.12678010453,1796.2802777446063,1819.1920166015625,365705,1888.5787133789058,1882.5469537353515,1831.861231551381,1834.2922848555827,1881.380568390486,1748.585898894671,1814.9832336425784,45.199954487025494,46.92418475502804,53.936105408759346,-10.095879156781848,-18.470226864465467,8.374347707683619,14.213600275438342,42.25051218127448,71.18213328859794,83.67637031108777,-38.79819083319255,28948256.0,27415378.2,-1.0
2026-06-25,1827.958300005336,1830.448706408613,1781.4375570328714,1786.6175537109375,685588,1883.5620385742184,1883.1476397705078,1822.8124959832926,1829.9582183878877,1875.1912894919626,1747.3836616799128,1811.2874755859377,39.681051758326745,46.92418475502804,53.936105408759346,-12.825601273943903,-17.341301746361154,4.515700472417251,14.362973009517027,42.73341483802213,53.931911034083946,70.11677753880397,-63.05631622796049,28262668.0,27379349.25,-1.0
2026-06-26,1786.6175537109375,1786.6175537109375,1786.6175537109375,1786.6175537109375,0,1877.3420019531245,1883.7891687011718,1815.5735075288217,1826.0181579627103,1873.9332247515263,1744.896157572693,1809.4146911621096,39.68105175832674,46.92418475502804,53.936105408759346,-14.81811175007988,-16.8366637471049,2.018551997025021,14.501676262590092,39.68102806387769,40.66677918771057,55.260274503464146,-63.05631622796049,28262668.0,27441090.9,-1.0
2026-06-29,1792.992942487168,1802.1575890223376,1773.069692104738,1780.6405029296875,520386,1870.2413549804685,1884.2683227539064,1808.586906608995,1821.8929165960717,1873.9670756657044,1744.7826069514838,1809.3748413085941,38.67611973201713,42.3579038431373,53.936105408759346,-16.687129857806895,-16.8067569692453,0.11962711143840465,14.12745684967429,38.92437583914355,30.51809756164893,41.70559592781448,-67.50741179411905,27742282.0,27523817.65,-1.0
2026-06-30,1773.76692349861,1792.1959297519245,1761.414484176015,1781.8358154296875,890251,1863.9077490234374,1884.7355224609375,1803.2366883731336,1818.2513619445822,1872.5031977917683,1748.1889897082315,1810.34609375,39.00877931340278,42.3579038431373,51.98419503223053,-17.86594099795957,-17.018593774988155,-0.8473472229714147,14.082161389395429,38.34273796319826,29.01546586104127,33.40011420346692,-66.61726540526551,28632533.0,27722495.25,-1.0
2026-07-01,1792.096439719551,1792.096439719551,1743.3840663706678,1778.249755859375,765345,1857.197602539062,1885.1808074951173,1798.239301870382,1814.6148523004724,1872.9462798561965,1745.7237030539602,1809.3349914550784,38.33687437484218,42.3579038431373,51.98419503223053,-18.87197794245799,-17.38927060848212,-1.482707333975867,14.485481201270378,39.0834262050329,18.32166543128661,25.9517429513256,-72.74141843742396,27867188.0,27857683.9,-1.0
2026-07-02,1778.15011501217,1803.0541782476348,1765.7976753270054,1781.4375,622177,1852.523608398437,1885.7117626953125,1794.8789414963057,1811.5987293640658,1873.086976530499,1743.580723664814,1808.3338500976565,39.33714827074225,42.3579038431373,51.98419503223053,-19.19082527017804,-17.749581540821303,-1.441243729356735,14.474727329579252,38.952931684718365,11.288514824527764,19.541882038951883,-70.24918653459599,28489365.0,27981075.45,-1.0
2026-07-03,1798.0733123028303,1811.7206899105868,1765.1003578768195,1781.1385498046875,1587791,1848.2102246093746,1886.1336370849613,1792.1308631579823,1808.8296221313951,1872.3754548788024,1740.8455168008854,1806.610485839844,39.27280762440025,42.3579038431373,51.98419503223053,-19.245783445423058,-18.048821921741656,-1.1969615236814022,14.162957532604526,39.500603138221855,4.059784538034817,11.223321597949731,-70.48291081774012,26901574.0,27975787.55,-1.0
2026-07-06,1802.456538187075,1831.6440278745051,1782.33398176176,1797.5753173828125,553044,1844.560285644531,1886.6511437988286,1793.2197540029485,1807.8065035178874,1871.8076634662311,1740.0983790142382,1805.9530212402346,44.634749162108335,42.047581778877905,51.98419503223053,-17.75832154292516,-17.990721845978356,0.23240030305319692,13.21423939731321,40.286665633335836,17.264990780455065,10.871096714339215,-57.632369892727155,27454618.0,28047963.0,-1.0
2026-07-07,1814.8089754832176,1826.065539295241,1802.9546168619177,1812.816650390625,553318,1841.4482763671872,1887.2597998046879,1797.139133280484,1808.2619714154089,1872.5772194791766,1741.4008444856672,1806.989031982422,49.1208586292256,42.047581778877905,51.98419503223053,-15.174724296265822,-17.42752233603585,2.2527980397700276,12.333286843114132,39.444062510413886,37.7791987417027,19.70132468673086,-45.71643979042979,28007936.0,28166786.5,-1.0
2026-07-08,1812.816570131929,1819.9888915069728,1786.21895836225,1802.6556396484373,967207,1838.320324707031,1887.8594897460944,1798.2424345540749,1807.7523048911387,1870.3917902778487,1748.2881535698073,1809.339971923828,46.42038479968872,42.047581778877905,51.98419503223053,-13.788172047732814,-16.699652278375243,2.911480230642429,12.049726674232835,39.03876755572166,52.76603698817592,35.93674217011123,-53.66048862858186,27040729.0,28257803.45,-1.0
2026-07-09,1802.9546545404287,1810.425873793786,1776.157857164681,1779.0467529296875,545781,1835.9474682617185,1888.302782592774,1794.4032982291974,1805.1427092582794,1868.2711167579594,1752.5804701561026,1810.425793457031,40.80691866654383,42.047581778877905,51.98419503223053,-14.428041767355126,-16.24533017617122,1.8172884088160934,12.091418456969414,38.697999632391905,46.183075827320536,45.57610385239972,-72.07482640229443,26494948.0,28297843.15,-1.0
2026-07-10,1797.077248584795,1834.9314256614148,1786.916439168136,1828.8548583984373,574806,1834.5707739257812,1889.024004516602,1801.2936102630456,1807.2983591801117,1869.7673816262586,1752.907191127647,1811.3372863769528,53.56480762284626,42.047581778877905,51.98419503223053,-10.791645906106623,-15.1545933221583,4.362947416051677,11.25390095603641,39.92561913948729,56.90485510402548,51.95132263984064,-21.85789348961077,27069754.0,28329735.7,-1.0
2026-07-13,1821.8816785143345,1828.8548162361112,1801.1614492145916,1821.682373046875,424716,1833.688173828125,1889.7681372070317,1805.3713628198116,1808.6059968043628,1869.2746674138289,1752.891848699452,1811.0832580566405,51.83234814955906,45.773551080597514,51.98419503223053,-8.391800163587959,-13.802034690444232,5.410234526856273,10.47620613374148,39.05188985694146,69.4966276497218,57.52818619368927,-15.574708218162858,26645038.0,28243571.4,-1.0
2026-07-14,1816.900907474319,1823.774453420749,1788.6098666061223,1792.096435546875,320507,1832.261669921875,1890.3459118652345,1802.7163773652244,1807.1051275991367,1866.5877352712382,1751.295284748293,1808.9415100097656,45.32083677769899,45.773551080597514,51.98419503223053,-8.77607785633154,-12.796843323621696,4.020765467290156,10.186510786020929,38.77422535391898,78.16199533677784,68.18782603017503,-46.78997892063641,26324531.0,28122125.45,-1.0
2026-07-15,1797.0772652971127,1818.9928417031751,1788.1118022219057,1810.2265625,257930,1830.3191552734372,1891.0482067871096,1804.2184143921795,1807.3888944083062,1861.8153091353372,1752.3420639115377,1807.0786865234375,49.506965546344425,45.773551080597514,51.98419503223053,-7.530859905880561,-11.74364664007347,4.212786734192909,9.93482027958484,38.21042636301544,69.27954225879432,72.31272174843131,-26.985882883802415,26582461.0,27984042.45,-1.0
2026-07-16,1810.1269118475784,1813.7130726409591,1783.1309315616284,1785.621337890625,354991,1826.7090624999996,1891.5672070312505,1800.4989990918687,1805.4100256339716,1854.5187459929182,1752.8248697297379,1803.671807861328,44.524947340646364,45.773551080597514,51.98419503223053,-8.432249971592455,-11.081367306377267,2.649117334784812,9.882027063082827,37.66554884275225,53.283935829689284,66.90849114175381,-53.86292750857504,26227470.0,27813679.75,-1.0
2026-07-17,1793.0925772833775,1800.4642044214725,1782.333973178928,1788.51025390625,311231,1823.6568212890622,1892.2411114501958,1798.101250054745,1803.8736827496332,1842.2591813591544,1757.4936872931894,1799.8764343261719,45.22195539059891,45.773551080597514,51.98419503223053,-8.811918403920117,-10.627477525885837,1.8155591219657197,9.86319220702691,36.27016901416597,53.067488450850036,58.54365551311121,-50.70727557278296,26538701.0,27633773.85,-1.0
2026-07-20,1788.5102719825495,1814.8089877022123,1782.4337047296042,1807.3377685546875,410486,1820.9572216796873,1892.8303417968752,1799.9485537547334,1804.1885996410017,1834.0157602015088,1761.6926992711474,1797.854229736328,49.66098033347719,43.242054547237665,51.98419503223053,-7.507048703402006,-10.003391761389071,2.4963430579870654,9.19776579824761,35.991962868340416,53.40462062460918,53.25201496838283,-30.141401478432684,26949187.0,27487793.4,-1.0
2026-07-21,1816.004286482041,1817.6977141369696,1797.874177133775,1812.6173095703125,210617,1819.7299487304688,1893.4952801513673,1802.4823049178494,1804.9548459982116,1829.2790383258198,1764.1980124554307,1796.7385253906252,50.86344850809674,43.242054547237665,51.98419503223053,-5.978004512822054,-9.198314311675668,3.2203097988536147,8.628312148154881,34.837075306544286,66.89211205939056,57.78807371161658,-31.954424869935583,27159804.0,27380085.55,-1.0
2026-07-22,1816.0042550165244,1819.391231869568,1790.4029271603304,1815.9046630859373,340199,1818.3711840820315,1893.9525189208987,1805.1667765514671,1805.9502839152774,1828.667262063042,1764.481053366646,1796.574157714844,51.63810132606512,43.242054547237665,51.98419503223053,-4.449670983196938,-8.248585645979922,3.798914662782984,8.26290080360595,34.419305978165234,80.66060919178767,66.98578062526246,-27.246844676882944,27500003.0,27307672.9,-1.0
2026-07-23,1808.0350146909077,1840.4102973231136,1805.0465270633192,1823.8740234375,396113,1817.191728515625,1894.4142407226566,1808.9082259286738,1807.579714780934,1832.3690848485755,1764.5048775537691,1798.4369812011723,53.5499366459134,43.242054547237665,51.98419503223053,-2.565817722731481,-7.112032061330234,4.5462143385987535,8.34008398304356,34.486767712567314,89.16707576573896,78.90659900563907,-25.736413815317693,27896116.0,27289345.3,-1.0
2026-07-24,1813.01587195288,1827.759126585335,1795.583027030256,1815.80517578125,230999,1815.848903808594,1894.8166906738286,1810.287615899189,1808.327483962781,1834.196740783112,1765.5959838262643,1799.8963623046882,51.337090966934845,43.242054547237665,51.98419503223053,-1.704292984429685,-6.030484245950125,4.32619126152044,7.968139729240207,34.32171998703244,89.64698040858495,86.4915551220372,-38.29445462490247,27665117.0,27259467.75,-1.0
2026-07-27,1817.996675350844,1856.8470152624511,1815.008187665336,1842.8011474609373,282780,1815.3289086914065,1895.3825109863285,1816.7903222115388,1811.4614533717042,1841.0218033149633,1764.986985747538,1803.0043945312507,57.64352816736781,45.4404926756005,51.98419503223053,1.1436377335244288,-4.595659850055214,5.739297583579643,8.717761177428267,34.858656244895485,94.14065121973952,90.9849024646878,-17.407379296850056,27947897.0,27269748.5,-1.0
2026-07-28,1845.2914805881069,1854.8546164816007,1813.015790545926,1839.61328125,340964,1814.9742724609375,1895.989173583985,1821.354914019231,1814.0207104515491,1845.868197013499,1765.9183386310333,1805.8932678222661,56.70893350987522,45.4404926756005,51.98419503223053,3.107586857732713,-3.0550105084976287,6.162597366230342,9.316198413626513,35.35723979423686,92.32918317672073,92.0389382683484,-21.358177999043193,27606933.0,27218468.5,-1.0
2026-07-29,1852.862314379423,1865.1151621959064,1845.092197968696,1862.624755859375,349697,1815.2272998046872,1896.6605871582033,1829.6088823872599,1818.4392600340786,1855.2756199075789,1764.9484157369534,1810.1120178222661,61.55452717159024,45.4404926756005,51.98419503223053,6.446552529495648,-1.1546979008989733,7.601250430394622,10.228062505200983,34.653285590784684,98.14967762670813,94.87317067438946,-3.008420591809302,27956630.0,27222940.6,-1.0
2026-07-30,1867.8048090454931,1888.8238148429105,1847.881557749008,1885.8353271484373,472980,1815.874807128906,1897.4301232910157,1840.8541713394955,1824.5661752262931,1869.729400057533,1760.9344183018425,1815.3319091796877,65.72214946066757,45.4404926756005,51.98419503223053,10.840641833514383,1.2443700459836982,9.596271787530684,11.799343463128173,35.10249784100739,98.14967762670813,96.20951281004565,-2.806359412105275,28429610.0,27219952.85,1.0
2026-07-31,1900.6780829748045,1900.6780829748045,1798.0733436947178,1812.5177001953125,883345,1814.6594873046872,1897.8151403808595,1835.186877110659,1823.4708593143857,1868.9032243552315,1764.8985090432066,1816.900866699219,48.01563508906283,45.4404926756005,53.30612802931739,8.311064729763984,2.6577089827397558,5.653355747024229,11.109503123567514,39.924086515227344,72.15589385909165,89.48508303750263,-74.49494776846414,27546265.0,27252187.4,1.0
2026-08-03,1813.3147100177648,1950.4862423645536,1813.3147100177648,1934.049560546875,4251591,1815.5141943359372,1898.8934863281252,1854.9594137979025,1833.5234685173393,1896.6546006446338,1750.79455707021,1823.7245788574219,64.89764106641806,45.21333912616158,53.30612802931739,15.929338596981552,5.312034905588115,10.617303691393436,11.844566156851446,46.92726191908547,70.85932589762038,80.38829912780672,-9.774879576280915,31797856.0,27469349.3,1.0
2026-08-04,1949.390502187501,1966.0263679932648,1905.6589422861732,1912.632080078125,627555,1816.428671875,1899.8194195556644,1866.493947053947,1840.7151604774108,1911.4980694126568,1745.9326312709366,1828.7153503417967,61.13000737160406,45.21333912616158,53.30612802931739,20.00802379918082,8.251232684306657,11.756791114874162,12.875344823426556,47.88727361822876,63.63802366621861,68.8844144743102,-29.06722837878344,31170301.0,27627467.55,1.0
2026-08-05,1937.536136195511,1957.4593869533053,1898.2873078822813,1941.022705078125,539758,1818.0384716796873,1900.917688598633,1881.3996986587827,1849.8340281683847,1931.3616178244545,1739.9057894021078,1835.633703613281,64.10486767794069,45.21333912616158,53.30612802931739,25.240342418576574,11.649054631160642,13.591287787415933,13.555484031789263,48.693331150571275,88.852428226093,74.44992592997733,-13.611702836370398,31710059.0,27860934.05,1.0
2026-08-06,1960.447871143959,1988.3404221561696,1937.5361328125,1937.5361328125,824303,1819.5785400390623,1901.8685260009768,1892.6269854895263,1857.8069467723951,1945.5945823304705,1741.521762884373,1843.5581726074217,63.46250876236541,45.21333912616158,53.30612802931739,28.773966997556727,15.07403710443986,13.699929893116867,14.861594719892121,48.84411387864972,85.89511792393142,79.46185660541434,-24.67344920973179,30885756.0,28080474.45,1.0
2026-08-07,1938.4326928765488,1962.440185546875,1935.0457159516773,1962.440185546875,404634,1822.3458789062497,1902.9687878417972,1906.5896255009961,1867.3190593882568,1964.9258322553487,1735.5490456743387,1850.2374389648437,66.07727863749218,45.21333912616158,53.30612802931739,33.201215908644826,18.699472865280853,14.501743043363973,15.97592257969741,47.31199642983172,93.11642015533319,89.28798876845254,-13.085058295720575,31290390.0,28291506.25,1.0
2026-08-10,1967.321385670254,2012.248291015625,1944.2103422380612,2012.248291015625,587468,1826.962094726562,1904.303147583008,1927.721358603922,1880.494444081654,1994.3959393627695,1725.1355303637927,1859.765734863281,70.6077397955514,56.01259353772217,53.30612802931739,40.264792945794625,23.01253688138361,17.252256064411014,17.923810528147953,48.79242159752687,95.74612173636714,91.58588660521058,0.0,31877858.0,28553147.25,1.0
2026-08-11,2019.2214914837048,2019.2214914837048,1983.9573128473344,2004.976318359375,735881,1831.8134057617185,1905.593676147461,1943.1723505550126,1891.810978106901,2015.748696930951,1725.0707610768616,1870.4097290039062,69.15557527377842,56.01259353772217,53.30612802931739,44.75997607701402,27.36202472050969,17.397951356504326,19.841898790212852,47.82611852887283,97.85741591197579,95.57331926789203,-6.369733023853308,31141977.0,28794019.55,1.0
2026-08-12,2009.1602238907597,2011.052957011364,1983.6584875343517,1989.4361572265625,714770,1835.6326928710937,1906.8025189208986,1952.4251118893226,1900.6859943905065,2031.0455526296525,1727.6948648508167,1879.3702087402346,66.03025553886098,56.01259353772217,53.30612802931739,46.5320870315968,31.196037182727117,15.336049848869685,21.610125054540948,46.36671502516851,91.10360476694669,94.90238080509653,-13.31852028672027,30427207.0,28986256.85,1.0
2026-08-13,1983.2600618610013,2065.0449835861764,1981.7658180233848,2056.37841796875,825819,1840.7310546875,1908.283314819336,1973.2157731052082,1914.8398510794377,2057.1628601663247,1728.6532653219572,1892.9080627441408,71.91772967650549,56.01259353772217,53.30612802931739,52.730336220101435,35.50289699020198,17.227439229899453,24.02284960540041,49.00331863499873,91.10360476694669,93.35487514862305,-3.2462495345759956,31253026.0,29237534.65,1.0
2026-08-14,2052.094784639333,2090.945122795126,2029.1830467525829,2075.305419921875,594481,1845.9250463867186,1909.808937988281,1993.6337024685417,1929.4276300651138,2082.8134349990864,1731.6822070907579,1907.2478210449221,73.32539947201703,56.01259353772217,53.30612802931739,58.49544515641469,40.101406623444525,18.394038532970164,26.55456115516143,49.914658449823314,93.24618885497088,91.81779946295475,-5.34011946159173,31847507.0,29502974.95,1.0
2026-08-17,2084.9682860010053,2102.7994989533386,2064.4472395118487,2073.313232421875,439122,1851.1768188476565,1911.1861334228515,2009.5696084592084,1942.508139370274,2104.3480647741585,1736.7451237024047,1920.5465942382816,72.91111810379901,62.0735267509563,53.30612802931739,62.18673269732767,44.51847183822116,17.66826085910651,29.03027726817695,49.088772806370926,99.45438532213673,94.60139298135142,-9.67631626712141,31408385.0,29725934.85,1.0
2026-08-18,2074.010424977837,2113.8569268986407,2067.137000677997,2106.8837890625,418384,1857.472565917969,1912.8317944335938,2029.032444579867,1957.4513802513854,2129.4992385052897,1741.0205979204925,1935.259918212891,75.43027004462445,62.0735267509563,53.30612802931739,67.04807950330837,49.02439337123861,18.023686132069763,31.444172985793113,48.91956947881898,99.45438532213674,97.3849864997481,-2.208201504774776,31826769.0,29959283.1,1.0
2026-08-19,2106.883760966796,2113.65771484375,2089.152019207745,2113.65771484375,292451,1864.6329833984373,1914.4769573974609,2045.9574986326438,1971.6519561234184,2151.385629499075,1748.909512102488,1950.1475708007815,75.91694767726426,62.0735267509563,53.30612802931739,70.63311647056321,53.34613799110353,17.286978479459677,33.6856475807224,47.1757213471894,99.45438532213673,99.45438532213672,-0.06308499411828983,32119220.0,30190243.95,1.0
2026-08-20,2124.416336260945,2145.435219993797,2116.845403653439,2131.787841796875,445965,1872.1221337890622,1916.189360961914,2063.1235672654902,1986.2097639119143,2173.1193609326715,1757.9671625048286,1965.54326171875,77.21766898829017,62.0735267509563,53.30612802931739,74.08324825062118,57.493560043007065,16.589688207614117,36.08978804703571,46.07584876167924,99.99999999999999,99.63625688142447,-4.1091645312440805,32565185.0,30423697.4,1.0
2026-08-21,2132.684359657982,2153.902671147446,2118.140531984402,2130.791748046875,237101,1878.5254687499996,1917.9814581298826,2076.6572034217675,1999.353580651456,2188.830521627926,1773.7546590361367,1981.2925903320313,76.97169576373953,62.0735267509563,53.30612802931739,75.86262893869389,61.167373822144434,14.695255116549454,38.40082491340003,45.33915521891959,99.49034808908976,99.64824447040883,-9.04128875720075,32328084.0,30656845.75,1.0
2026-08-24,2141.550183310764,2164.461920726994,2123.619258376324,2136.7685546875,246979,1884.7255810546872,1919.7710638427732,2088.6794736749143,2011.845851018369,2203.8694780105275,1788.1124433761913,1995.9909606933595,77.43614486231286,64.65213192070097,53.30612802931739,76.86898152958474,64.3076953636325,12.56128616595224,40.644395693890075,45.01797715690176,99.49034808908975,99.66023205939317,-10.404210132410451,32575063.0,30888204.05,1.0
2026-08-25,2136.7686540243376,2143.542607955233,2115.849240628295,2131.090576171875,612263,1890.6487646484372,1921.4585632324217,2097.1616941743064,2022.6862805777787,2213.0826594149125,1808.0469914639934,2010.564825439453,75.87062334768109,64.65213192070097,53.30612802931739,76.32849046958222,66.71185438482244,9.616636084759776,42.325279078343236,43.78050502619008,95.75588340756553,98.24552652858166,-14.546201994668062,31962800.0,31105997.4,1.0
2026-08-26,2127.5042087918027,2150.71484375,2111.565608745485,2150.71484375,595903,1896.713400878906,1923.2511572265623,2107.872324089445,2034.3252408661624,2224.1359966863206,1825.8026629816482,2024.9693298339844,77.55926243952999,64.65213192070097,53.30612802931739,76.60065710436402,68.68961492873076,7.911042175633256,43.96779840565652,43.449700024641864,96.26553531847577,97.17058893837701,-5.992199631432904,32558703.0,31336101.05,1.0
2026-08-27,2150.7148035806104,2226.622336242709,2146.630440113531,2179.603515625,1061660,1903.2302929687498,1925.2285394287107,2122.218562396556,2047.5323567533294,2238.950403666078,1840.365074849547,2039.6577392578124,79.80032472387347,64.65213192070097,53.30612802931739,78.24546054780421,70.60078405254545,7.644676495258764,46.153921392288034,46.05985688925157,96.26553531847577,96.09565134817235,-16.649016902920632,33620363.0,31595638.7,1.0
2026-08-28,2178.6075309232924,2269.656692135797,2174.124799378183,2256.906005859375,1037530,1911.08005859375,1927.565537719726,2149.15605108912,2066.566324853879,2253.4845396302653,1870.2697694517658,2061.8771545410154,84.31439782570381,64.65213192070097,53.30612802931739,84.8090184717853,73.44243093639342,11.366587535391872,48.438305970807896,49.59357373699175,99.99999999999999,97.51035687898384,-4.428999813117862,34657893.0,31951220.1,1.0
2026-08-31,2251.3273217243,2256.208420848312,2198.630421076941,2214.86767578125,1081058,1918.4217749023437,1929.8467492675777,2162.298376027546,2080.0482658472765,2269.233655943022,1882.602464662447,2075.9180603027344,74.55669668287798,69.69541769145242,66.37838178450953,85.63143759719924,75.88023226855458,9.751205328644659,50.55952022229062,50.21371738309478,82.21099466093555,92.8255099931371,-19.03117510183867,33576835.0,32040169.05,1.0
2026-09-01,2220.1472921170557,2250.1318803380245,2205.503752159453,2225.427001953125,642035,1926.2316870117186,1932.1912170410153,2174.924101212662,2093.264514584172,2279.796426991855,1903.3191858011141,2091.5578063964845,75.32903458306075,69.69541769145242,66.37838178450953,86.14226563683587,77.93263894221084,8.20962669462503,52.52921917009601,49.81474672562882,58.05030047412931,80.08709837835495,-15.36335263110904,34218870.0,32192597.5,1.0
2026-09-02,2210.683934143469,2219.9482947163992,2178.3086505095075,2201.519287109375,786402,1933.8782324218748,1934.3444232177728,2180.2431383920048,2103.1058575410084,2284.844570001248,1924.3207009948453,2104.582635498047,70.13777905321366,69.69541769145242,66.37838178450953,83.65364065885205,79.07683928553908,4.576801373312975,53.0914792178434,49.62214706262801,24.71696714079598,54.992754091953614,-28.334666328129078,33432468.0,32278717.95,1.0
2026-09-03,2221.442453517292,2223.4347785877108,2128.301256475199,2151.11328125,1385174,1941.168146972656,1936.31483215332,2174.417166963604,2107.4701687872803,2278.342383997333,1952.1806018425111,2115.261492919922,60.64801342398634,69.69541769145242,66.37838178450953,76.72955349177664,78.60738212678659,-1.8778286350099478,51.7267769219021,52.87295956619114,9.172639146527082,30.64663558715079,-57.76703235159004,32047294.0,32336794.85,1.0
2026-09-04,2146.3319132971237,2272.2467615017363,2142.147836051835,2241.36572265625,955928,1950.2631103515625,1938.9501800537105,2187.8068781021334,2119.6424918662774,2284.7956146002834,1973.6199249504982,2129.2077697753907,68.79041960745565,69.69541769145242,66.37838178450953,77.62991296317841,78.41188829406495,-0.7819753308865387,51.155371280550426,58.38909998645616,11.468314502205091,15.119306929842717,-15.055860199663462,33003222.0,32422436.45,1.0
2026-09-07,2241.3656884875845,2246.346501128668,2190.3622156836377,2206.5,709214,1958.7803002929688,1941.4097058105465,2191.545502481707,2127.538628969343,2287.877343563442,1989.9633668857768,2138.9203552246095,63.33816677296336,68.40036278611349,66.37838178450953,74.66934022359965,77.66337867997188,-2.9940384563722375,50.62478032786673,58.21732751921145,15.257308071190074,11.966087239974081,-35.908601567689004,32294008.0,32443243.95,1.0
2026-09-08,2204.60009765625,2204.800048828125,2165.0,2185.0,922548,1966.8435839843753,1943.7288574218746,2190.236401985366,2132.7623899721298,2283.9987450504323,2011.844333562849,2147.9215393066406,60.171077612490485,68.40036278611349,66.37838178450953,69.78377080970085,76.08745710591768,-6.303686296216824,49.29373224548571,57.02323269641064,15.257308071190074,13.994310214861745,-54.298067947077215,31371460.0,32454718.1,1.0
2026-09-09,2182.0,2194.89990234375,2165.0,2168.0,270373,1974.6385888671875,1946.0207867431636,2185.789121588293,2135.9658090655726,2270.7721926915283,2042.9272701990978,2156.849731445313,57.713716467645554,68.40036278611349,66.37838178450953,63.804663481891566,73.63089838111246,-9.826234899220893,48.05775902613189,55.085851956934874,3.7889935689849836,11.434536570455043,-64.87802689583364,31101087.0,32488412.1,1.0
2026-09-10,2180.0,2194.800048828125,2158.39990234375,2194.800048828125,292273,1982.90583984375,1948.5353747558588,2187.5913070362594,2141.3143763167136,2268.43545885773,2059.1061671188336,2163.7708129882817,60.45553229405846,68.40036278611349,66.37838178450953,60.53095464460512,71.010909633811,-10.47995498920588,46.68329729037983,53.75115870889489,3.43577142443172,7.494024354868925,-48.19900240017303,31393360.0,32495428.8,1.0
2026-09-11,2176.199951171875,2176.199951171875,2109.800048828125,2153.5,591497,1990.3530688476562,1950.6721221923822,2180.7730456290074,2142.4221602879215,2263.935043089958,2071.426040894418,2167.680541992188,54.582140309531326,68.40036278611349,66.37838178450953,53.98168080979076,67.60506386900695,-13.623383059216195,43.933112285592074,55.983218801116685,3.43577142443172,3.553512139282807,-73.09890089331807,30801863.0,32443146.6,1.0
2026-09-14,2153.5,2153.5,2153.5,2153.5,0,1997.4715625,1952.798410034179,2175.3184365032057,2143.429236625383,2257.5083122441083,2085.87144849808,2171.689880371094,54.58214030953132,61.44793497536538,66.37838178450953,48.23530751117778,63.731112597441125,-15.495805086263346,41.37936906686059,51.98441745817978,3.43577142443172,3.43577142443172,-73.09890089331807,30801863.0,32412820.5,1.0
2026-09-15,2157.0,2160.0,2107.699951171875,2119.300048828125,434016,2003.6012304687497,1954.8333911132804,2164.1147589681896,2141.2356740983596,2256.3156709518776,2088.305715766873,2172.3106933593754,49.924058537818254,61.44793497536538,66.37838178450953,40.455271841731246,59.075944446299154,-18.620672604567908,38.99065225960427,52.00696255603301,0.0,2.29051428295448,-92.95027498072088,30367847.0,32339874.4,1.0
2026-09-16,2115.0,2132.89990234375,2041.300048828125,2120.0,925656,2009.948117675781,1956.7951672363272,2155.2918071745516,2139.305158271236,2255.7437035677895,2089.5119116665855,2172.6278076171875,50.0180733930265,61.44793497536538,66.37838178450953,33.954610121924816,54.051677581424286,-20.09706745949947,38.01356621714181,54.83502619600387,0.09112525702953381,1.1756322271537512,-65.92289612578344,31293503.0,32298588.55,1.0
2026-09-17,2110.0,2170.0,2110.0,2148.5,335858,2017.3371826171874,1958.8979498291008,2153.9334457396417,2140.141052973851,2255.1746931604403,2091.7521378942483,2173.4634155273443,53.81983303147523,61.44793497536538,66.37838178450953,30.748056237495803,49.390953312638594,-18.64289707514279,36.19350084143244,55.20395289628931,5.202688816755229,1.7646046912615876,-53.58238706632865,31629361.0,32251797.35,1.0
2026-09-18,2154.89990234375,2270.10009765625,2146.300048828125,2270.10009765625,1115754,2026.1620874023433,1961.5215686035149,2177.1667761229637,2151.955511581342,2270.1792677557196,2090.6783982599054,2180.4288330078125,65.77975864645646,61.44793497536538,66.37838178450953,37.585686411874576,47.0298999324858,-9.444213520611221,34.55038507922097,60.103674034277574,26.006618567107488,10.433477546964083,-0.9295061274676275,32745115.0,32272648.9,1.0
2026-09-21,2224.199951171875,2229.0,2178.699951171875,2181.10009765625,594021,2033.3504418945308,1963.5965863037102,2177.953440429621,2154.6050194063337,2270.0138182258834,2095.2770020866174,2182.6454101562504,54.628305254791606,66.33768025501749,66.37838178450953,35.414762059472196,44.70687235788308,-9.292110298410883,33.02463472859604,62.33913635214168,33.6730075084009,21.627438297421207,-39.46653441839659,32151094.0,32251450.45,1.0
2026-09-22,2180.89990234375,2199.300048828125,2159.89990234375,2195.0,598956,2041.4085131835934,1965.7505670166006,2181.362752343697,2158.2772903693944,2269.881470815895,2101.800291879418,2185.8408813476567,55.886131825663334,66.33768025501749,66.37838178450953,34.41913248817991,42.64932438394244,-8.23019189576253,31.224418304500237,60.70063707587263,39.09531296178014,32.924979679096175,-33.44787228511296,32750050.0,32290812.95,1.0
2026-09-23,2199.0,2204.0,2178.0,2195.0,357496,2049.103981933594,1968.0783782958974,2184.0902018749575,2161.615718517631,2270.5177500246214,2105.592528295692,2188.0551391601566,55.886131825663334,66.33768025501749,66.37838178450953,33.246840003684156,40.76882750789079,-7.521987504206635,29.635800042006764,58.22202014188172,28.82525222453282,33.86452423157129,-33.44787228511296,32750050.0,32300380.3,1.0
2026-09-24,2177.0,2204.89990234375,2158.199951171875,2184.800048828125,469774,2057.0875561523435,1970.3317797851553,2184.232171265591,2163.723384909494,2270.698160172071,2105.931771468555,2188.314965820313,54.59797711574339,66.33768025501749,66.37838178450953,31.13582454481366,38.84222691527537,-7.70640237046171,27.739472018569636,57.39901521545267,30.89368609935483,32.93808376188926,-37.281481916204726,32280276.0,32233375.95,1.0
2026-09-25,2179.10009765625,2219.0,2176.5,2214.699951171875,339098,2065.611350097656,1972.7585888671863,2190.325727246848,2168.357618206074,2263.1743427018614,2109.234983470014,2186.2046630859377,57.67755428998821,66.33768025501749,66.37838178450953,31.51224823785151,37.376231179790594,-5.863982941939085,26.254382950941515,56.33479984292034,36.65993985817728,32.12629272735497,-24.213345568816592,32619374.0,32131450.0,1.0
2026-09-28,2210.199951171875,2210.199951171875,2174.89990234375,2197.0,319967,2073.404594726562,1975.1616485595691,2191.6605817974787,2170.961471096431,2261.2885381053957,2109.3340204883543,2185.311279296875,55.28685603577334,62.2948333046069,66.37838178450953,30.036091228796067,35.90820318959169,-5.872111960795621,24.838357688815865,55.153746199006385,37.40024450966595,34.984623489066024,-31.94933656293182,32299407.0,32067578.6,1.0
2026-09-29,2191.89990234375,2217.800048828125,2172.10009765625,2188.60009765625,639577,2080.9242504882814,1977.4484948730458,2191.048484969233,2172.5649826018694,2257.102474649126,2109.837393514936,2183.469934082031,54.13996346832079,62.2948333046069,66.37838178450953,27.867188641814664,34.300000280036286,-6.432811638221622,23.68511887289691,54.47847512563986,36.43736545190453,36.83251660658259,-35.620621768845396,31659830.0,31939626.6,1.0
2026-09-30,2201.89990234375,2224.5,2181.60009765625,2190.10009765625,587352,2088.4081591796876,1979.7368640136708,2190.8588075066364,2174.1590839704495,2256.1181515971734,2109.679797621576,2182.898974609375,54.32218841780989,62.2948333046069,65.1689112494769,25.969989308518052,32.63399808573264,-6.66400877721459,22.76064021325068,53.65143421264773,29.383401999879034,34.407003987149835,-34.965027503161124,32247182.0,31880362.3,1.0
2026-10-01,2187.199951171875,2196.800048828125,2059.5,2115.699951171875,1615913,2094.2446777343753,1981.6841131591787,2175.8270362396843,2168.844617352397,2259.1399815577442,2103.1166346531927,2181.1283081054685,44.8111714862911,62.2948333046069,65.1689112494769,18.252570859933257,29.75771264057277,-11.505141780639512,22.786494013712336,59.62633525661039,18.10922833528543,27.97666526235633,-67.48256710397848,30631269.0,31809561.05,1.0
