Date,Open,High,Low,Close,Volume,MA50,MA200,EMA9,EMA21,BB_Upper,BB_Lower,BB_Mid,RSI,RSI_W,RSI_M,MACD,MACD_Signal,MACD_Hist,ADX,ATR,StochRSI_K,StochRSI_D,Williams_R,OBV,OBV_SMA20,Supertrend_Dir
2025-07-22,836.2917965108817,843.260894815139,827.1821651354593,837.4865112304688,139073,764.5897277832032,701.7165158081052,834.4888784631298,811.0569986589911,904.1496168269285,714.1297532902591,809.1396850585938,59.18179482964345,61.971214639101674,29.113159950379718,26.34603302493076,26.34433307467666,0.0016999502541032996,48.727994948282706,28.7948935087774,3.54893599924693,27.088306218983245,-46.71530256776754,18105141.0,12759760.85,1.0
2025-07-23,837.4864987694338,853.0176075958326,828.2275661703993,850.22998046875,188262,766.2483728027345,702.2232687377926,837.6370988642539,814.6181788235147,896.99306753502,736.7427662052145,816.8679168701173,61.635765112915216,61.971214639101674,29.113159950379718,26.10059675719424,26.295585811180175,-0.19498905398593536,48.890037612345715,28.508832645681395,12.894923116561188,14.560575104203041,-29.727947875041984,18293403.0,13771864.4,1.0
2025-07-24,851.1260623986421,855.9546277341242,835.4455908815587,844.4556274414062,120137,768.0264892578126,702.6182678222652,839.0008045796844,817.330674152414,888.4987009740545,758.1150380396174,823.3068695068359,59.87909205019703,61.971214639101674,29.113159950379718,25.15022853661901,26.066514356267945,-0.9162858196489339,49.11002795856272,27.93741866045883,19.255811586737913,11.89989023418201,-37.425301018237676,18173266.0,14746111.85,1.0
2025-07-25,844.2564550900423,844.9533770528112,826.5350463698327,832.6080932617188,127132,769.7289404296877,703.1653417968747,837.7222623160912,818.719530435078,876.7493951661481,780.0989568846335,828.4241760253908,56.33161438529748,61.971214639101674,29.113159950379718,23.17392331771316,25.487996148556988,-2.314072830843827,48.65280444614309,27.257483804924526,15.706875587490984,15.952536763596694,-53.21835246924783,18046134.0,15700633.1,1.0
2025-07-28,833.2553062335826,839.7763791825681,821.3580472147229,830.0196533203125,104423,771.5060620117189,703.5849813842772,836.1817405169355,819.7468143337356,866.3033881113249,797.967058666019,832.135223388672,55.557189083747474,61.050876046727005,29.113159950379718,21.15496050623358,24.62138902009231,-3.4664285138587303,47.8538442997259,26.626115816561718,6.360888470176725,13.774525214801873,-56.668805918250406,17941711.0,16628922.2,1.0
2025-07-29,816.3800340338141,832.2098663170956,816.3302669165884,828.1279296875,92033,773.432518310547,704.01806060791,834.5709783510484,820.5087339113506,864.7439460558743,802.0652397351415,833.4045928955079,54.96248898914199,61.050876046727005,29.113159950379718,19.181163136146438,23.533343843303136,-4.352180707156698,46.74871460824517,25.858507501129253,0.0,7.355921352555903,-59.190519568616736,17849678.0,17057823.5,1.0
2025-07-30,834.3006487941693,853.2167732895025,807.4198403008011,845.3516235351562,770479,775.8229199218752,704.5394985961913,836.7271073878701,822.7671784226056,865.9454154243614,802.7105843314981,834.3279998779298,59.240482029015844,61.050876046727005,29.113159950379718,18.790121821091816,22.584699438860873,-3.7945776177690576,46.41174201014412,27.282680750241553,10.01140153898346,5.457430003053394,-41.743136497713294,18620157.0,17328620.65,1.0
2025-07-31,826.3359913288735,846.546365469677,821.3580636702659,836.3416137695312,136231,778.3925268554689,705.0599411010741,836.6500086642025,824.0012179995989,866.172994974504,802.9758270469808,834.5744110107424,56.231438082360604,61.050876046727005,37.54090363864789,17.55087076023176,21.577933703135052,-4.027062942903292,46.09883888333599,27.133082253753663,12.981008732433947,7.6641367571391354,-55.5810018526667,18483926.0,17482690.65,1.0
2025-08-01,836.7895608457519,845.052907830051,806.4242049792493,811.2030029296875,87435,780.4284985351565,705.4902828979491,831.5606075172996,822.8377439023342,865.837214644093,800.0211960004386,832.9292053222658,48.785767985498275,61.050876046727005,37.54090363864789,14.374578371932444,20.137262636894533,-5.76268426496209,44.740335637833546,27.954198010685666,12.981008732433947,11.991139667950451,-92.7711061597159,18396491.0,17574173.05,1.0
2025-08-04,811.1034600512709,829.2728941056969,805.030352483241,826.5350341796875,284277,782.4515270996095,705.9868310546874,830.5554928497772,823.1738612002754,865.1946640894472,802.1571181371158,833.6758911132815,52.883475455630816,57.577463925121556,37.54090363864789,12.94528536546511,18.69886718260865,-5.753581817143541,43.38382920557446,27.689079697240683,9.658499806354857,11.87350575707425,-68.14156960589067,18680768.0,17701957.2,1.0
2025-08-05,829.2729103551083,848.4876973319228,817.0769886275447,835.84375,356858,784.3779846191408,706.486863708496,831.6131442798219,824.3256692729776,864.4671527054004,805.4582135055373,834.9626831054688,55.2258297897575,57.577463925121556,37.54090363864789,12.420519908850792,17.44319772785708,-5.022677819006287,42.83769955807139,27.954910340607647,17.201327222533486,13.280278587107428,-54.35103416778766,19037626.0,17857767.65,1.0
2025-08-06,838.282984489404,843.908066827003,811.8004347013697,824.3447875976562,79013,786.4926086425783,707.0638058471679,830.1594729433888,824.3274073024938,862.7340732386724,808.9534816929684,835.8437774658204,51.80002302650789,57.577463925121556,37.54090363864789,10.950538349107205,16.144665852107106,-5.194127502999901,41.959607744006284,28.251533325252343,25.020408194876932,17.293411741255092,-70.17670312850296,18958613.0,18017319.55,1.0
2025-08-07,824.3447735401035,837.2873847188731,806.4242349848838,832.1600952148438,135012,787.8953881835939,707.6706152343748,830.5595973976799,825.0394698399801,861.012116587505,812.905546986714,836.9588317871095,53.89343860915567,57.577463925121556,37.54090363864789,10.297494277754936,14.975231537236674,-4.677737259481738,40.768532447965626,28.438077354447838,31.58098838473192,24.60090793404744,-46.7253238304413,19093625.0,18177557.7,1.0
2025-08-08,826.3359184357503,831.5627420162173,816.6289603577399,822.3535766601562,83100,789.443522949219,708.2684643554686,828.9183932501753,824.7952977327235,859.9939079095991,811.3651008794636,835.6795043945314,50.905791640987196,57.577463925121556,37.54090363864789,8.886213319737408,13.757427893736821,-4.8712145739994135,39.66253395878501,27.516152890351844,26.567967859187455,27.723121479598767,-65.98238444912418,19010525.0,18252039.7,1.0
2025-08-11,822.3535600059375,832.9067411912545,811.8999130567096,816.6787109375,51402,790.8243994140626,708.9656228637695,826.4704567876404,824.057426205885,860.6360795564187,809.1747908049094,834.9054351806641,49.20584421496359,58.88960607270345,37.54090363864789,7.226545636067613,12.451251442202981,-5.224705806135368,38.28222288979099,27.05120112207992,19.838579035669564,25.995845093196312,-77.12611834557829,18959123.0,18349089.85,1.0
2025-08-12,814.388869085144,825.2407744098003,810.5060616621944,814.4884033203125,34393,792.5537292480469,709.5774096679687,824.0740460941748,823.1875150344694,860.7795118913443,806.4726975813119,833.6261047363281,48.53219709963826,58.88960607270345,37.54090363864789,5.66915700690879,11.094832555144144,-5.425675548235354,36.89411967005925,26.171451952474637,6.589106232910209,17.665217709255742,-81.42722544312016,18924730.0,18429161.35,1.0
2025-08-13,818.3214812659592,824.3447611477729,808.5647559079327,818.172119140625,83823,794.3627075195313,710.1312042236327,822.8936607034649,822.7315699532107,859.4185084228692,804.956454956037,832.1874816894531,49.77751338599255,58.88960607270345,37.54090363864789,4.67823262492152,9.81151256909962,-5.133279944178099,35.45044584827346,25.429205758715035,4.96618060166775,10.464621956749173,-72.72724050158898,19008553.0,18502020.9,1.0
2025-08-14,824.3447843161962,841.2697376173742,806.4242455267137,833.3050537109375,122266,796.4255603027345,710.9391217041015,824.9759393049594,823.6927957493677,851.3665243820229,809.4193581863364,830.3929412841796,54.63373787826276,58.88960607270345,37.54090363864789,5.055739839800481,8.860358023239792,-3.8046181834393114,34.97946594797766,26.101797639568286,22.869697352508464,11.474994729028806,-41.322263088645116,19130819.0,18538433.85,1.0
2025-08-18,841.2697326957003,872.5311411518622,836.2918052832997,864.0686645507812,365265,798.9234838867188,711.8652651977538,832.7944843541238,827.3633292767689,857.3441581075629,806.0202950174373,831.6822265625001,62.55949981229526,60.19191991755846,37.54090363864789,7.747969549909158,8.637880328573665,-0.8899107786645075,35.68648886002669,27.03924691109375,56.203030685841796,28.012969546672664,-12.536855891603683,19496084.0,18608822.05,1.0
2025-08-19,866.1593608488655,871.236822451004,857.995547823354,868.4989624023438,171090,801.5966308593752,712.7515850830079,839.9353799637679,831.1029322881848,864.0685279322955,803.1587914036421,833.6136596679688,63.54718689519436,60.19191991755846,37.54090363864789,10.122384455675615,8.934781153994056,1.187603301681559,36.3430101355008,26.053677462276337,85.65987556633293,54.910867868227726,-5.973528352851543,19667174.0,18693877.35,1.0
2025-08-20,868.1007521245085,871.2866377427679,860.2853698209661,869.6936645507812,159745,804.277741699219,713.5963394165038,845.8870368811706,834.6111806756935,869.6838276142049,800.7642070537639,835.2240173339844,63.82433103876241,60.19191991755846,37.54090363864789,11.962630100744832,9.540350943344212,2.42227915740062,36.95427497747741,24.978505352242436,99.99999999999999,80.6209687507249,-4.203619923629187,19826919.0,18779966.25,1.0
2025-08-21,866.1593314936429,897.0224800870944,851.7731097541978,856.1039428710938,764848,806.2380493164064,714.1419204711914,847.9304180791553,836.5650681480026,870.6103453017815,800.4250856064216,835.5177154541016,58.386534469232444,60.19191991755846,37.54090363864789,12.1840113684367,10.06908302836271,2.1149283400739893,38.26158741648583,26.426424279432027,88.146854691924,91.26891008608564,-44.4804770601769,19062071.0,18818399.65,1.0
2025-08-22,855.207946786551,883.6319007344042,855.1581796645612,878.95263671875,258286,808.9042272949221,714.796019897461,854.1348618070742,840.418483472616,877.2341284829429,797.2510033529948,837.2425659179688,63.94813642735033,60.19191991755846,37.54090363864789,14.041296926487576,10.863525807987685,3.1777711184998907,39.47552039556507,26.57265976446138,88.146854691924,92.09790312794932,-19.64281492233637,19320357.0,18875754.2,1.0
2025-08-25,884.0799095759119,891.6463349461762,869.3950236905011,880.5455932617188,200737,811.7655395507812,715.6056799316407,859.4170080980032,844.0664025443526,883.9720777205097,795.3068041154278,839.6394409179687,64.30630278186936,65.14783197662827,37.54090363864789,15.463493860850008,11.78351941856015,3.6799744422898577,40.80589758185557,26.26399201383379,88.146854691924,88.146854691924,-18.18676157224335,19521094.0,18949502.2,1.0
2025-08-26,876.1151887009669,883.8807429931284,863.3219400813346,869.5941162109375,161688,814.3122460937501,716.4250469970705,861.4524297205901,846.3871037867693,887.6433359183044,795.5929922066956,841.6181640625,59.900349604835604,65.14783197662827,37.54090363864789,15.5279064650789,12.5323968278639,2.995509637214999,41.48433414856384,25.85647850654522,90.68948130184248,88.99439689523015,-30.27471872685057,19359406.0,19020386.95,1.0
2025-08-28,858.4933117954682,870.1416735835392,843.7088923343442,864.018798828125,157391,816.6538623046876,717.2003591918946,861.9657035420971,847.9899851541652,890.018325885876,796.8070891531866,843.4127075195313,57.73173428353882,65.14783197662827,37.54090363864789,14.956661318594229,13.017249726009966,1.9394115925842623,40.54251199570837,25.897642988163057,76.79631438052846,85.21088345809831,-36.42860987178673,19202015.0,19088003.8,1.0
2025-08-29,865.6615420999904,868.6980655459334,829.1733113325612,832.6080932617188,228009,817.9481237792968,717.844253845215,856.0941814860214,846.591631345761,889.6173877187397,795.9336742929792,842.7755310058594,47.33438402287519,65.14783197662827,37.54090363864789,11.832960986921876,12.780391978192348,-0.9474309912704726,38.709166245926376,26.871008075678,43.46298104719513,70.31625890985535,-71.0989426426909,18974006.0,19105696.25,1.0
2025-09-01,834.6988730622435,867.105167596847,834.6988730622435,855.1581420898438,560877,820.3474841308595,718.6504293823243,855.9069736067859,847.3704050497685,890.7694931098213,796.6632217339288,843.716357421875,53.77125302241963,57.34245083953152,37.31941246716028,11.049633157947255,12.43424021414333,-1.3846070561960744,37.00677376398596,27.41572709421016,32.08236102959067,50.78055215243808,-46.2087790125198,19534883.0,19158244.1,1.0
2025-09-02,864.0188403819631,864.0188403819631,834.5993014012263,839.9257202148438,88304,822.9887731933595,719.4098126220704,852.7107229283974,846.6936155193207,889.7146662500476,800.5903203222182,845.1524932861329,49.380777294910395,57.34245083953152,37.31941246716028,9.094871055098679,11.7663663823344,-2.6714953272357214,35.419166091760836,27.558856514676346,16.66136946965996,30.735570515481918,-63.02193431175257,19446579.0,19210748.5,1.0
2025-09-03,842.3706163678992,851.8511531371842,832.3412185992565,834.5866088867188,83032,825.7462915039064,720.1930258178712,849.0859001200618,845.5929785527205,889.5509479485738,801.559196094395,845.5550720214844,47.904320283387854,57.34245083953152,37.31941246716028,7.033805016092288,10.819854109085979,-3.786049092993691,33.781972680276525,26.983933516337153,17.78074056848485,22.17482368924516,-68.91510800772195,19363547.0,19244887.45,1.0
2025-09-04,839.2271350249641,847.3604013520404,809.288596841614,813.7294921875,108664,828.2499438476563,720.9899307250979,842.0146185335495,842.6962979740641,890.5348219712132,798.3638962905056,844.4493591308594,42.5518823583116,57.34245083953152,37.31941246716028,3.6750367871201206,9.390890644692808,-5.715853857572688,31.91750475275257,27.775924301629246,5.138545950913489,13.193551996352765,-91.93665671717076,19254883.0,19255750.3,1.0
2025-09-05,815.176480957633,818.7192567395174,803.8996436444789,808.5900268554688,71476,830.5084375,721.7193231201175,835.3297001979334,839.5957278723737,891.6915881541215,795.6316540333785,843.66162109375,41.326548468352435,57.34245083953152,37.31941246716028,0.5916566178531184,7.631043839324871,-7.0393872214717526,30.471110097596256,26.850473501158476,1.1193710988248904,8.012885872741075,-94.96322986909863,19183407.0,19266990.0,1.0
2025-09-08,811.2345976395935,838.2790522222431,804.6979682066768,832.5408325195312,107181,832.8457226562501,722.6418942260746,834.7719266622531,838.954373749388,891.6917286956195,795.6695872223493,843.6806579589844,48.735239309865555,53.74840319792724,37.31941246716028,0.07976597846254663,6.120788267152406,-6.0410222886898595,28.613553251229536,27.331231395044746,10.746692850345593,5.66820330002799,-69.24364638237616,19290588.0,19276838.15,1.0
2025-09-09,832.2913644211394,882.1889282353563,825.1061030498697,873.9059448242188,824961,835.718602294922,723.7434146118167,842.5987302946463,842.1317893016453,894.9785090048309,797.538043729544,846.2582763671875,58.4851760947884,53.74840319792724,37.31941246716028,2.9775840832631957,5.492147430374564,-2.514563347111368,28.655152382550632,29.456345237219168,35.63617802112928,15.834080656766588,-24.823701839366375,20115549.0,19332089.35,1.0
2025-09-10,875.0535396849331,883.1868668339456,853.597587552809,857.3399047851562,339708,837.7494262695313,724.7683270263674,845.5469651927484,843.5143452546918,895.1732150352815,801.4094570838591,848.2913360595703,54.05153928470631,53.74840319792724,37.31941246716028,3.892514343643029,5.172220813028257,-1.2797064693852285,28.72562120914928,29.46584052607041,54.09444153248589,33.49243746798692,-42.61315142219871,19775841.0,19372925.25,1.0
2025-09-11,858.1882230098989,864.6749063872828,845.364512402388,860.3837280273438,97059,838.9022900390624,725.8555001831057,848.5143177596675,845.0479255067511,894.9253302102898,806.2468743795537,850.5861022949217,54.73059360655641,53.74840319792724,37.31941246716028,4.80779301888856,5.0993352542003185,-0.29154223531175827,28.30051134993806,28.740451487415015,62.79101593865687,50.84054516409068,-35.62824586894454,19872900.0,19420333.75,1.0
2025-09-12,860.0843011935337,863.9763356169567,843.4185632571102,845.1649780273438,77193,839.2679199218749,726.7874304199221,847.8444498132028,845.0585666449867,893.6884897200588,810.1830007584566,851.9357452392577,50.69641572902988,53.74840319792724,37.31941246716028,4.256070693010884,4.930682341962432,-0.6746116489515481,27.789091380467198,28.155974406874407,51.493012401144306,56.126156624095685,-52.97220468292847,19795707.0,19459691.45,1.0
2025-09-15,863.2278273471238,897.158169693716,849.2565099102917,891.9688110351562,605645,840.4790283203125,727.9436727905276,856.6693220575936,849.3231343168203,899.2692823442587,810.4685838666785,854.8689331054686,60.370871228147706,58.05935422331472,37.31941246716028,7.508946481701287,5.446335169910203,2.062611311791084,28.420181834760193,29.858632782552824,66.36808222312102,60.217370187640725,-5.564487107398575,20401352.0,19523218.1,1.0
2025-09-16,903.0461015102812,905.0918893704184,874.2052863079941,885.9312133789062,354849,841.3155102539063,728.9992895507814,862.5217003218562,852.6511415042827,902.3481722491314,809.5759488446182,855.9620605468748,58.768870126838614,58.05935422331472,37.31941246716028,9.49029212725145,6.255126561378452,3.2351655658729985,29.224044592716172,29.93205923111507,77.45416112833635,65.10508525086722,-18.93492515563423,20046503.0,19550739.05,1.0
2025-09-17,883.1868779590726,903.1459034496733,881.4404632286451,899.5033569335938,282292,843.0735510253905,730.1245095825197,869.9180316442038,856.9104338160382,907.588108907194,807.4364516396809,857.5122802734375,61.25767046655377,58.05935422331472,37.31941246716028,12.01715510032409,7.4075322691675805,4.609622831156509,29.970488582246727,29.344443587537437,97.19601282839855,80.33941872661863,-5.5226884201780795,20328795.0,19583820.1,1.0
2025-09-18,899.2039790611387,920.4104435347164,896.7091008877767,914.871826171875,407030,845.1688293457029,731.2909799194338,878.9087905497381,862.1796513029325,915.8739586807558,803.6684180282289,859.7711883544923,63.91393429173724,58.05935422331472,37.31941246716028,15.085918165468115,8.943209448427687,6.142708717040428,31.130279219051488,28.94136494892331,97.19601282839855,90.61539559504448,-4.753737308523487,20735825.0,19629265.4,1.0
2025-09-19,914.1732761590116,914.1732761590116,869.315353043165,876.7999877929688,553300,846.5703710937498,732.2728152465822,878.4870299983843,863.5087728020267,917.385397285624,804.2265839155481,860.805990600586,54.03099049822032,58.05935422331472,37.31941246716028,14.281230688668643,10.010813696475878,4.270416992192764,30.576383053719404,30.128158390336644,85.41524626356556,93.26909064012088,-37.430397682302576,20182525.0,19685288.1,1.0
2025-09-22,881.1411038662508,888.9749971302947,874.7541912449101,883.3366088867188,117339,848.039923095703,733.2402923583987,879.4569457760513,865.3113033551804,917.9336217047901,804.1167567131788,861.0251892089844,55.3087451449521,61.40972685107215,37.31941246716028,14.009468328983303,10.810544622977364,3.198923706005939,30.062050900196752,28.991918925697213,72.71613887375841,85.10913265524084,-31.82008421787865,20299864.0,19734263.45,1.0
2025-09-23,882.288705631745,919.0632469853512,880.8417249983444,914.3728637695312,484489,849.3685778808592,734.2586633300784,886.4401293747474,869.7714452110305,923.9166903649417,801.5164151038083,862.716552734375,60.87022485720976,61.40972685107215,37.31941246716028,16.112723640918716,11.870980426565636,4.241743214353081,30.49255437789365,29.651176287219325,68.22438485033013,75.45192332921803,-5.18199151569898,20784353.0,19797426.4,1.0
2025-09-24,914.372844977919,930.888926203138,905.9401446212028,911.6284790039062,320075,850.9579455566404,735.2157730102542,891.4777993005791,873.5766301012919,929.7840939338653,799.8524478141817,864.8182708740235,60.15734419102789,61.40972685107215,37.31941246716028,17.35802718160562,12.968389777573634,4.389637404031987,31.191864161795756,29.315290951127604,77.26535096110646,72.73529156173166,-15.166986387481119,20464278.0,19852670.0,1.0
2025-09-25,907.6366599019062,931.0885142259248,904.3933183464568,907.786376953125,217562,852.3121728515623,736.0254904174808,894.7395148310884,876.6866070878222,934.748404341609,799.264895218938,867.0066497802735,59.113567297892466,61.40972685107215,37.31941246716028,17.82938760194918,13.940589342448744,3.888798259500435,31.749450694990408,29.128141303151917,79.42256174390849,74.97076585178169,-18.43661413508816,20246716.0,19904905.05,1.0
2025-09-26,911.628463519563,924.6018297218118,884.3345212965681,904.8424072265624,398234,853.470129394531,736.810781555176,896.7600933101833,879.2462252822531,938.3405289543163,802.8962020027151,870.6183654785157,58.279153673205144,61.40972685107215,37.31941246716028,17.76065658440757,14.70460279084051,3.0560537935670595,31.141327884289815,29.92379609758704,69.70393128959682,75.46394799820392,-24.764587546289242,19848482.0,19948628.85,1.0
2025-09-29,893.7651522205203,902.3475698726928,864.076101301147,873.406982421875,369113,853.5543518066404,737.239280395508,892.0894711325217,878.7153850222187,938.866558758251,804.1950562319836,871.5308074951173,50.14048407101948,64.14405926829978,37.31941246716028,14.99673763656483,14.763029759985375,0.23370787657945513,29.610156571341058,30.698261085289065,41.91438558192155,63.68029287180895,-65.7939592376046,19479369.0,19945853.15,1.0
2025-09-30,875.9018269810894,893.1663714767747,838.2790525592076,853.9468994140625,356907,853.8676306152342,737.6598324584963,884.4609567888299,876.4637045123864,938.465064919472,805.9986679906846,872.2318664550783,45.86998332268022,64.14405926829978,39.51590213999822,11.107999786360324,14.032023765260366,-2.924023978900042,27.82740246086529,32.42605093045178,19.122948855593364,43.58042190903724,-83.11826555882972,19122462.0,19929647.3,1.0
2025-10-01,863.6769638452711,878.1971430627518,855.1444924214,866.720703125,207586,854.6046386718748,738.1843258666995,880.912906056064,875.577977113533,937.7448368224938,809.9323055114909,873.8385711669923,48.94394045257964,64.14405926829978,39.51590213999822,8.953673848909034,13.0163537819901,-4.062679933081066,26.17198792970922,31.84206469604018,5.678647533404864,22.238660656973256,-69.35479416104403,19330048.0,19927972.35,1.0
2025-10-03,874.4049185473025,896.1602441406317,868.2176084658681,893.76513671875,173597,855.7302111816405,738.8500152587893,883.4833521886012,877.2313552594618,935.6289566622537,820.0517501248559,877.8403533935548,54.79683649610865,64.14405926829978,39.51590213999822,9.321166192015312,12.277316263995143,-2.956150071979831,24.6847851030577,31.670455861725287,22.169590839440946,15.657062409479725,-40.215056565250464,19503645.0,19940410.45,1.0
2025-10-06,901.8486019683802,903.6449021263104,873.3071582430604,876.7999877929688,86980,856.2616113281249,739.4346124267581,882.1466793094748,877.1921400352351,929.0124906792365,833.4892122016232,881.2508514404299,50.858174149791516,62.26718720329106,39.51590213999822,8.149518213850797,11.451756653966275,-3.3022384401154774,23.5818450266723,31.575262148977053,31.384481073598238,19.74423981548135,-58.49460330662026,19416665.0,19952073.35,1.0
2025-10-07,883.5361103245657,885.8314469159665,868.2175830791106,870.562744140625,61382,856.7837536621092,740.0763815307621,879.8298922757049,876.5894676811796,925.4662192794027,840.8376747635665,883.1519470214846,49.450873309845754,62.26718720329106,39.51590213999822,6.641130495570792,10.489631422287179,-3.8485009267163868,22.329554217848614,30.578019412396973,32.320959006720976,28.625010306586717,-65.21508583106584,19355283.0,19955308.1,1.0
2025-10-08,873.207345238515,875.8019941288939,860.2339789664,865.2736206054688,45155,857.4370642089842,740.6673126220707,876.9186379416577,875.5607543106604,925.6039773614585,839.8366842596355,882.720330810547,48.23205865994982,62.26718720329106,39.51590213999822,4.961738462825338,9.384052830394811,-4.422314367569474,20.810207230060968,29.50587625168961,20.193574696753707,27.966338259024305,-70.91399135230432,19310128.0,19915037.05,1.0
2025-10-09,870.1137190029361,872.8081386491166,861.231928516302,863.726806640625,44576,858.1112072753904,741.2022241210941,874.2802716814513,874.4849408861118,925.2168266931153,840.8625251135256,883.0396759033205,47.86054023791933,62.26718720329106,39.51590213999822,3.4660388791445484,8.200450040144759,-4.73441116100021,19.399385027115297,28.22518581462711,15.40207304750016,22.638868916991612,-72.58064681723786,19265552.0,19889522.6,1.0
2025-10-10,866.1718214038752,909.0837262331162,864.6748944912273,898.1062622070312,379623,859.5107739257811,741.9244644165043,879.0454697865673,876.632333733468,926.2012389190438,843.650366305566,884.9258026123049,55.97704959854693,62.26718720329106,39.51590213999822,4.997216129374237,7.559803257990655,-2.5625871286164177,19.49376833683074,29.448881084474543,31.246733206426043,22.280793650226634,-35.53759651934435,19645175.0,19878136.35,1.0
2025-10-13,893.166400166064,906.1397668723866,878.1472455073052,897.3079223632812,188755,860.5498999023437,742.6648648071292,882.6979603019101,878.5119326998147,924.6071064873761,850.4587931708274,887.5329498291018,55.759980066563095,62.72746646364086,39.51590213999822,6.076222863478733,7.263087179088272,-1.1868643156095384,19.58140998156651,29.34485539023218,48.86059086531968,31.836465706415293,-36.39778882022944,19456420.0,19861172.0,1.0
2025-10-14,903.1458819972024,905.7405308853048,889.4240522983499,898.0064086914062,89500,861.7831958007811,743.4396206665042,885.7596499798094,880.2841577899593,925.1585516261094,850.5111077977191,887.8348297119143,55.921035373178945,62.72746646364086,39.51590213999822,6.9080735119468955,7.192084445659997,-0.2840109337131018,19.66279150882115,28.414257047140946,67.88695422811097,49.331426099952225,-35.645186320892364,19545920.0,19818400.4,1.0
2025-10-15,898.0064364320341,908.8841297661044,877.9975254168999,899.9524536132812,177732,863.5581848144532,744.2198754882814,888.5982107065038,882.0721846829886,926.233914366863,850.8378690804032,888.5358917236331,56.39730479020762,62.72746646364086,39.51590213999822,7.6363239167715165,7.280932339882302,0.35539157688921463,19.113090842821624,28.59085328300263,71.92382662521689,62.89045723954918,-33.548368941578886,19723652.0,19802257.85,1.0
2025-10-16,901.9982076638682,949.051633189738,897.7070294960313,911.8280639648438,1198454,865.2640454101563,745.0595083618166,893.2441813581718,884.7772646177027,927.9906982523866,850.3135558980047,889.1521270751956,59.28818152029287,62.72746646364086,39.51590213999822,9.06720897518585,7.638187666943011,1.429021308242838,19.957010045880704,30.216121169481497,83.27974330358775,74.3635080523052,-33.603594872497666,20922106.0,19831923.4,1.0
2025-10-17,911.8779756097988,945.4590603068336,907.1875924451596,939.3715209960938,441464,867.3346008300782,745.981354980469,902.4696492857562,889.7403788339201,933.8948934319153,846.8593302008976,890.3771118164065,65.07225701792441,62.72746646364086,39.51590213999822,12.282141602075399,8.56697845396949,3.7151631481059084,20.740649305864135,30.791503076066682,93.16332468922604,82.78896487267689,-8.73872589998712,21363570.0,19863310.65,1.0
2025-10-20,938.0741701662308,941.068023900804,921.9572331977351,924.7015991210938,157821,869.341737060547,746.808197631836,906.9160392528238,892.9186715872995,938.3668392710097,847.1775454946157,892.7721923828127,60.169045698646144,66.86512357025171,39.51590213999822,13.490745857022148,9.551731934580022,3.9390139224421254,21.468314332991607,29.957166477995404,91.48848829554206,89.31051876278528,-21.98200486983425,21205749.0,19914471.85,1.0
2025-10-21,928.0448251332288,943.063980040744,927.0967592146573,936.9765014648438,28365,871.438065185547,747.7349938964846,912.9281316952278,896.9239288488943,944.8628373726049,846.0455366508331,895.454187011719,62.70155142647494,66.86512357025171,39.51590213999822,15.263111818011566,10.694007911266333,4.569103906745234,22.20908405616784,29.12896750954218,86.89722522021745,90.51634606832852,-12.858587351395068,21234114.0,19961184.35,1.0
2025-10-23,932.0864625639084,940.9682530059172,922.1069501167576,933.234130859375,91815,873.6556762695313,748.6545275878907,916.9893315280573,900.2248563043926,947.9977204310916,844.7967803013306,896.3972503662111,61.419372800689835,66.86512357025171,39.51590213999822,16.179242345210582,11.791054798055182,4.3881875471554,22.57397598776408,28.395562893800562,79.82281138936678,86.06950830170877,-17.80896204552851,21142299.0,19979081.65,1.0
2025-10-24,933.2341648502136,948.0537170099558,923.2047057474392,942.7645874023438,154922,876.1773937988283,749.7332189941408,922.1443827029146,904.0921045860244,953.2367878051347,842.6713237671314,897.954055786133,63.46814452826109,66.86512357025171,39.51590213999822,17.472893937239064,12.927422625891959,4.5454713113471055,23.171512875402787,28.142237777280275,85.22769421969475,83.982576943093,-7.078599229366123,21297221.0,20020728.8,1.0
2025-10-27,948.053699030012,954.041406602833,933.2840325324088,951.4966430664062,210579,878.9175585937502,751.0414962768557,928.014834775613,908.4016080842409,960.2998146251402,839.9793235584541,900.1395690917972,65.28702276176385,67.18767212133343,39.51590213999822,18.98389157442614,14.138716415598797,4.845175158827342,23.940374042650344,27.614747512504845,89.81895729501937,84.95648763469363,-2.712752711106692,21507800.0,20083783.0,1.0
2025-10-28,953.0434928211828,957.7338761197076,928.0947102865968,931.23828125,83052,881.1788818359377,752.211645202637,928.6595240704904,910.4776692811281,963.1916166343623,839.727108951576,901.4593627929692,58.06411280528495,67.18767212133343,39.51590213999822,18.3353293324584,14.978038998970717,3.3572903334876827,24.28202022290085,27.75934882111956,83.07740655088892,86.04135268853435,-27.17499776235275,21424748.0,20162596.3,1.0
2025-10-29,936.0783189942182,946.0578319898922,925.6497157317162,942.5650024414062,45587,883.364080810547,753.4705352783205,931.4406197446737,913.3946995684261,967.7708681546518,842.0636594332394,904.9172637939456,60.683189331309315,67.18767212133343,39.51590213999822,18.521803006214668,15.686791800419508,2.83501120579516,24.421226028543025,27.234260780909302,77.3778340508457,83.42473263225133,-15.71872283929534,21470335.0,20262144.6,1.0
2025-10-30,937.8247266911728,942.9642002092056,928.1445869763976,937.7748413085938,101861,884.8382043457033,754.7124435424807,932.7074640574577,915.6110760902594,968.7488454578686,849.4684763194755,909.108660888672,59.00484666810811,67.18767212133343,39.51590213999822,18.074704819717113,16.16437440427903,1.9103304154380822,24.550488562353618,26.34750024175921,55.39767961173388,71.9509734044895,-21.44772536926781,21368474.0,20374445.2,1.0
2025-10-31,942.0161399858932,948.0537331571344,908.2354520004895,921.00927734375,115812,885.8884106445315,755.9658514404299,930.3678267147163,916.1018216587586,968.1922551489788,855.4539240502404,911.8230895996096,53.43444784729148,67.18767212133343,45.92881724191719,16.18101076962796,16.167701677348816,0.013309092279143897,23.27662921000736,27.309698878536754,35.88031085338166,56.21860817198708,-46.057536433836844,21252662.0,20470575.9,1.0
2025-11-03,925.5998244340716,936.0783130125706,917.1172384419536,927.84521484375,116127,887.0514416503909,757.3858517456057,929.8633043405232,917.1694028573942,969.6577487315665,857.3964382801526,913.5270935058595,55.28792824570453,62.956068861323146,45.92881724191719,15.058265308508112,15.945814403580677,-0.8875490950725649,22.093759811400123,26.713368570828194,16.56577450259543,35.947921655903656,-37.484360661749136,21368789.0,20563833.1,1.0
2025-11-04,930.090562583698,958.532173134809,924.5519453426092,954.7898559570312,368252,889.0251599121095,758.9592428588869,934.8486146638248,920.5894440482703,973.6502080233861,861.2029658047393,917.4265869140627,61.750533456531606,62.956068861323146,45.92881724191719,16.15644732597218,15.987940988058979,0.16850633791320213,22.11609777289063,27.23242994378331,28.600159546304745,27.015414967427276,-4.6468411842888635,21737041.0,20679851.9,1.0
2025-11-06,913.6243662880764,926.0987568709282,874.7042676695783,919.1130981445312,788812,889.8283691406252,760.2915280151369,931.7015113599662,920.4552307842939,971.5698696492914,868.1383395792245,919.854104614258,51.19846835510327,62.956068861323146,45.92881724191719,13.986718114430232,15.58769641333323,-1.600978298902998,21.4434545577558,31.007655539759714,28.600159546304745,24.588697865068305,-47.023809996812545,20948229.0,20759499.2,1.0
2025-11-07,913.0755184920898,941.5171294324,898.156134957168,932.8848266601562,134790,890.875153808594,761.669524536133,931.9381744200042,921.5851940457359,968.3454721195135,878.1238577144711,923.2346649169923,54.43525064884537,62.956068861323146,45.92881724191719,13.225994447210041,15.115356020108594,-1.8893615728985527,20.116889380569223,31.89003689229345,31.045748022007512,29.415355704872333,-30.59523714962732,21083019.0,20848143.75,1.0
2025-11-10,923.1049344741358,947.0557652064376,921.3585197332388,944.1616821289062,98879,892.3665051269534,763.1549288940431,934.3828759617846,923.6376020532969,963.4995780477243,891.0132393350884,927.2564086914064,56.95297085992462,64.27863238374364,45.92881724191719,13.378840506613528,14.768052917409582,-1.3892124107960537,18.71464910181188,31.4476946480724,21.273260877904963,26.973056148739076,-17.142848704317437,21181898.0,20943961.05,1.0
2025-11-11,939.4713637144772,968.0127460908428,937.0762562673208,965.8671264648438,219092,894.4034716796876,764.7234735107423,940.6797260623965,927.4766497270738,968.0636266803592,893.2252771282347,930.644451904297,61.37674277364185,64.27863238374364,45.92881724191719,15.077614710931925,14.82996527611405,0.24764943481787505,18.246850470108402,31.411180017747373,45.35492349269305,32.55797746420184,-2.299490531087789,21400990.0,21031751.8,1.0
2025-11-12,963.0229934869184,978.790611664578,956.5363101110996,967.5636596679688,173571,897.1025830078127,766.3751693725587,946.056512783511,931.1209233580643,971.5902239795214,896.7242535595412,934.1572387695313,61.70797776681571,64.27863238374364,45.92881724191719,16.372074474553983,15.138387115802038,1.2336873587519452,18.195404512305146,30.757117270299588,62.56209963498543,43.06342800186114,-10.786191123351019,21574561.0,21137658.85,1.0
2025-11-13,968.0127320658836,983.5807475165068,959.3305438333734,969.160400390625,143184,899.3826281738283,768.0248931884767,950.6772903049339,934.5790576337515,974.1942882293027,901.2355884796815,937.7149383544921,62.037962275768066,64.27863238374364,45.92881724191719,17.327051333050235,15.576119959251677,1.750931373798558,18.314846882128336,30.292337728359144,74.59312204998314,60.83671505922054,-13.244685304076341,21717745.0,21246250.1,1.0
2025-11-14,963.0229501260244,972.0045113189096,963.0229501260244,967.364013671875,83068,901.9313940429689,769.6131179809572,954.0146349783222,937.5595081826717,975.2580679356475,906.9129647791962,941.0855163574219,61.39692689334477,64.27863238374364,45.92881724191719,17.734491796381576,16.007794326677658,1.7266974697039181,18.425757654107013,28.770139404396723,74.64087741016255,70.59869969837703,-14.89461623615238,21634677.0,21341801.35,1.0
2025-11-17,970.7072150517566,1002.9410289751032,966.066717270066,996.454345703125,202100,905.1687487792971,771.3572479248048,962.5025771232828,942.9135843208948,984.7830157067866,905.8506451818852,945.3168304443359,67.29111213897698,67.86582442346916,45.92881724191719,20.172205349388946,16.840676531219916,3.33152881816903,19.532295311670914,29.349008854442477,83.10885051712681,77.44761665909083,-5.058364860387932,21836777.0,21387534.9,1.0
2025-11-18,1000.046927540862,1010.425644949324,979.5390414476165,999.4481811523438,116509,908.883122558594,773.2370617675782,969.891697929095,948.0530931237538,994.4620939077407,902.1792329965559,948.3206634521483,67.83541890502894,67.86582442346916,45.92881724191719,22.091036683456196,17.890748561667174,4.200288121789022,20.766000731986438,29.45883704353284,90.79608464163414,82.84860418964115,-8.088234894900726,21953286.0,21417020.7,1.0
2025-11-19,994.9574443293742,996.8535761600452,981.6348188621286,985.3771362304688,54856,912.418864746094,775.0719079589845,972.9887855893699,951.446187951637,998.914144737754,903.79473587748,951.354440307617,62.56558898631387,67.86582442346916,45.92881724191719,22.220168342493707,18.75663251783248,3.4635358246612284,21.911584336565138,28.627017418295864,89.44151473171942,87.78214996349345,-18.455831513723776,21898430.0,21451654.75,1.0
2025-11-20,991.8638184137308,999.9471995550708,988.071554757188,995.3067016601562,85031,915.6741821289063,776.8799908447266,977.4523688035272,955.4335073796842,1005.1559633026644,903.3859373321008,954.2709503173826,64.65242484085974,67.86582442346916,45.92881724191719,22.860220664136364,19.577350147093256,3.282870517043108,23.067931501051856,27.62294926874631,83.06415598315672,87.76725178550342,-11.139691913091143,21983461.0,21489122.1,1.0
2025-11-21,994.9573859337409,999.5479372720991,974.7987587107342,981.3353271484376,40995,917.8227697753907,778.5567395019533,978.2289604725092,957.7882182677527,1007.9202099310755,905.4318103325961,956.6760101318358,59.61652034653659,67.86582442346916,45.92881724191719,21.986645221022627,20.05920916187913,1.9274360591434956,23.287736155025947,27.417679932504786,66.59699846766466,79.7008897275136,-21.433851014439753,21942466.0,21529130.45,1.0
2025-11-24,982.8822109817336,1071.799643037261,977.9922254902382,1050.493408203125,4789005,921.68583984375,780.4421362304689,992.6818500186325,966.215962807332,1027.7591219503092,896.3657803934407,962.062451171875,71.46493060394278,69.214887327178,45.92881724191719,26.56854391558352,21.36107611262001,5.207467802963507,25.26777928780654,32.15980404782749,77.15548373594521,75.60554606225553,-10.810114034583007,26731471.0,21800842.95,1.0
2025-11-25,1044.8549926846763,1044.8549926846763,1018.0100788237662,1027.141357421875,342840,925.0209924316407,782.3001266479494,999.5737514992811,971.7546350450176,1037.4264711298274,894.2629026494692,965.8446868896483,64.57539150046526,69.214887327178,45.92881724191719,27.992733498110283,22.68740758971807,5.305325908392213,27.106390768245664,32.18291300007973,72.20124940084573,71.9845772014852,-22.65821079367063,26388631.0,22044884.5,1.0
2025-11-26,1025.49472038045,1034.5760527477937,1002.9410456093982,1026.193359375,151901,928.6415600585938,784.1185317993165,1004.8976730744249,976.7036099841068,1045.0480889612008,896.1367926305957,970.5924407958983,64.3043693567852,69.214887327178,45.92881724191719,28.71392226132957,23.89271052404037,4.8212117372892,28.001481315983714,32.14377686710229,74.65256072694373,74.6697646212449,-26.264318295864562,26236730.0,22285483.6,1.0
2025-11-27,1028.8378340647391,1032.2308928159955,1017.1119673131656,1022.0018920898438,73037,931.2422216796874,785.91000579834,1008.3185168775087,980.8216356300828,1051.1687928307674,897.9597777258731,974.5642852783202,63.04449220251646,69.214887327178,45.92881724191719,28.61736994467867,24.83764240816803,3.7797275365106415,28.832636824597618,30.927716055368553,55.31118402809774,67.38833138529573,-33.1011560228664,26163693.0,22520151.5,1.0
2025-11-28,1022.9000650535376,1030.88367531737,1014.9164547897052,1018.60888671875,69822,933.8957751464843,787.7024356079102,1010.376590845757,984.2568402745071,1055.5666019817652,901.6453731158908,978.605987548828,61.98576797031179,69.214887327178,45.92881724191719,27.94493257360091,25.45910044125461,2.4858321323462995,29.479113107923077,29.859109231961146,39.97488826226706,56.6462110057695,-39.481457224158056,26093871.0,22756421.35,1.0
2025-12-01,1028.8877526635592,1071.7996569938532,1023.6984548214732,1055.732666015625,442667,937.020361328125,789.6558435058594,1019.4478058797307,990.7546426146088,1064.625221820564,906.0590921442791,985.3421569824217,68.26524131101853,72.52845904264558,53.63376851127262,30.06107449089916,26.37949525118352,3.6815792397156386,30.9728842268889,31.525656449328434,44.988994349230666,46.75835554653182,-13.939375710278156,26536538.0,23020615.15,1.0
2025-12-02,1057.9280685197405,1071.2008685310595,1047.848785518322,1064.2152099609375,252376,940.0072290039061,791.6636111450194,1028.401286695972,997.4328760097295,1074.0370618101028,910.2842516664596,992.1606567382812,69.5048000310093,72.52845904264558,53.63376851127262,32.053114262301506,27.514219053407118,4.538895208894388,32.35995740878574,30.941829775286223,58.815902495334896,47.92659503561087,-6.743582144276017,26788914.0,23291621.4,1.0
2025-12-03,1064.614452252063,1069.304774443137,1027.9895679400856,1041.16259765625,73620,943.2944812011717,793.5595999145505,1030.9535488880276,1001.4083052503222,1079.1637199617621,913.7948676847219,996.4792938232421,62.374354298795815,72.52845904264558,53.63376851127262,31.40959669978065,28.293294582681824,3.116302117098826,32.554244479040214,31.682785255840873,59.90911899735783,54.57133861397446,-28.165091791967324,26715294.0,23540534.05,1.0
2025-12-04,1035.3744720566451,1052.8386197780824,1029.9855106814134,1049.7449951171875,64866,946.6226489257812,795.6022906494138,1034.7118381338596,1005.8025497836736,1080.4336721036314,925.5881052401186,1003.0108886718749,63.860814879692875,72.52845904264558,53.63376851127262,31.23210784625894,28.88105723539725,2.351050610861691,32.73465390141937,31.05209410161431,47.518071490731245,55.41436432780799,-20.858837306784885,26780160.0,23832130.6,1.0
2025-12-05,1049.844738586378,1053.2377972766524,1015.315648924673,1024.9957275390625,97560,948.8351062011717,797.5954061889646,1032.7686160149,1007.5473841250725,1078.1248322998954,937.1080351317449,1007.6164337158202,56.88198531739675,72.52845904264558,53.63376851127262,28.762827623207613,28.857411312959325,-0.09458368975171183,32.12810295270195,31.542812262354666,19.699206710139674,42.37546573274292,-48.25102682882676,26682600.0,24112109.65,1.0
2025-12-08,1029.8857304168148,1052.8386100675773,1012.0223779767416,1026.193359375,123766,951.1264038085935,799.5335299682615,1031.4535646869201,1009.2424727841568,1075.9486048991703,947.4874302570795,1011.7180175781249,57.12615192271925,73.06347544212134,53.63376851127262,26.5959624368096,28.405121537729382,-1.809159100919782,31.39602494265914,32.20519939296045,12.498655672860707,26.57197795791054,-47.01636626677511,26806366.0,24393333.05,1.0
2025-12-09,1026.1933179237174,1028.8877375675324,987.7721339327632,1003.3402099609376,187471,953.0374804687498,801.3949719238279,1025.8308937417237,1008.7059034365914,1074.2791741451615,952.9041693606979,1013.5916717529296,51.17141786829629,73.06347544212134,53.63376851127262,22.772144888090452,27.278526207801598,-4.506381319711146,29.574920816707454,32.84165683880394,0.5581099485844119,10.918657443861598,-70.57609593789664,26618895.0,24654228.3,1.0
2025-12-10,997.9512520525388,1019.5069747328296,984.7782833434233,992.1631469726562,69457,954.7838952636718,803.1231216430664,1019.0973443879102,1007.2020164853245,1072.5040224020986,957.1392698342297,1014.8216461181642,48.508187293204294,73.06347544212134,53.63376851127262,18.62514725526421,25.54785041729412,-6.9227031620299115,27.754306049042974,32.97644502098983,0.5581099485844119,4.53829185667651,-82.09873457950857,26549438.0,24902972.15,1.0
2025-12-11,997.9512768587842,1002.8412624794372,980.4871295137556,996.7537231445312,68850,957.2508300781249,804.7846212768554,1014.6286201392344,1006.2521716361614,1070.5062978591545,961.8963266525643,1016.2013122558594,49.666856734516934,73.06347544212134,53.63376851127262,15.530022454022742,23.544284824639846,-8.014262370617104,25.872195609465848,32.21770844561067,1.6823951981183214,0.9328716984290484,-79.99998789693963,26618288.0,25147999.3,1.0
2025-12-12,998.8494407222628,1015.4154072779368,989.9676501422244,994.1590576171876,179756,960.0550732421873,806.3522564697265,1010.534707634825,1005.1527976344364,1067.9557239316623,967.1264049745879,1017.5410644531252,48.99576973715842,73.06347544212134,53.63376851127262,12.721104947119102,21.379648849135698,-8.658543902016596,24.654019668233765,31.734140494903645,2.4564604406772137,1.5656551957933156,-85.02732485812315,26438532.0,25388192.05,1.0
2025-12-15,997.1529203648256,1009.8269136656646,997.1529203648256,1007.6314086914062,60966,962.8732873535155,807.8361734008787,1009.9540478461413,1005.3781259123427,1067.7727105621125,968.4271246429659,1018.0999176025392,52.5786535313426,66.34517417213874,53.63376851127262,11.450133710341902,19.39374582137694,-7.943612111035037,23.522856294232547,30.586548748730316,8.918560286603501,4.352471975133012,-70.27321450108036,26499498.0,25621328.1,1.0
2025-12-16,1007.9307523031298,1007.9307523031298,984.079693305378,988.470703125,64813,964.7673986816404,809.4268884277342,1005.6573789019131,1003.8410874771297,1068.3220736476587,966.7800137546853,1017.551043701172,47.471145845629636,66.34517417213874,53.63376851127262,8.795383337650946,17.27407332463174,-8.478689986980793,21.858904018067967,30.105442337946137,7.236165088485179,6.203728605255297,-91.25686931293791,26434685.0,25845398.05,1.0
2025-12-17,989.8678844746868,1007.5315731434706,988.0715234689496,991.6641845703124,67341,967.0646826171873,810.9837918090819,1002.858740035593,1002.7340963037826,1067.8697240225717,967.8610682137567,1017.8653961181642,48.371323328659,66.34517417213874,53.63376851127262,6.869969077332257,15.193252475171844,-8.323283397839587,20.313805475915146,29.345057147701482,7.823921895438582,7.992882423509087,-87.75956008994171,26502026.0,26075577.85,1.0
2025-12-18,1000.8453251913652,1000.8453251913652,953.642182706041,980.087890625,135261,969.2551855468747,812.5111880493163,998.3045701534744,1000.6753503329842,1068.9822886963664,965.2266224364465,1017.1044555664064,45.33823760962307,66.34517417213874,53.63376851127262,4.359698341247736,13.026541648387024,-8.666843307139288,20.322055452109996,30.620634671817392,1.3618220495122957,5.473969677812018,-77.6182521856031,26366765.0,26294743.05,1.0
2025-12-19,981.8843039419678,1015.5152138700172,973.0025130485562,1006.6334838867188,760159,972.0823828124998,814.2731103515623,999.9703529001233,1001.2169988378691,1067.7485222760627,968.9902045305781,1018.3693634033204,52.66755059631996,66.34517417213874,53.63376851127262,4.460876020848559,11.313408522879332,-6.852532502030773,19.59843982697126,31.470067968220505,11.471262880604332,6.885668941851736,-54.92353388540494,27126924.0,26553965.95,1.0
2025-12-22,1005.635480577027,1008.4297318776944,990.8658143505484,1005.8350830078124,97033,974.9245483398435,816.2373757934569,1001.1432989216612,1001.6368246715003,1063.3924508332532,968.8804434538566,1016.1364471435548,52.439802926169456,67.64141719832082,53.63376851127262,4.425619990071937,9.935850816317853,-5.510230826245916,18.926511032199574,30.47677150814376,22.889457371629724,11.907514100582116,-54.87486531478803,27029891.0,26568886.95,1.0
2025-12-23,1013.7188584862564,1013.7188584862564,976.3955186166957,984.279296875,84583,976.6480090332028,818.1533486938474,997.770498512329,1000.0588675990912,1063.0030727180153,964.9836155144067,1013.993344116211,46.582937608390864,67.64141719832082,53.63376851127262,2.6280134369591224,8.474283340446107,-5.846269903486984,18.871142986858672,30.96581210538783,25.12942642960575,19.830048893946604,-69.23849076985427,26945308.0,26596720.8,1.0
2025-12-24,987.9717600867216,988.0715308499584,964.0209295391649,967.9129638671876,47997,978.0601098632808,819.9889831542966,991.7989915833008,997.1365127143727,1063.8230143306084,958.3356343510322,1011.0793243408203,42.68486191481813,67.64141719832082,53.63376851127262,-0.11589305897427948,6.756248060562029,-6.872141119536309,19.260929682816204,30.471868477202527,15.019985598513713,21.012956466583063,-85.6712755650211,26897311.0,26629749.85,1.0
2025-12-26,971.0066062049732,1000.7455424966486,960.8274908541008,993.4605102539062,108886,979.9691918945309,821.8861489868161,992.131295317422,996.8023306725121,1062.6952359543498,956.6092745436972,1009.6522552490235,49.753157000594925,67.64141719832082,53.63376851127262,-0.2263757236969468,5.3597233037102345,-5.586099027407181,18.940476625256988,31.14659584615576,18.554982194867048,19.568131407662168,-59.85911125333037,27006197.0,26671875.05,1.0
2025-12-29,985.9758326369074,985.9758326369074,943.1636997504712,961.9252319335938,321334,981.2086474609371,823.5392715454099,986.0900826406563,993.6316853326105,1063.7601395258012,949.8760054937302,1006.8180725097657,42.745568632944874,64.80296310074282,53.63376851127262,-2.825991173476723,3.722580408272843,-6.548571581749566,19.2724011610271,32.51446832167571,16.517719775899128,16.697562523093296,-78.11403585169371,26684863.0,26701424.65,-1.0
2025-12-30,965.9170863729656,1066.8099383071967,943.0639772687566,1035.4742431640625,1175718,983.6815710449216,825.5678546142575,995.9669147453376,997.4355542263788,1059.7240255260997,951.8862772082755,1005.8051513671876,57.70720717154154,64.80296310074282,53.63376851127262,1.0366356939239267,3.1853914654030597,-2.148755771479133,19.191024643947742,39.031003515730305,49.85105310923245,28.30791835999954,-25.32260033392135,27860581.0,26767626.8,-1.0
2025-12-31,1028.987523201284,1030.3846793339171,990.3668580405376,1012.9205322265624,305535,985.1525512695309,827.610606384277,999.3576382415827,998.8432794991227,1049.844574075838,956.6362608850999,1003.2404174804689,53.12286139562204,64.80296310074282,53.158325382525966,2.25194036489097,2.998701245300642,-0.7467608804096719,19.115460735231192,39.46503077342992,56.6970917309592,41.02195487203026,-43.54841614902831,27555046.0,26805933.4,-1.0
2026-01-01,1005.9348698089984,1016.8125629041124,990.4666252831656,995.55615234375,62796,986.5696423339841,829.5809722900389,998.5973410620162,998.5444497577251,1044.084661410781,957.8355290189065,1000.9600952148438,49.84000887154776,64.80296310074282,53.158325382525966,1.793246308872881,2.75761025801509,-0.9643639491422089,19.045294248565824,38.5279526911097,72.3710604366952,59.639735092295616,-57.58069626313915,27492250.0,26844781.2,-1.0
2026-01-02,996.9533320668174,1002.8412690026285,986.5746143559306,990.0674438476562,54590,987.6314611816404,831.5694427490232,996.8913616191443,997.7738128568097,1034.6664483447678,961.2859869579664,997.9762176513672,48.813169545560704,64.80296310074282,53.158325382525966,0.9755890765906088,2.401206021730194,-1.425616945139585,18.812249684996004,36.937859973651705,52.635931480493085,60.568027882715825,-62.01616102500622,27437660.0,26877656.2,-1.0
2026-01-05,990.0674236983074,993.7598555535792,966.016822623079,970.1083984375,84077,988.3689465332028,833.5088931274411,991.5347689828154,995.258775182327,1031.6222847944973,958.8414175980811,995.2318511962892,45.16884030340432,64.05731973101885,53.158325382525966,-1.2683179509546108,1.667301227193233,-2.935619178147844,17.755001306646246,36.2810866134266,34.98662094500306,53.331204287397114,-78.14520898961513,27353583.0,26911205.35,-1.0
2026-01-06,977.9922209922156,979.2895454298772,963.8213011182656,967.5137329101562,48670,988.8639294433592,835.4624996948239,986.7305617682837,992.7364986121296,1027.6242176887545,956.9715220573393,992.2978698730469,44.701611001388066,64.05731973101885,53.158325382525966,-3.2188928670136647,0.6900624083518534,-3.908955275365518,16.687398957803207,34.79445502043981,23.58494390468441,37.069165443393516,-80.24197684011308,27304913.0,26936132.7,-1.0
2026-01-07,972.004528363964,1017.9102863770466,961.0270644912704,1005.635498046875,268710,989.9467065429685,837.6067150878903,990.511549024002,993.9091349243791,1027.9045523219365,956.920716232751,992.4126342773438,52.479295231312754,64.05731973101885,53.158325382525966,-1.6693860482674836,0.21817271702798602,-1.8875587652954695,16.94308546270854,36.37222408224956,31.719771552209984,30.097112133965815,-49.435504599070235,27573623.0,26983869.1,-1.0
2026-01-08,997.951279674836,1000.6457603119806,965.7174655233612,974.1002197265624,88277,990.8039453125,839.4349557495113,987.2292831645141,992.1083244518503,1027.9351323995418,955.0838434305365,991.5094879150391,46.63588471151412,64.05731973101885,53.158325382525966,-2.951995374821422,-0.41586090134189563,-2.5361344734795264,17.180508645834923,36.625496113768435,34.975020944673545,30.09324546718931,-74.91938953210379,27485346.0,27030664.5,-1.0
2026-01-09,974.10020162874,977.8924651491376,938.0741854658512,947.155517578125,55729,990.8957556152342,841.0769515991208,979.2145300472364,988.021705645148,1030.3733344193065,947.6858208541312,989.0295776367188,42.30178860931954,64.05731973101885,53.158325382525966,-6.072682678124238,-1.5472252566983642,-4.525457421425874,16.28623829884869,36.853552083019714,30.500022640248073,32.398271712377195,-92.94575756008848,27429617.0,27071230.95,-1.0
2026-01-12,941.966232787903,941.966232787903,909.1336114780536,919.5123291015624,139861,990.5305053710937,842.5493704223628,967.2740898581017,981.793580504822,1036.89678046508,933.6977019567953,985.2972412109376,38.36277268609469,55.37872198765041,53.158325382525966,-10.653615883365092,-3.36850338203171,-7.285112501333382,15.744164976364122,36.937005941380555,8.76699061559129,24.7473447335043,-93.41770712685671,27289756.0,27113792.15,-1.0
2026-01-13,928.0946530503514,962.0249952048804,916.1192381722824,957.135009765625,83575,991.2530200195314,844.1760528564448,965.2462738396064,979.5518922558041,1034.711122120053,930.833720409244,982.7724212646485,45.76488778259161,55.37872198765041,53.158325382525966,-11.120017904202768,-4.918806286465921,-6.201211617736847,14.673670009360185,37.57763101932466,12.754943550759018,17.340652268866123,-69.55700373488192,27373331.0,27157483.8,-1.0
2026-01-14,956.0373426107626,956.0373426107626,929.0926575893736,949.5506591796876,82754,991.6871289062501,845.7926898193355,962.1071509076228,976.8245074307025,1034.7449006951022,926.9079374396639,980.826419067383,44.60204537473534,55.37872198765041,53.158325382525966,-11.963728162094071,-6.327790661591552,-5.63593750050252,13.679638968570815,36.89653967339086,23.506136946693413,15.00935703768124,-74.36707937429972,27290577.0,27200278.4,-1.0
2026-01-15,949.5506591796876,949.5506591796876,949.5506591796876,949.5506591796876,0,991.5823449707033,847.4897204589839,959.5958525620358,974.3450666806102,1034.1259509595566,923.3155346361468,978.7207427978517,44.60204537473534,55.37872198765041,53.158325382525966,-12.488415934947966,-7.559915716262836,-4.92850021868513,12.756610144980685,34.261072553862945,34.25733034262781,23.506136946693413,-74.36707937429972,27290577.0,27239705.95,-1.0
2026-01-16,949.5506605655994,955.338765915138,932.6852592561428,945.3592529296876,51977,992.1072680664064,849.2190576171871,956.7485326355662,971.7099927032536,1034.351213499274,919.6174083268983,976.9843109130861,43.88732154883632,55.37872198765041,53.158325382525966,-13.091535162284117,-8.666239605467092,-4.425295556817025,12.393689955865959,33.43196070422953,31.022004896838197,29.595157395386472,-77.02531370426465,27238600.0,27283297.7,-1.0
2026-01-19,938.0741866406069,943.0639429525248,911.2292733184428,928.6934204101562,80001,992.0234399414063,850.8655636596675,951.1375101904842,967.7993952220629,1032.5255041353407,913.649111343175,973.0873077392579,41.06924890003957,55.04255398847543,53.158325382525966,-14.744341308766252,-9.881859946126925,-4.862481362639327,12.735088157628459,33.48181919758777,26.3829613377764,30.554098859080803,-83.86834089135259,27158599.0,27284881.45,-1.0
2026-01-20,933.0844200615338,935.978503054646,892.2681895151188,903.74462890625,77064,991.2150988769531,852.3771209716791,941.6589339336375,961.9762346478981,1032.8650889035819,903.1004811647779,967.9827850341799,37.216619661157274,55.04255398847543,53.158325382525966,-17.86146520379998,-11.477780997661537,-6.383684206138444,13.579662340431693,34.21242593629773,15.631767941842007,24.345578058818866,-90.86576897570961,27081535.0,27287463.65,-1.0
2026-01-21,903.7446237200433,943.0639271637174,877.6981205719466,937.5751953125,120259,990.6492602539064,853.9876422119136,940.8421862094101,959.7579583446801,1031.4161054591168,899.8790544529929,965.6475799560549,44.78100114945059,55.04255398847543,53.158325382525966,-17.401372186546723,-12.662499235438574,-4.738872951108149,14.734225366375949,36.437667411688665,22.632585487278586,21.549104922298998,-57.29537847394447,27201794.0,27300287.95,-1.0
2026-01-22,937.9744452681516,964.5199253152664,929.3920275966713,959.33056640625,55865,990.484598388672,855.6910107421869,944.5398622487781,959.7191045320956,1031.0367263304443,899.4001938355715,965.2184600830079,49.0336016192434,55.04255398847543,53.158325382525966,-15.107123015276443,-13.15142399140615,-1.9556990238702934,14.89557352056021,36.344112433610555,42.3284531760552,26.864268868391928,-41.77934178138618,27257659.0,27318305.35,-1.0
2026-01-23,959.330528245466,962.3243820073328,929.2922198654476,940.96826171875,52985,989.9207556152345,857.3391555786127,943.8255421427726,958.014482458155,1027.854292242658,897.3334030698422,962.5938476562501,45.825703462601865,55.04255398847543,53.158325382525966,-14.602272636614316,-13.441593720447784,-1.1606789161665318,15.048314315151169,36.10754455563018,61.13049471386335,42.030511125732374,-54.87542697632159,27204674.0,27328229.2,-1.0
2026-01-27,939.0721164289112,997.1528907535076,909.6325548617988,989.8678588867188,168336,990.3708325195314,859.1952105712884,953.0340054915619,960.9102439516608,1030.377854454971,897.6041035528415,963.9909790039062,54.38432228876838,54.17678191470273,53.158325382525966,-10.139504359173657,-12.781175848192959,2.641671489019302,14.06132185131485,39.779886793921506,77.9433923967907,60.46744676223641,-19.99999595563474,27373010.0,27362636.55,-1.0
2026-01-28,990.9656404712848,991.065411237196,962.1248235497166,968.3121337890624,63203,989.8079882812501,860.9541897583001,956.089631151062,961.5831430277882,1017.9731500561404,903.2925970141721,960.6328735351562,50.59013893393925,54.17678191470273,53.158325382525966,-8.247028601343231,-11.874346398823015,3.6273177974797832,13.144828849181126,39.005651143461364,78.10180645660228,72.3918978557521,-26.2986964136,27309807.0,27335097.85,-1.0
2026-01-29,966.0168389258854,968.7113195635897,945.8582108902442,959.8295288085938,54586,989.015615234375,862.6682669067376,956.8376106825684,961.423723553316,1009.7740214354976,906.182625293018,957.9783233642578,49.13733345660192,54.17678191470273,53.158325382525966,-7.347011483520987,-10.96887941576261,3.6218679322416225,12.681617239369881,37.85189810988165,82.44538522303596,79.49686135880964,-31.24476476593233,27255221.0,27320106.6,-1.0
2026-01-30,962.8233620288632,1020.904137456194,944.560866180144,999.74755859375,299450,989.3030236816405,864.3678833007806,965.4196002648048,964.9077085569918,1010.6533620100298,905.7224253434857,958.1878936767578,55.59918630207754,54.17678191470273,53.158325382525966,-3.37379898403492,-9.449863329417072,6.076064345382152,12.916596709345072,40.60128190746511,82.44538522303596,80.99752563422473,-14.773526505904243,27554671.0,27323227.65,-1.0
2026-02-02,992.5622827672944,1012.92051250584,960.3284697730222,990.167236328125,95507,989.2002343749999,865.9728054809565,970.3691274774689,967.2040292634584,1010.6711347051352,905.7146318964272,958.1928833007812,53.831559397585075,62.64672009499518,52.00854001601506,-0.9866775884300978,-7.757226181219677,6.770548592789579,13.13479193146489,41.457764823561725,86.60702744609027,83.83259929738739,-21.463414594453432,27459164.0,27324302.85,-1.0
2026-02-03,1001.9430574199552,1013.619099255178,983.5807300115612,990.7659912109376,97908,989.3888476562499,867.604117736816,974.4485002241627,969.3460258041384,1013.4747671712493,904.9767587076568,959.225762939453,53.93014027757213,62.64672009499518,52.00854001601506,0.9425823285607748,-6.017264479263587,6.959846807824362,13.35710588969682,40.642093710708515,93.76823886796502,87.60688384569708,-21.04530724405028,27557072.0,27334477.3,-1.0
2026-02-04,990.7659775559868,991.9635312243964,957.0352378714248,961.326416015625,77314,987.6055078124999,869.0907211303705,971.8240833824552,968.616970368819,1013.0368122296055,904.7959819598474,958.9163970947264,48.45207707821665,62.64672009499518,52.00854001601506,0.0949129336590886,-4.794828996679052,4.889741930338141,12.580157050558164,40.233965113727315,80.80829813812309,87.06118815072612,-41.6028060390265,27479758.0,27343219.55,-1.0
2026-02-05,965.9170877623674,978.3914790140246,960.0291507275398,966.9150390625,51090,986.4009814453125,870.5838623046869,970.8422745184641,968.4622493409718,1006.6512530874709,907.3094952035447,956.9803741455078,49.500746036068584,62.64672009499518,52.00854001601506,-0.12448105500209294,-3.8607594083436605,3.7362783533415675,11.858704557072269,38.67170534035286,72.95518120381362,82.51057273663392,-37.70030028649779,27530848.0,27341080.8,-1.0
2026-02-06,959.9293216638354,980.287490404094,934.9805406756924,974.2000122070312,75413,985.361114501953,871.8941510009761,971.5138220561776,968.9838641469771,1006.6635032908914,907.307224248171,956.9853637695312,50.90288493179201,62.64672009499518,52.00854001601506,0.2861851141859688,-3.031370503837735,3.317555618023704,11.674396466774308,39.145651368070624,67.46582199206037,73.74310044466569,-32.61324228221041,27606261.0,27347126.55,-1.0
2026-02-09,968.0127447039442,979.7885576636812,961.2266881602072,977.1939086914062,87514,984.4649548339843,873.2676950073237,972.6498393832234,969.7302318328343,1008.7272391364852,908.2473275139055,958.4872833251953,51.49889177380014,57.65826869329521,52.00854001601506,0.8435000931959848,-2.256396384430991,3.099896477626976,11.503253240069057,37.67538123488515,72.99064841247468,71.13721720278289,-30.52262028914502,27693775.0,27360334.45,-1.0
2026-02-10,982.0837943919424,982.3832284930888,966.3161769262206,975.8965454101562,36278,983.6107080078124,874.6534197998042,973.29918058861,970.2908057944089,1008.578003011232,914.034985270018,961.306494140625,51.208790726299995,57.65826869329521,52.00854001601506,1.1670369791787607,-1.5717097117090408,2.7387466908878015,11.238206069319558,36.13192911574109,70.52119953603322,70.32588998018943,-31.428562168876695,27657497.0,27378721.5,-1.0
2026-02-11,978.9901736885136,987.9717349150136,968.0127099672357,977.593017578125,42869,982.0479150390623,876.0331906127925,974.1579479865131,970.9546432292922,1010.1035384441503,914.5552506183495,962.3293945312499,51.59279077489091,57.65826869329521,52.00854001601506,1.542551840807505,-0.9488574012057317,2.4914092420132365,10.756694479188003,34.97672167517229,65.37289172992665,69.62824655947819,-38.92379246185953,27700366.0,27395073.25,-1.0
2026-02-12,973.1022433469724,977.5930239896752,963.2225624790924,970.9067993164062,19427,980.1817468261717,877.2645401000973,973.5077182524918,970.9502937826661,1010.9227591742531,915.8716439019186,963.3972015380858,49.92505686572908,57.65826869329521,52.00854001601506,1.2858061663247327,-0.5019246876996388,1.7877308540243715,10.496808052758956,33.504845949130186,53.45588244280549,63.11665790292179,-44.932710557408875,27680939.0,27414591.35,-1.0
2026-02-13,960.0291192679604,962.523997436536,948.0537040587966,956.1370849609376,28494,978.4812365722654,878.3433898925778,970.033591594181,969.6036384352362,1010.9383344473426,916.5147112069542,963.7265228271484,46.36006910295175,57.65826869329521,52.00854001601506,-0.10821174564455305,-0.4231820992886217,0.31497035364406867,10.823320028043321,32.74400661402158,33.65037444504131,50.82638287259114,-58.20628320830472,27652445.0,27432684.75,-1.0
2026-02-16,951.0475688097468,953.9416518826564,930.988772467521,935.4795532226562,33392,976.1959277343748,879.3674865722651,963.122783919876,966.5014488704562,1011.4495718666358,915.015503816958,963.2325378417969,41.85802987650127,54.3622586980595,52.00854001601506,-2.847052108837829,-0.9079561011984633,-1.9390960076393657,11.696478237946806,32.20145703397837,13.981209736784539,33.695822208210444,-95.00554687655335,27619053.0,27451707.4,-1.0
2026-02-17,935.4795559163545,959.9293623202713,925.2006089858016,954.2410278320312,51116,974.780833740234,880.520982971191,961.3464327023071,965.3868651396903,1010.1595077430085,918.8603286827728,964.5099182128906,46.90140693515804,54.3622586980595,52.00854001601506,-3.4637803207474462,-1.41912094510826,-2.044659375639186,12.205937954019388,32.38197819829918,12.234237309822504,19.955273830549448,-69.65585354022366,27670169.0,27477285.9,-1.0
2026-02-18,954.2409901338024,956.9354706702164,942.0659727948972,948.7522583007812,15745,973.2320117187498,881.5975048828119,958.827597822002,963.8746281543348,1003.3319395188396,930.1886598463948,966.7602996826172,45.65373412967651,54.3622586980595,52.00854001601506,-4.345349220654043,-2.0043666002174167,-2.3409826204366264,12.6790076903725,31.131086746657754,21.441866652455154,15.88577123302073,-75.39103344317577,27654424.0,27505930.35,-1.0
2026-02-19,948.7523030102972,954.9396131865718,928.0946991377886,931.8869018554688,22652,971.8029455566403,882.6412219238276,953.4394586286953,960.966653036256,1004.0771691879128,928.8746008316181,966.4758850097654,41.96007896723146,54.3622586980595,52.00854001601506,-6.331902015698006,-2.8698736833135348,-3.462028332384471,13.61053450177938,30.824931553952435,21.72364309788687,18.466582353388176,-92.43790201653907,27631772.0,27527429.25,-1.0
2026-02-20,933.08445955121,952.0455341303256,926.4980053772468,946.45703125,29024,970.8888232421872,883.6306036376949,952.0429731529563,959.6475965102327,1004.3774141080049,927.2870023959011,965.832208251953,46.02302585407131,54.3622586980595,52.00854001601506,-6.653870071331653,-3.6266729609171584,-3.0271971104144946,14.530390266274292,30.447974211032886,20.98973130198771,21.385080350776576,-75.95930195207087,27660796.0,27547586.1,-1.0
2026-02-23,946.4569996902994,958.0332099464412,928.7932501998896,949.9498291015624,59073,969.9527453613279,884.7795690917965,951.6243443426775,958.7659812912627,1003.8024580522623,928.7601151899252,966.2812866210937,46.981188088994934,52.626049665227576,52.00854001601506,-6.551668917970346,-4.211672152327797,-2.3399967656425495,15.02234749259127,30.361687463569933,29.324591415331856,24.012655271735476,-62.92969318012636,27719869.0,27573345.85,-1.0
2026-02-24,938.9723486594756,939.0721194197058,921.5082019115002,931.687255859375,38140,968.7033093261716,885.8909832763668,947.6369266460172,956.3042789792729,1002.1927702983548,924.5517426410981,963.3722564697265,42.71192550116552,52.626049665227576,52.00854001601506,-7.853777345135541,-4.940093190889345,-2.9136841542461953,15.759282836200471,30.224540301176518,31.96668621706315,27.42700297812757,-84.68475344616921,27681729.0,27588781.8,-1.0
2026-02-25,933.9826019269868,937.6749728345249,922.8055357127976,929.4918212890624,46229,967.1405175781248,886.843824768066,944.0079055746262,953.8667828256174,1002.9967479594262,919.8657337300268,961.4312408447265,42.215285366633644,52.626049665227576,52.00854001601506,-8.959580410829744,-5.7439906348774254,-3.215589775952319,16.44357994098044,29.127747216930146,21.68965899079634,27.660312207730442,-87.98797021948845,27635500.0,27605066.45,-1.0
2026-02-26,931.0885427167108,941.068055500384,924.9012326088108,936.8766479492188,48599,966.108636474609,887.7989935302732,942.5816540495448,952.3222251095812,1003.278222847629,917.2889707558866,960.2835968017578,44.55085080516818,52.626049665227576,52.00854001601506,-9.134743872192189,-6.4221412823403785,-2.7126025898518105,16.84399026607895,28.201966907976082,13.367806647445386,22.341383951768293,-76.8768746661329,27684099.0,27626510.35,-1.0
2026-02-27,933.0844532881156,937.0762584358724,878.7958789145802,898.854736328125,247826,964.2524475097654,888.4567785644529,933.8362705052609,947.461544311267,1002.2276159474854,908.2502954294675,955.2389556884765,36.39454213899702,52.626049665227576,52.00854001601506,-12.200967523977056,-7.577906530667715,-4.623060993309341,18.760996821504,30.35042495178438,10.443935400282374,15.167133679508032,-81.62702070917108,27436273.0,27620590.45,-1.0
2026-03-02,863.227846321528,885.6817498385619,838.5285524527906,849.1068115234375,152110,961.6328259277342,888.9245635986325,916.8903787088964,938.5202049669188,1012.318744805913,884.0531240905714,948.1859344482422,28.93124847828057,45.01272079722324,44.13469677070742,-18.4327325629406,-9.748871737122293,-8.683860825818307,21.373746036177245,32.49155058918081,9.220637112625843,11.0107930534512,-92.92155125689928,27284163.0,27611840.4,-1.0
2026-03-04,838.2790555402175,866.9202687865305,813.3302741253301,858.4376831054688,188788,958.6689099121091,889.4793243408201,905.1998395882109,931.2399757067869,1013.9762369773533,869.1628011085842,941.5695190429688,31.7579394293901,45.01272079722324,44.13469677070742,-22.36076689674769,-12.271250769047374,-10.089516127700318,24.19038856391851,33.998582308610786,4.488134309160587,8.050902274022935,-72.53947774684755,27472951.0,27607634.35,-1.0
2026-03-05,857.2401365688322,858.2380878337552,824.357630207598,841.82177734375,105634,955.388643798828,889.9826153564451,892.5242271393188,923.1110485828744,1019.8847496684915,851.3038245502586,935.594287109375,29.507253376140657,45.01272079722324,44.13469677070742,-26.508948479477567,-15.118790311133413,-11.390158168344154,26.805842339678257,34.00440163641507,5.551858824372029,6.420210082052819,-80.90301482791675,27367317.0,27602012.3,-1.0
2026-03-06,829.2974749846795,842.2209556396876,823.3097675840681,827.15185546875,45217,952.246094970703,890.4593490600583,879.449752805205,914.3874855724995,1024.358301438454,832.8539544209212,928.6061279296875,27.644482126856897,45.01272079722324,44.13469677070742,-30.627102194100758,-18.220452687726883,-12.406649506373874,29.25090941614667,32.92631495207253,5.551858824372029,5.197283985968214,-90.57185040261604,27322100.0,27591574.9,-1.0
2026-03-09,798.3610413852242,843.1690791970153,783.4915426253789,833.9879150390625,118642,949.5675939941405,891.0001309204098,870.3573852519766,907.0784337058234,1023.6183340323258,819.5727121102526,921.5955230712892,29.866358299047874,36.45713496606182,44.13469677070742,-32.95922240713844,-21.168206631609195,-11.791015775529246,32.0603339696128,34.8371164963271,4.893877345690929,5.332531664811661,-71.38007457754512,27440742.0,27583298.95,-1.0
2026-03-10,837.1813593516389,888.1766457729866,825.1061122282082,877.4486694335938,184828,947.2473571777344,891.8480679321286,871.7756420883001,904.3848187719843,1016.9250381674248,816.2914840493721,916.6082611083984,42.05001442375926,36.45713496606182,44.13469677070742,-30.943823677537125,-23.123330040794784,-7.820493636742341,32.37183327427882,36.853789142645056,28.66294549107864,13.036227220380532,-46.169228098764194,27625570.0,27579888.7,-1.0
2026-03-11,878.1971066702239,885.6817411020724,856.2421790034683,862.7787475585938,26535,945.2644274902344,892.6149395751952,869.9762631823588,900.602448661676,1009.9410988268046,811.9636436048363,910.9523712158204,39.55232473406706,36.45713496606182,44.13469677070742,-30.182421589644036,-24.535148350564633,-5.647273239079404,32.66108262861155,36.324201496642125,49.190127715610814,27.58231685079346,-54.57405320451689,27599035.0,27576965.6,-1.0
2026-03-12,862.6789595266184,866.1717888582236,835.7342761113786,854.4458618164062,30626,941.6438598632812,893.2602508544919,866.8701829091683,896.406395312106,1001.6268238599508,807.9632029955184,904.7950134277346,38.16558005344767,36.45713496606182,44.13469677070742,-29.906653898054515,-25.60944946006261,-4.297204437991905,33.345579226698796,35.90372372879948,63.49663502292222,47.11656940987055,-59.34820591549077,27568409.0,27570367.75,-1.0
2026-03-13,850.254488657756,850.254488657756,823.3098041580384,828.299560546875,33608,937.9514404296875,893.7041442871092,859.1560584367097,890.2148648789032,994.9994968001938,800.3298061783223,897.6646514892581,34.12289523065081,36.45713496606182,44.13469677070742,-31.435524851808054,-26.7746645384117,-4.6608603133963555,34.21378846701118,35.56317615234007,49.83157195818232,54.17277823223844,-74.32818271463306,27534801.0,27563060.85,-1.0
2026-03-16,823.3097797624521,843.1690339656147,812.3822014126738,837.9796752929688,44055,934.7999108886719,894.3009747314451,854.9207818079616,885.4662112801818,988.4897882339183,795.0237737778007,891.7567810058595,36.79235012832004,36.66464498914356,44.13469677070742,-31.5029157349544,-27.72031477772024,-3.782600957234159,35.21733923395985,35.22200875238299,47.34072498601512,53.556310655706554,-65.42115847505039,27578856.0,27559381.4,-1.0
2026-03-17,838.2790920550236,854.9947763311209,830.6447402454771,838.1793212890625,64823,931.7621484375001,894.68176574707,851.5724897041819,881.167403099171,984.151650669039,789.6318881493204,886.8917694091797,36.84918721522822,36.66464498914356,44.13469677070742,-31.180781096877013,-28.412408041551597,-2.7683730553254158,35.5583939537223,34.44543927618734,47.35246257832496,48.17491984084079,-65.29446066174611,27643679.0,27560612.7,-1.0
2026-03-18,839.277005619838,953.0434487121822,839.277005619838,862.6290893554688,11209621,929.6125622558594,895.2701770019529,853.7838096344393,879.4821018497435,974.7240549974757,789.8982899732274,882.3111724853516,43.54445007168077,36.66464498914356,44.13469677070742,-28.62265102360584,-28.454456637962448,-0.1681943856433925,33.48675277497813,40.189631286682506,67.53380276668555,54.07566344367521,-53.32547503796577,38853300.0,28119769.25,-1.0
2026-03-19,857.7391018082916,872.5586535487885,830.7944179818531,839.6762084960938,566173,927.0558117675781,895.7303836059568,850.9622894067702,875.8633842721389,965.5604371650513,788.1543028251829,876.8573699951171,39.328958061505375,36.66464498914356,44.13469677070742,-28.12323304588074,-28.38821191954611,0.26497887366537043,31.334388095664455,40.30210302098628,73.99327357547322,62.95984630682791,-66.8628521097541,38287127.0,28651404.4,-1.0
2026-03-20,841.2729131862369,846.9612475570628,803.4006506419161,808.7896118164062,349611,923.1188940429687,896.1342221069334,842.5277538886975,869.765768594345,960.4054483321625,780.9995626541656,870.702505493164,34.49025077674112,36.66464498914356,44.13469677070742,-29.875346524437305,-28.68563884052435,-1.1897076839129532,29.555151575231637,40.53485258485489,70.19662102632806,70.57456578949561,-85.07945456061353,37937516.0,29166691.6,-1.0
2026-03-23,805.4464586072334,825.2558281814014,780.4976764559733,800.2072143554688,1034045,919.641033935547,896.4966421508786,834.0636459820518,863.442263663538,950.9088219315765,775.8712073652985,863.3900146484375,33.2655367425777,34.59634731822226,44.13469677070742,-31.59226091022515,-29.266963254464514,-2.325297655760636,28.42769899004044,40.836516809181546,50.631756583961746,64.94055039525435,-88.57721192366903,36903471.0,29628825.35,-1.0
2026-03-24,806.2448843255236,821.2640392958963,773.5120327669628,811.3344116210938,207653,916.9246118164064,896.9025021362303,829.5177991098602,858.7051862051339,936.7734889085544,776.1449986402737,856.4592437744141,36.417891705744026,34.59634731822226,44.13469677070742,-31.689756320519336,-29.751521867675482,-1.9382344528438544,27.535605096551738,41.330480360592404,44.528879802777155,55.11908580435565,-78.9327240277146,37111124.0,30098388.1,-1.0
2026-03-25,815.8251440699577,844.7657302204516,809.6378341592093,835.0357055664062,137758,915.2350793457032,897.3818182373044,830.6213804011695,856.5534152379768,924.1335565934808,779.1197759260504,851.6266662597656,42.633895289427464,34.59634731822226,44.13469677070742,-29.514303278012562,-29.7040781497429,0.18977487173033936,26.015973031547734,40.887438624924535,61.60154422773374,52.254060204824206,-65.73097110857955,37248882.0,30576745.75,-1.0
2026-03-27,833.2893165840092,834.7363581181835,803.8996392841435,815.4259643554688,114749,912.4008984375001,897.7847399902342,827.5822971920295,852.8145560668397,910.1087806865521,781.7379661396196,845.9233734130859,39.21769818018317,34.59634731822226,44.13469677070742,-29.03785300480672,-29.57083312075567,0.5329801159489485,24.748688803247596,40.190912029020126,72.60643363335427,59.578952554621715,-76.65370633444165,37134133.0,31051677.4,-1.0
2026-03-30,804.348753658102,816.7233742322722,774.4102144400586,782.7930297851562,163988,909.0657458496095,898.020514526367,818.624443710655,846.4489627685049,892.6922567824593,783.7461282273064,838.2191925048828,34.293171356023706,35.920513779008544,44.13469677070742,-30.93684710970126,-29.84403591854479,-1.0928111911564713,24.2679686457098,40.34250115496253,57.5460051750325,63.9179943453735,-94.83043289703379,36970145.0,31515979.7,-1.0
2026-04-01,812.3323380900989,826.7028608183912,798.4607909994542,821.0145263671875,90611,906.4950231933594,898.3351443481444,819.1024602419616,844.1367412774761,881.1440062967805,787.5103577168915,834.327182006836,43.277292533771075,35.920513779008544,37.164382115794965,-29.023098067280557,-29.679848348291944,0.6567502810113872,23.50737274942151,40.59731043198199,58.58856774359042,62.91366885065905,-73.54084612426874,37060756.0,31997203.85,-1.0
2026-04-02,813.2804085747674,822.3118554851485,789.1299753942733,819.916748046875,72258,903.9861730957032,898.7065093994139,819.2653178029443,841.9349237110578,879.5643294326228,786.1710282333929,832.8676788330079,43.09503563175959,35.920513779008544,37.164382115794965,-27.280546540311548,-29.199987986695866,1.9194414463843188,23.024299553229724,40.06763683618865,67.67540700609017,61.26999330823769,-74.15231477143158,36988498.0,32482420.6,-1.0
2026-04-06,813.330274094897,823.3097866604786,797.462824751578,814.2284545898438,286793,901.6968737792969,899.0902517700193,818.2579451603243,839.4161537909474,876.4338245322017,784.8806102822516,830.6572174072267,42.10553713280233,36.85221374948071,37.164382115794965,-26.058177197631153,-28.571625828882926,2.513448631251773,22.541132541453845,39.051874341382366,93.01001040448375,73.09132838472144,-77.3207259528857,36701705.0,32943858.3,-1.0
2026-04-07,814.328259397739,817.3221132925836,800.0575680143355,803.75,50906,899.6969812011719,899.3977078247069,815.3563561282594,836.1737761735886,875.7261676574985,781.7810894225797,828.7536285400391,40.2711869336579,36.85221374948071,37.164382115794965,-25.639409250303515,-27.985182513167047,2.3457732628635313,22.092477459090528,37.49563655115849,83.26155579692688,81.3156577358336,-83.15728360196091,36650799.0,33408032.4,-1.0
2026-04-08,836.2831354151297,859.036411404307,826.0541352504458,852.8990478515625,124887,898.0034582519531,899.9275131225585,822.8648944729201,837.6942554170407,878.2243703106806,781.8576060076789,830.0409881591797,51.04445539023173,36.85221374948071,37.164382115794965,-21.098405938736278,-26.607827198280894,5.509421259544617,20.743663450227057,38.76640618352625,84.71895512028641,86.99684044056568,-55.78098982474291,36775686.0,33880711.7,-1.0
2026-04-09,858.2879861029518,867.9182403181101,843.119114466326,856.9906616210938,76567,895.95666015625,900.3729913330077,829.6900479025549,839.4484741628637,880.8468504442561,781.5354005323067,831.1911254882814,51.823501274684304,36.85221374948071,37.164382115794965,-16.97380559690498,-24.681022878005713,7.707217281100732,19.74685107630324,37.768743302687525,89.38518423357989,85.7885650502644,-53.50193813454751,36852253.0,34351287.25,-1.0
2026-04-10,867.1697515141487,878.097329891794,862.2797660214694,868.06787109375,50111,894.4986523437501,901.0373800659179,837.365612540794,842.050237520217,878.6864723049887,782.7576988375895,830.7220855712891,53.95959689261014,36.85221374948071,37.164382115794965,-12.66519539284343,-22.27785738097326,9.61266198812983,19.111845190607266,36.578595086117005,99.99999999999999,91.36804645128876,-9.589740693735338,36902364.0,34815126.95,-1.0
2026-04-13,857.2401392102818,857.2401392102818,822.9105912271059,826.3036499023438,339489,891.2273681640626,901.6295919799804,835.153220013104,840.6187295549557,874.4433061085119,783.3533552684412,828.8983306884766,45.727321018222234,45.93004376376276,37.164382115794965,-12.476789710994694,-20.317643846977546,7.840854135982852,18.189332435121212,37.191358284726086,86.73971208049764,92.0416321046925,-49.52290753415384,36562875.0,35263318.95,-1.0
2026-04-15,832.2913679908013,858.0883842293489,829.9960922275253,848.4581909179688,447494,888.8302893066406,902.3883294677734,837.8142141940771,841.3314078606841,873.5111583745669,783.6867359125423,828.5989471435546,50.078269157317294,45.93004376376276,37.164382115794965,-10.419678970852488,-18.338050871752536,7.918371900900048,17.305733893273732,36.80517085917459,80.48779291922925,89.07583499990895,-28.33968042223798,37010369.0,35735416.95,-1.0
2026-04-16,848.4581866772131,858.2380969958409,846.2626816889223,848.1588134765625,94254,886.596875,903.1863891601561,839.8831340505742,841.9520810984911,875.3464865554527,783.8373330246252,829.5919097900389,50.01991301454337,45.93004376376276,37.164382115794965,-8.713121702866374,-16.413065037975304,7.69994333510893,16.480143118671393,35.03161689115631,73.81028074543576,80.34592858172088,-28.625932361694552,36916115.0,36204482.65,-1.0
2026-04-17,853.2483598482241,857.0405625988602,832.1416655300385,849.5060424804688,267906,883.5920446777344,903.955592651367,841.8077157365532,842.6388048604891,876.6522069736292,783.6842493251985,830.1682281494138,50.30058275912673,45.93004376376276,37.164382115794965,-7.169309316493013,-14.564313893678847,7.3950045771858335,16.145850496414646,34.307851189560985,80.86877375534061,78.38894914000187,-27.57458078254087,37184021.0,36684740.9,-1.0
2026-04-20,849.5060164697258,853.9469117921772,836.333047556543,841.9714965820312,77185,880.6281298828126,904.5870672607421,841.8404719056489,842.5781404715384,877.0100368792146,783.7056369489101,830.3578369140623,48.65497550828241,43.34334777616485,37.164382115794965,-6.479114563323833,-12.947274027607845,6.468159464284012,15.83543591860481,33.11542354999479,78.12969897711673,77.60291782596437,-34.84119811065499,37106836.0,37157898.75,-1.0
2026-04-21,842.0214047620715,860.0842988290703,841.0733388502426,852.150634765625,123619,877.8558227539064,905.196510620117,843.9025044776442,843.4483672255462,875.177129939122,784.4906984300186,829.8339141845703,50.98787136036903,43.34334777616485,37.164382115794965,-5.052516601741445,-11.368322542434566,6.315805940693121,15.296805826543265,32.10796186634,79.77032645841291,79.58959973029008,-25.024030240523665,37230455.0,37076756.5,-1.0
2026-04-22,857.0904055873871,863.1779447505619,852.1505956343791,859.3857421875,63969,875.8170092773439,905.7144458007812,846.9991520196154,844.8972194948147,877.8872048046275,783.7515769336538,830.8193908691406,52.635167381479555,43.34334777616485,37.164382115794965,-3.3000735428964845,-9.75467274252695,6.454599199630465,14.667193830188253,30.60220381275734,82.74693666771242,80.21565403441402,-21.031970445760983,37294424.0,37027121.35,-1.0
2026-04-23,858.2381153675599,868.0180258955396,849.306439077933,852.30029296875,56802,873.5247143554689,905.9622445678709,848.0593802094423,845.5702261742633,879.7968812226791,786.1929686308367,832.9949249267579,50.83329737552706,43.34334777616485,37.164382115794965,-2.4546901889677883,-8.294676231815117,5.839986042847329,13.873970117359319,29.752874027389435,84.12492192210053,82.21406168274194,-28.996070602237435,37237622.0,36992126.65,-1.0
2026-04-24,852.4499900855466,867.5689153344201,829.2975083561562,832.3412475585938,51174,870.6875390625002,905.9895333862303,844.9157536792727,844.367591754657,878.7980144184656,790.4052387553628,834.6016265869142,46.050930222281565,43.34334777616485,37.164382115794965,-3.3565536886774225,-7.307051723187579,3.950498034510156,13.886918180743072,30.361340666737615,69.90301591978259,78.92495816986518,-56.74504017062494,37186448.0,37006275.5,-1.0
2026-04-27,834.2373517224582,856.2421643946341,834.2373517224582,853.1984252929688,88714,868.2076293945313,906.0984585571287,846.572288002012,845.1703948035945,880.2116024031952,793.1780521378207,836.694827270508,51.21596027556474,41.04151154561083,37.164382115794965,-2.3610701305661905,-6.317855404663301,3.9567852740971103,13.898941382456558,29.899881821687806,66.44703354693182,73.49165712960497,-31.905408217316943,37275162.0,37014477.4,-1.0
2026-04-28,848.258576916941,867.1198802265505,848.258576916941,864.774658203125,88991,865.9851916503907,906.2017962646482,850.2127620422347,846.9526005671881,883.4566665507622,792.9068832539259,838.181774902344,53.8565179256606,41.04151154561083,37.164382115794965,-0.6307659126538283,-5.180437506261407,4.549671593607579,13.387091775774897,29.11141192796793,73.64266487279625,69.99757144650354,-24.141074488233226,37364153.0,37020240.95,-1.0
2026-04-29,874.2052856475532,885.3823517100004,844.7657240875043,848.8572998046875,105102,863.4104772949219,906.3880761718748,849.9416695947252,847.1257550433244,884.046416446015,795.6602669035949,839.8533416748049,49.8601974398568,41.04151154561083,37.164382115794965,-0.5376870282655091,-4.251887410662228,3.7142003823967187,12.74282501460533,29.93321304900566,76.3025647493089,72.13075438967898,-58.46650010017549,37259051.0,37026486.85,-1.0
2026-04-30,851.1526560467098,862.080173641666,824.3077427246823,834.5367431640625,165702,860.6830761718751,906.5102203369138,846.8606843085927,845.9812994179368,877.7300032083874,807.1510514791128,842.4405273437501,46.5159563370475,41.04151154561083,41.59321090887319,-1.6010150756093253,-3.7217129436516476,2.1206978680423223,12.351728165984511,30.49315718243266,52.84366416218425,67.59629792809646,-81.38974818847954,37093349.0,37032647.05,-1.0
2026-05-01,834.5367431640625,834.5367431640625,834.5367431640625,834.5367431640625,0,858.2510693359376,906.6492895507811,844.3958960796867,844.9408852130391,877.174336985419,809.0589393817687,843.1166381835939,46.515956337047506,41.04151154561083,41.59321090887319,-2.4158616645470374,-3.460542687830726,1.0446810232836885,11.988566806550896,28.315074526544613,23.161464764559895,50.769231225351014,-81.38974818847954,37093349.0,37034276.7,-1.0
2026-05-04,842.8197593747898,851.2025746701919,821.1143185703843,841.1232299804688,140479,856.3639428710939,906.8056106567379,843.7413628598432,844.5938256464418,876.4680904624479,811.8858340980989,844.1769622802734,48.363372547459804,41.46967690408397,41.59321090887319,-2.5013252954311156,-3.268699209350804,0.7673739139196885,11.343230125446857,28.441730353206253,16.302180119564518,30.769103015436215,-68.86646372603775,37233828.0,37046543.2,-1.0
2026-05-05,848.208701463103,854.2462945168598,829.7964881901506,839.7760009765625,70881,854.0746423339846,906.7647900390623,842.9482904831871,844.1558415855436,874.6279652074753,816.2807139917437,845.4543395996095,47.99816693114728,41.46967690408397,41.59321090887319,-2.6472501085955855,-3.144409389199761,0.49715928060417536,10.871511692822482,28.156592922742178,21.424481801852536,20.296042228658983,-70.96272984480869,37162947.0,37069605.3,-1.0
2026-05-06,843.2688086422413,847.5101014667733,831.3432789888881,839.6762084960938,78885,851.8931213378906,906.8023706054685,842.2938740857685,843.7486022137754,869.1226570438527,825.3786430049757,847.2506500244142,47.969271773243044,41.46967690408397,41.59321090887319,-2.7393712272250923,-3.0634017568048275,0.3240305295797352,10.43348743395699,27.30018074810954,26.382897396826692,21.369853106081248,-71.11800529917332,37084062.0,37091268.45,-1.0
2026-05-07,848.1587907471411,855.593478822858,840.2749515173168,843.7178955078125,99567,850.1297412109375,906.8205850219723,842.5786783701774,843.7458106950514,868.5495362007018,825.0336486137514,846.7915924072266,49.30050335536495,41.46967690408397,41.59321090887319,-2.4579142083821353,-2.942304247120289,0.4843900387381539,10.391626442592067,26.487115718013445,30.384863012217256,26.064080736965494,-64.82920694286052,37183629.0,37111665.6,-1.0
2026-05-08,844.2667657615028,850.4540757540703,833.2893019040838,834.3870239257812,51896,847.8883410644531,906.7577972412106,840.9403474812982,842.895011897845,867.536629116731,823.786191928191,845.661410522461,46.351969510842935,41.46967690408397,41.59321090887319,-2.9537320638850133,-2.944589810473234,-0.009142253411779322,9.979790041544558,25.821234156011524,23.354867395138527,26.707542601394152,-79.34788928958929,37131733.0,37125639.6,-1.0
2026-05-11,834.3870058616418,837.2810888163501,823.8586324810743,828.848388671875,93785,845.4663122558593,906.5560598754879,838.5219557194137,841.6180461500296,864.1002015390364,823.3006712636981,843.7004364013673,44.645124682602564,41.44757172701442,41.59321090887319,-3.7503610357287016,-3.105744055524328,-0.6446169802043737,9.419602867488257,24.935607168816116,15.162695223695113,22.967475210350294,-87.96591443106841,37037948.0,37132418.8,-1.0
2026-05-12,833.2893201574566,833.3890909215742,805.7458891486323,811.38427734375,77068,843.0602526855469,906.4215664672848,833.0944200442809,838.8695217130951,866.8281311124209,819.0808044344543,842.9544677734376,39.683090571332606,41.44757172701442,41.59321090887319,-5.724909868496752,-3.629577218118813,-2.095332650377939,9.723801702415495,25.12900678339653,1.2855717382691978,13.267711452367612,-92.91984097011748,36960880.0,37152319.05,-1.0
2026-05-13,806.3446220347734,822.3617276543081,796.9638557807203,813.2803955078125,89273,840.7360241699221,906.3386169433589,829.1316151369872,836.5432375126148,868.3235662213062,814.0675897845531,841.1955780029297,40.45687664305361,41.44757172701442,41.59321090887319,-7.055422634717502,-4.314746301438551,-2.7406763332789508,10.36393071328367,25.148211432695902,1.819804653635223,6.089357205199844,-81.54623695460432,37050153.0,37154308.25,-1.0
2026-05-14,820.2660675412674,827.1020094515833,801.6542517879045,819.916748046875,77021,838.3968261718751,906.250768127441,827.2886417189648,835.0317384702748,868.2904564459528,811.2764930169379,839.7834747314454,43.203216637012,41.44757172701442,41.59321090887319,-7.488047845766118,-4.949406610304065,-2.5386412354620536,10.681808523355068,25.169607592051822,10.098503417827658,4.401293269910693,-74.04062122419147,37127174.0,37164861.2,-1.0
2026-05-15,826.3036327105237,826.3036327105237,803.8996150280775,817.9707641601562,101510,836.7791467285158,906.0894720458981,825.425066207203,833.4807408057186,867.9127100699984,808.5007115608612,838.2067108154298,42.582985914482556,41.44757172701442,41.59321090887319,-7.896900525206206,-5.538905393284494,-2.3579951319217125,10.976980775564224,24.97206545565142,16.918531890015178,9.612279987159353,-76.24149997276825,37025664.0,37156943.35,-1.0
2026-05-18,813.4799862077575,813.5298715882603,792.3234075151709,801.0554809570312,71702,835.8181201171875,905.8724713134762,820.5511491571687,830.5329899103833,870.1080969171694,802.2137231511902,836.1609100341798,37.53827565343339,38.99323629045403,41.59321090887319,-9.476600851225157,-6.326444484872626,-3.1501563663525314,11.765661949101371,25.02030054060385,15.098727236379954,14.038587514740929,-90.61662098424543,36953962.0,37149299.65,-1.0
2026-05-19,798.8600059333968,844.2169041487396,794.7684300172084,836.03369140625,136107,835.370040283203,905.8895993041989,823.6476576069849,831.0330536827348,868.4587650171169,802.2513607153054,835.3550628662111,50.576931425070384,38.99323629045403,41.59321090887319,-7.815977756274265,-6.624351139152954,-1.1916266171213108,11.047515201179197,26.765170082812944,40.153361805520845,24.05687364397199,-37.339004775800454,37090069.0,37142280.35,-1.0
2026-05-20,833.7383921730055,833.7383921730055,819.1183818530476,827.251708984375,26047,835.0786389160155,905.8757595825192,824.368467882463,830.689295073793,865.0091410645027,802.4875813476069,833.7483612060548,47.87480579889607,38.99323629045403,41.59321090887319,-7.126405806632988,-6.724762072648961,-0.4016437339840273,10.380664649537177,26.061608616412194,59.758680461390675,38.33692316776382,-44.7949073751708,37064022.0,37130760.25,-1.0
2026-05-21,832.7903385865656,859.18616197963,830.4451774554893,850.9530639648438,105953,835.5546630859375,905.989885253906,829.6853870989393,832.5314558820703,864.7788405035224,802.5831590081966,833.6809997558595,54.88093924051631,38.99323629045403,41.59321090887319,-4.614223901131595,-6.302654438345488,1.6884305372138932,10.867679491064052,26.481097500615252,93.09201379472401,64.33468535387851,-12.313429323589354,37169975.0,37127377.9,-1.0
2026-05-22,852.250354728305,869.6147305821293,848.3583205475862,854.296142578125,76988,835.9608276367187,906.0346078491208,834.6075381947765,834.5100637635298,867.199328864405,802.3581601492673,834.7787445068361,55.783697028926376,38.99323629045403,41.59321090887319,-2.326722132501118,-5.507467977176614,3.1807458446754966,11.704449311804904,26.10790553875295,93.09201379472401,81.9809026836129,-19.81928552411191,37246963.0,37130403.65,-1.0
2026-05-25,854.2961608982431,864.2257880818992,848.4581704120807,851.3023071289062,43580,835.4379003906249,906.1094113159177,837.9464919816024,836.0366313422005,866.8880952318426,802.4797819654231,834.6839385986328,54.72764819879942,46.537314944137655,41.59321090887319,-0.746829020463224,-4.555340185833936,3.808511165370712,12.481449859635696,25.36931354811477,98.0706596495392,94.75156241299572,-23.692728661610218,37203383.0,37126814.7,-1.0
2026-05-26,853.2982092072,895.0625058142441,851.3023066953252,889.7733154296875,277586,835.9777917480468,906.5022628784178,848.3118566712194,840.921784441063,874.389322066245,797.478420853677,835.933871459961,64.1259166349231,46.537314944137655,41.59321090887319,3.5684021884089816,-2.9305917109853525,6.498993899394334,14.211142580599148,26.682948231743637,98.0706596495392,96.41111103126747,-5.148176762423773,37480969.0,37132655.5,1.0
2026-05-27,893.8649890786326,948.4029909242132,890.1725570969924,916.6681518554688,1075958,837.2222375488279,906.9529284667967,861.9831157080694,847.8078178423725,891.9311905608206,786.7176375641798,839.3244140625002,68.9748739955,46.537314944137655,41.59321090887319,9.054072825469007,-0.5336588036944805,9.587731629163487,16.96363257884679,28.964857321942358,98.0706596495392,98.07065964953918,-20.332472944636226,38556927.0,37197549.3,1.0
2026-05-28,916.6681518554688,916.6681518554688,916.6681518554688,916.6681518554688,0,838.9896093749999,907.3570504760742,872.9201229375492,854.0678482071994,906.2881324853698,780.5738365087713,843.4309844970705,68.9748739955,46.537314944137655,41.59321090887319,13.248782608630336,2.2228294787704828,11.025953129859854,19.519516148648176,26.895938941803617,99.99999999999999,98.71377309969279,-20.332472944636226,38556927.0,37270728.2,1.0
2026-05-29,944.3113908300388,944.3113908300388,883.3864778758142,900.7507934570312,155898,840.2450317382812,907.7390805053711,878.4862570414457,858.3117523208205,914.416743367056,779.066630656382,846.741687011719,63.11890877548257,46.537314944137655,41.59321090887319,15.114492080933928,4.801161999203172,10.313330081730756,20.201511713880386,29.326579942690834,93.7907136598159,97.28712443645168,-30.53070518666009,38401029.0,37336112.2,1.0
2026-06-01,900.7508209300984,903.5950186872104,874.7542016918769,896.9586181640625,97056,841.4206176757812,908.0630731201172,882.1807292659691,861.8251037611152,920.7468223109178,778.3200905308796,849.5334564208987,61.77332529755577,54.317375904150886,46.76409592878122,16.101475637505587,7.061224726863655,9.040250910641932,20.4521717120176,29.291882589308166,86.15465772740338,93.31512379573977,-32.96034730265068,38303973.0,37389619.45,1.0
2026-06-02,885.18278988525,902.597051992298,870.2135206087238,897.3079223632812,72297,842.1141943359373,908.4378448486328,885.2061678854316,865.0508145431303,926.5515631260898,778.2685418543795,852.4100524902346,61.85399311973558,54.317375904150886,46.76409592878122,16.71912547535544,8.992804876562012,7.7263205987934285,20.481949758339287,29.512714646041456,78.60413673031479,86.18316937251134,-32.73654852539273,38376270.0,37450285.6,1.0
2026-06-03,904.4931236171944,919.0632489374948,881.2408708375984,901.6489868164062,126702,843.3536499023436,908.8626962280275,888.4947316716266,868.3779211134281,932.5334553052572,778.4839275072433,855.5086914062503,62.901758973046775,54.317375904150886,46.76409592878122,17.35880356138057,10.666004613525724,6.692798947854845,20.9749022440868,30.10626203560252,78.37388514046087,81.04422653272634,-29.955233789468394,38502972.0,37521231.1,1.0
2026-06-04,896.7091065789407,901.5990921938104,880.1930251484831,889.5737915039062,56363,844.9693334960936,909.2381231689454,888.7105436380826,870.3048184216533,936.0684217830698,779.5345506290399,857.8014862060548,58.11963684293184,54.317375904150886,46.76409592878122,16.698891284062483,11.872581947633076,4.826309336429407,21.3815996845641,29.488383437911136,74.49975048285833,77.15925745121133,-37.69179679710673,38446609.0,37584380.1,1.0
2026-06-05,890.1725044715577,904.0939364264252,881.5402018971113,900.05224609375,64779,846.9662341308593,909.647523803711,890.9788841292161,873.0091300282074,940.7134003418174,781.4560942870891,861.0847473144532,60.89773473968135,54.317375904150886,46.76409592878122,16.827453355620605,12.863556229230582,3.963897126390023,21.833523796151386,28.993051373011337,69.29021911019727,74.05461824450549,-31.4712682777998,38511388.0,37653362.85,1.0
2026-06-08,888.1766397997902,893.1663962031598,863.4274602210994,875.6024780273438,56301,848.2515954589844,909.8590109252932,887.9036029088418,873.2448889372198,941.801712951667,785.0431906127865,863.4224517822267,52.19719038983933,54.18967319645182,46.76409592878122,14.786003926551075,13.248045768694682,1.5379581578563926,21.342743415900852,29.538175265842714,49.22481331314809,64.33826096873456,-56.31027035615346,38455087.0,37724219.8,1.0
2026-06-09,875.2032760631322,884.6339278789022,868.9660805381668,880.09326171875,41665,849.1527465820312,909.9391339111331,886.3415346708234,873.8674682809954,941.5708447683375,792.1449572336159,866.8579010009767,53.51098568293909,54.18967319645182,46.76409592878122,13.376315421306344,13.273699699217016,0.1026157220893289,20.887018777096785,28.54743755690648,30.01187454470294,49.508968989349434,-57.91030470700893,38496752.0,37801013.4,1.0
2026-06-10,887.1786898536883,887.2285752357745,863.3276298456577,871.4110717773438,46894,850.2724487304687,909.9536944580079,883.3554420921275,873.644159507936,940.0957370218574,799.4331326070488,869.7644348144531,50.614691310765636,54.18967319645182,46.76409592878122,11.42682562362279,12.904324884098171,-1.4774992604753816,20.17825002433778,28.21554525927865,9.438593581119259,29.558427146323428,-76.95754192304956,38449858.0,37870998.65,1.0
2026-06-11,867.2695117983654,869.6646191352567,855.5934701237129,858.7869262695312,30408,851.7923266601562,909.8991607666017,878.4417389276083,872.2935019408084,938.2875464396478,805.128341011524,871.7079437255859,46.66008993282987,54.18967319645182,46.76409592878122,8.762172999474046,12.075894507173349,-3.3137215076993023,19.132797903603624,27.329977858875235,2.6102039748731065,14.020224033565102,-89.66554164135326,38419450.0,37935612.45,1.0
2026-06-12,873.2073771722708,885.332509687908,867.7685304695751,881.7897338867188,37938,853.0078308105469,910.0275897216798,879.1113379194304,873.1567957540728,936.5708965980702,813.226887825758,874.8988922119141,53.75085884727541,54.18967319645182,46.76409592878122,8.409610177942682,11.342637641327217,-2.9330274633845352,18.81200555789191,27.273949684553916,10.592034552117873,7.546944036036745,-68.60225297740658,38457388.0,38007198.65,1.0
2026-06-15,896.060454509294,903.1458840421552,886.2305981203378,891.020751953125,42685,854.4299108886719,910.0879302978517,881.4932207261694,874.7807917721684,930.6318049549236,828.1625065685139,879.3971557617188,56.26354402957365,50.82539840472168,46.76409592878122,8.773927241265937,10.828895561314962,-2.0549683200490243,19.157415988519663,26.851249718188384,24.93746293085979,12.71323381928359,-61.8279660062407,38500073.0,38084504.2,1.0
2026-06-16,899.1541184486639,899.1541184486639,880.1930438087919,885.1828002929688,33555,855.8489978027343,910.111116333008,882.2311366395293,875.7264289104229,928.8730867836226,834.8361356284869,881.8546112060548,54.255943491122686,50.82539840472168,46.76409592878122,8.493667517517792,10.361849952555527,-1.8681824350377347,19.150636404774886,26.287665784022927,36.283981808150855,23.93782643037617,-66.64785430758408,38466518.0,38153326.65,1.0
2026-06-17,888.1766508873402,894.1643586461313,876.600440251056,882.0891723632812,31732,857.41578125,910.1735916137696,882.2027437842797,876.30486013341,923.9844913266131,845.2084774233867,884.5964843749999,53.17317629188664,50.82539840472168,46.76409592878122,7.930511745061835,9.87558231105679,-1.9450705659949552,18.946936578316954,25.664540970526666,38.88261912080908,33.36802128660658,-70.1348926703609,38434786.0,38221864.85,1.0
2026-06-18,883.1868572237231,885.1328743453906,856.2421734440163,859.535400390625,83802,857.5485083007812,910.1511746215822,877.6692751055488,874.7803637931568,923.0331269160245,847.0180754765533,885.0256011962889,45.97037253002805,50.82539840472168,46.76409592878122,5.599755335831105,9.020416916011653,-3.420661580180548,17.72706976874371,25.894980965587216,24.537190742067168,33.2345972236757,-93.78927996822301,38350984.0,38280915.3,1.0
2026-06-19,859.2360382121122,861.8306871341903,838.2790616703535,844.6160278320312,98893,857.3010156249999,910.2112142944338,871.0586256508453,872.0381514330544,924.3983542869586,844.68483663101,884.5415954589843,41.924663695410366,50.82539840472168,46.76409592878122,2.519699878502365,7.720273508509796,-5.200573630007431,17.09477450844852,25.7275984297479,13.1906718647761,25.536827242550782,-92.15568494769606,38252091.0,38331171.7,1.0
2026-06-22,849.4561104170176,863.1779400113917,843.4684029576545,860.4834594726562,54533,857.1493273925781,910.2378408813479,868.9435924152076,870.9877248912,923.4314377643748,846.5698683879689,885.0006530761718,47.24257346025114,44.73701544604749,46.76409592878122,1.3436145100067733,6.444941708809192,-5.1013271988024185,16.441955745848713,25.297736902889994,8.450343409414064,15.392735338752443,-72.5139305680255,38306624.0,38386333.75,1.0
2026-06-23,868.7166066949438,880.1930466455376,838.4786944854021,863.9264526367188,86541,857.9017834472655,910.3578445434573,867.9401644595098,870.3457910498835,923.1873792963939,844.2292405766528,883.7083099365234,48.34780238492526,44.73701544604749,46.76409592878122,0.6815229835608534,5.292257963759524,-4.610734980198671,15.493877669844634,26.470352278407532,19.735001675028887,13.792005649739682,-61.031011513093894,38393165.0,38431943.55,1.0
2026-06-24,863.1779545082649,867.6188497972317,851.2524247693913,855.7930908203125,48842,858.0484814453124,910.4638769531252,865.5107497316704,869.0228183017407,918.8082049988966,842.5209087706346,880.6645568847656,45.90147864075266,44.73701544604749,46.76409592878122,-0.49379152517508373,4.135048065972603,-4.6288395911476865,14.613519456412275,25.748643189081314,26.721772444440184,18.30237250962771,-73.38895011975501,38344323.0,38421313.35,1.0
2026-06-25,857.1902456847747,903.096003576534,857.1902456847747,897.0584106445312,374570,859.0264733886719,910.8805215454104,871.8202819142426,871.5715085147216,914.8205779848313,844.5475616636063,879.6840698242188,57.618417580587256,44.73701544604749,46.76409592878122,1.8828256579487288,3.684603584367828,-1.8017779264190992,15.175698655270116,27.288233872448473,51.604762368359445,32.68717882927617,-9.384571611558169,38718893.0,38429411.65,1.0
2026-06-26,897.0584106445312,897.0584106445312,897.0584106445312,897.0584106445312,0,859.9775207519531,911.3228634643558,876.8679076603004,873.8884996174315,914.2060606014426,844.7928407657452,879.4994506835939,57.61841758058727,44.73701544604749,46.76409592878122,3.7233909648641657,3.692361060467096,0.031029904397069874,15.697722197066682,25.339074310130727,73.65343743607795,50.65999074962586,-9.384571611558169,38718893.0,38445304.85,1.0
2026-06-29,906.9879536128008,915.1212805245822,828.4991256951168,837.0814819335938,1015543,859.8797204589843,911.3455667114259,868.9106225149591,870.542407100719,914.9949762454719,838.016211498669,876.5055938720704,42.20858451921725,53.24589137119154,46.76409592878122,0.338513163257403,3.0215914810251574,-2.6830783177677544,15.673378001541188,29.716437204368912,67.26971087963653,64.17597022802464,-90.09219263204298,37703350.0,38415273.7,1.0
2026-06-30,842.2708807964464,858.3878183416081,839.2770269547528,848.4581909179688,123052,859.8058715820313,911.2183279418947,864.8201361955611,868.5347510841052,913.1888419113918,834.9373726882175,874.0631072998046,45.20233610698302,53.24589137119154,43.489478739080724,-1.4097705875472002,2.135319067310686,-3.545089654857886,15.650772677124658,29.115715718915013,40.89811199503928,60.60708677025126,-76.95847527443101,37826402.0,38387780.3,1.0
2026-07-01,853.4479348273754,862.2298937857637,848.8573224579121,853.2982177734375,56424,859.6841210937499,911.1981195068361,862.5157525111364,867.1496116922262,909.5504909339367,833.7406467613761,871.6455688476564,46.472744092043264,53.24589137119154,43.489478739080724,-2.3773437988518253,1.2327864940781836,-3.610130292930009,15.46758872227176,28.019714800977866,17.224843487302287,41.79755545399269,-71.37095916495832,37882826.0,38356773.0,1.0
2026-07-02,857.2401696555594,891.1206285893938,853.4978522676569,887.0289916992188,204949,860.3786950683593,911.3313458251954,867.4184003487529,868.9568280564982,909.1861974569781,833.850460257866,871.518328857422,54.406009638801905,53.24589137119154,43.489478739080724,-0.4175477532436389,0.9027196446138191,-1.320267397857458,14.538592805706799,28.719907373476328,43.13201906137021,33.75165818123726,-32.43083583024371,38087775.0,38338831.3,1.0
2026-07-03,890.1725502557587,890.1725502557587,869.2654585582001,871.8601684570312,53290,861.1690734863281,911.4648217773439,868.3067539704086,869.2207680929104,905.3098532539965,834.9075966971753,870.1087249755859,50.76241890715138,53.24589137119154,43.489478739080724,-0.08738520972804054,0.7046986737454473,-0.7920838834734878,13.675953740325047,28.161849110910776,54.94156410043185,38.43280888303478,-49.9423180509881,38034485.0,38314986.15,1.0
2026-07-06,880.1929937196885,880.1929937196885,853.4479126685045,870.2633666992188,65889,861.5103723144532,911.356294555664,868.6980765161707,869.3155497843928,904.9483277658161,834.7352110525434,869.8417694091797,50.379925433222375,49.31668999121304,43.489478739080724,0.044904793368687024,0.5727398976700953,-0.5278351043014082,13.11088544766012,28.060651392358864,63.24036749649616,53.771316886099406,-51.78572838978209,37968596.0,38290661.6,1.0
2026-07-07,870.2135232229759,877.9975310881313,864.7247911384273,868.9161987304688,26366,861.5932031250001,911.2712194824219,868.7417009590303,869.279245143127,904.0566263474121,834.5092061721192,869.2829162597657,50.03736940065099,49.31668999121304,43.489478739080724,0.0405726809844964,0.4663064543329755,-0.4257337733484791,12.586179175899831,27.004372003597798,53.961431281672525,57.38112095953351,-53.34095172889457,37942230.0,38262935.5,1.0
2026-07-08,868.217620952778,901.1500134716764,864.7247914431979,874.6544189453125,160254,862.1091455078125,911.1469747924805,869.9242445562867,869.767897306962,904.2907580250467,834.5994092112815,869.4450836181641,51.548565708390456,49.31668999121304,43.489478739080724,0.4944659698335272,0.4719383574330859,0.02252761240044132,12.181553377645354,27.67728986251785,55.63119707297801,57.6109986170489,-46.716526111521404,38102484.0,38245566.8,1.0
2026-07-09,877.1492879684436,895.6612719930746,874.2552048982373,889.7234497070312,76389,863.2128796386719,911.0212329101561,873.8840855864357,871.582038434241,906.5840800028694,835.3997395772086,870.991909790039,55.36650707265572,49.31668999121304,43.489478739080724,2.046533354113649,0.7868573567691985,1.2596759973444502,11.80582942212334,27.2293453791121,66.13450729940466,58.57571188468506,-29.32024822928051,38178873.0,38233537.95,1.0
2026-07-10,898.1561365847879,925.2505377358068,898.1062512036665,913.025634765625,379849,864.7826574707032,911.2023611450194,881.7123954222736,875.3496381007304,912.603067039551,832.5043426284178,872.5537048339844,60.544128235258896,49.31668999121304,43.489478739080724,5.09808201195176,1.6491022878057109,3.4489797241460494,12.46053556888407,27.82204128265949,82.23655706052384,68.00075381096883,-12.635374215562322,38558722.0,38238604.65,1.0
2026-07-13,915.8199136657316,931.088556264902,905.141822649803,922.1069946289062,138795,866.4023327636719,911.3962130737303,889.7913152636002,879.6003068760191,919.2626010169547,828.9534329185924,874.1080169677736,62.37591237630528,55.140653030956685,43.489478739080724,8.155237650212484,2.950329360287066,5.204908289925418,13.243903592458462,27.688090734976598,95.12884511475397,81.16663649156081,-8.754860599295489,38697517.0,38248476.85,1.0
2026-07-14,922.1069817846652,925.2006063854822,907.836290677163,921.2088012695312,100657,868.0309887695312,911.4303927612303,896.0748124647864,883.3828972754293,925.5732139044908,826.2454201287126,875.9093170166017,62.06898126888926,55.140653030956685,43.489478739080724,10.385857125592452,4.437434913348143,5.948422212244308,13.971316757206111,26.950678233072495,99.49269248824793,92.28603155450857,-9.630382916152502,38596860.0,38254993.95,1.0
2026-07-15,918.115178495402,938.1739748789196,908.834243764373,915.6203002929688,191478,869.5498706054688,911.4503518676756,899.9839100304229,886.3135702770238,930.2984852278568,824.8732615983155,877.5858734130861,60.08781651651006,55.140653030956685,43.489478739080724,11.569329774832909,5.863813885645097,5.7055158891878115,15.052355015292765,27.1213248674635,95.71083985344941,96.77745915215041,-20.564126373361503,38405382.0,38253523.75,1.0
2026-07-16,926.0987952439482,926.0987952439482,890.1725488767261,896.0604858398438,93969,870.5967224121093,911.3917224121092,899.199225192307,887.1996535100074,932.0223728259247,826.8018825451694,879.412127685547,53.63501290625131,55.140653030956685,43.489478739080724,10.804380643078616,6.851927237131801,3.952453405946815,15.1059837785391,27.750247831731972,81.26354580769596,92.15569271646442,-38.398492774308124,38311413.0,38251545.2,1.0
2026-07-17,889.3741658162078,902.7466760146413,874.2052946404249,879.3946533203125,91234,871.4968749999998,911.264483642578,895.2383108179082,886.4901080382168,931.153130698125,831.148987221797,881.151058959961,48.823941253447046,55.140653030956685,43.489478739080724,8.752466556606805,7.232035101026803,1.5204314555800025,14.438551237841672,27.80675737048086,55.466933642048865,77.48043976773141,-59.43491967383919,38220179.0,38249949.6,1.0
2026-07-20,880.2927941330273,893.8649680008949,864.8245493912694,888.0269165039062,54855,872.6804455566405,911.3375833129882,893.7960319551079,886.629817898734,931.6428769489883,833.4135866740587,882.5282318115235,51.26253103827388,50.077855618693896,43.489478739080724,7.733711938756301,7.332370468572703,0.40134147018359734,13.425908174123277,27.894876030419763,35.95493451224995,57.56180465399825,-56.14525065117492,38275034.0,38248370.1,1.0
2026-07-21,892.4179426737256,903.7446654713766,887.2784691570166,892.0187377929688,52846,874.2931347656248,911.5279425048828,893.4405731226801,887.1197197073008,932.4102188360008,835.4554733026713,883.932846069336,52.39227605293766,50.077855618693896,43.489478739080724,7.16584478328582,7.299065331515328,-0.13322054822950768,12.88242116808346,27.07854176498692,25.84580983273981,39.08922599567954,-54.475843538350034,38327880.0,38245105.85,1.0
2026-07-22,891.9688087468195,896.0604453888893,883.1868499910771,884.6837768554688,21844,875.7212023925779,911.6177578735352,891.689213869238,886.8982703571343,932.0108874545607,838.743873287627,885.3773803710939,50.09444330108292,50.077855618693896,43.489478739080724,6.054147480899587,7.05008176139218,-0.9959342804925928,12.19453563583836,26.063902738760156,21.941407872196343,27.914050739062034,-63.13310996397926,38306036.0,38243191.5,1.0
2026-07-23,877.1991662924479,884.4343129996381,864.8245461809329,870.66259765625,62347,876.7361193847654,911.5022451782227,887.4838906266405,885.4223001115993,930.7931061017325,837.3220733416272,884.0575897216798,45.946130389481716,50.077855618693896,43.489478739080724,3.9956678066604354,6.4391989704458314,-2.443531163785396,11.864632266708863,25.62071187702985,11.901926303460453,19.8963813361322,-79.68194845997533,38243689.0,38219431.3,1.0
2026-07-24,872.2592969162149,890.1725344266663,862.1800134352941,886.4801025390625,43801,878.1063061523436,911.5506457519531,887.2831330091249,885.5184639686414,929.8825591301259,837.174789502687,883.5286743164064,50.88713587422232,50.077855618693896,43.489478739080724,3.5991594165644756,5.8711910596695605,-2.272031643105085,11.29635159374639,25.79012681376859,13.149501549046324,15.66427857490104,-68.02365787735,38287490.0,38197861.15,1.0
2026-07-27,897.1582122395589,897.1582122395589,870.9619908031981,876.3509521484375,119814,879.6122155761717,911.579586791992,885.0966968369875,884.6850538031683,926.5910426208779,844.3932530334189,885.4921478271484,47.86949784985162,51.09661149861679,43.489478739080724,2.4394652402678503,5.184845895789218,-2.745380655521368,10.52779499098032,25.81913357252518,13.92668701795237,12.992704956819715,-81.35254638139133,38167676.0,38221077.45,1.0
2026-07-28,878.2968822134648,881.1410798591178,863.4274449406416,868.8163452148438,47980,880.2678686523437,911.597300415039,881.8406265125587,883.2424439315024,924.6487544520121,848.371356631972,886.5100555419921,45.698624300422686,51.09661149861679,43.489478739080724,0.9020214978653485,4.3282810162044445,-3.426259518339096,10.077432471087365,25.24016938295025,13.92668701795237,13.667625194983689,-91.26729064588548,38119696.0,38235742.15,1.0
2026-07-29,871.3112578083407,878.3967486018306,860.7329983663763,876.94970703125,97717,881.2618286132813,911.6634149169921,880.8624426162971,882.6703769405703,922.845128254307,852.5401317554584,887.6926300048827,48.41799283313866,51.09661149861679,43.489478739080724,0.3360072976012134,3.5298262724837985,-3.193818974882585,9.781729199437372,24.69899658670054,9.337470414045546,12.396948149983427,-79.05926630167546,38217413.0,38252471.5,1.0
2026-07-30,876.9496948277251,877.0494655925366,864.7247915427866,867.51904296875,36707,881.5931481933595,911.5104788208007,878.1937626867877,881.2929829431321,923.0114482773265,850.422816859392,886.7171325683593,45.56843043736647,51.09661149861679,43.489478739080724,-0.8635839502993576,2.6511442279271673,-3.514728178226525,9.507147590048092,23.81511640548979,5.435273249748794,9.566476893915569,-91.23713967982494,38180706.0,38257118.05,1.0
2026-07-31,870.3632014648758,888.0268897484082,869.4650209815968,874.754150390625,116454,882.0023083496094,911.3977099609374,877.5058402275553,880.6985436201768,922.9291144895287,850.7945488405492,886.861831665039,48.09243113272705,51.09661149861679,45.55412853014677,-1.2164336641424143,1.877628649513251,-3.094062313655665,8.994181602671633,23.57888286078753,10.534094335847943,8.435612666547428,-81.89440183262965,38297160.0,38270251.8,1.0
2026-08-03,873.2073452839905,898.704987584261,873.2073452839905,895.212158203125,46380,882.8805053710936,911.383738708496,881.0471038226692,882.0179631277175,923.4783895969354,852.7401528835333,888.1092712402343,54.51501401841997,49.30344915507749,45.55412853014677,0.15295745295077268,1.5326944102007554,-1.3797369572499827,9.044865625702665,23.715937106464878,25.638219313835606,13.869195633144113,-55.47685296664091,38343540.0,38288999.0,1.0
2026-08-04,903.145875994506,903.145875994506,890.6714854420957,896.1602172851562,87231,883.0082434082029,911.3647775268554,884.0697265151667,883.3036225965755,923.8117535812218,855.1311907547155,889.4714721679686,54.79415932174801,49.30344915507749,45.55412853014677,1.29972777114358,1.4861010823893204,-0.18637331124574041,9.302995349984212,22.912969495460985,58.971552647168934,31.714622098950827,-45.80159561867798,38430771.0,38313426.05,1.0
2026-08-05,904.0440784353832,929.0926309089482,895.9606366150279,924.8014526367188,1268983,883.170909423828,911.4296444702147,892.2160717394772,887.0761526002248,928.983481056275,854.9741666488028,891.9788238525389,62.3179659350942,49.30344915507749,45.55412853014677,4.468153743400649,2.082511614591586,2.385642128809063,10.607937872729579,23.642899838208084,87.20606489440311,57.27194561846922,-6.277357136987316,39699754.0,38393289.55,1.0
2026-08-06,924.8014543800706,930.8889327649284,884.3345425509449,912.0775756835938,588303,883.0790979003905,911.2931747436521,896.1883725283006,889.3490092441674,931.1498856998178,855.0431746029162,893.096530151367,57.72180354665328,49.30344915507749,45.55412853014677,5.884609506105903,2.8429311928944494,3.0416783132114538,11.126023770086425,25.27943486504919,90.85315452665448,79.0102573560755,-26.81363628409301,39111451.0,38439918.45,1.0
2026-08-07,908.9838971647258,913.524624207528,894.2641158148335,896.8588256835938,85283,883.0012585449217,911.1539608764647,896.3224631593594,890.0317198295699,929.2296576147296,855.3467217798013,892.2881896972655,52.713947457691965,49.30344915507749,45.55412853014677,5.713275878526247,3.417000130020809,2.2962757485054377,11.607103531917781,24.84951154559528,71.74014991287453,83.26645644464404,-48.50638420409516,39026168.0,38463290.75,1.0
2026-08-10,896.8588243901889,905.1418078032792,889.374189816292,901.0502319335938,81444,883.0830908203123,910.9743295288084,897.2680169142063,891.0334027481174,925.7168802267162,856.7538228982836,891.2353515624999,53.90019810889705,52.67506612334872,45.55412853014677,5.848288767134477,3.903257857443543,1.9450309096909342,11.75241119451489,24.200804862837565,54.98790857989524,72.52707100647474,-42.531969800049396,39107612.0,38483795.5,1.0
2026-08-11,907.037942185606,919.0632429200208,898.2559221990392,899.8027954101562,69149,883.13298828125,910.8071728515624,897.7749726133964,891.8306202628481,921.9528930126313,858.3772095264309,890.1650512695311,53.47026673732635,52.67506612334872,45.55412853014677,5.787910324520453,4.280188350858925,1.5077219736615284,12.49747375210108,23.95841313841928,46.5269041739249,57.75165422223155,-44.31006103941751,39038463.0,38505875.65,1.0
2026-08-12,901.2997409938696,905.0420583690142,877.2989634998514,889.673583984375,133831,882.8934802246093,910.5417178344726,896.1546948875922,891.6345260557141,918.3128577597092,859.4225731484937,888.8677154541015,49.98384215372817,52.67506612334872,45.55412853014677,4.86661792298537,4.397474265284214,0.4691436577011556,11.9832535271481,24.228747547758104,41.09370812234053,47.53617362538689,-58.74820018276885,38904632.0,38530838.15,1.0
2026-08-13,895.1623086029629,902.1479676444576,883.7856395141977,899.1541137695312,51459,883.0850866699218,910.2800051879882,896.75457866398,892.3181249387884,918.6585179243928,859.386275776779,889.0223968505859,53.06828017622908,52.67506612334872,45.55412853014677,4.845629181874983,4.487105248602368,0.35852393327261556,11.505763318263192,23.809717589365377,39.43810413503229,42.35290547709924,-45.23468936371561,38956091.0,38563072.05,1.0
2026-08-14,896.1602145536482,945.05982537005,891.3201753981095,937.2758178710938,643741,883.8295581054687,910.3101928710937,904.8588265054028,896.4051879326342,928.1615598006323,855.6713503556176,891.916455078125,62.959807206934144,52.67506612334872,45.55412853014677,7.815011786749437,5.152686556231782,2.6623252305176557,12.733774791783222,25.947569902406457,57.04595401434813,45.85925542390699,-9.230760572335006,39599832.0,38632054.7,1.0
2026-08-17,943.862300529945,953.0434644110052,925.1008288052376,929.292236328125,225800,884.9033532714843,910.2438290405272,909.7455084699474,899.3949196049515,933.8130325993102,854.1464095393615,893.9797210693358,60.10286038423321,58.154917506065246,45.55412853014677,9.415524282448473,6.00525410147512,3.4102701809733533,14.114312254948075,26.090074595503683,76.1163627387697,57.53347362938337,-25.729723942025462,39374032.0,38687004.6,1.0
2026-08-18,936.0782747361804,968.8609490129504,932.9347039271267,960.8274536132812,736543,886.518037109375,910.3590921020506,919.9618974986142,904.9796954238906,947.1876843891653,847.6526293315374,897.4201568603513,66.55810111032284,58.154917506065246,45.55412853014677,13.077817510858154,7.419766783351728,5.658050727506426,15.83998759200893,27.052834459026666,94.52420805905723,75.895508270725,-7.714415045485867,40110575.0,38776139.35,1.0
2026-08-19,972.0045192992714,972.0045192992714,946.157557512382,955.0892333984376,239354,888.191600341797,910.5294918823241,926.987364678579,909.5351079670312,956.5338652714911,845.3469941035087,900.9404296874999,64.51268411498171,58.154917506065246,45.55412853014677,15.340350849187416,9.003883596518865,6.336467252668552,17.527033753834356,26.96670069673114,90.83192033843329,87.15749704542006,-16.496361088513424,39871221.0,38854398.6,1.0
2026-08-20,955.0892569226936,958.631971771988,948.053712605904,949.6005249023438,97510,890.0078723144532,910.638268432617,931.5099967233319,913.1774185975141,962.5980216124827,847.1766304871265,904.8873260498046,62.53312397311841,58.154917506065246,45.55412853014677,16.500326423982756,10.503172162011642,5.997154261971113,19.093576618386543,25.796097730256342,88.21287649064848,91.18966829604634,-22.676756314368273,39773711.0,38930899.7,1.0
2026-08-21,952.0454961079068,966.0168136608528,934.531463786057,963.7714233398438,229007,891.6475061035155,910.6831762695311,937.9622820466343,917.7768735740894,971.4118842594307,846.0918999202568,908.7518920898438,65.47840253444878,58.154917506065246,45.55412853014677,18.351543328890898,12.072846395387494,6.278696933503404,19.677669215134927,26.202472883437732,86.0414398898697,88.36207890631715,-8.69336111269412,40002718.0,39016661.1,1.0
2026-08-24,968.0127260660552,968.0127260660552,951.0475545782996,960.1788330078124,132564,893.0306677246093,910.8885049438475,942.40559223887,921.6315971589732,977.6586273570665,848.2279449085588,912.9432861328127,64.10262038399537,61.3171363523118,45.55412853014677,19.306204144381923,13.519517945186381,5.786686199195541,20.291218705916158,25.542665640889005,84.79538570582089,86.34990069544635,-12.48679255576619,39870154.0,39101785.0,1.0
2026-08-25,961.0270800958224,964.7195120040698,943.0639571033772,953.941650390625,114291,894.4058447265623,910.9937890624998,944.712803869221,924.5688747254869,980.8841709995447,853.5149317836585,917.1995513916016,61.67959182736496,61.3171363523118,45.55412853014677,19.33659102301806,14.682932560752716,4.6536584622653425,20.35033289050468,25.265014873732117,83.07880389063243,84.63854316210767,-19.07266026388389,39755863.0,39183593.35,1.0
2026-08-26,948.6025476849204,957.8335967394354,946.0577841816438,949.2013549804688,40995,895.7480883789062,911.0189874267576,945.6105140914706,926.8081911123035,983.0642047497163,858.5600628284087,920.8121337890625,59.828646634585745,61.3171363523118,45.55412853014677,18.76189517130433,15.49872508286304,3.263170088441292,20.405224633336882,24.30150042259351,71.71629307459567,79.86349422368299,-24.077958390422406,39714868.0,39258466.1,1.0
2026-08-27,948.153479134128,959.9293528714568,939.2218639780908,949.3011474609376,91523,897.5434033203123,910.936157531738,946.348640765364,928.8530053258157,983.0205832882073,866.7818947391365,924.9012390136719,59.85595843032325,61.3171363523118,45.55412853014677,18.105784771152344,16.020137020520902,2.0856477506314413,20.00250595225319,24.044785313362972,63.17561570093762,72.65690422205523,-23.972587084983665,39806391.0,39339750.35,1.0
2026-08-28,952.2450958217112,966.1165816636052,942.0659808801786,950.7481689453124,172883,899.666046142578,910.8520800781248,947.2285464013538,930.84347474577,982.8146702673611,874.5872096154518,928.7009399414064,60.277684255430195,61.3171363523118,45.55412853014677,17.500836345044263,16.316276885425577,1.1845594596186864,19.924618015147352,24.045200704081804,60.356168236034094,65.08269233718913,-22.444670932483103,39979274.0,39423856.05,1.0
2026-08-31,946.9559773738011,954.8896411827842,932.1862499603455,950.0994873046876,139150,901.4583666992187,910.7567755126951,947.8027345820205,932.5940213420351,983.9512929797751,878.939319813194,931.4453063964845,59.973518761515216,58.958691686328976,51.0703447382892,16.77568748892645,16.408159006125754,0.3675284828006973,19.19681202760763,23.949357169678724,60.6475279227806,61.39310395325077,-23.129616641474694,39840124.0,39498685.25,1.0
2026-09-01,948.0537280050944,954.9396162883344,947.554752358776,949.2512817382812,74285,903.16486328125,910.666211853027,948.0924440132727,934.1083177416939,984.4172850128451,883.7824342254365,934.0998596191408,59.550370996573726,58.958691686328976,51.0703447382892,15.948711872836611,16.316269579467928,-0.3675577066313167,18.52370151882582,22.7661790810987,56.81045346399837,59.27138320760435,-25.79180059463855,39765839.0,39565438.65,1.0
2026-09-02,948.053725827161,962.723621977246,934.1322931448344,949.1015625,213328,905.0310327148437,910.4294479370113,948.2942677106182,935.471339992449,985.8599395594881,884.7697906651215,935.3148651123048,59.470608988229586,58.958691686328976,51.0703447382892,15.107101386831118,16.074435940940567,-0.9673345541094491,17.35223388339009,23.18226120619248,36.1079851994846,51.18865552875452,-28.385874745821116,39552511.0,39558076.5,1.0
2026-09-03,953.7420567433636,963.0229915263096,947.5547465846952,960.2786254882812,118263,906.2954370117187,910.2336001586909,950.6911392661509,937.7265477647973,988.2013264093229,887.2485087957554,937.7249176025391,63.41065273599676,58.958691686328976,51.0703447382892,15.167176812680168,15.892984115288488,-0.7258073026083203,16.24550394236131,22.631260044436903,34.547742252137226,42.4887269718734,-24.999938570892756,39670774.0,39586042.65,1.0
2026-09-04,960.977194713977,967.8131365998348,950.9976819403964,953.941650390625,256318,907.4331018066406,910.0764227294918,951.3412414910458,939.2006480035088,987.6677652242222,893.4903524515591,940.5790588378907,59.857695780679464,58.958691686328976,51.0703447382892,14.5358854512084,15.62156438247247,-1.08567893126407,15.26395166386763,22.215845374079866,20.35101869450855,30.335582048710126,-45.36326969637612,39414456.0,39605457.05,1.0
2026-09-07,958.0332288514292,958.4324337274955,947.05576477084,952.6942138671876,106030,909.7453564453125,909.863360290527,951.6118359662743,940.4273358092978,986.6494016542273,899.6731142149137,943.1612579345705,59.15504321467737,59.37136427557289,51.0703447382892,13.776122235066623,15.252475952991302,-1.4763537179246793,14.262528360342388,21.441618487120984,20.35101869450855,25.083259880384777,-48.49609426195287,39308426.0,39615497.75,1.0
2026-09-08,952.993580132816,961.9252562063087,948.0537091504832,953.6422119140624,89970,911.8490368652344,909.7248947143552,952.017911155832,941.6286881824582,984.4285100330242,907.277947486507,945.8532287597656,59.543712604148936,59.37136427557289,51.0703447382892,13.099497083879214,14.821880179168884,-1.7223830952896702,13.39871951810575,20.900899099171312,3.869371031729556,14.857136140248885,-40.111436328795314,39398396.0,39633494.4,1.0
2026-09-09,953.1432602440696,982.6826552074764,948.0537329889112,966.7653198242188,220637,914.11837890625,909.3062542724606,954.9673928895094,943.9138365135273,978.9157986857399,920.4998324177759,949.7078155517579,64.56979397868196,59.37136427557289,51.0703447382892,13.46695325644987,14.550894794625082,-1.0839415381752122,13.836765907753358,21.881472179128018,30.592495012002324,18.270961579413473,-31.52171982412956,39619033.0,39669214.45,1.0
2026-09-10,966.7652632905426,991.3647857088956,965.966914480944,974.2000122070312,220953,915.8617993164062,909.0415475463865,958.8139167530138,946.6671252129368,973.0068232869816,933.9133976602842,953.4601104736329,67.06609901363178,59.37136427557289,51.0703447382892,14.194457590210163,14.479607353742098,-0.2851497635319351,14.668989530290501,22.132643539758277,63.92582834533565,32.79589812968918,-29.005066253747124,39839986.0,39713409.2,1.0
2026-09-11,976.0,992.5,963.5999755859376,985.7999877929688,205299,918.140595703125,908.8395806884763,964.2111309610049,950.2246581747579,978.7408152369727,933.0318227024803,955.8863189697265,70.5523121177157,59.37136427557289,51.0703447382892,15.528033595422357,14.689292602078151,0.8387409933442065,15.251113468828265,22.616027887922854,95.21030668553105,63.24287668095634,-11.108598292472605,40045285.0,39735681.85,1.0
2026-09-14,985.7999877929688,985.7999877929688,985.7999877929688,985.7999877929688,0,920.4513281249999,908.6585711669919,968.5289023273978,953.4587790491407,981.6944646128924,935.7289484730451,958.7117065429687,70.5523121177157,63.33241272203758,51.0703447382892,16.395900453119452,15.030614172286413,1.3652862808330397,15.791657126041901,21.000597324499793,99.99999999999999,86.37871167695556,-11.108598292472605,40045285.0,39769244.5,1.0
2026-09-15,995.0,995.0,952.3499755859376,958.7999877929688,181950,922.24900390625,908.3595266723629,966.583119420512,953.9443434803978,981.5716734265251,935.6489930773811,958.6103332519531,54.87248023370652,63.33241272203758,51.0703447382892,14.73515909714854,14.97152315725884,-0.23636406011030076,15.301547920583912,22.546984973754263,66.66666666666666,87.29232445073255,-57.63071331384945,39863335.0,39756882.5,1.0
2026-09-16,953.9500122070312,957.0,920.0,951.7999877929688,147987,923.7919152832031,907.8398632812498,963.6264930950035,953.7494020542679,981.5600116955724,935.3317302477868,958.4458709716796,51.666518680824154,63.33241272203758,51.0703447382892,12.707681862730965,14.518754898353267,-1.811073035622302,16.226295869570134,23.7079137465553,33.33333333333333,66.66666666666666,-57.600016276041664,39715348.0,39749088.85,1.0
2026-09-17,952.0,959.2000122070312,950.0,950.7000122070312,44007,925.0114465332032,907.2722872924802,961.0411969174091,953.4721847954282,981.5314856551257,935.4702050187021,958.5008453369139,51.160682675093845,63.33241272203758,51.0703447382892,10.886638320503039,13.792331582783222,-2.9056932622801828,16.94485482158771,22.671635065160725,0.0,33.33333333333333,-59.066650390625,39671341.0,39743970.35,1.0
2026-09-18,950.7000122070312,968.0,950.7000122070312,961.0499877929688,98471,925.9719335937499,906.8717242431637,961.0429550925211,954.1610759770228,981.2962421386671,935.4333049804734,958.3647735595703,55.56858208774123,63.33241272203758,51.0703447382892,10.161469628228247,13.066159191872227,-2.9046895636439807,17.05441507881932,22.287945974289872,7.576979585770882,13.636770973034736,-45.266682942708336,39769812.0,39732325.05,1.0
2026-09-21,958.0,961.4500122070312,950.0,950.25,38500,926.5347937011718,906.3742492675779,958.884364074017,953.8055236154753,981.0628314620728,934.6738323562865,957.8683319091797,50.451688140684645,58.55616015630069,51.0703447382892,8.615979807454437,12.17612331498867,-3.5601435075342334,17.18682635358924,21.513807848057116,7.576979585770882,5.0513197238472545,-59.66666666666667,39731312.0,39725382.95,1.0
2026-09-22,958.0,974.7000122070312,950.0,965.1500244140624,71821,927.4136181640624,906.0750207519528,960.1374961420261,954.8368418698922,981.7649690418554,935.0925321788478,958.4287506103516,56.41469838016182,58.55616015630069,51.0703447382892,8.495544091360898,11.440007470263117,-2.9444633789022188,16.48612616711046,21.741393873698126,17.46557847751192,10.873179216351227,-39.79996744791682,39803133.0,39727746.45,1.0
2026-09-23,962.0,985.1500244140624,957.25,971.2999877929688,262585,928.5272119140625,905.8005538940427,962.3699944722147,956.3334914992628,983.12162349951,935.9457410024431,959.5336822509765,58.62786861617998,58.55616015630069,51.0703447382892,8.79496567631304,10.910999111473103,-2.1160334351600625,15.365269888708594,22.181296055152718,23.447349580008627,16.16330254776381,-31.600016276041664,40065718.0,39745288.95,1.0
2026-09-24,965.0,994.9000244140624,960.0,965.4000244140624,181631,929.9140026855466,905.6108529663082,962.9760004605844,957.1577217642446,983.5520869341626,937.1251652631031,960.3386260986329,55.705504371289486,58.55616015630069,51.0703447382892,8.45867535878358,10.420534360935198,-1.961859002151618,14.827808004456259,23.089776652217697,32.159875513877424,24.35760119046599,-39.466634114583485,39884087.0,39749173.75,1.0
2026-09-25,969.9500122070312,975.5,952.4000244140624,959.9500122070312,75822,931.525109863281,905.4497872924802,962.3708028098738,957.4115663499524,983.5724246387488,938.0250118846889,960.7987182617188,53.07376441332177,58.55616015630069,51.0703447382892,7.664046069459914,9.869236702640142,-2.2051906331802282,13.89528438400341,23.090505147483405,26.61952683173745,27.408917308541167,-46.73331705729167,39808265.0,39740623.3,1.0
2026-09-28,953.0,959.6500244140624,931.2000122070312,933.5499877929688,114530,932.4355712890624,905.1337686157224,956.6066398064928,955.2423319356811,985.4265645479721,934.5159220242937,959.9712432861329,42.57979165245367,58.34555859865566,51.0703447382892,4.848148854543751,8.865019133020864,-4.016870278477112,13.82731322737455,23.49475477980602,13.060776143469859,23.946726163028245,-81.933349609375,39693735.0,39733303.85,1.0
2026-09-29,934.0,980.0,923.0,957.9500122070312,286875,933.7541967773436,904.9527233886716,956.8753142866005,955.4884846876221,985.3830447322214,935.4293148869194,960.4061798095704,52.02198577486455,58.34555859865566,51.0703447382892,4.533152712303377,7.998645848877366,-3.46549313657399,12.96418247710169,25.887986581248448,15.60000010004177,18.426767691749692,-49.39998372395833,39980610.0,39744042.4,1.0
2026-09-30,956.0999755859376,974.7000122070312,956.0999755859376,958.8499755859376,85211,935.2375207519531,904.7088162231444,957.2702465464681,955.7940747692871,985.3159102932696,936.4712906344648,960.8936004638672,52.33333101089367,58.34555859865566,51.682611065401254,4.3064929534544945,7.260215269792793,-2.9537223163382986,12.162703923276892,25.367418726951676,22.874512988189366,17.17842974390033,-48.20003255208319,40065821.0,39769707.9,1.0
