Date,Open,High,Low,Close,Volume,MA50,MA200,EMA9,EMA21,BB_Upper,BB_Lower,BB_Mid,RSI,RSI_W,RSI_M,MACD,MACD_Signal,MACD_Hist,ADX,ATR,StochRSI_K,StochRSI_D,Williams_R,OBV,OBV_SMA20,Supertrend_Dir
2025-07-18,120.80588883439036,121.5383416950295,119.1456653306333,119.38981628417967,4990390,117.76182357788083,107.57688777923589,121.23787267500741,120.48242233162799,125.18661742233574,117.346597146756,121.26660728454587,48.28137037826441,63.86362076479129,21.476015696594736,1.2404090496473685,1.7178361362215702,-0.47742708657420163,21.43607506693327,2.2594194376419123,4.106829704430052,18.674956096858146,-95.1923053264281,125643531.0,146704604.75,1.0
2025-07-21,119.97578309643905,122.3196338581517,118.85268716365002,121.88016510009766,8377482,117.97998123168941,107.62667118072515,121.36633116002547,120.60948985603432,124.44335291798163,118.72123677318044,121.58229484558103,56.59444586096748,62.44948076400746,21.476015696594736,1.2036250369857129,1.6149939163743987,-0.4113688793886858,20.344735577270576,2.3456713845604673,11.53480598621493,10.392854666861048,-43.63619237225793,134021013.0,148547203.8,1.0
2025-07-22,122.46612382825884,122.46612382825884,120.85472599152595,121.098876953125,9118516,118.19153381347652,107.6660580825806,121.31284031864539,120.65397959213347,123.93123973881403,119.5859042736371,121.75857200622556,53.67931906002497,62.44948076400746,21.476015696594736,1.0987641488229514,1.5117479628641093,-0.4129838140411579,19.417113700874847,2.2932232740013547,20.134883242638075,11.925506311094352,-58.18175661490703,124902497.0,149339393.75,1.0
2025-07-23,121.14770969822406,122.02664719616163,120.17110585527472,121.6848373413086,4574233,118.37459686279293,107.72603820800785,121.38723972317803,120.74769393296756,123.75224741761731,119.98902684385727,121.8706371307373,55.529431100051006,62.44948076400746,21.476015696594736,1.0508299323816033,1.4195643567676082,-0.3687344243860049,18.09244262553924,2.261960278778895,31.817902671169698,21.1625306333409,-47.27268996261292,129476730.0,149621763.25,1.0
2025-07-24,121.68483985693216,122.51495165042104,121.44068889114745,121.88016510009766,10435772,118.51521591186518,107.79961845397953,121.48582479856196,120.8506458572521,123.76271732483991,120.01176158751358,121.88723945617674,56.158058440267816,62.44948076400746,21.476015696594736,1.0168810662710541,1.3390276986682976,-0.3221466323972435,17.176850056701742,2.1771247416713733,32.9793892786771,28.310725064161623,-43.63619237225793,139912502.0,149476472.65,1.0
2025-07-25,121.63601594751428,122.2219767839532,118.75503003777048,119.09683990478516,6422937,118.61964920043941,107.86634265899662,121.00802781980661,120.69120895248238,123.99671395812787,119.49308554138385,121.74489974975586,46.1475924214468,62.44948076400746,21.476015696594736,0.7566629240652389,1.222554743747686,-0.4658918196824471,17.139281961987972,2.269254884850755,24.37931202225395,29.725534657366914,-93.75001686254512,133489565.0,148490048.6,1.0
2025-07-28,119.09683437611578,122.07547904517646,118.75502452496848,119.87812042236328,10627268,118.703625793457,107.93685436248782,120.78204634031795,120.61729181338065,123.9801831032445,119.24544479592542,121.61281394958496,48.90107120405894,61.943048632214335,21.476015696594736,0.6064897436929755,1.0993417437367439,-0.4928520000437684,17.10440004353911,2.3443405730905575,16.719457742951626,24.69271968129422,-79.46424599678572,144116833.0,147663507.65,1.0
2025-07-29,119.97578410230663,121.14771321843644,119.24333119881162,120.4152603149414,6535234,118.79038009643553,108.01159698486332,120.70868913524265,120.59892531352253,123.83974722877711,119.14173012717988,121.4907386779785,50.7649434769156,61.943048632214335,21.476015696594736,0.5247698958725806,0.9844273741639112,-0.45965747829133063,17.072009690693736,2.312914962128719,11.792108925147389,17.63029289678432,-69.64266911730068,150652067.0,146812190.1,1.0
2025-07-30,120.41525867115756,120.46408439351964,118.75502764202815,119.04801177978516,5517480,118.82397537231444,108.07027946472172,120.37655366415115,120.45793317409185,123.79153942432319,118.80662112865534,121.29908027648926,46.15044036357243,61.943048632214335,21.476015696594736,0.3456958311475802,0.856681065560645,-0.5109852344130649,17.31078628491341,2.2697822327974886,11.79690074235714,13.436155803485384,-94.6427422582977,145134587.0,145330973.85,1.0
2025-07-31,118.1202291649996,119.34098394120215,116.65532343355656,118.2178955078125,11333155,118.85620315551755,108.11967636108403,119.94482203288342,120.25429338624828,123.88946463540816,118.29852211996297,121.09399337768556,43.561398943908614,61.943048632214335,20.78647258909193,0.13523598288776384,0.7123920490260688,-0.577156066138305,18.51568071222699,2.2994878238580676,7.773735593127841,10.45424842021079,-79.35475891625009,133801432.0,143812093.75,1.0
2025-08-01,118.2178984021828,118.4132161907989,114.9658058105421,117.53427124023438,13653423,118.8668481445312,108.16363445281986,119.46271187435362,120.00701864570156,124.04842017121088,117.69277016692389,120.87059516906739,41.49677607417788,61.943048632214335,20.78647258909193,-0.08572949202732616,0.5527677408153898,-0.638497232842716,20.24728633043164,2.381482292172264,0.004791817209751692,6.525142717564911,-72.25739018107848,120148009.0,141975090.3,1.0
2025-08-04,117.5342697940427,120.46408129261076,117.3487201324093,119.73162841796876,10209776,118.91870574951167,108.22430862426761,119.51649518307666,119.98198317045312,123.93011023703475,117.58646080788712,120.75828552246094,49.742155455976125,59.18625371768109,20.78647258909193,-0.08258586426941861,0.42569701979842817,-0.5082828840678468,20.370738260601055,2.433902211317206,17.223467676601313,8.333998362312968,-40.342350724363826,130357785.0,140883505.85,1.0
2025-08-05,119.73162888958537,120.10274311610586,118.4620483724093,119.11637115478516,5769803,118.96089508056636,108.28651851654057,119.43647037741837,119.90329116902875,123.81001954516977,117.4179650739709,120.61399230957034,47.71437533084169,59.18625371768109,20.78647258909193,-0.12826211007750032,0.3149051938232425,-0.4431673039007428,20.48537219575837,2.3772445350585887,30.950970760342496,16.059743418051184,-45.01940441635952,124587982.0,139204801.65,1.0
2025-08-06,119.58514026715991,119.62420531586037,117.72959888471406,117.90538787841795,4414208,118.9885330200195,108.35408451080326,119.1302538776183,119.72166359715503,123.66599789050922,117.10103091808453,120.38351440429688,43.91932131521863,59.18625371768109,20.78647258909193,-0.2591893206051168,0.20008629093757063,-0.4592756115426874,20.90876150878179,2.3427703847791395,36.29957813983022,28.158005525591342,-61.06073282692074,120173774.0,136802430.55,1.0
2025-08-07,117.19246171739006,118.69643253687076,115.39551421415352,117.00690460205078,10739005,118.97769271850584,108.40831455230716,118.70558402250481,119.47486732487282,123.65346086303096,116.61647627075813,120.13496856689454,41.2949675152586,59.18625371768109,20.78647258909193,-0.4304877745964575,0.07397147783076502,-0.5044592524272224,22.160228660247054,2.411209523203289,19.076110463228908,28.77555312113387,-72.96252006781448,109434769.0,134523597.5,-1.0
2025-08-08,117.00691025312918,117.57334230033524,112.4071068026726,112.71961975097656,10860600,118.92700698852538,108.45413581848148,117.50839116819915,118.86075390906406,124.59169692248419,114.9257675245373,119.75873222351075,31.59377181994154,59.18625371768109,20.78647258909193,-0.9017957506058707,-0.12118196785656213,-0.7806137827493086,24.130540434383853,2.6079970928075284,5.3486073794877225,20.241431994182282,-96.9082138377542,98574169.0,132240174.25,-1.0
2025-08-11,113.1883872781971,117.52450328923057,112.27037727837336,117.21199035644533,13024457,118.96402023315427,108.53482841491703,117.4491110058484,118.71086631337144,124.06226899371254,114.8247976566781,119.44353332519532,45.92810898615769,51.57033555450865,20.78647258909193,-0.9024115154122541,-0.2774278773677005,-0.6249836380445535,25.992329210439554,2.7970063012396484,19.451460010179815,14.625392617632148,-51.76360775363047,111598626.0,129696848.45,-1.0
2025-08-12,116.7334570846694,117.47567809746911,116.11819934103708,116.56743621826172,4155268,118.9895095825195,108.60866096496586,117.27277604833107,118.51600903199783,123.69762102124892,114.59469465257922,119.14615783691407,44.48768519074944,51.57033555450865,20.78647258909193,-0.9440274844414489,-0.4107477987824502,-0.5332796856589987,27.721133073919844,2.6941829051819615,36.948288597280644,20.582785328982723,-58.05527117248634,107443358.0,127544913.65,-1.0
2025-08-13,116.89947522845893,118.21789635694428,116.36234759360926,116.92877960205078,4597540,119.0270112609863,108.67681175231937,117.20397675907502,118.37171544745718,123.3978983486463,114.41881155125606,118.90835494995117,45.519258559131416,51.57033555450865,20.78647258909193,-0.9370493271741509,-0.5160081044607904,-0.42104122271336053,28.752752553224756,2.634280466478609,61.16083541558997,39.18686134101681,-53.18941119901914,112040898.0,126307202.4,-1.0
2025-08-14,117.1924628637842,121.098878292577,116.49907501928102,119.10660552978516,19020549,119.12457412719723,108.76360164642337,117.58450251321705,118.43852363675971,123.2180574688373,114.42384087710998,118.82094917297364,51.383143003311105,51.57033555450865,20.78647258909193,-0.7471737814938848,-0.5622412398674093,-0.18493254162647554,27.855478531024314,2.7746749526798493,75.04270873874349,57.71727758387136,-30.278864880759848,131061447.0,126328578.7,-1.0
2025-08-18,122.17314439489827,129.6929987720316,122.17314439489827,128.6773223876953,80821577,119.3343487548828,108.90326126098637,119.8030664881127,119.3693235232084,125.51514683200607,113.05550212429274,119.2853244781494,67.79034324203025,59.09070518592441,20.78647258909193,0.17357990001475798,-0.4150770118909758,0.5886569119057338,27.778800815991012,3.3326548305060335,90.87921348497599,75.69425254643647,-5.829641565168464,211883024.0,130640553.35,1.0
2025-08-19,128.67731641560496,130.42544563178825,124.13611452660894,130.16175842285156,40387936,119.56267883300781,109.05923419952397,121.87480487506049,120.35045396863049,127.54643025566259,111.85237803291162,119.6994041442871,69.50911921140519,59.09070518592441,20.78647258909193,1.0114065433172925,-0.12978030084932213,1.1411868441666146,27.879301610976388,3.5438459929826966,99.99999999999999,88.64064074123982,-1.4524165032245073,252270960.0,136553050.7,1.0
2025-08-20,131.1578988014681,131.1676594752311,129.10702477504518,129.98597717285156,20564141,119.80643920898436,109.2113803482056,123.49703933461872,121.22641062355967,129.23269021718005,111.05482809336681,120.14375915527343,69.0393058801254,59.09070518592441,20.78647258909193,1.642274992704543,0.22463075786145092,1.4176442348430922,28.147578841612805,3.4379023292114983,99.58696291994097,96.82205880163897,-6.25318651682103,231706819.0,141893266.8,1.0
2025-08-21,130.03479396523136,130.6793560692703,127.73978390648688,127.94486236572266,16695588,120.02148712158201,109.35619743347172,124.38660394083952,121.8371789637563,130.1782944628014,110.73522635018684,120.45676040649413,63.658817635684606,59.09070518592441,20.78647258909193,1.9550057876078881,0.5707057638107385,1.3843000237971497,27.792944172049506,3.4023073173237792,94.44366169918189,98.01020820637427,-17.054288949785203,215011231.0,146169991.85,1.0
2025-08-22,127.94485976196172,129.00936924004446,126.59715663760636,128.1304168701172,11093419,120.28683029174803,109.49939857482914,125.13536652669507,122.4092915006982,131.06817131296276,110.47037467702742,120.76927299499509,63.93399459379166,59.09070518592441,20.78647258909193,2.192545592653559,0.8950737295793026,1.2974718630742563,26.982935303187304,3.331586266260517,89.5422827052069,94.52430244144324,-16.072377887328905,226104650.0,150479599.25,1.0
2025-08-25,128.33551283868195,128.78474225534532,127.31983651077964,127.94486236572266,5255625,120.55266159057615,109.64295570373538,125.6972656945006,122.91252521570043,131.9584962332029,110.46485200288102,121.21167411804197,63.41686137050194,66.90906286295137,20.78647258909193,2.3388639342316253,1.1838317705097672,1.1550321637218581,26.230784210672404,3.1982519432823144,84.59930235868782,89.5284155876922,-17.054288949785203,220849025.0,154847572.25,1.0
2025-08-26,127.45656781575238,129.26329096583223,126.87061442514278,128.29644775390625,13267634,120.81614944458006,109.78082981109621,126.21710210638174,123.40197271917368,132.81029029262467,110.45489067661357,121.63259048461912,64.01086084145459,66.90906286295137,20.78647258909193,2.45489378912103,1.4380441742320198,1.0168496148890103,25.686626740979296,3.14071084309711,84.9088016599736,86.3501289079561,-15.193781261319527,234116659.0,159347563.55,1.0
2025-08-28,128.27692521290712,128.81404542385755,126.45066582958086,126.78272247314452,7709689,121.06147262573242,109.90217285156253,126.33022617973431,123.7093136058983,133.34333740163493,110.55858978342363,121.95096359252928,59.52922798279111,66.90906286295137,20.78647258909193,2.3970713591403268,1.6298496112136813,0.7672217479266454,24.97929243204723,3.0851871824670805,81.03634462604242,83.51481621490129,-23.204061602126615,226406970.0,163135308.7,1.0
2025-08-29,126.64597513346249,127.19288578545492,123.79430124274552,124.0091552734375,10674470,121.25650039672851,110.00895862579348,125.86601199847495,123.73657193931095,133.54118928084554,110.85685225357824,122.19902076721189,52.30338212946772,66.90906286295137,20.78647258909193,2.103198609074653,1.724519410785876,0.37867919828877694,23.223392922141624,3.1075727081986746,71.26591303247939,79.07035310616513,-37.881130880206236,215732500.0,166665204.35,1.0
2025-09-01,124.3705007484042,125.50335735761904,122.90559495054104,125.03459167480467,15300044,121.48307250976562,110.10663154602054,125.69972793374089,123.85457373344673,133.7875966167868,111.2921145343362,122.5398555755615,54.50226907565949,61.160135287025106,24.309704238624143,1.930789545068734,1.7657734376424477,0.16501610742628636,21.933961822523646,3.071157686690055,56.10772178940091,69.46999314930757,-32.454761147855606,231032544.0,171526759.95,1.0
2025-09-02,125.69869100376556,129.68322169054295,125.45454003560654,127.3393783569336,15084908,121.73337615966794,110.21000396728518,126.02765801837944,124.17137415376371,134.2137739329833,111.84644792980964,123.03011093139646,59.069652176507226,61.160135287025106,24.309704238624143,1.9575655459738925,1.8041318593087368,0.15343368666515578,21.465521692135525,3.1838342816220706,50.97419206803263,59.44927562997097,-25.437996341139346,246117452.0,177825232.1,1.0
2025-09-03,128.7163959913807,129.2828280371557,125.29828236817448,127.18312072753906,14455278,121.96571029663083,110.32025005340579,126.25875056021138,124.4451692968342,134.62009943145674,112.18527166229325,123.40268554687499,58.639852827569456,61.160135287025106,24.309704238624143,1.9437704589139884,1.8320595792297871,0.11171087968420124,20.96622805108594,3.2410279521477237,50.99805734611891,52.69332373451748,-26.912899772399435,231662174.0,182890451.55,1.0
2025-09-04,129.30234307757175,129.5562696143407,123.57945140245371,125.01505279541016,20498606,122.11454467773434,110.42845180511478,126.01001100725114,124.49697688761381,134.7494762726131,112.64576298519938,123.69761962890624,52.88958781999848,61.160135287025106,24.309704238624143,1.7378598239375123,1.8132196281713322,-0.07535980423381994,19.810646248441262,3.4364415421290992,40.427041192450936,47.466430202200826,-41.944106456197495,211163568.0,187219230.85,1.0
2025-09-05,125.23968086130832,129.1363206163612,125.23968086130832,127.71048736572266,19576052,122.27988372802733,110.54977413177494,126.35010627894545,124.78911420380551,135.0257026297137,113.35004657682926,124.18787460327147,58.35695296269201,61.160135287025106,24.309704238624143,1.7717495790784739,1.8049256183527607,-0.033176039274286806,18.73760600312835,3.4853577049020945,32.72888820185368,41.384662246807835,-38.436447975586816,230739620.0,192747523.15,1.0
2025-09-08,128.9116991872241,134.96663965353852,128.29643403616646,134.0779266357422,33590663,122.53047988891602,110.69656250000003,127.8956703503048,125.63355169761793,136.18266027657103,113.90019113334107,125.04142570495605,67.84927809493246,64.1401785381304,24.309704238624143,2.2860543765371233,1.9011513699896332,0.3849030065474901,19.43978515953657,3.754700175110221,44.61579818623842,39.257242526847676,-7.36845803726659,264330283.0,200492298.85,1.0
2025-09-09,134.3220738468413,134.47833402400235,131.66572534405694,131.9001007080078,15017284,122.72960922241211,110.82504856109622,128.6965564218454,126.20323797128974,135.90976212256334,116.09113738305187,126.00044975280761,62.59388675148544,64.1401785381304,24.309704238624143,2.489218125307559,2.0187647210532185,0.4704534042543407,20.091808661915632,3.687407925455592,62.34131448510645,46.562000291066184,-25.4251519751734,249312999.0,208029240.35,1.0
2025-09-10,132.79859038605042,132.94508990797445,129.61486712692104,130.8746795654297,15726944,122.89670608520505,110.95426132202152,129.13218105056225,126.62791447984792,135.9015459034663,117.46562252304739,126.68358421325685,60.22837681767235,64.1401785381304,24.309704238624143,2.538224867240473,2.1226567502906697,0.4155681169498031,19.848077434831325,3.661894700855436,67.60618337503286,58.187765348792574,-33.9270783657064,233586055.0,214128611.8,1.0
2025-09-11,131.11881557513038,131.50946602056885,129.16560805331042,130.43519592285156,12684319,123.04827468872067,111.06913722991946,129.39278402502012,126.97403097466642,135.39975274262267,119.35419165435,127.37697219848633,59.19583152057566,64.1401785381304,24.309704238624143,2.5126362990649938,2.2006526600455345,0.31198363901945925,19.443830953229938,3.5677492198842216,52.2672353993519,60.7382444198304,-37.57090569078796,220901736.0,219801530.7,1.0
2025-09-12,130.4742782237674,132.95484540611182,129.66369525307985,130.9528045654297,18257240,123.20970718383786,111.1603311157227,129.70478813310203,127.3357376647358,134.5592710008406,121.59707589246999,128.07817344665528,60.06421913739585,64.1401785381304,24.309704238624143,2.505244961593945,2.2615711203552165,0.2436738412387287,19.490607256207035,3.5479921436804887,48.41209353559384,56.09517076999286,-33.27933182364621,239158976.0,226157434.6,1.0
2025-09-15,130.97234105435027,132.8181217084922,130.0738673133608,130.8063201904297,10539375,123.37944091796872,111.2588775634766,129.92509454456757,127.65124516707161,133.68168399479208,123.64463436458293,128.6631591796875,59.67714726724103,66.56057126401245,24.309704238624143,2.4592188642979096,2.3011006691437554,0.15811819515415415,19.53404239468577,3.4905823044984117,47.23015340242114,49.30316077912229,-34.49385659000907,228619601.0,231035342.3,1.0
2025-09-16,131.15789756677702,132.39818860543474,130.85515276326186,131.39227294921875,9836983,123.56724166870114,111.35238876342778,130.21853022549783,127.99133860181225,133.96378551741148,123.63402789811593,128.7989067077637,60.766305468632225,66.56057126401245,24.309704238624143,2.441875915672526,2.3292557184495095,0.1126201972230163,19.574375023273163,3.3549598838203147,50.5975457816175,48.74659757321082,-29.635631011561138,238456584.0,232364020.3,1.0
2025-09-17,131.84152113063865,134.54671799596915,131.84152113063865,133.5701141357422,21279686,123.79908752441405,111.46465820312504,130.8888470075467,128.4985000139877,134.53306203692404,123.40558694989238,128.9693244934082,64.59421950079569,66.56057126401245,24.309704238624143,2.574191410510082,2.378242856861624,0.19594855364845776,20.258863630759507,3.340637395458178,60.31072104335699,52.712806742465204,-11.578810560657837,259736270.0,232737285.8,1.0
2025-09-18,134.2146497360561,136.2362267045314,132.54466562468093,135.51353454589844,15571795,124.06931350708005,111.58544521331793,131.81378451521704,129.1362304259796,135.52520102487276,122.96620369924838,129.24570236206057,67.62936441919777,66.56057126401245,24.309704238624143,2.8035525698338972,2.463304799456079,0.34024777037781817,21.33772263964668,3.365703372914769,77.34329714763786,62.750521324204115,-5.421289643055549,275308065.0,234917348.1,1.0
2025-09-19,135.7479387530031,139.29301559116954,135.6405117305801,137.59371948242188,29812677,124.37088897705075,111.72205505371099,132.969771508658,129.90509306747435,136.9922556155624,122.46403482022865,129.72814521789553,70.54042722215331,66.56057126401245,24.309704238624143,3.117242845495923,2.594092408664048,0.5231504368318749,23.01264988127539,3.3952589209402215,92.53052650179255,76.72818156426246,-10.814199047011586,305120742.0,239422823.65,1.0
2025-09-22,137.691386821353,138.43360040774743,135.7577004038271,136.15811157226562,12613982,124.65449478149411,111.83862777709966,133.60743952137952,130.47354929518266,137.89197953536083,122.36708037064501,130.12952995300293,66.12107293284407,70.8938756453775,24.309704238624143,3.21296601626716,2.7178671301846706,0.4950988860824892,24.567939462787763,3.343876141153087,91.16410486943849,87.01264283962297,-19.95030523472923,292506760.0,242742929.15,1.0
2025-09-23,136.29481752354,141.11924245257185,136.29481752354,140.6699981689453,43630485,125.06300781249999,111.98063884735113,135.0199512508927,131.40049919279744,139.76223581338868,121.76933767293949,130.76578674316409,72.04812447063973,70.8938756453775,24.309704238624143,3.6112703826604786,2.8965477806798323,0.7147226019806463,26.52224176472671,3.459394336806883,91.65411874827564,91.78291670650222,-2.5612864049684103,336137245.0,248507340.15,1.0
2025-09-24,139.16604616829653,140.62119124375397,136.33390101400934,138.93165588378906,36960853,125.3713215637207,112.11729293823248,135.80229217747197,132.0851498010694,140.91523761076698,121.67985668854945,131.29754714965821,67.17216377355815,70.8938756453775,24.309704238624143,3.7435069503047487,3.0659396146048157,0.677567335699933,28.336951045098594,3.5220159666732465,79.78281736681951,87.53368032817788,-13.776114385842597,299176392.0,251760326.8,1.0
2025-09-25,138.5800894183955,138.5800894183955,136.82221429485182,137.1640167236328,10954407,125.66430297851562,112.246092453003,136.07463708670414,132.5468649758479,141.52843988094995,122.10478384341533,131.81661186218264,62.53747215895762,70.8938756453775,24.309704238624143,3.6634417987850725,3.185440051440867,0.47800174734420553,30.02203823401534,3.4211177968349604,63.46214729151729,78.29969446887081,-30.845237646058553,288221985.0,254851077.55,1.0
2025-09-26,136.30460425759264,139.65434825518915,135.7576935930741,138.609375,20914983,126.00279373168947,112.39056354522711,136.58158466936334,133.09800225077083,141.97831687866025,123.11492881836128,132.54662284851076,64.68322234019881,70.8938756453775,24.309704238624143,3.674263302703082,3.28320470169331,0.39105860100977186,31.795176175561416,3.455084715783539,44.360751249954134,62.53523863609698,-20.996689113454302,309136968.0,259521300.95,1.0
2025-09-29,138.67774930608508,140.77744166232645,138.02342650250387,139.08792114257812,16359612,126.36745773315432,112.53670764923102,137.0828519640063,133.64254033184423,142.41476476978994,124.08381387400892,133.24928932189943,65.39005399462353,71.50211727460294,24.309704238624143,3.6790443635544534,3.362372634065539,0.31667172948891453,33.6479695494382,3.4050083189291853,38.96387461864819,48.92892438670654,-16.993336437654783,325496580.0,264244502.75,1.0
2025-09-30,139.78130607046336,140.4258532503716,138.31640037666864,139.33206176757812,13913548,126.76630264282228,112.6787464523316,137.53269392472066,134.1597695532746,142.95542858350902,124.74241840135429,133.84892349243165,65.76648666388802,71.50211727460294,32.82330478609173,3.6603393828704327,3.4219659838265177,0.23837339904391497,35.36842053946665,3.3124686442701696,47.33855275967801,43.554392876093445,-14.950939817133369,339410128.0,268909136.55,1.0
2025-10-01,139.65434363381758,140.43562965548392,137.50581825057867,137.92575073242188,12440118,127.08721435546877,112.81658462524419,137.61130528626092,134.50213147865162,143.0957284411295,125.67638154422207,134.38605499267578,61.60966629074577,71.50211727460294,32.82330478609173,3.4917868580727998,3.4359301586757747,0.05585669939702509,36.393391317377116,3.285135984315533,38.31374662047304,41.53872466626641,-27.877251645312885,326970010.0,273674528.35,1.0
2025-10-03,138.11130867210622,139.60551130547762,134.92758562421653,136.51943969726562,15561840,127.39562561035157,112.94273704528814,137.39293216846187,134.68552313488925,142.5068629021106,127.41568577342652,134.96127433776857,57.683295049115515,71.50211727460294,32.82330478609173,3.2077532377422813,3.3902947744890763,-0.18254153674679507,35.759514400652115,3.384620962668787,22.248591299901786,35.96696356001761,-41.644604165384514,311408170.0,278686758.45,1.0
2025-10-06,136.51945656817287,137.2128519139935,134.25374320365012,134.55648803710938,12157023,127.65305862426759,113.05211734771734,136.82564334219137,134.67379267145472,142.04218442935655,128.5649643133192,135.30357437133787,52.64045660668437,68.33749480483476,32.82330478609173,2.792075445644741,3.2706509087202096,-0.4785754630754684,34.80601835832978,3.354227230359829,5.207131152565199,21.923156357646675,-63.93898157668632,299251147.0,282112334.8,1.0
2025-10-07,134.8299244776309,137.44723053157463,134.7127367847859,136.5585174560547,9538118,127.94662567138676,113.18110412597662,136.77221816496404,134.84513128823653,142.1625421088403,128.6926657158667,135.4276039123535,56.78960322691577,68.33749480483476,32.82330478609173,2.594289488724712,3.13537862472111,-0.5410891359963981,34.00256468021181,3.321121177795931,7.126301228490815,11.527341226985932,-49.15781406082207,308789265.0,284335283.9,1.0
2025-10-08,137.50581938527054,138.28710541338404,135.7479295474631,136.10926818847656,10813847,128.28687423706057,113.32706138610845,136.63962816966657,134.96005282462198,142.16884199657036,129.1072825761835,135.63806228637694,55.6122060112816,68.33749480483476,32.82330478609173,2.3739268801774074,2.98308827581237,-0.6091613956349624,33.55120588977165,3.2652679412334327,12.230382470037057,8.18793828369769,-58.42823925489963,297975418.0,286768404.85,1.0
2025-10-09,136.23622689018197,136.63663801517794,134.21464991895184,135.39634704589844,5658661,128.59723876953126,113.47811470031743,136.39097194491296,134.99971593564712,142.00184597859206,129.72644534220873,135.8641456604004,53.70919367938516,68.33749480483476,32.82330478609173,2.1173536127603256,2.8099413432019613,-0.6925877304416357,32.257142577675694,3.2050336665900523,14.065974945122106,11.140886214549992,-82.88534593181781,292316757.0,289704939.95,1.0
2025-10-10,135.55260282613952,136.2557587148891,134.18534864166392,134.33184814453125,6840339,128.87557052612306,113.6284997940064,135.97914718483662,134.9390006819093,141.69820610548953,130.4197504374792,136.05897827148436,50.9079829804665,68.33749480483476,32.82330478609173,1.8072879938742403,2.6094106733364173,-0.802122679462177,31.039265337336584,3.123989124206848,6.93967371663129,11.07867704393015,-97.88719719594111,285476418.0,292933674.05,1.0
2025-10-13,134.27326443972166,134.76156634922444,132.52513525869833,134.20489501953125,6553457,129.17870819091797,113.77426765441899,135.62429675177555,134.8722638035113,141.41043806498146,131.03272752339745,136.22158279418946,50.56924300019618,65.09009336530241,32.82330478609173,1.5336359007996805,2.3942557188290703,-0.8606198180293898,29.02515650181559,3.060592121801081,1.8355924750850483,7.613747045612814,-80.45451699706084,278922961.0,294921873.3,1.0
2025-10-14,134.70295902110655,135.15220333936836,131.47040273044342,132.24192810058594,8702406,129.45918884277344,113.90796550750737,134.94782302153763,134.63314237597262,141.19877532989892,131.3879510494956,136.29336318969726,45.52511720795851,65.09009336530241,32.82330478609173,1.145168826927403,2.144438340448737,-0.9992695135213339,27.251465722172153,3.104964156595642,0.0,2.9250887305721127,-91.71030253779743,270220555.0,297001921.0,1.0
2025-10-15,132.3298237406917,133.22829750850195,132.03683960075972,132.515380859375,9026819,129.75881103515624,114.04240688323979,134.46133458910512,134.44061860173647,141.03968681547036,131.65935035493982,136.3495185852051,46.328271619289985,65.09009336530241,32.82330478609173,0.8495778201567248,1.8854662363903345,-1.0358884162336097,25.604467141074675,2.9682851388203986,1.3226285785325993,1.0527403512058826,-88.77217408695041,279247374.0,299041460.5,1.0
2025-10-16,132.798583417825,134.6736609660817,132.32005708264296,134.02911376953125,9950107,130.0447607421875,114.18352924346928,134.37489042519036,134.403209071536,141.00956443700017,131.73537269678883,136.3724685668945,50.66451613665604,65.09009336530241,32.82330478609173,0.7290612484810026,1.6541852388084681,-0.9251239903274655,24.20584070977641,2.924379334864567,9.786151661604752,3.70292674671245,-72.50778622701925,289197481.0,300514521.05,1.0
2025-10-17,134.1365422823876,134.4783446825035,131.07000684605995,131.36297607421875,15168999,130.28969284057618,114.30443553924565,133.77250755499605,134.12682425359804,141.3078154612356,131.02206582538545,136.16494064331053,43.93213764440598,65.09009336530241,32.82330478609173,0.41364769385563704,1.406077729817902,-0.9924300359622649,22.680375209359322,2.958947799263065,9.786151661604752,6.9649773005807,-96.98201189393643,274028482.0,300450541.9,1.0
2025-10-20,132.80836475496764,133.99982266051785,132.3884173447529,132.661865234375,6001026,130.5848223876953,114.43874561309818,133.55037909087184,133.9936461609414,141.24252289836463,130.59417296345177,135.9183479309082,47.58626699926895,60.863014836880055,32.82330478609173,0.2654299678926293,1.1779481774328475,-0.9125182095402182,21.263871530400596,2.9359405697656387,14.04208701094946,11.204796778052987,-83.00317639620005,280029508.0,299195980.2,1.0
2025-10-21,133.40408345305153,133.77518275941688,132.68139128500752,133.05250549316406,2918743,130.9057344055176,114.56944305419924,133.4508043713303,133.9080879184162,141.23684843266696,130.28928682123924,135.7630676269531,48.66977635358184,60.863014836880055,32.82330478609173,0.17744231186611614,0.9778470043195013,-0.8004046924533852,19.948546685653206,2.8057532094282274,14.512012345089195,12.780083672547802,-78.83217499311141,282948251.0,298718054.75,1.0
2025-10-23,133.79472817439805,136.18740463949416,133.25759307363143,134.62484741210938,12839861,131.34383895874024,114.67619022369387,133.6856129794861,133.9732478723883,140.43889253535625,130.48272764286637,135.4608100891113,52.89106934324261,60.863014836880055,32.82330478609173,0.231912964503465,0.8286601963562942,-0.5967472318528292,19.553199965565604,2.829263633492647,36.22880663657275,21.594301997537134,-58.35230849036485,295788112.0,296700598.1,1.0
2025-10-24,134.68342683496388,135.25961947144498,132.64232857243826,133.15992736816406,6291344,131.66279769897463,114.78029106140137,133.5804758572217,133.89930964473155,139.96899552211562,130.37545180454453,135.17222366333007,48.859509981551696,60.863014836880055,32.82330478609173,0.15508680036325018,0.6939455171576854,-0.5388587167944352,18.825912480197914,2.814122723886509,43.424591083771,31.38847002181098,-71.04209534332303,289496768.0,296216616.9,1.0
2025-10-27,133.3259554622762,137.88669343763615,133.30641921369934,137.5155792236328,16792519,132.08176055908206,114.92529087066652,134.36749653050393,134.22806142463165,140.01976838159447,130.35983519506573,135.1898017883301,58.89259875618995,62.45242792942771,32.82330478609173,0.44058739755161014,0.6432738932364703,-0.2026864956848602,19.24141288049459,2.950740105714051,67.82447599989244,49.15929124007873,-10.690254297542312,306289287.0,297119982.0,1.0
2025-10-28,138.0917776663963,138.91213622122626,135.27916872715318,136.82220458984375,21334243,132.4796290588379,115.07075832366945,134.85843814237188,134.4638926214691,139.72582635158517,130.47506018405943,135.1004432678223,56.97629885347764,62.45242792942771,32.82330478609173,0.6039373260146021,0.6354065797920967,-0.031469253777494544,19.98329179861169,2.999470633453982,75.17131620382139,62.14012776249494,-26.65005295628894,284955044.0,295910885.8,1.0
2025-10-29,137.19330920450514,137.3495694020937,135.21080451570234,136.21670532226562,8637758,132.82183105468752,115.21749267578127,135.13009157835063,134.62323923063244,139.22564707926216,130.68811787435118,134.95688247680667,55.28454620978266,62.45242792942771,32.82330478609173,0.6767336266729274,0.6436719891682628,0.03306163750466451,20.62841326634617,2.9379916515209374,87.69121618234924,76.89566946202102,-34.37116081629902,276317286.0,293451921.1,1.0
2025-10-30,136.6268764759371,137.9941308452565,135.7479389470688,137.47653198242188,14765768,132.99781524658204,115.39051055908206,135.5993796591649,134.88262948079512,138.80018628769417,130.9280256874035,134.86410598754884,58.073932213757494,62.45242792942771,32.82330478609173,0.826554694076691,0.6802485301499485,0.14630616392674256,21.459657691106504,2.888577383425707,85.86714909351775,82.90989382656278,-18.30630649056262,291083054.0,291035567.4,1.0
2025-10-31,137.65230274850686,140.279369357062,137.65230274850686,138.21873474121094,18213013,133.15895477294922,115.57642795562747,136.1232506755741,135.18591177719657,138.86467863414043,130.89283174183618,134.8787551879883,59.67008597012234,62.45242792942771,32.53694232346987,0.9937235032101057,0.74294352476198,0.2507799784481257,22.95160003855063,2.8824530970838795,90.13684793143858,87.89840440243518,-22.375431669556967,309296067.0,290151870.25,1.0
2025-11-03,138.67774601182313,139.6055166843607,136.29483024536142,136.5585174560547,8798368,133.29040557861327,115.7735248565674,136.21030403167023,135.3106941116382,138.87005571622007,130.89136243563541,134.88070907592774,54.65744109482681,66.56865891393906,32.53694232346987,0.9809327468410629,0.7905413691777966,0.1903913776632663,23.45307478641255,2.9130411929349798,87.55903679156296,87.85434460550643,-40.40292578951215,300497699.0,289606346.7,1.0
2025-11-04,136.18740789414696,137.50582909101016,134.8787622732173,137.1542510986328,8502046,133.4745933532715,115.95536739349367,136.39909344506276,135.47829020136498,139.1227657394964,130.89842871851147,135.01059722900393,56.083094271696744,66.56865891393906,32.53694232346987,1.0072556898705045,0.8338842333163383,0.1733714565541662,23.092738472618315,2.8926144518534005,81.78577369014695,86.49388613771616,-33.93414315807131,308999745.0,290093776.6,1.0
2025-11-06,137.69137535717596,140.48446282592397,136.64640213656654,137.92575073242188,17435511,133.67050003051756,116.14915237426759,136.70442490253458,135.70078661327923,139.34216162776562,130.81575615787892,135.07895889282227,57.92798014017797,66.56865891393906,32.53694232346987,1.0779445112941914,0.882696288911909,0.19524822238228245,23.73571173102342,2.960146325960831,78.09595382737677,82.48025476969556,-27.178544346850863,326435256.0,290976076.15,1.0
2025-11-07,137.70113099510678,138.3359174822402,135.55260569043492,137.97457885742188,4888203,133.87109436035152,116.34023056030274,136.95845569351204,135.90749499911038,139.6084359903581,130.73601286218098,135.17222442626954,58.04809823378243,66.56865891393906,32.53694232346987,1.1249383441897294,0.9311446999674731,0.1937936442222563,23.74581253238195,2.947515287806864,85.27744294480974,81.71972348744448,-26.659893825732752,331323459.0,292643478.2,1.0
2025-11-10,138.48242148343115,139.80082766914865,137.39839067199694,138.95118713378906,7609145,134.0841891479492,116.53935859680176,137.35700198156746,136.18419428408117,140.09789352938378,130.60203933194435,135.34996643066407,60.4785287405471,66.19150046675942,32.53694232346987,1.2268431373743454,0.9902843874488476,0.23655874992549775,24.20287648887162,2.9085811241886383,92.87477313505721,85.4160566357479,-18.938575576197515,338932604.0,294974270.55,1.0
2025-11-11,139.63480942921947,143.34590691011311,138.92189281609197,142.6232147216797,17177183,134.4009989929199,116.75053718566895,138.41024452958993,136.7695597784083,141.48623111476195,130.04283840428104,135.7645347595215,67.98807313530064,66.19150046675942,32.53694232346987,1.5856272343464468,1.1093529568283675,0.47627427751807927,25.508809889160048,3.0168263363195322,96.56459299782738,91.57226969256476,-6.751874612714037,356109787.0,298505939.0,1.0
2025-11-12,144.01976833314964,144.14673159991474,138.42383254689386,139.19534301757812,24925913,134.70472274780272,116.9552763748169,138.5672642271876,136.99008552742373,141.88274901108616,130.1453653077615,136.01405715942383,57.08380111659886,66.19150046675942,32.53694232346987,1.575207604759811,1.2025238864146564,0.37268371834515457,26.890750251853536,3.2101172446553434,80.99827305191558,90.1458797282667,-43.03907443533571,331183874.0,301118984.65,1.0
2025-11-13,141.470822073012,147.9164128863295,140.26960361389231,146.89097595214844,53618730,135.1418504333496,117.19357559204103,140.23200657217976,137.89016647512597,144.1013648602574,129.3916542437465,136.74650955200195,69.07530868966562,66.19150046675942,32.53694232346987,2.162989637844163,1.3946170367005577,0.7683726011436052,28.85461367307849,3.603756717805061,80.99827305191558,86.1870463672195,-6.713573875250079,384802604.0,306848087.1,1.0
2025-11-14,146.49058645067646,149.36180432939662,144.01001907690062,144.79129028320312,20695998,135.49088867187496,117.41914520263673,141.14386331438445,138.51754136676934,145.257368544941,129.4632415014457,137.36030502319335,63.834451889369525,66.19150046675942,32.53694232346987,2.431356879486202,1.6019650052576866,0.8293918742285156,30.895199781545614,3.728615898854414,68.88169440202755,76.9594135019529,-28.467171688861725,364106606.0,311091048.7,1.0
2025-11-17,146.0022741712021,146.1878312852047,144.1467328347598,144.97683715820312,10767304,135.84676300048824,117.65389541625977,141.9104580831482,139.10475007508148,146.33258228973816,129.48280009551573,137.90769119262694,64.09371099867526,71.11252966397043,32.53694232346987,2.628709803798472,1.8073139649658438,0.8213958388326281,32.79002973940795,3.608078938253735,76.36623579725062,75.41540108373124,-30.2765617484526,374873910.0,315374870.15,1.0
2025-11-18,146.94329402970135,146.94329402970135,144.54421739201553,144.76052856445312,11015324,136.2416725158691,117.90438171386718,142.4804721794092,139.61891175593345,146.94168535485682,130.2134522794205,138.57756881713865,63.52201121706088,71.11252966397043,32.53694232346987,2.7361188475183837,1.993074941476352,0.7430439060420317,34.667528632186276,3.5217216310703128,63.52731114103063,69.59174711343627,-31.770091857050954,363858586.0,319866375.35,1.0
2025-11-19,144.6818590610687,145.1734726018849,142.46959812739576,143.0202178955078,5986604,136.54786712646484,118.1283172607422,142.58842132262893,139.92812140498566,147.19590131131014,130.99507158908045,139.0954864501953,58.964956111650906,71.11252966397043,32.53694232346987,2.6502621891207525,2.1245123910052324,0.5257497981155201,35.241187824965294,3.4633039770288008,52.26929917384773,64.05428203737632,-43.78628750292904,357871982.0,323758499.05,1.0
2025-11-20,143.62981995218658,144.38690903782256,142.43028166169768,143.78713989257812,8625173,136.74205139160154,118.3529446029663,142.82816503661877,140.27894126749405,147.46483282767988,131.79960351265206,139.63221817016597,60.31604548607195,71.11252966397043,32.53694232346987,2.6139721210356583,2.2224043370113176,0.3915677840243408,35.75250089158754,3.3556842198213785,43.535539973664726,53.110716762847694,-38.49097734574354,366497155.0,327935944.25,1.0
2025-11-21,144.04277654696003,144.31807894695783,141.37822438637073,142.2631378173828,10000648,136.94931213378908,118.55965976715088,142.71515959277158,140.45932277202937,147.5582848493844,132.46998053147496,140.01413269042968,56.34586479955218,71.11252966397043,32.53694232346987,2.434178060314821,2.2647590816720182,0.16941897864280264,35.64776314116625,3.325982101304644,26.944675963424277,40.91650503697891,-49.013642883023266,356496507.0,330971364.0,1.0
2025-11-24,142.3712944836571,143.5511640644375,141.48638104593002,142.16481018066406,16912563,137.17511474609373,118.75028926849366,142.6050897103501,140.61436708190524,147.33051783535325,133.59823582675614,140.4643768310547,56.08933817065792,67.20548989363928,32.53694232346987,2.2577300467318935,2.2633532746839933,-0.005623227952099796,35.5505066586322,3.235896452533418,17.0019528384861,29.160722925191703,-49.692558516474726,339583944.0,333475722.8,1.0
2025-11-25,142.16481086999954,146.45168186981076,142.08615089718535,143.38401794433594,21768360,137.43409118652346,118.9721572494507,142.76087535714726,140.86615352394438,147.594856561996,133.92074097218367,140.75779876708984,58.60583470389929,67.20548989363928,32.53694232346987,2.1910169226879646,2.248886004284788,-0.057869081596823246,36.18354113339016,3.316584632539989,10.37909053325923,18.108573111723203,-43.28843795609377,361352304.0,336228873.65,1.0
2025-11-26,144.38690748037897,147.238260105657,142.56793132100344,146.45167541503906,17859160,137.74406860351564,119.21521728515627,143.49903536872563,141.37392824131663,148.26307321319993,134.21547140349927,141.2392723083496,64.16985547682273,67.20548989363928,32.53694232346987,2.3584933682060694,2.2708074770690443,0.08768589113702507,36.94235799081969,3.4132806434052436,27.2172052192941,18.199416197013143,-21.073843533156435,379211464.0,340941694.65,1.0
2025-11-27,147.15960964641397,159.28280252805897,146.99246282681986,157.07054138183594,90218203,138.26935302734375,119.49275474548341,146.2133365713477,142.8008930722729,151.88453206167173,132.67939616098448,142.2819641113281,76.13039558636999,67.20548989363928,32.53694232346987,3.309918713262931,2.478629724307822,0.8312889889551092,39.22480649746499,4.085983962663434,60.53451896130321,32.71027157128552,-10.108844417540187,469429667.0,350597313.7,1.0
2025-11-28,155.34988253858702,157.54247478121198,153.58007074960173,155.46786499023438,27495981,138.75086486816406,119.76383823394777,148.06424225512504,143.95243597390578,154.1607995444604,132.20226197897708,143.18153076171873,72.21237901402085,67.20548989363928,32.53694232346987,3.889768730564242,2.760857525559106,1.128911205005136,41.34422296792134,4.0771568247310634,80.8916762389472,56.214466806514835,-18.289194247219974,441933686.0,358139845.3,1.0
2025-12-01,155.60552110761932,158.69285371385638,154.00287107823857,157.61131286621094,24989252,139.23168884277345,120.04858985900881,149.97365637734222,145.1941520550244,156.61053611762557,131.69178321831194,144.15115966796876,74.12997372289914,74.94763475784396,41.10946109424938,4.470726623336134,3.1028313451145118,1.367895278221622,43.409954247764446,4.1209300969372595,90.15614410448562,77.19411310157867,-8.01328955052586,466922938.0,366021188.85,1.0
2025-12-02,157.31634521484375,161.7310405534634,156.23478934034938,157.31634521484375,37354552,139.66774505615234,120.32644466400149,151.44219414484255,146.29616961500798,158.41980324246668,131.95829886934973,145.1890510559082,73.37951563320749,74.94763475784396,41.10946109424938,4.851414428979012,3.452547961887412,1.3988664670916005,45.56426058497596,4.219167319521314,85.58073690232568,85.54285241525282,-20.570362324992953,429568386.0,372474723.2,1.0
2025-12-03,157.6211418370599,160.41350333920374,156.82473024692115,159.98089599609375,21310659,140.11548858642578,120.6246995162964,153.14993451509278,147.54023564965215,160.54445117863713,132.11631542292537,146.33038330078125,75.76616709623045,74.94763475784396,41.10946109424938,5.306944089123931,3.8234271873347163,1.4835169017892147,47.564687898100935,4.174139160432834,91.4915828364054,89.07615461440557,-8.599028964843514,450879045.0,379568688.2,1.0
2025-12-04,159.38112584820576,160.737969103321,157.16886477691708,157.5228271484375,12196009,140.5427828979492,120.92359512329104,154.02451304176174,148.44774396772354,161.7843110560961,132.836163187068,147.31023712158205,69.56965080434468,74.94763475784396,41.10946109424938,5.407277286984282,4.140197207264629,1.267080079719653,49.44786931787263,4.130922386573627,83.90661559647124,86.99297844506744,-20.676320026070528,438683036.0,385181077.2,1.0
2025-12-05,158.21107536603483,158.58469145997842,156.83454843211456,158.1619110107422,10982958,140.89262115478516,121.18816440582277,154.85199263555785,149.3308500625434,162.86787017863733,133.77133727985873,148.31960372924803,70.25088251690735,74.94763475784396,41.10946109424938,5.475245573047516,4.407206880421207,1.0680386926263097,51.01207692620096,3.960866718094358,78.70290960531047,84.70036934606236,-17.536293323829753,449665994.0,391098203.95,1.0
2025-12-08,158.2012368218719,160.19718666533967,155.25155547650806,156.60841369628906,11422591,141.24615631103512,121.45043609619142,155.2032768477041,149.99244675652028,163.49781231599056,134.90711779875554,149.20246505737305,66.36183164282274,76.1830326820551,41.10946109424938,5.342175406581731,4.5942005856533115,0.7479748209284196,52.611098479694206,4.031207037432734,63.06112773999038,75.22355098059069,-25.16913047864515,438243403.0,396063743.9,1.0
2025-12-09,156.50025463872197,157.60146418229388,152.94097736192353,156.90338134765625,13146291,141.64094360351558,121.72190773010256,155.54329774769454,150.62071353753265,164.2546223310684,135.57832444627536,149.91647338867188,66.73834832057983,76.1830326820551,41.10946109424938,5.200568844854843,4.715474237493618,0.48509460736122456,52.8635695153353,4.076155593356849,58.35195758488483,66.70533164339523,-23.719858550153482,451389694.0,400827739.25,1.0
2025-12-10,157.31633804887002,157.63097792633823,155.113903915158,155.35971069335938,10266182,141.97595031738277,121.96224590301516,155.5065803368275,151.05153146078962,164.32143134681945,137.12795219810238,150.72469177246091,62.77807796843146,76.1830326820551,41.10946109424938,4.9072159725624545,4.753822584507385,0.1533933880550693,53.10228834918529,3.964792623201376,45.92279879439563,55.77862803975694,-31.30441413019528,441123512.0,406324721.15,1.0
2025-12-11,155.84150065092302,158.4863840403451,154.46498866524314,157.64080810546875,11571887,142.34700805664062,122.21718032836915,155.93342589055575,151.6505566103059,165.06909352705938,137.45527323319456,151.26218338012697,65.98976271586181,76.1830326820551,41.10946109424938,4.8034262966889685,4.763743326943702,0.039682969745266305,53.4519486288213,3.9688356769085598,45.303954323861824,49.859570234380755,-20.204007118384016,452695399.0,409719360.9,1.0
2025-12-12,158.05376572031943,162.09482994164992,157.66048085808302,161.11160278320312,13731776,142.7825988769531,122.48195957183839,156.96906126908522,152.51065171693293,166.20035123544227,137.95604677481163,152.07819900512695,70.20266437174106,76.1830326820551,41.10946109424938,4.94424220815506,4.7998431031859745,0.1443991049690858,54.24688946119818,4.003491831142318,49.6502055896643,46.95898623597392,-4.914003349555484,466427175.0,414835389.35,1.0
2025-12-15,161.05260725737242,164.33658227828488,159.78423585521617,164.02195739746094,16406561,143.30452301025386,122.75869960784912,158.37964049476037,153.5571340515264,167.69444827220693,138.36646176197283,153.03045501708988,73.20045159866099,77.49177939983223,41.10946109424938,5.2303884646216545,4.88595217547311,0.3444362891485442,55.22517339325922,4.042695730565632,64.54403206784232,53.16606399378948,-1.4453117992537012,482833736.0,420233380.65,1.0
2025-12-16,163.70732164453997,165.90975587730242,163.24520368051012,164.9363555908203,17495643,143.872861328125,123.04951202392579,159.69098351397236,154.59160873691675,169.0789195277467,138.99957320906972,154.03924636840821,74.08269289097673,77.49177939983223,41.10946109424938,5.467915006171182,5.002344741612725,0.4655702645584574,56.2868349030399,3.94425690672468,76.29848405543154,63.49757390431272,-5.14555800285218,500329379.0,427056920.3,1.0
2025-12-17,164.69053721793534,164.69053721793534,162.30130259578573,163.3533477783203,7630563,144.4487985229492,123.33106590270997,160.42345636684195,155.38813046795343,169.70314143512746,140.4086642899702,155.05590286254883,69.7987847633312,77.49177939983223,41.10946109424938,5.465419052186661,5.094959603727513,0.37045944845914835,56.769032688477274,3.850742341603959,72.25856402386763,71.0336933823805,-19.71201910766396,492698816.0,433798262.0,1.0
2025-12-18,163.3533599726066,169.16423609637363,162.85191952138908,168.69229125976562,21614399,145.0914739990234,123.62938228607177,162.0772233454267,156.59759963084545,171.14792389869478,141.45439696312167,156.30116043090823,75.04092687178671,77.49177939983223,41.10946109424938,5.827078180180905,5.241383319018191,0.5856948611627137,57.67785862495305,4.026569072559716,77.71171385234078,75.42292064387999,-2.9090631193955385,514313215.0,441189065.0,1.0
2025-12-19,169.19372333781246,171.6517911193308,167.8368651215007,170.64889526367188,16822313,145.78226654052733,123.9418000793457,163.79155772907575,157.87499014292058,172.34219984074107,143.09869676570432,157.7204483032227,76.64110718583925,77.49177939983223,41.10946109424938,6.200106270172597,5.433127909249072,0.7669783609235248,58.7280727721366,4.0114517100790295,82.82369204715297,77.5979899744538,-5.359979895379441,531135528.0,449921016.05,1.0
2025-12-22,171.68129142125252,175.01443082390824,171.68129142125252,174.0803680419922,17655028,146.5559469604492,124.30133979797363,165.84931979165907,159.34820631556346,173.75497625443305,144.87747613814523,159.31622619628914,79.16409494277693,81.10677930599162,41.10946109424938,6.695443983733782,5.685591124146015,1.0098528595877667,59.9422346605418,4.036743413661696,98.13870432284125,86.22470340744499,-4.231611440070826,548790556.0,460381346.65,1.0
2025-12-23,174.10986820877494,175.21107783285223,172.63502746101884,174.97511291503906,8542554,147.36881225585938,124.67499759674071,167.6744784163351,160.76883418824303,174.90129677411926,146.89026511552925,160.89578094482425,79.77743656773369,81.10677930599162,41.10946109424938,7.078603390399621,5.9641935773967365,1.1144098130028848,61.08279714243419,3.932408196388246,99.99999999999999,93.6541321233314,-1.059559287220957,557333110.0,470180386.95,1.0
2025-12-24,175.11276481565866,175.309407248905,171.82877466873526,172.3695526123047,8846615,148.13210540771485,125.04040180206297,168.61349325552902,161.82344495406682,175.33991610083604,149.04343350853907,162.19167480468755,73.03513036533053,81.10677930599162,41.10946109424938,7.090280697507723,6.189411001418934,0.9008696960887885,61.73545599076388,3.9001385095154943,86.77929294995104,94.97266575759741,-13.14287436111603,548486495.0,478644138.5,1.0
2025-12-26,172.27123098984777,173.03814694630617,170.36376796891338,171.75010681152344,5686108,148.9222689819336,125.3972388076782,169.24081596672792,162.72586875929017,176.5021444952445,149.34916165709936,162.92565307617193,71.4882737021812,81.10677930599162,41.10946109424938,6.96921418537903,6.3453716382109535,0.6238425471680769,61.617711643680835,3.812584257221016,70.5254191794965,85.7682373764825,-15.912160376768703,542800387.0,482312674.5,1.0
2025-12-29,171.75010407735397,173.09713541767331,170.47192083884144,171.986083984375,9026929,149.7116830444336,125.75192100524902,169.78986957025734,163.56770650702515,177.42717076595193,150.07595728580594,163.75156402587893,71.73387794075622,81.47670601251318,41.10946109424938,6.813764650515594,6.439050240671882,0.37471440984371185,61.515717764375914,3.727772137336077,54.75314051774426,70.68595088239726,-14.857204020672821,551827316.0,487807356.0,1.0
2025-12-30,172.55635966800537,176.9513860973847,171.09134585726054,175.6338653564453,58790880,150.54377807617192,126.12680938720702,170.95866872749497,164.66463003879062,178.98411699774152,150.3212663030398,164.65269165039066,75.27893344242092,81.47670601251318,41.10946109424938,6.905315071394369,6.532303206816381,0.37301186457798874,61.8571555629456,3.8800770018209407,59.15292039567936,61.477160030973366,-5.859189961021283,610618196.0,494992118.9,1.0
2025-12-31,175.48638086873217,177.31518400262794,173.73623770867508,176.18447875976562,12570359,151.44020812988285,126.51162410736083,172.0038307339491,165.7118890134247,180.37133462320497,150.82086203206853,165.59609832763675,75.7728591540041,81.47670601251318,49.422109084933716,6.9422731362065235,6.614297192694409,0.3279759435121141,62.211162861002066,3.85856766554465,65.72525431937696,59.87710507760019,-4.948339505056188,623188555.0,504673127.35,1.0
2026-01-01,176.1844726783372,182.44762472585305,175.81084156621412,181.77903747558597,26287021,152.4225515747071,126.94079734802247,173.95887208227649,167.17253887362116,182.86630667846273,150.50570412475994,166.68600540161134,80.11926771953308,81.47670601251318,49.422109084933716,7.338404245384567,6.759118603232441,0.5792856421521257,62.988205829171314,4.057011629408526,81.4975329811292,68.79190256539516,-2.69731459918795,649475576.0,514602953.9,1.0
2026-01-02,181.89701958133145,186.81315524569172,180.6876544086983,185.61361694335935,25388934,153.473773803711,127.39837997436526,176.28982105449307,168.84900051632462,185.73257741005804,150.44851237265684,168.09054489135744,82.44408319347014,81.47670601251318,49.422109084933716,7.8710272172936016,6.9815003260446735,0.889526891248928,63.993572467169805,4.204760858521732,90.31846015324304,79.1804158179164,-4.4379809825289,674864510.0,526412027.6,1.0
2026-01-05,185.8299247974753,188.58296372097183,182.92940780782112,184.6107177734375,17083159,154.47349121093754,127.84970058441165,177.95400039828195,170.28188390333486,187.86780973901284,150.95816071997154,169.4129852294922,79.81523141296309,85.3623865563861,49.422109084933716,8.118622749054282,7.208924810646596,0.9096979384076862,65.02634914201487,4.3082462195666595,93.07027879431347,88.29542397622856,-15.114135779369253,657781351.0,536817795.45,1.0
2026-01-06,184.69922335188187,185.99707536888508,181.8183600442077,183.02772521972656,9072320,155.4708471679688,128.28871593475344,178.96874536257087,171.44059675027955,189.11164147583816,152.35626013549,170.73395080566408,75.71153752992163,85.3623865563861,49.422109084933716,8.09380932664422,7.385901713846121,0.7079076127980981,65.48398005538942,4.298994012788854,75.32311450042306,86.23728448265985,-21.137318812476448,648709031.0,547341076.85,1.0
2026-01-07,183.07688995178987,183.696327849159,181.4643980468457,182.99822998046875,9482575,156.3805001831055,128.72758380889894,179.77464228615045,172.49129068029674,189.9821337871468,154.09525268746253,172.03869323730467,75.63350761085893,85.3623865563861,49.422109084933716,7.97977857117823,7.504677085312543,0.4751014858656868,65.74587228227264,4.151346569183457,54.60176239334733,74.33171856269462,-21.70426391243634,639226456.0,556732914.95,1.0
2026-01-08,182.8802513383484,183.1752224862395,180.92362389343157,181.42507934570312,9093468,157.2725576782227,129.14124050140381,180.104729698061,173.30345328624279,189.9189853534026,156.7649379864411,173.34196166992186,71.40643680394382,85.3623865563861,49.422109084933716,7.6740070902343405,7.538543086296903,0.13546400393743774,65.73003786303347,4.015650285156634,28.198150265700516,52.70767571982363,-34.50231541583041,630132988.0,566183388.75,1.0
2026-01-09,181.0121179334976,187.5603991194292,180.8154605081473,184.6107177734375,25410790,158.24043792724615,129.56653106689456,181.00592731313628,174.3313864214423,190.24598744053935,159.13492686610124,174.6904571533203,74.5128384493382,85.3623865563861,49.422109084933716,7.601114470166152,7.551057363070752,0.0500571070953999,66.10366415963702,4.210599451308439,21.99321322617039,34.93104196173941,-21.8025317999316,655543778.0,576325807.7,1.0
2026-01-12,186.44937164233465,186.46902538353015,180.26486438806157,183.8733062744141,13071854,159.168373413086,129.9800735855103,181.57940310539186,175.19883368080338,190.50694505640567,161.15013959935604,175.82854232788085,72.54806152347722,83.98978622264701,49.422109084933716,7.398557631499273,7.520557416756456,-0.12199978525718347,66.19565558964922,4.352996704462735,12.828901546011831,21.00675501262758,-25.849974448107194,642471924.0,585128045.15,1.0
2026-01-13,183.9126440447424,184.74837813251048,180.96296255245412,182.5852813720703,6855429,160.0557043457032,130.38312152862554,181.78057875872756,175.87032892546398,190.61647142867213,162.89694562455048,176.7567085266113,69.11972699107224,83.98978622264701,49.422109084933716,7.052796781285565,7.4270052896622785,-0.3742085083767135,66.28107620323198,4.312455195576566,12.828901546011831,15.883672106064683,-32.91957795790128,635616495.0,592767183.1,1.0
2026-01-14,182.1035108721092,184.54191005445145,181.0612774688511,183.7553253173828,7446179,160.99964050292974,130.79799346923832,182.17552807045863,176.58714677927478,190.70772674826216,164.6875872776167,177.69765701293943,70.48422879178834,83.98978622264701,49.422109084933716,6.794864614718165,7.300577154673456,-0.5057125399552911,66.36039534441596,4.25303929486398,6.861222341169013,10.839675144397557,-26.497538471442027,643062674.0,599903847.85,1.0
2026-01-15,183.7553253173828,183.7553253173828,183.7553253173828,183.7553253173828,0,161.9316619873047,131.20101387023928,182.49148751984347,177.23879937364822,190.0882458340036,167.3472659457815,178.71775588989254,70.48422879178833,83.98978622264701,49.422109084933716,6.515346653849463,7.143531054508658,-0.6281844006591957,66.43404883265825,3.949250773802267,6.827105590139913,8.839076492440253,-26.65577258586419,643062674.0,607422040.75,1.0
2026-01-16,182.81142138567435,183.5291880252424,180.667993346257,181.15960693359372,26684199,162.79633911132814,131.60655376434332,182.2251114025935,177.59523642455235,189.72125649592635,168.9609868512416,179.34112167358398,63.288979565735524,83.98978622264701,49.422109084933716,6.015036281768602,6.917832099960647,-0.902795818192045,64.87588098901095,3.8876851450396637,6.827105590139913,6.838477840482946,-42.43950928506652,616378475.0,612525303.75,1.0
2026-01-19,180.02888831308152,185.3383086608444,179.28162611400109,184.8270263671875,10612728,163.73338806152344,132.0407468414307,182.74549439551234,178.25267187388283,189.8510869812805,170.24896947623898,180.05002822875974,68.22451003668901,79.26640465033363,49.422109084933716,5.847065474621331,6.703678774892784,-0.8566133002714524,63.741756700177625,4.042613530882782,12.002265524710914,8.55215890166358,-25.298084915647323,626991203.0,617318087.5,1.0
2026-01-20,185.76109777503385,186.5673512373512,176.489272975518,177.75762939453125,15758631,164.50951690673827,132.42798137664795,181.74792139531613,178.2076680121236,189.69551141248203,170.7722711802913,180.23389129638667,53.3383300312814,79.26640465033363,49.422109084933716,5.084890690865336,6.379921158087295,-1.2950304672219586,61.45246085259529,4.473718154522099,8.588712729640974,9.139361281497267,-84.75752263618983,611232572.0,620440188.3,1.0
2026-01-21,176.9022215021445,180.12720525318417,173.86405330422656,178.20008850097656,20759934,165.22105438232424,132.8181239318848,181.03835481644825,178.20697896565568,189.58543578905397,171.20484436231322,180.3951400756836,54.014627867415214,79.26640465033363,49.422109084933716,4.465093615891277,5.996955649648092,-1.5318620337568145,58.3368744952683,4.601534854124636,9.363242118344317,9.984740124232069,-70.5410585839491,631992506.0,624173158.1,1.0
2026-01-22,182.1919883432162,188.22900226012217,181.43489925998912,187.0884552001953,20314511,166.17891662597657,133.2499013900757,182.24837489319768,179.01438589606838,189.96583002580846,172.29634038434776,181.1310852050781,64.99161789727816,79.26640465033363,49.422109084933716,4.637656856622584,5.72509589104299,-1.087439034420406,56.964522284514516,4.9892047759118485,15.445541047768055,11.132498631917782,-10.153662726802537,652307017.0,629364184.2,1.0
2026-01-23,188.7796056925769,195.8686797784346,186.81315146661257,189.7431640625,32467563,167.0359603881836,133.70646800994874,183.74733272705814,179.98972936574398,190.50022562298858,173.56125051226536,182.03073806762697,67.48787086976476,79.26640465033363,49.422109084933716,4.931776833600225,5.5664320795544375,-0.634655245954213,56.5959906906458,5.27965645704829,36.526620339212705,20.445134501775026,-27.837399208363788,684774580.0,636462893.85,1.0
2026-01-27,189.0352391775956,190.89353781941207,184.8466970809383,189.7628326416016,23069013,167.93539123535157,134.18124610900878,184.95043270996683,180.87819329991285,190.64945755306576,175.18969344791083,182.9195755004883,67.50635741356643,81.98070242145204,49.422109084933716,5.107579131461478,5.474661489935846,-0.3670823584743683,55.66183555983781,5.334455334292968,56.93459006826028,36.30225048508035,-27.74801537299333,707843593.0,644263707.7,1.0
2026-01-28,190.647734119333,193.39094620807035,186.2822182733823,192.0537567138672,20044566,168.87692962646483,134.65733066558838,186.37109751074692,181.89415361027233,191.6968805876028,175.78425954911594,183.74057006835938,69.66962612576911,81.98070242145204,49.422109084933716,5.369861722371553,5.4537015364229875,-0.08383981405143448,55.07470737600134,5.4611890914640435,67.9726303378203,53.81128024843109,-17.33691353061112,727888159.0,650127205.85,1.0
2026-01-29,193.10580158557252,193.10580158557252,188.70094826097244,190.8050537109375,10560396,169.79782012939452,135.12031036376953,187.25788875078504,182.70423543760552,192.18778847827238,176.7554091535636,184.471598815918,67.04939223690087,81.98070242145204,49.422109084933716,5.414547139832393,5.445870657104869,-0.031323517272475954,54.529516919581766,5.3857365366880465,68.47577854439113,64.46099965015723,-23.011642908059592,717327763.0,654834166.25,1.0
2026-01-30,189.66450623273093,194.6789705666504,188.70094785193788,193.3909454345703,14239171,170.80523468017577,135.587054977417,188.4845000875421,183.67575452823868,193.61620773447632,176.48818069325804,185.05219421386718,69.59925425536373,81.98070242145204,49.422109084933716,5.594134802237306,5.475523486131357,0.118611316105949,54.20461355983097,5.428042692261224,75.5097491721761,70.65271935146251,-11.26006090932048,731566934.0,658938734.15,1.0
2026-02-02,186.5870119662988,191.7292855260177,182.40829676893688,191.13934326171875,14956648,171.7522787475586,136.02706745147708,189.01546872237742,184.35426259491868,194.31487447306216,176.34208658650817,185.32848052978517,64.89055709729857,82.9992849941863,55.092005608725415,5.491471574637728,5.478713103832631,0.012758470805096955,52.05769510416494,5.824800261787811,72.25937619136295,72.08163463597673,-21.492464424511702,716610286.0,661026022.95,1.0
2026-02-03,199.5951144695496,199.5951144695496,192.73219305952435,196.51760864257807,16548292,172.83736816406253,136.49529071807865,190.51589670641755,185.46002132652407,196.19571070482493,175.65193944165947,185.9238250732422,70.09501004269909,82.9992849941863,55.092005608725415,5.777491964311906,5.538468875928487,0.23902308838341924,51.08392439640193,6.012726757933742,83.25180204832591,77.00697580395499,-11.960275587541613,733158578.0,664794884.3,1.0
2026-02-04,198.3562412190381,201.7483717248225,195.7113579107274,197.54998779296875,22146705,173.94507171630863,136.9576881027222,191.92271492372782,186.55910918710993,198.05091436737013,175.2489620364385,186.64993820190432,70.98414602395978,82.9992849941863,55.092005608725415,6.018096680876255,5.634394436918041,0.38370224395821406,50.41093247363863,6.014461547659554,88.36866563612335,81.2932812919374,-15.056433757953148,755305283.0,670124696.9,1.0
2026-02-05,197.8744629890688,199.4574592930956,196.6454290574597,198.12026977539065,14809572,175.03979675292967,137.41554767608648,193.16222589406038,187.6101237860445,199.75376917388994,175.0583112094109,187.40604019165042,71.48843638685503,82.9992849941863,55.092005608725415,6.183514931131242,5.744218535760681,0.43929639537056087,49.78601140250128,5.78571645394358,99.24332002164512,90.2879292353648,-13.011262799065083,770114855.0,676669116.85,1.0
2026-02-06,198.12026570432877,199.59510639195403,195.91783154311375,198.45455932617188,9580410,176.07985443115234,137.87361526489263,194.22069258048268,188.59598156241972,201.2028500737295,175.31217830761824,188.25751419067387,71.79785419104807,82.9992849941863,55.092005608725415,6.269315690440294,5.849237966696604,0.4200777237436899,49.00146496259456,5.635113482150487,99.99999999999999,95.87066188592281,-11.812418539223646,779695265.0,684147230.7,1.0
2026-02-09,199.39846316782905,202.918418061854,197.4221670525096,202.34814453125,9662823,176.98540649414065,138.3319340515137,195.84618297063614,189.84617819594976,203.40163926301892,174.88713179411008,189.1443855285645,75.1768847054399,84.32396525849708,55.092005608725415,6.575692704088169,5.994528914174918,0.5811637899132513,48.66779675025535,5.6251947340929105,100.0,99.74777334054836,-1.96278092934139,789358088.0,690837946.2,1.0
2026-02-10,203.23304227124504,207.4609218788253,201.4828992015952,206.21221923828125,12114047,178.00029357910157,138.80971717834475,197.91939022416517,191.33400010888897,206.18287843461317,174.3397839189025,190.26133117675784,77.99473017638763,84.32396525849708,55.092005608725415,7.049040281677037,6.205431187675342,0.8436090940016951,48.824621481451,5.650396730031282,99.99999999999999,99.99999999999999,-3.716723294527957,801472135.0,698787956.75,1.0
2026-02-11,206.9693180035071,211.80679384961215,199.16249192158773,202.8889312744141,53661132,178.90584594726562,139.28427078247074,198.91329843421497,192.38444839666397,207.7179699545643,174.83505738918575,191.27651367187502,70.5745237341703,84.32396525849708,55.092005608725415,7.074460109944681,6.37923697212921,0.6952231378154714,49.34884360090646,6.1499613870307925,81.12508028947892,93.70836009649295,-29.36222022265601,747811003.0,704397682.15,1.0
2026-02-12,202.93807132928865,208.78828468872427,201.1977701309817,207.4805908203125,36604082,179.909130859375,139.77597682952884,200.62675691143448,193.75682498063202,210.00602565962686,174.9195282344162,192.46277694702152,74.2234265837381,84.32396525849708,55.092005608725415,7.380041533360554,6.579397884375479,0.8006436489850755,49.83562128325797,6.252858042081635,71.53194388962582,84.21900805970157,-14.71572855383626,784415085.0,711465302.7,1.0
2026-02-13,206.59567641977756,209.29955098363104,200.38168885996976,201.19776916503903,26832686,180.73346832275394,140.23530914306644,200.74095936215542,194.43327445194174,210.78953155671294,175.88026672209574,193.33489913940434,62.75604862960014,84.32396525849708,55.092005608725415,7.034160390791499,6.670350385658684,0.36381000513281503,50.031596436971554,6.443215476480181,38.19861055629249,63.61854491179908,-36.08696272962478,757582399.0,717191288.95,1.0
2026-02-16,201.5123947321505,203.4198577405677,199.5951048535861,202.4071350097656,11066053,181.6311544799805,140.70680599212648,201.07419449167747,195.15817086628934,211.3097422426576,177.48480884376812,194.39727554321286,63.9118298633016,85.00560658198508,55.092005608725415,6.779483148292087,6.692176938185365,0.08730621010672213,49.95995465579107,6.256182434373139,26.26837110688855,45.332975184268946,-31.973263170739763,768648452.0,724804787.8,1.0
2026-02-17,202.4071438663945,204.75705617994203,200.44068954533864,204.1966094970703,7435573,182.5518484497071,141.1996295166016,201.69867749275608,195.97984710545126,212.18884663625232,178.54266276316167,195.365754699707,65.61232426275181,85.00560658198508,55.092005608725415,6.645440730525763,6.682829696653445,-0.03738896612768183,50.042204577705064,6.117624162961015,8.776036724994597,24.414339462725213,-25.88630409118531,776084025.0,732259428.9,1.0
2026-02-18,205.0028552187418,206.1335604094536,203.6263432471921,204.8455352783203,7339062,183.5165908813477,141.68600536346437,202.32804904986895,196.78581875753025,211.85088161254077,181.58941837525214,196.72014999389646,66.23369118931508,85.00560658198508,55.092005608725415,6.516456383138745,6.649555033950505,-0.13309865081175953,50.26991279431867,5.859737948625335,16.383087131635747,17.142498321172965,-23.678960703973306,783423087.0,740868954.65,1.0
2026-02-19,204.806209013639,205.1110070157941,198.8871776395383,200.07688903808597,9638504,184.3800610351563,142.15587917327883,201.87781704751237,197.0850069648535,210.2262567544107,185.40172328709326,197.813990020752,57.94733598530986,85.00560658198508,55.092005608725415,5.960733831028904,6.511790793366185,-0.551056962337281,48.96616421237072,5.885744479170368,13.85491295822743,13.004678938285924,-39.89967507297061,773784583.0,747958558.5,1.0
2026-02-20,199.1624928312173,205.8484405769276,198.42507245491515,205.3470001220703,14624480,185.3798068237305,142.6390524673462,202.57165366242396,197.8360972518732,210.48631357105123,186.96752096264018,198.7269172668457,63.39744660299214,85.00560658198508,55.092005608725415,5.877817800251819,6.384996194743312,-0.5071783944914934,47.865635360626854,5.9955747393733745,16.669093692226674,15.635697927363283,-33.8659445543872,788409063.0,754763660.8,1.0
2026-02-23,206.24171793574695,208.1983453306736,205.4551482319414,207.22494506835935,8533992,186.3714895629883,143.1466818237305,203.50231194361106,198.68962887155377,211.14564898771687,188.0563636465605,199.60100631713868,65.13161552905197,85.99740089118076,55.092005608725415,5.895678993503623,6.287132754495375,-0.39145376099175255,47.18630896649303,5.7709869157469385,21.007535178890237,17.177180609781445,-28.46675789739609,796943055.0,760372084.55,1.0
2026-02-24,205.4944774913615,207.48060056552265,205.120846367736,206.65467834472656,12888307,187.28235107421878,143.6482690429688,204.13278522383416,199.41372427820582,211.41706478650661,189.47413241808323,200.44559860229492,64.13787175828394,85.99740089118076,55.092005608725415,5.796994218314211,6.189105047259143,-0.392110828944932,46.44740417272968,5.527327435892633,31.300702982429865,22.99244395118226,-32.425751949694224,784054748.0,764182642.3,1.0
2026-02-25,206.92999423255904,210.11564062201435,206.11391389123952,208.06069946289065,13401777,188.16312591552736,144.1337111282349,204.9183680716455,200.199812931359,211.97247677880827,190.51941470068394,201.2459457397461,65.53414409450305,85.99740089118076,55.092005608725415,5.765775703380456,6.104439178483406,-0.33866347510295025,46.14457886821535,5.418355956955647,34.85344649802995,29.053894886450017,-23.576708877894347,797456525.0,767661060.6,1.0
2026-02-26,208.10001824573047,209.3192253007444,206.7923393516294,208.3654937744141,7744469,189.03170867919926,144.62293235778813,205.60779321219923,200.9421475534549,212.1006248006553,192.14731068518458,202.12396774291994,65.84459519822754,85.99740089118076,55.092005608725415,5.699923983444165,6.023536139475558,-0.32361215603139293,45.8633839425949,5.211822384967029,36.03893667924742,34.06436205323574,-23.923457478168476,805200994.0,772054722.15,1.0
2026-02-27,208.3654883103577,210.50893122151265,206.8906476385662,207.5592498779297,13962660,189.91582672119145,145.0980701828003,205.99808454534534,201.54370231022534,212.19102186112437,193.4737440690515,202.83238296508793,64.19732316274899,85.99740089118076,55.092005608725415,5.519058604476015,5.92264063247565,-0.4035820279996347,45.77810524583115,5.097998184822702,36.13778810418974,35.67672376048904,-31.741386974068288,791238334.0,775038292.15,1.0
2026-03-02,196.6945960407497,209.3290560246213,196.6945960407497,205.5043029785156,17727577,190.65206695556648,145.5513456344605,205.8993282319794,201.90375691643357,211.17495428733312,195.92630761452247,203.5506309509278,60.07219414475265,86.50974767364742,59.1526007771161,5.150532317245961,5.768218969429713,-0.6176866521837514,42.782901195357596,5.636316884754766,27.874697730744554,33.3504741713939,-41.704661034813206,773510757.0,777883315.7,1.0
2026-03-04,203.33137369512608,203.7049898029713,193.83339600880535,197.09771728515625,28728295,191.18104339599614,145.9674583435059,204.13900604261477,201.46684422268106,211.09493755770671,196.06433520840665,203.57963638305668,46.8183836592696,86.50974767364742,59.1526007771161,4.132494546102635,5.441074084764297,-1.3085795386616628,40.03517228738002,6.067359033680157,14.743715656222363,26.252067163718884,-80.42448872127727,744782462.0,778464509.9,1.0
2026-03-05,197.6679756710723,200.5685077076949,193.63675343862045,199.63442993164065,17821008,191.6921246337891,146.3872340393067,203.23809082041996,201.30026110531375,210.89889494778822,196.46882203219235,203.68385848999029,50.37627695325026,86.50974767364742,59.1526007771161,3.490151494401033,5.050889566691645,-1.5607380722906123,37.52322940153366,6.129101550494035,10.460095326349618,17.692836237772177,-64.45226828334135,762603470.0,778829419.25,1.0
2026-03-06,199.09367458527356,199.09367458527356,190.86405298982004,191.4048309326172,23585465,192.02071899414068,146.76387046813971,200.87143884285942,200.40067654415952,212.1120763877636,194.5840967079396,203.3480865478516,40.832336850912505,86.50974767364742,59.1526007771161,2.290625234662542,4.498836700285825,-2.2082114656232825,35.739183610150576,6.317764078445933,6.108398898609201,10.43740329372706,-97.24723189210344,739018005.0,777274576.75,-1.0
2026-03-09,187.2556110934433,187.2556110934433,179.59627805808995,183.8044891357422,22595249,192.24941772460943,147.09605167388924,197.45804890143597,198.8919322343034,214.8596799911259,190.37148608553437,202.61558303833013,34.3583342402468,67.17961835859353,59.1526007771161,0.7184263951205878,3.7427546392527775,-3.0243282441321897,35.713173195175195,6.709963278166026,6.108398898609201,7.558964374522672,-86.38676837149782,716422756.0,774110951.3,-1.0
2026-03-10,188.28800050263504,191.8964423672776,187.7963869242992,190.31344604492188,17754507,192.6206845092774,147.46458637237558,196.02912833013318,198.11206985345052,215.43919277305406,188.5885034549733,202.01384811401368,42.732470769187614,67.17961835859353,59.1526007771161,-0.0023074880631384076,2.9937422137895946,-2.996049701852733,34.68562304584951,6.80867684626384,8.7571688920706,6.991322229763,-65.33080505845102,734177263.0,771351910.05,-1.0
2026-03-11,191.12952483800373,192.1029251162566,180.79581290606907,181.56272888183597,28300159,192.81221740722663,147.787389907837,193.13584844047375,196.60758431057644,216.84952788234094,184.71321931004186,200.7813735961914,36.070152753638425,67.17961835859353,59.1526007771161,-1.265021643304408,2.1419894423707944,-3.4070110856752023,34.542103158919055,7.129993657972675,10.569407480488678,8.478325090389493,-93.63868635490398,705877104.0,766572158.5,-1.0
2026-03-12,181.56272558156627,181.86752359166977,174.04102902892842,175.47654724121094,44243228,192.80907104492192,148.07907890319834,189.6039882006212,194.68658094063412,219.0104429680299,179.81106582103263,199.41075439453127,32.29846926050214,67.17961835859353,59.1526007771161,-2.725418771668018,1.168507799563032,-3.8939265712310496,35.035698147153155,7.179743722599009,10.569407480488678,9.965327951015986,-96.06361176274507,661633876.0,762263302.15,-1.0
2026-03-13,173.63791791916444,173.63791791916444,166.5685124230644,167.78770446777344,27176714,192.64113555908207,148.33298290252696,185.24073145405166,192.24122853401042,221.18286325851875,173.66935689528987,197.4261100769043,28.27589253896886,67.17961835859353,59.1526007771161,-4.45190063169531,0.0444261133113637,-4.496326745006673,36.05619538354119,7.303193086566691,1.8122385884180772,7.650351183131811,-97.22535178760722,634457162.0,754765406.0,-1.0
2026-03-16,166.46036239507717,171.96642552927165,165.8704200936589,169.87216186523438,21338066,192.402998046875,148.59972625732433,182.1670175362882,190.20767701866714,222.52244199111368,169.19721743271447,195.85982971191407,30.792370305626818,49.69658883715863,59.1526007771161,-5.587541947512449,-1.0819674988533987,-4.5055744486590505,37.05210147250807,7.216965397212838,2.2327785173401327,4.871474862082295,-91.0352257042945,655795228.0,749676047.45,-1.0
2026-03-17,171.08151811564224,173.63791461736287,168.8200927491748,173.1561279296875,20890037,192.15384826660159,148.87776229858412,180.36483961496808,188.65753619239624,222.70595588374235,166.088602832078,194.39727935791018,34.68067216284644,49.69658883715863,59.1526007771161,-6.151644922597825,-2.095902983602284,-4.05574193899554,37.620486978342974,7.045598002282498,7.915504803248709,3.9868406363356392,-83.67842553000737,676685265.0,745077888.1,-1.0
2026-03-18,173.68706481016557,176.99070853468393,172.56618649307123,175.6240234375,12316122,191.97411437988282,149.17961288452165,179.4166763794745,187.47267139649657,222.0679326452215,163.86936746464187,192.9686500549317,37.52152794996572,49.69658883715863,59.1526007771161,-6.326632570003341,-2.9420489008824955,-3.384583669120845,37.453921335276924,6.858378290806084,16.118818338678363,8.755700553089067,-78.14980137687658,689001387.0,740723756.2,-1.0
2026-03-19,172.99880528506787,172.99880528506787,165.07399725766305,165.7425994873047,19935868,191.6284118652344,149.43151924133318,176.68186100104055,185.49721031384277,221.94941195979362,160.07759457096813,191.01350326538088,31.596115082597496,49.69658883715863,59.1526007771161,-7.179894516903573,-3.7896180240867112,-3.390276492816862,37.941345844511986,7.12206742573686,16.967044192983565,13.667122444970211,-98.52844018619327,669065519.0,735005877.8,-1.0
2026-03-20,168.21050561503998,169.7738332106684,163.5401765694484,166.05723571777344,38794799,191.28959197998046,149.68534057617202,174.55693594438713,183.7299398960183,221.8497805677837,156.7752606309468,189.31252059936526,31.96453857628005,49.69658883715863,59.1526007771161,-7.74148324304835,-4.579991067879039,-3.161492175169311,38.51222952135707,7.058609512557086,15.151272920736304,16.07904515079941,-94.5029029356588,707860318.0,731709664.55,-1.0
2026-03-23,164.25791806147814,164.25791806147814,158.2110773558028,159.26312255859375,23531787,190.84635284423828,149.90638771057144,171.49817326722845,181.50568377443423,221.2470358403141,152.76961760206868,187.0083267211914,28.406628484239647,48.69659089495525,59.1526007771161,-8.63523291591062,-5.391039437485356,-3.244193478425265,39.42876400204244,7.114863001800913,7.145144409814342,13.087820507844736,-97.68750334671108,684328531.0,726505637.95,-1.0
2026-03-24,163.51067140727338,165.19198136391543,159.5777629669438,164.32675170898438,16357599,190.4406735229492,150.15687915802016,170.06388895557964,179.94396267757514,219.14430983821885,150.58252426822648,184.86341705322266,34.27814319519023,48.69659089495525,59.1526007771161,-8.833120699849474,-6.079455689958179,-2.7536650098912947,40.07943640680521,7.030148416338111,13.117150977868139,11.804522769472928,-85.56174370736255,700686130.0,721692791.7,-1.0
2026-03-25,167.02078503579543,170.01963073373483,166.94212506634153,168.08267211914062,13077297,190.12486083984373,150.40634956359878,169.66764558829186,178.86566353589927,216.38374874221006,149.48588474167673,182.9348167419434,38.31895159311677,48.69659089495525,59.1526007771161,-8.587881059676874,-6.581140763901919,-2.0067402957749554,39.6912955623881,6.93462917408185,32.40703362019467,17.556443002625716,-75.85379738002122,713763427.0,718178225.65,-1.0
2026-03-27,167.14861044813068,167.14861044813068,160.11854253924847,160.35450744628906,21631702,189.6802453613281,150.6143958282472,167.8050179598913,177.18283116411652,213.249785087291,147.84922919493556,180.54950714111328,33.72436087127846,48.69659089495525,59.1526007771161,-8.914365918804123,-7.04778579488236,-1.8665801239217625,39.91265037742899,7.008164917354016,44.77268387972076,30.098956159261185,-93.6756765059375,692131725.0,712911985.65,-1.0
2026-03-30,156.6280821811405,158.1324184645673,150.98435314862198,151.5447998046875,51508097,189.0360348510742,150.78313003540052,164.55297432885055,174.85210104053206,210.1051201459887,145.31182473926523,177.70847244262697,29.397148315945184,45.4508200789211,59.1526007771161,-9.771339384757454,-7.592496512857379,-2.1788428719000743,40.74054114471301,7.176878444519235,38.3050145036118,38.494910667842404,-98.63699873500796,640623628.0,704683117.35,-1.0
2026-04-01,151.5644515146789,160.1283661598066,145.51761084879328,146.60899353027344,89347607,188.293108215332,150.9302126693727,160.96417816913515,172.2845458123267,206.69939116632804,142.62252808416025,174.66095962524415,27.284795325459417,45.4508200789211,42.710219439235324,-10.725142579292338,-8.219025726144372,-2.506116853147967,41.81893478366862,7.7078696492688135,15.148176847623953,32.74195841031884,-97.65723877011084,551276021.0,692685001.7,-1.0
2026-04-02,144.92767644746775,146.6384970958539,140.729307303421,145.9502410888672,33940797,187.58892089843746,151.08564758300795,157.96139075308156,169.89051811019402,202.70565733184625,140.6608557296772,171.68325653076172,27.005882503612956,45.4508200789211,42.710219439235324,-11.40275048966069,-8.855770678847636,-2.5469798108130544,43.06558518109086,7.579392516637676,2.5853415635901746,18.67951097160864,-87.30879883351295,517335224.0,679876225.05,-1.0
2026-04-06,146.50084721615832,148.97858386651984,142.71541663929645,148.37881469726562,23012980,186.85995666503902,151.2542751693727,156.04487554191837,167.9349087090187,199.5088904456919,138.98573235704245,169.24731140136717,29.85278081756241,38.475057125238855,42.710219439235324,-11.609961635978351,-9.406608870273779,-2.2033527657045724,43.77591090515197,7.485376424536656,8.388228668472134,8.707249026562087,-78.90454551091763,540348204.0,669654512.15,-1.0
2026-04-07,147.48406572464535,150.8761962357412,143.6888084998836,150.3649139404297,20832098,186.312102355957,151.43048946380625,154.90888322162064,166.3376364573288,194.54851873747796,139.0191524661353,166.78383560180663,32.1822751958201,38.475057125238855,42.710219439235324,-11.48156402881267,-9.821599901981557,-1.6599641268311132,44.072707006498064,7.464091518202437,23.64018388137353,11.537918037811947,-73.42737370915135,561180302.0,659583353.75,-1.0
2026-04-08,162.33079983594698,170.2556078431736,160.2070257041705,169.58700561523438,102302775,186.13984069824212,151.7058416748048,157.8445077003434,166.63303365350203,190.98921914669086,140.3966695251841,165.69294433593748,49.620117308398456,38.475057125238855,42.710219439235324,-9.716737347957007,-9.800627391176647,0.08389004321963967,41.5223965959786,8.351705974241115,56.97351721470686,29.667309921517507,-20.41758638126323,663483077.0,655806607.35,1.0
2026-04-09,169.90165522700374,171.8189451769045,166.17521591141045,167.52224731445312,34385107,185.74851654052728,151.97216407775886,159.78005562316534,166.71387125904303,188.72745546937858,141.03020902036752,164.87883224487305,48.1868367718971,38.475057125238855,42.710219439235324,-8.388016395805266,-9.518105192102372,1.1300887962971053,38.978490087527376,8.158279066473469,79.8059694597184,53.473223518599596,-26.11168046111668,629097970.0,651440368.05,1.0
2026-04-10,169.99997012753616,175.3880657716118,169.242896015659,175.0341033935547,39293953,185.45433532714839,152.2788046646119,162.8308651772432,167.47025599854408,185.3708585875762,142.8588716370332,164.1148651123047,53.45445462820217,38.475057125238855,42.710219439235324,-6.65216939398249,-8.944918032478395,2.2927486384959046,36.21630179914402,8.137389022950984,97.88734758015032,78.22227808485852,-1.0212782964570621,668391923.0,648151101.05,1.0
2026-04-13,169.1150657796952,171.08152003294748,167.54189637595127,169.17405700683594,21624635,185.04255981445309,152.550553970337,164.09950354316175,167.6251469992979,183.2817930702742,143.70906996683522,163.4954315185547,49.24813365512205,53.87002612833675,42.710219439235324,-5.683835193842668,-8.29270146475125,2.6088662709085817,33.83955251518157,8.091304593997586,92.58608978664104,90.09313560883658,-17.929115292687026,646767288.0,645195610.25,1.0
2026-04-15,173.99188438277048,176.08614802618695,172.0647525529212,172.5366973876953,21564266,184.65221862792967,152.8354053878785,165.78694231206848,168.0716515800613,182.80089502079244,143.8959830309654,163.34843902587892,51.60162879702384,53.87002612833675,42.710219439235324,-4.592150930372952,-7.552591357875591,2.960440427502639,31.78031314916235,8.007075052951404,92.3636119488592,94.27901643855019,-10.038936075547545,668331554.0,645530494.15,1.0
2026-04-16,174.81779207424876,174.90627891797638,171.81894623523712,173.76573181152344,15255848,184.31143218994143,153.11636737823494,167.3827002119595,168.58929523746696,183.56515458768462,143.72952619844824,163.64734039306643,52.46919919759368,53.87002612833675,42.710219439235324,-3.5864679103078174,-6.759366668362036,3.1728987580542185,29.837639550692312,7.6556648836505365,91.12188715811268,92.02386296453764,-6.5628494153591515,683587402.0,647987006.15,1.0
2026-04-17,174.49331779557156,174.49331779557156,170.26543818847563,171.8484344482422,21780071,183.88058197021485,153.37839187622075,168.27584705921606,168.88558062026468,183.81304762472956,143.67926041970406,163.7461540222168,50.93527894862163,53.87002612833675,42.710219439235324,-2.910614987267195,-5.989616332143068,3.0790013448758735,27.832405462331387,7.41082307818235,93.24820899450785,92.24456936715991,-11.985554962822608,661807331.0,648287611.3,1.0
2026-04-20,172.37938697272287,174.46382367942533,169.89180854072384,173.00865173339844,11967504,183.51796813964845,153.6356945419312,169.22240799405253,169.2604052669132,183.79121782250294,143.68634260230178,163.73878021240236,51.85256759161626,52.32557263630921,42.710219439235324,-2.2553782414848342,-5.242768714011421,2.987390472526587,25.920015229444616,7.208051082505146,93.56446903482349,92.64485506248134,-8.704104297437798,673774835.0,648142089.8,1.0
2026-04-21,173.04798168150455,175.8796807281158,173.02831293733198,173.6477508544922,11828616,183.06057098388675,153.89421512603764,170.1074765661405,169.65925486578402,183.4639797571149,143.81595340938898,163.63996658325195,52.38068850601392,52.32557263630921,42.710219439235324,-1.665331536508404,-4.527281278510818,2.8619497420024143,24.338647585416567,6.898263790520305,93.45291834800024,93.42186545911052,-6.896535781616652,685603451.0,647972193.0,1.0
2026-04-22,173.53958277524265,178.34756268374565,172.65468438829555,175.96815490722656,19948964,182.6289343261719,154.16145671844484,171.27961223435773,170.2327912331879,184.71715728674246,143.5853314217536,164.15124435424804,54.339017115137295,52.32557263630921,42.710219439235324,-0.9989626376733156,-3.821617550343318,2.8226549126700022,23.207720624388248,6.81216482658672,96.62785430511437,94.54841389597937,-6.325141217908747,705552415.0,649796537.8,1.0
2026-04-23,174.03120320775275,174.80794604454223,166.41119289780875,167.76805114746094,33563795,182.0218899536133,154.38601314544678,170.57730001697837,170.00872395266725,184.85025452844067,143.62331572302415,164.2367851257324,46.98532990622927,52.32557263630921,42.710219439235324,-1.1196338842348723,-3.281220817121629,2.1615869328867565,21.85701985705575,7.008221768217513,89.6787480920851,93.25317358173324,-28.123344448924335,671988620.0,648002952.9,1.0
2026-04-24,167.8270355178679,169.31170303269516,165.54594145240247,167.05027770996094,13081619,181.3938043212891,154.6068586349487,169.8718955555749,169.7397742942394,185.1379790340136,144.11430673258792,164.62614288330076,46.39349149175084,52.32557263630921,42.710219439235324,-1.2586758030880958,-2.8767118143149224,1.6180360112268266,20.72109919357298,6.776617469080026,80.21570819581717,88.84077019767221,-31.705317326921467,658907001.0,646731876.4,1.0
2026-04-27,167.81720091616077,168.61362750130607,164.93635259969474,166.46035766601562,15010298,180.67604858398443,154.8275622558594,169.18958797766305,169.4416455098554,185.2602905352529,144.20535582705176,164.73282318115233,45.88195894022885,50.0003775087526,42.710219439235324,-1.400327044406481,-2.581434860333234,1.1811078159267532,19.753376492570208,6.555235857117977,67.49263094058946,79.1290290761639,-34.2978427749287,643896703.0,643892405.05,1.0
2026-04-28,166.4210260173023,169.12490074494266,164.20876487650563,164.71022033691406,17796360,179.84600860595708,155.04110218048095,168.29371444951326,169.0115159486789,185.03112231211853,144.09727887196348,164.564200592041,44.32065989454199,50.0003775087526,42.710219439235324,-1.6349613133517096,-2.3921401509369296,0.75717883758522,18.96342315499795,6.43815728649791,43.12727403760126,63.61187105800263,-75.17606762239828,626100343.0,639509250.85,1.0
2026-04-29,165.52629107746043,166.4210163513787,162.3406298187119,162.95022583007812,16722649,179.04723449707035,155.24596420288083,167.22501672562623,168.46048957426063,185.0812746701708,144.30669835229017,164.6939865112305,42.74538188170475,50.0003775087526,42.710219439235324,-1.9405579654825829,-2.30182371384606,0.36126574836347736,18.51258022714781,6.2697450897956895,20.61025607810563,43.74338701876545,-96.19167509162327,609377694.0,635371549.3,1.0
2026-04-30,161.95716892641553,161.95716892641553,157.57196946419052,159.37127685546875,22015141,178.08504821777348,155.4328094100952,165.65426875159477,167.63419750891592,184.69553676491103,145.4750839626281,165.08531036376957,39.65852543358334,50.0003775087526,45.01019882982376,-2.4433711243518985,-2.3301331959472282,-0.11323792840467028,18.758206432025567,6.206067323802255,0.0,21.245843371902296,-91.33932123014121,587362553.0,632708495.55,1.0
2026-05-01,159.37127685546875,159.37127685546875,159.37127685546875,159.37127685546875,0,177.24851837158207,155.6170910644531,164.3976703723696,166.8830229040571,183.55182738120297,147.89502167885567,165.72342453002932,39.65852543358334,50.0003775087526,45.01019882982376,-2.8094683727611596,-2.4260002313100144,-0.38346814145114516,18.986287907983478,5.762776800673523,0.0,6.8700853593685425,-91.33932123014121,587362553.0,634512822.15,1.0
2026-05-04,159.56791968504206,161.29840898533422,156.4314378339724,158.07342529296875,19498224,176.36184417724613,155.79756908416746,163.13282135648942,166.08215039395813,182.02398018730463,150.63518729316417,166.3295837402344,38.48954068543369,46.443375125369656,45.01019882982376,-3.167812286070273,-2.5743626422620665,-0.5934496438082064,19.592433019129444,5.6987906828655435,0.0,0.0,-92.50785679379204,567864329.0,637039277.4,1.0
2026-05-05,157.3163422630655,158.94850291473014,155.92998839618693,157.56214904785156,12578926,175.4291549682617,155.98415809631345,162.01868689476186,165.30760481703936,180.70892135501367,152.86857956051375,166.7887504577637,38.01416927301333,46.443375125369656,45.01019882982376,-3.4532512088024703,-2.750140355570147,-0.7031108532323231,20.221733947504852,5.507342385413949,0.0,0.0,-92.71928072712822,555285403.0,637786137.35,1.0
2026-05-06,160.7576396472437,166.27354458020832,157.8079581858264,164.9855194091797,22189983,174.6319546508789,156.19150585174557,162.6120533976454,165.27832432541575,179.1566923367133,155.8828691256891,167.5197807312012,48.04714860890373,46.443375125369656,45.01019882982376,-3.0453547096542195,-2.8091832263869616,-0.2361714832672579,19.266099149304072,5.736203324481293,20.48611097413869,6.82870365804623,-59.605214655100355,577475386.0,638600891.55,1.0
2026-05-07,166.15555738982587,169.90165033866376,163.61882960492142,167.91552734375,28275087,173.98872741699216,156.41850875854487,163.67274818686633,165.51807005435523,179.0345518476956,155.8378617875583,167.43620681762695,51.39142910420943,46.443375125369656,45.01019882982376,-2.457339956741521,-2.7388145724578736,0.2814746157163528,18.028496568600954,5.775247425142796,47.80083178208801,22.762314252075566,-46.53507648142471,605750473.0,635714261.35,1.0
2026-05-08,167.14860703926462,167.14860703926462,164.46440125643343,165.7425994873047,15023366,173.1966394042969,156.63879756927486,164.08671844695402,165.53848182098702,178.97007108207956,155.72437777045948,167.34722442626952,48.87854328135377,46.443375125369656,45.01019882982376,-2.141979737660364,-2.619447605498372,0.477467867838008,16.879294172233774,5.609238758155208,69.98454851747763,46.09049709123478,-56.22804249359151,590727107.0,633795718.2,1.0
2026-05-11,163.5893365572285,163.5893365572285,158.29956973654689,158.81085205078125,15637259,172.22835754394532,156.82857822418208,163.03154516771946,164.92687911460467,178.16453898886914,154.90758472939257,166.53606185913085,41.84869312724141,49.644255606821396,45.01019882982376,-2.423452526904498,-2.5802485897795977,0.15679606287509973,16.55015578830579,5.7402238290553935,57.32806407607684,58.371148125214155,-87.14908393905428,575089848.0,629130614.45,1.0
2026-05-12,158.10293207171063,158.76169247583098,152.49854019849144,153.3342742919922,15383319,171.16194946289068,156.99830051422114,161.09209099257401,163.8730059489126,178.69812327821626,152.7900221685611,165.74407272338868,37.28596667957976,49.644255606821396,45.01019882982376,-3.053239946222476,-2.6748468610681737,-0.37839308515430226,17.020194608592693,5.781087259286423,30.01334326812752,52.441985287227325,-96.2538935403845,559706529.0,624777576.5,-1.0
2026-05-13,153.3342608821528,154.72061467247974,150.19776408101706,150.64022827148438,25946243,170.01354003906252,157.14210083007805,159.0017184483561,162.6700261600555,178.82928617533352,150.46921235982276,164.64924926757814,35.24994937586394,49.644255606821396,45.01019882982376,-3.72677803483154,-2.8852330958208467,-0.841544939010693,17.73237771503837,5.691213211584727,7.82962653273789,31.723677958980748,-97.75443186850711,533760286.0,618049013.1,-1.0
2026-05-14,151.50545970535688,152.7738310614938,147.3759089004546,151.7512664794922,43395207,168.88125549316408,157.29536277770993,157.55162805458332,161.67741164364065,178.1600913098618,148.93696069209136,163.54852600097658,36.783076205444374,49.644255606821396,45.01019882982376,-4.123378582990938,-3.132862193254865,-0.9905163897360731,18.718064350782768,5.670263850831477,3.1660187611510437,13.669662854005484,-80.57618839743974,577155493.0,612727417.65,-1.0
2026-05-15,152.00691423755956,154.71078873723712,149.56850025034038,150.5615692138672,23889114,167.74130187988283,157.4397464370727,156.1536162864401,160.66688051366125,177.64112159467157,147.32724388384406,162.48418273925782,35.805435919369536,49.644255606821396,45.01019882982376,-4.482020064043269,-3.4026937674125457,-1.079326296630723,19.220348556100223,5.632551324836139,4.313139002199172,5.102928098696035,-85.85768942544578,553266379.0,607300370.05,-1.0
2026-05-18,149.45052589516663,149.45052589516663,146.26486454742587,148.60494995117188,18556084,166.603314819336,157.57337036132807,154.64388301938646,159.57034137161676,176.7784893517818,145.74950594851123,161.2639976501465,34.19569132471264,43.04315057917847,45.01019882982376,-4.868013415577991,-3.695757697045635,-1.172255718532356,20.08298370876995,5.5371337063793655,4.313139002199172,3.9307655885164623,-90.09981549769991,534710295.0,600347143.05,-1.0
2026-05-19,148.08383803625873,150.59107020794838,146.52051050671713,148.84092712402344,22007430,165.63817901611333,157.72209079742427,153.48329184031388,158.594940076381,175.33466944741437,144.7126434798317,160.02365646362304,34.577707822286364,43.04315057917847,45.01019882982376,-5.096129532871117,-3.9758320642107314,-1.120297468660386,20.630541223226224,5.432378420297357,1.8876457954468802,3.5046412666150744,-89.10146836651323,556717725.0,593902856.75,-1.0
2026-05-20,147.48407293742864,151.9085951255515,146.30420335450034,151.0335235595703,24202471,164.66616088867193,157.8778678131103,152.99333818416517,157.90753857485277,172.61080763540033,144.9430421570801,158.77692489624022,38.1694432478694,43.04315057917847,45.01019882982376,-5.041869458594249,-4.189039543087435,-0.8528299155068142,20.842175136993347,5.4446650882083425,8.443503998074167,4.881429598573407,-79.82526450820495,580920196.0,587671245.8,-1.0
2026-05-21,153.38342538686038,155.82182435887782,151.17116444378067,151.888916015625,23665678,163.87584259033207,158.0352360916137,152.77245375045715,157.36039106946842,171.4622657063947,144.50367057290214,157.98296813964842,39.563464949275144,43.04315057917847,45.01019882982376,-4.873664367340552,-4.325964507938059,-0.5476998594024938,20.206745614024385,5.397781924715426,18.848744516382002,9.72663143663435,-76.20636105995446,604585874.0,584301108.5,-1.0
2026-05-22,152.40020037708624,156.0774751291482,151.46613763341054,155.55636596679688,18694921,163.31088012695318,158.21777786254881,153.3292361937251,157.19638878740736,170.22356969174132,144.59297541323917,157.40827255249025,45.261709348373664,43.04315057917847,45.01019882982376,-4.393779306950421,-4.339527467740531,-0.05425183920988985,19.564037233523578,5.341607322645587,39.559305980487544,22.28385149831457,-60.690503770545035,623280795.0,582519798.2,-1.0
2026-05-25,157.4146715497486,163.01906326265066,157.4146715497486,161.32791137695312,30680951,162.7311694335938,158.4333279418945,154.92897123037073,157.57198175009333,169.3965844603004,144.90671601577384,157.15165023803712,52.803341885740934,45.605869279965866,45.01019882982376,-3.5073212433621848,-4.173086222864862,0.6657649795026774,18.648803440360286,5.4931137493033155,65.18966087014546,41.19923712233833,-36.27286314406124,653961746.0,583023050.35,-1.0
2026-05-26,161.52454959930878,161.5442183424505,157.05086321586768,157.84727478027344,24236258,162.25686035156255,158.63489295959468,155.5126319403513,157.5970083892006,168.5352548996974,145.08175102071283,156.80850296020512,48.46655999283715,45.605869279965866,45.01019882982376,-3.050490964863087,-3.948567171264507,0.89807620640142,17.730069062393262,5.421702419108995,80.34893859720438,61.69930181594579,-50.99837035735568,629725488.0,583204307.6,-1.0
2026-05-27,158.1422552634384,161.34758545651871,156.7755700899818,160.87562561035156,21717793,161.96484191894535,158.8406129455566,156.58523067435135,157.89506450021432,168.23788232159134,145.1716635768462,156.70477294921878,52.14895037265132,45.605869279965866,45.01019882982376,-2.416234230706692,-3.6421005831529447,1.2258663524462525,16.821745774435023,5.361010486782417,91.05892244048823,78.86584063594603,-30.037630618001078,651443281.0,585307586.95,-1.0
2026-05-28,160.87562561035156,160.87562561035156,160.87562561035156,160.87562561035156,0,161.82660034179693,159.0494092178344,157.44330966155138,158.16602460113586,168.40557489162808,145.15440588229768,156.77999038696288,52.14895037265132,45.605869279965866,45.01019882982376,-1.8917740061601478,-3.2920352677543856,1.4002612615942378,15.978302721330945,4.978081166297959,89.88665996894304,87.09817366887854,-15.664032620107882,651443281.0,588511623.35,-1.0
2026-05-29,162.88140699303673,162.92072947626494,152.2625511816641,152.83282470703125,87249539,161.48581359863283,159.22404640197746,156.52121267064737,157.68118824712633,168.1394098313811,144.76672572770093,156.45306777954102,42.741695012317756,45.605869279965866,45.01019882982376,-2.100904397949421,-3.053809093793393,0.952904695843972,16.050874122639804,5.383802389748165,79.63126356314153,86.85894865752427,-60.798124271756585,564193742.0,587353182.8,-1.0
2026-06-01,154.39615806330727,154.95660473981152,146.913798856586,147.26776123046875,34095725,160.96804626464848,159.37535068511954,154.67052238261164,156.7345130637938,168.26393184264538,143.56163731018665,155.91278457641602,37.67712473190169,44.43191592302592,43.44113271533774,-2.6847477526332284,-2.9799968255613605,0.2952490729281321,16.847092858361396,5.573731210710833,53.70675544521127,74.40822632576527,-94.01405760974096,530098017.0,585464867.2,-1.0
2026-06-02,143.05954382722362,147.6217169958951,143.05954382722362,146.5500030517578,43162735,160.38656585693363,159.54450260162346,153.0464185164409,155.80864851724508,168.3682033375068,142.35615121571587,155.36217727661133,37.067065812488444,44.43191592302592,43.44113271533774,-3.168836529075975,-3.0177647662642837,-0.1510717628116911,18.039299947467853,5.50147706485088,26.689401282742477,53.34247343036509,-82.51230829566558,486935282.0,582047361.15,-1.0
2026-06-03,147.19000244140625,147.8000030517578,142.1999969482422,145.83999633789062,50124149,159.98851379394534,159.6876426315307,151.60513408073086,154.90240741003103,167.24587218285868,141.56393006323506,154.40490112304687,36.43853876708708,44.43191592302592,43.44113271533774,-3.568634977491172,-3.1279388085096613,-0.44069616898151054,19.243605949556326,5.5085148533269335,15.398066705856214,31.931407811269985,-82.51602961113936,436811133.0,575014148.5,-1.0
2026-06-04,145.83999633789062,147.22000122070312,144.10000610351562,144.44000244140625,23281041,159.55616912841802,159.82700546264644,150.17210775286594,153.95127968561061,165.129264721422,141.33298503443737,153.2311248779297,35.172104970541604,44.43191592302592,43.44113271533774,-3.9528796000147395,-3.2929269668106773,-0.6599526332040622,20.361890094352763,5.337906300745545,10.910629754149584,17.66603258091609,-89.24060541747832,413530092.0,565403129.45,-1.0
2026-06-05,146.0,146.52999877929688,143.8000030517578,145.2899932861328,22386114,159.2767065429688,159.96881153106685,149.1956848595193,153.1638900129308,163.0474724258647,141.3695167098775,152.2084945678711,36.61255298225003,44.43191592302592,43.44113271533774,-4.141073358252839,-3.46255624509911,-0.6785171131537293,21.43854121718623,5.1516269740879395,9.488493975561868,11.932396811855888,-85.15785342519372,435916206.0,557662584.4,-1.0
2026-06-08,140.6999969482422,142.42999267578125,140.30999755859375,141.02000427246094,28542451,158.81057159423833,160.07837852478022,147.56054874210764,152.0599004001608,162.77883021912209,139.85907413878806,151.31895217895507,32.68371373708231,41.26391255681459,43.44113271533774,-4.581952795475871,-3.6864355551744628,-0.8955172403014084,22.869089033088013,5.139367599334448,5.470706712882862,8.623276814198103,-96.87346576420207,407373755.0,549276779.75,-1.0
2026-06-09,141.75,144.3800048828125,141.02000427246094,143.8000030517578,24754008,158.32491821289062,160.1539919281005,146.8084396040377,151.30900064121508,162.73420652684038,138.95027070704631,150.84223861694335,37.39405479511268,41.26391255681459,43.44113271533774,-4.6533888873109674,-3.879826221601764,-0.7735626657092034,23.659708049569552,5.012269957264242,11.525471104034057,8.828223930826262,-84.63166411755732,432127763.0,542897841.45,-1.0
2026-06-10,145.10000610351562,145.3000030517578,141.0,141.5399932861328,15750037,157.94862792968752,160.21088310241691,145.75475034045672,150.4209090634803,162.98705998965406,137.78739374569747,150.38722686767576,35.23550018692184,41.26391255681459,43.44113271533774,-4.836612941849182,-4.071183565651248,-0.7654293761979343,24.14198476518048,4.961393749728069,12.031580064024974,9.675919293647297,-94.58367973580117,416377726.0,537028713.45,-1.0
2026-06-11,140.89999389648438,140.89999389648438,138.02999877929688,138.5800018310547,20433240,157.68933197021485,160.25385322570793,144.31980063857634,149.3444629514416,163.36272217464577,136.09460509586202,149.7286636352539,32.58265574288531,41.26391255681459,43.44113271533774,-5.161171129805865,-4.289181078482172,-0.8719900513236931,25.00661431912472,4.857722375235775,12.031580064024974,11.862877077361334,-97.79902504103669,395944486.0,527968163.1,-1.0
2026-06-12,143.22000122070312,153.4499969482422,142.6999969482422,152.4499969482422,69272916,157.80615203857425,160.37637889862052,145.94583990050953,149.62678422387802,163.5074940417373,136.138676002208,149.82308502197264,51.14432085566209,41.26391255681459,43.44113271533774,-4.250199488460055,-4.281384760477748,0.0311852720176935,23.319266103786727,5.572884713946612,35.849526418164665,19.97089551540487,-42.06679448465604,465217402.0,523565714.25,-1.0
2026-06-15,159.0,160.8000030517578,157.25,157.6999969482422,55366732,158.04114715576173,160.52422679901113,148.29667131005607,150.36071265336565,164.38961209699113,136.1660626466612,150.27783737182617,56.074163034971114,45.25420638025485,43.44113271533774,-3.069236527423186,-4.0389551138668365,0.9697185864436504,22.797456266457207,5.771250527487256,64.95516987077545,37.612092117655024,-20.974605332332363,520584134.0,522859406.2,1.0
2026-06-16,160.0,160.88999938964844,157.25999450683594,158.5,30648520,158.2435708618164,160.6770024871825,150.33733704804484,151.10064786669605,165.31956298363397,136.202019047616,150.760791015625,56.78968410407269,45.25420638025485,43.44113271533774,-2.0451856845626537,-3.640201228006,1.5950155434433464,22.324631170965596,5.618304410010488,98.28850320410879,66.3643998310163,-17.76054520088246,551232654.0,522585152.65,1.0
2026-06-17,159.89999389648438,160.25,158.07000732421875,159.57000732421875,24024482,158.42767272949214,160.83337028503408,152.1838711032796,151.87058963556177,166.2711306181741,136.10409978954075,151.18761520385743,57.78028221895662,45.25420638025485,43.44113271533774,-1.1342029791409232,-3.139001578232985,2.004798599092062,21.885579296580527,5.3727107147084,99.99999999999999,87.7478910249614,-13.461726748159863,575257136.0,522301999.65,1.0
2026-06-18,159.30999755859375,159.5,157.3000030517578,158.4499969482422,11460094,158.2049325561523,160.99170665740957,153.43709627227213,152.46871757307818,166.9448422581625,136.086496242814,151.51566925048826,56.32472554773999,45.25420638025485,43.44113271533774,-0.49689025726002,-2.610579314038392,2.113689056778372,21.32017282555432,5.151088825976438,98.0744791278934,98.78766077733405,-10.673676186611115,563797042.0,520262558.05,1.0
2026-06-19,157.88999938964844,158.17999267578125,155.52999877929688,156.66000366210938,15870225,157.98768768310543,161.15496089935291,154.08167775023958,152.84974358117194,167.06861395754407,136.0730883129637,151.5708511352539,53.984113306020774,45.25420638025485,43.44113271533774,-0.13470009334386646,-2.115403469899487,1.9807033765556206,20.42935571002891,4.991725207617073,93.05261868065267,97.04236593618202,-18.503917824147464,547926817.0,516494859.15,1.0
2026-06-22,156.94000244140625,158.3000030517578,155.5500030517578,157.19000244140625,19817368,157.6308056640625,161.31573795318593,154.70334268847293,153.24431256846597,166.41738069955065,136.3105306774024,151.36395568847652,54.58588177035329,47.51214890186597,43.44113271533774,0.19288127779751107,-1.6537465203600876,1.8466277981575987,19.623460517347585,4.831601978501567,88.82682324493724,93.31797368449443,-16.185463033481895,567744185.0,512183981.1,1.0
2026-06-23,157.10000610351562,157.19000244140625,150.3000030517578,151.4600067138672,20941481,157.27652465820313,161.43634109497057,154.0546754935518,153.08210294532063,165.78667355909315,136.30251101121937,151.04459228515626,47.37288733139584,47.51214890186597,43.44113271533774,-0.00975840430618291,-1.3249488971493066,1.3151904928431237,18.60922675760533,4.978630365012058,76.98465201921329,86.2880313149344,-41.25106047246175,546802704.0,508037841.9,1.0
2026-06-24,151.4600067138672,155.6300048828125,150.8000030517578,154.91000366210938,18034532,156.9239907836914,161.57497550964342,154.22574112726332,153.24827573775596,164.87970067934,136.61292169614828,150.74631118774414,51.526171840214765,47.51214890186597,43.44113271533774,0.1068029506496373,-1.038598527589518,1.1454014782391553,17.667438266416095,4.96801404115796,73.73310043869682,79.84819190094912,-26.159210708118597,564837236.0,503707539.65,1.0
2026-06-25,156.60000610351562,162.1999969482422,156.50999450683594,160.67999267578125,60935591,156.66227600097656,161.75330020904528,155.5165914369669,153.9238863684855,164.84064183119872,136.6324172508325,150.7365295410156,57.55885102155459,47.51214890186597,43.44113271533774,0.6571928457865397,-0.6994402529143064,1.3566330987008461,17.240259319794347,5.133869701513307,77.6659698751952,76.12790744436843,-6.2888059065470125,625772827.0,502424016.95,1.0
2026-06-26,160.67999267578125,160.67999267578125,160.67999267578125,160.67999267578125,0,156.43890716552735,161.91814773559557,156.54927168472977,154.53807785096694,165.89939571699017,136.35838016191605,151.1288879394531,57.558851021554595,47.51214890186597,43.44113271533774,1.0809206229361337,-0.34336807774421846,1.4242887006803522,16.843593155074156,4.767164722833785,91.1407359738087,80.84660209590024,-6.2888059065470125,625772827.0,505502971.2,1.0
2026-06-29,160.0,160.63999938964844,156.60000610351562,157.36000061035156,62382187,156.12593414306647,162.03455810546862,156.71141746985415,154.79461628363828,166.53756735680298,136.72943246009152,151.63349990844725,53.14519632363011,49.64769166585996,43.44113271533774,1.1357402194955455,-0.047546418296265686,1.1832866377918112,15.640653018578186,4.718080569221773,93.28250447854312,87.36307010918233,-20.024810527744542,563390640.0,507167602.35,1.0
2026-06-30,159.05999755859375,159.8699951171875,155.75999450683594,157.6999969482422,21647894,155.80697906494143,162.1635575866698,156.90913336553177,155.05874179860226,167.12853729754102,137.25346190900194,152.19099960327148,53.53811703395043,49.64769166585996,44.97874642338623,1.192869352363914,0.20053673583577025,0.9923326165281438,14.685630867320473,4.67464628644533,87.9635723013102,90.79560425122067,-18.618123048854006,585038534.0,512072764.95,1.0
2026-07-01,157.88999938964844,165.75,157.88999938964844,162.32000732421875,41112595,155.5340161132813,162.32078422546374,157.99130815726917,155.7188568463856,168.2917431960465,137.73825710912925,153.01500015258787,58.616562105594554,49.64769166585996,44.97874642338623,1.5925825280239962,0.4789458942734155,1.1136366337505808,14.541062878958394,4.915743198253364,88.25649830052723,89.83419169346018,-14.880660397655243,626151129.0,521539764.75,1.0
2026-07-02,164.0,165.55999755859375,162.6199951171875,164.72999572753906,27360903,155.47325500488284,162.4922582244872,159.33904567132316,156.53805129012682,169.6005662021194,138.45843343166962,154.0294998168945,61.010632043263556,49.64769166585996,44.97874642338623,2.0798488200108807,0.7991264794209085,1.2807223405899721,14.40682117547932,4.7960465579763385,94.38814182355001,90.20273747512914,-6.6019707050944625,653512032.0,533538861.75,1.0
2026-07-03,166.0,167.5500030517578,163.7100067138672,164.35000610351562,20821054,155.41924957275393,162.65924423217766,160.34123775776166,157.2482290004349,170.6342747708578,139.33072614466957,154.98250045776368,60.417144063331854,49.64769166585996,44.97874642338623,2.407595616431678,1.1208203068230624,1.2867753096086154,14.620303197507225,4.727757256541644,98.54939851989054,93.73134621465593,-18.55070694633152,632690978.0,543377600.35,1.0
2026-07-06,164.60000610351562,167.35000610351562,162.64999389648438,166.1199951171875,13906092,155.41244232177738,162.8358126068114,161.49698922964683,158.05475319286694,171.18468911435923,141.2903108856408,156.2375,62.258788383039736,51.5843916262542,44.97874642338623,2.778136012251622,1.4522834479087745,1.3258525643428474,14.565676024829406,4.7257754672909025,98.54939851989054,97.16231295444369,-8.289901069972828,646597070.0,555338766.1,1.0
2026-07-07,166.69000244140625,167.0,163.58999633789062,164.16000366210938,9030277,155.4014379882813,162.99965126037586,162.02959211613936,158.60977596279807,171.38710663037895,143.12389343065624,157.2555000305176,58.986014677023825,51.5843916262542,44.97874642338623,2.8804331748137315,1.737913393289766,1.1425197815239656,14.514950793057146,4.631791766920793,91.22082254127018,96.10653986035041,-19.652170374773547,637566793.0,565610717.6,1.0
2026-07-08,161.83999633789062,163.85000610351562,155.00999450683594,156.22000122070312,25876039,155.26683349609377,163.11290069580065,160.86767393705213,158.3925237135167,170.05865138589215,145.92034946860005,157.9895004272461,47.98213109552423,51.5843916262542,44.97874642338623,2.2943645669674027,1.8492036280252935,0.4451609389421092,14.28271226294732,4.9545215803745535,60.70234303666067,83.4908546992738,-65.68117003509964,611690754.0,575376369.0,1.0
2026-07-09,157.10000610351562,158.85000610351562,155.00999450683594,155.19000244140625,17319661,155.18320800781254,163.21128303527817,159.73213963792296,158.10138541605212,166.88839063569242,150.7516102798349,158.82000045776365,46.7634112751969,51.5843916262542,44.97874642338623,1.7268822557254566,1.8247393535653262,-0.09785709783986962,14.067062199273911,4.8749137243963485,27.369009703327347,59.76405842708607,-71.6521774513134,594371093.0,585297699.35,1.0
2026-07-10,157.7100067138672,157.89999389648438,155.6999969482422,157.49000549316406,17409676,155.14558258056647,163.31076446533186,159.2837128089712,158.0458054230623,166.59937867528916,151.54462309473033,159.07200088500974,49.82793310620233,51.5843916262542,44.97874642338623,1.4460700643715825,1.7490054957265777,-0.30293543135499523,13.866815711577175,4.720276419445047,7.956588049078124,32.00931359635538,-58.31882642663043,611780769.0,592625867.7,1.0
2026-07-13,154.3000030517578,160.3699951171875,153.3000030517578,159.22000122070312,17695602,155.16851409912115,163.42607391357407,159.27097049131757,158.1525504955751,166.64769535957305,151.64830683769253,159.1480010986328,52.06316781814202,47.87745469489375,44.97874642338623,1.3475864389906178,1.6687216843793857,-0.3211352453887679,13.096772871089392,4.8881132513010925,17.993061878472663,17.772886543626043,-49.73135421525187,629476371.0,598070479.55,1.0
2026-07-14,156.5,156.89999389648438,153.85000610351562,155.19000244140625,24653297,155.12107116699227,163.49867393493636,158.4547768813353,157.8832279451961,166.68573034936134,151.2792720920449,158.9825012207031,46.82929323955752,47.87745469489375,44.97874642338623,0.9335884089164495,1.5216950292867986,-0.5881066203703491,12.381733090636452,4.922533384578693,18.134785791572902,14.694811906374563,-86.73684638843201,604823074.0,600750000.55,1.0
2026-07-15,155.99000549316406,157.8699951171875,155.75,156.52000427246094,11779297,154.9517608642579,163.58661567687972,158.06782235956044,157.75929852040198,166.60468822930883,151.0553139069216,158.83000106811522,48.66351099261182,47.87745469489375,44.97874642338623,0.7046888059633716,1.3582937846221133,-0.6536049786587417,11.515374641262236,4.762351905378876,15.629905130529057,17.252584266858207,-77.4035002055921,616602371.0,602817262.3,1.0
2026-07-16,156.69000244140625,158.5800018310547,154.4199981689453,154.8699951171875,14437695,154.69085021972663,163.6751455688475,157.42825691108584,157.49663457465522,166.62482374733176,150.67717820579324,158.6510009765625,46.519475042430855,47.87745469489375,44.97874642338623,0.3856962065798655,1.1637742690136637,-0.7780780624337982,11.001648000712875,4.719327030859626,4.2291789525201375,12.6646232915407,-88.98251182154605,602164676.0,604735644.0,1.0
2026-07-17,155.0,156.0800018310547,154.3000030517578,155.22999572753906,10055243,154.48059814453129,163.75824867248522,156.9886046743765,157.29057649764468,166.6535101619349,150.5054909977331,158.579500579834,47.06744037782127,47.87745469489375,44.97874642338623,0.1600958288962886,0.9630385809901887,-0.8029427520939001,10.55479025283843,4.5093750128908585,5.247957456800065,8.36901384661642,-86.4561917489035,612219919.0,607950299.1,1.0
2026-07-20,154.4600067138672,155.5,152.8300018310547,154.8000030517578,9115147,154.40038116455082,163.83680908203112,156.55088434985277,157.0641607298368,166.68984409048034,150.23015713022284,158.46000061035159,46.45518289349036,46.6871314362537,44.97874642338623,-0.05278246768617123,0.7598743712549167,-0.812656838941088,10.51436107648752,4.377990952609034,1.1605024173801668,3.5458796089001225,-86.61684064310815,603104772.0,609718328.45,1.0
2026-07-21,154.0399932861328,155.67999267578125,152.1699981689453,153.94000244140625,12234779,154.41249572753912,163.90984878540027,156.02870796816347,156.78014633997947,166.43581195526647,150.73218883819052,158.5840003967285,45.18907885255807,46.6871314362537,44.97874642338623,-0.2875699855758569,0.5503854998887621,-0.837955485464619,10.643498846442926,4.315991206482384,1.1605024173801668,2.522987430520133,-88.49152333859817,590869993.0,611921692.9,1.0
2026-07-22,153.94000244140625,154.75,151.77999877929688,152.49000549316406,8774983,154.44949127197268,163.982670059204,155.3209674731636,156.3901335357235,166.62178896759085,150.30421200897163,158.46300048828124,43.05826851776648,46.6871314362537,44.97874642338623,-0.5839124414964658,0.3235259116117165,-0.9074383531081823,10.865053701685202,4.219849064641009,0.0,0.7736682782534445,-95.49773924216959,582095010.0,612784581.6,1.0
2026-07-23,152.0,153.55999755859375,150.32000732421875,150.64999389648438,9283302,154.42746582031253,164.0533228302001,154.38677275782774,155.86830265942902,166.7548672329555,149.16813386567728,157.96150054931638,40.451603616649194,46.6871314362537,44.97874642338623,-0.9562168583603352,0.06757735761730616,-1.0237942159776414,11.449146982159466,4.149859148193437,0.0,0.38683413912672227,-98.0623218090492,572811708.0,610136525.65,-1.0
2026-07-24,150.0,151.3800048828125,147.58999633789062,151.07000732421875,12276303,154.43763458251956,164.13589042663565,153.72341967110594,155.43209399259172,166.68935620954838,148.2726463539282,157.4810012817383,41.32479720840806,46.6871314362537,44.97874642338623,-1.2035059501767478,-0.18663930394150463,-1.0168666462352431,12.627941975074894,4.12415553367404,1.5704007515435152,0.5234669171811717,-82.07104415378592,585088011.0,608102284.85,-1.0
2026-07-27,153.50999450683594,155.25999450683594,152.83999633789062,155.05999755859375,9544585,154.56673553466797,164.22839782714834,153.9907352486035,155.39826704404646,166.63794715127415,148.09405510702663,157.3660011291504,48.97873660056764,44.494302486011314,44.97874642338623,-1.0652459783428299,-0.3623606388217697,-0.7028853395210601,12.404956831887398,4.128857794312836,26.049253143719262,9.206551298420925,-54.059060674764645,594632596.0,609664382.65,-1.0
2026-07-28,155.39999389648438,158.75,154.0399932861328,157.5,14300744,154.73991699218755,164.33535148620595,154.6925881988828,155.58933367640586,166.62686193533958,148.08514062813694,157.35600128173826,53.01511351078926,44.494302486011314,44.97874642338623,-0.750139013878254,-0.4399163138330666,-0.31022270004518737,11.798344006416649,4.170368431423861,59.38258647705259,29.000746790771785,-22.456927944600324,608933340.0,610859122.95,-1.0
2026-07-29,157.97000122070312,159.49000549316406,156.61000061035156,157.9600067138672,13880649,154.87844665527348,164.44816978454583,155.34607190187967,155.80484940708416,166.117862442083,148.15814006035836,157.1380012512207,53.75785396408973,44.494302486011314,44.97874642338623,-0.45801605299064363,-0.44353626166458204,-0.014479791326061586,11.421876757384988,4.078199606523049,91.14551905884241,58.85911955987142,-18.857501044713754,622813989.0,610692265.95,-1.0
2026-07-30,157.9600067138672,159.5,155.5500030517578,158.08999633789062,14946734,155.00246826171878,164.56696052551263,155.89485678908187,156.01259003715748,165.06615921581982,148.54584334765678,156.8060012817383,53.97924591520437,44.494302486011314,44.97874642338623,-0.21355568852138163,-0.397540147035942,0.18398445851456036,10.765679298323835,4.0690422737887015,99.99999999999999,83.509368511965,-17.840367739239447,637760723.0,609904700.5,-1.0
2026-07-31,159.89999389648438,166.6999969482422,159.1699981689453,166.17999267578125,47542706,155.21494079589846,164.72683601379387,157.95188396642175,156.93689936794146,165.5411567150541,148.25384450564908,156.89750061035159,65.15912723135709,44.494302486011314,47.64913231328834,0.6257626033420536,-0.19287959696034288,0.8186422003023964,11.746151250354265,4.393396440686049,100.0,97.04850635294746,-2.721110705665075,685303429.0,612535323.05,1.0
2026-08-03,169.27999877929688,175.0,169.1300048828125,174.5500030517578,47817945,155.47938262939456,164.93837638854973,161.27150778348897,158.53809061192476,168.34899783290493,146.28900418125525,157.3190010070801,72.58078379196253,53.109228475151085,47.64913231328834,1.9439100972919618,0.2344783418901181,1.7094317554018437,13.845036294940584,4.709582932366955,99.99999999999999,99.99999999999999,-1.6417252394031911,733121374.0,616861538.25,1.0
2026-08-04,175.0,175.16000366210938,172.0800018310547,172.0800018310547,15240052,155.76403717041018,165.13619949340813,163.43320659300213,159.76917345002747,170.2457248568398,145.18427697421487,157.71500091552733,67.97883878718945,53.109228475151085,47.64913231328834,2.757456781814369,0.7390740298749683,2.018382751939401,15.813149385276528,4.5931842822732225,95.22558104536903,98.408527015123,-11.171566967082647,717881322.0,620877264.7,1.0
2026-08-05,174.0,178.14999389648438,173.0,177.0,29599387,156.08652465820313,165.35105392456046,166.14656527440172,161.3356122272977,173.92964755002149,143.57835415896287,158.75400085449218,71.81261699039989,53.109228475151085,47.64913231328834,3.755905385366731,1.3424403009733208,2.41346508439341,17.992077243731472,4.698670552498684,94.42862451201302,96.55140185246067,-3.7630693336262566,747480709.0,627666762.45,1.0
2026-08-06,176.99000549316406,177.85000610351562,175.2899932861328,177.5,15063477,156.41901214599608,165.58173904418936,168.41725221952137,162.80510202481608,177.0848537315539,142.6541477332898,159.86950073242184,72.17718679327122,53.109228475151085,47.64913231328834,4.5352493866072905,1.9810021181001147,2.5542472685071758,20.015367398011065,4.545909285704694,94.00990130724082,94.55470228820761,-2.1269435484676302,762544186.0,636075417.1,1.0
2026-08-07,177.0,177.99000549316406,175.5,177.5,11282040,156.91235565185548,165.80592971801747,170.2338017756171,164.14100184074186,179.7485726190078,141.99142829651953,160.87000045776367,72.17718679327123,53.109228475151085,47.64913231328834,5.094162784882855,2.603634251456663,2.4905285334261915,21.91153745072411,4.399059014808934,98.36559705709962,95.60137429211781,-2.1269435484676302,762544186.0,643613587.95,1.0
2026-08-10,177.5,179.0,173.8000030517578,174.0,14528731,157.44700042724608,166.01066719055166,170.9870414204937,165.03727440067442,181.35290970314875,141.8650910903082,161.60900039672848,65.31866327876867,58.3275450216048,47.64913231328834,5.1948024811399875,3.1218678973933276,2.07293458374666,23.08582104574253,4.456268867197024,91.62825976620405,94.66791937684816,-15.918495437909218,748015455.0,649540542.15,1.0
2026-08-11,173.61000061035156,176.3300018310547,172.0,174.8300018310547,16455927,158.01260040283202,166.21169296264637,171.75563350260592,165.9275223488908,182.93519208975468,142.2468086426671,162.5910003662109,66.14035474088037,58.3275450216048,47.64913231328834,5.280662190016585,3.5536267559179793,1.7270354340986058,23.582879315580133,4.447249793186858,85.36517636408509,91.78634439579625,-13.276019365689152,764471382.0,657522957.55,1.0
2026-08-12,174.8300018310547,177.3800048828125,174.42999267578125,176.6999969482422,10612472,158.62980041503906,166.42939331054674,172.7445061917332,166.9068382215591,184.66533363740515,142.53466636259478,163.59999999999997,67.98098685150838,58.3275450216048,47.64913231328834,5.436926105863449,3.9302866259070735,1.5066394799563758,24.22605563054934,4.3403042513186,80.87838925095616,85.95727512708177,-7.322517617316803,775083854.0,665447031.7,1.0
2026-08-13,177.39999389648438,182.6999969482422,176.22999572753906,176.22999572753906,28284903,159.26560028076173,166.6229653930663,173.44160409889437,167.75439799483001,186.03346976919036,143.3025302918447,164.66800003051753,66.99522582760136,58.3275450216048,47.64913231328834,5.459902853027955,4.2362098713312495,1.223692981696706,25.620219056997986,4.492425463417495,80.52416120382586,82.25590893962237,-21.66778663246299,746798951.0,672678745.45,1.0
2026-08-14,177.11000061035156,179.5,169.75,171.63999938964844,39171573,159.79260040283205,166.7970543670653,173.0812831570452,168.10763448526802,186.58658743205334,144.3904129951927,165.488500213623,58.13012868926061,58.3275450216048,47.64913231328834,5.049529908860393,4.398873878837078,0.6506560300233151,25.083363444031193,4.867966501744817,62.58690306613252,74.66315117363817,-38.590356403952164,707627378.0,677449118.4,1.0
2026-08-17,171.99000549316406,179.10000610351562,171.97999572753906,177.10000610351562,38086255,160.51420043945313,167.00147087097156,173.8850277463393,168.92512281419963,187.6802158346821,145.5267848977398,166.60350036621094,64.19890911393301,54.92023932399505,47.64913231328834,5.106024235660271,4.540303950201716,0.5657202854585552,24.584854660562026,5.05311223118213,52.64903750387402,65.25336725794412,-20.62612192871137,745713633.0,684579561.45,1.0
2026-08-18,177.0,177.58999633789062,174.5,176.35000610351562,14208948,161.1652005004883,167.19583824157704,174.37802341777459,169.60011220413745,188.34388095199535,147.10412014663746,167.7240005493164,62.851291208575894,54.92023932399505,47.64913231328834,5.032268802404786,4.63869692064233,0.3935718817624565,24.12195364734066,4.912889667375594,43.102634284925536,52.77952495164402,-23.38855348895241,731504685.0,691611296.05,1.0
2026-08-19,175.0,176.10000610351562,173.10000610351562,173.10000610351562,10072866,161.79640075683596,167.37024459838855,174.1224199549228,169.91828437680817,188.19504798515857,149.31395317450938,168.75450057983397,57.243732269407396,54.92023932399505,47.64913231328834,4.657876154670106,4.642532767447886,0.015343387222220173,23.30472028473345,4.794111833991622,34.3883656961767,43.38001249499208,-40.798943233151455,721431819.0,698578136.5,1.0
2026-08-20,174.6999969482422,175.57000732421875,172.61000061035156,173.8000030517578,5408765,162.50080078125004,167.55645202636708,174.0579365742898,170.2711678927127,187.48038461954135,152.3436174556539,169.91200103759763,58.11061645652134,54.92023932399505,47.64913231328834,4.367307584314148,4.587487730821138,-0.22018014650699058,22.408915658150168,4.663104325411306,17.782482214324606,31.757827398475612,-65.58584451318588,726840584.0,706279580.3,1.0
2026-08-21,173.16000366210938,173.69000244140625,172.3000030517578,173.0,5801819,162.9118008422852,167.73568077087393,173.84634925943186,170.5192435388297,186.20231703511467,155.81468430765875,171.0085006713867,56.69582460508808,54.92023932399505,47.64913231328834,4.026066351737626,4.4752034550044355,-0.44913710326680967,21.486434103564232,4.437168302167641,1.884073971321628,18.018307293940975,-74.90346898930234,721038765.0,713077118.0,1.0
2026-08-24,173.0,173.66000366210938,171.64999389648438,173.2899932861328,8972453,163.223600769043,167.91250198364247,173.73507806477204,170.77112987949363,185.1450252560756,158.69497565945176,171.92000045776368,57.10352362720836,55.56894861416038,47.64913231328834,3.7359643792197517,4.327355639847498,-0.5913912606277467,20.432567646912286,4.263799835271738,2.761901596489044,7.476152594045092,-72.66413806674042,730011218.0,719846049.1,1.0
2026-08-25,172.36000061035156,174.69000244140625,171.5800018310547,174.69000244140625,8635802,163.54740081787114,168.0960791015624,173.9260629400989,171.1273910214857,184.16502021933115,161.3939809403368,172.77950057983398,59.10525157742861,55.56894861416038,47.64913231328834,3.5777830583888317,4.177441123555766,-0.5996580651669339,19.72890265525045,4.181385604920297,6.065629023719705,3.5705348638434584,-61.85325401117721,738647020.0,726331733.1,1.0
2026-08-26,175.57000732421875,179.5,175.41000366210938,179.0500030517578,17868582,163.93700073242192,168.29657318115224,174.9508509624307,171.84762847878315,183.16087360744714,164.5071271860099,173.83400039672853,64.63931862370308,55.56894861416038,47.64913231328834,3.7608856841090414,4.094130035666421,-0.3332443515573793,20.17324800085018,4.226286458754115,23.168977600884375,10.665502740364374,-28.18528769599301,756515602.0,733016813.75,1.0
2026-08-27,180.6000061035156,181.83999633789065,176.7899932861328,177.39999389648438,14150948,164.31600067138677,168.47045707702628,175.44067954924145,172.35238897130142,180.59249103067853,169.0065095186379,174.79950027465821,61.26066943048034,55.56894861416038,47.64913231328834,3.729858399177317,4.0212757083686,-0.2914173091912833,21.022784209404804,4.285123358254381,35.7744735520358,21.66969339221329,-40.9266741369945,742364654.0,738247010.3,1.0
2026-08-28,178.0,178.17999267578125,174.80999755859375,175.77000427246094,11814260,164.6982006835938,168.65333038330067,175.50654449388534,172.6630812714068,179.41997899125067,171.13802271773375,175.2790008544922,58.03359505004304,55.56894861416038,47.64913231328834,3.533016101668551,3.923623787028591,-0.39060768536004,21.151260542185614,4.219757055321033,34.53808615989802,31.160512437606066,-53.513469566662074,730550394.0,740509358.55,1.0
2026-08-31,175.0,176.60000610351562,173.82000732421875,175.63999938964844,14333497,165.06720062255863,168.79707550048818,175.53323547303796,172.93371019124694,179.46275578985018,171.20424555292334,175.33350067138676,57.772195031761946,56.92846632912281,50.533403355190906,3.3281618767672683,3.8045314049763266,-0.4763695282090583,20.951879425078598,4.116917178462164,20.614046257169406,30.308868656367743,-54.517368512214695,716216897.0,739664134.7,1.0
2026-09-01,176.5,176.5,168.52999877929688,170.52999877929688,16860146,165.44860046386722,168.92576904296862,174.53258813428977,172.71519097197873,179.68935026716102,170.8226507704367,175.25600051879886,48.52092814991301,56.92846632912281,50.533403355190906,2.7221004054146647,3.5880452050639944,-0.8659447996493297,19.605589933094706,4.3921374671936615,7.130722680850562,20.760951699305995,-85.88567213520774,699356751.0,738737906.15,1.0
2026-09-02,169.11000061035156,169.2899932861328,165.02000427246094,167.89999389648438,16412854,165.70840026855475,169.04038482666007,173.2060692867287,172.27744578329742,180.23555042774464,169.3664499995015,174.80100021362307,44.5654338252213,56.92846632912281,50.533403355190906,2.006443872758325,3.2717249386028606,-1.2652810658445355,19.124352911145376,4.471984398596681,3.179308674436051,10.308025870818671,-82.87758036495923,682943897.0,735511065.55,1.0
2026-09-03,168.5,169.35000610351562,166.0500030517578,169.35000610351562,9119654,165.8818005371094,169.1633322143554,172.4348566500861,172.01131490331724,180.18634025615003,168.6006607814476,174.39350051879882,47.12474969217337,56.92846632912281,50.533403355190906,1.5385493423462435,2.9250898193515376,-1.386540477005294,18.661200241807894,4.388271445251048,4.249826565949729,4.853285973745447,-74.2568140685739,692063551.0,731987033.8,1.0
2026-09-04,168.97999572753906,173.2899932861328,168.17999267578125,169.0,13509881,166.04820068359376,169.29323112487785,171.7478853200689,171.7375590030157,180.04213156450686,167.89486947309075,173.9685005187988,46.56589381529299,56.92846632912281,50.533403355190906,1.126511267898536,2.5653741090609374,-1.4388628411624014,17.431107740432296,4.439823528472513,7.571654918481652,5.000263386289143,-76.33770746111597,678553670.0,727787508.0,1.0
2026-09-07,170.0,172.1300048828125,168.39999389648438,170.0,10426646,166.30100067138673,169.42429542541495,171.39830825605512,171.57959909365064,180.09589669112566,167.44110434647197,173.76850051879882,48.447001935747394,52.685382560407774,50.533403355190906,0.870623759224145,2.226424039093579,-1.3558002798694342,16.288878989154952,4.389122632605057,14.017123993505379,8.612868492645585,-70.39240144604769,688980316.0,724835751.05,1.0
2026-09-08,170.0,170.1699981689453,167.75,169.0,7997004,166.52700073242184,169.55797973632804,170.9186466048441,171.34509008513695,180.12741540633368,166.82658544815848,173.47700042724608,46.677356953064816,52.685382560407774,50.533403355190906,0.580448374829956,1.8972289062408547,-1.3167805314108987,15.191781158506096,4.248470885200789,13.274213916391345,11.620997609459458,-76.33770746111597,680983312.0,720661347.55,1.0
2026-09-09,167.1199951171875,169.27000427246094,166.22000122070312,167.0,7197614,166.62060058593752,169.68215568542473,170.1349172838753,170.95008189557905,180.05476316803654,165.92923799163137,172.99200057983396,43.27288491722175,52.685382560407774,50.533403355190906,0.18694403235778623,1.5551719314642412,-1.368227899106455,14.56862598941385,4.162866039954863,9.952385563859423,12.414574491252047,-88.22831949125252,673785698.0,715596439.75,1.0
2026-09-10,166.5,167.0399932861328,164.7100067138672,166.1199951171875,16214508,166.6484005737305,169.79583557128896,169.33193285053775,170.51098309754343,180.0059023162161,164.96709878241668,172.4865005493164,41.82730158564349,52.685382560407774,50.533403355190906,-0.19368732669641986,1.205400079832109,-1.3990874065285288,14.36465618744489,4.03194607797706,3.506916488835694,8.911171989695486,-91.76888933229175,657571190.0,711135051.7,-1.0
2026-09-11,163.8000030517578,165.0399932861328,160.0,163.75,19044403,166.63640045166017,169.88232719421376,168.2155462804302,169.896348270494,180.56572389051888,163.61827726914908,172.09200057983398,38.13266681023977,52.685382560407774,50.533403355190906,-0.678754955512261,0.8285690727632351,-1.507324028275496,15.174936455018992,4.181092437920663,0.0,4.486434017565038,-82.82966745056615,638526787.0,707680022.15,-1.0
2026-09-14,163.75,163.75,163.75,163.75,0,166.5890005493164,169.91572448730457,167.32243702434417,169.33758933681273,180.32945641384794,162.51954413546844,171.4245002746582,38.132666810239776,49.598127931821026,50.533403355190906,-1.051058596829364,0.4526435388447153,-1.5037021356740792,15.927339560623516,3.882442978069187,8.935401583477246e-15,1.168972162945234,-82.82966745056615,638526787.0,702320679.85,-1.0
2026-09-15,164.5,165.36000061035156,156.64999389648438,156.64999389648438,17917014,166.4388003540039,169.92163513183584,165.18794839877222,168.18417156951014,181.21263941331077,159.66635991530248,170.43949966430662,29.17802536308039,49.598127931821026,50.533403355190906,-1.8971538614257781,-0.0173159412093834,-1.8798379202163948,17.77751962285129,4.227268959197616,8.935401583477246e-15,5.95693438898483e-15,-100.0,620609773.0,696775934.25,-1.0
2026-09-16,157.39999389648438,158.2100067138672,154.75,156.5,10320454,166.44440032958983,169.9160785675048,163.4503587190178,167.12197415410012,181.96170701598965,157.25729170227203,169.60949935913084,29.022968000118208,49.598127931821026,50.533403355190906,-2.550394349801479,-0.5239316229278026,-2.0264627268736763,19.740093552444062,4.172464513102586,8.935401583477246e-15,8.935401583477246e-15,-92.53094090034047,610289319.0,691218809.25,-1.0
2026-09-17,156.88999938964844,159.63999938964844,156.0800018310547,158.6199951171875,8725516,166.51300018310548,169.9225968170165,162.48428599865176,166.34906696892625,181.96078549612403,155.74021242868056,168.8504989624023,34.33449893950087,49.598127931821026,50.533403355190906,-2.8640117105503577,-0.9919476404523137,-1.8720640700980442,21.090071549546106,4.128716873494812,6.15846231684346,2.052820772281159,-82.2883568139378,619014835.0,685827521.8,-1.0
2026-09-18,159.10000610351562,163.1199951171875,158.50999450683594,163.0,17546400,166.62320007324217,169.93769233703605,162.5874287989214,166.0446063353875,181.55686218927463,155.14413573553003,168.35049896240233,43.70746611412523,49.598127931821026,50.533403355190906,-2.7276829089691432,-1.3390946941556796,-1.3885882148134636,21.28789146973342,4.163094283270294,31.262794601164607,12.473752306002693,-62.06896551724138,636561235.0,681603645.3,-1.0
2026-09-21,163.0,163.19000244140625,160.8699951171875,161.75,7883370,166.67380004882813,169.95882820129387,162.4199430391371,165.654187577625,181.07919693883127,154.46780165736016,167.77349929809571,41.87063396541759,49.154992385025295,50.533403355190906,-2.6895029885397435,-1.6091763530324925,-1.080326635507251,21.451194904871414,4.031445214766613,53.31050794412289,30.243921620710317,-62.243783522641706,628677865.0,676536977.65,-1.0
2026-09-22,163.0,164.1999969482422,159.8000030517578,160.75,8959874,166.785,169.97176864624015,162.0859544313097,165.20835234329547,180.316970580913,153.83602777113782,167.0764991760254,40.40760923158294,49.154992385025295,50.533403355190906,-2.7087124185333664,-1.8290835661326674,-0.879628852400699,21.80231765945306,4.057770120603596,66.68908115277526,50.420794566020916,-67.63752873369289,619717991.0,670590526.2,-1.0
2026-09-23,160.99000549316406,163.1300048828125,160.85000610351562,162.88999938964844,4011012,166.91239990234376,170.00317657470694,162.24676342297747,164.997592983873,178.3543985095032,154.18259947633663,166.26849899291992,44.84876216836707,49.154992385025295,50.533403355190906,-2.522181822134371,-1.9677032173330082,-0.5544786048013628,22.12836021727887,3.937929746475661,68.7431894901691,62.91425952902242,-56.09491727412417,623729003.0,663951196.25,-1.0
2026-09-24,160.0,160.60000610351562,157.0,157.3000030517578,8138134,166.96100006103518,170.00515968322745,161.25741134873354,164.29781208095343,176.78145662431064,153.74554227705653,165.26349945068358,37.07592644715019,49.154992385025295,50.533403355190906,-2.793222437982479,-2.1328070614629024,-0.6604153765195764,23.127023742491783,4.077363292416574,60.51505395087287,65.31577486460574,-85.32794973907303,615590869.0,657612507.0,-1.0
2026-09-25,157.52000427246094,159.52000427246094,156.10000610351562,159.0800018310547,10274172,167.03800018310545,170.02376113891592,160.82192944519778,163.82346569459898,175.1314047942957,153.72659386293088,164.4289993286133,40.605852024877535,49.154992385025295,50.533403355190906,-2.831750397486701,-2.272595728667662,-0.5591546688190387,24.201465952214843,4.030408640740055,62.84771525757481,64.03531956620559,-71.91956974563733,625865041.0,652378239.35,-1.0
2026-09-28,158.50999450683594,158.8800048828125,154.6999969482422,155.22000122070312,12210380,167.0464001464844,170.01165710449206,159.70154380029885,163.04133256060842,173.48499093646953,153.3310079038625,163.40799942016602,35.90232498416433,46.8013577762263,50.533403355190906,-3.1375857375538487,-2.4455937304449,-0.6919920071089489,25.425444917951907,4.055379800888087,50.179030854746486,57.847266687731384,-96.43099511970341,613654661.0,647250127.55,-1.0
