Date,Open,High,Low,Close,Volume,MA50,MA200,EMA9,EMA21,BB_Upper,BB_Lower,BB_Mid,RSI,RSI_W,RSI_M,MACD,MACD_Signal,MACD_Hist,ADX,ATR,StochRSI_K,StochRSI_D,Williams_R,OBV,OBV_SMA20,Supertrend_Dir
2025-07-23,1098.6526441789763,1109.6441667673976,1097.2536987270212,1103.9486083984375,6633979,1186.760732421875,1118.2801168823253,1128.270242960741,1154.2856038775878,1236.5940605091314,1087.6905464244624,1162.1423034667969,27.92362591090781,43.011461301952785,37.501622116152085,-23.021955711283,-14.773055572671371,-8.248900138611628,26.575250485580003,21.986695576804877,6.6337868351936935,2.383962364229354,-69.56522149366755,-206582313.0,-168612567.55,-1.0
2025-07-24,1103.149269668163,1104.1484990790943,1088.560544663815,1094.256103515625,9901209,1184.503125,1117.868965148927,1121.4674150717178,1148.8283765719548,1228.0976227964622,1082.462887457444,1155.280255126953,25.970933590689818,43.011461301952785,37.501622116152085,-24.72318154320601,-16.7630807667783,-7.9601007764277085,28.491366710111606,21.529642636695904,9.393589900444251,5.428808954795043,-78.53837400896526,-216483522.0,-173049765.0,-1.0
2025-07-25,1085.262939453125,1100.151480708091,1075.37054479538,1085.262939453125,11779887,1182.0716430664063,1117.5760824584972,1114.2265199479993,1143.049700470243,1220.2614799261364,1076.5142647027697,1148.387872314453,24.2747314305611,43.011461301952785,37.501622116152085,-26.491708527125866,-18.708806318847813,-7.782902208278053,30.565564354019077,21.761877870696974,9.49736179667744,8.50824617743846,-86.86408895093089,-228263409.0,-177772543.1,-1.0
2025-07-28,1080.06700589857,1091.3582241283038,1066.5774099597274,1072.7725830078125,9029557,1179.5101586914063,1117.1828091430677,1105.935732559962,1136.660871610022,1217.686995084063,1066.640751497968,1142.1638732910155,22.114437041050277,41.47345691693645,37.501622116152085,-28.571788489912933,-20.681402753060837,-7.890385736852096,32.67305003102501,21.977516177688365,3.122625090230931,7.337858929117541,-94.48893621562422,-237292966.0,-182618805.45,-1.0
2025-07-29,1070.0747930042048,1077.8687091686768,1054.5867372441537,1063.3798828125,15599773,1176.900593261719,1116.6584591674816,1097.4245626104696,1129.99896353752,1218.6640762984553,1054.8621810257637,1136.7631286621095,20.6277783577873,41.47345691693645,37.501622116152085,-30.625151570470052,-22.670152516542682,-7.95499905392737,34.860293744277826,22.070691588176558,0.10377189623318835,4.241252927713853,-92.93178525168116,-252892739.0,-187809946.55,-1.0
2025-07-30,1069.675009445578,1079.767201393535,1061.181560047832,1072.472900390625,8247433,1174.4329516601565,1116.1091891479502,1092.4342301665008,1124.769321433257,1216.5008117140653,1046.933575492966,1131.7171936035156,25.826386406118804,41.47345691693645,37.501622116152085,-31.159538318856903,-24.368029677005527,-6.791508641851376,36.73290115469685,21.821759427999886,7.540023211579197,3.588806732681105,-85.62252368505922,-244645306.0,-192862271.0,-1.0
2025-07-31,1065.1784853249983,1080.466743145018,1063.080128088743,1067.57666015625,7634413,1172.0530859375003,1115.5943417358408,1087.4627161644507,1119.5699885898925,1214.0998823457592,1039.1723466581473,1126.6361145019532,24.881384987365134,41.47345691693645,28.90445752889777,-31.613706208012218,-25.817164983206865,-5.7965412248053525,38.41007936836367,21.504963401448098,13.821781355914757,7.155192154575714,-89.55827991324028,-252279719.0,-197984456.85,-1.0
2025-08-01,1064.1792707746745,1070.0747484070778,1059.1831239635255,1061.581298828125,5545447,1169.1220141601566,1115.0899520874032,1082.2864326971858,1114.298289520641,1209.615562530938,1032.1455458674995,1120.8805541992188,23.736095123614813,41.47345691693645,28.90445752889777,-32.08752803671041,-27.071237593907576,-5.016290442802834,40.056000158868414,20.746867761598395,18.66874309526984,13.34351588758793,-94.33660430878366,-257825166.0,-203580224.35,-1.0
2025-08-04,1063.5797746594428,1069.1754347826832,1058.183911621366,1067.7764892578125,4465845,1166.2130102539065,1114.6689529418954,1079.3844440093112,1110.069034951293,1203.5936961427458,1027.525615380692,1115.559655761719,27.452209216958952,38.791432098205185,28.90445752889777,-31.598882904841503,-27.976766656094362,-3.6221162487471403,41.60784014515594,20.050057433006884,21.770413687530805,18.0869793795718,-88.87021124679345,-253359321.0,-208663529.5,-1.0
2025-08-05,1067.1769625013424,1079.0678163476823,1061.6812009903335,1069.974853515625,5318081,1163.7393359375003,1114.2621908569342,1077.5025259105741,1106.4241093662322,1197.948856657437,1023.7177449050631,1110.83330078125,28.778416185847554,38.791432098205185,28.90445752889777,-30.680571958681867,-28.517527716611866,-2.1630442420700007,42.085547898563256,19.859811570459875,30.499705654852487,23.64628747921771,-86.89362418379109,-248041240.0,-212982249.65,-1.0
2025-08-06,1073.1723708037905,1076.8694707767693,1064.7788194860536,1070.1746826171875,4216651,1161.2876318359376,1113.9630038452156,1076.0369572518969,1103.1287069345008,1191.3234639098628,1020.9803690979502,1106.1519165039065,28.905639302867275,38.791432098205185,28.90445752889777,-29.595520639957158,-28.733126301280926,-0.862394338676232,42.52913366958433,19.304871550478143,58.98607724883073,37.08539886373801,-74.21490881656585,-243824589.0,-216656397.5,-1.0
2025-08-07,1066.977176292842,1078.867908284126,1063.6796705621337,1075.37060546875,5321131,1158.8000732421876,1113.3653244018562,1075.9036868952676,1100.605243164887,1183.4941315325816,1020.0064788189819,1101.7503051757817,32.29236995769854,38.791432098205185,28.90445752889777,-27.993648745219616,-28.585230790068664,0.5915820448490479,42.738120051692135,19.01082627701488,81.67771677832391,57.054499894002376,-62.318941558119654,-238503458.0,-219847501.05,-1.0
2025-08-08,1072.1730875391024,1079.567409089792,1053.3875270564029,1057.2845458984375,5084903,1156.140485839844,1112.7099111938483,1072.1798586959017,1096.6669979588462,1172.7291509705392,1019.2103631896175,1095.9697570800784,27.399591613483867,38.791432098205185,28.90445752889777,-27.862367554151206,-28.440658142885177,0.5782905887339709,43.30636558364064,19.52290168818446,86.0181464497168,75.56064682562382,-93.08506452782296,-243588361.0,-223516282.45,-1.0
2025-08-11,1057.28454122303,1074.5712576112912,1051.7887798480178,1072.472900390625,5452775,1153.7407348632812,1112.2030722045904,1072.2384670348463,1094.4675345435533,1159.5159129286567,1022.4912648057189,1091.0035888671878,36.1489306995094,38.30738420713604,28.90445752889777,-26.230385435799008,-27.998603601467945,1.7682181656689373,43.88971163564746,19.755728550690815,86.01814644971681,84.5713365592525,-64.24858315885078,-238135586.0,-226673800.0,-1.0
2025-08-12,1070.274542939649,1075.7703044188218,1065.478315198115,1069.1754150390625,4573025,1151.5326147460937,1111.7563705444343,1071.6258566356896,1092.168250952236,1145.750575426721,1026.6739851201544,1086.2122802734377,35.15827980486059,38.30738420713604,28.90445752889777,-24.91589246016838,-27.382061373208035,2.466168913039656,44.29495223120824,19.079747169977665,83.89061778681408,85.30897022874922,-66.79387237675377,-242708611.0,-229821131.0,-1.0
2025-08-13,1070.2745119894926,1071.9732750378564,1062.380575879709,1065.178466796875,4966778,1149.4542138671875,1111.2549911499032,1070.3363786679267,1089.7146342108394,1127.3202694553167,1034.87217439234,1081.0962219238284,33.944000646894175,38.30738420713604,28.90445752889777,-23.920922125815423,-26.68983352372951,2.7689113979140885,44.79336097640263,18.402100883418356,93.1371484176166,87.68197088471582,-72.31402152746331,-247675389.0,-233436214.85,-1.0
2025-08-14,1066.1776825929462,1071.5735453068455,1061.1815360016017,1067.376708984375,6761305,1147.6593896484374,1110.6547817993173,1069.7444447312164,1087.6839137357063,1105.0415331486163,1047.9979565974775,1076.5197448730469,35.26816095447475,38.30738420713604,28.90445752889777,-22.69342551128466,-25.89055192124054,3.1971264099558816,45.30466100669685,17.829951484977318,91.24560126604104,89.42445582349058,-60.606145929314295,-240914084.0,-236428512.05,-1.0
2025-08-18,1079.1677749702633,1089.1600691829508,1078.5682617127516,1081.7657470703125,7964987,1145.4415014648434,1110.2151229858407,1072.1487051990357,1087.145898584307,1102.4263443280831,1048.9444320391042,1075.6853881835937,43.28280032389116,40.19502095427645,28.90445752889777,-20.325253609725223,-24.777492258937478,4.452238649212255,43.821726253503535,18.112337821662926,93.37312992894377,92.58529320420047,-19.78610383593702,-232949097.0,-237119875.15,-1.0
2025-08-19,1077.1692902994891,1094.1561900537483,1074.9710344159066,1082.365234375,5661531,1142.7304248046873,1109.702335510255,1074.1920110342285,1086.711292747097,1099.5566231158211,1050.17542034121,1074.8660217285155,43.59613453793503,40.19502095427645,28.90445752889777,-18.190399102890524,-23.46007362772809,5.269674524837566,41.97947774715958,18.188967665675698,98.10845284842442,94.2423946811364,-27.83024881977214,-227287566.0,-238323436.7,-1.0
2025-08-20,1080.1669860248585,1082.8648566259114,1076.969500721666,1079.3675537109375,3034728,1139.7018139648437,1109.256675720216,1075.2271195695703,1086.043680107446,1096.4707940025266,1051.4826239662232,1073.976708984375,42.33663099258504,40.19502095427645,28.90445752889777,-16.54962552113193,-22.077984006408858,5.528358485276929,40.26881841984019,17.31085253985925,97.8860338272343,96.45587220153416,-34.90568876171375,-230322294.0,-239178736.8,-1.0
2025-08-21,1089.1600252490596,1089.1600252490596,1075.570530063219,1078.068603515625,6459262,1136.6751782226563,1108.8586831665048,1075.7954163587813,1085.3186731445533,1090.3841119111978,1054.981305569271,1072.6827087402344,41.77345565287747,40.19502095427645,28.90445752889777,-15.179139391218996,-20.698215083370886,5.51907569215189,38.08178917758691,17.045041300286496,94.82682726838712,96.94043798134861,-37.97160709140388,-236781556.0,-240688698.95,-1.0
2025-08-22,1075.1707521863284,1077.6688254953117,1068.6757615829724,1070.07470703125,3853718,1133.8580615234373,1108.37080230713,1074.651274493275,1083.932858043344,1085.9869124524594,1056.960365379572,1071.4736389160157,38.389028576759344,40.19502095427645,28.90445752889777,-14.570104799400042,-19.472593026576718,4.902488227176676,36.5496447428235,16.498455631169787,84.11033057427932,92.27439722330024,-56.83963901867464,-240635274.0,-241896286.55,-1.0
2025-08-25,1072.1731031186114,1073.6719471583856,1067.3767534008373,1069.1754150390625,2711278,1131.164731445312,1108.029679260255,1073.5561026024325,1082.591272315682,1083.6689660775926,1057.6695593130328,1070.6692626953127,38.015884334482166,40.71724357659505,28.90445752889777,-13.998638257614857,-18.37780207278435,4.379163815169491,35.21885858343992,15.769651211625396,74.73984966579242,84.55900250281962,-58.96224218894315,-243346552.0,-242650443.7,-1.0
2025-08-26,1067.1770021897328,1068.9756639052698,1047.1924141337454,1049.290771484375,7197666,1127.8820190429685,1107.4271469116222,1068.703036378821,1079.5639540582906,1085.5723512683346,1053.4179929699465,1069.4951721191405,30.870640819551852,40.71724357659505,28.90445752889777,-14.977618791831219,-17.69776541659372,2.720146624762503,35.186652505397994,16.21346190403195,51.60932388949192,70.15316804318789,-95.53196626650313,-250544218.0,-243313006.3,-1.0
2025-08-28,1056.1854006509102,1058.6834739731687,1046.193107361876,1051.08935546875,8564803,1124.64126953125,1106.8595651245128,1065.180300196807,1076.975354186514,1086.7785079869684,1050.9827835169374,1068.880645751953,32.11353098604663,40.71724357659505,28.90445752889777,-15.430464433368797,-17.24430521994874,1.8138407865799415,35.20719121827212,15.94752652597915,38.69402128451669,55.01439827993367,-89.79163174658964,-241979415.0,-242767340.1,-1.0
2025-08-29,1051.2892385789264,1062.1808635505645,1041.6966606316682,1044.39453125,4718016,1121.1488159179687,1106.2914553833016,1061.0231464074454,1074.0134611922856,1088.346396871435,1046.6070577184091,1067.476727294922,29.954655058369553,40.71724357659505,28.90445752889777,-16.1434723302757,-17.02413864201413,0.8806663117384304,35.45600177204296,16.27157483975894,22.103589376270897,37.4689781834265,-94.85723442803847,-246697431.0,-242869946.35,-1.0
2025-09-01,1046.792693797241,1063.1800803329604,1046.792693797241,1060.6820068359375,3190426,1118.0519970703126,1105.7995419311535,1060.9549184931439,1072.801510796254,1088.2213343726305,1046.0426548851822,1067.1319946289063,40.44432980719106,37.372155689495465,27.682680256430174,-15.218839754554892,-16.663078864522284,1.4442391099673912,35.57025897106202,16.451144428559047,40.591799464594644,33.79647004179407,-63.80953772666062,-243507005.0,-242431310.65,-1.0
2025-09-02,1060.6819506517852,1064.0793548230254,1048.1915838282832,1055.385986328125,4933541,1114.7853637695314,1105.2309793090828,1059.8411320601401,1071.2182812991514,1088.4304661453061,1045.2139918625062,1066.8222290039062,38.42910465978882,37.372155689495465,27.682680256430174,-14.743453022011863,-16.279153696020202,1.5357006740083392,35.565767408171695,16.410903469000697,51.59781799484378,38.097735611903104,-73.9049780902248,-248440546.0,-241962079.65,-1.0
2025-09-03,1055.3860511421185,1064.079420170901,1044.1947305714675,1053.88720703125,8303296,1111.6205395507814,1104.7190682983407,1058.650347054362,1069.6427290929785,1088.486604691438,1043.7689250937183,1066.1277648925782,37.85425621771752,37.372155689495465,27.682680256430174,-14.322543212254004,-15.887831599266963,1.5652883870129592,35.79789519373498,16.659031049745888,65.64225810900201,52.610625189480146,-76.76199818435506,-256743842.0,-242131305.7,-1.0
2025-09-04,1057.3844922319947,1061.3814097939771,1046.492989456587,1049.590576171875,8088417,1108.2280126953126,1104.2805197143564,1056.8383928778649,1067.8198061001508,1088.560682510775,1041.6564195400063,1065.1085510253906,36.18325867672545,37.372155689495465,27.682680256430174,-14.17230188328017,-15.544725656069605,1.3724237727894355,36.0134424231866,16.532558856006183,55.23021265882787,57.49009625422455,-84.95237066140317,-264832259.0,-242970856.65,-1.0
2025-09-05,1055.7857154711764,1057.1846609678942,1046.9925703048243,1055.0863037109375,2849589,1105.1031420898437,1103.861712951661,1056.4879750444795,1066.6622149738587,1088.0891097391439,1040.6191544210126,1064.3541320800782,39.8412425354782,37.372155689495465,27.682680256430174,-13.454678110930672,-15.12671614704182,1.6720380361111484,36.21359342196311,16.079668270796446,58.68081071114989,59.85109382632659,-74.47624249249634,-261982670.0,-243878760.7,-1.0
2025-09-08,1055.0863616682946,1062.1808661059258,1053.18780138819,1054.6866455078125,2260147,1101.56693359375,1103.51329071045,1056.1277091371462,1065.5735268405817,1086.8352810617152,1039.8045871023469,1063.319934082031,39.66319209792485,39.597120783978525,27.682680256430174,-12.770989164627736,-14.655570750559004,1.8845815859312687,35.66424540174684,15.573482302720679,63.10099568917239,59.004006353050045,-75.23808349169673,-264242817.0,-245165728.65,-1.0
2025-09-09,1056.6850022541591,1058.1838462289877,1047.891735478004,1051.3890380859375,4310419,1098.1325024414061,1103.1096932983405,1055.1799749269046,1064.284027862887,1087.0023291934772,1039.0479881893352,1063.0251586914062,38.14830481832914,39.597120783978525,27.682680256430174,-12.352854096025567,-14.195027419652318,1.842173323626751,35.55256242374015,15.196241477596612,69.93923275906063,63.907013053127635,-79.57924489255905,-268553236.0,-246413972.4,-1.0
2025-09-10,1057.1846182048694,1073.2721858257837,1054.286828788078,1069.2752685546875,5241075,1095.5729565429688,1102.7695681762705,1057.9990336524613,1064.737777016687,1086.6187927739174,1039.1117614253012,1062.8652770996093,49.43033561339452,39.597120783978525,27.682680256430174,-10.457660325727375,-13.447554000867331,2.9898936751399567,33.59847670739876,15.673877639185868,79.11441547557251,70.7182146412685,-41.89495804746631,-263312161.0,-247672801.15,-1.0
2025-09-11,1068.176167416612,1092.1576716429909,1068.176167416612,1086.56201171875,5227539,1093.8763012695313,1102.4996536254891,1063.7116292657192,1066.7217983532382,1089.6360105180595,1037.833203349128,1063.7346069335938,57.49919067757272,39.597120783978525,27.682680256430174,-7.474646830773736,-12.252972566848612,4.778325736074876,32.20983142519597,16.267279538271076,88.72466937289015,79.25943920250776,-11.089076124505882,-258084622.0,-248441601.7,-1.0
2025-09-12,1087.561241886698,1107.8455243744909,1087.561241886698,1104.4482421875,6014850,1092.4974340820313,1102.2517800903329,1071.8589518500753,1070.1514750654437,1097.3711041775086,1034.0250872287415,1065.698095703125,63.91484234829638,39.597120783978525,27.682680256430174,-3.6255250314566183,-10.527483059770214,6.9019580283135955,31.876834433309714,16.625581903804633,99.99999999999999,89.27969494948755,-5.135813368161591,-252069772.0,-248661320.85,1.0
2025-09-15,1104.1484634272642,1109.1446103206003,1099.1523165339283,1103.5489501953125,3881807,1091.1844482421877,1102.0548196411141,1078.1969515191229,1073.187609168159,1103.4292863669516,1031.584129160392,1067.5067077636718,63.39666718765702,48.66483604763002,27.682680256430174,-0.6402531820071999,-8.550037084217612,7.909783902210412,31.6386255541484,16.15177560972373,99.49138957311436,96.07201964866816,-8.29626423204095,-255951579.0,-249413195.6,1.0
2025-09-16,1104.847882034871,1126.2314152658462,1103.1492408711283,1120.3359375,7965606,1090.0573168945314,1101.9175839233405,1086.6247487152984,1077.47382083469,1112.091184196106,1026.7792503742066,1069.4352172851563,68.52623002477274,48.66483604763002,27.682680256430174,3.0450642420894383,-6.231016818956202,9.276081061045641,32.24796063195119,16.64680409436617,99.49138957311438,99.66092638207624,-6.974028364261198,-247985973.0,-250165039.4,1.0
2025-09-17,1120.435994746524,1127.6303977627526,1115.2399285892504,1125.13232421875,5590739,1089.0760742187501,1101.8899404907233,1094.3262638159888,1081.8064120514227,1120.748460249979,1022.3986833047087,1071.573571777344,69.82729815242998,48.66483604763002,27.682680256430174,6.280337355432039,-3.7287459840785537,10.009083339510592,32.87421906673959,16.342780171447316,99.49138957311438,99.49138957311436,-2.9069765000351855,-242395234.0,-250920422.8,1.0
2025-09-18,1128.129913734106,1133.5257765121382,1120.3358761684776,1132.1268310546875,5713032,1088.428571777344,1101.8783004760749,1101.8863772637285,1086.380995597174,1130.318726017476,1018.1043452715867,1074.2115356445313,71.6666976290647,48.66483604763002,27.682680256430174,9.30149105387568,-1.1226985764877073,10.424189630363387,33.70987437479265,16.11757446946255,99.99999999999999,99.66092638207624,-1.5660238192888087,-236682202.0,-251238418.2,1.0
2025-09-19,1132.1268686542164,1143.2182901919443,1125.731776333649,1135.024658203125,8910732,1087.853017578125,1101.8771560668952,1108.514033451608,1090.8031467431695,1139.4236992360645,1014.6949775217483,1077.0593383789064,72.41694466650277,48.66483604763002,27.682680256430174,11.79365761516533,1.4605726618429,10.33308495332243,34.867852916470106,16.215355854379187,99.99999999999999,99.8304631910381,-8.27442683359667,-227771470.0,-250787913.9,1.0
2025-09-22,1135.124515662792,1146.715551462693,1130.3281661018914,1143.51806640625,7689900,1087.4553222656248,1101.8016690063484,1115.5148400425364,1095.595412167086,1149.6670525270047,1011.7959601683078,1080.7315063476562,74.544509333592,53.337722435156714,27.682680256430174,14.28934594445741,4.026327318365802,10.263018626091608,36.07238969310913,16.2276436762665,99.99999999999999,99.99999999999999,-3.1188640791663724,-220081570.0,-249760228.7,1.0
2025-09-23,1145.1168893049187,1171.896285943036,1141.020073171241,1169.8978271484375,16079093,1087.3953686523437,1101.8633218383798,1126.3914374637168,1102.3501771653905,1165.0835967491155,1006.4516571571346,1085.767626953125,79.76505563273122,53.337722435156714,27.682680256430174,18.18618414263051,6.858298683218744,11.327885459411764,37.94555422346643,17.273970040232825,99.99999999999999,99.99999999999999,-1.5936254074584433,-204002477.0,-247793024.95,1.0
2025-09-24,1167.0999210108505,1171.896270846598,1153.110709628871,1158.0069580078125,12812055,1087.1195825195311,1101.8308267211921,1132.714541572536,1107.4098845147016,1174.7805158153733,1007.6263567432205,1091.203436279297,72.54305154073008,53.337722435156714,27.682680256430174,20.0834531796379,9.503329582502577,10.580123597135323,39.68492128736964,17.38194083862527,94.21546696889027,98.07182232296341,-11.120027826437484,-216814532.0,-246106540.65,1.0
2025-09-25,1153.8100741514515,1170.8969935063292,1152.5111491906418,1165.700927734375,11188302,1087.1335693359374,1101.746199035645,1139.3118188049039,1112.7090702619446,1184.5495688973415,1009.318460887815,1096.9340148925783,74.17252949382078,53.337722435156714,27.682680256430174,21.954810230356316,11.993625712073325,9.961184518282991,41.230398616770756,17.45364822984399,89.73607983953347,94.6505156028079,-4.996073277494773,-205626230.0,-244288881.4,1.0
2025-09-26,1160.704836753473,1168.798570429251,1147.1153414245289,1153.1107177734375,5618932,1086.8457910156249,1101.7049472045903,1142.0715985986105,1116.381947308444,1189.7501415694203,1014.9895068680801,1102.3698242187502,67.14976799171305,53.337722435156714,27.682680256430174,22.16642866089751,14.028186301838161,8.138242359059348,42.03142886423862,17.75576114233528,79.6317449309943,87.86109724647268,-15.149095818782731,-211245162.0,-242516267.95,1.0
2025-09-29,1154.5095860957442,1157.4073755324762,1125.8316312925506,1131.327392578125,9693881,1086.2942138671876,1101.6027011108401,1139.9227573945136,1117.7406241511424,1191.8872788360325,1019.9169081756861,1105.9020935058593,57.07989720751612,55.895124051131994,27.682680256430174,20.341916547753726,15.290932351021276,5.0509841967324505,40.712246056183496,18.74290279216316,60.488672003481284,76.61883225800301,-34.49458431855433,-220939043.0,-241387869.85,1.0
2025-09-30,1129.129162712632,1136.1237681453651,1124.5327321092266,1130.7279052734375,8165203,1086.9397143554688,1101.5294052124025,1138.0837869702984,1118.921286071351,1192.8930740122357,1026.4453048940147,1109.6691894531252,56.82732990208976,55.895124051131994,38.165294346119225,18.632816428560318,15.959309166529085,2.673507262031233,39.378744966467224,18.232055166732835,31.63472579950475,57.25171424466011,-39.6917987122338,-229104246.0,-240421054.85,1.0
2025-10-01,1131.6272525367883,1163.902409721932,1130.1284084936935,1158.6064453125,9655009,1088.1367919921877,1101.603489074707,1142.1883186387388,1122.5290278205464,1196.5132528356144,1033.2970498987606,1114.9051513671875,64.65889839712106,55.895124051131994,38.165294346119225,19.3053672052024,16.628520774263748,2.676846430938653,39.36959204981575,19.342194171126085,19.786641342959083,37.303346381981704,-15.758384642163758,-219449237.0,-238556324.6,1.0
2025-10-03,1170.0975504074936,1187.0844490897546,1168.5987064061178,1180.08984375,11095015,1089.7955126953127,1101.772510070801,1149.7686236609911,1127.7618292686786,1201.9102371906242,1040.9499923015637,1121.430114746094,69.2830824641476,55.895124051131994,38.165294346119225,21.326065641115974,17.568029747634192,3.7580358934817824,40.079395447892736,19.994752000135264,29.481738650878594,26.96770193111414,-7.954549874374816,-208354222.0,-235732422.75,1.0
2025-10-06,1184.086852097852,1214.263531521155,1181.1890624105488,1211.865478515625,20128505,1091.9538500976562,1102.0866818237305,1162.187994631918,1135.4076155638556,1213.0156288481342,1045.5225181245225,1129.2690734863284,74.58084083314671,59.46408341127249,38.165294346119225,25.20101031561535,19.094625861230426,6.106384454384923,41.36446892171193,21.00753312663668,55.28131898640251,34.849899660080055,-2.1581859466512254,-188225717.0,-232044575.1,1.0
2025-10-07,1211.0660300798188,1211.0660300798188,1183.0876069426613,1185.885498046875,8620156,1093.7864379882812,1102.344084777832,1166.9274953149095,1139.996513971403,1215.428381771385,1056.2296504551778,1135.8290161132813,64.74817430910205,59.46408341127249,38.165294346119225,25.87726755521635,20.451154200027613,5.426113355188736,42.55775143311547,21.562557301374326,55.4110556380499,46.72470442511033,-28.65784786056991,-196845873.0,-228674727.9,1.0
2025-10-08,1179.1905708552174,1193.879315975699,1173.195194555325,1179.690185546875,5160430,1095.6749829101561,1102.6403976440429,1169.4800333613027,1143.6050295691732,1213.424960018131,1071.0631869545255,1142.2440734863283,62.627763456671275,59.46408341127249,38.165294346119225,25.61798812692382,21.484520985406856,4.133467141516963,42.89790329274898,21.49981188130287,45.73947923500981,52.14395128648741,-36.808483981064846,-202006303.0,-225347381.25,1.0
2025-10-09,1177.092172913211,1186.385054647758,1162.203631220504,1166.5003662109375,7194651,1097.5495385742188,1102.9374026489259,1168.8840999312297,1145.6864238093335,1210.114431551526,1084.0962251867556,1147.1053283691408,58.25378207062327,59.46408341127249,38.165294346119225,24.07072676882035,22.001762142089554,2.0689646267307964,42.42184730709445,21.69135556315652,22.012833512801368,41.05445612862036,-53.229399072831725,-209200954.0,-222641820.9,1.0
2025-10-10,1167.099888033273,1190.781574984548,1164.301997045437,1179.4903564453125,6933035,1099.871748046875,1103.4843075561525,1171.0053512340464,1148.7595085944224,1209.4436891058886,1094.0598021050491,1151.7517456054688,61.13282206211719,59.46408341127249,38.165294346119225,23.620413224685763,22.325492358608795,1.2949208660769678,42.12281287975746,22.03337144715326,16.758967328274807,28.170426692028656,-38.75277530539859,-202267919.0,-219850985.75,1.0
2025-10-13,1170.0975857557814,1192.680144996811,1166.600282980252,1188.6832275390625,4138448,1102.1959545898437,1104.0407357788088,1174.5409264950497,1152.3889375893896,1211.368696837451,1100.5582929086431,1155.963494873047,63.07367945421311,59.34916056428213,38.165294346119225,23.731759415823262,22.60674577005169,1.125013645771574,41.908633180967925,22.322406487825102,17.40697693303138,18.72625925803585,-28.507830254203682,-198129471.0,-217153970.7,1.0
2025-10-14,1190.881629244145,1190.881629244145,1165.7009755688605,1175.8931884765625,5742538,1104.36228515625,1104.5344613647464,1174.8113788913522,1154.5256876700416,1209.7792005265871,1109.3822130476317,1159.5807067871094,58.683032197210544,59.34916056428213,38.165294346119225,22.528261043029715,22.591048824647295,-0.0627877816175797,41.637326292375896,22.52656700121506,18.81824008830963,17.66139478320527,-42.761619528703044,-203872009.0,-214549992.2,1.0
2025-10-15,1179.0906179006056,1180.7892589833573,1163.1029485053432,1168.6986083984375,6328142,1106.5046313476562,1105.0031967163088,1173.5888247927694,1155.8141350089866,1208.7805472645211,1115.217133399541,1161.998840332031,56.3085286463272,59.34916056428213,38.165294346119225,20.754690276996143,22.223777115117066,-1.4690868381209228,41.166673235697715,22.180834392414994,12.561455652940314,16.26222422476044,-50.779580056499896,-210200151.0,-212660701.1,1.0
2025-10-16,1215.4626602690012,1215.9622749664172,1184.386650484972,1195.378173828125,17747171,1109.0566650390626,1105.6015859985355,1177.9466945998406,1159.4108658107264,1211.1731045905976,1119.8491610344022,1165.5111328125,62.38654047525994,59.34916056428213,38.165294346119225,21.25690426635242,22.03040254536414,-0.7734982790117186,41.86300271105345,23.97246526209819,14.57203340900606,15.317243050085334,-22.513621412767836,-192452980.0,-210163588.4,1.0
2025-10-17,1195.378127506221,1211.9653104224176,1190.681676346755,1199.2750244140625,6404414,1111.6426684570315,1106.2568984985355,1182.212360562685,1163.0348802292115,1214.0672131532988,1123.6698718076386,1168.8685424804687,63.19196924816827,59.34916056428213,38.165294346119225,21.718992717673473,21.96812057982601,-0.24912786215253746,42.50959436674091,23.780405891638505,23.6449777095413,16.926155590495892,-18.251486369585766,-186048566.0,-207631906.6,1.0
2025-10-20,1206.9691490495477,1230.750734251728,1206.069818244673,1225.05517578125,7418616,1114.7402783203124,1107.0673196411137,1190.7809236063981,1168.6730889157604,1222.1663662112578,1124.573770507492,1173.370068359375,68.06410464609593,61.96194403226779,38.165294346119225,23.890054231986596,22.352507310258126,1.5375469217284703,43.570798787536546,24.330070459211868,45.09013086362773,27.769047327391696,-5.362140461686482,-178629950.0,-205174830.6,1.0
2025-10-21,1224.8554197755109,1237.8454016834933,1221.0582993503724,1236.3465576171875,1940248,1117.9597973632813,1107.8987539672855,1199.894050408556,1174.825222434072,1232.2122182769654,1123.8107675628785,1178.011492919922,69.94082733037662,61.96194403226779,38.165294346119225,26.219514035161637,23.125908655238828,3.09360537992281,44.71072669988919,23.791287021633938,58.87106670046517,42.53539175787806,-1.3914648208428582,-176689702.0,-203005237.2,1.0
2025-10-23,1245.0397715691,1275.1165506443415,1240.3434424090542,1257.8299560546875,14611221,1121.9707055664062,1108.7637265014653,1211.4812315377824,1182.3711073086733,1247.0898563460353,1117.7263423844336,1182.4080993652344,73.17126771683176,61.96194403226779,38.165294346119225,29.45956687271837,24.392640298734737,5.066926573983633,46.413994831579465,24.861194593456798,77.07583897491935,60.345678846337414,-15.309669325585196,-162078481.0,-200909037.4,1.0
2025-10-24,1253.2334413696176,1255.0321030466466,1239.1443314870337,1240.9429931640625,4882046,1125.3401074218748,1109.5527499389652,1217.3735838630384,1187.6958242046178,1255.1647282620513,1117.945073984043,1186.554901123047,67.0696628411991,61.96194403226779,38.165294346119225,30.315240097504102,25.57716025848861,4.738079839015491,47.90327187815987,24.420082448756585,75.2617248209844,70.40287683212297,-30.26540953387522,-166960527.0,-198416337.15,1.0
2025-10-27,1242.441839313446,1257.5301786026632,1241.6424070164871,1253.133544921875,6185072,1129.0192700195312,1110.5100515747076,1224.525576074806,1193.6447079061866,1264.8757596312012,1116.9773043336427,1190.926531982422,69.0744897032668,66.80154953393749,38.165294346119225,31.612632193358195,26.784254645462532,4.828377547895663,49.32572165497953,23.860589805174026,75.628001662524,75.9885218194759,-19.468990647518012,-160775455.0,-196173798.4,1.0
2025-10-28,1248.0374700896894,1257.9298651445754,1235.6470016359046,1245.339599609375,8146777,1132.6224926757811,1111.4079165649418,1228.6883807817198,1198.3442435155673,1271.0443467693199,1120.0316053791175,1195.5379760742187,66.29552159933995,66.80154953393749,38.165294346119225,31.647110338191396,27.756825784008306,3.89028455418309,50.144493328602195,23.747895069709507,64.60782463151756,71.83251703834199,-26.371606709763395,-168922232.0,-194057651.9,1.0
2025-10-29,1245.9390863463195,1250.0359022381838,1238.244947255514,1247.837646484375,4578825,1136.2317114257812,1112.2810824584967,1232.518233922251,1202.8436437854589,1273.931832749071,1128.7951447899918,1201.3634887695314,66.75714949637401,66.80154953393749,38.165294346119225,31.512746694249245,28.5080099660565,3.0047367281927464,50.90478131125181,22.89382792063524,65.63104353169933,68.62228994191362,-24.159240854955264,-164343407.0,-191227870.1,1.0
2025-10-30,1242.042141558398,1247.0382885477725,1234.0483063753995,1237.6455078125,4017532,1139.3493066406252,1113.169180603028,1233.543688700301,1206.0074496060988,1272.8347874760711,1140.5839503168977,1206.7093688964844,62.96773649020564,66.80154953393749,38.165294346119225,30.23530831341327,28.853469635527855,1.3818386778854155,51.2330892213267,22.24350736265954,53.55955030724293,61.266139490153265,-33.45222554787897,-168360939.0,-188190704.75,1.0
2025-10-31,1242.0420660340162,1244.4402408383398,1230.0513139886357,1231.8499755859375,4106607,1142.339001464844,1114.1333804321293,1233.2049460774283,1208.3567701497207,1273.316199925202,1147.4268908951108,1210.3715454101564,60.852470173065356,66.80154953393749,47.72367360997779,28.427582699944878,28.768292248411264,-0.34070954846638557,51.17553283000954,21.68246589744844,42.800026200044755,53.996873346329004,-38.626179528370365,-172467546.0,-185841620.2,1.0
2025-11-03,1225.0552499537423,1240.043691021692,1221.35814994748,1232.749267578125,6118907,1145.406635742188,1115.0591464233405,1233.1138103775677,1210.574269915939,1275.0143129841276,1150.9947202189974,1213.0045166015625,61.07100079180337,64.86212361007028,47.72367360997779,26.759050794752966,28.366443957679607,-1.6073931629266411,50.35922940259633,21.468399838645848,31.559960789563178,42.63984576561695,-37.82333775289424,-166348639.0,-183741341.05,1.0
2025-11-04,1229.1519657161218,1234.947544579493,1221.8576648446217,1225.6546630859375,3299345,1148.3583569335942,1115.9377078247076,1231.6219809192417,1211.9452147495754,1275.9565644839622,1151.4313871761938,1213.693975830078,58.30576860622709,64.86212361007028,47.72367360997779,24.580898649772962,27.60933489609828,-3.0284362463253167,49.60123336285549,20.86993411694767,22.344439585314255,32.234808858307396,-44.15703683649639,-169647984.0,-182812454.4,1.0
2025-11-06,1224.0559200275998,1238.6446437404363,1224.0559200275998,1227.55322265625,3733721,1151.5079272460941,1116.9498110961918,1230.8082292666434,1213.364124559273,1276.900102363554,1154.6546217575399,1215.777362060547,58.8428286065035,64.86212361007028,47.72367360997779,22.745697035813237,26.63660732404127,-3.890910288228035,49.042992262238016,20.421276230939736,14.566491361287266,22.823630578721566,-52.4229916538487,-165914263.0,-181265873.9,1.0
2025-11-07,1226.054380385374,1227.8530419588296,1216.0620871466992,1221.857666015625,3461466,1154.5615722656255,1117.8775271606448,1229.0181166164398,1214.1362646916684,1276.6300178342963,1159.1414543336728,1217.8857360839845,56.49195089482958,64.86212361007028,47.72367360997779,20.594304392167487,25.428146737666516,-4.833842345499029,47.78502125578037,19.804824701024785,5.152298871435594,14.02107660601237,-63.076880343314336,-169375729.0,-179634345.2,1.0
2025-11-10,1221.0582806000282,1231.8500065022106,1214.5632897457729,1216.0621337890625,4140568,1157.896999511719,1119.0106344604494,1226.4269200509643,1214.3113437005225,1273.9347933885806,1166.792855537201,1220.3638244628908,54.12245574271072,62.70760904169388,47.72367360997779,18.211725768478118,23.98486254382884,-5.7731367753507215,46.802216180285164,19.624959847839992,1.2042649813515443,6.974351738024801,-85.52818475673793,-173516297.0,-177850112.35,1.0
2025-11-11,1217.1612278614307,1224.0559346641744,1208.467981442474,1221.557861328125,5615453,1161.3063696289064,1120.186195983887,1225.4531083063964,1214.9701180303045,1272.4652690764424,1172.4691303376203,1222.4671997070313,56.00684621731214,62.70760904169388,47.72367360997779,16.575897695843423,22.50306957423176,-5.927171878388336,45.32955327960132,19.33660223168717,3.297476814059717,3.2180135556156184,-80.35984861729897,-167900844.0,-176131758.6,1.0
2025-11-12,1226.9537631333974,1231.7499909053392,1215.562523963644,1220.6585693359375,6782513,1164.831650390625,1121.4463659667972,1224.4942005123048,1215.48724996718,1271.4943087841561,1176.637624809594,1224.065966796875,55.60437031713801,62.70760904169388,47.72367360997779,15.033628503424097,21.00918136007023,-5.975552856646132,44.3504996718449,19.111663996687746,5.890664911460162,3.4641355689571407,-81.70915289037899,-174683357.0,-174959452.9,1.0
2025-11-13,1218.0605641936236,1233.8484365397046,1212.264985237154,1224.2557373046875,3345231,1168.1031249999999,1122.7789337158206,1224.4465078707815,1216.2843851796808,1268.152835135194,1184.8153533413683,1226.4840942382812,56.93741150673014,62.70760904169388,47.72367360997779,13.940928107971104,19.595530709650404,-5.654602601679301,43.13221753863318,19.288220232820812,12.166189635934352,7.118110453818076,-68.08096521899591,-171338126.0,-173332758.75,1.0
2025-11-14,1223.056775575948,1245.039822195777,1221.058316792327,1240.6431884765625,5197740,1171.8082690429685,1124.2346215820314,1227.6858439919379,1218.4988218430337,1262.0347936688386,1198.1278528155362,1230.0813232421874,62.46654714485509,62.70760904169388,47.72367360997779,14.23321389609373,18.523067346939072,-4.289853450845342,42.55815190582,19.623454887865755,27.470622154425055,15.17582556727319,-34.949491151867406,-166140386.0,-171129770.5,1.0
2025-11-17,1242.9414044247746,1260.028201798564,1239.44410172351,1248.636962890625,4088026,1175.703264160156,1125.7430078125,1231.8760677716755,1221.23865284736,1261.2067719102345,1204.28175348039,1232.7442626953123,64.83821152069532,65.05753354364036,47.72367360997779,14.937690875419094,17.805992052635077,-2.868301177215983,42.64636865876935,19.69207240123635,53.148151672367646,30.928321154242347,-22.093076463342687,-162052360.0,-169609739.5,1.0
2025-11-18,1249.0367693639987,1272.5186606280415,1246.6385943715704,1264.4249267578125,10175969,1179.999951171875,1127.3323303222658,1238.385839568903,1225.1646777483102,1263.2213042795406,1208.782211345459,1236.0017578124998,69.00401748651603,65.05753354364036,47.72367360997779,16.578840146342145,17.56056167137649,-0.9817215250343452,43.15929235241012,20.134071962324544,80.2059602812268,53.60824470267316,-12.63645284194389,-151876391.0,-167901130.75,1.0
2025-11-19,1267.02284561613,1272.0189924837014,1256.8307547967806,1269.4210205078125,4101288,1184.2866455078124,1128.7684234619142,1244.592875756685,1229.1879816355377,1268.7173171357254,1207.7227829619305,1238.220050048828,70.20692582970368,65.05753354364036,47.72367360997779,18.07425699511282,17.66330073612376,0.4109562589890601,43.635578639362265,19.780798085509986,94.9373842820097,76.09716541186805,-4.836233057349071,-147775103.0,-166358388.4,1.0
2025-11-20,1274.017503489148,1286.3080740780129,1261.6270343540828,1284.2095947265625,4617594,1188.8771044921878,1130.2804559326173,1252.5162195506605,1234.1899464619946,1277.3623670322647,1203.864036776329,1240.6132019042968,73.48688404130739,65.05753354364036,47.72367360997779,20.219620765928767,18.174564742084762,2.0450560238440048,44.52465909937265,20.13081534539714,99.99999999999999,91.71444818774549,-2.695884961591455,-143157509.0,-164681778.75,1.0
2025-11-21,1283.0105266743428,1283.5101413654154,1272.0190034707464,1274.81689453125,6363593,1193.345661621094,1131.7390353393555,1256.9763545467786,1237.8833053773812,1280.5950593815505,1202.3300382746993,1241.462548828125,68.34074473459306,65.05753354364036,47.72367360997779,20.920763069182158,18.72380440750424,2.196958661677918,45.35023381223944,19.563656481855638,91.14159353194489,95.3596592713182,-14.762546083502992,-149521102.0,-164053909.8,1.0
2025-11-24,1278.2141857045526,1289.9052427423878,1265.623919797552,1268.0220947265625,10491953,1197.3205981445312,1133.1566525268556,1259.1855025827354,1240.623195318216,1283.707641071547,1201.9253667409532,1242.81650390625,64.80523000886772,68.89714612273191,47.72367360997779,20.68964251814691,19.116972029632777,1.5726704885141345,46.30750561420594,19.9006326577828,76.19726038223035,89.11295130472507,-26.871173792589797,-160013055.0,-163706536.2,1.0
2025-11-25,1268.1219878416655,1275.7161067708207,1262.7261247685517,1265.32421875,5290156,1200.8958422851565,1134.500627746582,1260.4132458161885,1242.8687429029237,1285.3159421330806,1201.5361330622318,1243.4260375976562,63.40270463705741,68.89714612273191,47.72367360997779,20.057570583813686,19.30509174046896,0.7524788433447256,46.869760648967066,19.40701475381753,58.83866304634313,75.39250565350612,-30.1840012790482,-165303211.0,-163932924.0,1.0
2025-11-26,1270.9198641332523,1291.8037824278044,1268.3218921582525,1289.2056884765625,4842021,1204.590991210938,1136.0076892089844,1266.1717343482633,1247.0811925005273,1292.2557464159013,1198.9829376661305,1245.619342041016,69.66183183844815,68.89714612273191,47.72367360997779,21.238855735001152,19.6918445393754,1.5470111956257533,47.87271014608029,19.912196819816597,61.11274189422531,65.38288844093293,-3.117620423063161,-160461190.0,-163509871.9,1.0
2025-11-27,1296.0004592453204,1302.9950646537377,1280.0127897403663,1286.3079833984375,5924706,1208.246171875,1137.370972595215,1270.1989841582981,1250.6472644003372,1297.6116091609908,1197.4741086124475,1247.5428588867192,68.13904661595168,68.89714612273191,47.72367360997779,21.691169841693636,20.09170959983905,1.5994602418545867,49.080859528250215,20.13148811221337,66.85147161671266,62.2676255190937,-17.65322771888066,-166385896.0,-163611996.35,1.0
2025-11-28,1286.3079857267776,1288.0066268242583,1274.0174159821015,1278.7137451171875,3093636,1211.413728027344,1138.7062686157228,1271.901936350076,1253.1987626473235,1301.29787495382,1197.8946665500864,1249.5962707519532,64.1794196784674,68.89714612273191,47.72367360997779,21.192545990123108,20.311876877895862,0.8806691122272454,49.565831301374295,19.692754021495045,66.86078479265849,64.94166610119882,-25.687156221971385,-169479532.0,-163667926.0,1.0
2025-12-01,1287.007489569433,1288.0067189868005,1267.522515930765,1274.7169189453125,4098016,1214.4054199218751,1139.9846405029298,1272.4649328691235,1255.1549586744134,1303.8957653556593,1199.5834704841848,1251.739617919922,62.13299287617376,69.31125951125352,51.467859134015214,20.241540645522036,20.297809631421096,-0.05626898589905949,49.35507891034396,19.749286095390794,52.2812511864161,61.99783586526241,-31.167332697447726,-173577548.0,-163723426.1,1.0
2025-12-02,1269.7206814849603,1280.012792541795,1254.1327280787625,1257.030517578125,8115347,1216.903493652344,1141.1576080322268,1269.3780498109238,1255.3254640292962,1304.3737950707962,1201.5335657690473,1252.9536804199217,53.93708938995531,69.31125951125352,51.467859134015214,17.854897139457535,19.809227133028386,-1.9543299935708518,47.939612109090575,20.187198835936634,28.153521280309967,49.098519086461515,-50.66075922249358,-181692895.0,-164490638.9,1.0
2025-12-03,1254.0328509120543,1271.9190809099528,1254.0328509120543,1269.720703125,3582794,1219.5974145507814,1142.4556762695315,1269.446580473739,1256.6341221289056,1305.415136648194,1204.898828195556,1255.156982421875,58.19784311007567,69.31125951125352,51.467859134015214,16.793867631158264,19.20615523265436,-2.4122876014960966,46.61660103615451,20.022843918933905,19.434260639834378,33.28967770218681,-40.609814762258566,-178110101.0,-164913744.75,1.0
2025-12-04,1269.7206681913929,1281.8114407353803,1268.421743240615,1279.0135498046875,3216108,1222.3073242187502,1143.8219235229494,1271.3599743399288,1258.6686155539767,1307.3022741487628,1208.1577234098306,1257.7299987792967,61.039825800790894,69.31125951125352,51.467859134015214,16.512503305586733,18.667424847240834,-2.154921541654101,45.84518806382973,19.549047745779013,19.375293250919185,22.321025057021174,-37.73587958907775,-174893993.0,-165362731.25,1.0
2025-12-05,1274.2172952640824,1284.0097922758284,1266.3234805034615,1281.51171875,2728214,1224.5396020507815,1145.203157348633,1273.3903232219432,1260.7452612990696,1308.3373643139628,1213.0880385180683,1260.7127014160155,61.791857894269185,69.31125951125352,51.467859134015214,16.30316862670952,18.19457360313457,-1.8914049764250507,45.226238568535635,19.41599517624958,32.768048595914806,23.859200828889456,-38.12046034141996,-172165779.0,-165502233.75,1.0
2025-12-08,1283.0105727184648,1287.806922715388,1264.1251123229204,1272.8184814453125,2969478,1226.8358325195313,1146.534435729981,1273.2759548666172,1261.8428267669099,1306.5078489678135,1220.5931886298422,1263.5505187988279,57.623548951425,69.62398578184676,51.467859134015214,15.259891259959431,17.607637134499544,-2.347745874540113,44.822024033407146,19.720696263122303,31.788849634335694,27.97739716038989,-61.63239139396739,-175135257.0,-165583181.75,1.0
2025-12-09,1271.0197291988948,1280.4125094545743,1262.22646215608,1274.916748046875,4239279,1229.0201489257813,1147.9296185302737,1273.6041135026687,1263.0313650650885,1304.5762726564906,1227.8606536130403,1266.2184631347654,58.35379281879968,69.62398578184676,51.467859134015214,14.435989903684913,16.973307688336618,-2.537317784651705,44.246765992600686,19.611078479934587,27.20903514882405,30.588644459691515,-57.34690991506079,-170895978.0,-165732938.45,1.0
2025-12-10,1272.0189640520778,1283.010486915057,1267.3226348920275,1277.6146240234375,2928746,1231.5102270507814,1149.361003723145,1274.4062156068226,1264.357115879484,1301.1213051164962,1237.011226621785,1269.0662658691406,59.32435590794545,69.62398578184676,51.467859134015214,13.841185615233371,16.346883273715967,-2.505697658482596,43.84223377575504,19.330848018727085,25.236215690720044,28.07803349129326,-51.836791457598785,-167967232.0,-165397132.2,1.0
2025-12-11,1276.4155672355312,1281.0119977463942,1270.020475144826,1271.7191162109375,2017404,1234.3180615234378,1150.7569207763675,1273.8687957276456,1265.0263886368887,1295.5757226217775,1247.3031470071292,1271.4394348144533,56.239912047765756,69.62398578184676,51.467859134015214,12.747139630802849,15.626934545133345,-2.879794914330496,43.46659671725551,18.735181917501453,23.832153146727258,25.425801328757114,-63.8777253982162,-169984636.0,-165329457.7,1.0
2025-12-12,1277.0151531013842,1290.005135096938,1276.9152545582056,1285.10888671875,2281078,1237.4056811523442,1152.1339266967777,1276.1168139258666,1266.8520702806943,1293.698199094618,1253.627240358507,1273.6627197265625,61.176986524884356,69.62398578184676,51.467859134015214,12.812844388572557,15.064116513821189,-2.251272125248631,43.57106261862903,18.703098843822808,31.648608044792105,26.905658960746468,-36.530574433076566,-167703558.0,-165407616.3,1.0
2025-12-15,1284.009733605876,1289.4055965703628,1279.0135867825068,1283.8099365234375,1634472,1239.909750976563,1153.475235290528,1277.6554384453807,1268.39369448458,1292.1014394604595,1258.7412973559472,1275.4213684082033,60.464306448943915,70.04658954705155,51.467859134015214,12.614687195876286,14.574230650232208,-1.9595434543559218,43.668066669904434,18.109449625539472,34.06507696255536,29.848612718024906,-39.18353902770366,-169338030.0,-165771899.8,1.0
2025-12-16,1276.1158469576924,1276.6154616594986,1215.9622856507456,1218.66015625,11542048,1240.6811572265628,1154.5319778442388,1265.8563820063046,1263.872463735982,1303.2827931424524,1242.9834666231725,1273.1331298828125,37.11212361491026,70.04658954705155,51.467859134015214,7.118545245929909,13.08309356937175,-5.964548323441841,42.06607879146473,21.662178286050363,29.18354993521092,31.63241164751946,-96.90016723565535,-180880078.0,-167222084.15,-1.0
2025-12-17,1219.6592876851394,1235.0474436599686,1219.3595920738758,1223.756103515625,5147181,1240.9189697265626,1155.6087094116217,1257.4363263081686,1260.2255218977675,1308.2321403626718,1233.467627703735,1270.8498840332034,39.09359597573719,70.04658954705155,51.467859134015214,3.1378424146432735,11.094043338426056,-7.956200923782783,40.57851861862787,21.285400366330236,16.27658495930128,26.508403952355852,-89.47390879311948,-175732897.0,-168619973.85,-1.0
2025-12-18,1225.1550731667012,1237.5455414162575,1219.259595647226,1228.852294921875,3441592,1241.7783056640626,1156.7156643676765,1251.71952003091,1257.3734103545046,1309.3000561233548,1226.8639819625828,1268.0820190429688,41.0925232739857,70.04658954705155,51.467859134015214,0.3898330445940701,8.953201279659659,-8.563368235065589,39.019266879071964,21.071153609380328,7.742953101918017,17.734362665476738,-82.59114908793897,-172291305.0,-170076663.65,-1.0
2025-12-19,1235.746885956047,1240.5432356172332,1228.152767306034,1229.651611328125,5055047,1242.7775341796876,1157.7886773681646,1247.305938290353,1254.853246806652,1310.3078000594255,1221.3397097061998,1265.8237548828126,41.41728230300322,70.04658954705155,51.467859134015214,-1.7038451593004993,6.821791991867627,-8.525637151168127,37.351982595706836,20.451104659510243,13.557654669556868,12.525730910258723,-81.51161688161719,-167236258.0,-170962421.45,-1.0
2025-12-22,1234.0482954798545,1235.946855714303,1225.8546632801217,1232.2496337890625,2405809,1244.09251953125,1158.8804211425786,1244.2946773900949,1252.7983728959618,1310.9569015980226,1217.113362073853,1264.0351318359378,42.52637604217442,56.90284647130385,51.467859134015214,-3.11752463658695,4.833928666176712,-7.951453302763662,35.929727930257656,19.71118235770103,18.430157822840037,13.243588531438307,-78.00280748223621,-164830449.0,-171203291.15,-1.0
2025-12-23,1238.045242047991,1238.045242047991,1222.5571861547353,1224.0560302734375,2920318,1244.9838330078123,1159.9726296997076,1240.2469479667634,1250.1854326575503,1312.1699880904641,1211.7734567337545,1261.9717224121093,39.95710745535295,56.90284647130385,51.467859134015214,-4.843201719620993,2.898502589017171,-7.741704308638164,34.79363495014161,19.409530467383508,16.969921979411435,16.31924482393611,-89.06883691912245,-167750767.0,-171325668.95,-1.0
2025-12-24,1229.0520802122269,1234.447943008406,1223.756115954151,1225.35498046875,3155506,1245.717268066406,1161.098538513184,1237.2685544671608,1247.9281188222049,1309.7995423996717,1207.7588316237661,1258.779187011719,40.57010443833206,56.90284647130385,51.467859134015214,-6.036414783686723,1.1115191144763923,-7.1479338981631155,33.73869146860528,18.78683736644575,15.825693203037474,17.07525766842965,-87.31451465164075,-164595261.0,-171532372.5,-1.0
2025-12-26,1224.0559328937263,1228.9521810205488,1221.058244894803,1227.25341796875,1665983,1246.7444726562496,1162.1707919311527,1235.2655271674787,1246.0486005628,1306.9738855972216,1204.679031883247,1255.8264587402343,41.50997282484039,56.90284647130385,51.467859134015214,-6.751034964550854,-0.4609917013290571,-6.290043263221797,32.923862128127304,18.008772992110035,14.604670346810655,15.800095176419854,-84.7505432294177,-162929278.0,-171359541.6,-1.0
2025-12-29,1227.2534168570169,1232.949097235554,1218.060555792474,1231.050537109375,2209655,1247.9915112304686,1163.163941345215,1234.422529155858,1244.6851402488521,1304.5421929555732,1202.3444037241147,1253.443298339844,43.43678235182805,56.409902267957754,51.467859134015214,-6.931083608259996,-1.755010082715245,-5.176073525544751,31.78283437177137,17.785899310036474,19.52270498135394,16.651022843734022,-79.62227065613648,-160719623.0,-170921546.15,-1.0
2025-12-30,1232.0498131128988,1251.1350696831464,1231.0505837429776,1245.039794921875,5673233,1248.9847436523437,1164.2093148803715,1236.5459823090614,1244.7173815827634,1302.1731459686134,1201.7457383087308,1251.959442138672,49.97513073653285,56.409902267957754,51.467859134015214,-5.877208462496583,-2.5794497586715126,-3.29775870382507,29.783328901959692,17.950087400303257,32.66936689216858,22.26558074011106,-60.728808401329374,-155046390.0,-169994988.25,-1.0
2025-12-31,1245.0397618984657,1270.5201101556172,1244.0405325550478,1268.4217529296875,3711090,1250.3676782226564,1165.3805844116212,1242.9211364331868,1246.8723244324838,1303.2408422559954,1201.8171655565054,1252.5290039062504,58.591007861008585,56.409902267957754,50.61054453022902,-3.1193186529421837,-2.687423537525647,-0.4318951154165367,29.088981909954875,18.559336700322273,56.329083412014434,36.173718428512316,-29.14985353573578,-151335300.0,-168477108.5,-1.0
2026-01-01,1269.021335005127,1278.214196672934,1262.8261615302456,1273.41796875,2022412,1251.3349340820314,1166.6277520751955,1249.0205028965495,1249.2855648249854,1303.7157060571578,1201.7120283178426,1252.7138671875002,60.16961141108394,56.409902267957754,50.61054453022902,-0.5244724557678637,-2.2548333211740905,1.7303608654062268,28.829196565368427,18.332815160491275,79.50648403666912,56.16831144695071,-22.40211778855428,-149312888.0,-167037247.85,-1.0
2026-01-02,1272.918311604941,1280.8122479783322,1263.3257341026986,1265.9237060546875,5860547,1251.9264770507814,1167.9095806884766,1252.401143528177,1250.7981231185945,1301.9643379112513,1202.1544120887493,1252.0593750000003,56.6792158056049,56.409902267957754,50.61054453022902,0.9166706740816153,-1.6205325221229494,2.5372031962045645,28.715394795745464,18.27236506871573,89.61977498224739,75.15178081031031,-31.972810350796887,-155173435.0,-166051219.95,-1.0
2026-01-05,1273.2180455456032,1288.7061011587011,1269.0213308796483,1284.8092041015625,6177100,1252.466062011719,1169.2908288574217,1258.8827556428541,1253.8900395715916,1302.5588504635632,1201.8896480715932,1252.2242492675782,62.57150465527253,62.10981712444426,50.61054453022902,3.5418604841236174,-0.588053920873636,4.129914404997253,28.987145061729734,18.594510071237007,93.20173134403211,87.4426634543162,-5.357014929623061,-148996335.0,-164892747.75,1.0
2026-01-06,1303.5945822822944,1303.5945822822944,1284.409427601834,1292.802978515625,6751769,1253.5032617187503,1170.592490234375,1265.6668002174083,1257.4275794755947,1306.0130449225167,1200.4339033196707,1253.2234741210937,64.75661542199353,62.10981712444426,50.61054453022902,6.195950055117464,0.7687468743245842,5.42720318079288,29.859042419387784,18.636698971895814,94.59709231432446,92.47286621353464,-12.61673770023406,-142244566.0,-163248213.2,1.0
2026-01-07,1292.0036354433014,1297.999011941878,1283.0105706954362,1294.501708984375,5440002,1254.3306250000005,1171.9026452636717,1271.4337819708016,1260.7979548854837,1309.3601528086847,1199.0452915272526,1254.2027221679687,65.22128252056392,62.10981712444426,50.61054453022902,8.340267106193778,2.283050920698423,6.057216185495355,30.539177112741537,18.376109134363393,99.99999999999999,95.93294121945218,-10.630708819725122,-136804564.0,-161543642.5,1.0
2026-01-08,1290.1049625392077,1302.1956130273209,1282.810661621765,1285.808349609375,3949654,1255.1400000000003,1173.0799786376951,1274.3086954985163,1263.07162713311,1310.6172332699289,1198.6075836246023,1254.6124084472656,60.803154790664486,62.10981712444426,50.61054453022902,9.231754451268671,3.6727916268124727,5.558962824456199,31.343183113201913,18.448169296591434,94.17076061459157,96.25595097630533,-20.794335778213522,-140754218.0,-160182991.8,1.0
2026-01-09,1285.8084190520194,1294.3018688089537,1269.1212151673558,1271.019775390625,5531427,1255.6036425781256,1174.1718878173829,1273.650911476938,1263.7941860656115,1310.538150746502,1198.6167320659977,1254.5774414062498,54.090514154174755,62.10981712444426,50.61054453022902,8.645292696184697,4.667291840686918,3.978000855497779,30.8466133268066,18.929061035520473,79.4849214270743,91.21856068055527,-38.08403301994224,-146285645.0,-158998042.25,1.0
2026-01-12,1273.7176322643472,1278.613880584573,1265.5240002008,1273.218017578125,6489750,1256.3150927734378,1175.1959167480468,1273.5643326971756,1264.6508980212946,1308.8191844190526,1199.146611479384,1253.9828979492183,54.88776600309117,62.80015899263771,50.61054453022902,8.262650610193532,5.386363594588241,2.876287015605291,30.087258402552546,18.511976703252806,65.85096941030187,79.83555048398924,-35.51401231857655,-139795895.0,-157602659.1,1.0
2026-01-13,1273.018218268683,1283.0105119756586,1257.729960106514,1261.0274658203125,5163166,1256.8986425781254,1176.020718383789,1271.056959321803,1264.3214950939325,1305.9917478831248,1199.6958009449995,1252.8437744140622,49.73018896942028,62.80015899263771,50.61054453022902,6.896232874275938,5.688337450525781,1.2078954237501573,28.758424054212767,18.99544635795936,50.73314560402001,65.3563454804654,-49.766295600555935,-144959061.0,-156383710.65,1.0
2026-01-14,1254.0328977976028,1306.9920560312862,1252.5340536966494,1297.7991943359375,7776704,1258.1996411132816,1176.9260455322265,1276.40540632463,1267.3649222977513,1311.0063374291174,1202.595115207601,1256.8007263183592,61.486239821327395,62.80015899263771,50.61054453022902,8.680445380153515,6.286759036451328,2.3936863437021865,28.751065126511357,21.528486070579177,60.16826583482194,58.91746028304793,-10.337014073374052,-137182357.0,-154198824.6,1.0
2026-01-15,1297.7991943359375,1297.7991943359375,1297.7991943359375,1297.7991943359375,0,1259.6425317382814,1177.9426922607422,1280.6841639268914,1270.1316743012228,1315.3164167005061,1205.6893450182438,1260.502880859375,61.486239821327395,62.80015899263771,50.61054453022902,9.979410216608585,7.025289272482779,2.9541209441258056,28.744231836502905,19.990737065537807,68.08707991666193,59.66283045183462,-10.337014073374052,-137182357.0,-152271297.6,1.0
2026-01-16,1297.7991895256323,1307.99128058384,1285.5086191528724,1293.20263671875,5175495,1260.9555200195316,1178.9258734130858,1283.1878584852634,1272.229034520998,1318.2653166624175,1209.17547923602,1263.7203979492188,59.47000905314843,62.80015899263771,50.61054453022902,10.516715276088462,7.723574473203916,2.7931408028845457,27.7878018449696,20.168731663068517,76.65870202360303,68.30468259169564,-19.220834320850557,-142357852.0,-150774624.95,1.0
2026-01-19,1305.992816944013,1325.9774048084969,1296.1004215558446,1306.492431640625,8833223,1262.6482153320317,1179.957283325195,1287.848773116336,1275.3438888046005,1322.823527985372,1212.3013499443155,1267.5624389648438,63.2248144250624,65.72735655184498,50.61054453022902,11.877986752057723,8.554456928974679,3.323529823083044,27.746788116798662,21.069162836402686,77.61347271191454,74.11975155072649,-23.780469808025494,-133524629.0,-149089043.5,1.0
2026-01-20,1305.0934393364212,1309.889789042553,1289.005871077141,1292.503173828125,6268527,1264.1770361328129,1181.0006140136716,1288.779653258694,1276.903823806739,1324.278030521666,1216.872201411928,1270.575115966797,57.215991196629425,65.72735655184498,50.61054453022902,11.693196125656641,9.18220476831107,2.5109913573455707,27.19828412021281,21.05593105990336,66.10303239763098,73.45840237771617,-45.57830010969093,-139793156.0,-147837178.85,1.0
2026-01-21,1289.005835224937,1296.699852272607,1266.423276770507,1283.9097900390625,3854702,1265.4240747070317,1182.0067181396482,1287.8056806147679,1277.5407298278592,1322.843994365499,1224.2916135446576,1273.5678039550783,53.831506050083966,65.72735655184498,50.61054453022902,10.729649251421051,9.491693664933067,1.2379555864879848,25.304196319184708,21.71454852006025,53.9702478733084,65.89558432761797,-57.27899684938023,-143647858.0,-146632033.4,1.0
2026-01-22,1289.0058962937878,1297.8990621440864,1280.4125480470775,1293.80224609375,5949677,1266.8869482421878,1183.0353283691404,1289.0049937105643,1279.0190494883948,1321.4385615902338,1232.5417728824223,1276.990167236328,56.98586413925923,65.72735655184498,50.61054453022902,10.64160019760584,9.721674971467621,0.9199252261382185,23.61030807679599,21.412546061270874,40.545436458918665,53.53957224328602,-43.80949157092119,-137698181.0,-145287179.4,1.0
2026-01-23,1296.0004620817394,1297.9989207742324,1247.03822411566,1257.030517578125,8885549,1267.5424438476566,1183.8728411865234,1282.6100984840766,1277.0200920420066,1317.5866832424333,1239.37136119116,1278.4790222167967,44.74738293220206,65.72735655184498,50.61054453022902,7.5179868385541795,9.280937344884933,-1.7629505063307533,23.37191112035505,23.523128246792417,24.437681374801315,39.651121902342794,-87.34178214827631,-146583730.0,-144469902.0,1.0
2026-01-27,1287.8068186364756,1332.172503629323,1277.4148091338427,1314.7860107421875,22715357,1269.025300292969,1185.2155303955078,1289.0452809356989,1280.4533573783867,1318.1558929774776,1247.1756988193968,1282.6657958984372,59.4703956193853,57.74765940871659,50.61054453022902,9.592312159068115,9.343212307721569,0.24909985134654633,21.90212007463244,27.210189518535675,39.58295054208929,34.85535612526976,-20.42243498912233,-123868373.0,-142627339.5,1.0
2026-01-28,1346.96117816438,1368.344710877668,1309.1902595410843,1318.782958984375,15426403,1270.428220214844,1186.4289471435545,1294.9928165454342,1283.9378666152948,1320.687773050811,1252.0181351523136,1286.3529541015623,60.25961156605278,57.74765940871659,50.61054453022902,11.427026590083187,9.759975164193893,1.6670514258892943,21.782959864160578,29.4919225055391,51.95447673761424,38.658369551501615,-40.856637774473214,-108441970.0,-140297118.5,1.0
2026-01-29,1316.9843142731056,1365.9465535746094,1304.9935617911046,1362.6490478515625,16107684,1272.392702636719,1187.9425616455078,1308.52406280666,1291.0934285458643,1338.4269863666534,1243.7016513286587,1291.064318847656,67.6946471211559,57.74765940871659,50.61054453022902,16.23354753153626,11.054689637662367,5.178857893873893,21.48402339181466,31.739141739679507,85.28781007094757,58.94174578355037,-4.695266657322106,-92334286.0,-137347067.8,1.0
2026-01-30,1350.9581487855723,1377.6375249747894,1350.9581487855723,1369.343994140625,14758482,1274.3911621093753,1189.4532110595703,1320.688049073453,1298.2071163272062,1353.9196274491808,1237.8016127851945,1295.8606201171876,68.65841998721253,57.74765940871659,50.61054453022902,20.348412388707857,12.913434187871466,7.43497820083639,21.569681763397753,31.377729914646473,94.65076651273137,77.29768444043106,-6.350363883731768,-77575804.0,-133760213.6,1.0
2026-02-02,1337.9681888395623,1351.657583056608,1301.8960312952238,1310.4893798828125,8647298,1274.9167578125002,1190.4506927490236,1318.648315235325,1299.3236857413522,1354.7132549089447,1241.464552708243,1298.0889038085938,53.537549366903264,69.94768569473678,57.99874263307436,18.645463633575673,14.059840077012307,4.585623556563366,20.319856761870128,33.9541751239861,78.92065410975731,86.28641023114541,-51.415393995413496,-86223102.0,-130312696.95,1.0
2026-02-03,1401.9187671636068,1417.2070248903838,1344.4630799847705,1355.15478515625,10384723,1276.523515625,1191.4293951416016,1325.94960921951,1304.3992402336155,1363.2720836225224,1239.9402821001343,1301.6061828613283,60.62484727737151,69.94768569473678,57.99874263307436,20.661812879902072,15.380234637590263,5.281578242311809,20.3530488096529,39.15156582995647,67.72140096240848,80.43094052829905,-36.46510961564626,-75838379.0,-126654799.15,1.0
2026-02-04,1368.6444460360808,1368.8443650997317,1335.5699776381928,1337.6683349609375,6672251,1277.9164404296876,1192.1734051513672,1328.2933543677957,1307.4237033906447,1367.4023017126547,1240.2965996545327,1303.8494506835937,56.96152407724161,69.94768569473678,57.99874263307436,20.61118093047571,16.426423896167353,4.184757034308358,20.09295630837389,38.7317673750695,51.41526880112431,66.01910795776337,-46.74105333488404,-82510630.0,-123668102.35,1.0
2026-02-05,1338.9673655022464,1338.9673655022464,1316.38480597186,1329.5745849609375,3766488,1279.2014477539065,1192.7162078857423,1328.5496004864242,1309.437419897035,1369.9998581774664,1241.206330787377,1305.6030944824217,55.29599927847119,69.94768569473678,57.99874263307436,19.690971500805745,17.079333417095032,2.6116380837107123,19.245809358735162,37.5782525290207,53.866647087955315,57.667772283829365,-51.49735999224529,-86277118.0,-121141730.05,1.0
2026-02-06,1323.978857614386,1345.3623895967637,1323.6790400259413,1340.5660400390625,5876574,1280.2286547851563,1193.3449176025392,1330.952888396952,1312.267294455401,1373.8408954083945,1242.8410625994177,1308.340979003906,57.12924516749332,69.94768569473678,57.99874263307436,19.622422392614908,17.58795121219901,2.034471180415899,18.6257679733455,36.44290231772082,48.99358072696046,51.42516553868003,-45.038211765258666,-80400544.0,-118124046.35,1.0
2026-02-09,1348.959681397764,1348.959681397764,1329.6745053102466,1340.3663330078125,4077536,1281.3098217773438,1194.0220483398439,1332.8355773191242,1314.8217525056202,1376.3242197157788,1247.292394053752,1311.8083068847654,57.08344075460278,64.78586422908295,57.99874263307436,19.32916743193732,17.936194456146673,1.3929729757906486,18.146879623500155,35.21735044413486,49.16353944669407,50.67458908720327,-45.15556995920538,-84478080.0,-115033668.1,1.0
2026-02-10,1351.5576029795986,1359.0518231520896,1342.2648431514538,1355.6544189453125,5478998,1282.8486352539062,1194.7746215820316,1337.3993456443618,1318.5338130910468,1380.5983854820477,1251.2618684242027,1315.9301269531252,59.7442928684435,64.78586422908295,57.99874263307436,20.098696270501023,18.368694819017545,1.7300014514834778,17.97778994491318,34.0365032798593,55.3647114267277,51.173943866794076,-36.17149892626734,-78999082.0,-111993827.45,1.0
2026-02-11,1356.9535467798464,1358.9520056116282,1343.7637672805854,1346.2618408203125,3866272,1284.2795336914062,1195.6839001464846,1339.1718446795521,1321.0545428846162,1380.7278517319014,1259.655839674349,1320.1918457031252,57.39006267643655,64.78586422908295,57.99874263307436,19.723293017005517,18.639614458615142,1.0836785583903747,17.820778100510992,32.69019864065813,55.728305734443126,53.41885220262163,-41.6910642533065,-82865354.0,-108889142.1,1.0
2026-02-12,1346.8613439479982,1356.6537189643552,1335.1702866842277,1338.9674072265625,4152620,1285.9182714843748,1196.4244219970708,1339.1309571889542,1322.6829850975203,1382.3786066287341,1262.1219060665792,1322.2502563476567,55.55901978719486,64.78586422908295,57.99874263307436,18.6225146483323,18.636194496558574,-0.013679848226274771,17.332062486682656,31.889715329191663,53.603176986157294,54.8987313824427,-45.97765119553139,-87017974.0,-106380922.95,1.0
2026-02-13,1340.2663796042373,1345.462323447926,1315.0857267297542,1331.2733154296875,4624549,1287.1493237304685,1197.1539282226568,1337.5594288371008,1323.4639242186263,1383.0416385073818,1264.8062862973065,1323.9239624023442,53.61587272865377,64.78586422908295,57.99874263307436,16.934085359754135,18.295772669197685,-1.3616873094435498,16.129114339733047,31.781635428404535,32.8692998848782,47.400260868492865,-61.47245681430249,-91642523.0,-104103931.25,1.0
2026-02-16,1322.9796798725715,1360.8504972188548,1322.9796798725715,1357.2532958984375,5082167,1288.7141186523436,1198.0248162841801,1341.4982022493682,1326.5356852804273,1386.1763289200835,1268.0766618025732,1327.1264953613284,58.84938839958669,63.16490056030736,57.99874263307436,17.490737944731336,18.134765724304415,-0.6440277795730793,15.526237945944809,32.2165769939673,26.954421008875563,37.80896595997035,-51.99307292627713,-86560356.0,-101314056.45,1.0
2026-02-17,1357.2533026228227,1359.851274590649,1349.3593662013095,1356.154052734375,4513065,1290.206965332031,1198.8981945800786,1344.4293723463697,1329.228264139877,1389.1803466710337,1270.0388061609976,1329.6095764160157,58.54837996955501,63.16490056030736,57.99874263307436,17.639848202554504,18.035782219954434,-0.39593401739993084,14.966424151712873,30.664814950779597,22.92855849873223,27.584093130828663,-52.94635858429667,-91073421.0,-99191496.05,1.0
2026-02-18,1361.9496315905558,1377.4376868287463,1352.7567701751589,1375.9388427734375,5556076,1292.2693725585934,1199.9214147949224,1350.7312664317833,1333.4746803792914,1394.0922289932732,1273.4704907332894,1333.7813598632813,62.28730399838761,63.16490056030736,57.99874263307436,19.133922416756604,18.255410259314868,0.8785121574417367,15.023464579691062,30.2373936438373,42.044369767092654,30.642449758233482,-35.78859294355993,-85517345.0,-96477705.5,1.0
2026-02-19,1380.0356854729655,1381.7344486208983,1349.9589052436156,1355.5545654296875,2744704,1293.88212890625,1200.9016174316412,1351.6959262313642,1335.4819426566,1393.57355233861,1281.153644927015,1337.3635986328125,56.620628122993054,63.16490056030736,57.99874263307436,18.460346786025866,18.296397564657067,0.1639492213687994,15.211818410578621,30.347261481940542,42.08003180397734,35.684320023267404,-53.46624596536652,-88262049.0,-93708415.05,1.0
2026-02-20,1349.95888845452,1375.439237570427,1349.95888845452,1367.24560546875,3791536,1295.6747485351561,1201.9407739257817,1354.8058620788415,1338.3695483667955,1394.8063343673925,1287.2651988357325,1341.0357666015625,58.92850110575374,63.16490056030736,57.99874263307436,18.654860847275813,18.368090221180818,0.28677062609499515,15.386717600632542,29.99962488436671,51.4558220216491,45.193407864239695,-48.923603911740344,-84470513.0,-91047031.65,1.0
2026-02-23,1379.4361742227843,1400.919606128463,1379.1363566149982,1385.63134765625,6160153,1297.9529931640623,1203.0174487304694,1360.9709591943233,1342.6660755749276,1388.088660401371,1306.8429558095665,1347.4658081054688,62.32330107835207,66.64407145858237,57.99874263307436,20.06133578945446,18.706739334835547,1.354596454618914,16.337328214551704,30.26208029689145,65.50068347794578,53.01217910119074,-17.81144995345867,-78310360.0,-87633363.15,1.0
2026-02-24,1396.9226494184725,1396.9226494184725,1382.4338236555484,1386.5306396484375,7888492,1299.9814282226562,1204.2039483642584,1366.0828952851464,1346.6537632179738,1392.1927346345738,1309.9133444669887,1351.0530395507812,62.48663032460483,66.64407145858237,57.99874263307436,21.006394027979923,19.166670273464423,1.8397237545155,17.220038070333782,29.135419258750925,87.08862551769201,68.01504367242896,-16.763737793077127,-70421868.0,-84961037.9,1.0
2026-02-25,1392.9257588022874,1403.2178702295591,1386.5306663608878,1401.9188232421875,4379373,1302.3436059570313,1205.208309936524,1373.2500808765546,1351.6778595838114,1399.3141234835075,1311.105542043836,1355.2098327636718,65.26168283554576,66.64407145858237,57.99874263307436,22.734982575295362,19.880332733830613,2.8546498414647488,18.228044045453778,28.24626292463455,99.99999999999999,84.19643633187926,-1.4739763902083203,-66042495.0,-82841064.15,1.0
2026-02-26,1401.918780685966,1404.616651145543,1384.9318817040264,1394.424560546875,8979547,1305.8588940429688,1206.2221240234383,1377.4849768106187,1355.563923307726,1404.1975068492359,1309.399709947639,1356.7986083984374,62.82421747273383,66.64407145858237,57.99874263307436,23.23236879963065,20.55073994699062,2.681628852640028,19.070119640376838,27.634727675840416,93.023341040141,93.37065551927766,-11.383877319679158,-75022042.0,-81975451.95,1.0
2026-02-27,1385.9310826257845,1394.4245319425252,1379.935706637497,1382.83349609375,5840317,1309.040441894531,1207.168498535157,1378.554680667245,1358.0429753791827,1405.9942548250763,1308.9519121671108,1357.4730834960935,59.14482570123319,66.64407145858237,57.99874263307436,22.43265920363683,20.927123798319865,1.5055354053169658,19.549304991116344,26.695736692521667,75.5153071688216,89.51288273632085,-24.330314016004507,-80862359.0,-82139779.7,1.0
2026-03-02,1368.0449464468218,1383.6329006836204,1352.556890754723,1371.2425537109375,5132511,1311.8882470703124,1207.9890289306647,1377.0922552759837,1359.2429370457057,1403.992200588368,1317.0292837866316,1360.5107421874998,55.63582399691529,68.05225129644822,58.884078451144596,20.625829681039704,20.866864974863834,-0.24103529382412958,18.544736782053636,27.008613352262785,47.96359901433296,72.16741574109852,-37.276614368029506,-85994870.0,-82128368.1,1.0
2026-03-04,1343.4638586340377,1356.5537387000063,1325.977345040809,1350.2586669921875,5832353,1314.300388183594,1208.7061370849617,1371.7255376192245,1358.4261852226587,1403.929113559837,1316.6027589987564,1360.2659362792967,49.867659016788835,68.05225129644822,58.884078451144596,17.301242029862124,20.153740385863493,-2.8524983560013695,17.915810989458198,28.312655874967476,21.606924640858608,48.36194360800439,-60.71419959980835,-91827223.0,-82927810.3,1.0
2026-03-05,1353.8558818023537,1354.7552126199696,1334.2710107771431,1348.060302734375,6057499,1316.6166015625,1209.4422045898446,1366.9924906422546,1357.4838322691783,1403.5546165743144,1318.016452761623,1360.7855346679687,49.29109173893835,68.05225129644822,58.884078451144596,14.323974874842179,18.98778728365923,-4.663812408817051,17.331808467762432,27.7534805869574,5.7816251788446955,25.117382944678752,-63.16962410498057,-97884722.0,-83696514.9,1.0
2026-03-06,1345.9619172738485,1346.8612480726197,1312.4877344760207,1314.7860107421875,11629935,1318.4312011718748,1210.0468438720711,1356.5511946622412,1353.6022121303608,1405.513435968331,1314.578775945731,1360.046105957031,41.4746727653141,68.05225129644822,58.884078451144596,9.173762501876354,17.024982327302656,-7.851219825426302,17.56728854217544,28.311986849200036,0.0,9.129516606567767,-97.50536927031173,-109514657.0,-84858391.85,-1.0
2026-03-09,1281.21185421577,1290.005121495157,1259.8284431987802,1287.3072509765625,7926265,1319.6702465820313,1210.5041052246102,1342.7024059251057,1347.5753974800155,1412.8035011574461,1301.962831850366,1357.383166503906,36.348441711318955,56.78261521224528,58.884078451144596,2.8421137098227973,14.188408603806684,-11.346294893983886,19.140944918433,30.215242613071986,0.0,1.9272083929482318,-81.02137724649097,-117440922.0,-86710410.75,-1.0
2026-03-10,1294.2017954025807,1318.483117211831,1283.609988769071,1313.686767578125,6289277,1321.3989135742186,1211.1396893310553,1336.8992782557098,1344.49461294348,1414.400983024727,1297.6973934401165,1356.0491882324218,43.56040469728818,56.78261521224528,58.884078451144596,-0.04661964576189348,11.341402953892969,-11.388022599654862,19.383836975720442,30.547948743763996,8.314486956550184,2.771495652183394,-62.80199531225087,-111151645.0,-88044089.0,-1.0
2026-03-11,1308.9904577529614,1316.4846779309364,1251.7345668027367,1254.832275390625,6859908,1321.8745483398436,1211.3731762695318,1320.4858776826927,1336.3434913477658,1424.8640991032232,1277.152063006152,1351.0080810546876,34.23931000076184,56.78261521224528,58.884078451144596,-7.004286242493208,7.672265114615734,-14.676551357108941,20.319652002237174,32.99096034265226,8.314486956550184,5.542991304366788,-97.97379228494665,-118011553.0,-89994712.55,-1.0
2026-03-12,1242.2419531270289,1250.1358898575004,1230.8508354394771,1233.5487060546875,9663320,1321.6447265625,1211.4747863769537,1303.0984433570916,1326.998510866577,1436.0411035264267,1254.7037451063864,1345.3724243164065,31.605484514360043,56.78261521224528,58.884078451144596,-14.073463195591103,3.3231194525743675,-17.39658264816547,21.58915256259882,32.34742317183051,8.314486956550184,8.314486956550184,-98.44741003617537,-127674873.0,-92235188.5,-1.0
2026-03-13,1223.0566935167649,1233.548601426835,1193.3796313616317,1196.3773193359375,9098187,1320.203837890625,1211.4883801269536,1281.7542185528607,1315.123857091064,1450.8117433210575,1225.674096522693,1338.2429199218752,27.610739894569413,56.78261521224528,58.884078451144596,-22.416849627057445,-1.824874363351995,-20.59197526370545,23.37949658370136,32.906112566203745,0.0,5.542991304366788,-98.58088890982634,-136773060.0,-94722942.8,-1.0
2026-03-16,1198.2758601545113,1218.9599821354238,1179.1906028112269,1213.763916015625,8743794,1319.0107568359374,1211.5934002685551,1268.1561580454138,1305.909316993297,1457.979039331162,1206.7558605711818,1332.367449951172,31.943706676717227,43.33459575346195,58.884078451144596,-27.311263197181916,-6.922152130117979,-20.389111067063936,25.245375127879704,33.396345906060404,3.836085228941373,4.050190728497185,-84.6631241332304,-128029266.0,-96542279.95,-1.0
2026-03-17,1218.7600133529452,1231.3504009913356,1209.0675372579854,1227.153564453125,5707317,1318.2353540039062,1211.7304254150395,1259.955639326956,1298.7497031260084,1459.2800101245098,1192.444916633303,1325.8624633789063,35.16238468760418,43.33459575346195,58.884078451144596,-29.76655813377897,-11.491033330850179,-18.275524802928793,26.46750139990652,32.602525750866825,10.52174761715224,4.785944282031204,-78.723416394734,-122321949.0,-98330359.6,-1.0
2026-03-18,1227.053720485468,1259.0290617359035,1223.25659992148,1252.2342529296875,6018952,1317.5838549804687,1212.0402770996097,1258.4113620475025,1294.5210258354336,1457.1753627864146,1184.1575839909292,1320.6664733886719,40.80937603951668,43.33459575346195,58.884078451144596,-29.35026354028969,-15.062879372738081,-14.287384167551608,26.553587467441776,32.82894975540658,23.015672342091108,12.45783506272824,-67.59751117575648,-116302997.0,-99591838.4,-1.0
2026-03-19,1220.0590351044686,1240.543236758557,1201.0736774738505,1206.06982421875,8264698,1315.8491918945313,1212.1083239746097,1247.9430544817521,1286.4800075066444,1455.1852031804433,1169.1608417414313,1312.1730224609373,34.801266602149454,43.33459575346195,58.884078451144596,-32.37226335947935,-18.524756170086334,-13.847507189393014,27.05582543748136,34.13835159115162,26.780385343214526,20.105935100819288,-87.51162443764798,-124567695.0,-101544355.9,-1.0
2026-03-20,1207.6686193933658,1230.850814485364,1198.7754534047704,1202.9722900390625,7518686,1314.018603515625,1212.2252783203126,1238.9489015932143,1278.8883968277732,1453.9483913728075,1155.1394260100044,1304.543908691406,34.4349382655177,43.33459575346195,58.884078451144596,-34.61810909700216,-21.7434267554695,-12.874682341532662,27.565064044511146,33.99099512611176,28.211497134909465,26.00251827340503,-88.36753085084213,-132086381.0,-103735572.5,-1.0
2026-03-23,1180.0898858184764,1184.1867018397022,1164.1022159005292,1169.6978759765625,6697446,1311.696394042969,1212.2282751464845,1225.098696469884,1268.9619858412993,1452.4997232160665,1136.8333212175269,1294.6665222167967,30.696859849888693,44.12828214696647,58.884078451144596,-38.63753569295886,-25.122248542967373,-13.51528714999149,28.639853120909113,34.33950076985615,20.33953579189312,25.11047275667237,-97.09243138498644,-138783827.0,-106451238.2,-1.0
2026-03-24,1186.0852033826384,1201.8730754363555,1168.698588811437,1191.78076171875,8274701,1310.1116137695317,1212.4015893554688,1218.4351095196573,1261.9455109210676,1443.0950289162195,1126.852956923624,1284.9739929199218,35.68662911949399,44.12828214696647,58.884078451144596,-39.58474757425506,-28.014748349224913,-11.569999225030148,28.96847441797381,34.25628547378918,25.155339904350022,24.56879094371753,-85.48223930675911,-130509126.0,-109061176.5,-1.0
2026-03-25,1199.0752581820625,1238.0452040729797,1197.0767994184257,1221.158203125,9645791,1309.0704174804691,1212.5440795898437,1218.979728240726,1258.2375738486978,1429.6773637218475,1123.7333784656525,1276.70537109375,41.70026286404857,44.12828214696647,58.884078451144596,-37.53225731124758,-29.918250141629446,-7.61400716961813,28.070309741873082,35.114010965249214,46.484373611845655,30.659749769362932,-68.7807565260329,-120863335.0,-111583249.85,-1.0
2026-03-27,1208.5679755024764,1212.5648931560606,1201.0737549020064,1204.271240234375,9479301,1307.9352929687504,1212.4758404541014,1216.0380306394559,1253.331543520123,1411.0210365843716,1122.6249473023474,1266.8229919433595,39.41856182597603,44.12828214696647,58.884078451144596,-36.843571013143446,-31.303314315932248,-5.540256697211198,27.236299685493837,34.04047076937382,66.53967268330891,46.059795399834854,-73.98057402654568,-130342636.0,-114798256.9,-1.0
2026-03-30,1184.1867379087505,1187.883959875634,1153.0108294096656,1160.4051513671875,18534887,1305.1874121093754,1212.123875732422,1204.9114547850022,1244.8836896880377,1393.5883986770175,1116.6556442917329,1255.1220214843752,34.185833694299454,44.293782500770696,58.884078451144596,-39.38342136143433,-32.91933572503267,-6.464085636401663,27.435673283744485,35.270466487612076,67.86441199500024,60.296152763384924,-95.53138349887179,-148877523.0,-118491030.95,-1.0
2026-04-01,1174.0945147139696,1207.0690840633831,1174.0945147139696,1192.1805419921875,6595695,1303.0750390625003,1211.9377764892579,1202.3652722264394,1240.0924944429603,1372.8317329207514,1118.3470146378424,1245.589373779297,40.36171846745037,44.293782500770696,42.846467791734014,-38.38972968859753,-34.01341451774564,-4.376315170851889,27.012405915899237,36.0842855025109,68.58517681674881,67.66308716501932,-76.03915676003355,-142281828.0,-121562004.4,-1.0
2026-04-02,1173.694834782652,1201.3735624884298,1149.4136334255566,1196.9769287109375,9501543,1301.1505249023437,1211.8680084228515,1201.287603523339,1236.172897558231,1351.088690318363,1122.663494740231,1236.876092529297,41.2577806075457,44.293782500770696,42.846467791734014,-36.79108878572151,-34.568949371340814,-2.222139414380699,27.08584092510257,37.218260042536784,76.19441249993022,70.88133377055976,-56.60894089587634,-132780285.0,-123901275.15,-1.0
2026-04-06,1201.1735518383607,1248.8368640111612,1195.4779934543012,1244.34033203125,7847086,1299.9074829101564,1212.0705004882811,1209.8981492249213,1236.9153916012326,1332.7320991343697,1130.428252428131,1231.5801757812503,49.35061376774074,43.51428408719931,42.846467791734014,-31.34104349682525,-33.92336819643771,2.5823246996124567,25.809738020092073,38.371160793559866,95.78640417905052,80.18866449857651,-13.4002393012289,-124933199.0,-125556573.95,-1.0
2026-04-07,1236.846148755743,1254.5324596108962,1220.0590467422576,1249.1365966796875,9248545,1299.0401513671875,1212.2490515136717,1217.7458387158747,1238.0264102447286,1312.2917465097253,1140.9762344473065,1226.633990478516,50.10032305507247,43.51428408719931,42.846467791734014,-26.331294099132947,-32.404953376976756,6.073659277843809,24.479358665320913,38.092750227494065,98.95316480323386,90.3113271607382,-9.024701366132614,-115684654.0,-126446570.55,-1.0
2026-04-08,1299.0981069582683,1334.5707503418926,1299.0981069582683,1331.9727783203125,13519723,1300.0014111328123,1212.8432812499998,1240.5912266367623,1246.5669891606908,1317.1272690314884,1137.8593886833562,1227.4933288574223,60.87247942233134,43.51428408719931,42.846467791734014,-15.498190547282775,-29.023600811037962,13.525410263755187,23.902239180682518,41.47427904425914,99.99999999999999,98.24652299409479,-1.4031175602901458,-102164931.0,-126079084.25,1.0
2026-04-09,1321.281007006804,1337.5683720869056,1311.788328262907,1317.48388671875,6542529,1300.4750439453126,1213.3356146240233,1255.96975865316,1253.0139798477871,1323.745824902127,1134.2584963869363,1229.0021606445316,58.49391257397448,43.51428408719931,42.846467791734014,-7.989907715076924,-24.816862191845757,16.826954476768833,23.418870922663526,40.35326224281195,97.37252912333565,98.77523130885649,-10.674450992331753,-108707460.0,-125642411.15,1.0
2026-04-10,1327.775987854385,1357.552948822845,1325.077995466752,1349.759033203125,6755589,1302.3296142578124,1214.0067950439454,1274.727613563153,1261.8089846982723,1333.3865747423597,1128.2249731092033,1230.8057739257815,62.05113411478456,43.51428408719931,42.846467791734014,0.5583586988243496,-19.74181801371174,20.30017671253609,23.321640147313875,40.332962232903604,97.37252912333565,98.24835274889043,-3.744566760413992,-101951871.0,-125182422.45,1.0
2026-04-13,1316.9843426965365,1365.846684510496,1314.286472120357,1352.556884765625,8974851,1303.0850317382813,1214.6759912109376,1290.2934678036474,1270.0587937953044,1351.5430462870645,1119.840962501999,1235.6920043945318,62.352350171217296,59.565221451231636,42.846467791734014,7.472545800754688,-14.298945250818456,21.771491051573143,22.940229227570683,41.13490867270613,97.37252912333565,97.37252912333565,-6.140374438308616,-92977020.0,-123930695.8,1.0
2026-04-15,1365.946582373461,1383.4330967783883,1347.96045327125,1354.4554443359375,6789879,1303.7984814453125,1215.3876263427733,1303.1258631101057,1277.7312165717253,1369.1580638502112,1114.3166187669765,1241.7373413085938,62.56946505327903,59.565221451231636,42.846467791734014,12.955938785930357,-8.847968443468693,21.80390722939905,22.910379561103415,40.73046116087987,99.99999999999999,98.24835274889043,-12.38258221230134,-86187141.0,-121856309.2,1.0
2026-04-16,1360.950405135781,1363.448478566647,1341.9650470611996,1348.5599365234375,5232398,1303.5166992187499,1216.0343414306637,1312.212677792772,1284.17019111279,1383.3666987154684,1115.3262456204693,1249.3464721679688,61.3856061476301,59.565221451231636,42.846467791734014,16.6341014555303,-3.751554463668895,20.385655919199195,22.708335333255583,39.355673328348985,98.60969292397652,98.66074068243739,-14.901820453443415,-91419539.0,-119588633.15,1.0
2026-04-17,1351.957337543237,1363.248678214176,1343.0641717554277,1358.0526123046875,4062181,1303.2908715820313,1216.7679553222654,1321.3806646951552,1290.886774857508,1397.8532098572953,1115.2686041075483,1256.5609069824218,62.61225125559342,59.565221451231636,42.846467791734014,20.083540914769173,1.0154646120187185,19.068076302750455,22.52072283596831,37.98630426623465,98.60969292397651,99.07312861598433,-10.845458796491025,-87357358.0,-117555037.75,1.0
2026-04-20,1358.4523557219322,1372.941181877113,1346.9612177367892,1353.656005859375,4878641,1304.1542041015625,1217.3787499999999,1327.8357329279993,1296.5930685849503,1409.8476915026515,1115.9243666028171,1262.8860290527343,61.63565434111803,60.22593906393924,42.846467791734014,22.206494496429514,5.253670588900878,16.952823907528636,22.552032562922832,37.1287085429553,97.46451765128094,98.227967833078,-12.724194172737802,-92235999.0,-116050740.25,1.0
2026-04-21,1359.9512233524406,1379.236399704072,1353.656029295873,1376.6383056640625,5145338,1304.583874511719,1218.1463885498044,1337.5962474752118,1303.8699083194151,1424.4608482932624,1113.7516150856438,1269.1062316894531,64.73231461839778,60.22593906393924,42.846467791734014,25.4500576061223,9.292947992345162,16.157109613777138,22.716279166562625,36.30382892165114,98.8548247273044,98.30967843418729,-2.9035153815737402,-87090661.0,-114590123.45,1.0
2026-04-22,1368.944287324286,1389.928104867213,1364.947369697062,1378.536865234375,3997911,1305.4012451171877,1219.0528100585932,1345.7843710270447,1310.6578134935023,1437.4370473333859,1118.022120147083,1277.7295837402344,64.98376404752166,60.22593906393924,42.846467791734014,27.852733653728592,13.00490512462185,14.847828529106742,23.099587689428585,35.49503651082971,98.8548247273044,98.39138903529658,-4.73619718786914,-83092750.0,-112516376.2,1.0
2026-04-23,1367.945042422019,1383.1332804429271,1364.347840993514,1368.5445556640625,5671255,1306.1806445312502,1220.0385589599605,1350.3364079544483,1315.920244599917,1446.5623351685786,1125.4540588743903,1286.0081970214844,62.45970248799191,60.22593906393924,42.846467791734014,28.62065476628709,16.1280550529549,12.49259971333219,23.431824284375438,34.30149386358568,96.4538715315843,98.0545069953977,-8.8907536727318,-88764005.0,-110350257.4,1.0
2026-04-24,1367.9449987412254,1373.9403749227065,1348.9596408332025,1364.847412109375,3648313,1306.6662719726564,1220.9958380126948,1353.2386087854336,1320.3681689189586,1450.158960117394,1141.3723875388562,1295.765673828125,61.5077613030437,60.22593906393924,42.846467791734014,28.60121222314524,18.62268648699297,9.978525736152271,23.13075688799052,33.63572530829413,89.04226503669112,94.78365376519326,-12.898266077399967,-92412318.0,-108031681.95,1.0
2026-04-27,1323.9788756219436,1326.2771518946506,1298.8982435808812,1323.179443359375,10768267,1306.3225341796876,1221.7657440185542,1347.2267757002219,1320.623739322633,1449.0917498455551,1155.5794659747576,1302.3356079101563,51.906045493069065,60.7912189257778,42.846467791734014,24.936099193924065,19.885369028379188,5.050730165544877,21.720916505787898,35.94382839545125,59.75307364363601,81.7497367373038,-39.29418473536117,-103180585.0,-106665254.9,1.0
2026-04-28,1310.9889903752908,1320.3817712564608,1284.509410920302,1288.0067138671875,9939787,1304.969580078125,1222.3223150634763,1335.382763333615,1317.6585551903195,1447.6154508405386,1163.7406160539929,1305.6780334472658,45.455534472810875,60.7912189257778,42.846467791734014,18.97459803838933,19.703214830381217,-0.728616791991886,20.79440430570026,36.13855725570995,29.965868778718374,59.587069153015165,-96.6824641665103,-113120372.0,-106278106.75,1.0
2026-04-29,1294.0020554402972,1308.1910639372534,1278.014385257251,1295.4010009765625,6228275,1303.9523632812502,1222.9283477783201,1327.3864108622045,1315.635141170887,1444.0856899627133,1176.383353006037,1310.2345214843751,46.94816229285954,60.7912189257778,42.846467791734014,14.67752917553139,18.69807769941125,-4.02054852387986,20.105147070337903,35.71270878601655,6.59195409487932,32.10363217241123,-84.46426784856516,-106892097.0,-105105579.8,1.0
2026-04-30,1287.007401216218,1287.007401216218,1256.3311089994636,1267.3226318359375,16481853,1302.5194677734378,1223.4424511718748,1315.373655056951,1311.2430948677097,1431.5864438359065,1199.5743471797189,1315.5803955078127,42.22306407099049,60.7912189257778,49.90877642733417,8.903744588849122,16.739211077298826,-7.835466488449704,20.01239443154474,35.95250758537958,2.5478121546011057,13.035211676066266,-91.77262724728133,-123373950.0,-103830401.15,-1.0
2026-05-01,1267.3226318359375,1267.3226318359375,1267.3226318359375,1267.3226318359375,0,1301.2404541015628,1223.9600524902344,1305.7634504127484,1307.2503255011848,1422.6934375270503,1215.98156247295,1319.3375,42.223064070990496,60.7912189257778,49.90877642733417,4.278657011376026,14.247100264114268,-9.968443252738242,19.926266981236804,33.38447132928104,2.547812154601116,3.8958594680271803,-91.77262724728133,-123373950.0,-102885007.25,-1.0
2026-05-04,1267.3226232305549,1293.4024846611255,1263.525502940515,1274.1173095703125,9759479,1299.577734375,1224.5136248779297,1299.4342222442613,1304.2382331438325,1412.0668235955454,1234.3222144903916,1323.1945190429685,43.810206956962695,49.84202276136752,49.90877642733417,1.1482788481619082,11.627335980923798,-10.47905713276189,18.93515492430927,33.13393635723315,2.324390854424124,2.4733383878754482,-86.68667625696025,-113614471.0,-101926716.55,-1.0
2026-05-05,1267.0229010000714,1272.7184598875697,1251.0352303249915,1258.729248046875,10163714,1297.6292382812503,1224.9427935791016,1291.2932274047841,1300.1010526804728,1410.2965864676364,1237.5313432198634,1323.91396484375,41.05931843890931,49.84202276136752,49.90877642733417,-2.544920106062591,8.792884763526521,-11.337804869589112,18.366948433814958,32.41594656352513,2.324390854424124,2.398864621149788,-94.46046620660543,-123778185.0,-101868965.85,-1.0
2026-05-06,1274.0174810881558,1299.9974454083847,1254.2326902384063,1293.20263671875,7277673,1295.9745141601563,1225.5498254394531,1291.6751092675772,1299.4739239566798,1406.5093813514445,1245.7251523399614,1326.117266845703,48.81352946249185,49.84202276136752,49.90877642733417,-2.659436200578284,6.502420570705561,-9.161856771283844,17.14155201405469,33.369432892557505,13.128139664931098,5.925640457926448,-69.64033861870995,-116500512.0,-101909758.75,-1.0
2026-05-07,1297.9989290636138,1307.0918917772797,1280.212597796342,1291.7037353515625,6785048,1294.697497558594,1226.1833361816407,1291.6808344843744,1298.7675431743962,1405.8835724539613,1242.3240569405698,1324.1038146972655,48.514668429626916,49.84202276136752,49.90877642733417,-2.8384203016344145,4.634252396237566,-7.472672697871981,16.214309068997604,32.90585154172752,21.191101998235354,12.214544172530191,-70.71951663423287,-123285560.0,-102965790.2,-1.0
2026-05-08,1279.0135664260551,1281.0120251235958,1263.625410059744,1267.3226318359375,6358595,1292.699038085938,1226.6824511718753,1286.809193954687,1295.9089148709,1407.2168676531464,1235.9746362531032,1321.5957519531248,43.81549189759894,49.84202276136752,49.90877642733417,-4.891234674914585,2.729154982007136,-7.620389656921722,15.279072707598443,32.5610282381626,25.031209732640505,19.78348379860232,-88.27340742667485,-129644155.0,-104012624.95,-1.0
2026-05-11,1257.7299630241207,1282.011285578894,1250.735357413012,1271.319580078125,7341360,1290.4128027343752,1227.244517822266,1283.7112711793748,1293.6735207988295,1405.0315061114097,1230.3160524823397,1317.6737792968747,44.76012087059058,49.84202276136752,49.90877642733417,-6.124979584234325,0.9583280687588438,-7.0833076529931684,14.793089486644382,32.46923537585685,19.3836966432921,21.868669458055983,-85.21171322386185,-122302795.0,-105030171.15,-1.0
2026-05-12,1269.421017563825,1273.0182189048855,1255.9314210526663,1259.12890625,5727828,1287.8647680664064,1228.0478979492193,1278.7947981935,1290.5331012943905,1402.4724586588934,1223.5323020832936,1313.0023803710935,42.41764512074752,49.84202276136752,49.90877642733417,-7.99426391162342,-0.832190327317609,-7.162073584305811,14.341819352901325,31.37048983845416,11.112079133831372,18.508995169921327,-93.66036215304415,-128030623.0,-106782851.3,-1.0
2026-05-13,1255.132015957074,1274.3172934854406,1246.538667573858,1254.7322998046875,6045406,1284.9210375976563,1228.82779663086,1273.9822985157375,1287.2784829771447,1398.8637661305122,1217.16868015855,1308.016223144531,41.57262726003804,49.84202276136752,49.90877642733417,-9.718426632005503,-2.609437588255188,-7.108989043750315,14.214502941383325,31.113928129391905,8.108724307767961,12.868166694963811,-93.56866371626097,-134076029.0,-109177295.7,-1.0
2026-05-14,1255.631637507536,1268.022106441695,1234.8477392086593,1253.6331787109375,5822618,1282.1052099609374,1229.6101934814458,1269.9124745547776,1284.219818952944,1395.112118030012,1211.4276524778002,1303.269885253906,41.3508503069952,49.84202276136752,49.90877642733417,-11.046194245116794,-4.2967889196275095,-6.749405325489285,14.448775394713405,31.261102351080755,3.8484020624140096,7.6897351680044475,-79.45361459687415,-139898647.0,-111601251.1,-1.0
2026-05-15,1258.6293424179842,1262.4264629724478,1241.0429291696062,1243.8408203125,4805485,1279.3253564453123,1230.3096545410162,1264.6981437063223,1280.5490008947218,1389.2621103747585,1205.8564809338343,1297.5592956542964,39.33739947802523,49.84202276136752,49.90877642733417,-12.741742255889903,-5.985779586879989,-6.755962669009914,14.66631410137705,30.555561740492244,1.7326663841463676,4.56326425144278,-89.4859614488712,-144704132.0,-114468589.8,-1.0
2026-05-18,1238.0451728188796,1241.0428608886589,1221.1581722972078,1236.946044921875,6052023,1276.639426269531,1231.0231042480477,1259.147723949433,1276.585095806281,1383.2497434264028,1200.1978517884404,1291.7237976074216,37.93673523092186,47.45524705951618,49.90877642733417,-14.474968594569418,-7.683617388417876,-6.791351206151543,15.458680480618202,29.993210760120814,0.8959134758046262,2.1589939741216675,-81.85987811370971,-150756155.0,-117394597.6,-1.0
2026-05-19,1237.5456222864914,1248.8369633917555,1230.351219336608,1237.3458251953125,9200314,1274.3811694335936,1231.7835186767586,1254.787344198609,1273.017889387102,1370.0661913124277,1199.4521558555407,1284.7591735839842,38.07441952570416,47.45524705951618,49.90877642733417,-15.636061247282896,-9.27410616019088,-6.361955087092015,15.830012801164091,29.17124885262272,0.4219512105342787,1.0168436901617575,-81.16262976158195,-141555841.0,-120117856.6,-1.0
2026-05-20,1233.0490412431209,1253.1335271630967,1225.6547195178894,1248.8369140625,3562641,1272.3967016601562,1232.663840332032,1253.5972581713872,1270.8196189030473,1352.5739443346254,1203.9744077161552,1278.2741760253903,42.0536610118551,47.45524705951618,49.90877642733417,-15.450892433111449,-10.509463414774995,-4.9414290183364535,16.32019818768157,29.050360194950194,13.03879919375046,4.785554626696454,-67.79059264191288,-137993200.0,-122862879.1,-1.0
2026-05-21,1255.9314298819745,1261.726887089914,1243.8407788007414,1252.334228515625,5171528,1271.1476660156247,1233.6086120605476,1253.3446522402348,1269.1391288678271,1334.1437535159941,1210.783565819943,1272.4636596679686,43.24892136068475,47.45524705951618,49.90877642733417,-14.85075055756397,-11.37772084333279,-3.4730297142311795,16.353707929337062,28.2529136302518,29.31867607862713,14.259808827637288,-63.720811333382386,-132821672.0,-125065762.45,-1.0
2026-05-22,1253.1334965544734,1287.8068279947058,1253.1334965544734,1284.409423828125,5016900,1271.089709472656,1234.668294677735,1259.557606557813,1270.5273375005813,1312.8216785657999,1224.0618419420123,1268.441760253906,52.85399535356566,47.45524705951618,49.90877642733417,-11.652609569655851,-11.432698588597402,-0.2199109810584492,15.25125212153899,28.76860547659673,62.23005820142619,34.86251115793459,-26.395305691864944,-127804772.0,-126835385.15,-1.0
2026-05-25,1299.39784951034,1313.4869587156177,1292.9028588434312,1310.189453125,5671455,1271.0197631835938,1235.8813586425788,1269.6839758712504,1274.1329843755284,1309.0710570717908,1226.513464412584,1267.7922607421874,58.87817307532755,51.75379932382474,49.90877642733417,-6.957623728442513,-10.537683616566426,3.5800598881239125,15.004101229710992,28.790671863089297,82.94654355154333,58.16509261053221,-3.5714815698694946,-122133317.0,-127783021.75,-1.0
2026-05-26,1308.7907369859347,1315.985139985791,1290.50478989495,1298.298828125,6455265,1271.8890942382811,1237.064946289063,1275.4069463220003,1276.3298792618439,1310.8829668254268,1225.7307660847289,1268.3068664550779,55.364280343565426,51.75379932382474,49.90877642733417,-4.148466744831694,-9.25984024221948,5.1113734973877865,14.85665609520079,28.55422030792871,94.40679486309988,79.86113220535645,-18.651141433599093,-128588582.0,-128556432.25,-1.0
2026-05-27,1295.301054960284,1313.486980336486,1292.103447855121,1303.094970703125,7243174,1273.28001953125,1238.2415386962896,1280.9445511982253,1278.7630693928693,1312.4218404860278,1224.961289396784,1268.6915649414059,56.49218789398341,51.75379932382474,49.90877642733417,-1.517686033550035,-7.711409400485592,6.193723366935557,14.719742756012748,28.042028320317026,90.60892577841406,89.3207547310191,-13.593358088806518,-121345408.0,-129279097.8,-1.0
2026-05-28,1303.094970703125,1303.094970703125,1303.094970703125,1303.094970703125,0,1275.4143725585934,1239.407139282227,1285.3746350992053,1280.9750604210742,1316.8229280610262,1224.1374357085042,1270.4801818847652,56.49218789398341,51.75379932382474,49.90877642733417,0.5607625127081519,-6.056975017846844,6.6177375305549955,14.59260894105242,26.03902629743724,86.81105669372825,90.60892577841406,-13.593358088806518,-121345408.0,-129177670.7,-1.0
2026-05-29,1295.1011997994176,1311.5884848848368,1276.4156588264402,1285.6085205078125,15215715,1276.851264648437,1240.4843084716802,1285.4214121809268,1281.396284065323,1318.1941972036134,1224.5947554331046,1271.394476318359,51.03875502142056,51.75379932382474,49.90877642733417,0.7878556600057891,-4.688008882276318,5.475864542282107,13.819911584781043,26.691440566077194,79.92594314631506,85.78197520615245,-32.03373493681344,-136561123.0,-129837029.35,-1.0
2026-06-01,1288.0066280954209,1292.2033425617142,1266.0235824646225,1274.916748046875,4311076,1277.806528320312,1241.4820391845708,1283.3204793541165,1280.8072353363732,1318.245325358902,1224.6235711254726,1271.4344482421873,47.98839871729715,51.879106333679665,51.02344031480699,0.10389430376790187,-3.729628245067474,3.8335225488353757,13.504166916161806,26.65489196114966,66.39011808363443,77.70903930789258,-43.30876852857591,-140872199.0,-131199915.75,-1.0
2026-06-02,1262.0267183828762,1274.8169033533427,1243.9406908361375,1250.1358642578125,11884695,1277.7645605468745,1242.4462957763676,1276.6835563348557,1278.0189288746858,1318.460002898201,1223.5495552072673,1271.0047790527342,41.75892227953915,51.879106333679665,51.02344031480699,-2.4099794747910437,-3.465698491012188,1.0557190162211443,13.974501353527486,26.963546621834503,42.93858350116049,63.084881577036654,-69.44150734022308,-152756894.0,-132648851.2,-1.0
2026-06-03,1244.1404736967706,1263.825365621905,1229.3519520935338,1254.232666015625,7953326,1278.7278173828122,1243.3550946044925,1272.1933782710096,1275.856541342044,1315.8697238038365,1222.2428372313195,1269.056280517578,43.074554699807294,51.879106333679665,51.02344031480699,-4.025264152813179,-3.5776116233723863,-0.4476525294407927,14.85326040841117,27.49996568658712,30.261643836069894,46.53011514028827,-65.12121548899927,-144803568.0,-134064004.0,-1.0
2026-06-04,1245.0398052641103,1258.929118016639,1243.1412450502407,1252.334228515625,6392593,1279.7150561523435,1244.2708886718751,1268.2215483199327,1273.7181492669151,1313.1971481102341,1220.978462241328,1267.087805175781,42.59438630851815,51.879106333679665,51.02344031480699,-5.396370932998025,-3.941363485297514,-1.4550074477005106,15.66925095937459,26.66338763514506,21.675776191169923,31.625334509466768,-67.12321718353259,-151196161.0,-135459534.05,-1.0
2026-06-05,1259.0290099995375,1275.0166799677856,1251.1350735574667,1271.319580078125,7825303,1281.7474902343747,1245.3015942382813,1268.841154671571,1273.5000975224796,1313.4359117174542,1221.1393934583268,1267.2876525878905,48.74749884902631,51.879106333679665,51.02344031480699,-4.894601807838171,-4.1320111498056455,-0.7625906580325257,15.614148255176492,26.464688976228906,32.69305424353547,28.210158090258425,-49.44686372132809,-143370858.0,-136145869.2,-1.0
2026-06-08,1261.0274061863013,1278.2141017590434,1261.0274061863013,1267.1226806640625,5034388,1283.2543286132811,1246.3003240966798,1268.4974598700694,1272.9203323535326,1313.187022877181,1220.968592357194,1267.0778076171875,47.53454456694041,50.205720975920194,51.02344031480699,-4.780494306252422,-4.261707781095001,-0.5187865251574211,15.407681032206783,25.801975161694134,35.76084189751646,30.043224110740613,-54.09302765184345,-148405246.0,-137450991.75,-1.0
2026-06-09,1274.916768250008,1297.3994289105085,1270.520134658929,1291.404052734375,7533504,1284.6592456054689,1247.3485156250001,1273.0787784429306,1274.6006705699729,1315.87604196291,1221.5070879199027,1268.6915649414063,54.576623023348816,50.205720975920194,51.02344031480699,-2.6996397246859942,-3.9492941698131996,1.2496544451272054,14.338698355414422,26.121601810604982,53.304744997528694,40.58621371286021,-28.373753580425376,-140871742.0,-138093047.7,-1.0
2026-06-10,1282.5109488108894,1325.477813476934,1282.5109488108894,1313.487060546875,12262606,1286.8435620117189,1248.5041247558595,1281.1604348637195,1278.1357969315095,1322.3388990576232,1220.9197068994085,1271.6293029785159,59.85422833219969,50.205720975920194,51.02344031480699,0.7230320347998713,-3.014828928890586,3.737860963690457,14.33439862594771,27.32483487170781,69.53687061232291,52.86748583578935,-12.4740135042677,-128609136.0,-137819703.05,-1.0
2026-06-11,1307.7914623726329,1338.4677555724868,1306.2926183014429,1316.284912109375,8196686,1289.9611572265626,1249.6887115478517,1288.1853303128505,1281.6038983113156,1328.4440945647334,1221.0796847321421,1274.7618896484378,60.48072332382269,50.205720975920194,51.02344031480699,3.6195632298695273,-1.6879504971385635,5.307513727008091,14.74706444118193,27.671285043088965,91.6243413077458,71.4886523058658,-20.329633981378848,-120412450.0,-136845393.2,-1.0
2026-06-12,1330.9735596234657,1357.4531387000588,1317.4839627353902,1355.2548828125,8535670,1293.222644042969,1251.074642944336,1301.5992408127804,1288.2994423568778,1342.89339367641,1217.771791870466,1280.332592773438,67.97678033231846,50.205720975920194,51.02344031480699,8.956392305117788,0.4409180633127068,8.515474241805082,15.682307374910858,28.6353522964886,99.99999999999999,87.05373730668956,-1.7160308548202607,-111876780.0,-135204025.6,1.0
2026-06-15,1370.9427053735023,1376.9380816360683,1359.551466079378,1367.24560546875,7522828,1296.6280175781253,1252.5604974365235,1314.7285137439744,1295.4763662761388,1357.0553617360742,1216.639779865489,1286.8475708007816,69.87050037178803,58.644281466880926,51.02344031480699,13.99212638160725,3.1511597269716156,10.840966654635634,17.048641142753894,28.138769905565724,99.99999999999999,97.20811376924858,-6.567335424651088,-104353952.0,-132883915.45,1.0
2026-06-16,1362.4492051798502,1370.4430399003772,1348.160176826413,1364.6474609375,7709061,1299.0341601562504,1254.0378576660157,1324.7123031826795,1301.76464760899,1367.4888098833164,1218.936495292465,1293.2126525878907,68.91946793740338,58.644281466880926,51.02344031480699,17.570788258055018,6.035085433188296,11.535702824866721,17.765319944432743,27.720490846165625,98.8723122891882,99.62410409639605,-8.327761380195387,-112063013.0,-131409274.05,1.0
2026-06-17,1363.048787960663,1364.647530591123,1348.2602661586025,1349.8590087890625,4761917,1301.0486083984379,1255.5406988525392,1329.7416443039563,1306.1368622617238,1373.5664184182885,1222.9610962301492,1298.263757324219,63.61203109501621,58.644281466880926,51.02344031480699,18.99464068778343,8.626996484107323,10.367644203676107,18.43080740313453,26.91097467376241,91.45132575209367,96.77454601376061,-18.347979536384273,-116824930.0,-130350860.55,1.0
2026-06-18,1346.561512407277,1364.8474591819588,1343.9635403676143,1359.0518798828125,5186573,1301.590190429688,1257.0805114746095,1335.6036914197275,1310.9473184090955,1380.3097195421153,1226.889560243041,1303.5996398925781,65.39598076206201,58.644281466880926,51.02344031480699,20.62706589020263,11.027010365326385,9.600055524876245,18.826673733084128,26.48047068380399,86.14565941176613,92.15643248434932,-12.11916174554939,-111638357.0,-129291694.8,1.0
2026-06-19,1355.7545097416184,1361.9496832815275,1349.4593156798994,1356.8536376953125,4640277,1302.3775854492192,1258.642807006836,1339.8536806748446,1315.1206201623877,1386.9006639918978,1227.5430371799773,1307.2218505859375,64.58064551918957,58.644281466880926,51.02344031480699,21.495606875543217,13.120729667369751,8.374877208173466,19.194263896608756,25.481177606505714,81.00089615920658,86.19929377435545,-13.608625690646258,-116278634.0,-128715387.9,1.0
2026-06-22,1359.9511533650066,1365.0471986847929,1354.1555743103545,1357.552978515625,3153284,1302.5334643554693,1260.1271618652343,1343.3935402430009,1318.9781072854091,1392.394347616668,1226.7857060942695,1309.5900268554688,64.7312967462356,58.787546201205075,51.02344031480699,21.986911395301604,14.893966012956124,7.09294538234548,19.644454679102992,24.439066661358048,82.14141374383047,83.09598977160105,-13.134773017308854,-113125350.0,-128264989.55,1.0
2026-06-23,1357.5529705396625,1370.8427696854017,1355.0548971646165,1362.44921875,5745853,1302.7313110351568,1261.6624780273435,1347.2046759444008,1322.930026509463,1398.6731947548117,1226.9218980186254,1312.7975463867185,65.82719731785492,58.787546201205075,51.02344031480699,22.511856762580237,16.417544162880947,6.09431259969929,20.269090444109985,23.821124222745702,82.5058788502943,81.88272958444378,-10.829002580172398,-107379497.0,-127204535.3,1.0
2026-06-24,1354.9550675446912,1385.0318481148515,1354.9550675446912,1383.43310546875,8343829,1303.310864257813,1263.310207519531,1354.4503618492708,1328.4303064148526,1408.1230791135392,1225.5058271364603,1316.8144531249998,70.11334274677539,58.787546201205075,51.02344031480699,24.340521654535678,18.002139661211896,6.338381993323782,21.324068313264505,24.2679568189896,88.77832981366564,84.47520746926347,-1.1940113205761715,-99035668.0,-126089048.3,1.0
2026-06-25,1385.831270177255,1399.021049380356,1371.6421396044548,1376.138671875,7995552,1303.8624389648442,1264.9429479980467,1358.7880238544167,1332.7674305475932,1415.2421393739278,1225.691136993259,1320.4666381835934,66.96885779507663,58.787546201205075,51.02344031480699,24.91395931278248,19.384503591526013,5.529455721256468,22.720100179101568,24.490167744483294,90.41656031651692,87.23358966015894,-16.582196814078998,-107031220.0,-125373338.9,1.0
2026-06-26,1376.138671875,1376.138671875,1376.138671875,1376.138671875,0,1304.2241601562505,1266.548209838867,1362.2581534585333,1336.7102706682665,1421.3924040751926,1228.5938874287135,1324.993145751953,66.96885779507663,58.787546201205075,51.02344031480699,25.079314067103496,20.52346568664151,4.555848380461985,24.016415483093127,22.740870048448773,88.61141052374911,89.2687668846439,-17.807170909998614,-107031220.0,-123896843.75,1.0
2026-06-29,1391.5268564078813,1391.5268564078813,1351.1579637199086,1355.7545166015625,12602010,1304.2661303710943,1268.0535491943358,1360.957426087139,1338.4415657531115,1423.3500269747954,1234.72004138458,1329.0350341796877,58.470138575252726,60.56230158333813,51.02344031480699,23.29697490332478,21.078167529978167,2.218807373346614,23.64314361790652,24.000014522700482,55.278077190415786,78.10201601022727,-37.13543509731746,-119633230.0,-122834895.3,1.0
2026-06-30,1356.6537167481358,1373.9404342753348,1342.5646065082708,1344.6629638671875,7781221,1303.6266235351568,1269.5199188232418,1357.698533643149,1339.0071473998455,1420.606859189761,1246.9159191305516,1333.7613891601563,54.42300602451421,60.56230158333813,54.54161564916169,20.750266509549874,21.012587325892508,-0.2623208163426334,22.83091579854353,24.52685832586931,26.5869823067018,56.82549000695556,-58.62073247730146,-127414451.0,-121567773.15,1.0
2026-07-01,1344.662866903661,1376.6382056137847,1344.662866903661,1367.6451416015625,3187785,1303.4087890625005,1271.0117681884763,1359.6878552348319,1341.6106014181835,1418.9109950015563,1259.95303087735,1339.4320129394532,60.52070776393456,60.56230158333813,54.54161564916169,20.351847997402047,20.880439460194417,-0.5285914627923702,22.190842144473567,25.058892639030333,12.954261482417259,31.606440326511613,-38.48053575351864,-124226666.0,-120538928.05,1.0
2026-07-02,1372.941166068036,1374.440010135796,1357.053394554533,1361.5499267578125,4013561,1303.2688964843753,1272.3867077636717,1360.0602695394282,1343.4232673581496,1413.429519355238,1276.3560763478868,1344.8927978515624,58.29319163918089,60.56230158333813,54.54161564916169,19.321538884994197,20.568659345154373,-1.2471204601601755,21.59648803712289,24.510872849189806,21.17627669083049,20.239173493316514,-66.37173848774498,-128240227.0,-119391131.35,1.0
2026-07-03,1371.941884852612,1371.941884852612,1337.3685740578371,1341.065673828125,3500465,1302.79326171875,1273.569794921875,1356.2613503971677,1343.2089406736018,1407.6217895842822,1289.138415493843,1348.3801025390626,51.44082519286559,60.56230158333813,54.54161564916169,16.660056709827586,19.786938818089016,-3.12688210826143,20.149444993896125,25.229618416731597,21.17627669083049,18.435604954692746,-94.00332306051386,-131740692.0,-118809623.05,1.0
2026-07-06,1354.6551952621985,1369.9434532686023,1334.470810970254,1338.567626953125,5154081,1303.1010253906252,1274.7448883056638,1352.7226057083594,1342.7870030626493,1397.6257674331523,1306.278932273879,1351.9523498535157,50.658760921032794,55.85162784871638,54.54161564916169,14.185717286722138,18.666694511815642,-4.480977225093504,18.95187757686779,25.961262979704223,8.222015208413232,16.858189530024738,-93.65329070228519,-136894773.0,-118234099.4,1.0
2026-07-07,1345.762131730582,1355.8543237280394,1335.1702030839804,1339.966552734375,6198988,1304.140222167969,1275.8430413818355,1350.1713951135625,1342.5305984873517,1390.7077513298968,1318.0531983771348,1354.3804748535158,51.107051407100876,55.85162784871638,54.54161564916169,12.19706689177633,17.37276898780778,-5.175702096031451,17.839850689627198,25.584324241443852,0.7680975276732278,10.05546314230565,-91.486101524203,-130695785.0,-117725301.55,1.0
2026-07-08,1342.9642575887744,1342.9642575887744,1302.9950832557752,1308.4908447265625,6917968,1304.402019042969,1276.7598339843746,1341.8352850361625,1339.436075418189,1391.6898133096813,1316.5715148153192,1354.1306640625003,41.88594026172893,55.85162784871638,54.54161564916169,7.9891268621584,15.496040562677907,-7.506913700519506,18.261538385318563,26.611813533697813,0.7680975276732278,3.252736754586562,-94.276796482675,-137613753.0,-118175532.4,-1.0
2026-07-09,1311.8882333774443,1320.5814799012492,1291.204112719745,1296.5999755859375,5609851,1304.9875659179688,1277.582199707031,1332.7882231461176,1335.5418845243478,1395.5948512839693,1310.6979831886877,1353.1464172363285,39.02156514934907,55.85162784871638,54.54161564916169,3.6527042082236676,13.12737329178706,-9.474669083563393,19.07131555315148,26.809353079969704,0.7680975276732278,0.7680975276732277,-94.99534763895414,-143223604.0,-119316090.1,-1.0
2026-07-10,1304.0,1326.5999755859375,1303.9000244140625,1323.699951171875,3549139,1306.1151123046875,1278.5255761718745,1330.9705687512692,1334.4653451286686,1395.9871197095858,1307.150221599008,1351.568670654297,47.78538922345798,55.85162784871638,54.54161564916169,2.3754172274295797,10.976982078915565,-8.601564851485985,19.448376140536478,27.03725643140044,9.395650287976624,3.6439484477743598,-69.86017275335756,-139674465.0,-120705974.35,-1.0
2026-07-13,1315.9000244140625,1329.9000244140625,1313.5,1319.4000244140625,3674483,1307.0207666015622,1279.4049859619136,1328.656459883828,1333.0957705182498,1395.1657243754657,1303.1870588276593,1349.1763916015625,46.640000852428095,53.62743552975139,54.54161564916169,1.0046094272961454,8.98250754859168,-7.977898121295535,19.591066157922484,26.27745414444773,17.56333565024172,9.24236115529719,-73.84834649580763,-143348948.0,-122655724.15,-1.0
2026-07-14,1320.0999755859375,1323.699951171875,1298.5999755859375,1317.5999755859375,6005505,1308.1981811523435,1280.1434967041012,1326.44516302425,1331.6870618880396,1394.2712328383209,1299.3768018296478,1346.8240173339843,46.14139624763479,53.62743552975139,54.54161564916169,-0.22442746710089523,7.141120545453165,-7.36554801255406,20.295763608121085,26.193348533125572,26.055310393007076,17.67143211040847,-75.5178882986797,-149354453.0,-124520296.15,-1.0
2026-07-15,1328.0,1348.0,1303.300048828125,1312.300048828125,9442403,1308.5801293945308,1280.9149621582028,1323.616140185025,1329.9246061553201,1394.799625795442,1295.092512876433,1344.9460693359374,44.62859721930271,53.62743552975139,54.54161564916169,-1.6075767129971155,5.391381093763109,-6.998957806760225,19.545514516617555,27.515248721607673,23.347287109466862,22.321977717571883,-78.97193065815765,-158796856.0,-126618892.45,-1.0
2026-07-16,1315.0999755859375,1315.5,1299.4000244140625,1307.5999755859375,5001226,1308.8980541992184,1281.6244573974607,1320.4129072652077,1327.8950942853762,1394.4239214922443,1290.3230267499428,1342.3734741210935,43.27361643255427,53.62743552975139,54.54161564916169,-3.0478553071586703,3.703533813578753,-6.751389120737423,19.013695404454992,26.699872069059804,21.77219221996557,23.724929907479837,-83.65688351072131,-163798082.0,-129226878.7,-1.0
2026-07-17,1307.0,1333.0,1305.0,1328.5,11192836,1310.1216015624998,1282.5014038085935,1322.0303258121662,1327.9500857139783,1392.8900316232682,1289.0215528493875,1340.9557922363279,50.47435281082671,53.62743552975139,54.54161564916169,-2.4743068985319496,2.4679656711566125,-4.942272569688562,17.67225480329881,26.792738349841247,31.037185536797487,25.385554955409972,-56.345428368378016,-152605246.0,-131043209.3,-1.0
2026-07-20,1275.0,1284.0,1249.0999755859375,1256.0,25314148,1309.8152099609372,1283.1247668457029,1308.824260649733,1321.4091688308895,1399.5184226247766,1272.2378639963163,1335.8781433105464,34.238313985479316,54.17070729381927,54.54161564916169,-7.780224163584535,0.41832770420838306,-8.198551867792919,18.359012783952245,30.550401640142766,24.34955853236108,25.719645429708045,-94.5898383468581,-177919394.0,-134282911.5,-1.0
2026-07-21,1245.0,1267.699951171875,1244.5,1258.199951171875,15014867,1309.7966308593748,1283.7621270751952,1298.6993987541616,1315.6628763164335,1401.7806919859656,1259.5506678773152,1330.6656799316404,34.92238418953553,54.17070729381927,54.54161564916169,-11.673123646270142,-1.9999625658873221,-9.673161080382819,19.120087915288686,30.025369463837926,18.704898057973228,24.69721404237726,-89.45671071015184,-162904527.0,-137059163.0,-1.0
2026-07-22,1258.199951171875,1258.199951171875,1230.5,1238.4000244140625,8358923,1309.4699853515624,1284.1610949707028,1286.639523886142,1308.6389806889454,1401.1439343986615,1245.6841173591504,1323.414025878906,31.723864377876225,54.17070729381927,54.54161564916169,-16.169570405165587,-4.833884133742975,-11.335686271422611,20.1930444508713,29.85926815726915,0.9479299983759525,14.667462196236752,-94.41464993039746,-171263450.0,-140670552.1,-1.0
2026-07-23,1230.0999755859375,1239.4000244140625,1219.199951171875,1223.0,8240787,1308.8573217773437,1284.3756457519528,1273.9116191089138,1300.853618808132,1401.3875398699158,1230.1266447003966,1315.7570922851562,29.463531179722224,54.17070729381927,54.54161564916169,-20.73665091989278,-8.014437490972936,-12.722213428919845,21.467269332620123,29.169325663334746,0.9479299983759525,6.866919351575044,-97.47912926575991,-179504237.0,-144294202.95,-1.0
2026-07-24,1216.800048828125,1233.9000244140625,1210.5999755859375,1227.300048828125,8088828,1308.5265063476563,1284.4528186035157,1264.5893050527561,1294.1669306281315,1397.6410470224016,1218.9892752432231,1308.3151611328124,30.943083151147672,54.17070729381927,54.54161564916169,-23.735508956026706,-11.15865178398369,-12.576857172043017,22.85489746204548,28.750091603676907,2.278668096935916,1.3915093645626069,-88.5028755036993,-171415409.0,-147513412.4,-1.0
2026-07-27,1237.0,1237.0,1221.5999755859375,1227.5,5967502,1308.3375854492188,1284.6608911132812,1257.171444042205,1288.1063005710284,1395.2145067816464,1208.5903638238224,1301.9024353027344,31.015543931203958,42.78899843794175,54.54161564916169,-25.798600954032963,-14.086641617993546,-11.711959336039417,23.966162986481784,27.796515375847306,4.740911567992642,2.6558365544348366,-87.70012997731837,-165447907.0,-149804146.25,-1.0
2026-07-28,1222.5,1233.9000244140625,1219.699951171875,1223.5,6093182,1308.0606689453127,1284.8799401855472,1250.437155233764,1282.2330005191168,1393.1158912475228,1198.5726829712273,1295.844287109375,30.32991716235464,42.78899843794175,54.54161564916169,-27.440070742168473,-16.757327442828533,-10.68274329933994,25.04860485724734,26.82534093772875,6.115419108033842,4.3783329243208,-90.61133761142024,-171541089.0,-152010478.15,-1.0
2026-07-29,1229.5,1237.0999755859375,1214.4000244140625,1235.4000244140625,10110233,1307.7919311523438,1285.224438476563,1247.429729069824,1277.9754572368392,1383.897193242,1194.5668692579998,1289.2320312499999,34.93788148871574,42.78899843794175,54.54161564916169,-27.464125514746456,-18.89868705721212,-8.565438457534338,26.198833328189068,26.53067024016777,12.521720444324451,7.792683706783645,-81.95047713136594,-161430856.0,-153870687.65,-1.0
2026-07-30,1229.0,1232.199951171875,1220.199951171875,1228.9000244140625,6878684,1307.3232470703124,1285.4714868164065,1243.7237881386718,1273.5140542529505,1374.4774464952488,1190.7216257703758,1282.5995361328123,33.62950293386027,42.78899843794175,54.54161564916169,-27.688508877709182,-20.656651421311533,-7.031857456397649,27.266902622634955,25.72134188316918,16.668724701702946,11.768621418020413,-86.68118953678146,-168309540.0,-155874153.3,-1.0
2026-07-31,1226.199951171875,1239.699951171875,1226.0,1229.5,7487936,1306.22505859375,1285.675570678711,1240.8790305109376,1269.5127765935913,1367.489381125809,1186.553123757003,1277.021252441406,33.87565480389427,42.78899843794175,47.39205032101436,-27.50090794579387,-22.025502726208003,-5.475405219585866,27.735202894952568,24.86267111807674,22.29398090505946,17.161475350362284,-86.24452616026745,-160821604.0,-157328198.9,-1.0
2026-08-03,1236.9000244140625,1272.0,1230.5,1272.0,6713421,1305.46126953125,1286.156104736328,1247.10322440875,1269.7388878123559,1359.3998201137542,1187.9859220737449,1273.6928710937495,48.45805224149792,43.0690312760236,47.39205032101436,-23.65021310801626,-22.35044480256966,-1.2997683054466016,26.314957985735703,26.1224803239284,43.743516117851705,27.56874057487137,-55.312945047935244,-154108183.0,-158188869.4,-1.0
2026-08-04,1264.0,1264.0,1244.0,1261.800048828125,5694891,1304.7312939453127,1286.6216119384765,1250.042589292625,1269.0171751774255,1349.6999268046795,1189.869164992195,1269.7845458984373,45.844969962197844,43.0690312760236,47.39205032101436,-21.17744017351947,-22.115843876759623,0.9384037032401515,24.9961591414629,26.25658887221923,63.12315968567512,43.05355223619543,-58.16988314562367,-159803074.0,-159644233.85,-1.0
2026-08-05,1260.0,1263.0,1246.199951171875,1253.9000244140625,4295407,1303.7473950195315,1286.914221191406,1250.8140763169126,1267.6428887443924,1345.1114703708402,1188.9985393947848,1267.0550048828125,43.87169950686935,43.0690312760236,47.39205032101436,-19.628945489511125,-21.618464199309923,1.9895187097987979,23.771560214638153,25.5811217262125,78.98172514062604,61.94946698138429,-64.62415017038978,-164098481.0,-160968470.25,-1.0
2026-08-06,1256.0999755859375,1259.9000244140625,1248.300048828125,1256.0,4845792,1302.8054956054689,1287.1978460693358,1251.8512610535302,1266.584444313084,1341.9497759278863,1188.1002362791448,1265.0250061035156,44.554869568432984,43.0690312760236,47.39205032101436,-18.02452629729828,-20.899676618907595,2.875150321609315,22.63443263972946,24.582468430478574,75.33088972327475,72.4785915165253,-38.14712627620811,-159252689.0,-161769924.5,-1.0
2026-08-07,1252.0999755859375,1256.0,1238.0,1238.0,3628823,1301.8533251953127,1287.2625701904296,1249.0810088428243,1263.98585846644,1333.328428244958,1188.1515888448857,1260.740008544922,40.05456509911459,43.0690312760236,47.39205032101436,-17.997992442461737,-20.319339783618425,2.321347341156688,22.084320236069367,24.11229211401582,67.92811927900155,74.08024471430078,-55.37457081566396,-162881512.0,-162930276.85,-1.0
2026-08-10,1235.0,1250.0,1235.0,1247.300048828125,3661847,1301.3009912109378,1287.3173376464842,1248.7248168398844,1262.4689666811387,1324.4251723931006,1189.8448471381494,1257.135009765625,43.24429319628254,44.20538172825792,47.39205032101436,-17.030214245774005,-19.661514676049542,2.6313004302755374,21.71651257413844,23.461414105871835,69.25353929925,70.83751610050876,-40.22791750913042,-159219665.0,-163723812.7,-1.0
2026-08-11,1242.0,1243.0,1225.4000244140625,1229.800048828125,5843702,1300.894274902344,1287.1771881103514,1244.9398632375326,1259.4990650581374,1314.6678602894317,1190.8221665660371,1252.7450134277344,39.03517446365787,44.20538172825792,47.39205032101436,-17.47391834528321,-19.223995409896276,1.7500770646130661,21.820109760133604,23.349886270742598,59.56707043660013,65.58290967161722,-68.72953484072217,-165063367.0,-164509258.4,-1.0
2026-08-12,1230.0,1234.9000244140625,1216.9000244140625,1230.0,7218881,1300.4096215820311,1287.122473144531,1241.951890590026,1256.817331871034,1304.5349181597965,1192.7251038128595,1248.630010986328,39.10810215611921,44.20538172825792,47.39205032101436,-17.606466268848408,-18.900489581686703,1.294023312838295,22.28269943011248,22.967751537118126,57.12194617259067,61.980851969480256,-68.40388159582018,-157844486.0,-164461639.9,-1.0
2026-08-13,1224.5,1224.800048828125,1215.5999755859375,1221.800048828125,5284300,1299.7989379882813,1286.9658056640624,1237.921522237646,1253.6339425034967,1294.0121233992006,1194.6679058976745,1244.3400146484375,37.14567567707309,44.20538172825792,47.39205032101436,-18.16379802587835,-18.753151270525034,0.5893532446466843,22.767954624177857,22.355771028328437,45.470757501382884,54.05325803685789,-87.15272994686973,-163128786.0,-164428175.1,-1.0
2026-08-14,1216.0,1218.699951171875,1208.5999755859375,1217.4000244140625,5557745,1298.7205468750003,1286.8261077880857,1233.8172226729293,1250.3399499499117,1270.3926833349697,1207.177348403312,1238.7850158691408,36.09891053340265,44.20538172825792,47.39205032101436,-18.744458210133416,-18.75141265844671,0.006954448313294392,23.519105322995394,21.70179261503266,39.28136528526028,47.29135631974461,-86.11980214604917,-168686531.0,-165232239.35,-1.0
2026-08-17,1220.0,1235.0,1213.5999755859375,1227.300048828125,6068014,1297.9240942382814,1286.7234197998046,1232.5137879039685,1248.2454134842947,1268.265272531821,1206.4347640892727,1237.3500183105468,40.18331897391764,42.01652991512266,47.39205032101436,-18.196033806247215,-18.64033688800681,0.4443030817595961,22.98363264755698,21.68023774353479,37.87279667363787,40.87497315342701,-70.50462769531724,-162618517.0,-164467195.5,-1.0
2026-08-18,1223.9000244140625,1250.5,1223.4000244140625,1243.0,5064697,1296.956013183594,1286.750192260742,1234.6110303231749,1247.768557712995,1266.0607096654678,1207.1193318384387,1236.5900207519533,46.070336544009,42.01652991512266,47.39205032101436,-16.306576600816243,-18.1735848305687,1.8670082297524573,21.515993700005343,22.06736187513498,53.30618512559069,43.486782361496275,-45.74130730707988,-157553820.0,-164199660.15,-1.0
2026-08-19,1243.0999755859375,1245.0,1224.0,1235.0,3061937,1295.3862719726565,1286.7659423828125,1234.68882425854,1246.6077797390863,1265.8859720272571,1206.954067035243,1236.42001953125,43.70970985926775,42.01652991512266,47.39205032101436,-15.278579341851128,-17.594583732825186,2.316004390974058,20.153186105850253,21.991121741196768,65.177659726131,52.11888050845318,-58.35959897799847,-160615757.0,-163667275.5,-1.0
2026-08-20,1237.5,1253.9000244140625,1236.199951171875,1251.0,4163816,1294.080573730469,1286.857196044922,1237.9510594068322,1247.0070724900784,1267.26195203222,1208.3780870302799,1237.82001953125,49.304572121865036,42.01652991512266,47.39205032101436,-13.02270024332438,-16.680207034925026,3.657506791600646,19.06890864501957,21.770329074972892,83.77856508311078,67.42080331161081,-33.12301563616129,-156451941.0,-162514660.7,-1.0
2026-08-21,1250.5999755859375,1256.4000244140625,1240.4000244140625,1245.800048828125,3690270,1291.8914770507818,1286.9579229736328,1239.5208572910908,1246.8973430662645,1267.95687250981,1209.5331665526894,1238.7450195312497,47.647062679789215,42.01652991512266,47.39205032101436,-11.521677678493688,-15.648501163638759,4.126823485145071,18.20742862723058,21.35816271247483,84.9621139942609,77.97277960116756,-32.851882944757705,-160142211.0,-161951000.8,-1.0
2026-08-24,1245.800048828125,1248.699951171875,1231.800048828125,1236.0,3778588,1289.2665649414066,1287.0001568603516,1238.8166858328727,1245.9066755147858,1267.9369627366339,1210.4030763258654,1239.1700195312496,44.60370229823945,45.98729193048183,47.39205032101436,-10.996131955260353,-14.718027321963078,3.721895366702725,16.968099618336247,21.0397155432802,83.95037052073522,84.23034986603562,-49.63233066678634,-163920799.0,-161874645.4,-1.0
2026-08-25,1236.0999755859375,1240.5,1229.800048828125,1235.0,3606504,1286.6736157226567,1287.0658685302733,1238.0533486662982,1244.915159558896,1267.6396630553343,1211.850376007165,1239.7450195312497,44.292812158240224,45.98729193048183,47.39205032101436,-10.53883964269562,-13.882189786109587,3.343350143413966,15.945294972870634,20.301160945322685,71.29983693443484,80.07077381647699,-48.53801308744795,-167527303.0,-161673956.1,-1.0
2026-08-26,1240.0999755859375,1257.699951171875,1238.199951171875,1255.0,3298266,1284.7764355468755,1287.2605578613282,1241.4426789330387,1245.8319632353598,1269.3446854413849,1212.1053511797084,1240.7250183105466,51.564198348137595,45.98729193048183,47.39205032101436,-8.465019857721018,-12.798755800431874,4.333735942710856,15.668537231496611,20.472503104362136,75.4836723572759,76.91129327081532,-5.498884957996353,-164229037.0,-161813865.15,-1.0
2026-08-27,1260.0,1268.699951171875,1251.4000244140625,1256.0,7005789,1282.715397949219,1287.4327685546875,1244.354143146431,1246.7563302139636,1270.9077433190841,1213.252290860603,1242.0800170898435,51.90225182544105,45.98729193048183,47.39205032101436,-6.663992734362182,-11.571803187217935,4.9078104528557525,15.976084151266722,20.245890508180022,87.34946641369959,78.04432523513677,-21.131374926625757,-157223248.0,-161259550.55,-1.0
2026-08-28,1256.0,1265.4000244140625,1248.199951171875,1265.0,3243469,1280.8783251953128,1287.6544757080078,1248.4833145171447,1248.4148456490577,1273.7723974792261,1213.937636700461,1243.8550170898436,54.94974907681075,45.98729193048183,47.39205032101436,-4.459039942735217,-10.149250538321391,5.690210595586175,16.026950480838476,20.0283321320377,99.99999999999999,87.61104625699183,-6.156327246064198,-153979779.0,-160917459.3,-1.0
2026-08-31,1257.0,1300.0,1251.199951171875,1300.0,6093670,1279.7272656250004,1288.0331970214843,1258.7866516137158,1253.104405135507,1282.4526539062444,1208.057380273443,1245.2550170898437,64.39717089024903,48.552373014991154,51.57676991874643,0.11132523523747295,-8.09713538360962,8.208460618847093,17.51311037951629,22.083454753186793,99.99999999999999,95.78315547123319,0.0,-147886109.0,-160606355.6,1.0
2026-09-01,1274.9000244140625,1275.0999755859375,1255.0,1258.0,5588158,1277.6382812500003,1288.1199810791013,1258.6293212909727,1253.5494592140972,1281.9442753244602,1208.1857539724147,1245.0650146484375,50.66622218320315,48.552373014991154,51.57676991874643,0.34039965974284314,-6.409628374939127,6.7500280346819705,18.893115999717118,23.72035084224488,83.8259212946944,94.6086404315648,-45.951847681933465,-153474267.0,-160289915.25,1.0
2026-09-02,1254.5999755859375,1266.9000244140625,1250.0,1253.9000244140625,6437250,1275.047619628907,1288.1462963867184,1257.6834619155907,1253.5813287777303,1281.9442753244602,1208.1857539724147,1245.0650146484375,49.555407849968674,48.552373014991154,51.57676991874643,0.18893114604998118,-5.089916470741306,5.278847616791287,19.793891976527014,23.233184668803283,66.34338249416633,83.38976792962023,-50.43759657775837,-159911517.0,-160080567.05,1.0
2026-09-03,1265.0,1278.9000244140625,1260.199951171875,1267.0,3309215,1272.8648461914065,1288.1591717529293,1259.5467695324726,1254.8012079797547,1283.495433283322,1207.7345960135528,1245.6150146484374,53.09396015000541,48.552373014991154,51.57676991874643,1.1131184695730099,-3.849309482678443,4.962427952251453,21.077782914483855,23.359385763888763,50.78312827920876,66.98414402268983,-38.19443365183691,-156602302.0,-159948047.7,1.0
2026-09-04,1270.300048828125,1280.699951171875,1262.0,1273.0,3810611,1270.8020727539065,1288.1770666503903,1262.237415625978,1256.455643617959,1286.9592673557536,1207.7707619411212,1247.3650146484374,54.66263427728417,48.552373014991154,51.57676991874643,2.303144224816606,-2.618818741179433,4.921962965996039,22.334679477836342,23.026569007316354,51.272123480088595,56.13287808448789,-35.24805300976722,-152791691.0,-159443556.65,1.0
2026-09-07,1271.0,1271.9000244140625,1261.5999755859375,1266.0,1592707,1269.0069824218751,1288.0860186767575,1262.9899325007825,1257.3233123799625,1288.7614872567492,1207.838537157313,1248.3000122070312,52.458435424408385,49.62583713722127,51.57676991874643,2.6508493695250763,-1.5648851190385313,4.215734488563608,23.467404223467106,22.196101536369653,49.51799286693762,50.52441487541165,-44.73684210526315,-154384398.0,-159201793.3,1.0
2026-09-08,1262.800048828125,1264.9000244140625,1239.5,1244.9000244140625,3623260,1267.0117236328126,1287.9364343261716,1259.3719508834386,1256.1939225648807,1288.6165097712824,1209.493512201374,1249.0550109863282,46.38658317950837,49.62583713722127,51.57676991874643,1.2098698849397351,-1.0099341182428783,2.219804003182613,22.82917674672075,22.50352285520039,35.2164180281033,45.3355114583765,-78.4900483064906,-158007658.0,-158849007.85,1.0
2026-09-09,1236.0,1257.4000244140625,1234.699951171875,1238.5,6679663,1264.4288208007815,1287.788823852539,1255.197560706751,1254.5853841498915,1288.3562930190428,1210.6037289536134,1249.4800109863281,44.69666625874994,49.62583713722127,51.57676991874643,-0.4434335948167245,-0.8966340135576476,0.4532004187409231,21.92152628789896,22.517562168556612,18.237764455896567,34.32405845031249,-87.6068985424586,-164687321.0,-159191149.6,1.0
2026-09-10,1242.0999755859375,1255.199951171875,1240.4000244140625,1246.0,4150654,1262.1178222656254,1287.692202758789,1253.3580485654008,1253.8048946817196,1287.3840019923327,1213.9960150975112,1250.690008544922,47.12756355551025,49.62583713722127,51.57676991874643,-1.1354128613518242,-0.944389783116483,-0.19102307823534115,21.078708004707302,22.102018525936497,8.841161577825808,20.765114687275222,-76.92313042752461,-160536667.0,-159061543.65,1.0
2026-09-11,1237.9000244140625,1252.800048828125,1229.800048828125,1246.0,4562285,1260.2165087890628,1287.4761743164063,1251.8864388523207,1253.0953588015632,1285.4240570016543,1218.815957646783,1252.1200073242187,47.127563555510235,49.62583713722127,51.57676991874643,-1.664622681442097,-1.0884363627816058,-0.5761863186604912,19.59001090397881,22.166160059798177,10.06971833986787,12.382881457863416,-76.92313042752461,-160536667.0,-158654050.45,1.0
2026-09-14,1246.0,1246.0,1246.0,1246.0,0,1258.3651562500002,1287.274634399414,1250.7091510818566,1252.4503261832392,1284.4185721965819,1221.691437569043,1253.0550048828125,47.12756355551024,46.12765795258861,51.57676991874643,-2.0602757008125536,-1.2828042303877956,-0.7774714704247581,18.207649310445213,20.582862912669736,13.513210118610116,10.808030012101264,-76.92313042752461,-160536667.0,-158549957.95,1.0
2026-09-15,1254.0,1254.0,1219.9000244140625,1222.9000244140625,5698466,1256.0238256835937,1286.9955657958983,1245.1473257482978,1249.7639351133141,1285.9553471127208,1218.14466509431,1252.0500061035154,40.31129951592158,46.12765795258861,51.57676991874643,-4.189514429957626,-1.8641462703017617,-2.325368159655864,18.351028326724325,21.54837096076029,8.81314907702659,10.798692511834858,-96.25468050638621,-166235133.0,-158984023.6,1.0
2026-09-16,1230.0,1252.5,1223.699951171875,1241.0,5799541,1254.6740087890626,1286.826981201172,1244.3178605986384,1248.9672137393763,1285.7221269429313,1218.9778852640995,1252.3500061035154,46.80368260099759,46.12765795258861,51.57676991874643,-4.366104960979783,-2.364538008437366,-2.001566952542417,18.484165984697785,22.123485576844377,13.098138488432001,11.80816589468957,-73.6579500410711,-160435592.0,-158975015.35,1.0
2026-09-17,1238.0,1257.5999755859375,1233.0,1240.0,4413665,1253.5420092773438,1286.7418286132813,1243.4542884789107,1248.152012490342,1285.6253088984415,1217.9747033085894,1251.8000061035154,46.502730649609404,46.12765795258861,51.57676991874643,-4.534475263507375,-2.7985254594513678,-1.7359498040560069,18.228301428831706,22.30037772035103,17.553602305739012,13.154963290399202,-74.9063898722757,-164849257.0,-159394881.15,1.0
2026-09-18,1244.0,1257.0,1240.5,1257.0,5693016,1252.2080102539064,1286.6782250976564,1246.1634307831287,1248.95637499122,1286.137873316832,1218.582134007386,1252.360003662109,52.13715152252626,46.12765795258861,51.57676991874643,-3.25858903029075,-2.8905381736192446,-0.3680508566715055,17.990712912670347,21.92177931175453,45.021086929405875,25.224275907858964,-38.98022980567105,-159156241.0,-159345582.65,1.0
2026-09-21,1248.0,1254.300048828125,1242.0,1250.0,3680283,1250.8200097656254,1286.5331573486328,1246.930744626503,1249.0512499920183,1285.9797023558615,1220.1403049683565,1253.060003662109,49.81080179681494,47.74382203862716,51.57676991874643,-2.7802327047759263,-2.868477079850581,0.08824437507465488,17.770095004806226,21.427366503772067,58.1001915738425,40.22496026966246,-50.493401569649436,-162836524.0,-159291368.9,1.0
2026-09-22,1245.199951171875,1255.5999755859375,1240.0999755859375,1242.699951171875,2689110,1249.3220092773443,1286.3390985107424,1246.0845859355775,1248.4738591901869,1285.6476773528373,1221.2423250885684,1253.4450012207028,47.43380771294256,47.74382203862716,51.57676991874643,-2.95610862173271,-2.8860033882270075,-0.07010523350570264,17.687716394519438,21.003983182074062,66.07483544807701,56.398704650441786,-62.50007529016831,-165525634.0,-159191285.45,1.0
2026-09-23,1242.199951171875,1252.0,1238.9000244140625,1243.199951171875,2287837,1247.9400073242193,1286.191005859375,1245.507658982837,1247.9944130067038,1285.3686060829925,1220.3413914756009,1252.8549987792967,47.6181877976465,47.74382203862716,51.57676991874643,-3.0203292561377566,-2.9128685618091574,-0.10746069432859917,17.691742290733824,20.43941121092145,55.57879959723766,59.91794220638572,-61.67770587845557,-163237797.0,-159141723.45,1.0
2026-09-24,1225.199951171875,1225.199951171875,1175.0,1186.5,10890660,1245.5180078125004,1285.7489221191406,1233.7061271862697,1242.404011824276,1293.3248732540108,1205.4351243045828,1249.3799987792968,33.337758786547276,47.74382203862716,51.57676991874643,-7.559297889326672,-3.8421544273126607,-3.717143462014011,20.261389750099536,23.85087835098956,33.51464449981212,51.722759848375595,-88.13209793337154,-174128457.0,-159986983.9,-1.0
2026-09-25,1191.5,1225.0,1191.5,1222.4000244140625,6923162,1243.3960083007814,1285.4728491210938,1231.4449066318284,1240.5854675142566,1292.1268341304346,1202.3731658695654,1247.25,44.655063886436515,47.74382203862716,51.57676991874643,-8.165504439115466,-4.706824429673222,-3.4586800094422445,22.647490962367698,24.897244183061737,37.038240749977845,42.04389494900921,-47.27473688355527,-167205295.0,-160648259.7,-1.0
2026-09-28,1211.5,1217.800048828125,1205.0,1209.9000244140625,4771499,1242.4740087890627,1285.1637536621097,1227.1359301882753,1237.7958817778751,1283.1969910714436,1202.2930113699629,1242.7450012207032,41.98248109976072,43.33957165799537,51.57676991874643,-9.544549406168244,-5.674369424972227,-3.870179981196017,24.863156373759562,24.36172848527608,35.39480892362125,35.315898057803736,-57.74814197402236,-171976794.0,-161852793.95,-1.0
2026-09-29,1202.0,1212.0999755859375,1190.5,1212.0999755859375,7260302,1241.5520092773443,1284.7987091064458,1224.1287392678078,1235.4598903058807,1282.4369366652847,1198.4630633347158,1240.4500000000003,42.63322276841126,43.33957165799537,51.57676991874643,-10.340733267998075,-6.607642193577396,-3.7330910744206793,27.28506965548551,24.164460421037607,51.87666042526395,41.43657003295434,-55.08476204410198,-164716492.0,-162414905.2,-1.0
2026-09-30,1201.0999755859375,1237.0999755859375,1201.0999755859375,1226.0,6178741,1241.304008789063,1284.5096594238287,1224.5029914142463,1234.5999002780734,1281.0142956355432,1197.0957019230511,1239.0549987792972,46.70098754371911,43.33957165799537,47.32173676547543,-9.737847072378372,-7.233683169337592,-2.50416390304078,27.608533076661878,25.009856105249206,55.504301817756065,47.59192372221375,-38.25664034617141,-158537751.0,-162346216.9,-1.0
2026-10-01,1219.0999755859375,1241.5999755859375,1215.300048828125,1217.0999755859375,7004262,1241.1860083007816,1284.5018585205084,1223.0223882485845,1233.0089980333337,1277.4433145616144,1195.6766805555735,1236.559997558594,44.5240290234708,43.33957165799537,47.32173676547543,-9.864501179241188,-7.759846771318312,-2.104654407922876,27.608893256003576,25.10200400900373,60.01073802627957,55.797233423099854,-49.031491489805056,-165542013.0,-162793202.45,-1.0
