Date,Open,High,Low,Close,Volume,MA50,MA200,EMA9,EMA21,BB_Upper,BB_Lower,BB_Mid,RSI,RSI_W,RSI_M,MACD,MACD_Signal,MACD_Hist,ADX,ATR,StochRSI_K,StochRSI_D,Williams_R,OBV,OBV_SMA20,Supertrend_Dir
2025-07-23,104.59949932934886,104.8705565371238,102.90538439500058,104.35748291015624,38208234,106.81050201416018,94.22267807006838,108.21765099178734,108.5438730127183,114.14220666992058,105.04528951538215,109.59374809265137,39.02218304289639,63.27014518215475,61.983714404032426,0.361407860785107,1.2758225328204977,-0.9144146720353907,17.24529396314094,2.554294806175887,0.0,11.255691138983316,-86.60714313013386,283615482.0,361430768.3,-1.0
2025-07-24,105.03512824957524,110.34980686442248,103.77663988767458,109.88513946533205,86127146,107.04259567260745,94.26920616149906,108.55114868649628,108.66580632659226,114.1553793057854,105.2683252230232,109.7118522644043,53.93363328028709,63.27014518215475,61.983714404032426,0.44061792624123086,1.1087816115046445,-0.6681636852634136,16.12029390217237,2.8413571040738876,17.46315058271814,8.557320900624884,-35.624987101063525,369742628.0,361616004.95,-1.0
2025-07-25,110.2239558435944,112.00519309998693,106.97125465859044,107.22295379638672,41767665,107.17284759521489,94.32172245025636,108.28550970847438,108.53463791475538,114.16865226279111,105.23375404824404,109.70120315551758,47.863050834662474,63.27014518215475,61.983714404032426,0.2852877198737218,0.94408283317846,-0.6587951133047382,15.612453513203796,2.9979700567397876,27.81689908280568,15.09334988850794,-60.17860467801677,327974963.0,361437321.55,-1.0
2025-07-28,107.16486492540228,109.23652483375206,106.38073410923622,106.8841323852539,23234791,107.29258483886723,94.36572219848635,108.00523424383029,108.38459195752797,114.13666494637926,104.89884454458755,109.5177547454834,47.135874986349194,57.977420745145984,61.983714404032426,0.1333106339982777,0.7819283933424236,-0.6486177593441459,14.919169689574977,2.987814390152363,37.319034819745056,27.53302816175629,-63.30359008113277,304740172.0,358358579.05,-1.0
2025-07-29,106.4969088075481,107.83283680316733,106.03223402581897,106.57434844970705,32038885,107.4233226013184,94.41074306488038,107.71905708500566,108.22002436590789,113.93350343904171,104.58602704801882,109.25976524353027,46.44114709280192,57.977420745145984,61.983714404032426,-0.011991050751163357,0.6231445045237063,-0.6351355552748696,14.140938482065158,2.9030135606663627,28.544407774891987,31.22678055914757,-66.16075980209912,272701287.0,352152309.35,-1.0
2025-07-30,106.9325357379772,107.00998276612552,104.64790010788748,104.74470520019533,23534777,107.50251434326177,94.44787742614747,107.1241867080436,107.90408625993402,114.00860072977744,103.92718570821086,108.96789321899415,42.4606106286824,57.977420745145984,61.983714404032426,-0.27164919915406927,0.4441857637881512,-0.7158349629422205,13.368524125885479,2.8643756390643396,22.21748280587773,29.360308466838255,-83.03575134563125,249166510.0,345806008.95,-1.0
2025-07-31,103.63143254562534,104.89959620520698,102.71176573106398,103.82504272460938,48203474,107.5820043945313,94.48074058532715,106.46435791135676,107.53326412035905,114.11087096137963,103.15598160820046,108.63342628479005,40.57793565379067,57.977420745145984,54.18265009184199,-0.545352741406461,0.2462780627492288,-0.7916308041556898,13.31555444745928,2.8160509844271013,14.537325594231529,21.766405391667078,-89.91227268017943,200963036.0,337712396.3,-1.0
2025-08-01,103.82504619858156,103.97025753055578,102.37294765034966,102.50847625732422,13286442,107.62824707031253,94.50501155853271,105.67318158055025,107.07646522371951,114.24595353547653,102.1999792342989,108.22296638488771,37.98159698331752,57.977420745145984,54.18265009184199,-0.8586032378103567,0.025301802637311688,-0.8839050404476685,13.377498434317085,2.7289980484113174,5.848802056366463,14.201203485491908,-98.80851589398696,187676594.0,328425993.85,-1.0
2025-08-04,102.61495950437754,104.49300923988034,102.61495950437754,104.30907440185548,21300202,107.70545501708988,94.53856586456298,105.4003601448113,106.82488423991369,114.05579859400056,101.7550832114194,107.90544090270998,43.32279310038888,51.816621706186766,54.18265009184199,-0.9506053047988132,-0.16987961884991332,-0.7807256859488999,13.200645969777842,2.6758219722788033,7.856557048945979,9.414228233181323,-82.97876512462902,208976796.0,320995659.1,-1.0
2025-08-05,104.30907550069055,104.84151457123734,103.4862211618268,104.02833557128906,11549473,107.75929122924806,94.57099685668945,105.12595523010687,106.57065254276598,113.89283912940127,101.31009742455382,107.60146827697754,42.7052467592279,51.816621706186766,54.18265009184199,-1.03424870781447,-0.34275343664282465,-0.6914952711716453,12.876295986162527,2.581498503502498,12.797090096823876,8.83414973404544,-85.44684815173018,197427323.0,313624884.25,-1.0
2025-08-06,104.54141110815046,106.487225200276,102.7214502817812,105.29650115966795,40662042,107.79157470703126,94.61850700378417,105.1600644160191,106.45482059884799,113.58542794225342,101.11508246424076,107.35025520324709,46.42067200650348,51.816621706186766,54.18265009184199,-0.9868307719838043,-0.4715689037110206,-0.5152618682727836,12.061502063941939,2.666089676001948,27.450350399228363,16.034665848332736,-70.82128982299749,238089365.0,307611224.85,-1.0
2025-08-07,105.03512361371872,105.7030912794042,103.34100871672324,105.32554626464844,12014876,107.82836425781251,94.65602222442627,105.19316078574496,106.35215929573894,113.43510182044305,100.9178728804847,107.17648735046387,46.50623353246156,51.816621706186766,54.18265009184199,-0.9361170444031046,-0.5644785318494374,-0.3716385125536672,11.30490770759425,2.644374882193307,39.22883011768323,26.49209020457849,-69.34672574804488,250104241.0,303002120.75,-1.0
2025-08-08,105.3255462578517,105.53851449799762,104.10578146408233,104.4446029663086,14136544,107.77220794677734,94.69759063720701,105.0434492218577,106.17874508397256,113.32912526908643,100.63371881660694,106.98142204284669,44.200706800156716,51.816621706186766,54.18265009184199,-0.9559907455176813,-0.6427809745830863,-0.313209770934595,10.602355805271396,2.557829035887735,45.46175415549357,37.38031155746839,-78.49249869315831,235967697.0,298354921.8,-1.0
2025-08-11,104.3574826841066,106.38073639901184,103.87344984676984,105.98383331298828,16773203,107.70795776367187,94.77521972656248,105.23152604008382,106.1610258320649,112.97217201962444,100.58505301699672,106.77861251831058,48.96167972143975,53.97941576554934,54.18265009184199,-0.8378792216356459,-0.6818006239935983,-0.15607859764204757,10.345745341870925,2.5542188584844676,53.75244603096482,46.147676768047205,-62.5125244002726,252740900.0,293185302.85,-1.0
2025-08-12,106.18712619878372,106.72924061305926,105.55788203321109,106.05159759521484,10606131,107.66244583129884,94.84898204803464,105.39554035111003,106.15107781053307,112.35836431983137,100.68384988304956,106.52110710144046,49.16731233482852,53.97941576554934,54.18265009184199,-0.7303875240389175,-0.6915180040026622,-0.03886952003625532,10.269837118899988,2.455443124296161,59.31302933796347,52.84240984147395,-61.80900949732633,263347031.0,287277133.2,-1.0
2025-08-13,106.29361392601412,106.96157421855033,105.08353183389538,105.5094757080078,12096926,107.5797364807129,94.91769729614255,105.41832742248958,106.09275034666713,111.03069019803353,101.23319911471064,106.13194465637208,47.51788382894748,53.97941576554934,54.18265009184199,-0.6810930679321956,-0.6894330167885689,0.008339948856373347,9.929318875832177,2.414200214321789,74.73564462479304,62.60037333124044,-67.43720792770853,251250105.0,278740542.65,-1.0
2025-08-14,106.00319246093495,106.37105476220157,105.16097265648312,105.77085876464844,10879799,107.51982482910155,95.006177406311,105.48883369092135,106.06348747557453,109.92436694030884,101.7325452911365,105.82845611572267,48.41641616976088,53.97941576554934,54.18265009184199,-0.6138592409036647,-0.6743182616115881,0.06045902070792342,9.613123364412068,2.328191777992979,82.88736181488429,72.31201192588026,-50.4935833967795,262129904.0,271536214.65,-1.0
2025-08-18,106.48722400835312,106.89380981834928,105.42235324542058,105.84829711914062,15704185,107.47398544311524,95.06490447998043,105.56072637656521,106.04392471589873,108.94649555130862,102.21573513106448,105.58111534118655,48.69665699766015,55.45444457485509,54.18265009184199,-0.5480102000995686,-0.6490566493091843,0.1010464492096157,9.605312799353479,2.2669964062026735,91.44450483526968,83.02250375831566,-36.34761857761426,277834089.0,266021362.25,-1.0
2025-08-19,106.00318877542308,108.32654781477508,105.56756218681228,108.10388946533205,20003557,107.43624847412109,95.12056373596188,106.06935899431858,106.23119423857447,108.86955423644551,102.25782537170883,105.56368980407717,56.16655511321191,55.45444457485509,54.18265009184199,-0.3102406482053084,-0.5812934490884091,0.2710528008831007,10.316156024796474,2.3021384934712543,96.35978727079203,90.230551306982,-3.7398942369944232,297837646.0,262705474.25,-1.0
2025-08-20,108.42335502560208,109.11068076492025,108.1329323703387,108.69441223144533,14596666,107.40901351928713,95.18104476928707,106.59436964174394,106.45512314701728,109.32089521910011,102.21597535585114,105.76843528747563,57.8950300681505,55.45444457485509,54.18265009184199,-0.07331122708019677,-0.4796970046867666,0.40638577760656985,11.329329194382971,2.209613693908179,98.59745123615839,95.46724778074002,-6.178168924125593,312434312.0,262236004.05,-1.0
2025-08-21,109.10100044811809,109.39142310979123,107.43593366322456,107.52305603027344,13162672,107.37087478637697,95.23898677825925,106.78010691944985,106.55220795458602,109.49652094456238,102.35690694240054,105.92671394348146,53.39710497698806,55.45444457485509,54.18265009184199,0.019711172022113033,-0.3798153693449907,0.39952654136710375,11.776061988461162,2.191461961955214,92.47086950133797,95.80936933609613,-26.620696906539475,299271640.0,263018811.95,-1.0
2025-08-22,107.51337570800035,108.21038420298824,106.2936182275268,106.41946411132812,12854408,107.3377670288086,95.28528934478757,106.70797835782551,106.54014033247167,108.81438477237701,102.69247557918551,105.75343017578126,49.49552025357399,55.45444457485509,54.18265009184199,0.004331517704684984,-0.3029859919350556,0.3073175096397406,11.44085655414253,2.171840820062801,74.03850250888595,88.36894108212744,-43.85707902406234,286417232.0,258852542.15,-1.0
2025-08-25,106.4872274947058,107.43593513484548,105.04481166301623,105.34490966796876,16134641,107.28665328979491,95.33579853057859,106.43536461985417,106.43148299933503,108.64496248055038,102.67409345817039,105.65952796936038,45.97317121716569,56.193914865057764,54.18265009184199,-0.0934868738115,-0.2610861683103445,0.16759929449884448,10.84537386787451,2.1875038666175475,47.876490388581814,71.46195413293525,-60.667615088766944,270282591.0,255967923.55,-1.0
2025-08-26,105.34490352605364,105.5772372135758,102.4503893063767,102.62464141845705,27014374,107.18539367675783,95.3644821166992,105.67321997957475,106.0854064919825,108.66294592569133,102.23016091634972,105.44655342102052,38.503021605856034,56.193914865057764,54.18265009184199,-0.3860612930651399,-0.2860811932613036,-0.09998009980383632,11.50704093206927,2.2545998695162295,22.072287553910495,47.99576015045942,-97.48953661636659,243268217.0,252894325.8,-1.0
2025-08-28,102.66337045523888,103.08931434099148,101.16286566570388,101.28871154785156,14184569,107.09633163452149,95.37910285949704,104.79631829323013,105.64934331524333,108.84598950569087,101.51855364616459,105.18227157592773,35.456028078906016,56.193914865057764,54.18265009184199,-0.7174566107273961,-0.3723562767545221,-0.345100333972874,12.610771364617241,2.231160498499899,7.171321213029177,25.706699718507164,-98.47062036082505,229083648.0,250713443.85,-1.0
2025-08-29,101.10477998235628,101.82114650337208,100.24320213506238,100.5142593383789,13999620,107.01133544921873,95.3906924819946,103.93990650225989,105.18251749916475,109.18756969598108,100.75392886969276,104.97074928283692,33.78678628723882,56.193914865057764,54.18265009184199,-1.030700336594748,-0.5040250887225672,-0.5266752478721808,13.958498938767631,2.1845022034863133,0.0,9.74786958897989,-97.0370501099033,215084028.0,249009319.75,-1.0
2025-09-01,100.67883064325942,101.89859546714106,100.67883064325942,101.7824249267578,9174103,107.01617584228515,95.41507148742674,103.50841018715947,104.87341817440047,109.2959648167533,100.44127196913539,104.86861839294434,38.86256203698567,48.32792127867544,50.79482148074274,-1.1632091308754582,-0.6358618971531455,-0.5273472337223127,15.157550436286822,2.127347483863159,7.018036092928689,4.729785768652622,-83.17462164559221,224258131.0,250174074.5,-1.0
2025-09-02,102.03412730638772,103.58303096516435,101.40488311776606,102.76985931396484,9179806,106.99565292358398,95.44345310211182,103.36070001252054,104.68218555072451,109.28115486781772,100.48222022373506,104.88168754577639,42.555109860862174,48.32792127867544,50.79482148074274,-1.175000923074606,-0.7436897023374376,-0.4313112207371683,15.191376033283078,2.130976081258526,19.141584166784238,8.719873419904308,-72.38089038423828,233437937.0,252462141.65,-1.0
2025-09-03,103.05059143841348,105.01577102541836,102.72145264357106,104.8705596923828,12012180,107.00552734374999,95.49350646972657,103.662671948493,104.69931047269345,109.30100213716105,100.51852148344443,104.90976181030274,49.537840301428766,48.32792127867544,50.79482148074274,-1.0032719446323455,-0.7956061507964193,-0.2076657938359262,14.431944364098051,2.142643388443439,40.919824779318674,22.359815013010532,-49.417951642148964,245450117.0,254285807.7,-1.0
2025-09-04,105.42235053230138,105.71276579521532,102.55687710083946,102.6924057006836,12953562,106.9178205871582,95.5474821472168,103.46861869893112,104.51686458432891,109.33025099522375,100.35567963832118,104.84296531677246,43.617534533749115,48.32792127867544,50.79482148074274,-1.031049024169178,-0.8426947254709711,-0.18835429869820697,13.432177200449862,2.2150180531528973,47.49430132210791,35.85190342273694,-73.22754257481401,232496555.0,256039269.3,-1.0
2025-09-05,102.90538761635636,104.19290939359192,102.23741991503309,103.71855926513672,8009273,106.84870071411133,95.61051383972168,103.51860681217225,104.44429137349326,109.27321284362966,100.25492360046212,104.76406822204589,46.84078524270421,48.32792127867544,50.79482148074274,-0.9592034428907112,-0.8659964689549192,-0.09320697393579203,12.60689841018192,2.19648029782475,53.41990284495756,47.278009648794715,-62.010568615748284,240505828.0,256160092.45,-1.0
2025-09-08,104.05737415563104,105.18033384945298,103.69919459371748,104.65757751464844,8138600,106.79139114379885,95.6750163269043,103.74640095266749,104.46368102268919,109.23219241239875,100.22914715669305,104.7306697845459,49.67591085457008,52.23503992063512,50.79482148074274,-0.8170756377355275,-0.856212302711041,0.03913666497551349,12.090475138599242,2.145384509104089,53.610806496555,51.50833688787349,-51.74607837108025,248644428.0,256087101.8,-1.0
2025-09-09,104.65757753218077,105.3255451910576,103.93152829801195,104.58981323242188,7104394,106.73446868896485,95.74090900421143,103.91508340861836,104.47514758721033,109.23797837702863,100.23788221867453,104.73793029785158,49.47086323587952,52.23503992063512,50.79482148074274,-0.7018162386863338,-0.8253330899060995,0.12351685121976574,11.686318174187548,2.091715393671343,61.70392843902366,56.244879260178735,-52.4868156402581,241540034.0,256365718.65,-1.0
2025-09-10,104.79311219926676,107.69730930409632,104.79311219926676,107.1067886352539,18306308,106.66554244995118,95.8350407409668,104.55342445394547,104.71438768248701,109.38665146165498,100.20150466627472,104.79407806396485,56.63142160974706,52.23503992063512,50.79482148074274,-0.4027310222402605,-0.7408126763729317,0.3380816541326712,12.407106988344168,2.1642711563858503,76.98811217565179,64.10094903707682,-24.973538361703607,259846342.0,256720990.75,-1.0
2025-09-11,107.5230537143793,109.77864849896062,107.10678518068298,108.49111938476562,18795548,106.6006820678711,95.92417823791506,105.3409634401095,105.0577269281487,109.77132617228868,100.0607821345961,104.91605415344239,59.98974067285417,52.23503992063512,50.79482148074274,-0.05338452765917623,-0.6033270466301806,0.5499425189710043,13.826177428976894,2.2005277393781215,88.35230124485324,75.68144728650955,-13.502557353472788,278641890.0,257485733.7,1.0
2025-09-12,109.27524923938364,109.2849319640125,107.25199555149004,107.41656494140624,10893570,106.53737045288088,95.98939151763919,105.75608374036887,105.27216674753573,109.98911620168592,100.03370102853872,105.01140861511232,56.342565455346566,52.23503992063512,50.79482148074274,0.1352089187977441,-0.45561985354459567,0.5908287723423398,15.14388569527871,2.1885569303170027,95.36035114738843,86.90025485596448,-24.771609711920473,267748320.0,258310644.45,1.0
2025-09-15,107.92963738122654,109.39141858250856,107.65858018061896,108.91706848144533,9013604,106.50542419433596,96.05832225799564,106.38828068858416,105.60352145061842,110.43781377132768,99.89962443057664,105.16871910095216,59.9996632543891,56.33822537385145,50.79482148074274,0.4011247627337724,-0.2842709302889221,0.6853956930226945,16.40568621885247,2.1732924096588118,95.36035114738843,93.02433451321002,-9.035549932694142,276761924.0,259042245.45,1.0
2025-09-16,109.82705058614994,110.22396106786228,108.9170738514954,109.61408233642578,15104682,106.48335235595704,96.13181285858158,107.03344101815249,105.96811789478272,110.98525151413898,99.72876520949384,105.35700836181641,61.60846635406639,56.33822537385145,50.79482148074274,0.660494409374607,-0.09531786235621625,0.7558122717308233,17.876661732179112,2.111406707998679,95.36035114738843,95.36035114738843,-6.1105446543973985,291866606.0,259743871.3,1.0
2025-09-17,109.81737359370037,112.67316440816828,109.40110505400877,112.53763580322266,34943043,106.5209133911133,96.21365955352786,108.13427997516652,106.56534679554998,111.96122898188173,99.19616237554018,105.57869567871096,67.51090146523455,56.33822537385145,50.79482148074274,1.0893951850413828,0.14162474712330356,0.9477704379180792,19.9849826917355,2.1943104684387382,99.99999999999999,96.90690076492561,-1.0903380233008186,326809649.0,261192471.45,1.0
2025-09-18,113.16688022127909,113.9413283389732,111.03713127967136,111.7244644165039,26965142,106.55324691772462,96.29559925079349,108.85231686343401,107.03435748836398,112.55281079758586,98.90758577834188,105.73019828796387,64.53874278505367,56.33822537385145,50.79482148074274,1.3481454236171118,0.3829288824220652,0.9652165411950466,22.259271100982957,2.245016653500388,96.5417906244039,97.30071392393077,-16.715282244201568,299844507.0,260562981.2,1.0
2025-09-19,112.0051997795556,114.61898163003566,111.85999583154718,113.99942016601562,46393129,106.6268200683594,96.39031558990482,109.88173752395035,107.66754500451412,113.78871920916181,98.31931378034015,106.05401649475098,68.69149453700116,56.33822537385145,50.79482148074274,1.716984440426728,0.6497399940229978,1.0672444464037303,24.53021926714109,2.291409550645486,96.5417906244039,97.69452708293592,-4.6886396634984955,346237636.0,262911281.0,1.0
2025-09-22,113.8832429755166,115.89682130894496,113.55410419823274,115.07396697998048,31509156,106.75228134155275,96.47447010040287,110.92018341515637,108.34085609319287,115.212416489863,97.76106678650417,106.48674163818359,70.45165427945358,62.511812534847934,50.79482148074274,2.0721129380106618,0.9342145828205306,1.1378983551901312,26.92067270954259,2.295074376364539,96.5417906244039,96.54179062440389,-6.0240877710148855,377746792.0,267477759.0,1.0
2025-09-23,114.97715942353996,118.19113723769352,113.19592208869211,118.00720977783205,44544453,106.94550735473635,96.55688892364505,112.33758868769152,109.21961551906915,117.22512750789913,97.0145857794544,107.11985664367677,74.64251543223864,62.511812534847934,50.79482148074274,2.5607245716955163,1.2595165805955277,1.3012079910999885,29.567457657150698,2.48794157441003,99.99999999999999,97.69452708293592,-1.152881526866667,422291245.0,275078191.7,1.0
2025-09-24,118.78165454418034,120.5725819391102,118.34602794775438,118.98495483398438,55162500,107.12440597534183,96.6463460159302,113.6670619169501,110.1073736386069,119.104023927615,96.77172070129126,107.93787231445313,75.87100543180735,62.511812534847934,50.79482148074274,2.992354664427168,1.6060841973618558,1.3862704670653123,32.37842051513259,2.4934723306148956,99.99999999999999,98.84726354146795,-8.658920510443268,477453745.0,286787468.1,1.0
2025-09-25,118.9752722691354,119.3915408024871,117.33923892409533,117.56189727783205,30764727,107.25160980224614,96.72331398010257,114.44602898912649,110.78505760580919,120.24444623914795,97.25861696275638,108.75153160095216,70.51628959572734,62.511812534847934,50.79482148074274,3.1829052207554582,1.9214484020405764,1.2614568187148818,34.27885287861914,2.4619601554561013,93.23903157245624,97.7463438574854,-17.842799431142186,446689018.0,297667736.6,1.0
2025-09-26,117.47476797402496,117.66838554013172,113.74771660909084,114.30919647216795,25531804,107.27193923950199,96.78556053161624,114.41866248573479,111.10543386638726,120.5002936669704,98.38226324831282,109.44127845764162,60.07896138380632,62.511812534847934,50.79482148074274,3.036449834854224,2.144448688603306,0.8920011462509181,33.9503152654274,2.566153639426443,73.2996894143713,88.8462403289425,-37.63815442234751,421157214.0,307971395.9,1.0
2025-09-29,114.79322688309117,117.52317172859232,114.48344616962136,116.63255310058594,28333195,107.36777770996098,96.8561995315552,114.86144060870502,111.60789925131441,121.07041317714625,99.2971565555198,110.18378486633303,64.1596088126724,62.77852807477283,50.79482148074274,3.0724411600207446,2.330047182886794,0.7423939771339505,33.64524462460649,2.6124266120691515,53.30936311206275,73.2826946996301,-24.969336127788978,449490409.0,319233009.8,1.0
2025-09-30,117.37796630411368,120.47577359453872,117.05850285004496,119.75940704345705,47473634,107.54706359863285,96.94681858062748,115.84103389565543,112.34894541423645,122.13335919192804,99.93316531368723,111.03326225280763,68.78424419033547,62.77852807477283,64.63656497803179,3.315061559397094,2.527050058188854,0.7880115012082398,34.11276851423484,2.7003404607751254,47.97385199487732,58.19430150710378,-6.038817533349771,496964043.0,332409315.1,1.0
2025-10-01,120.33056426406232,120.52417444139314,117.30051402712652,119.80780792236328,38045288,107.77417175292972,97.04352077484134,116.63438870099701,113.02702382406616,123.14132736101489,100.41892196759842,111.78012466430665,68.85124434322216,62.77852807477283,64.63656497803179,3.471231326349482,2.71588631182098,0.7553450145285021,34.5581413338043,2.737720457453089,55.93107798965262,52.404764365530895,-5.741293922748591,535009331.0,346887275.8,1.0
2025-10-03,119.81748619591866,122.38286173003804,119.381859593377,121.87947082519533,34668909,108.1197711181641,97.1548803329468,117.68340512583669,113.83179173325972,124.10996960467101,101.3689862363935,112.73947792053225,71.65552150137614,62.77852807477283,64.63656497803179,3.719289223460038,2.916566894148792,0.802722329311246,35.38994129629062,2.7565262916822286,67.06795450531996,56.990961496616634,-3.4187807612424903,569678240.0,363746360.05,1.0
2025-10-06,121.97627364271142,123.86399873288,121.85042776528512,122.71200561523438,27335116,108.48686157226567,97.26685119628908,118.68912522371623,114.63908390434833,125.05998245710313,102.31831801897115,113.68915023803714,72.71848111320334,68.6487764553321,64.63656497803179,3.9376645480544994,3.1207864249299337,0.8168781231245656,36.46086847507758,2.7034580542474185,72.51018817573062,65.16974022356773,-7.7072249093883,597013356.0,381571736.45,1.0
2025-10-07,122.80881363196596,124.39644076763412,121.73426012863806,123.97048950195312,30539720,108.76856857299808,97.39530136108401,119.74539807936361,115.48739350413058,126.0763117581973,103.23327991660742,114.65479583740236,74.2881619906328,68.6487764553321,64.63656497803179,4.164274533522814,3.32948404664851,0.8347904868743043,37.558784698212506,2.7005096674437503,81.15128984599684,73.5764775090158,-2.8405583830574566,627553076.0,400517168.85,1.0
2025-10-08,124.39644007998636,124.4448463183662,120.71778753577036,122.01499938964844,38012061,109.0644094848633,97.52317974090579,120.19931834142058,116.08081222099584,126.35806656389884,104.69404372662852,115.52605514526368,67.76386614480677,68.6487764553321,64.63656497803179,4.1383683361586066,3.491260904550529,0.6471074316080774,37.96410189058178,2.773834604240329,72.89245350856538,75.51797717676428,-18.122751876104125,589541015.0,417917217.9,1.0
2025-10-09,122.45062697760252,122.93465982227649,121.50192673806444,122.1408462524414,16981691,109.36954376220706,97.65304248809817,120.58762392362475,116.63172440567271,126.729647882201,105.82586817004511,116.27775802612305,67.95889236607498,68.6487764553321,64.63656497803179,4.080949631139845,3.6091986498683926,0.4717509812714522,38.340467854924675,2.678041638524023,62.84606826829027,72.29660387428416,-18.30772696376436,606522706.0,435251036.1,1.0
2025-10-10,122.46030630650702,124.49325010636518,122.31509497998074,123.32188415527344,23836453,109.70449447631837,97.80418426513675,121.13447596995448,117.2399207465455,127.2471210561352,106.79147147316169,117.01929626464845,69.80513699395038,68.6487764553321,64.63656497803179,4.083670767534656,3.704093073401645,0.3795776941330109,39.06093731051587,2.654781796766862,53.3834448041038,63.040655526986484,-10.368522089996047,630359159.0,452836899.55,1.0
2025-10-13,123.23476501988112,124.28995307449463,122.3247809098437,123.56390380859376,21132831,110.08087844848633,97.94966693878177,121.62036153768236,117.81482829764079,127.39054825044704,108.26277816556862,117.82666320800783,70.18427608484745,69.63153880940736,64.63656497803179,4.058571564490222,3.774988771619361,0.2835827928708614,39.72994466213626,2.605523965901439,58.49236744194954,58.24062683811454,-8.226248687455884,651491990.0,472024083.05,1.0
2025-10-14,123.28316098483914,123.71879496562774,120.6209804055657,121.22118377685548,19638720,110.42880126953126,98.08591266632084,121.54052598551698,118.1244969775694,127.13602720858985,109.74771073696682,118.44186897277834,62.060876015912136,69.63153880940736,64.63656497803179,3.8057717696644318,3.781145371228375,0.02462639843605663,39.24919472872333,2.640687579770053,46.04302621621291,52.63961282075542,-30.45047814833648,631853270.0,489778650.35,1.0
2025-10-15,121.7826665059149,124.68686356994382,121.58904893685994,124.30931854248048,22108228,110.86481811523439,98.23535606384281,122.0942844969097,118.6867534834704,127.18642070723024,111.16684085893192,119.17663078308108,67.41487141456021,69.63153880940736,64.63656497803179,3.810685566763425,3.7870534103353855,0.023632156428039508,39.088957494709106,2.699615595007074,42.72262650175167,49.08600671997137,-3.4513205537363256,653961498.0,507883394.95,1.0
2025-10-16,124.87079744259373,125.98406706653935,123.12827626343142,123.30252838134766,20085575,111.24468719482422,98.38289638519291,122.3359332737973,119.10636938327742,127.28068660828518,112.14906421568946,119.71487541198732,64.23234599868024,69.63153880940736,64.63656497803179,3.690795046602318,3.7678017375887722,-0.07700669098645418,39.29759612511145,2.7107709670142786,31.136072745387047,39.967241821117206,-21.91452994515527,633875923.0,523236708.65,1.0
2025-10-17,123.3025273957355,123.47677951225884,120.62098134622356,121.48255920410156,20351565,111.59377166748047,98.52563591003423,122.16525845985815,119.32238663971597,126.79486692174011,113.6106933809943,120.20278015136721,58.82609798016697,69.63153880940736,64.63656497803179,3.4096206585863627,3.6961655217882905,-0.28654486320192785,38.052082811564844,2.721130052658636,26.95271175238398,33.60380366650756,-39.1414333433435,613524358.0,538920701.2,1.0
2025-10-20,122.16988460974274,125.31609803750142,122.08276224459792,123.51549530029295,27681896,111.95815155029297,98.67536254882816,122.43530582794511,119.70357833613205,126.73757045171317,114.61959736444899,120.67858390808108,62.61159965984472,66.75778630606086,64.63656497803179,3.3126427991978318,3.6194609772701987,-0.3068181780723669,37.4581134423259,2.8005878227115804,17.904253430257477,25.331012642676168,-27.657318981409507,641206254.0,553669132.1,1.0
2025-10-21,124.14474492054802,124.68685932393096,122.4118991259744,123.06050872802734,7993166,112.31285079956054,98.82159934997563,122.56034640796157,120.00875382630436,126.61156597261254,115.54425601835428,121.0779109954834,61.25423336376351,66.75778630606086,64.63656497803179,3.1626168546050195,3.5280921527371634,-0.36547529813214386,36.90657045660403,2.7630429923719357,13.395445478836582,19.417470220492678,-33.66776623857297,633213088.0,566442446.9,1.0
2025-10-23,123.5251804628196,123.79623767407053,121.8020247177916,122.20861053466795,34824359,112.66813095092773,98.96021213531498,122.48999923330287,120.20874079979195,126.64704693272265,115.92891513392775,121.2879810333252,58.68874026891532,66.75778630606086,64.63656497803179,2.94107625176882,3.4106889725434946,-0.46961272077467475,36.048634022326006,2.7081265612224357,13.395445478836582,14.898381462643545,-57.18476050954842,598388729.0,575247321.1,1.0
2025-10-24,122.46030754290396,122.8765760774128,120.74683455270775,121.68585205078124,17014666,112.98217132568361,99.09457561492923,122.32916979679855,120.34302364079097,126.67274105686018,116.17331073146993,121.42302589416505,57.10810890145263,66.75778630606086,64.63656497803179,2.6922864844301984,3.2670084749208357,-0.5747219904906373,34.67204364883965,2.6668133443283373,5.2346081393208665,10.675166365664676,-80.14442591494114,581374063.0,580443337.0,1.0
2025-10-27,122.21829090993096,125.82917172514814,121.7149000109648,125.0063247680664,30460506,113.36126586914062,99.26479377746584,122.86460079105214,120.76696010690691,126.94701570740403,116.64347882994949,121.79524726867676,63.780763043664116,66.92028633019873,64.63656497803179,2.731565413570209,3.159919862650711,-0.4283544490805018,34.367525723292935,2.7722780821882353,12.946514401661652,10.525522673273032,-18.230962135813055,611834569.0,588700614.55,1.0
2025-10-28,126.22608069242284,127.56201602879231,123.6703879433962,125.82917022705078,44849817,113.76765975952146,99.43660282135012,123.45751467825187,121.22716102691999,126.46654490085362,118.27594701198817,122.37124595642089,65.22453757999473,66.92028633019873,64.63656497803179,2.7968506463644474,3.0873060193934583,-0.2904553730290109,34.55110568400922,2.8522316538459416,33.6366462134997,17.272589584827408,-24.965234235982813,656684386.0,600476973.15,1.0
2025-10-29,125.73237515012056,126.23575866785234,124.202829604297,124.65782165527344,37842782,114.14539901733399,99.60596633911135,123.6975760736562,121.5390392658612,125.97579995626583,119.56921881204471,122.77250938415527,61.46821205719169,66.92028633019873,64.63656497803179,2.722686191729693,3.0143820538607056,-0.2916958621310126,34.72157279038863,2.7937100402537562,44.751277115628966,30.444812576930104,-41.840937450322905,618841604.0,608944532.9,1.0
2025-10-30,124.88046554635686,129.96281007440626,123.71878975139026,128.646240234375,93428789,114.60135787963867,99.80181404113772,124.68730890579997,122.185148444817,127.06155274321492,119.37214934418742,123.21685104370117,68.18655506910888,66.92028633019873,64.63656497803179,2.951716819716495,3.0018490070318635,-0.050132187315368615,35.73409746587217,3.040160774736774,60.04557164082307,46.144498323317244,-14.09327601446908,712270393.0,619709850.4,1.0
2025-10-31,127.19415208412806,134.17391229990793,127.0102172371774,132.61532592773438,80524287,115.09158660888671,100.03110527038575,126.27291231018685,123.13334639780949,129.2613453008376,118.45310858710185,123.85722694396974,73.19529490013974,66.92028633019873,70.58856310641777,3.414141192455986,3.0843074441166882,0.3298337483392979,37.3586790915611,3.3346989381648995,72.68877316231834,59.16187397292346,-11.499994129124158,792794680.0,632599117.85,1.0
2025-11-03,133.2735934275025,136.93288032492984,132.91541387150588,135.1419677734375,57720656,115.62053771972654,100.29316993713381,128.046723402837,124.2250392501393,131.82371103763532,117.21699254512839,124.52035179138186,75.80657262471642,74.21741224103856,70.58856310641777,3.939087373120458,3.2552634299174423,0.6838239432030155,39.21372096505847,3.4049028995242256,94.9074755935224,75.88060679888794,-10.97917814813416,850515336.0,646640972.65,1.0
2025-11-04,135.2387654734724,136.1971557643259,134.1254959082612,135.1419677734375,34484844,116.17291595458984,100.53327198028568,129.4657722769571,125.21748729771186,133.78913641672168,116.49456338186235,125.14184989929201,75.80657262471642,74.21741224103856,70.58856310641777,4.305480108705211,3.4653067656749963,0.840173343030215,40.93625984759174,3.309671253562832,99.99999999999999,89.19874958528024,-10.979178781270138,850515336.0,659316071.65,1.0
2025-11-06,135.77121332134752,136.2552461674129,134.40623715028062,134.79347229003906,22293737,116.74039611816404,100.76476234436038,130.5313122795735,126.08803138792342,135.31964850355348,116.04634957383912,125.68299903869631,74.6433680701254,74.21741224103856,70.58856310641777,4.515674434391329,3.675380299418263,0.8402941349730657,42.54321166128671,3.205338236674936,97.92638124035858,97.61128561129365,-13.115628276533487,828221599.0,669349497.8,1.0
2025-11-07,134.27070486716443,136.89416932045842,132.20873504402093,136.17779541015625,27498022,117.3570538330078,100.99083786010746,131.66060890569005,127.00528266267186,136.93194776915695,115.85032991028646,126.3911388397217,76.20527423127162,74.21741224103856,70.58856310641777,4.739326255443757,3.888169490623362,0.851156764820395,42.82297558515923,3.311059382372261,97.9263812403586,98.61758749357239,-4.6290435942454415,855719621.0,682658428.1,1.0
2025-11-10,136.73928052166366,138.04617512905892,135.4323859142684,136.53598022460938,28309612,118.03528060913085,101.21613422393804,132.63568316947394,127.87170971375708,138.3710528407351,115.85073823592508,127.1108955383301,76.60679451343529,76.0703586845271,70.58856310641777,4.8891157727438355,4.088358747047457,0.8007570256963783,43.29456821344406,3.2612543704021375,97.9263812403586,97.92638124035858,-8.729783067650798,884029233.0,696533754.45,1.0
2025-11-11,136.11004707386584,136.87481249844492,133.5446640353695,136.3714141845703,21813910,118.73693466186525,101.42584140777592,133.3828293724932,128.64441012019466,139.59681273170878,115.9299313478811,127.76337203979493,75.97248554536063,76.0703586845271,70.58856310641777,4.937628037830592,4.2582126052040845,0.6794154326265076,42.7821681418254,3.266175377021659,98.91563807479608,98.25613351850441,-9.681068114111069,862215323.0,708126562.65,1.0
2025-11-12,137.17490607964032,139.92420910932896,136.85544262758697,138.98519897460938,39711769,119.50635345458984,101.65595394134525,134.50330329291646,129.58448183423235,141.19641521250537,115.87245838368602,128.5344367980957,78.95328147893552,76.0703586845271,70.58856310641777,5.127874006117295,4.432144885386727,0.6957291207305687,42.918320538071384,3.286648201860015,98.91563807479606,98.58588579665023,-4.896447800751624,901927092.0,720648317.75,1.0
2025-11-13,138.91742479288948,140.3695233098883,138.43339195388984,138.8690185546875,27528003,120.24808532714844,101.89319587707523,135.37644634527067,130.428530627001,142.38881997771392,116.44483709626068,129.4168285369873,78.48719126511077,76.0703586845271,70.58856310641777,5.209221850836826,4.587560278476746,0.6216615723600798,43.12635875314674,3.1901827128699045,98.20443561550127,98.67857058836447,-7.646784667324081,874399089.0,732775608.7,1.0
2025-11-14,139.285298727287,141.70546299612914,138.7819004233449,141.40536499023438,26463777,121.02079544067384,102.14157745361332,136.5822300742634,131.42642466002224,144.0542994341239,116.48896228462615,130.27163085937502,81.10907451364707,76.0703586845271,70.58856310641777,5.415921195822108,4.753232461945819,0.6626887338762888,43.561601753506594,3.1711384171495003,99.28879754070519,98.80295707700084,-1.50119837103877,900862866.0,745120677.1,1.0
2025-11-17,141.91844094537188,145.51964661779382,141.5989774840994,144.3579559326172,44625403,121.81054336547854,102.41126407623295,138.13737524593418,132.60201841207632,146.05002537770173,116.59877909617518,131.32440223693845,83.61286836595481,78.51090897115559,70.58856310641777,5.751679547600958,4.952921879076847,0.7987576685241109,44.55090630047057,3.2385057893216396,99.28879754070519,98.92734356563722,-5.316842564264546,945488269.0,760701294.4,1.0
2025-11-18,144.7064581762018,145.87782418461603,143.6706355478202,144.24179077148438,29594222,122.64153106689454,102.70289325714117,139.35825835104424,133.66017953565887,147.49990848744142,117.4248191431738,132.4623638153076,83.1459470321535,78.51090897115559,70.58856310641777,5.939925143148173,5.1503225318911126,0.7896026112570604,45.51837936474455,3.1648402784269383,99.29716477677349,99.29158661939462,-7.383143963522842,915894047.0,775819778.85,1.0
2025-11-19,144.4354030362183,146.0617611333829,142.99299456152752,145.57772827148438,26500324,123.47871444702149,103.00171615600591,140.60215233513227,134.74359305709754,149.06920020342653,118.06175072430786,133.5654754638672,84.2361980247142,78.51090897115559,70.58856310641777,6.126290066803136,5.345516038873518,0.7807740279296187,46.059100376617664,3.157977870814684,99.2971647767735,99.29437569808405,-2.1663764126226948,942394371.0,790879184.7,1.0
2025-11-20,146.7490709846454,146.9523712742757,142.99298623953888,143.21563720703125,19144061,124.24987564086912,103.28821456909186,141.12484930951206,135.51377888890968,149.81994590237406,119.32651787326068,134.57323188781737,74.99838387668426,78.51090897115559,70.58856310641777,6.014058283137075,5.4792244877262295,0.5348337954108455,46.704960028975954,3.2152212396662647,71.40749535450574,90.00060830268424,-18.73786583080751,923250310.0,805381045.8,1.0
2025-11-21,142.60575917069826,143.4189308321658,140.3308135864848,141.1149444580078,22283701,124.98037826538085,103.56897583007819,141.1228683392112,136.0229757588277,149.85461673886198,121.18248042910672,135.51854858398434,67.86988389235798,78.51090897115559,70.58856310641777,5.690014492215795,5.521382488624143,0.16863200359165198,45.96029052612432,3.2061423829530327,38.77699724439891,69.82721912522604,-39.59285704763356,900966609.0,820509939.8,1.0
2025-11-24,141.3375885661555,143.8448751195297,141.1826945129754,141.98619079589844,35398447,125.67796630859374,103.84306533813482,141.29553283054867,136.5650862167432,149.5607860343728,123.5063450081076,136.5335655212402,69.17835799767438,78.03475019388476,70.58856310641777,5.440791691613839,5.505264329222083,-0.06447263760824384,45.36203081805288,3.1721272599936645,8.108638025445947,39.4310435414502,-33.683552692288856,936365056.0,838259489.45,1.0
2025-11-25,141.97650886075,144.6096485564377,140.6599390129061,143.94168090820312,24048863,126.38697753906249,104.12996963500983,141.82476244607957,137.23568573414863,149.70791872066116,125.25274793583299,137.48033332824707,71.94041955028034,78.03475019388476,70.58856310641777,5.33952185176355,5.472115833730376,-0.13259398196682604,44.97633428443483,3.2276688516749448,10.955449344994262,19.280361538279706,-20.420270271552564,960413919.0,855688456.95,1.0
2025-11-26,144.90975404230466,147.63001624040763,144.16433933247782,145.36474609375,30511761,127.14594116210938,104.43338180541997,142.53275917561368,137.97469122138511,149.85908044967675,127.05514379348728,138.457112121582,73.78176346612743,78.03475019388476,70.58856310641777,5.312851002274698,5.440262867439241,-0.12741186516454306,45.216112745915304,3.260573600284199,22.99619663026045,14.020094666900219,-14.689247396567762,990925680.0,872400521.65,1.0
2025-11-27,146.0810982180563,147.14597632373972,145.0646411198695,146.91363525390625,20130369,127.90587249755859,104.73411788940435,143.4089343912722,138.78732249706886,149.55778485404718,129.5820207489801,139.56990280151365,75.65440383616186,78.03475019388476,70.58856310641777,5.3549678366503315,5.4232038612814595,-0.06823602463112799,45.43876417443288,3.1763422862546298,36.18598346133915,23.379209812197953,-5.085999810818631,1011056049.0,892011243.9,1.0
2025-11-28,147.13630560905773,147.47511972859783,146.0133458935031,146.73939514160156,19414509,128.64837875366212,105.02001079559331,144.07502654133808,139.51023819202638,149.53060355765018,131.41851753609984,140.474560546875,75.00538717352119,78.03475019388476,70.58856310641777,5.313040585830322,5.401171206191232,-0.0881306203609098,45.7094180379912,3.05387311117178,42.42841450690854,33.87019819950271,-6.323030378235783,991641540.0,905979801.25,1.0
2025-12-01,147.14597662738788,148.7723198050503,144.822625010296,145.69387817382812,17845829,129.3115036010742,105.30520881652835,144.3987968678361,140.07238728128107,149.6691386651753,132.587837653184,141.12848815917965,71.06580692300875,80.50117414410343,75.47280930413726,5.136241066125251,5.348185178178036,-0.21194411205278474,46.20903105833584,3.1178603742848168,36.89681563629655,38.50373786818141,-25.8326202861601,973795711.0,915029852.8,1.0
2025-12-02,146.061748731312,149.28540909041718,145.7906915333851,147.17501831054688,42353933,130.02051467895507,105.60155086517337,144.95404115637825,140.71808101121434,150.19008049971276,133.2702008723575,141.73014068603513,73.21236029949291,80.50117414410343,75.47280930413726,5.057343891323882,5.290016920807206,-0.23267302948332436,46.768687382323236,3.151693984449405,31.92309641253025,37.082775518578444,-19.446990852666758,1016149644.0,923311568.2,1.0
2025-12-03,147.9204417405807,148.06564568680608,140.39856712439172,141.4150390625,43621493,130.56882705688477,105.87325191497806,144.2462407376026,140.7814408340585,149.92031443297688,134.16727406799973,142.0437942504883,55.857495720032354,80.50117414410343,75.47280930413726,4.478410792802578,5.127695695206281,-0.6492849024037035,44.61649852046451,3.4742214543040446,17.390190136346963,28.736700728391256,-74.93086622178168,972528151.0,929412208.95,1.0
2025-12-04,141.41503337045975,144.0384830367375,141.1536515062646,142.68319702148438,23552476,131.12101165771486,106.16568630218507,143.93363199437897,140.9543277601881,149.53783181366896,135.3387291604522,142.43828048706058,58.206494222475236,80.50117414410343,75.47280930413726,4.0749583072954465,4.917148217624114,-0.8421899103286679,42.61803743445284,3.432122174030391,13.640151325816968,20.984479291564725,-73.72987496792524,996080627.0,937805160.35,1.0
2025-12-05,142.97362060073317,144.67741085545654,142.00555493455883,143.89328002929688,23212483,131.63873306274417,106.4620682525635,143.92556160136257,141.221505239198,149.30258855247996,136.3455208835552,142.82405471801758,60.37339550513397,80.50117414410343,75.47280930413726,3.808955622039292,4.69550969850715,-0.8865540764678581,40.954607542986125,3.377817441663771,8.06343928137962,13.031260247847849,-60.21633315265178,1019293110.0,945983834.8,1.0
2025-12-08,143.75775891924528,144.14497929729222,137.43629097138586,138.27850341796875,27695937,132.02460403442382,106.73888099670411,142.79614996468382,140.95395961908625,149.07276798513996,136.74959377023114,142.91118087768555,47.950440139531345,75.85925887137003,75.47280930413726,3.1092396503846658,4.378255688882653,-1.2690160384979876,38.34619893177731,3.6157367905382425,8.06343928137962,9.922343296192068,-92.89219300438754,991597173.0,951362231.8,1.0
2025-12-09,137.99777151691777,141.811952822041,136.60375451489193,141.5215301513672,30373958,132.5037966918945,107.04639488220216,142.5412260020205,141.0055569402027,148.56207220608385,137.77530114596695,143.1686866760254,53.8564365992631,75.85925887137003,75.47280930413726,2.784299188072964,4.059464388720715,-1.2751652006477512,36.180835754068234,3.7294840417247306,12.410408461269594,9.512429008009612,-61.22134058148661,1021971131.0,959350022.2,1.0
2025-12-10,142.0152306238401,143.07041865741104,139.78867663184403,140.91163635253906,24139924,133.03584548950192,107.3533359527588,142.21530807212423,140.99701870496054,148.4067476379066,138.12326945193715,143.26500854492187,52.6465779317674,75.85925887137003,75.47280930413726,2.4493338027305356,3.7374382715226795,-1.288104468792144,33.72494570443425,3.697502469142037,12.756458928964609,11.07676889053794,-66.03060103875517,997831207.0,964145227.95,1.0
2025-12-11,141.047167127662,143.26404581486,140.6115405244013,142.11204528808594,19389862,133.54543533325193,107.66833511352539,142.19465551531658,141.09838475797193,148.17460838045048,138.6797113827331,143.4271598815918,54.79889269389132,75.85925887137003,75.47280930413726,2.2547430164490834,3.4408992205079603,-1.186156204058877,31.37562375074756,3.622859813521798,20.996498307869935,15.387788566034711,-56.564888750205796,1017221069.0,971286326.95,1.0
2025-12-12,142.3153341718304,143.07042424105757,141.056860570792,141.94747924804688,14181844,133.98919677734372,107.97825912475585,142.14522026186265,141.17557516616057,148.15910912866454,138.7494220603003,143.45426559448242,54.433619910428135,75.85925887137003,75.47280930413726,2.0634629953257786,3.1654119754715238,-1.1019489801457452,29.194110508038495,3.507910089003496,21.690963688931678,18.481306975255407,-57.86255885357436,1003039225.0,976395144.9,1.0
2025-12-15,141.4440824462568,144.1449792961629,141.33759462656815,143.55445861816406,16431186,134.46412979125972,108.28453578948974,142.42706793312294,141.39183729816088,148.10012770894568,138.72805374857384,143.41409072875976,57.418463802931996,72.76983853399773,75.47280930413726,2.0182765696080196,2.935984894298823,-0.9177083246908033,27.462953999337792,3.457872559045728,27.43248371523387,23.37331523734516,-45.190873463100544,1019470411.0,980094252.0,1.0
2025-12-16,143.5641490919684,144.14497966050237,141.81195250389845,142.47023010253906,14586929,134.8759449768066,108.58880249023437,142.43570036700618,141.48987300764978,148.01264719001398,138.638378200611,143.32551269531248,54.8097288640671,72.76983853399773,75.47280930413726,1.8733826328891894,2.7234644420168963,-0.8500818091277069,25.855451669368474,3.377526458871313,27.445521765546143,25.522989723237227,-53.740455926239775,1004883482.0,984543723.75,1.0
2025-12-17,142.30564975407253,145.96493670888506,142.21852739122212,145.41314697265625,26335842,135.32996780395504,108.90955951690674,143.03118968813618,141.84653427719581,147.98831933065816,138.64624793008403,143.3172836303711,60.10769705970788,72.76983853399773,75.47280930413726,1.9732752517895733,2.5734266039714315,-0.6001513521818582,25.05111405547512,3.4038752344992864,34.62345443245595,29.833819971078654,-30.534360439324182,1031219324.0,988984971.4,1.0
2025-12-18,146.08111072147958,146.87493169939026,143.5835141716639,145.0452880859375,16158407,135.75146377563473,109.23749591827392,143.43400936769646,142.13733007799053,148.14266442827798,138.67486792035484,143.4087661743164,59.173836427571736,72.76983853399773,75.47280930413726,1.999706363932944,2.458682555963734,-0.4589761920307902,24.620056087262135,3.395842541158364,38.04092770678528,33.36996796826246,-33.43507725453135,1015060917.0,993575501.75,1.0
2025-12-19,145.30666909451156,146.1585568753581,142.56704136046383,143.835205078125,26225514,136.18786788940426,109.56667163848877,143.5142485097822,142.29168235073,148.15590434270788,138.93365406793666,143.54477920532227,56.086870872565804,72.76983853399773,75.47280930413726,1.9010949854855426,2.347165041868096,-0.4460700563825535,23.721392307126507,3.4098191821395,40.523944606520224,37.72944224858715,-42.97707353432185,988835403.0,997968941.45,1.0
2025-12-22,144.53220897820378,145.693884839901,144.10625771556246,145.50027465820312,15647315,136.6550564575195,109.91613533020019,143.91145373946637,142.5833725605003,148.34931937287496,139.09164742400003,143.7204833984375,59.23795452901582,73.88117918405052,75.47280930413726,1.9349965217453757,2.264731337843552,-0.32973481609817634,22.88691879700057,3.299023509256392,55.83218044286348,44.79901758538966,-22.381743031106915,1004482718.0,1001374824.55,1.0
2025-12-23,146.0327071225825,146.41992746844076,144.83230041600697,145.42282104492188,16025851,137.09707519531244,110.26278186798096,144.21372720055746,142.84150424090225,148.48525728664785,139.10382352389902,143.79454040527344,59.02577609779169,73.88117918405052,75.47280930413726,1.9333276761971945,2.1984506055142807,-0.26512292931708625,22.40305464329272,3.1767809051976346,70.74020148277933,55.698775510721006,-14.137723732971608,988456867.0,1002776971.95,1.0
2025-12-24,145.95525895943425,146.3424793022689,144.65803979076864,144.890380859375,16461725,137.52360473632808,110.60433624267579,144.349057932321,143.0277657516725,148.432818268295,139.10882601881443,143.7708221435547,57.50105359793933,73.88117918405052,75.47280930413726,1.8675140909383572,2.132263302599096,-0.26474921166073884,21.855635859860953,3.0701850913621085,85.63035892547919,70.73424695037399,-19.321551993187537,971995142.0,1001830445.05,1.0
2025-12-26,145.01623654807952,146.03270842944062,144.20306495159446,145.27761840820312,12422858,138.00473342895503,110.93343429565431,144.53477002749742,143.23229781135709,148.17283594951823,139.20520665302087,143.68902130126955,58.343844062150374,73.88117918405052,75.47280930413726,1.8255592734377046,2.070922496766818,-0.2453632233291132,21.08348189604645,2.9815749761109696,83.84076527794355,80.07044189540068,-15.551414044320689,984418000.0,1000498542.6,1.0
2025-12-29,145.2679268301954,147.24278899771588,144.9871942954988,146.1004638671875,19512200,138.4405563354492,111.26510456085207,144.84790879543544,143.49304018006893,148.05771305425156,139.25643642084611,143.65707473754884,60.152149732458426,74.72985194286791,75.47280930413726,1.837524689235778,2.02424293526061,-0.186718246024832,20.90289303593422,2.9297192422614065,87.45670412577907,85.64260944306727,-10.737112774402501,1003930200.0,1001112975.6,1.0
2025-12-30,145.69388950033235,149.56615234419502,144.3579540923164,149.1111602783203,76140412,138.95672897338866,111.61337032318116,145.70055909201244,144.00377837081905,148.79098700573644,138.8648906798104,143.82793884277342,65.97257950005844,74.72985194286791,75.47280930413726,2.066128364732208,2.03262002115493,0.033508343577278055,21.599783485897483,3.092467742948351,95.16378568746,88.82041836372753,-4.653471706403279,1080070612.0,1006426720.65,1.0
2025-12-31,149.11115594390992,152.95437788644844,148.11404947232035,149.9630584716797,35538921,139.52633895874024,111.97771804809571,146.5530589679459,144.54553110726093,149.45511419034295,138.47956751131716,143.96734085083006,67.42259312821106,74.72985194286791,76.43470655199712,2.2896458767454533,2.084025192273035,0.20562068447241844,23.184164758949365,3.217314933746904,99.99999999999999,94.20682993774635,-24.235265579750177,1115609533.0,1011399715.1,1.0
2026-01-01,150.05017771087108,151.2893005773433,148.6464854543294,149.314453125,18111681,140.04231811523437,112.335131149292,147.10533779935673,144.97906947250993,150.20240339173688,138.52221971617325,144.36231155395507,65.14639047816473,74.72985194286791,76.43470655199712,2.386933006630443,2.1446067551445163,0.24232625148592657,24.655375941068968,3.1762792329802623,94.1586282151745,96.4408046342115,-30.59398582810643,1097497852.0,1017648200.15,1.0
2026-01-02,149.95337245459578,150.6987871867431,147.92044332807197,149.92433166503906,29236511,140.57959457397462,112.69942543029786,147.6691365724932,145.42863876273984,151.00720431617427,138.4415322560914,144.72436828613283,66.29852167273474,74.72985194286791,76.43470655199712,2.4846048807413865,2.2126063802638907,0.27199850047749585,25.560205962939634,3.147855277672466,91.18792721251685,95.11551847589712,-26.083349870819596,1126734363.0,1024180886.95,1.0
2026-01-05,150.534211327952,152.56715513873405,148.61744544192106,149.3047637939453,19385780,141.12151763916015,113.05856578826905,147.99626201678362,145.7810137655767,151.58563356898654,138.40425137974395,144.99494247436525,63.98454241058692,77.28989181212744,76.43470655199712,2.483389625661374,2.2667630293433874,0.21662659631798675,26.895991679868153,3.205130593325361,82.10183160509303,89.14946234426145,-32.7542161351939,1107348583.0,1028583660.6,1.0
2026-01-06,149.56615366080035,151.1344153994865,147.72683470237857,148.96595764160156,17196220,141.66711975097655,113.41792800903322,148.19020114174722,146.0705541179426,151.53412145734086,139.52450891375287,145.52931518554686,62.69587260704207,77.28989181212744,76.43470655199712,2.4271094948486507,2.29883232244444,0.12827717240421066,27.582290720843734,3.219591315024116,74.04401398210035,82.44459093323674,-37.150482363929385,1090152363.0,1033511420.1,1.0
2026-01-07,149.17892692392394,151.3957908276074,146.86525054381343,148.07533264160156,22810626,142.12849990844728,113.77283710479739,148.1672274417181,146.2528067110025,151.6525810249916,140.06142959512562,145.8570053100586,59.31403809009223,77.28989181212744,76.43470655199712,2.2843089992563534,2.295927657806823,-0.011618658550469618,27.702335474334202,3.3132305270791065,53.171049637127375,69.7722984081069,-46.97109054512314,1067341737.0,1035779950.4,1.0
2026-01-08,148.25925085980862,148.88850240570156,144.86134568942202,145.65516662597656,17324688,142.5250198364258,114.10125282287599,147.6648152785698,146.19847579418197,151.40564560505172,140.7827180424092,146.09418182373045,51.227678718896364,77.28989181212744,76.43470655199712,1.9533345812438085,2.2274090424942203,-0.2740744612504118,26.730882698734526,3.364225254879137,28.923811911217868,52.04629184348186,-70.27028769321586,1050017049.0,1038389242.5,1.0
2026-01-09,145.5970763723974,148.01724063903637,144.44509058954597,145.73260498046875,18132919,142.9465155029297,114.42879405975344,147.27837321894958,146.15612390202622,151.2514317831567,141.29898783354247,146.2752098083496,51.455728246992415,77.28989181212744,76.43470655199712,1.6779413352248866,2.1175155010403537,-0.43957416581546704,25.62044892466022,3.379077025922799,9.959053049705425,30.68463819935022,-81.61929049904126,1068149968.0,1040935687.45,1.0
2026-01-12,145.74229115825756,146.52642199604614,142.26693891031334,145.22921752929688,25793554,143.27817504882816,114.74587440490725,146.86854208101906,146.07185968632356,151.01496663977318,141.86362680505104,146.4392967224121,49.824809404498104,70.36479082968992,76.43470655199712,1.4028992935470512,1.9745922595416934,-0.5716929659946421,23.991611719793323,3.4419631730520845,0.46938506400273705,13.117416674975342,-72.28261489400539,1042356414.0,1042901546.9,1.0
2026-01-13,146.16824218116125,146.74907272562032,144.47412724301316,146.04238891601562,13262673,143.5467163085938,115.0493570327759,146.70331144801838,146.06918052538649,150.94007343405133,142.18731304055802,146.56369323730468,52.44686652236804,70.36479082968992,76.43470655199712,1.2362914308477286,1.8269320938029006,-0.5906406629551719,22.37870296432987,3.3586047665917333,5.436027756129023,5.288155289945728,-64.67395028750285,1055619087.0,1044708980.7,1.0
2026-01-14,146.46834506688438,149.6145586284567,145.59707706385035,148.9756317138672,21735599,143.82338958740237,115.38087039947511,147.15777550118815,146.3334033607029,150.93918323389025,142.83874340185187,146.88896331787106,60.47132880534701,70.36479082968992,76.43470655199712,1.3256602923125058,1.7266777335048218,-0.40101744119231597,21.833482278670722,3.405667395021349,25.133044643645423,10.346152487925727,-37.228246930492304,1077354686.0,1048332540.9,1.0
2026-01-15,148.9756317138672,148.9756317138672,148.9756317138672,148.9756317138672,0,144.10006286621095,115.71808467864992,147.52134674372397,146.57360593826328,151.15717628726054,142.9769988226027,147.06708755493162,60.471328805347,70.36479082968992,76.43470655199712,1.3805713912685178,1.6574564650575612,-0.27688507378904337,21.32720592770151,3.16240543823411,45.29944659516455,25.28950633164633,-37.228246930492304,1077354686.0,1050639309.0,1.0
2026-01-16,149.08211700663995,152.6833225731965,148.9369130610168,152.11216735839844,35174000,144.44643676757815,116.05971996307375,148.43951086665888,147.07711152191195,151.97027340661103,142.8705896304983,147.42043151855466,67.3119741412579,70.36479082968992,76.43470655199712,1.6580678718802062,1.6575787464220904,0.0004891254581158577,22.032065085001364,3.2041200149445093,73.4566051939851,47.963032144265014,-7.880377421856144,1112528686.0,1055512697.45,1.0
2026-01-19,152.42193951210623,154.019256759068,151.06665345848117,151.8507843017578,24657963,144.75989654541016,116.40308570861818,149.12176555367867,147.51108177462518,152.45272137041923,143.18969958905342,147.82121047973632,66.28254624965184,74.15956431472625,76.43470655199712,1.8357332140305118,1.6932096399437746,0.14252357408673721,23.028903329244663,3.186154535347533,84.46408495306832,67.74004558073932,-18.4514449423267,1087870723.0,1060464463.45,1.0
2026-01-20,152.47034152166117,154.00956237662228,148.17212762579945,148.77232360839844,35087078,145.00462341308594,116.72638626098635,149.05187716462262,147.62574012315002,152.5008498542583,143.46877600023387,147.98481292724608,55.51420953087769,74.15956431472625,76.43470655199712,1.7084344585352085,1.6962546036620614,0.0121798548731471,22.596552599469568,3.375531693595769,75.14258975082132,77.68775996595824,-44.64594319345749,1052783645.0,1062879509.8,1.0
2026-01-21,147.92043409506647,150.5245330538526,145.02591248733032,145.94557189941406,24315864,145.1961065673828,117.03041286468508,148.43061611158092,147.47299755735582,152.4702479929081,143.55165294703326,148.01095046997068,47.83016219968031,74.15956431472625,76.43470655199712,1.3637337649542474,1.6297504359204988,-0.2660166709662515,21.020010599412135,3.5271808988048052,42.01878845987447,67.2084877212547,-68.69865981806709,1028467781.0,1064880055.5,1.0
2026-01-22,147.14597812314912,150.6213302455007,147.14597812314912,149.74038696289062,18824351,145.41121032714844,117.33808643341067,148.69257028184285,147.67912386694988,152.52162445876093,143.985277091532,148.25345077514646,56.52919868987253,74.15956431472625,76.43470655199712,1.3808482834236884,1.5799700054211367,-0.19912172199744838,19.589033827177445,3.609222145039222,25.72893724273792,47.63010515114456,-36.408731037093226,1047292132.0,1068644905.0,1.0
2026-01-23,150.72782636959116,151.7733390970202,146.10047351041146,146.96205139160156,26875350,145.57307098388668,117.65051319122318,148.3464665037946,147.61393546010004,152.42107850224522,144.25426634638757,148.3376724243164,49.96079584217877,74.15956431472625,76.43470655199712,1.1568873245897748,1.4953534692548645,-0.3384661446650896,18.657098186510435,3.756625248008473,18.529539526690993,28.75908840976779,-60.04947669292543,1020416782.0,1070444844.1,1.0
2026-01-27,148.0172423317335,150.4858128662375,147.24280157476102,149.7791290283203,23086886,145.7405462646484,117.9923991775513,148.63299900869976,147.81077123902915,152.51102697879827,144.53218438594786,148.52160568237306,55.5948278456975,66.73082439266187,76.43470655199712,1.1929595777249347,1.4348746909488785,-0.24191511322394388,17.79172937731964,3.7399921213390055,31.814863755090983,25.357780174839963,-36.079076360217776,1043503668.0,1072423517.5,1.0
2026-01-28,150.52453476055973,153.1963906638734,147.4460782812002,152.7026824951172,28198960,145.90744079589842,118.33801506042484,149.44693570598324,148.25549044412807,153.10422901393432,144.29813457249148,148.7011817932129,60.55805494707027,66.73082439266187,76.43470655199712,1.4408442739402858,1.43606860754716,0.004775666393125766,17.874569444998876,3.8835864257200194,38.70822711246168,29.68421013141455,-11.202677470898536,1071702628.0,1072005118.3,1.0
2026-01-29,152.95437528904603,155.6552719987997,144.2417842915687,145.51963806152344,88706121,145.9329977416992,118.65243534088138,148.6614761770913,148.006776591164,153.05883164832122,143.89918989708897,148.4790107727051,46.73620363069883,66.73082439266187,76.43470655199712,1.0456296591905243,1.357980817875833,-0.3123511586853087,16.72290415999689,4.4214365172565175,35.0627180792365,35.19526964892972,-75.7049729065425,982996507.0,1065374467.0,1.0
2026-01-30,145.88748860611375,145.88748860611375,141.93777903282597,142.7122344970703,43411151,145.87568786621094,118.94291206359867,147.4716278410871,147.52545458261002,153.38055222391668,142.91724745870053,148.1488998413086,42.63990590587076,66.73082439266187,76.43470655199712,0.5001201506502468,1.186408684430716,-0.6862885337804692,16.13516630417336,4.387741735544465,21.77739385083651,31.84944634751156,-94.35424923369467,939585356.0,1057478842.2,-1.0
2026-02-02,136.5456728471187,142.2766201405812,134.5611351655548,141.79258728027344,32606697,145.84722686767583,119.21874382019047,146.33581972892438,147.00428482785216,153.61737453843,141.8672507057106,147.7423126220703,41.36102394543068,61.276051764850536,69.8036689446807,-0.006334885023505876,0.9478599705398717,-0.9541948555633776,17.27385653393135,4.656552992399541,0.0,18.946703976691,-65.71818903098374,906978659.0,1046491057.0,-1.0
2026-02-03,147.63001868046993,152.4703471617968,142.1894941943418,142.63479614257812,40510681,145.8776239013672,119.48939411163333,145.59561501165513,146.60705858373632,153.65589729734944,141.1617311816545,147.40881423950196,43.045728516997805,61.276051764850536,69.8036689446807,-0.33587319592280096,0.6911133372473371,-1.0269865331701382,16.36402570433722,5.086639198765529,2.163960033388958,7.9804512947418225,-61.72556838495975,947489340.0,1038498094.85,-1.0
2026-02-04,142.78968811035156,143.75775379245565,141.33758958719545,142.78968811035156,26421597,145.8936938476563,119.75465061187748,145.0344296313944,146.2600249043377,153.62732047290473,140.5726810529742,147.10000076293946,43.36797872930501,61.276051764850536,69.8036689446807,-0.5778748130622944,0.43731570718541085,-1.0151905202477052,15.33742688746818,4.896176699229434,4.74184224159295,2.301934091660636,-60.991279188876966,973910937.0,1032686023.55,-1.0
2026-02-05,143.2737260598088,144.8032716646502,142.85746489198715,143.55445861816406,16041047,145.88594940185547,120.0098057174683,144.73843542874835,146.01406433286738,153.5700001833909,140.17791394014426,146.87395706176758,45.02200619551123,61.276051764850536,69.8036689446807,-0.6998844177414014,0.2098756822000484,-0.9097600999414498,14.602358205979225,4.690277188877234,9.444280524140844,5.4500275997075835,-57.36576697257616,989951984.0,1028816535.9,-1.0
2026-02-06,143.2737263763778,144.43540228458684,140.234000610334,142.6057586669922,21884724,145.83076965332032,120.25246028900149,144.31190007639714,145.70421836324235,153.66854726187836,139.7744260657584,146.72148666381838,43.33131251785087,61.276051764850536,69.8036689446807,-0.8631798657431204,-0.004735427388585373,-0.8584444383545351,13.781758010025365,4.655357509261206,9.915644486839213,8.033922417524336,-61.863225004026404,968067260.0,1024719046.45,-1.0
2026-02-09,143.9029563420598,145.56803048086866,142.64448278472443,143.20594787597656,31077822,145.75661590576172,120.50377006530763,144.09070963631302,145.4771028644,153.70785213743576,139.4824554797518,146.59515380859378,44.745007122273236,61.14120217332856,69.8036689446807,-0.93340274576002,-0.19046889106287232,-0.7429338546971477,12.831669913112135,4.534422816733725,13.213641690323994,10.85785556710135,-59.017935747921534,999145082.0,1021268802.15,-1.0
2026-02-10,143.27371781435284,143.78679143291316,141.77321308564382,142.14108276367188,18264415,145.66464965820313,120.75003585815432,143.7007842617848,145.17382830978832,153.8078275653092,139.07366657531588,146.44074707031254,42.70925211247209,61.14120217332856,69.8036689446807,-1.0627301080567122,-0.3649211344616403,-0.6978089735950719,12.08224480396786,4.35436249748627,10.852239315752811,11.327175164305338,-64.06609259227476,980880667.0,1018195014.8,-1.0
2026-02-11,142.63479748707874,142.63479748707874,139.40146157623684,140.8632354736328,31370839,145.56803680419924,121.00327690124514,143.1332745041544,144.78195623377417,153.96043318766934,138.40314560871744,146.1817893981934,40.33755336296248,61.14120217332856,69.8036689446807,-1.2538806160922036,-0.542713030787753,-0.7111675853044506,11.916691203391728,4.2742891698688155,8.216915319665485,10.76093210858076,-70.12392420748048,949509828.0,1012889551.85,-1.0
2026-02-12,140.85356035256328,141.1439830189325,139.06263288621173,140.1855926513672,20031934,145.42824829101562,121.24415779113771,142.54373813359697,144.3641049990099,153.8429079855957,137.64166690454104,145.74228744506837,39.09763078335205,61.14120217332856,69.8036689446807,-1.4434101496216272,-0.7228524545545278,-0.7205576950670993,11.837480685307801,4.117650667215383,2.3410359079767113,7.136730181131669,-73.33639422994493,929477894.0,1005495712.25,-1.0
2026-02-13,139.2078479326731,139.2078479326731,136.9038468841729,137.24267578125,14139257,145.34480102539064,121.4662119293213,141.48352566312758,143.71670234284989,153.94080684814017,136.3704724487349,145.15563964843753,34.183335098995904,61.14120217332856,69.8036689446807,-1.8102154302067959,-0.9403250496849815,-0.8698903805218143,12.232170360013463,4.057943174356733,0.0,3.519317075880732,-87.28774428224513,915338637.0,997394909.8,-1.0
2026-02-16,136.49725919330555,141.5989693998866,135.67439746686964,141.1826934814453,18090364,145.31479095458985,121.71675121307375,141.42335922679115,143.486337900904,152.91920270739968,136.29912920178003,144.60916595458986,44.28096188325681,54.620924844460056,69.8036689446807,-1.762665842841045,-1.1047932083161944,-0.6578726345248507,11.922966233164772,4.191273799975322,12.76174918308897,5.034261697021893,-68.60948438783815,933429001.0,988439925.55,-1.0
2026-02-17,141.14397173144872,145.11303194938202,140.17590610197584,144.3482666015625,24239721,145.32389068603516,121.98680995941164,142.00834070174542,143.5646950555093,151.81284736431945,136.65523277484073,144.2340400695801,50.810662592378755,54.620924844460056,69.8036689446807,-1.4528001811310105,-1.1743946028791576,-0.27840557825185286,11.378785665858684,4.244548946220384,46.095082516422295,19.618943899837088,-53.602598137208716,957668722.0,981929825.5,-1.0
2026-02-18,144.72582319528718,147.6106548661001,144.6096600373315,147.08790588378906,26925046,145.50007873535156,122.26823043823242,143.02425373815416,143.88498694898928,151.55164953315287,136.74798883354637,144.14981918334962,55.65425247916566,54.620924844460056,69.8036689446807,-0.9749250882616991,-1.134500699955666,0.15957561169396683,11.418226341488085,4.1743946118144715,79.42841584975562,46.095082516422295,-30.05403743691889,984593768.0,978520331.65,-1.0
2026-02-19,147.28151637501992,147.71714298976374,144.0191396626038,144.64837646484375,15847818,145.56261566162112,122.55978973388672,143.34907828349208,143.95438599588513,151.44313975376136,136.7267790694809,144.08495941162113,50.85243646677022,54.620924844460056,69.8036689446807,-0.7840176034706872,-1.0644040806586703,0.28038647718798315,11.295839699206452,4.140366662910576,92.54524010723712,72.68957949113835,-43.67568321037454,968745950.0,975534240.1,-1.0
2026-02-20,144.43540306016536,149.56615435144252,143.67063763770358,149.22732543945312,35644772,145.7289294433594,122.86821575164794,144.5247277146843,144.4337441271186,151.3376128362867,136.78099983461178,144.05930633544924,58.15098971357609,54.620924844460056,69.8036689446807,-0.26023925583402274,-0.9035711156937408,0.6433318598597181,11.587552189788973,4.265734523684031,92.54524010723712,88.17296535474328,-19.308355771767783,1004390722.0,973389169.6,-1.0
2026-02-23,150.05018165410578,152.08312550770094,149.79848989294575,151.44419860839844,23618301,145.91557250976564,123.17978218078613,145.90862189342712,145.07105817087128,152.18719712155317,136.37963027102498,144.28341369628907,61.158393220137356,63.88861927291242,69.8036689446807,0.32993866825111695,-0.6568691589047694,0.9868078271558863,12.368338988165457,4.165024919724302,92.54524010723712,92.54524010723712,-3.8938234439171993,1028009023.0,973768781.65,1.0
2026-02-24,150.9698376499939,153.0511876946839,150.05017822164706,152.01535034179688,27666076,146.11692993164064,123.48359691619872,147.1299675831011,145.70235745913723,152.68042319430128,136.11002632962453,144.3952247619629,61.917713264329194,63.88861927291242,69.8036689446807,0.8341307565290776,-0.35866917581799995,1.1927999323470777,13.280213138546864,4.081880959246627,100.0,95.03016007149141,-5.961039635668786,1055675099.0,974377353.2,1.0
2026-02-25,152.46067308685548,154.50329231377424,151.8895030949747,153.85467529296875,34100843,146.32293426513672,123.78156150817871,148.47490912507465,146.4434772622128,152.9932845526583,135.91236425105265,144.45282440185548,64.3356953788781,63.88861927291242,69.8036689446807,1.366374061039437,-0.013660528446512554,1.3800345894859496,14.403527152287351,3.9770172635004055,99.99999999999999,97.5150800357457,-3.4447960227050656,1089775942.0,975281018.9,1.0
2026-02-26,154.28061712637597,157.68821233301085,151.61843660246018,153.8062744140625,37476276,146.54965515136723,124.06096633911133,149.54118218287223,147.1128224578355,154.37480357566042,135.35950886330446,144.86715621948244,64.22014249215371,63.88861927291242,69.8036689446807,1.7639415478964793,0.3418598868220858,1.4220816610743934,15.998652104141659,4.126500011146853,99.87225667062015,99.9574188902067,-17.63409905349501,1052299666.0,978746176.85,1.0
2026-02-27,153.80628637212163,153.81596171158105,151.59909771150146,152.34449768066406,23377836,146.68828216552737,124.32890338897705,150.10184528243062,147.58842929627446,155.35935193366817,135.3381868236561,145.34876937866213,60.67563722167158,63.88861927291242,69.8036689446807,1.938715177978935,0.6612309450534557,1.2774842329254792,17.472891750192556,3.9900974389277635,95.82607463242822,98.56611043434945,-24.274369003465168,1028921830.0,983213000.55,1.0
2026-03-02,145.50026975457075,151.26025740214243,145.50026975457075,148.65615844726562,28209294,146.7604995727539,124.58078189849854,149.81270791539762,147.68549558272818,155.65971531154983,135.7241805624736,145.69194793701172,52.762570880627955,65.84260313080131,73.13763242013871,1.759325972923648,0.8808499506274943,0.8784760222961536,16.942688332061312,4.193963902296732,83.03202424872654,92.9101185172583,-41.02902627584625,1000712536.0,987899694.4,1.0
2026-03-04,145.20985327551475,146.67162714741133,140.87292312704224,142.23788452148438,36072028,146.72855316162108,124.78841953277588,148.297743236615,147.1902582135242,155.66704145004317,135.6771632618709,145.67210235595704,42.399983190189,65.84260313080131,73.13763242013871,1.086730516502655,0.9220260638025265,0.16470445270012857,16.09299771683562,4.450340432148636,58.909911198621224,79.25600335992533,-70.18469041133875,964640508.0,988757252.8,-1.0
2026-03-05,143.27371736932344,144.9194260334529,141.09556963904654,143.76742553710938,24474731,146.6938961791992,125.00277030944824,147.39167969671388,146.8790916065774,155.66600669414774,135.7759717604421,145.72098922729492,45.16396922175368,65.84260313080131,73.13763242013871,0.6693985388836268,0.8715005588187466,-0.20210201993511978,15.303999288411761,4.405591572309902,41.761814160849845,61.23458320273253,-63.23659429566939,989115239.0,989517467.9,-1.0
2026-03-06,142.8671343035833,144.5709245763978,140.95036840022823,141.3085479736328,23417808,146.6116107177734,125.20912574768066,146.17505335209768,146.37267854903698,155.70626605763044,135.51112133250626,145.60869369506835,41.699736904786555,65.84260313080131,73.13763242013871,0.1386507902280414,0.7249306051006056,-0.5862798148725642,14.605049961403836,4.3495176154427355,21.222531211218197,40.63141885689642,-74.40629649598401,965697431.0,988304740.25,-1.0
2026-03-09,135.6744039543906,136.50694105957265,131.94735981713615,135.44207763671875,29651646,146.4226446533203,125.38241054534912,144.0284582090219,145.37898755700806,156.26333607154038,134.23768321556895,145.25050964355466,34.8345842872952,54.582037269383996,73.13763242013871,-0.7467378236602826,0.4305969193484279,-1.1773347430087107,15.63699430050009,4.707494082660874,12.139054257370042,25.041133209812692,-86.4234573527533,936045785.0,986703666.5,-1.0
2026-03-10,137.94936606903167,139.25626070881626,135.69377115300588,137.72671508789062,21772242,146.27162658691404,125.5717914199829,142.76810958479564,144.68332642345192,156.46583175516275,133.487264253138,144.97654800415037,39.043425406159486,54.582037269383996,73.13763242013871,-1.2496582478535174,0.09454588590803889,-1.3442041337615562,15.897303702044002,4.64368615333492,4.755573562182577,12.705719676923605,-77.54792593916507,957818027.0,984637313.75,-1.0
2026-03-11,138.43339053326844,139.11103354661185,134.5708031999463,134.95803833007812,13349850,146.04877807617186,125.74559989929197,141.20609533385215,143.7992093240543,156.9014732974478,132.3333182674936,144.6173957824707,36.0082291884154,54.582037269383996,73.13763242013871,-1.8503062047779792,-0.29442453222916476,-1.5558816725488145,16.324849456138335,4.636296452858535,6.081676046341845,7.6587679552981545,-88.30388965911189,944468177.0,982816689.25,-1.0
2026-03-12,134.17391253055345,138.29786711331118,131.9086275560428,135.85833740234375,21773776,145.78372161865232,125.92264820098875,140.13654374755046,143.07731187662606,157.16635394388493,131.56794781392756,144.36715087890624,37.704118208057885,54.582037269383996,73.13763242013871,-2.227994493415224,-0.6811385244663766,-1.5468559689488475,17.146084454289745,4.761506674602096,9.323965138273035,6.720404915599152,-84.67892372793494,966241953.0,983653295.5,-1.0
2026-03-13,134.56112477720217,135.20972698736006,130.04993532224304,130.3790740966797,21035474,145.39204193115236,126.06786094665526,138.18504981737632,141.92292662390366,158.03023680143573,129.72341310090795,143.87682495117184,32.12422364812115,54.582037269383996,73.13763242013871,-2.9356061001393243,-1.1320320396009662,-1.8035740605383581,18.187445198171268,4.836284917851997,4.568391576090457,6.658010920235112,-98.80911977867358,945206479.0,984439724.75,-1.0
2026-03-16,130.20483271767654,131.05673523483148,127.30063570538636,130.21450805664062,28679443,145.01004302978515,126.20052185058593,136.59094146522918,140.85852493597065,158.68556361953102,128.36526951035177,143.5254165649414,31.97118585985962,46.162031935599245,73.13763242013871,-3.469676232816454,-1.599560878244064,-1.8701153545723899,19.5411827482438,4.759128818680078,3.2422890919311897,5.711548602098228,-90.4109748962168,916527036.0,984499144.7,-1.0
2026-03-17,130.68886873698946,132.47979618013747,129.4013395909253,132.21841430664062,21872417,144.65592468261718,126.34418357849121,135.71643603351146,140.07306033330428,159.0379097035291,127.1164955088732,143.07720260620115,35.971215084376034,46.162031935599245,73.13763242013871,-3.6887110093262834,-2.017390904460508,-1.6713201048657753,20.38351604040487,4.639080802289514,4.119769138028453,3.9768166020167,-83.81648309268711,938399453.0,984747667.3,-1.0
2026-03-18,132.8670216065394,133.9609406096734,132.06352527706608,133.11871337890625,18020962,144.3322036743164,126.4735150527954,135.19689150259043,139.44084697381356,159.0673066675607,125.96414322257604,142.51572494506837,37.74237152785529,46.162031935599245,73.13763242013871,-3.7464641303503754,-2.3632055496384816,-1.3832585807118938,20.74069107139712,4.443247554455072,10.085011914509895,5.815690048156513,-80.85376223048058,956420415.0,984685251.95,-1.0
2026-03-19,129.5271955241947,131.75374962132753,127.68786180416733,128.67529296875,18150227,143.92639038085937,126.57090980529786,133.89257179582236,138.46216024608051,159.09689616889466,124.09329242973813,141.5950942993164,32.90452025738578,46.162031935599245,73.13763242013871,-4.10347844158855,-2.7112601280284956,-1.392218313560054,21.743767878875524,4.513790698761062,11.168855886723733,8.457878979754028,-94.81561243847241,938270188.0,982369072.95,-1.0
2026-03-20,130.20483593111493,135.37430319541085,130.20483593111493,132.0828857421875,30539089,143.60654144287108,126.68968826293947,133.5306345850954,137.88222620027204,158.90385629619516,123.02978323017203,140.9668197631836,39.32741483365721,46.162031935599245,73.13763242013871,-4.064596459160896,-2.981927394254976,-1.0826690649059199,21.703551083074803,4.669877807896761,18.842799972464828,13.365555924566152,-80.04037752629199,968809277.0,982372239.3,-1.0
2026-03-23,129.7207984271057,129.7207984271057,124.89983557680765,125.4225845336914,22467854,143.20188980102537,126.76857646942139,131.90902457481462,136.74953150331015,158.5455721946552,121.00759324113582,139.7765827178955,32.732014887601274,47.52114011329081,73.13763242013871,-4.519119259256769,-3.289365767255335,-1.229753492001434,22.43963271430821,4.849390119145553,14.799893589730356,14.937183149639639,-97.59896214701239,946341423.0,979469774.35,-1.0
2026-03-24,128.75273002267446,130.29195084394868,127.3490378000374,128.89793395996094,22308902,142.8651963806152,126.86923393249512,131.3068064518439,136.03574990846022,157.1743655454518,120.12417342549553,138.64926948547367,38.52537975922108,47.52114011329081,73.13763242013871,-4.546491079922816,-3.5407908297888313,-1.0057002501339851,22.975302148505268,4.850816989939247,30.276097939825178,21.306263834006785,-80.02907006608534,968650325.0,976501839.45,-1.0
2026-03-25,130.49526384461615,133.19616074191677,129.9918655271171,132.17001342773438,21680573,142.604012298584,126.98938266754149,131.47944784702202,135.6843193193033,155.27121876372524,120.04278651581576,137.6570026397705,43.462451987918946,47.52114011329081,73.13763242013871,-4.255103790081847,-3.6836534218474344,-0.5714503682344128,22.73886657481503,4.811346260797575,51.81571804938896,32.297236526314826,-63.041304672668595,990330898.0,973234629.4,-1.0
2026-03-27,130.49525602620804,130.5436622642904,125.58715596055266,126.28416442871094,44250226,142.2088478088379,127.07084980010985,130.4403911633598,134.8297597837949,152.83910314638507,119.71785104673017,136.27847709655762,37.61106042117595,47.52114011329081,73.13763242013871,-4.447844109472328,-3.8364915593724134,-0.6113525500999146,23.175604862256954,4.9378827755392996,66.25326894878341,49.448361645999185,-90.35742645418854,946080672.0,966049865.9,-1.0
2026-03-30,123.8252851368822,124.31899331778432,119.07207908514998,119.50770568847656,34665726,141.6194892883301,127.11810752868652,128.25385406838316,133.4368457751296,150.5761988962831,118.55089842427353,134.56354866027831,32.23089457970049,43.4966020904444,73.13763242013871,-5.08873600725309,-4.086940448948549,-1.0017955583045408,24.364301877063422,5.100325816112275,50.446571669915514,56.171852889362626,-97.8417425514255,911414946.0,959005629.9,-1.0
2026-04-01,123.931772570899,125.3645056422158,122.26669841848624,123.2347640991211,29217022,141.10467193603517,127.18713138580321,127.25003607453075,132.50938380458336,147.52832534193305,118.68779862046932,133.1080619812012,37.524346538396365,43.4966020904444,52.04251315204895,-5.235552794611095,-4.316662918081058,-0.9188898765300371,25.209012895444673,5.15435968308563,33.22159000892188,49.97381020920693,-79.2270349135399,940631968.0,954591136.8,-1.0
2026-04-02,120.1950362928848,123.6316649659294,117.90071801213722,122.98306274414062,29741553,140.52208984375002,127.26167243957518,126.39664140845272,131.64335461727038,144.92764819166737,118.72116620042247,131.82440719604492,37.312381501949496,43.4966020904444,52.04251315204895,-5.3109945133702325,-4.515529237138893,-0.7954652762313392,26.469569488019218,5.195544488136099,32.35519601340691,38.67445256408143,-75.08306329088465,910890415.0,950100030.75,-1.0
2026-04-06,123.13795196100769,126.80692917274688,121.11469822808048,126.34224700927734,26453809,140.0119190979004,127.3538806915283,126.38576252861765,131.16143574381647,143.38004314852046,118.6792074923487,131.02962532043458,42.0196090102819,41.3496969174149,52.04251315204895,-5.041608003915698,-4.620744990494254,-0.42086301342144417,26.868273639389,5.231022092173976,60.749846122731725,42.10887738168684,-51.689771111078706,937344224.0,948735216.55,-1.0
2026-04-07,125.6549309802016,126.56491510284468,124.29963013550604,125.37418365478516,16070269,139.54395629882814,127.44231349945066,126.18344675385116,130.6353219175409,141.1347944935413,119.08513195909542,130.10996322631837,41.06266789020623,41.3496969174149,52.04251315204895,-4.850320402235113,-4.666660072842426,-0.18366032939268706,27.238498922803796,5.01918372611431,71.01364505889364,54.70622906501075,-57.22992411539093,921273955.0,945343152.35,-1.0
2026-04-08,131.63757391631577,135.27751051728663,130.35004472198412,134.7450714111328,34185753,139.3199462890625,127.587329788208,127.8957716853075,131.00893550786742,139.74244634702885,119.82113244935786,129.78178939819335,52.37032155276105,41.3496969174149,52.04251315204895,-3.897641686426482,-4.512856395559237,0.6152147091327551,25.75239221850149,5.368051092999107,88.8534850946005,73.53899209207529,-3.601045679397019,955459708.0,944831266.2,-1.0
2026-04-09,134.08676618878405,136.06162836215998,132.68307396812045,133.5059356689453,22775497,138.9952572631836,127.73103912353513,129.01780448203505,131.23593552251086,139.44971726821473,119.92024733139465,129.6849822998047,50.97753773700706,41.3496969174149,52.04251315204895,-3.2056718493557526,-4.25141948631854,1.0457476369627878,24.23212689925278,5.225944185930566,90.73358151777052,83.53357055708821,-14.072492204177767,932684211.0,944663187.5,-1.0
2026-04-10,135.3646193784917,136.12938472990848,134.59983925556566,135.6743927001953,20916386,138.76950408935548,127.90170906066892,130.3491221256671,131.63943162957307,139.0292336881492,120.13549867269067,129.58236618041994,53.31729654005887,41.3496969174149,52.04251315204895,-2.4540160389088044,-3.8919387968365933,1.437922757927789,22.807658034831274,5.040051677004324,97.69476424260226,92.42727695165776,-2.4960247326788476,953600597.0,944452316.0,-1.0
2026-04-13,130.68887377341144,134.89027550363113,130.30165338935382,134.33848571777344,20752320,138.46069122314452,128.0544214630127,131.14699484408837,131.88480018304583,138.9278353219519,120.1749417776575,129.5513885498047,51.6807993145449,51.30158100870642,52.04251315204895,-1.9437139975391915,-3.5022938369771133,1.5585798394379218,22.20172924026816,5.063815079421264,95.10779337769681,94.51204637935652,-9.8246297431566,932848277.0,943871321.0,-1.0
2026-04-15,137.17491071903015,139.08200138512973,136.06164104030677,137.18460083007812,24167224,138.15032958984375,128.21846027374266,132.35451604128633,132.36660024186693,139.19849071177597,120.03691273060682,129.6177017211914,54.85966963174217,51.30158100870642,52.04251315204895,-1.294713597222028,-3.0607777890260963,1.7660641918040683,20.829057732867984,5.040936549988052,97.41302913509453,96.73852891846452,-8.957911197538248,957015501.0,943409998.4,1.0
2026-04-16,137.27172088644673,138.64637242461052,135.34526480223633,136.52630615234375,25681786,137.97046295166015,128.36570308685302,133.18887406349782,132.74475532463754,139.99084081306765,119.8592858348816,129.92506332397463,53.9751659962756,51.30158100870642,52.04251315204895,-0.8239964647446811,-2.6134215241698135,1.7894250594251324,19.678678154483013,4.916663055158491,96.11011041997423,96.2103109775885,-12.065818618170487,931333715.0,942716360.2,1.0
2026-04-17,136.5456626126645,138.23977749676328,135.4130275770196,137.82350158691406,13628290,137.872688293457,128.5189478302002,134.11579956818107,133.20645953029904,140.97446572172262,119.63656027925398,130.3055130004883,55.49780726228377,51.30158100870642,52.04251315204895,-0.3423307397924873,-2.1592033672943485,1.8168726275018612,18.610468545982684,4.767383545486005,98.69708128487972,97.40674027998281,-5.941565371909119,944962005.0,944138108.65,1.0
2026-04-20,138.23978323801032,139.87581661461346,136.79736004475737,138.18170166015625,21390225,137.80047058105464,128.67224105834964,134.9289799865761,133.65875426937697,141.81713957251802,119.39021516381015,130.60367736816409,55.931358044661025,52.76325650427198,52.04251315204895,0.06751826126679816,-1.7138590415821193,1.7813773028489175,17.282857547968863,4.646745904369583,98.6970812848797,97.83475766324455,-7.709248477575914,966352230.0,945535747.5,1.0
2026-04-21,138.82061537354673,140.32112016179113,138.2785009453705,139.6531524658203,14365044,137.7408377075195,128.8333271408081,135.87381448242496,134.20369955996273,142.81321210390468,119.04758654111487,130.93039932250977,57.752180590178355,52.76325650427198,52.04251315204895,0.5052362806537758,-1.2700399771349404,1.7752762577887162,16.14372775421422,4.467651089888532,99.99999999999999,99.13138752325314,-2.9792850793317616,980717274.0,946750590.45,1.0
2026-04-22,139.27560839372143,142.19917096183042,138.5592492250564,140.59217834472656,18626914,137.69688751220698,128.98352252960206,136.8174872548853,134.7844703585776,144.10751412745964,118.94497305515755,131.5262435913086,58.91871739829571,52.76325650427198,52.04251315204895,0.9173281177425849,-0.8325663581594354,1.7498944759020203,15.48214370831141,4.408527564666068,99.99999999999999,99.56569376162655,-6.613559391747803,999344188.0,949804290.45,1.0
2026-04-23,139.8854974991486,139.96294452986092,135.7325020313376,136.3714141845703,22459475,137.55322662353512,129.10670890808106,136.7282726408223,134.9287379791224,144.50671051755447,118.97462950930098,131.74067001342772,51.97225177768152,52.76325650427198,52.04251315204895,0.8930390757029443,-0.4874452713869595,1.3804843470899038,14.52229948202527,4.440752475289133,89.28328916428492,96.42776305476163,-23.984065114456964,976884713.0,950208062.25,1.0
2026-04-24,136.81671815065067,137.3297917561681,133.73826174603653,136.35205078125,18904603,137.42815246582026,129.23555843353273,136.65302826890783,135.05813005204308,144.84848728726158,119.72579936434973,132.28714332580566,51.941996263926406,52.76325650427198,52.04251315204895,0.8622874570229158,-0.21749872570498446,1.0797861827279003,14.048469217989767,4.380093727777879,76.25927895193162,88.51418937207217,-27.731877644826884,957980110.0,950789996.6,1.0
2026-04-27,136.68119500304155,137.87191164714983,135.34525964479178,136.0325927734375,13700038,137.28468536376948,129.36314949035648,136.52894116981378,135.14671757216985,145.20519076088965,120.08256177206937,132.6438762664795,51.410256013615545,51.620817575235435,52.04251315204895,0.8028838411145216,-0.013422212341083234,0.8163060534556048,13.476190963282077,4.247705033105034,62.24262616192799,75.92839809271484,-34.45104122069933,944280072.0,949571483.95,1.0
2026-04-28,131.91832069099593,133.94157451429226,131.86023911084553,132.72181701660156,22276591,137.09630004882808,129.4731702041626,135.76751633917135,134.9262720671182,145.23082243084562,120.11211046100007,132.67146644592285,46.138611783598,51.620817575235435,52.04251315204895,0.483085405414613,0.08587931121005601,0.397206094204557,13.657715530900763,4.242322792354101,39.62600366430972,59.37596959272311,-79.65824708806073,922003481.0,946155113.1,1.0
2026-04-29,132.97349759899765,135.04515748860769,131.86990335446723,132.68307495117188,18218577,136.93269683837886,129.5832876586914,135.15062806157147,134.7223450565776,145.1863890484419,120.79643489564994,132.9914119720459,46.0790678257504,51.620817575235435,52.04251315204895,0.22393529353095687,0.11349050767423619,0.11044478585672068,13.53657988544666,4.166103602481698,19.316680543329692,40.39510345652246,-79.98387859222687,903784904.0,944040324.7,1.0
2026-04-30,132.3442643103442,132.3442643103442,129.19805088129468,130.35003662109375,20009501,136.7359857177734,129.68449890136716,134.19050977347592,134.3248624715336,144.05365143767133,123.01340559968217,133.53352851867675,42.52034819083931,51.620817575235435,56.50360320237599,-0.1677658323503124,0.057239239669326474,-0.22500507201963887,13.949383731453258,4.11745506443852,0.0,19.64756140254647,-91.13933466760503,883775403.0,942658347.55,1.0
2026-05-01,130.35003662109375,130.35003662109375,130.35003662109375,130.35003662109375,0,136.59813293457026,129.78464527130126,133.4224151429995,133.96351466694816,143.37318876273238,124.40539552681841,133.8892921447754,42.52034819083932,51.620817575235435,56.50360320237599,-0.4727423175011438,-0.048757071764767596,-0.4239852457363762,14.332701588459384,3.82335113126434,2.888672350162777e-14,6.43889351444324,-91.13933466760503,883775403.0,939815519.3,1.0
2026-05-04,131.018003475918,133.3800860605169,129.8950437600415,130.49525451660156,11387717,136.38438415527338,129.89311702728273,132.83698301771992,133.64821828964392,142.43400143199088,126.09580203480598,134.26490173339843,42.839030027131734,47.13745856359795,56.50360320237599,-0.6947122977639708,-0.17794811696460824,-0.5167641807993626,13.844994117543605,3.7991862147794166,0.6477917250201021,0.2159305750067103,-90.02237017063662,895163120.0,939029154.55,1.0
2026-05-05,130.66950680109005,131.00833571182787,128.8785940812904,130.02090454101562,11758309,136.09783691406244,130.00149200439455,132.27376732237906,133.31846249431408,142.00986809804422,126.88780112192644,134.44883460998534,42.01951366098652,47.13745856359795,56.50360320237599,-0.8985433367885491,-0.32206716092939647,-0.5764761758591527,13.62023186915727,3.6799401730478487,0.6477917250201021,0.43186115001341097,-91.4244670484653,883404811.0,936332183.9,1.0
2026-05-06,132.8476440947083,133.94156299852585,130.21450436319822,133.63177490234375,23655306,135.82871429443355,130.1194507598877,132.545368838372,133.3469454404986,141.12712021427134,128.59630813045518,134.86171417236326,49.87964554766145,47.13745856359795,56.50360320237599,-0.7599535711686656,-0.4096444429772503,-0.3503091281914153,12.6493951903953,3.697134336223733,16.151740922582427,5.81577479087421,-64.31700470872809,907060117.0,935621492.0,1.0
2026-05-07,134.3675155728598,134.46431327524118,131.2116120907327,131.5891571044922,25338776,135.56752990722651,130.2213880157471,132.35412649159605,133.18714650086164,141.13837783571347,128.26945907834903,134.70391845703125,46.07452237334891,47.13745856359795,56.50360320237599,-0.8056552763245293,-0.4888466096467061,-0.31680866667782315,11.87828350203736,3.665389111101215,23.502370849840077,13.433967832480867,-79.65130904231604,881721341.0,931934573.65,1.0
2026-05-08,130.68886892093303,131.36651195362842,129.52719304038234,130.04994201660156,16998224,135.18398223876952,130.3051741027832,131.89328959659716,132.90194609320162,141.2790293273865,127.78320822144163,134.53111877441407,43.38845774508513,47.13745856359795,56.50360320237599,-0.9550665876450353,-0.582090605246372,-0.37297598239866325,11.330900701799544,3.5508587506018316,26.202585024381968,21.952232265601488,-91.20647742349372,864723117.0,928536518.95,1.0
2026-05-11,128.7720969528026,134.94834575775553,124.473883101566,125.2967300415039,71593041,134.6610328674316,130.37245460510255,130.5739776855785,132.21056281577455,141.89118796076002,126.13328332219895,134.0122356414795,36.34246011689446,46.91804453252921,56.50360320237599,-1.4404163869763522,-0.753755761592368,-0.6866606253839842,11.927061091166998,4.045401886715239,10.698635826819615,20.134530567013886,-95.35777953833677,793130076.0,920512992.9,-1.0
2026-05-12,123.5832698181435,128.12350027825036,123.36061145919314,125.85821533203124,29525188,134.13789016723632,130.44777011871338,129.63082521486905,131.6330766808888,142.26554689352307,124.91089735086167,133.58822212219238,37.63092755825904,46.91804453252921,56.50360320237599,-1.759470350319475,-0.9548986793377895,-0.8045716709816856,12.692266404354083,4.096650953311095,5.4481020315442,14.11644096091526,-84.95630787427855,822655264.0,915003342.25,-1.0
2026-05-13,126.29385463023904,127.0102137769385,123.81560147658438,125.13216400146484,21722400,133.56343994140624,130.53116893768308,128.7310929721882,131.042084619123,142.2644812488432,123.7067193126802,132.9856002807617,36.599329877117185,46.91804453252921,56.50360320237599,-2.0473090847181936,-1.1733807604138704,-0.8739283243043232,13.402814195170663,4.032219620957026,3.2967711866125087,6.481169681658775,-87.79191030902962,800932864.0,907199210.4,-1.0
2026-05-14,125.75172852501652,128.7043318644036,123.16700226427852,126.66171264648438,27954529,133.02054870605465,130.6414799880981,128.31721690704745,130.64386898524674,142.02407060940897,122.96067060152853,132.49237060546875,40.311571453170586,46.91804453252921,56.50360320237599,-2.1274773284795003,-1.3642000740269964,-0.7632772544525039,13.52719732760522,4.139727476611887,12.077332863718512,6.940735360625073,-76.2343970220137,828887393.0,902076894.3,-1.0
2026-05-15,127.18447387308213,127.18447387308213,123.71879696316348,123.9801788330078,38366481,132.45326232910156,130.73959346771235,127.44980929223954,130.03807897140683,141.70509715106445,121.89531178448239,131.80020446777343,36.29884249597532,46.91804453252921,56.50360320237599,-2.379953979470372,-1.5673508551156714,-0.8126031243547005,13.642695950580165,4.091581007562369,9.329445006716204,8.234516352349075,-93.15401631506124,790520912.0,894354839.65,-1.0
2026-05-18,122.9443439646206,122.9443439646206,120.04014686309417,120.91140747070312,22211890,131.89836730957032,130.7947248077392,126.14212892793226,129.20838156225196,141.48918520902308,120.38419430757844,130.93668975830076,32.3322957354189,42.59892597296978,56.50360320237599,-2.7954436126587723,-1.8129694066242916,-0.9824742060344807,14.558435921593503,4.080756076301745,8.780561677106004,10.062446515846906,-94.19353555053452,768309022.0,884452679.25,-1.0
2026-05-19,121.09533580625006,122.7120111509522,121.09533580625006,122.12149047851562,18723002,131.49603942871093,130.86921749114984,125.33800123804893,128.56411873645774,140.47568273504788,119.64453058282324,130.06010665893555,35.33309662696837,42.59892597296978,56.50360320237599,-2.992581933050303,-2.048891911909494,-0.9436900211408092,15.408765894677316,3.9178880480122684,5.700387662825014,7.936798115549073,-86.03893313922187,787032024.0,874768416.75,-1.0
2026-05-20,121.00820897966445,123.91240599517636,119.72067986353962,123.58326721191406,21282627,131.09235626220703,130.95271316528314,124.98705443282196,128.11131405240832,138.7447467952696,119.67457540932023,129.20966110229492,38.86029313339784,42.59892597296978,56.50360320237599,-2.9963225650739957,-2.2383780425423945,-0.7579445225316013,16.485414150872543,3.9374479111283023,18.10111572685142,10.860688355594146,-74.63440966457233,808314651.0,865216939.9,-1.0
2026-05-21,124.88047594019156,125.4322804823453,123.234767196057,123.88336944580078,18615692,130.7438526916504,131.03925827026362,124.76631743541773,127.72695545180763,137.77496642152406,119.39555130918883,128.58525886535645,39.58880707779785,42.59892597296978,56.50360320237599,-2.941167354240349,-2.3789359048819856,-0.5622314493583636,16.91574100568432,3.8131668664968736,31.885744972908434,18.56241612086162,-72.66363990923702,826930343.0,857719221.4,-1.0
2026-05-22,123.90272185142346,124.66749460970682,123.58326579654955,124.1350555419922,18634807,130.51771224975587,131.13621002197257,124.64006505673262,127.40041909636986,136.59701645015662,119.35180175663055,127.97440910339358,40.232024416094625,42.59892597296978,56.50360320237599,-2.8443594821902707,-2.472020620343643,-0.3723388618466279,17.315330228009543,3.6182427198297593,41.191856420971355,30.392905706910398,-71.01081866966004,845565150.0,852098473.4,-1.0
2026-05-25,126.6229896757313,129.9144069693665,125.84853420325553,129.4303741455078,27988813,130.35178543090822,131.26423667907707,125.59812687448766,127.58496046447331,135.43316328115736,119.85543306283684,127.6442981719971,51.84835609001852,42.7437621585303,56.50360320237599,-2.313679927657617,-2.4403524818064377,0.12667255414882073,16.19049116006807,3.772607627511512,62.12446169027828,45.06735436138602,-36.23648989004723,873553963.0,848562167.95,-1.0
2026-05-26,130.030583756833,131.17289412084503,128.34614422676293,128.89793395996094,23285321,130.23058334350588,131.39618396759028,126.25808829158233,127.70432169133582,134.89727934037467,120.00892869795543,127.45310401916505,50.779661349715994,42.7437621585303,56.50360320237599,-1.914012486028554,-2.335084482650861,0.4210719966223073,15.485681724011231,3.7050463608379824,79.84784051401141,61.05471954175368,-39.733021723918874,850268642.0,844975426.0,-1.0
2026-05-27,129.21740952659806,130.97929624582622,128.84955459376212,129.87570190429688,26115218,130.11093063354494,131.52401710510247,126.98161101412524,127.9017198925141,134.44084299055103,120.18462774309161,127.31273536682131,52.707457019020815,42.7437621585303,56.50360320237599,-1.5010720335114058,-2.16828199282297,0.6672099593115641,14.831215819101308,3.5925245959255623,98.17467473645681,80.04899231358216,-33.312024894015124,876383860.0,843605373.8,-1.0
2026-05-28,129.87570190429688,129.87570190429688,129.87570190429688,129.87570190429688,0,130.10086318969726,131.6532539367675,127.56042919215956,128.08117280267615,134.37762269213908,120.20041456982385,127.28901863098147,52.707457019020815,42.7437621585303,56.50360320237599,-1.1604369549465758,-1.9667129852476912,0.8062760303011154,14.223497478827808,3.3359156962165937,98.17467473645681,92.06572999564168,-33.312024894015124,876383860.0,843235796.65,-1.0
2026-05-29,130.6501502295546,130.834070300063,125.99374191646451,126.62299346923828,57212379,130.0290328979492,131.75988639831536,127.37294204757532,127.94861104509089,134.04693600252045,120.15839694425694,127.1026664733887,45.78834921953181,42.7437621585303,56.50360320237599,-1.139808583882541,-1.8013321049746613,0.6615235210921204,13.947637094879063,3.4433737453152995,88.6804858406077,95.0099451045071,-39.7294405202413,819171481.0,840005600.55,-1.0
2026-06-01,127.25222717688182,127.9976418659742,123.42837080050153,123.8736801147461,27235875,129.86213821411133,131.85262706756586,126.67308966100947,127.5781627786959,133.66602660360692,119.87714890298491,126.77158775329592,40.900976105976675,45.13852574831205,54.6226257387254,-1.3299759273231189,-1.707060869444353,0.3770849421212341,14.334700771196992,3.523794982469398,69.36533253750872,85.40683103819107,-63.736268306740214,791935606.0,834844224.85,-1.0
2026-06-02,122.9443379289776,125.36450206143778,121.49223944950148,124.95791625976562,39618370,129.69892227172852,131.95519363403318,126.3300549807607,127.33995854970225,133.2810719856747,119.75580469279211,126.51843833923341,43.46387159422864,45.13852574831205,54.6226257387254,-1.3773192426402687,-1.6411125440835364,0.2637933014432676,15.128889504397275,3.548685527431319,54.24302209927351,70.76294682579663,-54.268787864450275,831553976.0,832251683.1,-1.0
2026-06-03,125.02567618874627,128.0266856939572,123.17667458755848,127.63946533203124,38359464,129.67820571899415,132.0634717941284,126.59193705101482,127.36718643900488,132.1321356107774,120.30551011065818,126.21882286071778,49.31786273099515,45.13852574831205,54.6226257387254,-1.1848028914101292,-1.549850613548855,0.3650477221387258,14.965405882287024,3.6416373545004195,60.01723162549686,61.208528754093024,-30.853673441883124,869913440.0,830394349.25,-1.0
2026-06-04,126.81660200326634,129.18835992612472,125.58715447377682,128.868896484375,24944436,129.6139259338379,132.1775582885742,127.04732893768687,127.50370553403852,131.587007862199,120.57861179722485,126.08280982971192,51.78293639713899,45.13852574831205,54.6226257387254,-0.9223946850865872,-1.4243594278564016,0.5019647427698144,14.449968366960434,3.638749361489525,77.8198887262944,64.02671415035492,-20.118359512880225,894857876.0,831051176.0,-1.0
2026-06-05,128.94634003712642,132.04414712466067,128.79144598987236,131.47299194335938,47139920,129.73493408203123,132.30737586975096,127.93246153882137,127.86454975306768,131.90533017771028,120.40259447438933,126.15396232604981,56.598200261103194,45.13852574831205,54.6226257387254,-0.4985584790157134,-1.2391992380882642,0.7406407590725508,13.685485556996657,3.611174488153724,92.9421991645296,76.92643983877362,-4.634695489500862,941997796.0,834914909.95,-1.0
2026-06-08,130.52429793709712,132.1409658566819,127.20382496002604,127.69754791259766,29260366,129.71092636108398,132.4170093154907,127.88547881357663,127.8493677675704,132.0502014910067,120.4978049482023,126.2740032196045,48.963566695276896,49.56688059542249,54.6226257387254,-0.4619865196874571,-1.0837566944081027,0.6217701747206457,12.88524471666578,3.7058863744753054,84.1403892426758,84.96749237783325,-35.77548815331326,912737430.0,840895277.65,-1.0
2026-06-09,127.20383117044322,133.3994607129989,127.20383117044322,133.11871337890625,57740162,129.7299003601074,132.55336139678954,128.93212572664257,128.32839918678275,133.16667954712636,120.10737669677013,126.63702812194825,57.77194509930726,49.56688059542249,54.6226257387254,0.0043891724796765175,-0.866127521030547,0.8705166935102235,12.144491262715539,3.883725172195331,85.65288544497724,87.57849128406087,-2.357790519550451,970477592.0,848286394.05,-1.0
2026-06-10,133.1187134791145,133.84476277805743,128.85923016725354,129.19805908203125,39658979,129.7881782531738,132.658832244873,128.98531239772032,128.40745917725988,133.4256389201071,120.25500683184603,126.84032287597657,50.92638389972644,49.56688059542249,54.6226257387254,0.056974466905757026,-0.6815071234432862,0.7384815903490433,11.58366199025684,3.9624257035245134,72.64339826196189,80.8122243165383,-37.617445216915,930818613.0,854780681.5,-1.0
2026-06-11,128.4623100829012,129.5078227679178,126.42938106051596,127.31999969482422,46246010,129.94442413330077,132.7519601821899,128.6522498571411,128.30859922431117,133.46137427518502,120.2851001816021,126.87323722839356,47.99276755442365,49.56688059542249,54.6226257387254,-0.052292213271613264,-0.5556641414089516,0.5033719281373383,11.170817438929577,3.89928398951575,67.66900348587765,75.3217623976056,-52.82129739556605,884572603.0,857564942.0,-1.0
2026-06-12,130.0,131.9199981689453,128.8000030517578,131.6699981689453,25287693,130.11312881469726,132.87269489288323,129.25579951950195,128.61418094655062,134.0299520213548,120.48550436902609,127.25772819519044,54.526789137905446,49.56688059542249,54.6226257387254,0.20970433681299028,-0.40259044576456327,0.6122947825775535,10.667170234414394,3.9493350241304173,61.2572872754559,67.18989634109847,-17.60583284295124,909860296.0,863531911.2,-1.0
2026-06-15,134.0,135.1699981689453,131.8699951171875,132.1999969482422,20283189,130.2974674987793,133.0015975570678,129.84463900525,128.94016421943167,134.2396985153505,121.40461682278429,127.8221576690674,55.26425503715989,49.744333457913925,54.6226257387254,0.45486160104755413,-0.23110003640213977,0.685961637449694,11.019877806289614,3.917239665263959,69.31212906902799,66.07947327678717,-21.714092795635253,930143485.0,871623634.35,-1.0
2026-06-16,132.36000061035156,133.49000549316406,131.63999938964844,132.8300018310547,19477515,130.42722259521486,133.1390230178832,130.44171157041094,129.2937858204883,134.5556343888766,122.15953208451211,128.35758323669435,56.17410718382946,49.744333457913925,54.6226257387254,0.6920095724978523,-0.04647811462214135,0.7384876871199937,11.272689138110747,3.769580125139078,85.47666123597119,72.01535919348501,-17.10803930591469,949621000.0,879753083.15,-1.0
2026-06-17,133.16000366210938,136.3000030517578,132.11000061035156,135.24000549316406,46057932,130.62453903198244,133.30209983825677,131.40137035496159,129.834351245277,135.433410640882,122.4474296606317,128.94042015075684,59.562249246597666,49.744333457913925,54.6226257387254,1.0621741206400372,0.17525233243029437,0.8869217882097429,12.156606153354087,3.7996102905867333,91.88837744639295,82.22572258379738,-7.158390605535015,995678932.0,889121297.2,1.0
2026-06-18,135.50999450683594,136.3300018310547,134.39999389648438,134.97000122070312,16874421,130.62903762817385,133.47050628662106,132.11509652810992,130.30122851577028,136.06247684415703,122.9270266348469,129.49475173950196,59.011812510921,49.744333457913925,54.6226257387254,1.318545729265793,0.4039110117973941,0.9146347174683989,12.984047611259548,3.666067265156989,95.85981600686142,91.07495156307519,-9.165806645093333,978804511.0,896715005.6,1.0
2026-06-19,134.9499969482422,134.9499969482422,133.10000610351562,133.74000549316406,16485585,130.6337190246582,133.636635017395,132.44007832112075,130.61384460462426,136.29246699948686,123.65753147463425,129.97499923706056,56.452422029095,49.744333457913925,54.6226257387254,1.406261196741383,0.6043810487861918,0.8018801479551911,13.275737752968329,3.537776397444883,92.57757864341507,93.44192403222314,-17.45543749312628,962318926.0,902552694.4,1.0
2026-06-22,133.85000610351562,135.0,133.63999938964844,134.82000732421875,17955985,130.61663131713865,133.8018229293823,132.91606412174036,130.99622303367832,136.91412105828337,123.57484073370883,130.2444808959961,58.168005072256086,51.66863383332781,54.6226257387254,1.5451123649417866,0.7925273120173109,0.7525850529244758,13.559796161607592,3.382220984081074,88.5605615420506,92.33265206410903,-11.479943278857974,980274911.0,907888741.8,1.0
2026-06-23,135.38999938964844,135.38999938964844,130.0,130.3699951171875,19091482,130.53726150512696,133.93982360839843,132.4068503208298,130.93929322308824,136.95757809223912,123.67858981547576,130.31808395385744,49.51264294661837,51.66863383332781,54.6226257387254,1.2813040458491116,0.8902826587836712,0.39102138706544043,12.604663080393477,3.5256337273358858,60.58941366621846,80.5758512838947,-55.47883643557042,961183429.0,913434481.15,1.0
2026-06-24,130.4600067138672,131.1699981689453,129.1999969482422,130.14999389648438,19217828,130.39656936645508,134.06622077941896,131.9554790359607,130.86753873885152,136.96857776677402,123.69501934015958,130.3317985534668,49.12347352131701,51.66863383332781,54.6226257387254,1.0424649059244189,0.9207191082118208,0.12174579771259808,11.96021360006786,3.41451711971926,36.953020651438884,62.03433195323598,-62.42040855620046,941965601.0,916713568.2,1.0
2026-06-25,130.97000122070312,131.10000610351562,128.00999450683594,128.9499969482422,40872336,130.24504318237305,134.19750873565675,131.35438261841702,130.69321675788703,136.9485454444038,123.62248116692439,130.2855133056641,46.9555246501691,51.66863383332781,54.6226257387254,0.7477340294179555,0.8861220924530478,-0.13838806303509232,11.71760470814584,3.3913381537878617,7.636704419470005,35.05971291237579,-74.54082985152992,901093265.0,917949038.45,1.0
2026-06-26,128.9499969482422,128.9499969482422,128.9499969482422,128.9499969482422,0,130.06757308959962,134.32366592407232,130.87350548438206,130.5347422297375,136.8741492097276,123.92957774950095,130.40186347961426,46.955524650169096,51.66863383332781,54.6226257387254,0.5082983395120948,0.8105573418648573,-0.3022590023527625,11.492325022789679,3.149099714231586,3.2577257909436175,15.949150287284168,-74.54082985152992,901093265.0,922045127.65,1.0
2026-06-29,128.86000061035156,129.58999633789062,125.37999725341795,125.86000061035156,89710392,129.82113906860351,134.42967803955082,129.87080450957598,130.10976571888423,136.6019794353849,124.40037957340418,130.50117950439454,41.487567202291025,47.16789879361127,54.6226257387254,0.06841826673976925,0.6621295268398397,-0.5937112601000705,12.278260119196808,3.224878240677378,0.0,3.6314767368045406,-95.61640953179214,811382873.0,923017491.0,1.0
2026-06-30,126.9000015258789,127.12999725341795,124.61000061035156,125.5199966430664,44899446,129.53847595214845,134.53432895660404,129.00064293627406,129.69251398471897,136.52687036497008,124.53169668214906,130.52928352355957,40.9228705387953,47.16789879361127,54.04918162854936,-0.3041196368594967,0.46887969409997243,-0.7729993309594692,13.19728552308699,3.1745295551337365,0.0,1.0859085969812057,-92.23552953981475,766483427.0,919763963.55,1.0
2026-07-01,126.05999755859376,127.5999984741211,125.62000274658205,126.27999877929688,28424787,129.25223236083986,134.63019500732426,128.45651410487864,129.3822853296806,136.62530483053192,124.29731556131382,130.46131019592286,42.797133642592854,47.16789879361127,54.04918162854936,-0.53190136087062,0.268723483105854,-0.800624843976474,13.85423250040514,3.0963490034138044,3.3517982424542834,1.1172660808180943,-85.75087034978036,794908214.0,916013702.25,1.0
2026-07-02,128.27000427246094,129.25999450683594,125.95999908447266,126.63999938964844,42931827,129.05760406494142,134.72093940734865,128.0932111618326,129.1329866078595,136.71248111492469,123.98724956744832,130.3498653411865,43.708157483639106,47.16789879361127,54.04918162854936,-0.6755832741746985,0.07986213164974348,-0.755445405824442,13.789888102374757,3.11089517619591,8.332806441112561,3.8948682278556146,-82.67919310698598,837840041.0,913162810.5,1.0
2026-07-03,127.5,128.1999969482422,124.6999969482422,127.19000244140624,36013384,128.87436309814456,134.81980659484864,127.91256941774735,128.95635168363646,136.62619144313763,123.64524028904013,130.13571586608887,45.1455338166938,47.16789879361127,54.04918162854936,-0.7365807317607391,-0.08342644103235303,-0.653154290728386,14.098929989393758,3.1386883778962016,15.884315791458931,9.189640158341925,-77.98633479237907,873853425.0,909755591.95,1.0
2026-07-06,126.61000061035156,127.58999633789062,125.97000122070312,126.45999908447266,15764736,128.68291122436526,134.90752124786374,127.62205535109241,128.72941053825792,136.68466610295945,123.46301074640576,130.0738384246826,43.555831609420714,45.59628568810608,54.04918162854936,-0.8342105662429731,-0.23358326607447705,-0.6006273001684961,14.385897455911401,3.03021028784558,17.241117035966568,13.819413089512686,-84.21503172838317,858088689.0,907023154.9,1.0
2026-07-07,126.4000015258789,126.86000061035156,124.75,125.02999877929688,15616571,128.5290748596192,134.9846008300781,127.10364403673331,128.39310037835236,136.48250372756837,122.85630166183591,129.66940269470214,40.54404617452727,45.59628568810608,54.04918162854936,-1.0152686026035411,-0.38992033338028986,-0.6253482692232513,15.017607383271855,2.9644810251674363,12.260108837308287,15.128513888244594,-96.41639824914527,842472118.0,900622881.2,1.0
2026-07-08,124.0,124.93000030517578,120.5,121.1500015258789,37708203,128.29841339111331,135.02766265869136,125.91291553456243,127.73463684630931,137.07531673173122,121.45868290205784,129.26699981689453,33.72909983175976,45.59628568810608,54.04918162854936,-1.455068627345554,-0.6029499921733428,-0.8521186351722112,16.645016874720692,3.0763037218909677,4.708599486961917,11.403275120078924,-95.6346437036741,804763915.0,894320146.3,-1.0
2026-07-09,121.7699966430664,125.3000030517578,121.5,124.8000030517578,25763230,128.1874127197266,135.09304035186761,125.69033303800151,127.46785195589554,137.16008699698682,121.12191297249558,129.1409999847412,43.3720989814879,45.59628568810608,54.04918162854936,-1.491891104753151,-0.7807382146893045,-0.7111528900638464,17.984084187542756,3.1529964221758195,13.152524707134143,10.040411010468116,-71.1215364135799,830527145.0,891617873.4,-1.0
2026-07-10,125.4000015258789,131.47999572753906,125.30999755859376,128.77999877929688,40706138,128.15601196289066,135.16694324493403,126.3082661862606,127.58713803075021,136.92737543854304,121.06562459197453,128.9965000152588,51.63600987630699,45.59628568810608,54.04918162854936,-1.1862464793884158,-0.8618398676291268,-0.324406611759289,16.913712436020617,3.4049247260047797,46.48585804046747,21.448994078187845,-44.392215455340114,871233283.0,889686522.75,-1.0
2026-07-13,127.47000122070312,129.72999572753906,126.44000244140624,129.3300018310547,19227723,128.13270690917972,135.23822341918938,126.91261331521942,127.74558019441426,136.6424156947495,121.06358482404939,128.85300025939944,52.664057809089634,47.304499162821365,54.04918162854936,-0.8893879513483256,-0.8673494843729666,-0.02203846697535905,15.919795809607203,3.3967153374424974,79.8191913738008,46.48585804046748,-19.58100849795368,890461006.0,887702398.8,-1.0
2026-07-14,128.0,128.89999389648438,125.31999969482422,125.73999786376952,18692217,128.0470887756348,135.27688735961908,126.67809022492945,127.563254527992,136.1702808948192,120.82671922725109,128.49850006103514,45.81798191334791,47.304499162821365,54.04918162854936,-0.9330530911419714,-0.8804902057267676,-0.05256288541520382,15.328615172412063,3.4405215373559237,87.94808363814295,71.41771101747041,-52.27686791692447,871768789.0,883809788.25,-1.0
2026-07-15,126.5,128.1999969482422,126.0999984741211,126.47000122070312,24325901,127.90385330200196,135.31431259155264,126.63647242408419,127.46386786369301,135.0845929440681,121.03540675075612,128.05999984741212,47.317690265216946,47.304499162821365,54.04918162854936,-0.89839670106943,-0.8840715047953002,-0.01432519627412987,14.779661723588005,3.3704842192928344,78.53627233780682,82.10118244991685,-45.62838302632768,896094690.0,878830576.15,-1.0
2026-07-16,127.0,127.19000244140624,125.3499984741211,125.9000015258789,11463126,127.79007019042969,135.35600311279288,126.48917824444314,127.321698196619,133.8841551888254,121.32884453651643,127.60649986267092,46.241429923134454,47.304499162821365,54.04918162854936,-0.9064761807869672,-0.8885524399936335,-0.017923740793333698,14.506428238297797,3.261164201292285,67.2297990699588,77.90471834863618,-50.819639097535386,884631564.0,874121928.8,-1.0
2026-07-17,125.9000015258789,126.08999633789062,124.3000030517578,125.01000213623048,19266430,127.68927139282229,135.4095071411132,126.19334302280062,127.11154400931093,132.83622101186472,121.50377837778375,127.16999969482424,44.53799996740338,47.304499162821365,54.04918162854936,-0.9734731469104076,-0.9055365813769884,-0.0679365655334192,14.578878479616579,3.156080564495181,64.9765030808206,70.24752482952874,-58.925283323026335,865365134.0,869274239.2,-1.0
2026-07-20,125.1500015258789,129.60000610351562,125.05999755859376,128.82000732421875,44159205,127.75973693847659,135.47044441223136,126.71867588308425,127.26685885612073,131.33986870296656,122.40013068668192,126.86999969482424,52.58967913115345,43.79333500767045,54.04918162854936,-0.7109378985703358,-0.8666168448156579,0.15567894624532208,13.714834732699407,3.258503664694464,74.25737724004938,68.82122646360959,-24.225769019643263,909524339.0,865736710.6,-1.0
2026-07-21,128.82000732421875,131.1999969482422,127.19000244140624,127.5199966430664,24607108,127.79297256469728,135.5092473602294,126.87894003508069,127.28987138220671,130.8993380892071,122.5556614530293,126.7274997711182,49.926338653516595,43.79333500767045,54.04918162854936,-0.6008505885545503,-0.8134635935634364,0.21261300500888614,13.407524184514553,3.3121815819902847,80.7443359731925,73.32607209802083,-36.06557946594218,884917231.0,861923400.7,-1.0
2026-07-22,127.5,127.5,125.25,126.45999908447266,13596346,127.81952926635743,135.54250831603994,126.7951518449591,127.21442844604907,130.3913736724293,122.69462638860591,126.5430000305176,47.8006362028577,43.79333500767045,54.04918162854936,-0.592310756737092,-0.7692330261981677,0.1769222694610757,12.458524638435195,3.2377398006385794,86.4879210031682,80.49654473880335,-45.719477198663114,871320885.0,858391164.9,-1.0
2026-07-23,126.0199966430664,127.41999816894533,124.9000015258789,125.22000122070312,13708492,127.79069503784183,135.5592109680175,126.48012172010792,127.03311688010852,130.07299128300562,122.6400092052757,126.35650024414066,45.3672238163137,43.79333500767045,54.04918162854936,-0.6777872336852369,-0.7509438676955816,0.07315663401034478,11.676023237887108,3.186472432240568,73.77342167431318,80.3352262168913,-57.01272261094936,857612393.0,856217121.3,-1.0
2026-07-24,124.22000122070312,126.83000183105467,123.0,125.6500015258789,36714624,127.82409149169924,135.57390094757073,126.31409768126213,126.9073791206331,129.71097616946147,122.6720247765835,126.19150047302249,46.38649270081753,43.79333500767045,54.04918162854936,-0.7027298937452713,-0.7413010729055196,0.038571179160248326,11.559135880900952,3.2324388178701473,67.54183324241703,75.93439197329947,-53.09650701445972,894327017.0,855878808.9,-1.0
2026-07-27,126.5,129.6999969482422,125.77999877929688,127.26000213623048,48778366,127.95106338500979,135.5903485107421,126.5032785722558,126.93943575841467,129.80879520496217,122.71420589367071,126.26150054931644,50.13752889377413,44.54583437710007,54.04918162854936,-0.5858304488782835,-0.7102069481000723,0.12437649922178884,10.987536613692829,3.2908357181910852,71.65572792989454,70.99032761554159,-38.433472070707296,943105383.0,862464934.4,-1.0
2026-07-28,127.16999816894533,127.16999816894533,124.0,124.23999786376952,31317720,127.99343353271486,135.60147350311271,126.05062243055855,126.69403231344694,129.8458714723669,122.5491297483363,126.1975006103516,43.928926773334155,44.54583437710007,54.04918162854936,-0.7284784559864619,-0.7138612496773503,-0.014617206309111563,10.512566993473596,3.2886333194796133,53.165356748593965,64.12097264030184,-72.54509983196992,911787663.0,869730146.2,-1.0
2026-07-29,124.5999984741211,125.5500030517578,124.0,124.72000122070312,17108935,128.01616821289065,135.614369277954,125.78449818858746,126.51457494137931,129.82667489034873,122.41232657449507,126.1195007324219,45.09273681849197,44.54583437710007,54.04918162854936,-0.793647100250439,-0.7298184197919682,-0.0638286804584709,10.071523774698596,3.1644454432137694,35.32423528030103,53.381773319596505,-79.71695651782741,928896598.0,876429565.4,-1.0
2026-07-30,124.6999969482422,124.88999938964844,123.66000366210938,124.27999877929688,13652920,128.02410079956059,135.61915985107416,125.48359830672935,126.31143165391727,129.7883000605083,122.21470134330033,126.00150070190432,44.187344857860055,44.54583437710007,54.04918162854936,-0.8707606533301373,-0.758006866499602,-0.11275378683053527,9.77546381782386,3.026270463522719,7.42476015957704,31.971450729490677,-84.39025297965183,915243678.0,880299747.25,-1.0
2026-07-31,124.98999786376952,125.44000244140624,124.25,124.9800033569336,13392650,128.0409997558594,135.62624034881586,125.38287931677021,126.19039271782785,129.66071385164224,122.12128764371913,125.89100074768068,46.04345874003486,44.54583437710007,53.75166637510045,-0.8654132354092496,-0.7794881402815316,-0.08592509512771807,9.28779860435541,2.8951084619429706,13.565603521898865,18.771532987258976,-75.85360861191488,928636328.0,883038892.4,-1.0
2026-08-03,125.9499969482422,127.58999633789062,125.5,127.0999984741211,18180646,127.99439224243166,135.6556344223022,125.72630314824039,126.27308415021814,129.7237883541967,122.12221308012948,125.92300071716309,51.32319977612499,43.88346841304667,53.75166637510045,-0.6822449842664327,-0.7600395090785119,0.07779452481207927,9.192121220289401,2.874743070443975,37.583427124533245,19.524596935336383,-50.0,946816974.0,887475306.65,-1.0
2026-08-04,127.08999633789062,128.9499969482422,126.26000213623048,128.0,21657270,127.97643356323245,135.67408782958978,126.1810425185923,126.43007650019831,129.95652912168364,122.18647243471288,126.07150077819826,53.40757959366358,43.88346841304667,53.75166637510045,-0.4591672300614391,-0.6998650532750974,0.2406978232136583,9.545480086532955,2.8615467662702416,69.93063487879925,40.35988850841045,-39.024367550870394,968474244.0,893775412.95,-1.0
2026-08-05,129.0,130.10000610351562,128.11000061035156,128.91000366210938,19170625,127.9571195983887,135.70212520599358,126.72683474729573,126.6555244240084,129.78464993318238,123.13435183683715,126.45950088500977,55.48327042190177,43.88346841304667,53.75166637510045,-0.20656565209654332,-0.6012051730393866,0.39463952094284327,10.227527846576695,2.807151004644912,95.12559916774038,67.54655372369095,-27.926757785241772,987644869.0,902919460.65,-1.0
2026-08-06,129.0,131.74000549316406,128.3300018310547,131.6999969482422,23441604,127.99360549926762,135.7532123947143,127.72146718748503,127.1141128353024,130.77405039008445,122.83495076958353,126.80450057983398,61.191700767237236,43.88346841304667,53.75166637510045,0.21625915861700662,-0.437712306708108,0.6539714653251146,11.331345116536731,2.850211908749517,99.99999999999999,88.3520780155132,-0.4577633841668316,1011086473.0,911947427.05,1.0
2026-08-07,130.97999572753906,132.47999572753906,130.42999267578125,131.9499969482422,22576580,128.10014556884767,135.79538490295405,128.56717313963645,127.55373866375146,131.48006503061043,122.44593594595207,126.96300048828125,61.66605038644507,43.88346841304667,53.75166637510045,0.5650106865707301,-0.23716770805234041,0.8021783946230705,12.558333982873116,2.7930541332501093,99.99999999999999,98.37519972258012,-5.590706942591195,1033663053.0,920068915.55,1.0
2026-08-10,132.39999389648438,132.5500030517578,128.64999389648438,129.0,21940289,128.20267196655277,135.82508235931394,128.65373851170918,127.68521696704678,131.42944160633098,122.46355918712605,126.94650039672852,53.37552014755336,51.896724246929736,53.75166637510045,0.5964828030670475,-0.07043760582846285,0.6669204088955103,12.873987144251704,2.8721223491089187,84.41962665475342,94.80654221825112,-37.17279494590721,1011722764.0,926132003.45,1.0
2026-08-11,129.0,130.47999572753906,127.86000061035156,130.3000030517578,11765490,128.3095137023926,135.86553932189938,128.98299141971893,127.9229247929296,131.8584096916305,122.49059162062535,127.17450065612793,56.17190086058003,51.896724246929736,53.75166637510045,0.7180468665241477,0.08725928864205929,0.6307875778820884,12.823469251124113,2.8541132611145317,74.09448479277403,86.17137048250913,-23.560201895284795,1023488254.0,933717976.7,1.0
2026-08-12,130.0,133.11000061035156,129.60000610351562,132.0,26542679,128.39672439575196,135.91711006164547,129.58639313577515,128.29356799357237,132.59053463990227,122.3114665502833,127.45100059509278,59.58546695973174,51.896724246929736,53.75166637510045,0.940718788277394,0.25795118856912624,0.6827675997082677,13.582730519657474,2.9009619215232036,70.18444941143518,76.23285361965421,-10.979233860926186,1050030933.0,941414788.85,1.0
2026-08-13,132.0,132.60000610351562,130.5,131.8000030517578,11698154,128.4553465270996,135.95107845306393,130.02911511897167,128.61233481704377,133.1795818650659,122.31241947770755,127.74600067138672,59.00324114049028,51.896724246929736,53.75166637510045,1.0885022320900646,0.42406139727331393,0.6644408348167506,14.287758840438453,2.84375079166552,80.76061180711815,75.01318200377578,-13.862412504137634,1038332779.0,949099849.6,1.0
2026-08-14,131.8000030517578,131.8000030517578,127.7699966430664,131.25,10082358,128.45088668823246,135.9781826019287,130.27329209517734,128.85212256094889,133.54642889752202,122.56957223162837,128.0580005645752,57.34379204039484,51.896724246929736,53.75166637510045,1.148007510354745,0.5688506198896002,0.5791568904651447,13.761075826616606,2.9284833357387976,82.96294405552655,77.96933509135997,-19.682552497517413,1028250421.0,957244113.95,1.0
2026-08-17,131.00999450683594,132.02000427246094,129.10000610351562,131.10000610351562,11137827,128.5189358520508,136.01039352416987,130.438634896845,129.05647561027314,133.81948229193154,122.52451871514855,128.17200050354003,56.87401141757318,51.10740898024412,53.75166637510045,1.1695804231177362,0.6889965805352274,0.48058384258250886,13.348429520811651,2.927877252396406,77.73416580821899,80.48590722362123,-21.269790009930322,1017112594.0,962623526.7,1.0
2026-08-18,130.0,131.0,129.10000610351562,129.10000610351562,6622726,128.438561706543,136.0126623535156,130.17090913817913,129.06043292784062,133.90428142112734,122.59772053199765,128.2510009765625,50.88765931308774,51.10740898024412,53.75166637510045,1.013609566472013,0.7539191777225845,0.2596903887494285,12.965257951135621,2.861600305796663,62.183095827071156,74.29340189693889,-42.43381800860628,1010489868.0,968902158.55,1.0
2026-08-19,129.10000610351562,129.39999389648438,128.10000610351562,129.0800018310547,7255746,128.43620056152346,135.99498573303222,129.95272767675425,129.0622119190419,133.98170670573808,122.7822955220451,128.3820011138916,50.83002963305124,51.10740898024412,53.75166637510045,0.8782632887729562,0.7787879999326589,0.09947528884029733,12.168838679620512,2.7500565548803837,47.18549751121952,62.36758638216989,-45.48531040267012,1003234122.0,975497820.4,1.0
2026-08-20,129.52999877929688,130.49000549316406,129.0500030517578,129.60000610351562,9575025,128.4818006896973,135.9672759246826,129.88218336210653,129.11110229944862,134.01969043215328,123.18231228391116,128.60100135803222,52.340971491589876,51.10740898024412,53.75166637510045,0.8036958816691993,0.783769576279967,0.019926305389232235,11.87003723532889,2.6564812610608026,27.638876676805637,45.66915667169877,-46.12344579922162,1012809147.0,983257658.1,1.0
2026-08-21,129.60000610351562,129.9600067138672,128.5,129.9600067138672,8125972,128.44760086059574,135.94136611938475,129.89774803245868,129.1882754280321,134.0816821141885,123.55132112067476,128.81650161743164,53.408394334472625,51.10740898024412,53.75166637510045,0.7648331939473394,0.7799822998134416,-0.015149105866102186,11.337877296975407,2.5710187934041158,22.79228657047564,32.538886919500264,-45.9853226009448,1020935119.0,989588063.2,1.0
2026-08-24,129.6199951171875,129.8699951171875,126.8000030517578,127.3000030517578,13556593,128.34960098266603,135.90389877319333,129.3781990363185,129.01661430291628,134.08122247567428,123.55578085074171,128.818501663208,45.329752790264024,49.60994866619748,53.75166637510045,0.5134751471143773,0.7266808692736287,-0.2132057221592515,10.950957337169902,2.6130891411687784,12.579361166564933,21.003508137948735,-92.07606666473212,1007378526.0,992801720.35,1.0
2026-08-25,127.2300033569336,128.80999755859375,126.25,128.80999755859375,14786516,128.26920089721682,135.86705978393553,129.26455874077357,128.99783096252332,133.8494182453263,124.24458505057216,129.04700164794923,49.957265947924334,49.60994866619748,53.75166637510045,0.43114603806566265,0.6675739030320356,-0.2364278649663729,10.81580717582563,2.6092968852705622,17.373653079149328,17.581766938729963,-62.682254652706874,1022165042.0,998320589.3,1.0
2026-08-26,128.9499969482422,130.89999389648438,128.5,129.4499969482422,15134921,128.15340072631835,135.83162986755372,129.30164638226728,129.03893696122503,133.63323957806395,124.93376329058842,129.28350143432618,51.81876751230821,49.60994866619748,53.75166637510045,0.4127839120528165,0.6166159048361918,-0.20383199278337527,10.33174984111307,2.594346671785835,22.682675015060166,17.545229753591475,-53.352818315883596,1037299963.0,1003740757.55,1.0
2026-08-27,131.42999267578125,131.42999267578125,127.6999969482422,128.13999938964844,10921428,128.01680068969728,135.79047279357906,129.0693169837435,128.95721536380898,133.18704496276578,125.76595796692173,129.47650146484375,47.89178463900158,49.60994866619748,53.75166637510045,0.2891923110774144,0.5511311860844363,-0.26193887500702195,9.655819705155343,2.675464461482493,28.673329752477215,22.90988594889557,-72.44899094037284,1026378535.0,1009297500.4,1.0
2026-08-28,128.14999389648438,129.05999755859375,127.25,128.35000610351562,13970144,127.90900070190432,135.73729682922362,128.92545480769792,128.90201452196413,132.7529297536969,126.53707345064886,129.64500160217287,48.56473080234455,49.60994866619748,53.75166637510045,0.2058183181307811,0.48206861249370536,-0.27625029436292425,9.224883694024157,2.6136453969904396,26.795305809723466,26.05043685908695,-69.38766885316643,1040348679.0,1014883117.95,1.0
2026-08-31,127.5,127.69000244140624,125.5,126.9000015258789,15831688,127.75060058593752,135.67745174407955,128.52036415133412,128.72001334050182,132.77849184279694,126.49151166672453,129.63500175476074,44.309779550761476,47.73024913584099,54.70633944717217,0.022481424949376105,0.39015117498483953,-0.3676697500354634,9.542210710603447,2.6305283045993813,13.554821577520748,23.007819046573807,-81.60313516960113,1024516991.0,1018768118.8,1.0
2026-09-01,126.87999725341795,127.06999969482422,125.16000366210938,125.5999984741211,9840419,127.6552006530762,135.598424911499,127.93629101589151,128.4363756253763,133.07670699311907,125.95329636381453,129.5150016784668,40.853839771298844,47.73024913584099,54.70633944717217,-0.22511873679962946,0.26709719262794573,-0.4922159294275752,9.968473664429276,2.5790617137504857,7.5641668401037,15.97143140911597,-94.08609317702651,1014676572.0,1021078235.2,1.0
2026-09-02,125.3499984741211,126.98999786376952,124.37999725341795,126.3000030517578,13231733,127.57820083618167,135.50813514709466,127.60903342306477,128.2421599368655,133.22025796438592,125.5487453315125,129.3845016479492,43.41315200125585,47.73024913584099,54.70633944717217,-0.3607011908165987,0.14153751593903685,-0.5022387067556355,10.666554081908565,2.581271634936277,5.1734781443312485,8.764155520651899,-74.8690571415162,1027908305.0,1023091407.0,1.0
2026-09-03,126.77999877929688,128.69000244140625,125.70999908447266,125.8000030517578,13360020,127.51520095825197,135.41592620849602,127.24722734880338,128.02014567458298,133.07984533017503,125.09915857607496,129.089501953125,42.014686829456714,47.73024913584099,54.70633944717217,-0.5027022452080558,0.01268956370961831,-0.5153918089176741,10.415079458201635,2.6097524722217997,7.588864370707579,6.775503118380842,-81.41355374673832,1014548285.0,1023264497.6,1.0
2026-09-04,126.3000030517578,127.3000030517578,125.5,125.5,12141084,127.44620101928713,135.3155375671386,126.8977818790427,127.79104152234815,132.82592238967558,124.70808182175021,128.7670021057129,41.15799447274632,47.73024913584099,54.70633944717217,-0.632159699413279,-0.11628028891496116,-0.5158794104983179,10.273097991409673,2.5519132279029426,8.396419110880384,7.052920541973069,-84.11342590338025,1002407201.0,1021701705.0,1.0
2026-09-07,125.8000030517578,126.3499984741211,124.0,124.0,9628580,127.40900100708011,135.21945938110346,126.31822550323416,127.44640138395286,133.09786577852117,123.93613843290463,128.5170021057129,37.08619561635521,44.51489065879006,54.70633944717217,-0.8460405002930145,-0.2622323311905718,-0.5838081691024426,10.76898811425906,2.537490745489954,3.2229409665491358,6.402741482712367,-100.0,992778621.0,1020754497.85,1.0
2026-09-08,124.0199966430664,124.83999633789062,123.8499984741211,124.68000030517578,8644820,127.3922010803223,135.1372846603393,125.99058046362249,127.1949103767913,133.04038047240897,123.43162346435867,128.23600196838382,39.98484429101453,44.51489065879006,54.70633944717217,-0.9497244025603351,-0.3997307454645245,-0.5499936570958106,11.289946926776535,2.4269555396527807,6.7271997682286955,6.115519948552738,-89.05009939357339,1001423441.0,1019651257.2,1.0
2026-09-09,124.41999816894533,125.37999725341795,124.04000091552734,124.08000183105467,9338510,127.34820114135745,135.0477537155151,125.60846473710893,126.91173687263343,132.64368679162405,123.036317328249,127.84000205993652,38.30773328239951,44.51489065879006,54.70633944717217,-1.0679982851491303,-0.5333842534014457,-0.5346140317476846,11.452006388838104,2.349315596669769,8.414279660599624,6.121473465125818,-96.96565260058901,992084931.0,1016753957.1,1.0
2026-09-10,124.0,127.5999984741211,123.6999969482422,124.5999984741211,22002938,127.3074011230469,134.95104530334467,125.40677148451138,126.70157883640503,132.11015700276053,122.84984665934887,127.4800018310547,40.63183485547964,44.51489065879006,54.70633944717217,-1.1070108736547013,-0.6481095774520969,-0.45890129620260445,10.837487747497184,2.4600788773275637,16.436502492578256,10.52599397380219,-88.35702427787214,1014087869.0,1015541711.6,1.0
2026-09-11,124.0,124.05999755859376,122.6500015258789,124.0,11131129,127.24360107421879,134.84422157287594,125.1254171876091,126.45598076036822,131.63883144201856,122.59617222009082,127.1175018310547,38.81482893301343,44.51489065879006,54.70633944717217,-1.1728239096085815,-0.7530524438833939,-0.41977146572518764,10.363483982766583,2.4236444538214656,14.427994702624172,13.092925618600683,-84.62414766629794,1002956740.0,1014277027.55,1.0
2026-09-14,124.0,124.0,124.0,124.0,0,127.19440109252933,134.7296533966064,124.90033375008728,126.23270978215294,131.0774565465657,122.44754650519211,126.76250152587892,38.81482893301343,42.87770699571068,54.70633944717217,-1.2110213148760494,-0.8446462180819251,-0.3663750967941243,9.923337629802454,2.250526992834218,15.844497308182248,15.569664834461559,-84.62414766629794,1002956740.0,1013569234.85,1.0
2026-09-15,123.25,124.4800033569336,122.0500030517578,122.37000274658205,12696568,127.14120117187503,134.60780643463136,124.39426754938624,125.88155459710104,131.014429493004,121.83757322306047,126.42600135803224,34.02138171749284,42.87770699571068,54.70633944717217,-1.3571755151174898,-0.9471520774890381,-0.4100234376284517,10.394950637693544,2.263346515144331,7.822274476203615,12.698255495670011,-96.58848562044585,990260172.0,1012557750.05,-1.0
2026-09-16,122.8000030517578,123.6999969482422,121.80999755859376,123.1999969482422,13945737,127.1822010803223,134.49533702850343,124.15541342915743,125.63777662902297,130.75777805874137,121.50622416904187,126.13200111389162,38.206122754729215,42.87770699571068,54.70633944717217,-1.3900070403580855,-1.0357230700628475,-0.35428397029523806,10.932845241159452,2.2366788633231955,13.502557143794153,12.389776309393339,-80.82759462553875,1004205909.0,1012606339.4,-1.0
2026-09-17,123.1500015258789,125.13999938964844,122.4800033569336,123.9000015258789,11099833,127.1642010498047,134.37896194458008,124.10433104850173,125.47979707419168,130.27109447817656,121.42290729184302,125.84700088500979,41.57198991727614,42.87770699571068,54.70633944717217,-1.3440483882381358,-1.0973881336979052,-0.24666025454023055,10.608988555801181,2.2669158039940274,34.05460106096611,18.459810893654627,-69.62205691879151,1015305742.0,1012731169.15,-1.0
2026-09-18,123.80999755859376,123.88999938964844,123.01000213623048,123.77999877929688,11489793,127.0642010498047,134.2907867431641,124.03946459466077,125.32526995647397,129.6010800936639,121.47492088289859,125.53800048828126,41.15810284280607,42.87770699571068,54.70633944717217,-1.302296975185044,-1.138369901995333,-0.1639270731897109,10.308264490825644,2.1685646315407703,59.3842989762128,35.647152393657684,-71.3662816486579,1003815949.0,1011875210.65,-1.0
2026-09-21,123.2300033569336,123.98999786376952,122.9499969482422,123.6999969482422,5171600,126.95160095214844,134.19587074279787,123.97157106537706,125.17751786481654,129.41136856042476,121.30463180578624,125.3580001831055,40.86599945116763,42.63006369278773,54.70633944717217,-1.261126675410651,-1.1629212566783966,-0.0982054187322543,9.969660231585276,2.0879529375398094,74.08584169230338,55.841580576494096,-72.5290981352353,998644349.0,1011438501.8,-1.0
2026-09-22,124.0199966430664,124.69000244140624,122.8000030517578,122.9000015258789,7064389,126.89480102539063,134.09090435028077,123.75725715747744,124.9704709249131,128.9128755121732,121.2121252507663,125.06250038146975,37.96444599227358,42.63006369278773,54.70633944717217,-1.278316227224252,-1.1860002507875678,-0.09231597643668432,9.279152739468168,2.0738133984047114,66.06585568409092,66.51199878420236,-84.1569303241605,991579960.0,1009909247.7,-1.0
2026-09-23,123.1999969482422,126.3000030517578,123.16999816894533,126.0,15597011,126.88540100097657,134.02951183319092,124.20580572598196,125.06406447719372,128.18127293360402,121.59872813451126,124.89000053405763,52.14402361931525,42.63006369278773,54.70633944717217,-1.0299227929349257,-1.1547847592170393,0.12486196628211355,9.500068158926556,2.1685411217957244,74.06949110217757,71.40706282619061,-27.633820744834413,1007176971.0,1008403098.1,-1.0
2026-09-24,124.9499969482422,126.1999969482422,124.56999969482422,125.9000015258789,9112129,126.88540100097657,133.9514041900635,124.54464488596136,125.14005875434692,127.73954296517923,121.81645831655908,124.77800064086915,51.73324397175316,42.63006369278773,54.70633944717217,-0.8315526267642497,-1.0901383327264815,0.25858570596223185,9.705203905566487,2.130073702625886,82.35430669141662,74.16321782589503,-29.360909834801962,998064842.0,1006987413.45,-1.0
2026-09-25,125.79000091552734,126.6999969482422,124.8000030517578,124.98999786376952,8341932,126.88500091552734,133.87179599761964,124.63371548152301,125.12641685520352,127.05442324712321,122.16557721064048,124.61000022888184,48.02549218563343,42.63006369278773,54.70633944717217,-0.7392509069211428,-1.0199608475654138,0.280709940644271,10.157201253418602,2.1136394307586372,91.66914863410277,82.69764880923232,-45.07772362094469,989722910.0,1004456125.0,-1.0
2026-09-28,124.68000030517578,124.68000030517578,120.26000213623048,120.6500015258789,16272294,126.72160079956055,133.7644857788086,123.8369726903942,124.71947000708309,127.08342641051067,121.51157404725299,124.29750022888183,35.103656736849615,44.527712091959714,54.70633944717217,-1.0047207669678642,-1.016912831445904,0.012192064478039777,10.690441628996648,2.300522023385809,60.326465128426825,78.11664015131541,-94.68665416581798,973450616.0,1001902806.25,-1.0
2026-09-29,120.0,120.33999633789062,118.02999877929688,119.51000213623048,20596639,126.56140090942384,133.6522983932495,122.97157857956147,124.24588201882375,127.43380236298864,120.55219846098595,123.9930004119873,32.62082514181782,44.527712091959714,54.70633944717217,-1.2922002864981579,-1.0719703224563548,-0.22022996404180306,11.968301874467784,2.3233420750426816,27.748686917404846,59.91476689331148,-84.53496965382303,952853977.0,998811676.5,-1.0
2026-09-30,119.6999969482422,121.4800033569336,119.44000244140624,119.44000244140624,12579795,126.42100097656252,133.5317261123657,122.26526335193043,123.80898387542216,127.46935165554147,119.83064910739797,123.65000038146972,32.468966475949166,44.527712091959714,50.35683616521587,-1.5082916203440533,-1.1592345820338945,-0.3490570383101588,12.528186624335419,2.303103420791587,1.9906498276573847,30.02193395782968,-83.73697854793339,940274182.0,994429970.35,-1.0
2026-10-01,119.4499969482422,120.12999725341795,116.51000213623048,118.36000061035156,13953325,126.28380096435549,133.41117496490477,121.48421080361466,123.31362176041573,127.62805806941721,118.9279424493816,123.2780002593994,30.13782030839804,44.527712091959714,50.35683616521587,-1.7465594311582464,-1.276699551858765,-0.4698598792994815,13.958064059372386,2.397167113391293,0.0,9.913112248354075,-81.84495175659612,926320857.0,990018598.95,-1.0
