Date,Open,High,Low,Close,Volume,MA50,MA200,EMA9,EMA21,BB_Upper,BB_Lower,BB_Mid,RSI,RSI_W,RSI_M,MACD,MACD_Signal,MACD_Hist,ADX,ATR,StochRSI_K,StochRSI_D,Williams_R,OBV,OBV_SMA20,Supertrend_Dir
2025-07-28,205.9454553826097,208.4516687833623,203.7661413535209,204.06332397460935,8456565,206.89800872802732,196.19478828430178,208.57042109367984,209.04782300327545,217.26273981316947,204.37564977423287,210.81919479370117,40.05852711191471,59.931763973005324,79.52137710594911,0.21291589931695398,1.1407591841059603,-0.9278432847890064,11.225111735681205,3.805281591476847,18.18194457546265,34.688389359532636,-97.29726849601079,145310330.0,164918929.15,1.0
2025-07-29,203.73641335384625,205.15297721950824,201.71559884962664,203.2807464599609,10354388,207.03768310546874,196.2907278442383,207.51248616693607,208.52354331751957,216.81386773436208,203.4862238183723,210.1500457763672,38.744900389547986,59.931763973005324,79.52137710594911,-0.254888116670287,0.8616297239507109,-1.116517840620998,12.397492081865359,3.7790027899343293,0.0,18.14843708129091,-88.00302208557068,134955942.0,162169619.25,1.0
2025-07-30,203.2807379320412,203.82555504987403,200.85375935841705,202.75570678710935,5616031,207.11415710449216,196.3848346710205,206.56113029097074,207.99919454202774,216.40642014342606,202.59895705383954,209.5026885986328,37.848150971455865,59.931763973005324,79.52137710594911,-0.6603800333929826,0.5572277724819722,-1.2176078058749549,13.68274805946582,3.7213451400430895,0.0,6.060648191820883,-86.32481703034388,129339911.0,159712669.2,1.0
2025-07-31,201.0915191944312,202.8052505690652,199.2490051627161,200.52687072753903,8617317,207.13912017822267,196.45853523254397,205.3542783782844,207.3198923770742,216.2772570845824,201.28580749061285,208.78153228759763,34.2266271451396,59.931763973005324,72.09027812541876,-1.1483463200970334,0.21611295396617108,-1.3644592740632044,15.228587100536014,3.709552301922092,0.0,0.0,-91.76249586065511,120722594.0,157055782.1,-1.0
2025-08-01,200.77452449764544,201.0122736120532,192.58228465245853,194.21676635742188,10948324,206.99310607910158,196.4551671600342,203.1267759741119,206.12869910256035,217.45689818392685,198.19827301968638,207.82758560180662,26.496615012333173,59.931763973005324,72.09027812541876,-2.0209396703150446,-0.23129757089007208,-1.7896420994249724,17.77617730308152,4.046726348898706,0.0,0.0,-92.63066361998021,109774270.0,154107487.95,-1.0
2025-08-04,184.0532219431881,195.1875404753057,183.3697064942992,194.61300659179688,39513112,206.88532928466802,196.4444687652588,201.4240220976489,205.0818179652182,217.87145449508972,195.94219449172664,206.90682449340818,27.602340475714318,50.53536255907342,72.09027812541876,-2.649955869933791,-0.7150292306988159,-1.934926639234975,21.066973542638923,4.601805465477834,1.180019100048783,0.39333970001626095,-64.18427192984255,149287382.0,153367019.2,-1.0
2025-08-05,193.6422123863213,195.04886060112048,192.25538037605037,194.1969451904297,5819712,206.7577401733399,196.45259170532225,199.9786067162051,204.09228407660106,218.15216099948853,193.93190272121458,206.04203186035156,27.140657485103926,50.53536255907342,72.09027812541876,-3.1457659857562987,-1.2011765817103126,-1.9445894040459861,24.122712907942223,4.472639376877282,1.9611305254169107,1.0470498751552313,-65.5096427624838,143467670.0,152605784.95,-1.0
2025-08-06,194.63280269226047,195.9007676519233,192.77048766013135,195.51443481445312,7011622,206.67353912353522,196.47121490478517,199.08577233585473,203.31247959822397,217.8727467574296,192.57484693153523,205.22379684448242,31.072233110057578,50.53536255907342,72.09027812541876,-3.3932731322962297,-1.6395958918274962,-1.7536772404687335,26.63822470790422,4.376756563656902,7.5105589022095405,3.550569509225078,-59.228490252205866,150479292.0,151965828.75,-1.0
2025-08-07,193.77099177060208,197.3965862559458,193.1667260230448,196.7626037597656,6357907,206.624801940918,196.48770835876465,198.62113862063694,202.7170363401823,217.66951489356447,191.5546916494043,204.6121032714844,34.66899413651074,50.53536255907342,72.09027812541876,-3.4489501758875463,-2.0014667486395066,-1.4474834272480397,28.41128123116258,4.366263968602911,16.24221329610328,8.57130090790991,-55.03821682828325,156837199.0,151841383.15,-1.0
2025-08-08,196.73289045686667,197.8522566103829,193.9195789101661,194.5040435791016,7038453,206.51167572021487,196.50236930847169,197.79771961232987,201.97040063462947,217.87189022739574,190.25968631069014,204.06578826904294,31.46903937669686,50.53536255907342,72.09027812541876,-3.6334375586301633,-2.327860910637638,-1.3055766479925253,29.88499579628604,4.335293520861046,21.493485292376818,15.082085830229879,-62.62051146628757,149798746.0,151565467.35,-1.0
2025-08-11,194.50403568444415,196.13851728232973,193.81060459168336,194.84083557128903,8062362,206.32227325439453,196.53877380371094,197.20634280412173,201.32225835614398,217.5988726379455,189.15775120238644,203.37831192016597,32.469993474191874,50.73505597285163,72.09027812541876,-3.709705661873585,-2.6042298608848276,-1.1054758009887573,31.268347453734354,4.191909175845712,23.19076527433848,20.308821287606193,-61.48985480353932,157861108.0,151408136.1,-1.0
2025-08-12,195.1479116877515,195.395561321873,193.7313630359368,194.1374969482422,5218014,206.01875335693362,196.57473243713378,196.59257363294583,200.6690982281529,217.068345376446,188.1340288911321,202.60118713378904,31.43732637768493,50.73505597285163,72.09027812541876,-3.7832908105623915,-2.8400420508203403,-0.9432487597420511,32.56447333732448,4.011358397995034,19.333258250337643,21.33916960568431,-63.85105851016873,152643094.0,150732429.85,-1.0
2025-08-13,195.14793302092443,196.0394657550888,193.6026015535272,194.34555053710935,6992167,205.72593261718748,196.611037902832,196.14316901377856,200.09423025623985,215.7831737676669,187.58659399356347,201.6848838806152,32.12500163470036,50.73505597285163,72.09027812541876,-3.781231699903941,-3.028279980637061,-0.7529517192668802,33.477654122487465,3.8988945268212176,24.147636483842643,22.223886669506257,-60.40024689525916,159635261.0,150000044.55,-1.0
2025-08-14,194.5436622993976,194.8309292483352,193.1568302780863,194.0186462402344,2679922,205.50384033203122,196.65868568420407,195.71826445906976,199.54190443660298,214.6961731354797,187.0163238127624,200.85624847412106,31.588884067140885,50.73505597285163,72.09027812541876,-3.7626053126726617,-3.175145047044181,-0.5874602656284806,34.40321535013515,3.739980558494624,29.41703209188528,24.299308942021852,-57.54343450799847,156955339.0,149415298.25,-1.0
2025-08-18,195.544159409366,195.79180906166525,193.00822938827517,193.9492950439453,6237845,205.26629486083982,196.7121779632568,195.36447057604488,199.0334854009068,213.4183384372243,186.64183917508035,200.03008880615232,31.468901961131436,50.365075094236204,72.09027812541876,-3.710665585484037,-3.282249154732152,-0.42841643075188474,34.801240898269604,3.6716662095585852,36.89479218871048,30.153153588146132,-51.43250670156384,150717494.0,148842591.45,-1.0
2025-08-19,194.8408386290659,198.6645497821208,193.46390719680528,198.16925048828125,5129740,205.01567352294924,196.70895858764644,195.92542655849218,198.95491859066811,211.80818745564355,186.99095805216896,199.39957275390626,45.12672974235627,50.365075094236204,72.09027812541876,-3.291050657392276,-3.284009455264177,-0.007041202128098778,33.92735554726564,3.780878807826937,59.38136386689714,41.89772938249763,-27.65128293859639,155847234.0,148295998.0,-1.0
2025-08-20,198.61502476086275,199.34807318653836,197.3470597272272,197.83245849609372,5498900,204.79179840087886,196.69147460937498,196.3068329460125,198.85287676388862,210.05541537355236,187.48666226316647,198.77103881835941,44.3667704440519,50.365075094236204,72.09027812541876,-2.9516542697183468,-3.2175384181550113,0.2658841484366645,32.845508946183045,3.6537455686472393,78.8388605115882,58.37167218906527,-25.586070829001773,150348334.0,147743715.7,-1.0
2025-08-21,197.62443339032967,199.1103313857457,197.12913405852436,197.5550842285156,6033820,204.61963256835938,196.66928520202632,196.55648320251314,198.73489562430925,207.86998419893206,188.3466738210875,198.10832901000978,43.7138435469725,50.365075094236204,72.09027812541876,-2.6742350554818017,-3.1088777456203696,0.4346426901385678,31.901809129903967,3.534277837116818,96.11230611445365,78.11084349764633,-19.595727540458586,144314514.0,146619647.7,-1.0
2025-08-22,198.3124953398864,198.74102400041244,195.33267005187864,195.6715087890625,2466153,204.44268280029297,196.63639015197754,196.37948831982303,198.4564059120141,205.15315961003162,189.56061755061305,197.35688858032233,39.46632781862565,50.365075094236204,72.09027812541876,-2.5766649363014835,-3.0024351837565924,0.42577024745510883,31.51467713427381,3.5252832736466027,85.62196328553087,86.85770997052424,-23.009638396029565,141848361.0,145695548.5,-1.0
2025-08-25,195.67151235698657,197.2261985506133,193.9075496717454,194.34603881835935,6443184,204.2622055053711,196.5962734222412,195.9727984195303,198.08273617622731,203.4594011130404,190.0706602272917,196.76503067016606,36.759520179293034,51.65784482641263,72.09027812541876,-2.576592903993486,-2.9172667278039714,0.3406738238104854,31.51154273001779,3.510523674019554,71.47486486346261,84.40304475448238,-70.5237700522217,135405177.0,144777462.6,-1.0
2025-08-26,194.1267868846025,195.32271337981564,191.25660283386733,191.8047332763672,6681812,204.02476043701174,196.54354919433592,195.1391853908977,197.51200863987637,202.25119756544117,190.05300470506668,196.15210113525393,32.19964060769286,51.65784482641263,72.09027812541876,-2.749898814748775,-2.883793145192932,0.1338943304441571,32.09440950044638,3.5502084505858935,43.34338781112767,66.81340532004037,-93.22582400219864,128723365.0,143948114.35,-1.0
2025-08-28,190.84799214748443,192.02396725412456,189.85139688822863,191.1071014404297,7746254,203.79000488281253,196.48500885009767,194.33276860080412,196.92974434901757,201.04786107332438,190.03897669523036,195.54341888427737,31.06057909378481,51.65784482641263,72.09027812541876,-2.909993463195974,-2.8890332087935406,-0.02096025440243343,32.91119449933215,3.4518057302508955,20.500397306717108,45.1062166604358,-86.77743125324224,120977111.0,143249172.8,-1.0
2025-08-29,190.6486737932282,193.19995519246453,190.46927874121243,191.05728149414065,4184028,203.50848724365235,196.41992919921876,193.67767117947142,196.39588408948327,199.6642694906009,190.2527257486569,194.9584976196289,30.97630629235356,51.65784482641263,72.09027812541876,-3.006235665379137,-2.91247370011066,-0.09376196526847691,33.11099280041083,3.4002964960366957,2.673895117297381,22.17256007838072,-87.3020352802101,116793083.0,142621831.4,-1.0
2025-09-01,191.0572854123599,193.4391474932734,191.0572854123599,192.92091369628903,4546443,203.32684814453128,196.3604033660889,193.52631968283495,196.07997769010197,198.56337789498255,190.59302164115022,194.57819976806638,37.777243483072226,47.90659460070476,66.13828088942587,-2.8987141875406337,-2.9097217975966547,0.011007610056021022,33.18218519802595,3.327551460543556,16.02057402439398,13.064955482802823,-67.67798847048488,121339526.0,142652678.0,-1.0
2025-09-02,192.92090662151648,194.7446777188751,192.38273668100467,192.9009704589844,3069260,203.0736853027344,196.29602294921872,193.40124983806487,195.79097703272765,198.56557534936047,190.4592445969286,194.51240997314454,37.7343957251613,47.90659460070476,66.13828088942587,-2.783030847052828,-2.8843836074878895,0.10135276043506147,32.62722719571097,3.258579287495475,31.940214065993928,16.878227735895095,-67.88799075631809,118270266.0,143077477.8,-1.0
2025-09-03,192.84118275635976,194.00719738541503,192.1036967897037,192.5720977783203,8091723,202.82503967285157,196.2322766113281,193.23541942611598,195.49835164596334,198.55460941289775,190.26611965204367,194.4103645324707,36.98933581763661,47.90659460070476,66.13828088942587,-2.686915157697399,-2.844889917529792,0.15797475983239284,32.19024816746935,3.161787952368037,46.104759615999825,31.35518256879591,-71.35102003449434,110178543.0,141122035.85,-1.0
2025-09-04,193.80788085145448,194.00719686149344,187.75854034199187,189.25343322753903,7767020,202.4650476074219,196.19101600646968,192.4390221864006,194.93063178974293,198.90730692964928,189.41907093900306,194.16318893432617,30.45461361769156,47.90659460070476,66.13828088942587,-2.8457275001997857,-2.845057434063791,-0.0006700661359948512,32.82284041892094,3.382278564306146,30.084185591605845,36.043053091199866,-87.10135338845355,102411523.0,139069228.5,-1.0
2025-09-05,190.3496993693456,190.4393892953237,188.46613488961876,189.871337890625,4068142,202.09403564453126,196.16473220825188,191.92548532724547,194.47069598073222,198.94709259315835,188.81497558311122,193.88103408813478,32.83388311716233,47.90659460070476,66.13828088942587,-2.8884316415700084,-2.8537322755650343,-0.03469936600497414,33.41024750955456,3.281633981548918,19.56996782459989,31.91963767740185,-81.76977815264303,106479665.0,136869247.15,-1.0
2025-09-08,189.35309360709397,191.3163874257776,188.6355438252991,189.97097778320312,9815612,201.7325445556641,196.12275024414055,191.534583818437,194.06163069004774,198.70381238958993,188.37909318902342,193.54145278930667,33.23057145559866,46.96265942556093,66.13828088942587,-2.881024220824571,-2.859190664616942,-0.02183355620762928,33.50985193012002,3.2387203829010316,11.712074099321908,20.455409171842547,-80.9100377824778,116295277.0,134842151.05,-1.0
2025-09-09,190.3397339638929,191.3961225051893,189.2634092595051,190.97755432128903,3712535,201.4234790039063,196.0541020202636,191.42317791900743,193.78126011106966,198.62895687213512,188.10129978069693,193.36512832641603,37.261730772067004,46.96265942556093,66.13828088942587,-2.7620917973069083,-2.8397708911549353,0.07767909384802696,33.560800047846975,3.1597198730998306,28.021831671628547,19.767957865183448,-72.22481680258679,120007812.0,133352604.35,-1.0
2025-09-10,191.346288829544,196.22959949297996,191.0672433748812,195.4123992919922,5427537,201.1093997192383,195.98667678833,192.2210221936044,193.9295454911535,198.697325025634,188.09008799926838,193.3937065124512,51.23196988079026,46.96265942556093,66.13828088942587,-2.2836574872320625,-2.7285482103703607,0.44489072313829814,31.501258619608013,3.3091716801420517,55.94974273036789,31.894549500439446,-32.5757590101894,125435349.0,131731316.4,-1.0
2025-09-11,195.41240209565328,197.52517919893796,194.53539339308065,195.9804534912109,4449153,200.6957342529297,195.92957092285147,192.9729084531257,194.1159916729769,198.90663240789863,188.06507627130063,193.48585433959963,52.685297200513325,46.96265942556093,66.13828088942587,-1.8374763396604408,-2.5503338362283765,0.7128574965679357,29.3597254479426,3.2863584034074274,82.9764242389733,55.64933288032324,-25.13612216563532,129884502.0,130593386.8,-1.0
2025-09-12,195.9804539254756,196.28941123317517,193.21989597420628,193.69825744628903,4795808,200.25564239501955,195.84366905212391,193.11797825175842,194.07801583418708,198.86036744394403,188.04661192617317,193.4534896850586,46.668075992765296,46.96265942556093,66.13828088942587,-1.6490198391390152,-2.3700710368105042,0.7210511976714891,27.59806721532766,3.2708696073761034,90.97760356711402,76.6345901788184,-39.183610745750066,125088694.0,128866058.45,-1.0
2025-09-15,193.58863413044375,196.2096845964416,193.5388013248214,195.6017608642578,2036783,199.86867767333985,195.76352043151846,193.61473477425832,194.21653810964804,199.0201126348099,188.04517819770962,193.53264541625975,51.63018567305843,50.361534457268256,66.13828088942587,-1.3307300593581317,-2.16220284132003,0.8314727819618981,25.962241713613786,3.228013440536396,89.395538664905,87.78318882366409,-19.69375916170182,127125477.0,127374565.35,-1.0
2025-09-16,195.33266428038817,196.5983444752212,194.8841994700913,195.74127197265625,3513785,199.51758911132816,195.68783363342274,194.0400422139379,194.35515027901243,199.1961927553164,188.04829577007425,193.62224426269532,51.98281273280451,50.361534457268256,66.13828088942587,-1.0550636185822952,-1.940774996772483,0.8857113781901877,24.28958100070744,3.119879980864505,88.34221302890336,89.57178508697413,-18.265313711410425,130639262.0,126370653.75,-1.0
2025-09-17,196.3292629169786,198.8207510250621,196.24953347269957,198.2925567626953,5372024,199.22287567138673,195.6339672088622,194.89054512368938,194.7130963229836,199.22376623317572,188.03305291965634,193.62840957641603,58.01130158535226,50.361534457268256,66.13828088942587,-0.623540827104307,-1.677328162838848,1.0537873357345409,23.195614870485528,3.116994200260315,97.36460946178933,91.70078705186589,-4.774762274010369,136011286.0,125378856.35,-1.0
2025-09-18,199.319056423456,199.78745742259807,197.1365103225252,197.75439453125,6394641,198.9481076049805,195.5787473297118,195.4633150052015,194.98957797828052,199.20761052102222,188.04140223532545,193.62450637817383,56.40269241455854,50.361534457268256,66.13828088942587,-0.32127761204901617,-1.4061180526808816,1.0848404406318655,22.50481888176145,3.083705121675498,97.0008561380907,94.23589287626112,-16.90146234880864,129616645.0,124342271.9,-1.0
2025-09-19,197.75439765381105,198.8207619217964,196.9471578956436,197.2461395263672,2693450,198.65544769287112,195.5294062805175,195.81987990943466,195.1947199371975,199.1479077496771,188.07021053645573,193.60905914306642,54.855614636843896,50.361534457268256,66.13828088942587,-0.12134497828355961,-1.1491634378014173,1.0278184595178577,21.778749432891814,2.9972693291381605,94.2369754003175,96.2008136667325,-21.126738834438875,126923195.0,123472705.95,-1.0
2025-09-22,197.31590011760903,197.8839515057082,193.88761000547868,194.3360748291016,5221899,198.3622396850586,195.46115623474108,195.52311889336806,195.11666129100695,199.0081661491249,188.07640874101187,193.54228744506838,46.920071741427215,53.346518689020556,66.13828088942587,-0.19546166581861257,-0.9584230834048564,0.7629614175862438,20.57482817309407,3.0686316270732585,80.82071645446595,90.68618266429138,-45.31898056131381,121701296.0,122465352.7,-1.0
2025-09-23,195.33267021373092,195.33267021373092,193.21989313679063,194.46563720703125,3435579,198.14294555664063,195.36641159057604,195.3116225561007,195.0574772833728,199.0181088104779,188.0784259185261,193.548267364502,47.28570434525285,53.346518689020556,66.13828088942587,-0.24096735193495533,-0.8149319371108762,0.5739645851759209,19.693631808027998,3.000356302063761,69.79255506341516,81.61674897273286,-44.24188960573188,125136875.0,121951937.6,-1.0
2025-09-24,194.53539316335767,196.14988783726324,192.6418682379522,192.92091369628903,2934434,197.82955657958988,195.26627128601058,194.83348078413837,194.86324423000153,199.0215414060364,188.18661136495982,193.6040763854981,43.44337429170356,53.346518689020556,66.13828088942587,-0.39709969545356216,-0.7313654887794134,0.33426579332585127,18.535765398728838,3.0366179661528525,54.322733377959935,68.31200163194701,-60.65142748390579,122202441.0,121625891.4,-1.0
2025-09-25,192.9408531732217,194.654998279209,191.91436124667368,192.67176818847656,5665259,197.48939208984373,195.17266151428208,194.40113826500604,194.66401913531743,198.99206856424559,188.3725508815553,193.68230972290044,42.83874589319123,53.346518689020556,66.13828088942587,-0.5347751082870502,-0.6920474126809408,0.15727230439389062,17.739199590255616,3.0154764708944573,47.329914231389836,57.14840089092164,-63.80688993003807,116537182.0,121403894.95,-1.0
2025-09-26,191.944259003478,193.47900905960324,189.6321506305921,191.1669158935547,3860755,197.05929809570316,195.06969474792464,193.7542937907158,194.34610065879352,198.98635414684543,188.38922873889675,193.6877914428711,39.2825163265022,53.346518689020556,66.13828088942587,-0.7565913543094496,-0.7049562010066426,-0.05163515330280699,17.794198066892406,3.0748608964742212,30.216869515201346,43.9565057081837,-81.91279054836481,112676427.0,121198062.15,-1.0
2025-09-29,192.34288717511157,192.47244942644323,188.40633889864637,189.43283081054688,8268524,196.63612762451177,194.95523437499983,192.89000119468201,193.89943976349835,199.13783383231484,187.88894076485312,193.51338729858398,35.61365881995334,48.01816682919588,66.13828088942587,-1.0600884613269557,-0.7759826530707052,-0.2841058082562504,18.22343696639317,3.1456644415686963,16.17056424109808,31.23911599589642,-90.98074666615375,104407903.0,120351481.0,-1.0
2025-09-30,190.1503794928624,193.3394812976417,189.91119115494013,192.2731170654297,7294473,196.27214019775394,194.8532914733885,192.76662436883157,193.7515922454921,199.12780164730813,187.83618761050442,193.48199462890628,44.72057708406424,48.01816682919588,66.52048344424719,-1.0592147731440207,-0.8326290770853684,-0.2265856960586523,18.205023096081536,3.2000205876777055,16.799696975727823,21.06237691067575,-66.02462087846955,111702376.0,120023086.5,-1.0
2025-10-01,192.34288908200375,194.02713753866556,190.947661772434,193.1002960205078,5901005,195.91855468750003,194.76539047241195,192.8333586991668,193.69238349776626,199.141216909586,187.87559217244532,193.50840454101566,47.06865585846336,48.01816682919588,66.52048344424719,-0.9804736503945435,-0.8621979917472034,-0.11827565864734013,17.86169474571874,3.1914102432886944,30.601308536488883,21.190523251104928,-58.756627373812556,117603381.0,120394328.4,-1.0
2025-10-03,192.9508104623564,194.834374910765,191.55558316977115,191.71502685546875,6145378,195.5447924804688,194.66823516845687,192.6096923304272,193.51262380301193,198.972865525877,188.29010291894724,193.63148422241213,43.71944008843093,48.01816682919588,66.52048344424719,-1.0181142010025326,-0.8933812335982692,-0.12473296740426343,17.164937724323707,3.197651778839063,42.664752523847284,30.02191934535466,-70.92827080344335,111458003.0,120846652.4,-1.0
2025-10-06,191.5555807897382,193.4491056928397,191.14697308525905,193.00064086914065,5036576,195.18861968994148,194.57626976013168,192.6878820381699,193.4660798999327,198.8411155206811,188.73478322199483,193.78794937133796,47.456189780993974,48.51745567740328,66.52048344424719,-0.9334461161887759,-0.9013942101163706,-0.03205190607240538,16.680764523364257,3.133686123749177,46.736033187298545,40.0006980825449,-59.63224562835785,116494579.0,121347398.1,-1.0
2025-10-07,193.43915210537145,199.23932879262156,193.43915210537145,198.49188232421875,12430510,194.94445098876957,194.5271643066405,193.8486820953797,193.92297102941325,199.34832161403006,189.0796675827474,194.21399459838872,59.74912406639551,48.51745567740328,66.52048344424719,-0.41842540812405105,-0.8048004497179068,0.3863750415938557,16.912502647418055,3.3554719665871584,63.021445959684414,50.80741055694341,-11.383548072650008,128925089.0,121978888.7,-1.0
2025-10-08,199.81734941105563,202.8071351877797,198.67127094604612,201.920166015625,9371594,194.8591903686524,194.54601791381822,195.46297887942876,194.6499887554325,200.71073349841828,188.81151686779276,194.76112518310552,65.21997392712134,48.51745567740328,66.52048344424719,0.2633305454647825,-0.5911742506813689,0.8545047961461514,18.009255719886024,3.4240277449424292,84.29133530565935,64.68293815088077,-6.159167551199851,138296683.0,122893332.25,1.0
2025-10-09,202.80714145782295,207.20213033512488,201.46173173396735,206.63406372070312,13012847,194.91060516357427,194.58388435363753,197.69719584768364,195.73945011591164,203.30094276766198,187.3434740414201,195.32220840454104,71.04715809175475,48.51745567740328,66.52048344424719,1.1705063312119535,-0.2388381343027044,1.4093444655146579,19.848975605556216,3.58948280610065,99.99999999999999,82.43759375511458,-3.022307500812438,151309530.0,124187041.3,1.0
2025-10-10,206.2055230311961,209.4743541744747,205.82681197697983,207.59078979492188,5126420,194.9968060302735,194.6586791992186,199.6759146371313,196.81684463218528,205.5897297207218,186.21572071873132,195.90272521972656,72.06996229126838,48.51745567740328,66.52048344424719,1.9442375159234757,0.19777699574253166,1.746460520180944,21.90415481302035,3.593629905485953,99.99999999999999,94.76377843521976,-8.940397825294344,156435950.0,125514613.7,1.0
2025-10-13,207.39147672639956,212.77308497079505,206.6141336512499,212.2947235107422,15174980,195.18758636474615,194.7443141174315,202.19967641185352,198.2239245302359,208.9049378060692,184.7601592398292,196.8325485229492,76.47106787042509,60.38604872387346,66.52048344424719,2.9035231847979333,0.738926233553612,2.164596951244321,24.249073434844377,3.7768671493473254,99.99999999999999,99.99999999999999,-1.9631733290791598,171610930.0,127840725.5,1.0
2025-10-14,212.2149938220488,215.264572837486,211.278191859014,214.70648193359372,13286463,195.47117858886725,194.84349372863753,204.70103751620155,199.72233883963207,212.23908506945608,183.3364840833759,197.787784576416,78.35436119162108,60.38604872387346,66.52048344424719,3.8144026777926285,1.3540215224014154,2.460381155391213,26.71173738902059,3.791832422856233,99.99999999999999,99.99999999999999,-2.077913630371797,184897393.0,130729321.3,1.0
2025-10-15,214.36765213892727,216.44055695215403,213.3710568527525,215.5934600830078,7102306,195.89871246337893,194.94235343933087,206.87952202956282,201.16516804357533,215.2289665066939,182.33182145717325,198.78039398193357,79.01947490652394,60.38604872387346,66.52048344424719,4.555341817524749,1.994285581426082,2.5610562360986666,29.125022144337674,3.7402372568951825,99.99999999999999,99.99999999999999,-3.0216532793224227,191999699.0,133797343.15,1.0
2025-10-16,215.76287436318563,216.0319593420148,213.33117948923183,213.76968383789065,5674145,196.2818460083008,195.03679954528792,208.25755439122838,202.31103311578582,217.3105097692699,181.7979909021168,199.55425033569335,73.98545246863765,60.38604872387346,66.52048344424719,4.93845053915706,2.5831185729722774,2.3553319661847825,31.34799020540254,3.665990299458596,96.1341413879911,98.71138046266368,-9.527189626497146,186325554.0,136313056.55,1.0
2025-10-17,213.8593731361073,214.5370658202798,210.79983359628727,211.6569061279297,9465410,196.6310452270508,195.09928482055645,208.93742473856867,203.1606579350716,218.78056364107766,181.718188189977,200.24937591552734,68.5381635997362,60.38604872387346,66.52048344424719,5.013787634351814,3.069252385248185,1.9445352491036294,32.30607040721158,3.6710790083538765,88.08505776143798,94.73973304980967,-17.06361424133178,176860144.0,138675231.5,1.0
2025-10-20,215.76287453597203,229.11724498340828,215.28451306743247,226.30685424804688,55614063,197.24689361572266,195.2401213836668,212.4113106404643,205.26485759988756,223.50979743186502,179.89502587135763,201.70241165161133,79.6993602558611,62.75438960050661,66.52048344424719,6.184332073110852,3.6922683228207185,2.4920637502901335,34.67443558905545,4.656026140291356,88.08505776143798,90.76808563695567,-7.168257095338526,232474207.0,143952782.1,1.0
2025-10-21,227.6123966350811,228.5193019944793,226.22712979658257,226.66563415527344,2950169,197.84495422363278,195.3803249359129,215.26217534342615,207.21038274128628,227.49177304880635,179.1460061870335,203.31888961791992,79.8875381632938,62.75438960050661,66.52048344424719,7.0595691949588115,4.3657284972483374,2.693840697710474,36.87363182933904,4.48717943012031,91.95091637344686,89.37367729877427,-6.422943668480963,235424376.0,149638936.1,1.0
2025-10-23,226.66562981100165,230.4626553426889,225.72882782754175,227.08419799804688,16833570,198.4965573120117,195.4947359466551,217.6265798743503,209.0170932191736,230.94079047182376,178.95884484311765,204.9498176574707,80.1190716702305,62.75438960050661,66.52048344424719,7.698235061984491,5.0322298101955685,2.6660052517889223,39.050832617152004,4.504797150479369,99.99999999999999,93.34532471162828,-8.593154564940964,252257946.0,155994989.65,1.0
2025-10-24,227.22372619638907,231.4094233744288,226.1175048158437,226.62576293945312,25955732,199.132255859375,195.61126296997054,219.4264164873709,210.61788137556266,233.69103291077755,179.57908732848028,206.63506011962892,79.04575477891844,62.75438960050661,66.52048344424719,8.074314809971668,5.6406468101507885,2.4336679998208792,41.13764286878155,4.561020108201208,98.90465177470479,96.95185604938388,-11.88119550752339,226302214.0,161199978.3,1.0
2025-10-27,229.117245020649,234.39920295913657,227.24365626571583,233.2431488037109,21764115,199.9143688964844,195.79911399841296,222.1897629506389,212.6747238690307,237.34642031631128,179.98083798447,208.66362915039065,82.65736215112265,69.8909190814315,66.52048344424719,8.804831834632068,6.273483815047045,2.5313480195850238,43.27200854268008,4.790478673307082,98.90465177470479,99.26976784980319,-2.8223943362594706,248066329.0,167776435.65,1.0
2025-10-28,233.20329550498,235.82434595739903,231.55891937582075,234.97723388671875,15860246,200.72700256347656,195.99672508239735,224.7472571378549,214.7022247797296,240.58323956904366,181.12505053105411,210.85414505004888,83.46178742145561,69.8909190814315,66.52048344424719,9.415165842516103,6.9018202205408565,2.5133456219752466,45.342164856126686,4.7529749524693115,98.90465177470479,98.90465177470479,-2.280059107951171,263926575.0,175338943.05,1.0
2025-10-29,235.39580018436823,235.61505236073597,232.5056799785568,234.11019897460935,7589866,201.52883361816404,196.19896591186512,226.61984550520577,216.4665860701732,242.7539021396032,183.42212477690083,213.08801345825202,81.42804739172982,69.8909190814315,66.52048344424719,9.716887242114353,7.464833624855556,2.252053617258797,47.26445286146996,4.635574768877159,95.4574481952881,97.75558391489922,-4.988406794791588,256336709.0,182935383.35,1.0
2025-10-30,234.20984457337968,236.6315789420056,233.60192086170983,234.01052856445312,11944357,202.3300582885742,196.41091156005848,228.09798211705527,218.06148993328955,244.54619000582093,185.8035780605854,215.17488403320317,81.18314784233607,69.8909190814315,66.52048344424719,9.834593978401244,7.938785695564695,1.8958082828365495,49.11694186287633,4.5208664339784885,90.36788995228441,94.90999664075909,-8.508586935678785,244392352.0,189569882.15,1.0
2025-10-31,233.9009121828747,236.69138204413088,233.05381530808236,235.80441284179688,7758968,203.0827615356445,196.65332260131825,229.63926826200358,219.67448292497204,246.1282406323957,188.49193911613955,217.31008987426762,82.21964305832759,69.8909190814315,76.67269376840994,9.957841090455105,8.342596774542777,1.615244315912328,50.59715876141763,4.457773598412062,87.59344236509665,91.13959350422306,-2.948970566549358,252151320.0,196297279.1,1.0
2025-11-03,235.8143673596217,238.0766428750485,235.4655681400546,237.08004760742188,7840791,203.86771331787105,196.90894691467275,231.12742413108725,221.25680698701294,247.02264752018561,192.13403430354492,219.57834091186527,82.93931313884204,73.27267540316599,76.67269376840994,10.042682585869613,8.682613936808146,1.3600686490614677,52.079669548062284,4.325866536739336,90.96899816210258,89.64344349316121,-3.6536357953076415,259992111.0,203723984.5,1.0
2025-11-04,237.03021596528976,238.17630965278408,234.02050919121763,237.04019165039065,6499891,204.65741546630858,197.14039955139154,232.30997763494796,222.69166013822908,247.24120827189125,196.3194286299643,221.78031845092778,82.82651188601554,73.27267540316599,76.67269376840994,9.99152792518197,8.944396734482911,1.0471311906990586,52.80358379762546,4.313718959941274,94.63960806961437,91.0673495322712,-4.149978982133506,253492220.0,210573866.55,1.0
2025-11-06,237.1697428828015,237.5285177955151,234.24972598205693,235.02706909179688,4895857,205.44452667236322,197.35396080017085,232.85339592631777,223.81306095218977,247.20727616699153,200.00687941162184,223.6070777893067,77.12108338301876,73.27267540316599,76.67269376840994,9.67699494788721,9.09091637716377,0.5860785707234388,53.475789886505545,4.239795592335339,83.25149006240369,89.62003209804021,-11.503454843815996,248596363.0,216557430.25,1.0
2025-11-07,234.1998943216608,237.1896802066181,231.6286766357769,236.4521942138672,7026019,206.2866497802734,197.56830795288076,233.57315558382766,224.9620730668877,247.24573452846008,203.42162386997748,225.33367919921878,78.26262926454056,73.27267540316599,76.67269376840994,9.43397202728994,9.159527507189004,0.27444452010093556,52.931291119583435,4.3341675908000425,72.805671785355,83.56558997245767,-6.297799013133909,255622382.0,222423715.2,1.0
2025-11-10,236.44223008610024,238.07664573637769,235.7545769100794,237.6481170654297,7513078,207.2035174560547,197.80765411376944,234.38814788014807,226.1153497940279,247.5803386912411,206.1884250416691,226.8843818664551,79.20050553432353,73.4989016646917,76.67269376840994,9.231461054555893,9.173914216662382,0.05754683789351134,52.56281260040826,4.190446250478488,51.822891746518486,69.29335119809238,-2.3073444034199864,263135460.0,228015011.7,1.0
2025-11-11,237.62817395743392,237.7676966842276,234.2895737855928,235.08685302734372,7025378,208.08311248779293,198.02205909728997,234.52788890958723,226.9309409970566,247.13143505822475,209.38693499792763,228.2591850280762,72.0324315237623,73.4989016646917,76.67269376840994,8.763279416987558,9.091787256727418,-0.32850783973986,51.594474497395936,4.13956601106108,32.65212400758361,52.42689584648569,-24.819932809021918,256110082.0,232998718.3,1.0
2025-11-12,235.19648752820396,239.0931787466384,232.6850631492256,238.12648010253903,8593960,209.02449645996094,198.2599832916259,235.24760714817762,227.9487172793732,247.32659409900566,211.7749516163264,229.55077285766603,74.93206869776716,73.4989016646917,76.67269376840994,8.539081383102172,8.981246082002368,-0.4421646989001964,50.04598872134481,4.301605267229059,19.388299573470114,34.62110510919074,-7.233412606054923,264704042.0,237653373.9,1.0
2025-11-13,237.71787445826084,237.84743671277616,234.2098547625594,234.98719787597656,3764303,209.86582214355468,198.49335533142084,235.19552529373743,228.5885791517917,247.04152601310776,214.08809129646258,230.56480865478517,67.18470245066597,73.4989016646917,76.67269376840994,8.015689111892328,8.78813468798036,-0.7724455760880318,48.608109072154484,4.274106700996958,8.456694614465178,20.165706065172966,-31.643681033917225,260939739.0,241455491.2,1.0
2025-11-14,234.59852436912897,236.3824384478671,234.27962178499104,235.45559692382807,3078306,210.71691467285154,198.7258499145507,235.24753961975557,229.2128534947041,246.5638359329636,216.55199506068882,231.5579154968262,67.72096471409628,73.4989016646917,76.67269376840994,7.551642223885409,8.54083619516137,-0.9891939712759612,47.27293511219204,4.119014555416893,9.554889335024123,12.466627840986472,-30.698130061078288,264018045.0,245056408.5,1.0
2025-11-17,236.30270549386896,239.1729047427084,234.46897384348244,238.24606323242188,6245112,211.63039398193362,198.98537277221678,235.84724434228886,230.03405437995116,245.49682542437844,220.06664350872708,232.78173446655276,70.78409645464005,72.48242785593308,76.67269376840994,7.32461542486314,8.297592041101725,-0.9729766162385847,46.655783434359904,4.1607942942603975,8.469281149595933,8.82695503302841,-12.17288273651339,270263157.0,249253288.65,1.0
2025-11-18,238.62477535071787,245.90988438616648,238.1862709961248,243.6775054931641,24152192,212.7188754272461,199.25704521179196,237.41329657246393,231.27436811751596,243.43399663421047,225.33153223541848,234.38276443481448,75.63138658129068,72.48242785593308,76.67269376840994,7.4965514700774065,8.137383926896861,-0.6408324568194548,47.1538549174023,4.41528137253049,26.34062962403333,14.788266702884462,-15.631583350795353,294415349.0,255131048.9,1.0
2025-11-19,244.46482323457136,247.65392506323357,243.9864617619813,245.182373046875,15310593,213.8250961303711,199.57111106872554,238.96711186734618,232.53873220200313,244.760407482573,225.89267326693874,235.32654037475587,76.78084659503264,72.48242785593308,76.67269376840994,7.665874826366604,8.043082106790811,-0.3772072804242068,47.827607460019706,4.383934100926132,45.54579103267119,26.78523393543348,-15.422862413315041,309725942.0,258993635.65,1.0
2025-11-20,245.67069166899967,246.0394422552496,243.01975983890264,244.0960693359375,4639649,214.9075979614258,199.86944320678705,239.99290336106446,233.58939921417897,245.48236829233593,226.91375597524222,236.19806213378908,74.0649486666266,72.48242785593308,76.67269376840994,7.624518472428775,7.959369379918404,-0.33485090748962865,48.04302052842778,4.286487552027621,52.73181077853597,41.5394104784135,-22.201563635046462,305086293.0,262476731.5,1.0
2025-11-21,243.35859870480868,246.75699218731145,243.16924317252307,244.2256317138672,7135057,215.97255950927735,200.17446578979488,240.839449031625,234.55632944142337,245.95374441962423,228.15652321953598,237.0551338195801,74.18224685964474,72.48242785593308,76.67269376840994,7.515563131572378,7.870608130249199,-0.3550449986768207,48.343054664850804,4.236577656510533,49.6657459709523,49.31444926071982,-21.393074590298156,312221350.0,265474901.7,1.0
2025-11-24,244.2455670348549,250.36466129515333,243.62768284265263,247.32504272460935,16439268,217.0108123779297,200.4838411712646,242.13656777022192,235.71712155807666,246.69127616365998,229.48891945401581,238.0900978088379,76.87652404179609,75.67106265297366,76.67269376840994,7.591798279831579,7.814846160165676,-0.2230478803340965,49.07743750693754,4.4151777133669725,50.01605660835342,50.80453778594723,-16.223425807635916,328660618.0,270592821.9,1.0
2025-11-25,247.55425395899852,256.02531358200474,246.65732431694437,255.1184234619141,15576893,218.1935717773438,200.84763687133784,244.73293890856039,237.48087627660732,250.36609233326212,228.00163075023394,239.18386154174803,81.97125020746462,75.67106265297366,76.67269376840994,8.18670464249962,7.889217856632465,0.2974867858671555,50.30371728647408,4.768949967059358,68.79228376678498,56.15802878203023,-3.7172751395592396,344237511.0,275401381.0,1.0
2025-11-26,254.6300830987109,257.91883521592564,252.87608095574063,255.4971160888672,10148728,219.42954895019534,201.2308100891113,246.88577434462178,239.11871625954,253.35939344974665,227.06031785396428,240.20985565185546,82.17674479735116,75.67106265297366,76.67269376840994,8.589712690130398,8.029316823332053,0.5603958667983449,51.59242865960804,4.788507416568333,87.32033343326458,68.70955793613433,-9.211504448235065,354386239.0,279924364.2,1.0
2025-11-27,255.12838528757436,256.02531493436624,252.4375811403618,254.00222778320312,4560033,220.59755828857425,201.60319030761713,248.30906503233805,240.4717627616912,255.38051706260137,227.0283971219689,241.20445709228514,78.37887238783158,75.67106265297366,76.67269376840994,8.688320923119988,8.161117643289641,0.5272032798303474,52.60534128248055,4.702737872099483,91.55580380200986,82.5561403340198,-15.52129195100046,349826206.0,284598839.05,1.0
2025-11-28,254.48061292720544,257.3607574950221,252.99568047331084,257.0418701171875,5507931,221.82357025146487,201.97769279479976,250.05562604930793,241.9781361576454,257.7601392818438,226.95190905799998,242.35602416992188,80.3658873537685,75.67106265297366,76.67269376840994,8.909044472211804,8.310703009074075,0.5983414631377286,53.662581101224234,4.678619239928895,87.52954017559775,88.80189247029072,-3.4753626862447318,355334137.0,290145928.3,1.0
2025-12-01,258.81580025455173,258.81580025455173,254.9290696304596,255.72634887695312,5687469,222.97224609375002,202.34685600280756,251.189770614837,243.22797367758247,259.52949253828183,227.17474940507753,243.35212097167968,77.06493192212842,79.42347564239319,79.87843708825241,8.87550659011734,8.423663725282728,0.451842864834612,54.7677628190826,4.622055767369126,76.16392643417849,85.08309013726202,-11.823054838238367,349646668.0,295020695.7,1.0
2025-12-02,255.726360965134,261.10796952138946,255.726360965134,257.570068359375,8694935,224.1685595703125,202.70285018920893,252.4658301637446,244.53180046683633,261.4518672024336,227.3013768161211,244.37662200927736,78.40376845717304,79.42347564239319,79.87843708825241,8.895162435050025,8.517963467236187,0.3771989678138379,55.97597378773962,4.676310401445356,76.21928039855896,79.97091566944506,-13.152970733211134,358341603.0,299938170.3,1.0
2025-12-03,258.1181739888371,258.9652860479831,254.9789049825185,257.3707275390625,5218904,225.37105133056644,203.06567352294917,253.4468096388082,245.69897565522052,263.04048959675544,227.74580801066642,245.39314880371094,77.87446022242368,79.42347564239319,79.87843708825241,8.793291109259513,8.573028995640854,0.22026211361865933,56.75243977401435,4.627029734589589,70.32498041615987,74.2360624162991,-13.930198083934142,353122699.0,304919694.25,1.0
2025-12-04,258.11816255504283,260.3106842093964,256.1747897062444,257.76934814453125,5356973,226.639716796875,203.44480407714838,254.3113173399528,246.79628224515784,264.29563513466985,228.7648903780255,246.53026275634767,78.19152298389156,79.42347564239319,79.87843708825241,8.645067741520734,8.58743674481683,0.05763099670390304,57.59605816119436,4.591948646629764,70.03037933138289,72.19154671536724,-12.53283501084499,358479672.0,310413859.7,1.0
2025-12-05,258.1181736643203,259.36391774571183,256.0751655363078,258.3175048828125,5002265,227.91675415039063,203.8252885437011,255.11255484852478,247.84366612130825,265.4685168868369,229.778539692753,247.62352828979493,78.64471927193271,79.42347564239319,79.87843708825241,8.474146634904315,8.564778722834328,-0.09063208793001287,58.3299092071468,4.4988631868279265,63.90527394065813,68.08687789606697,-12.173899920641862,363481937.0,315806837.45,1.0
2025-12-08,258.3174974744773,259.01509589184565,254.48059973109577,256.5734558105469,5397988,229.18980499267582,204.20770172119137,255.4047350409292,248.63728336578447,266.1932911275528,230.94629932654883,248.5697952270508,73.41717968804356,79.75812400425498,79.87843708825241,8.104536193643412,8.472730216996146,-0.3681940233527339,58.2177159240505,4.5014083992509235,40.492504216136,58.14271916272566,-25.06889178331977,358083949.0,320554261.9,1.0
2025-12-09,255.57687041802043,262.30388852371243,254.72975835160585,259.9618835449219,11474245,230.53560729980472,204.61096984863278,256.3161647417278,249.66679247297878,266.93443412267294,232.69265938318645,249.8135467529297,76.66281974626011,79.75812400425498,79.87843708825241,7.992897904302055,8.376763754457327,-0.3838658501552725,58.50940218445395,4.7208885258834705,31.170227399255303,45.189335185349805,-12.144728014781226,369558194.0,326226667.5,1.0
2025-12-10,259.91202150543467,261.1079479362606,257.4703814618678,258.71612548828125,8102670,231.88659149169928,205.00538421630856,256.7961568910385,250.48945911073355,267.4740997029969,234.21195834143668,250.8430290222168,73.12772139721781,79.75812400425498,79.87843708825241,7.71496814141878,8.24440463184962,-0.5294364904308395,58.78025371197143,4.643508379348421,12.350841690256404,28.004524435215902,-18.750089011752568,361455524.0,331064241.6,1.0
2025-12-11,258.76594420063213,261.45676347476706,257.8191969846755,260.0116882324219,4776310,233.29816864013677,205.41048637390136,257.4392631593152,251.3551163036143,267.4164775537015,236.77202952637668,252.0942535400391,74.44737995501046,79.75812400425498,79.87843708825241,7.512646772408459,8.098053059961387,-0.585406287552928,59.073552854103596,4.5716553872586445,17.211987103190147,20.24435206423395,-12.273372495651813,366231834.0,336328846.35,1.0
2025-12-12,260.6096577652492,262.70251387210254,259.0649472938691,260.4601745605469,8484790,234.6619097900391,205.81540397644045,258.04344543956154,252.18284887242635,266.9327312291714,239.75623361457866,253.34448242187503,74.9067778048094,79.75812400425498,79.87843708825241,7.304295358220486,7.939301519613207,-0.6350061613927211,59.49523686853902,4.504934758042557,11.414546551467524,13.659125114971358,-13.975150021426863,374716624.0,341863775.3,1.0
2025-12-15,261.1079587082499,265.39330617043487,260.01169783704535,264.3468933105469,9935972,236.08684173583987,206.2239055633545,259.30413501375864,253.28867109407366,267.09790592706605,242.20114192449657,254.6495239257813,78.51225642093645,80.33660455022026,79.87843708825241,7.367868875785803,7.825014990847727,-0.45714611506192426,60.17662679285778,4.567554299138768,31.249228467305688,19.958587373987783,-8.076837517460744,384652596.0,347583247.25,1.0
2025-12-16,264.49636798221366,264.84518239547845,260.1611726486029,261.3072814941406,6068364,237.47868682861332,206.63964614868166,259.70476430983507,254.01763567589794,267.17910374537576,243.8829217062844,255.5310127258301,70.03698481514262,80.33660455022026,79.87843708825241,7.091236713301328,7.678259335338447,-0.5870226220371197,60.809346008296636,4.575872545405678,26.388083054371947,23.01728602438172,-31.53837139032889,378584232.0,351791691.4,1.0
2025-12-17,261.5065881799376,263.5994442929757,260.2608441142808,262.7025146484375,3437773,238.8727243041992,207.0554782867432,260.30431437755556,254.807170127947,267.39465826136666,245.4193813504498,256.40701980590825,71.55486506785326,80.33660455022026,79.87843708825241,6.90499094915279,7.523605658101316,-0.6186147089485265,61.39687099406129,4.487495947783479,24.733170233883527,27.456827251853717,-21.704087441691133,382022005.0,355406494.55,1.0
2025-12-18,263.1011411665695,265.84177805372127,262.1543635309934,264.4963684082031,7848032,240.19281402587893,207.4928107452393,261.14272518368506,255.68800633524302,267.3374587629409,247.51661075610215,257.4270347595215,73.41928439485676,80.33660455022026,79.87843708825241,6.823481992845046,7.383580925050063,-0.5600989322050163,62.18043767778663,4.4303472745652215,17.99639693613345,23.039216741462972,-11.842166431265277,389870037.0,359645681.75,1.0
2025-12-19,264.496378737935,267.33668134191663,264.1974123222207,266.93804931640625,7746013,241.49317169189453,207.9423516082764,262.3017900102293,256.71073751534874,267.23102589278227,249.89428538651455,258.5626556396484,75.74923932051108,80.33660455022026,79.87843708825241,6.8766391850777495,7.2821925770556,-0.40555339197785045,63.04959019039858,4.338127399217414,40.11702396849745,27.615530379504808,-3.1007272478330794,397616050.0,363915416.75,1.0
2025-12-22,266.9380503691105,270.1769850113756,266.9380503691105,268.2336120605469,7215889,242.7251626586914,208.40376907348636,263.48815442029286,257.7582715649122,267.5857251507193,251.63044306217125,259.6080841064453,76.90597646430062,82.01046745041974,79.87843708825241,6.943270033965575,7.214408068437596,-0.27113803447202045,64.09112398255236,4.2596137060568395,61.81861136777974,39.97734409080354,-12.381022229814286,404831939.0,367723982.8,1.0
2025-12-23,269.37969699725284,269.52921062295565,264.04793648164974,264.5462341308594,5290581,243.86427154541016,208.83753707885745,263.6997703624062,258.3753590709074,268.05426632182724,252.104682957958,260.0794746398926,67.09635738553517,82.01046745041974,79.87843708825241,6.6221982997121245,7.095966114692502,-0.4737678149803779,63.4978947905093,4.346875165717487,48.720702749691654,50.218779361989604,-35.87291455944597,399541358.0,370489175.15,1.0
2025-12-24,266.0909199974257,266.34006879892144,260.3106799681939,260.8587951660156,5763276,244.8355529785156,209.26757827758794,263.1315753231281,258.60112598864447,268.0288295511491,252.66628763635092,260.34755859375,58.99268150973212,82.01046745041974,79.87843708825241,6.001025048617578,6.876977901477518,-0.8759528528599398,61.31997319664983,4.4670547132182055,26.600075717327655,45.713129944933016,-59.36519573756194,393778082.0,372458767.3,1.0
2025-12-26,260.80900476390906,262.30389772874537,259.21444618534866,261.10797119140625,3931332,245.76358276367185,209.67410041809086,262.72685449678374,258.82902100707736,267.7820898730643,253.62360165525598,260.70284576416014,59.3499627095486,82.01046745041974,79.87843708825241,5.465840388975096,6.594750398977034,-1.1289100100019382,58.87817131486088,4.368654486802384,0.6101246252232598,25.31030103074752,-57.777721800465876,397709414.0,374852927.7,1.0
2025-12-29,260.6594731542288,263.1011436604867,259.3639115062184,262.0048828125,4625001,246.69181121826168,210.0839678192139,262.582460159927,259.11773571666123,267.8351589175086,254.06683388034287,260.9509963989257,60.67800651420879,75.75979592429417,79.87843708825241,5.055795894482344,6.286959498078096,-1.2311636035957516,56.78473713770876,4.323552891621377,3.4881330042364764,10.232777782262463,-52.90336174168251,402334415.0,377202941.6,1.0
2025-12-30,262.5530394669553,268.48276315249075,261.10796414116226,266.6889038085937,37037734,247.75019561767576,210.52334762573244,263.40374888966033,259.8060237250187,268.37743947929556,254.62080881172,261.4991241455078,66.78158132165429,75.75979592429417,79.87843708825241,5.050574151824719,6.039682428827421,-0.9891082770027015,55.82420038948272,4.541499043029028,16.789139553396,6.962465727618579,-27.450932809791173,439372149.0,381689215.65,1.0
2025-12-31,266.589244833349,268.1838034085452,263.2506444695234,266.19061279296875,6154254,248.84086975097654,210.96712066650392,263.96112167032203,260.38644091301416,268.85204950569613,255.0082532286787,261.9301513671874,65.6147736210522,75.75979592429417,81.08438408416755,4.949176931666216,5.82158132939518,-0.8724043977289639,54.93227340898711,4.569474749885654,27.487478596813663,15.921583718148712,-32.25797537386102,433217895.0,385433030.25,1.0
2026-01-01,266.73870255663434,266.73870255663434,263.6492513149907,265.3434753417969,2846254,249.62160217285154,211.40665802001956,264.237592404617,260.8370804065399,269.0607924517653,255.59678506288313,262.3287887573242,63.58089635037848,75.75979592429417,81.08438408416755,4.745755872113307,5.606416237938806,-0.860660365825499,54.1040554985269,4.463758785011224,32.4447071727007,25.573775107636788,-43.49795953233472,430371641.0,389295477.35,1.0
2026-01-02,266.5892223853942,267.8349664152325,264.94484634874215,266.0411071777344,3353300,250.40911163330074,211.85414115905763,264.59829535924047,261.31017374937574,269.3092971560691,256.1754562618996,262.74237670898435,64.55528384929308,75.75979592429417,81.08438408416755,4.58794925257132,5.402722840865309,-0.8147735882939884,53.52674519559112,4.35135601940259,28.64288689316291,29.52502422089242,-37.72737227458624,433724941.0,393057740.8,1.0
2026-01-05,266.0411066212784,266.19058982181184,260.4601672965416,262.8519897460937,6650072,251.12446746826166,212.29370246887208,264.2490342366111,261.45033883998644,269.1971454444886,256.74105645980825,262.96910095214844,57.04205652807113,77.33401572018542,81.08438408416755,4.157624735561967,5.153703219804641,-0.9960784842426742,51.18961106717197,4.449860769821707,17.334423224521988,26.140672430128532,-66.81842027223772,427074869.0,396237387.4,1.0
2026-01-06,263.1011526299684,264.0977479050819,253.93247914029143,255.82601928710935,10683533,251.70847259521477,212.6944687652588,262.5644312467108,260.93903706245214,269.32805969034996,256.5353985616032,262.9317291259766,44.69921569865944,77.33401572018542,81.08438408416755,3.2126192826519855,4.765486432374111,-1.5528671497221254,47.88515118266214,4.858104198033763,9.499186269621736,18.492165462435544,-88.3435041863078,416391336.0,399152756.75,-1.0
2026-01-07,255.82603123780663,258.2676715276894,252.33793240512864,257.6697082519531,6991588,252.1970037841796,213.10445350646975,261.58548664775924,260.6418253524068,269.512651310695,256.1215894119613,262.81712036132814,47.885915040308184,77.33401572018542,81.08438408416755,2.5826942522667764,4.328927996352644,-1.7462337440858677,45.17707695737581,4.934649549785691,3.298168113249462,10.043925869131062,-70.111776872291,423382924.0,401843993.25,-1.0
2026-01-08,257.619878953503,258.2676598004385,252.93588419571583,254.87924194335935,8212373,252.59504394531243,213.45665191650394,260.2442377068793,260.11795413340246,270.00089477878475,255.2496575893792,262.625276184082,43.77438330481751,77.33401572018542,81.08438408416755,1.8371295314530585,3.8305683033727274,-1.993438771919669,42.66243660532422,4.963015696566902,3.298168113249462,5.365174165373553,-85.75423485583099,415170551.0,404529744.6,-1.0
2026-01-09,254.67991968702057,257.5700550418892,253.6334916310653,254.43077087402344,4731961,253.00145538330068,213.80487449645997,259.08154434030814,259.6009374734589,270.51756086846757,254.1748997638566,262.34623031616206,43.133392491044695,77.33401572018542,81.08438408416755,1.1962862086866721,3.3037118844355167,-2.1074256757488445,40.327413421276304,4.889697676156686,3.298168113249462,3.298168113249462,-88.26821964658642,410438590.0,406740082.4,-1.0
2026-01-12,253.23486693210825,255.52702391246123,249.5972850331133,252.0389404296875,7290684,253.36202362060538,214.13737358093263,257.673023558184,258.9134831967524,271.2868791314891,252.56345808774907,261.9251686096191,39.787165412526896,66.40380663910864,81.08438408416755,0.4897668040231338,2.74092286835304,-2.2511560643299062,39.08299251999969,4.963986333527489,0.0,2.198778742166308,-87.75002753462765,403147906.0,408161646.5,-1.0
2026-01-13,252.2880850354321,254.1317923568341,246.0095470367916,248.45120239257807,12045490,253.614959411621,214.40983352661135,255.82865932506283,257.9623667600093,272.17428763661917,250.08648049082214,261.13038406372067,35.356344762980896,66.40380663910864,81.08438408416755,-0.3555567530641497,2.121626944069602,-2.4771836971337517,38.593197683901046,5.189576261135706,0.0,1.099389371083154,-89.13526509416332,391102416.0,408484137.5,-1.0
2026-01-14,247.6539281382448,247.6539281382448,241.47504041720936,246.00955200195312,11287769,253.7935494995116,214.6747905731201,253.8648378604409,256.8757472365496,273.31279417556857,247.41820100265411,260.3654975891113,32.68836910730319,66.40380663910864,81.08438408416755,-1.2085708901702787,1.4555873772216261,-2.6641582673919046,38.82242551929679,5.317189526438063,0.0,0.0,-83.21031495624719,379814647.0,408545658.25,-1.0
2026-01-15,246.00955200195312,246.00955200195312,246.00955200195312,246.00955200195312,0,253.9729367065429,214.95232826232913,252.29378068874337,255.88791130613174,273.9161716336964,245.14552727987777,259.5308494567871,32.68836910730319,66.40380663910864,81.08438408416755,-1.863113921918142,0.7918471173936725,-2.6549610393118144,39.035279937878556,4.93739027454963,0.0,0.0,-83.21031495624719,379814647.0,408435290.35,-1.0
2026-01-16,246.65732271686736,277.4521096521174,246.607489913335,269.3298645019531,66836048,254.65899261474598,215.3203652191162,255.70099745138535,257.1099070512064,274.66264306421107,244.8824054587381,259.7725242614746,63.33514249830068,66.40380663910864,81.08438408416755,-0.4943906399893194,0.5345995659170741,-1.0289902059063936,38.648694986843346,6.83061651566496,29.963709685391198,9.987903228463733,-22.57617233113406,446650695.0,411274323.25,1.0
2026-01-19,270.52580014523227,279.2958264185981,269.3298736471941,278.7477111816406,31846487,255.50490295410148,215.7595133972168,260.3103401974364,259.0769801539731,277.2520498565415,243.47396485293112,260.3630073547363,69.39530923208666,71.89367260165237,81.08438408416755,1.3348862036620517,0.6946568934660697,0.640229310195982,38.44379985615708,7.054569758592104,63.29704301872452,31.086917568038572,-1.4492433788587666,478497182.0,415318379.85,1.0
2026-01-20,277.0534683604472,278.8473275728517,268.73189227480003,272.31964111328125,13733716,256.19833343505854,216.1680071258545,262.7122003806054,260.2808584230011,277.94890061087426,243.1857170038718,260.567308807373,61.877658996903094,71.89367260165237,81.08438408416755,2.240087415272967,1.0037429978274492,1.2363444174455178,38.1446891150964,7.273203011410646,89.80364711990387,61.02146660800653,-18.445373676424094,464763466.0,418314956.2,1.0
2026-01-21,270.1769965588413,275.6582708031002,268.0343227097298,275.15997314453125,12133282,256.9997958374023,216.59228752136232,265.2017549333906,261.6335052158675,279.6029036000683,242.59308791604494,261.09799575805664,63.746511376371444,71.89367260165237,81.08438408416755,3.1503417754065595,1.4330627533432714,1.717279022063288,37.73361141554029,7.29825623155063,88.04363421363908,80.38144145075583,-10.935397466131413,476896748.0,422182725.7,1.0
2026-01-22,279.09649262033963,286.2221731170297,277.252815705595,281.2391967773437,16816171,257.8620501708984,217.0369094085694,268.4092433021812,263.41584081236533,282.6949441816473,241.5390874955988,262.11701583862305,67.42708685980807,71.89367260165237,81.08438408416755,4.312555005189665,2.00896120371255,2.303593801477115,38.244540799495056,7.567109355904044,86.25630429220578,88.03452854191625,-11.135856174547687,493712919.0,427179467.55,1.0
2026-01-23,282.2357852325633,283.88016130223224,276.6049977736972,277.6015930175781,12120387,258.7143380737304,217.45908370971685,270.2477132452606,264.70545464920286,284.6408110132021,241.2425828466611,262.9416969299316,63.28679478675004,71.89367260165237,81.08438408416755,4.883795782671598,2.58392811950436,2.299867663167238,38.594168717019265,7.546256082520543,87.53593132827095,87.2786232780386,-19.265100531203807,481592532.0,431373623.45,1.0
2026-01-27,278.05007399401234,284.7272743163271,278.05007399401234,283.9798278808594,12030692,259.684822692871,217.9339022827149,272.9941361723804,266.45767039753525,287.67861712313913,240.40227124356008,264.0404441833496,67.10135436308491,74.39524669673177,81.08438408416755,5.784498366286186,3.2240421688607253,2.560456197425461,38.98664673763176,7.516215026536861,90.58244240157103,88.12489267401591,-5.011148426453948,493623224.0,435938063.9,1.0
2026-01-28,285.4747274062768,285.4747274062768,281.2391975065616,283.4815368652344,10075884,260.5895321655273,218.40761619567877,275.0916163109512,268.00529462187154,290.05720587079617,239.70294580156707,264.8800758361816,66.51986643650703,74.39524669673177,81.08438408416755,6.384507108711716,3.856135156830924,2.5283719518807923,39.413472242589464,7.28188037462103,89.7586014419623,89.29232505726809,-6.124719253366406,483547340.0,438146823.45,1.0
2026-01-29,283.4815499277359,288.6140097246833,283.0330698698663,286.6208190917969,15848490,261.4483984375,218.8998497009278,277.39745686712035,269.69761502822837,292.8949192790029,238.9082530232431,265.901586151123,68.37902592685677,74.39524669673177,81.08438408416755,7.032268584711517,4.491361842407043,2.5409067423044736,40.069229728451816,7.160384623206454,94.38282338545666,91.57462240966333,-4.228328837411355,499395830.0,441455720.2,1.0
2026-01-30,285.6740332896603,287.6672238661292,281.53816892622245,286.7702941894531,4286394,262.2801568603515,219.3904531097413,279.2720243315869,271.24967677015786,295.52860204849924,238.4172521385124,266.9729270935058,68.46880869957644,74.39524669673177,81.08438408416755,7.471558141108858,5.087401102147407,2.384157038961451,40.330726201376244,7.0867182172564736,95.62459976511215,93.25534153084371,-3.9112342978993353,503682224.0,445121249.35,1.0
2026-02-02,283.8303074022988,283.8303074022988,275.06028160359523,280.3422241210937,7143698,263.00507995605466,219.8416848754883,279.4860642894883,272.0762719838793,296.8550874647323,238.52087841661526,267.6879829406738,60.511727978840796,76.85434031636669,83.48251239719272,7.217804390484332,5.513481759814793,1.7043226306695392,39.21312644891181,7.416953529299433,90.16864834989217,93.39202383348699,-17.547659028425322,496538526.0,448261928.6,1.0
2026-02-03,292.9990140310311,297.23454399576536,282.3852803197847,284.5279541015625,8832776,263.8111264038086,220.29888725280765,280.49444225190314,273.2082430854868,298.780991541058,238.76257077583656,268.77178115844725,63.48736186199616,76.85434031636669,83.48251239719272,7.270644676722043,5.864914343196244,1.4057303335257991,39.40176827662031,8.093765411111736,85.72656006156338,90.50660272552255,-22.788204841711625,505371302.0,452176750.25,1.0
2026-02-04,284.5279533163869,287.31840794351217,281.7374986892616,286.4214782714844,3498764,264.59305511474605,220.7659039306641,281.6798494558194,274.40944628421386,300.64950232313356,239.9536058921984,270.301554107666,64.78031033661375,76.85434031636669,83.48251239719272,7.380237772922271,6.167979029141449,1.212258743780822,39.45812864379087,7.914275685621653,82.37705871347697,86.09075570831084,-21.108965181658125,508870066.0,456800686.75,1.0
2026-02-05,286.91978552125966,288.16552966681365,284.4282972301517,286.6208190917969,2481799,265.22310302734377,221.19830535888676,282.66804338301495,275.5195710849032,302.3211534777532,241.17706582156313,271.7491096496582,64.92113980828377,76.85434031636669,83.48251239719272,7.397897867885604,6.413962796890281,0.9839350709953232,39.57986287990826,7.615915453553102,73.65602130906223,80.58654669470086,-20.964531901633755,511351865.0,461199133.8,1.0
2026-02-06,288.0160386479393,288.16552185862025,283.38187663478175,285.8235168457031,5682140,265.82963104248046,221.6287014770508,283.2991380755526,276.4562934267941,303.40212261653244,243.19052417301836,273.2963233947754,63.82190812061378,76.85434031636669,83.48251239719272,7.263825137836477,6.58393526507952,0.6798898727569567,39.47961302028244,7.413610437144916,58.10824849567905,71.38044283940607,-39.07856395430584,505669725.0,465724092.5,1.0
2026-02-09,287.7170496617946,287.7170496617946,283.6310032128152,285.67401123046875,3613561,266.4630667114258,222.06761207580573,283.77411270653585,277.2942677725827,304.0716656681447,245.64530515705067,274.8584854125977,63.604432945752464,76.04219483462309,83.48251239719272,7.064077392704235,6.679963690604464,0.38411370209977047,39.38652386491562,7.175927295133095,41.92154288500885,57.89527089658337,-39.59056560583398,502056164.0,470304971.2,1.0
2026-02-10,285.5245311591771,287.11908959742533,280.1429230420528,281.2890014648437,5142766,266.94800933837894,222.47404785156255,283.27709045819745,277.6574253809701,303.58785143794637,249.0541254907646,276.3209884643555,57.42384337756191,76.04219483462309,83.48251239719272,6.477276216294854,6.6394261957425424,-0.1621499794476886,38.55398762246999,7.161658670864482,25.37636925235227,41.80205354434672,-54.60760853393707,496913398.0,474993245.8,1.0
2026-02-11,280.9401999072407,292.5007110963385,278.69786055471343,289.51092529296875,16329588,267.62370086669927,222.9483888244629,284.52385742515173,278.7350162820609,302.8451952728878,253.9027539458622,278.373974609375,64.40757666564326,76.04219483462309,83.48251239719272,6.599596554784171,6.631460267550868,-0.03186371276669764,38.35694036049865,7.636029518775952,34.03244911571844,33.77678708435985,-34.83145714702046,513242986.0,481100274.3,1.0
2026-02-12,291.60377134165617,292.2017345643612,285.12590232530965,286.1224975585937,9229784,268.1947494506837,223.38924476623535,284.84358545184017,279.4066054890184,299.71937848907373,261.0398652853403,280.379621887207,60.03689781891021,76.04219483462309,83.48251239719272,6.349920572741212,6.575152328588937,-0.2252317558477248,38.17396790295383,7.596015427367064,28.96278213537889,29.45720016781653,-50.11236108171697,504013202.0,487310202.05,1.0
2026-02-13,286.0726458670056,289.5607291386087,284.12930343531593,287.3183898925781,6202181,268.79370269775393,223.81829887390137,285.3385463399878,280.1258586166147,293.28503051176887,271.6050970517077,282.44506378173827,61.04172233609673,76.04219483462309,83.48251239719272,6.177340538549686,6.4955899705810864,-0.31824943203140066,37.77704539113762,7.44140187564747,39.88141897746344,34.29221674285359,-44.71920611297849,510215383.0,493830238.85,1.0
2026-02-16,286.1723144686262,288.76346815168654,284.3784552184852,288.0160217285156,4743148,269.39863616943364,224.28422439575195,285.8740414176934,280.8431461722421,292.55275041066056,274.20599287547225,283.3793716430664,61.64754166965621,76.46507698430968,83.48251239719272,6.027382760342789,6.401948528533428,-0.3745657681906387,37.40847448730828,7.22308837975846,31.551726321070277,33.46530914463753,-41.57307289059975,514958531.0,497245630.65,1.0
2026-02-17,288.0160298369674,290.0590379523484,281.6378262624129,287.8665466308594,7052510,269.9896170043946,224.78486587524412,286.2725424603266,281.48163712302545,292.9456484756196,274.72497835543504,283.8353134155273,61.42713189199549,76.46507698430968,83.48251239719272,5.829282410534688,6.287415304933679,-0.4581328943989913,36.40825174781977,7.308668616199677,35.74740592878649,35.72685040910673,-42.24716565189508,507906021.0,498716072.6,1.0
2026-02-18,288.0160338733044,292.0024149649764,286.8699553921835,289.8597412109375,5124162,270.65534271240244,225.28561691284176,286.9899822104488,282.2432829491993,292.4248064403827,276.9998304004375,284.7123184204101,63.31085976289648,76.46507698430968,83.48251239719272,5.766646292024234,6.183261502351791,-0.41661521032755733,35.755058652002745,7.153225113099196,42.595586255428046,36.631572835094936,-33.25839053583108,513030183.0,501129408.45,1.0
2026-02-19,291.0556219692957,291.4044363791905,286.5211258816807,287.3183898925781,3644333,271.2024728393555,225.7945628356933,287.05566374687464,282.70465630768825,291.6563461944439,278.98413232118105,285.3202392578125,59.33228951490149,76.46507698430968,83.48251239719272,5.449126763042614,6.036434554489956,-0.5873077914473424,35.06086370943117,6.99108835484281,38.33364855504639,38.892213579753644,-44.71920611297849,509385850.0,502753863.55,1.0
2026-02-20,288.56415637603914,292.2017535447497,286.0726681309907,291.6037902832031,5030819,271.860226135254,226.30571807861327,287.9652890541403,283.5136684872805,292.45824089003395,279.21869697617694,285.83846893310545,63.49789478192181,76.46507698430968,83.48251239719272,5.480114892431175,5.9251706220782,-0.44505572964702544,34.5387503560831,6.929516716193968,53.2573775125384,44.72887077433761,-30.376273784188335,514416669.0,503789051.05,1.0
2026-02-23,292.8993409729991,295.5901603417706,287.01943501888854,295.1915283203125,6561111,272.5638229370118,226.85680335998532,289.41053690737476,284.5752921084652,293.40361194852096,280.03231944796346,286.7179656982422,66.58390975770702,77.68129941155154,83.48251239719272,5.7281432145143185,5.885765140565424,-0.1576219260511058,34.54901932741441,7.046745902385976,68.82389367714562,53.47163991491013,-2.3598445829356884,520977780.0,505758313.45,1.0
2026-02-24,295.4406660085937,298.97856688459234,293.9955907698492,294.64337158203125,9095061,273.2474868774415,227.4019284057617,290.4571038423061,285.4905720606076,294.67718474145954,279.8251010251421,287.2511428833008,65.67038899837905,77.68129941155154,83.48251239719272,5.813461810078252,5.87130447446799,-0.05784266438973784,34.99543973093851,6.899333774697204,90.34789826384232,70.80972315117545,-21.37595817446548,511882719.0,506671288.2,1.0
2026-02-25,295.3409976836156,300.0249769401334,295.3409976836156,298.0816345214844,5928219,273.92218170166024,227.92922706604006,291.9820099781418,286.6352141025055,296.6185869698365,279.3437085623901,287.9811477661133,68.58208175165049,77.68129941155154,83.48251239719272,6.088333972028295,5.914710373980051,0.1736235980482439,35.537687297931576,6.790924602083271,96.67571273898164,85.28250155998985,-9.112073022574997,517810938.0,508384468.1,1.0
2026-02-26,298.7792520623449,300.6728074207454,296.03861504891427,298.48028564453125,12490528,274.66564178466797,228.4404901123047,293.28166511141967,287.7120387881442,298.3691197717291,278.7791224157708,288.57412109374997,68.91132544063206,77.68129941155154,83.48251239719272,6.266108160328713,5.984989931249784,0.28111822907892936,36.12215101619595,6.636872299922405,96.67571273898164,94.56644124726853,-9.9773700914075,530301466.0,509929749.9,1.0
2026-02-27,298.48028713086427,300.9717753372989,295.73965010378623,298.8291015625,6871717,275.3881735229492,228.95280387878418,294.39115240163574,288.7226808585401,299.94117911400593,278.4129438107987,289.1770614624023,69.21531783271848,77.68129941155154,83.48251239719272,6.361807063019398,6.060353357603707,0.3014537054156916,36.70392053414672,6.536533223750279,99.99999999999999,97.78380849265442,-9.619655079555656,537173183.0,511604297.85,1.0
2026-03-02,289.01261179345266,298.33078311849323,288.0658341755569,293.9457702636719,6275477,275.9771615600586,229.43767967224122,294.30207597404296,289.1975071680975,299.97026316264567,279.74421437641695,289.8572387695313,60.322410392347,79.59585696171014,84.70606217897087,5.974732116069731,6.043229109296912,-0.06849699322718106,35.0627152893344,6.83844280683548,70.00613187781904,88.89394820560022,-31.54364709664863,530897706.0,513322256.85,1.0
2026-03-04,289.95941022610947,292.74986485758,282.1859487578567,285.4747314453125,8763077,276.3478952026368,229.87925910949707,292.5366070682969,288.8590730114807,299.92096707227415,279.8881882011634,289.9045776367188,48.64633594333517,79.59585696171014,84.70606217897087,4.927627769091146,5.82010884125576,-0.8924810721646139,32.78570993902093,7.189969856762602,36.672798544485715,68.8929768074349,-80.154570760282,522134629.0,514160423.2,1.0
2026-03-05,286.7702806784867,290.6071784401516,284.22897497869053,288.7136535644531,6014011,276.7574960327149,230.32281814575194,291.7720163675282,288.84585306175086,299.91955202854933,280.1188207741851,290.0191864013672,52.43716675882507,79.59585696171014,84.70606217897087,4.3094671219130305,5.517980497387214,-1.2085133754741832,30.671347828015566,7.131986542812491,9.482745800466247,38.720558740923664,-63.40205886219361,528148640.0,515124351.9,1.0
2026-03-06,285.4248705261223,290.2583635207038,284.62760649994664,285.5245361328125,3826606,277.177062072754,230.76895568847655,290.52252032058504,288.5439151591201,299.9556819164889,279.97306259034707,289.964372253418,48.63065012839441,79.59585696171014,84.70606217897087,3.521639957959735,5.118712389501718,-1.5970724315419833,28.708011582082012,7.024755862665684,6.143280589313858,17.432941644755275,-79.89696851199277,524322034.0,515772860.35,1.0
2026-03-09,279.04667682207145,279.79412327784485,267.7851623872218,272.3694763183594,12304998,277.4072756958008,231.13614303588864,286.8919115201399,287.07351162814183,301.92044185422185,276.6628985998798,289.2916702270508,36.77246439139696,68.02428592150731,84.70606217897087,1.8148573234193464,4.457941376285244,-2.6430840528658974,29.286345691484296,7.790085711446041,6.143280589313858,7.256435659697987,-86.18625546983723,512017036.0,516090225.9,-1.0
2026-03-10,276.3060468590778,280.1927624454155,274.3128562595533,275.060302734375,10974726,277.6863223266601,231.51505096435545,284.5255897629869,285.9814017287085,302.83873671269293,274.6832328917993,288.7609848022461,39.99553119565294,68.02428592150731,84.70606217897087,0.6716051463714052,3.700674130302476,-3.029068983931071,29.7376349864209,7.792457169703904,3.31153239452817,5.199364524385294,-78.07808721517546,522991762.0,517137005.8,-1.0
2026-03-11,275.7579080802023,276.0568744791512,267.7851463623929,268.5325927734375,9571287,277.81687652587885,231.85012657165527,281.326990365077,284.3951463691384,304.5810259061245,271.66530282922713,288.1231643676758,35.295103633334385,68.02428592150731,84.70606217897087,-0.7524878683862539,2.8100417305647305,-3.5625295989509844,30.773004304933902,7.826690808779219,3.31153239452817,4.255448459456732,-97.74774831270207,513420475.0,517962359.65,-1.0
2026-03-12,264.845185907101,271.22338938148937,263.9482562708652,269.3298645019531,7972457,277.8696957397461,232.19676666259767,278.9275651924522,283.0255752903033,305.567404910708,268.6608177455422,287.1141113281251,36.28009229436066,68.02428592150731,84.70606217897087,-1.7960548746152654,1.8888224095287316,-3.684877284143997,32.04585725415274,7.787293830339571,4.279478975718643,3.634181254924994,-85.46435247975388,521392932.0,518369856.95,-1.0
2026-03-13,267.7352971707029,268.83155798479333,261.25742830359945,262.15435791015625,7258500,277.7889706420898,232.50465644836427,275.5729237359931,281.12819189210813,307.4894291838934,264.3419795075129,285.91570434570315,31.615393896878487,68.02428592150731,84.70606217897087,-3.1656015748569075,0.8779376126516039,-4.043539187508511,33.432526864857536,7.807661142340579,0.9679465811904732,2.8529859838124287,-97.74154764323404,514134432.0,518875918.45,-1.0
2026-03-16,261.107962028342,264.5960454905526,256.1748032520315,259.9618835449219,12531069,277.6813388061523,232.80584342956544,272.45071569777883,279.2039820423639,309.0212199765931,260.07453808004755,284.5478790283203,30.33210517093825,53.35197880397871,84.70606217897087,-4.377431257174749,-0.1731361613136666,-4.204295095861082,35.073334954026315,7.851488363496333,0.9679465811904732,2.071790712699863,-91.54612439947508,501603363.0,518445317.45,-1.0
2026-03-17,259.9618772942809,265.59263437944054,254.92906823559204,263.6492614746094,12836887,277.6335018920898,233.12809242248537,270.690424853145,277.78991653620443,309.44677965890713,257.2123023723429,283.329541015625,35.1031879962162,53.35197880397871,84.70606217897087,-4.982835404119157,-1.1350760098747648,-3.8477593942443926,36.67847762796853,8.052351062092917,4.090096555531128,2.008663239304025,-81.0606417651449,514440250.0,518419403.4,-1.0
2026-03-18,264.0977531419055,271.7715490779138,264.0977531419055,270.5756225585937,7002312,277.7879745483398,233.48016876220706,270.66746439423474,277.13407162914893,309.0896863455073,255.84030327851622,282.46499481201175,42.99967236699261,53.35197880397871,84.70606217897087,-4.847840214494283,-1.8776288507986685,-2.970211363695615,36.788196292284596,8.05734652932231,14.949596348960656,6.669213161894085,-66.01730152738648,521442562.0,519096230.45,-1.0
2026-03-19,265.5428050358095,268.23359384615355,261.4567586049108,264.9946594238281,9790533,277.97134735107414,233.78358726501466,269.53290340015343,276.0304887013925,308.7009929001493,253.74248854516333,281.2217407226563,38.89316666193893,53.35197880397871,84.70606217897087,-5.132033746598609,-2.5285098299586566,-2.603523916639952,37.12600709405877,8.133169202490922,22.288720274983078,13.77613772649162,-78.13857650463184,511652029.0,519027322.75,-1.0
2026-03-20,267.13736008716245,273.3660807608388,265.0943518716667,266.19061279296875,14660431,278.14176544189445,234.06797286987305,268.8644452787165,275.13595452789946,308.27497076299977,252.05573297235182,280.1653518676758,40.210874892648974,53.35197880397871,84.70606217897087,-5.200804094195064,-3.062968682805938,-2.137835411389126,36.42252410189404,8.150187212099478,29.17858279709271,22.138966473678813,-74.05276591544686,526312460.0,519873653.25,-1.0
2026-03-23,262.1045516483751,262.4035180589305,252.43758073160848,253.4840087890625,13966492,278.11386077880854,234.2904599761963,265.78835798078575,273.1675958243688,308.21236461644463,248.30636096949277,278.2593627929687,32.252964404831864,55.15120768117261,84.70606217897087,-6.209047801664042,-3.692184506577559,-2.5168632950864827,36.86469506271918,8.550390415618107,21.21564318175713,24.227648751277638,-97.40419556931072,512345968.0,519770118.2,-1.0
2026-03-24,261.3571133858817,263.0014895227339,256.72295139523493,261.60626220703125,6880170,278.2573706054686,234.57287498474122,264.95193882603485,272.1165654955199,306.3010651028125,246.85913387179681,276.58009948730466,40.37583543243703,55.15120768117261,84.70606217897087,-6.28029490321444,-4.209806585904936,-2.070488317309504,37.16714629587483,8.619468295479056,29.021964898830564,26.472063625893465,-75.97909848190346,519226138.0,519682536.1,-1.0
2026-03-25,264.59604003608723,272.96743409008747,263.8984111925565,270.0274963378906,9709681,278.6171417236327,234.89387962341308,265.967050328406,271.9266501175536,303.9378672208217,246.76074422937364,275.3493057250977,47.415627714506016,55.15120768117261,84.70606217897087,-5.592765608768389,-4.486398390477627,-1.106367218290762,35.83505374479851,8.815304266020282,49.16200759052301,33.13320522370357,-53.49140258579273,528935819.0,520535191.1,-1.0
2026-03-27,268.0841207503449,270.02749364244306,264.3967061805028,268.3830871582031,16383055,279.0157794189452,235.18229347229,266.45025769436546,271.6045080303399,300.49981981421604,247.22893689965107,273.86437835693357,46.266875030306316,55.15120768117261,84.70606217897087,-5.121545775786956,-4.613427867539492,-0.5081179082474634,34.59811066165621,8.587838972546535,77.35733691927197,51.84710313620852,-42.54944323184727,512552764.0,520272282.4,-1.0
2026-03-30,267.08754086314394,267.08754086314394,256.27447575665855,258.5168151855469,10978564,279.26592468261714,235.42974647521967,264.86356919260174,270.41471777172234,296.65849089179005,247.07391877617863,271.86620483398434,40.00446654780857,56.14079599208674,84.70606217897087,-5.481044288782243,-4.786951151788043,-0.6940931369942005,34.21424749165904,8.839322717474968,81.08458249506475,69.2013090016199,-78.09693873877886,501574200.0,518835919.1,-1.0
2026-04-01,265.5428253158999,269.1803920160476,262.0048938131108,266.6889038085937,8296508,279.67951171875,235.7323741149902,265.22863611580016,270.0760074114379,291.6221235263228,248.89626636625525,270.259194946289,46.46772593727635,56.14079599208674,66.8723421366061,-5.048336119190367,-4.839228145268508,-0.2091079739218591,33.53310319197638,8.969626582691095,81.44837010072284,79.96342983835319,-39.662365736622064,509870708.0,517470795.35,-1.0
2026-04-02,263.00149783461654,266.0411317969102,255.626698578252,264.6458740234375,5537579,279.58583190917966,236.03300849914547,265.11208369732765,269.5823589216197,287.12054719459155,250.46785307396314,268.79420013427733,45.15796116269607,56.14079599208674,66.8723421366061,-4.814765586056012,-4.834335633426009,0.01957004736999668,33.45747936284929,9.11909648609471,79.28465968955089,80.6058707617795,-41.666658982832104,504333129.0,516142566.5,-1.0
2026-04-06,264.4963851771206,271.27325143047625,260.8090008342876,270.5756225585937,9297534,279.4223901367187,236.36903709411618,266.20479146958087,269.67265561589005,284.6507373462703,251.44775203361252,268.0492446899414,49.598461824620706,53.955368062748704,66.8723421366061,-4.103871232949075,-4.688242753330623,0.5843715203815476,32.5945208953385,9.215178922529994,93.7453018039956,84.82611053142311,-13.333292870238022,513630663.0,515717368.2,-1.0
2026-04-07,269.0807359932743,275.9572376081451,265.54283477809213,274.21319580078125,8015264,279.4602612304687,236.7217181396484,267.80647233582096,270.0854319963347,281.1624506044714,253.4859929990442,267.3242218017578,52.15758726393991,53.955368062748704,66.8723421366061,-3.2099581764890672,-4.3925858379623115,1.1826276614732443,31.145285170273226,9.300837773067347,95.59484576233761,89.54160241862803,-7.415251916807075,521645927.0,515392232.55,-1.0
2026-04-08,285.3750617964899,287.8167019610625,281.5879815203048,283.4815368652344,7811348,279.6266925048828,237.1249014282226,270.9414852417037,271.3032597116892,280.51399604974307,253.93014762701472,267.2220718383789,58.00803288243011,53.955368062748704,66.8723421366061,-1.7336633815114624,-3.860801346672142,2.1271379651606797,29.39960202999555,9.60817122929691,99.99999999999999,96.4467158554444,-12.253456120947948,529457275.0,515648994.6,-1.0
2026-04-09,283.13271313960973,285.0262380086811,280.6412250451283,282.3354187011719,4273025,279.64861694335934,237.51091270446773,273.2202719335973,272.3061832561876,282.4898888800797,252.95084903495942,267.72036895751955,57.07850897349054,53.955368062748704,66.8723421366061,-0.6486935423344562,-3.218379785804605,2.569686243470149,27.669278771385898,9.235088496029476,98.79696960134524,98.1306051212276,-15.492988715975574,525184250.0,516307355.3,-1.0
2026-04-10,283.03305251303925,291.7532609971558,283.03305251303925,290.70684814453125,8640231,279.9107220458984,237.95443260192866,276.7175871757841,273.97897097330974,286.26381160570725,250.74158085034742,268.50269622802733,61.88298684998255,53.955368062748704,66.8723421366061,0.8765529088253743,-2.3993932468786094,3.2759461557039837,26.73246586733422,9.248142338883365,98.79696960134524,99.19797973423015,-2.661566188240483,533824481.0,516848991.25,1.0
2026-04-13,283.7306969324554,289.3614543514185,282.5347703949432,287.2187805175781,7132285,279.97550109863283,238.3627309417724,278.81782584414293,275.1825900227887,289.07185127364784,249.80215995682096,269.4370056152344,58.92341255055456,64.37106297330479,66.8723421366061,1.783306951215593,-1.562853207259769,3.346160158475362,25.798516322928993,9.171280582505128,95.46749265510873,97.68714395259973,-11.5335165230532,526692196.0,517512577.3,1.0
2026-04-15,293.5969651979047,293.8959316058725,285.026240009975,285.87335205078125,7778158,280.0233374023438,238.767075805664,280.2289310854706,276.1544774798789,291.2288705338209,249.2994894515306,270.26417999267574,57.77562105676776,64.37106297330479,66.8723421366061,2.3660765716774677,-0.7770672514723216,3.1431438231497895,25.370701150053883,9.149738512033151,92.04979779577208,95.43808668407534,-19.350937473181993,518914038.0,517388632.6,1.0
2026-04-16,288.5143438522048,288.8133102814001,280.6412469420817,283.43170166015625,10948325,279.95955505371103,239.1479691314697,280.8694852004078,276.8160433144496,292.71515510138585,249.94093925896564,271.32804718017576,55.65676891615988,64.37106297330479,66.8723421366061,2.6009230913435886,-0.10146918290913953,2.702392274252728,24.38230779935644,9.079904571124956,82.56375418186889,90.02701487758323,-27.343714827427455,507965713.0,517080196.65,1.0
2026-04-17,283.9798215955305,293.1983274289331,281.8869655398073,292.7498474121094,9241911,280.0791461181641,239.56960868835446,283.2455576427481,278.2645709596914,295.6721453299424,250.26274541712792,272.96744537353516,61.4649791830696,64.37106297330479,66.8723421366061,3.49860736939911,0.6185461275525105,2.8800612418465996,23.902039556380007,9.239294379553588,85.25636955316088,86.62330717693393,-2.9947926913923895,517207624.0,517860409.7,1.0
2026-04-20,292.5006968188834,296.9853753050332,291.3047703904411,293.3478088378906,11292785,280.3392578125,239.99612007141113,285.26600788177666,279.6357744031641,298.4395255685788,250.46521991481973,274.45237274169926,61.81066806280373,65.03872813781639,66.8723421366061,4.2097517195687715,1.3367872459557628,2.872964473613009,23.81191405548888,8.98510227491348,89.76691248593102,85.86234540698692,-8.79517130389017,528500409.0,518563417.65,1.0
2026-04-21,294.792859588678,298.0317941160647,294.0454131592811,294.7430419921875,7746822,280.54355957031254,240.4376811218262,287.16141470385884,281.0091623658026,301.20966680145443,250.11182062530338,275.6607437133789,62.652545974034304,65.03872813781639,66.8723421366061,4.830242368396966,2.0354782704440035,2.794764097952963,23.825947291810472,8.677879632289239,99.25295609983421,91.42541271297536,-7.755558812371066,536247231.0,519303651.1,1.0
2026-04-22,294.7430449881276,297.4338643267768,293.9955985511331,295.440673828125,6443950,280.72394348144536,240.85930267333987,288.8172665287121,282.32111795328643,303.6671321236488,250.69895674353867,277.18304443359375,63.09068030140525,65.03872813781639,66.8723421366061,5.316987811019203,2.6917801785590436,2.6252076324601594,23.830954591509638,8.3036214996717,99.88981767477873,96.30322875351465,-6.110398420466224,542691181.0,520855608.7,1.0
2026-04-23,293.9457764670717,295.6399701168599,292.5505188083753,294.39422607421875,3657050,280.87941162109377,241.24795516967774,289.9326584378134,283.41867323700757,305.6109651124799,251.57548508283264,278.5932250976563,61.91731209346515,65.03872813781639,66.8723421366061,5.55427131064215,3.2642784049756655,2.2899929056664847,23.592062023374027,7.931180771729766,97.81894350235059,98.98723909232116,-8.578139008323483,539034131.0,521491692.25,1.0
2026-04-24,294.992196665689,297.28435359593266,290.2583691854119,292.0024108886719,7243806,281.00298950195315,241.6294529724121,290.34660892798513,284.1990130235225,305.4081703198148,255.63012008545863,280.5191452026367,59.20689489871609,65.03872813781639,66.8723421366061,5.486080575481026,3.7086388390767375,1.7774417364042883,22.983830247531714,7.866523888786267,88.22381919823951,95.31086012512293,-16.198094489444426,531790325.0,522463910.1,1.0
2026-04-27,293.6966393839747,296.636577193777,291.80308403262427,293.048828125,3880432,281.1504858398438,242.0199471282959,290.8870527673881,285.00354166911137,305.8989061841873,258.2836408128829,282.0912734985351,60.03123555786748,64.56205139690267,66.8723421366061,5.453610228318553,4.057633116925101,1.395977111393452,22.419043598535282,7.649878836812442,78.89603875204826,88.31293381754611,-15.337413363193486,535670757.0,523286141.05,1.0
2026-04-28,291.8529350928218,294.8427209457508,289.0126324498043,289.610595703125,6666139,281.3169177246093,242.40152160644533,290.6317613545355,285.4223647631126,306.3948977728745,259.74595916071917,283.07042846679684,56.0251689856346,64.56205139690267,66.8723421366061,5.0917461422915835,4.264455721998398,0.8272904202931857,21.404596965381426,7.519893812464874,49.395651706199175,72.1718365521623,-48.42393816205496,529004618.0,523289581.0,1.0
2026-04-29,294.9921832130707,300.6727880958183,281.58796542525107,283.7804870605469,21186876,281.20230895996093,242.75528289794923,289.2615064957378,285.2731031537885,306.1164543111957,261.56414261263234,283.840298461914,49.93946448454646,64.56205139690267,66.8723421366061,4.28512890520102,4.268590358638923,0.016538546562097522,20.41650954102745,8.345960159472185,25.657442676976935,51.31637771174145,-84.32842206334745,507817742.0,523052829.9,1.0
2026-04-30,283.73068312249944,286.9696177224655,279.0466732278482,285.9730224609375,13939720,281.19931945800784,243.12768402099613,288.6038096887778,285.3367321817111,304.0344648804263,266.3917527709408,285.21310882568355,52.048968188053855,64.56205139690267,71.30373826958188,3.779233564432502,4.170718999797639,-0.39148543536513714,19.835921416967363,8.315744754839693,6.998679858230865,27.350591413802324,-67.97229055992975,521757462.0,524061993.0,1.0
2026-05-01,285.9730224609375,285.9730224609375,285.9730224609375,285.9730224609375,0,281.172412109375,243.49815345764165,288.07765224320974,285.3945767525499,302.85691965940293,269.4977098571985,286.1773147583007,52.04896818805386,64.56205139690267,71.30373826958188,3.339808627198636,4.004536925277839,-0.6647282980792033,19.29680387319728,7.7217629866368585,10.69358013679204,14.449900890666612,-67.97229055992975,521757462.0,524656330.7,1.0
2026-05-04,289.0126394386328,290.6570156147727,286.4214855540341,288.16552734375,5494699,281.17540222167975,243.89399871826174,288.0952272633178,285.64648135174986,300.6053887224019,274.10120612623086,287.3532974243164,54.28317898571389,60.69743919398697,71.30373826958188,3.1323700074568706,3.8301035417136458,-0.6977335342567752,18.007295787525454,7.5047794271510275,21.703245356234177,13.131835117085693,-57.83406232893221,527252161.0,525802282.3,1.0
2026-05-05,288.3648555646401,293.9956129157146,285.6242184950869,291.6037902832031,5869785,281.25014709472663,244.32486595153813,288.79693986729484,286.18805489097286,299.1520654537004,277.65734616739337,288.4047058105469,57.61813032536151,60.69743919398697,71.30373826958188,3.208427733513531,3.705768380073623,-0.497340646560092,17.139890001710157,7.566680498113649,35.81895454201771,22.738593345014642,-41.93540017697328,533121946.0,526776846.45,1.0
2026-05-06,294.24475022143474,295.44067669771107,287.8665466465329,292.0024108886719,9998298,281.2930004882813,244.74192619323736,289.43803407157026,286.7166327089455,297.8088471192155,280.7794860106674,289.29416656494146,58.000656643376665,60.69743919398697,71.30373826958188,3.2632526357489837,3.6172652312086955,-0.35401259545971175,16.547496204792623,7.567212609046828,50.90422254614455,36.14214081479881,-40.09216292468653,543120244.0,527850562.3,1.0
2026-05-07,293.4972990324165,296.7362335718235,289.0126204393915,296.0386047363281,6089681,281.4674047851563,245.17371925354007,290.75814820452183,287.5640847114348,298.4837556779585,281.3602842390338,289.92201995849615,61.76381676360447,60.69743919398697,71.30373826958188,3.590994132347703,3.612011011436497,-0.021016879088794127,16.190690571737854,7.57838407500291,69.8647959310555,52.19599100640592,-21.428644894297467,549209925.0,528838194.8,1.0
2026-05-08,295.98879673783773,297.43387205236417,290.45770512588314,296.2379455566406,6129346,281.560087890625,245.59155090332035,291.85410767494557,288.3526175155444,298.8360096865421,282.3982829159971,290.6171463012696,61.94517148848946,60.69743919398697,71.30373826958188,3.8227504799373833,3.6541589051366747,0.16859157480070852,15.966284761346682,7.535368564394204,80.83220057608467,67.2004063510949,-20.50688515368063,555339271.0,530345945.85,1.0
2026-05-11,293.9955903171052,296.3874127657641,290.1586926319271,291.45428466796875,11135956,281.4853430175782,245.99586555480963,291.77414307355025,288.6345872566739,298.88189180890913,282.4271444459737,290.6545181274414,55.18130349286368,64.5842400142522,71.30373826958188,3.579159279893531,3.6391589800880464,-0.05999970019451517,15.695321878724052,7.442036533640118,73.68621197250931,74.79440282654983,-42.626719982435915,544203315.0,530864887.55,1.0
2026-05-12,290.55734037450804,292.65019653556203,282.83372699023494,283.830322265625,8461329,281.26908203125004,246.36265472412111,290.1853789119652,288.1978358938513,299.13887130355363,281.83131912613385,290.48509521484374,46.47198907933785,64.5842400142522,71.30373826958188,2.7393439967104882,3.4591959834125348,-0.7198519867020465,15.064937881943939,7.611638891617759,43.71597336815622,66.07812863891674,-77.88021997024653,535741986.0,531317377.05,1.0
2026-05-13,284.92658506495496,284.92658506495496,276.15655874808937,279.09649658203125,15147738,280.8893792724609,246.70423934936525,287.9676024459784,287.37044141095856,300.00689145267415,280.28561343013837,290.14625244140626,42.0356384721548,64.5842400142522,71.30373826958188,1.6725243442808164,3.1018616555861915,-1.4293373113053751,15.429821888316818,7.694380850564033,13.286069468947511,43.56275160320435,-88.00819737716222,520594248.0,531401387.55,1.0
2026-05-14,281.03987920592664,281.88699130754486,276.6050178827743,279.2958374023437,8574291,280.5056903076172,247.0487028503418,286.23324943725146,286.6363865010845,300.5388038338058,279.34011462322565,289.9394592285157,42.28549358942145,64.5842400142522,71.30373826958188,0.8335387065984037,2.6481970657886342,-1.8146583591902306,15.76864275137735,7.5220660344359285,0.41831739107367305,19.140120076059134,-87.19509998977419,529168539.0,532461528.85,1.0
2026-05-15,280.9900353471128,283.7306722109167,277.3524384514895,280.3422241210937,6034270,280.1359527587891,247.3963675689697,285.05504437401993,286.0641899210853,300.65282077250504,277.9853353554247,289.31907806396487,43.65838795286727,64.5842400142522,71.30373826958188,0.2501872049913345,2.1685950936291745,-1.91840788863784,15.707780093150216,7.440363729078162,3.135189218891192,5.613192026304125,-82.92696110141397,535202809.0,533361288.1,1.0
2026-05-18,279.79412874387094,284.6774396009222,276.6050116381325,282.9832458496094,7212332,279.91670227050787,247.75778221130366,284.64068466913784,285.78410409640566,300.3055041477766,277.29619568132506,288.80084991455084,47.08004176832439,55.44079037490254,71.30373826958188,0.0009740899957364491,1.735070892902487,-1.7340968029067505,15.45738830904926,7.485511174343269,11.580730176633965,5.044745595532943,-72.15441655120428,542415141.0,534057024.7,1.0
2026-05-19,283.8303168333954,286.8201026023441,282.7839039797328,285.62420654296875,6905213,279.91969177246096,248.15498725891112,284.83738904390407,285.7695679551841,299.57756575797015,277.1122505262096,288.3449081420899,50.32858027333641,55.44079037490254,71.30373826958188,0.01638547583701211,1.3913338094893921,-1.37494833365238,14.788635127119084,7.2391317063624125,25.04678632390113,13.25423523980876,-55.50355602002979,549320354.0,534710680.85,1.0
2026-05-20,284.8767651727152,289.56074471259154,282.13612816905083,288.9129638671875,6657728,279.9236779785156,248.57923545837397,285.65250400856075,286.05533121991164,298.7512770662783,277.2857682218076,288.01852264404295,54.10667324323713,55.44079037490254,71.30373826958188,0.2906242059826809,1.17119188878805,-0.880567682805369,13.825534201395953,7.25238062330372,42.53972179656746,26.389079432367517,-40.046917875974216,555978082.0,535375025.9,1.0
2026-05-21,289.5109230343991,291.5041135544294,282.0862761818168,282.7839050292969,6916472,279.8688653564453,248.97675125122066,285.078784212708,285.7579288389466,297.97289831979253,276.9031148638012,287.43800659179686,46.94088476947941,55.44079037490254,71.30373826958188,0.01324388263566334,0.9396022875575727,-0.9263584049219094,13.287724978813237,7.407056105397213,42.30673960535482,36.63108257527447,-68.85252293636144,549061610.0,535876399.85,1.0
2026-05-22,283.18253420801113,287.41806402055965,282.2357869687043,286.22216796875,6756952,280.1459191894532,249.39408355712888,285.3074609639164,285.80013239620143,297.4716588227317,276.8263300688699,287.1489944458008,50.871634944459785,55.44079037490254,71.30373826958188,0.07004957452659255,0.7656917449513767,-0.6956421704247842,12.788330700700714,7.248143315858509,43.21594337000002,42.68746825730743,-52.69323209787786,555818562.0,537077811.7,1.0
2026-05-25,288.0160184314566,291.50410169965767,285.8234967831184,288.2651672363281,9346757,280.4100164794923,249.83277503967284,285.8990022183988,286.0242264725766,296.8722807942047,276.94734200852974,286.9098114013672,53.09518384505285,57.81966299451454,71.30373826958188,0.2767314732845989,0.6678996906180211,-0.3911682173334222,13.059352743553521,7.136176287335706,41.52246752377364,42.34838349970949,-43.09145936293548,565165319.0,538552539.8,1.0
2026-05-26,291.0058038079458,292.3512134356828,287.6672037431681,289.2119445800781,10983670,280.82360351562505,250.30775093078614,286.56159069073465,286.314019027804,296.8311687975968,276.94858889283296,286.88987884521487,54.13126894557327,57.81966299451454,71.30373826958188,0.511034498613185,0.6365266522170538,-0.1254921536038689,13.453558183694563,6.961021530562776,53.56089516242385,46.09976868539917,-38.641755914898255,576148989.0,540909758.35,1.0
2026-05-27,288.5143145296527,292.00239777957944,286.8699385088503,287.9163513183594,3869975,281.19533325195323,250.77426765441894,286.8325428162596,286.4596855996727,296.9371788691545,277.2561652470566,287.0966720581055,52.4247166957283,57.81966299451454,71.30373826958188,0.5854293209573598,0.626307185965115,-0.040877865007755254,13.619097153891378,6.83040994057466,56.161126502178355,50.41482972945861,-44.73083888882079,572279014.0,544132821.95,1.0
2026-05-28,287.9163513183594,287.9163513183594,287.9163513183594,287.9163513183594,0,281.71057312011726,251.24286468505858,287.04930451667957,286.59210975591697,297.02600308823554,277.36167391371777,287.19383850097665,52.42471669572829,57.81966299451454,71.30373826958188,0.6370443034667801,0.6284546094654481,0.008589694001332027,13.772811911931278,6.3425235162478995,63.988278386869936,57.9034333504907,-41.87199136528774,572279014.0,546658899.55,1.0
2026-05-29,291.0058204660302,292.8993454068757,282.6344262339888,287.9662170410156,239376091,282.270659790039,251.70512359619136,287.2326870215468,286.7170286000168,297.11395992789306,277.47303653206797,287.2934982299805,52.4915733798012,57.81966299451454,71.30373826958188,0.6742015205909979,0.637603991690558,0.03659752890043988,12.935184119647651,6.622694634579257,72.55192585746404,64.23377691550411,-29.46420130887375,811655105.0,561153781.7,1.0
2026-06-01,289.0126399101712,291.4044625715203,284.5279610150133,287.2187805175781,6701913,282.7420501708984,252.15740447998044,287.2299057207531,286.7626424107042,297.05804738891055,277.43427438843327,287.2461608886719,51.32726386821255,58.52690870445959,71.60073439784478,0.6360055262050537,0.6372842985934573,-0.0012787723884035707,12.157386883955713,6.640823700431237,80.76412818008039,72.43477747480478,-33.928431419846696,804953192.0,575038833.25,1.0
2026-06-02,285.52452908370617,292.7996619873858,283.8801530617701,292.0522155761719,5900487,283.17158203125,252.64514533996575,288.1943676918369,287.243512698474,297.1243469932121,277.41281731342855,287.2685821533203,57.839769175436544,58.52690870445959,71.60073439784478,0.9844051304206687,0.7067084649588995,0.2776966654617692,11.471037115345785,6.803586930801553,87.75397817446466,80.35667740400302,-5.1989227833839085,810853679.0,588925419.9,1.0
2026-06-03,292.9491918097525,301.8188836308589,289.31159474296834,300.0249938964844,15946881,283.87218872070315,253.17106613159174,290.5604929327664,288.40546553465674,298.8946393134302,276.44478329399163,287.6697113037109,65.93620449578223,58.52690870445959,71.60073439784478,1.8821545993846485,0.9417976918440494,0.9403569075405991,12.494865258961214,7.210994213450769,92.27267763202354,86.9302613288562,-7.114693589671739,826800560.0,603109435.7,1.0
2026-06-04,300.22432554984266,302.7656313267866,294.64338594651326,299.0782470703125,11947303,284.52994140625003,253.6957698822021,292.2640437602756,289.3757184015345,299.5927518773693,276.0506349634511,287.8216934204102,64.35573194579115,58.52690870445959,71.60073439784478,2.4885465493412084,1.2511474633434814,1.237399085997727,13.584778088346793,7.276083582509525,97.22655795784858,92.41773792144559,-14.095171675437523,814853257.0,616391602.3,1.0
2026-06-05,299.4768743176439,304.3601849875097,294.7430468533883,303.11444091796875,9322801,285.52255004882824,254.2396143341064,294.43412319181425,290.6246931757558,301.2949960573367,275.0360403196164,288.16551818847654,67.88946248860893,58.52690870445959,71.60073439784478,3.257256030181793,1.6523691767111437,1.6048868534706493,14.831533446400318,7.443301764767515,97.22655795784858,95.5752645159069,-5.592839947439043,824176058.0,629833441.65,1.0
2026-06-08,301.47007108311254,308.9445356554211,300.2741445860735,303.5629272460937,12112735,286.36168334960945,254.78733573913567,296.25988400267016,291.8008962730592,303.5518299133441,273.99007072142155,288.7709503173828,68.26593332143935,64.14957470783354,71.60073439784478,3.858178253252845,2.093530992019484,1.7646472612333612,16.597224294245176,7.53095100080895,97.2265579578486,97.22655795784857,-20.03707058760198,836288793.0,644437715.55,1.0
2026-06-09,305.6557668595441,314.8244246569405,305.3069524489879,314.02716064453125,14386417,287.2416766357423,255.3877250671386,299.8133393310424,293.82146576137484,308.6662974532286,271.89528701942754,290.28079223632807,75.48727950797405,64.14957470783354,71.60073439784478,5.119772080853352,2.6987792097862577,2.420992871067094,18.865707490937883,7.79741860152594,99.99999999999999,98.15103863856571,-2.4352752050564197,850675210.0,660184376.75,1.0
2026-06-10,314.02718317738504,315.6217417302928,308.79505788463064,310.0408020019531,7015128,288.0748309326172,255.94708282470694,301.85883186522454,295.29595087415464,311.41919416514247,272.2368208495059,291.8280075073242,69.0417600531512,64.14957470783354,71.60073439784478,5.73185519274665,3.305394406378336,2.426460786368314,21.048985815538785,7.7280804046785265,91.27178457831037,96.16611417871965,-16.71642991249933,843660082.0,676337668.45,1.0
2026-06-11,307.9479271101317,310.63874640568935,306.0045542395986,308.69537353515625,7619065,289.07840209960943,256.50139739990226,303.22614019921093,296.51408020697295,313.336659748589,273.25930887934067,293.29798431396483,66.96354023206257,64.14957470783354,71.60073439784478,6.038759574311769,3.852067439965023,2.1866921343467456,22.29941211863484,7.507088387636545,79.5116662585696,90.26115027895997,-20.99706535960041,836041017.0,691681292.35,1.0
2026-06-12,313.92749325316987,317.2660933117714,310.09059558622994,314.6251220703125,9052110,290.03712646484377,257.08674758911127,305.50593657343126,298.16053855818564,316.21582633537946,273.80843208747206,295.01212921142576,71.09341400954351,64.14957470783354,71.60073439784478,6.68342232535889,4.418338417043797,2.265083908315093,24.149347060422677,7.583062058277873,73.44949372255616,81.41098151981204,-7.625885394218168,845093127.0,707175808.25,1.0
2026-06-15,319.60810415474464,319.60810415474464,311.6851598679323,316.0203552246094,8390759,291.0646160888672,257.688491821289,307.6088203036669,299.7841582551332,319.0372001570839,274.29076920326764,296.66398468017576,71.98096169609892,67.72973449128501,71.60073439784478,7.22363627281419,4.979397988197876,2.244238284616314,26.075690515085984,7.607339360316047,77.34007732568492,76.76707910227023,-9.703521888800825,853483886.0,722729245.5,1.0
2026-06-16,316.4688195120042,320.0067510099491,315.4224066317761,319.5084533691406,8921387,292.0432727050782,258.3143038940429,309.98874691676167,301.57727599277024,322.28901661463783,274.42737742833094,298.3581970214844,74.12030571633672,67.72973449128501,71.60073439784478,7.842813020694052,5.5520809946971115,2.290732025996941,27.900142986006284,7.3914111473058295,87.21419549815808,79.33458884879971,-1.3333332721356173,862405273.0,738383491.45,1.0
2026-06-17,319.5582797278494,322.4982480546831,318.2128699780497,321.601318359375,9029691,292.99103515625006,258.96328681945795,312.3112612052843,303.3976434806434,325.6127278754665,274.372501616721,299.99261474609375,75.337077529433,67.72973449128501,71.60073439784478,8.405498414741828,6.122764478706055,2.282733936035773,29.81682025610656,7.169551642257797,93.06913585797233,85.8744695606051,-2.2499842070898834,871434964.0,754156335.55,1.0
2026-06-18,321.90028413868816,322.8968794456191,318.9104982178954,319.3589782714844,3885931,293.708583984375,259.60454620361327,313.7208046185243,304.8486739161744,327.49085872182707,276.15187809457916,301.8213684082031,71.46039393565894,67.72973449128501,71.60073439784478,8.571683506602824,6.612548284285409,1.959135222317415,31.63207410460775,6.942182326933935,92.35091369536846,90.87808168383295,-9.067652522481351,867549033.0,770080706.7,1.0
2026-06-19,318.9104824650402,323.7937931450514,317.96370480475264,322.8470458984375,7763307,294.5188165283203,260.2634950256347,315.546052874507,306.4848895509256,329.8565009553228,277.4487236540521,303.65261230468747,73.72533484458754,67.72973449128501,71.60073439784478,8.88245290771414,7.066529208971155,1.815923698742984,33.014936350621106,6.862747042174279,90.90888129453978,92.10964361596018,-2.3719892363574413,875312340.0,786055395.6,1.0
2026-06-22,322.84703478122185,322.84703478122185,320.60469552860434,322.29888916015625,4903566,295.1506573486328,260.910384902954,316.89662013163684,307.9225258790375,331.7702163309148,278.938380470843,305.3542984008789,72.74824174310768,70.03184029841502,71.60073439784478,8.98098107011549,7.449419581200022,1.531561488915468,34.29902272191922,6.5327187084356275,82.91408600610724,88.72462699867182,-4.335291988821766,870408774.0,801317568.35,1.0
2026-06-23,322.29890498633154,323.1958346486869,317.9138918708478,318.8108215332031,5809450,295.78249816894527,261.5399341583251,317.2794604119501,308.9123709385071,332.75416416403203,280.91432033303823,306.83424224853513,66.69130252268094,70.03184029841502,71.60073439784478,8.67757772773723,7.695051210507464,0.9825265172297657,34.60094417547144,6.443377570535876,62.13045473553691,78.65114067872798,-17.094003448768802,864599324.0,815740085.1,1.0
2026-06-24,318.41219857558366,325.886663330879,317.11663685013576,324.0928039550781,9481304,296.54688720703126,262.1975376892089,318.6421291205757,310.2924103036499,334.0483512807896,283.2377784799527,308.6430648803711,70.67321659963982,70.03184029841502,71.60073439784478,8.762333504795663,7.908507669365104,0.853825835430559,35.2398415432371,6.609566778407831,47.2150603306699,64.08653369077135,-5.7599584720592905,874080628.0,830830165.8,1.0
2026-06-25,325.5876875932855,325.5876875932855,321.5514584926701,322.9466857910156,6310533,297.33718688964836,262.86600395202635,319.5030404546637,311.4427989843195,334.58429860404584,286.204864603962,310.3945816040039,68.75260081792467,70.03184029841502,71.60073439784478,8.6374537215425,8.054296879800583,0.583156841741916,35.833103384733775,6.425756944279801,29.895273670087466,46.41359624543142,-11.478674038880444,867770095.0,845604719.85,1.0
2026-06-26,322.9466857910156,322.9466857910156,322.9466857910156,322.9466857910156,0,297.9411236572265,263.53138069152834,320.1917695219341,312.4886068758373,334.4937778345619,289.7934322484458,312.14360504150386,68.75260081792467,70.03184029841502,71.60073439784478,8.441180914474728,8.131673686735413,0.3095072277393154,36.38398938040926,5.966774305402672,30.71294479660831,35.94109293245522,-14.285805844096567,867770095.0,848410469.35,1.0
2026-06-29,321.90027292067504,325.88665400947593,321.05316085657,322.9466857910156,15193838,298.533101196289,264.1962592315674,320.74275277575043,313.4393413226717,333.4203708225605,294.4396297877909,313.9300003051757,68.75260081792467,70.05971582914731,71.60073439784478,8.191210129285196,8.14358097524537,0.04762915403982504,37.29980083823099,5.8858256516529055,23.570266180219054,28.05949488230494,-14.787050641185473,867770095.0,851551314.5,1.0
2026-06-30,323.69414415961603,330.67031132179466,322.5979136507853,328.92626953125,15572784,299.2167657470702,264.8860028076172,322.3794561268504,314.84724388708787,333.44121652706804,298.1061894787914,315.7737030029297,73.45356965713466,70.05971582914731,76.89322691625887,8.379020779662028,8.190668936128702,0.1883518435333258,38.692336502696016,6.042009367321223,41.83031421803841,32.037841731621924,-7.070700423801379,883342879.0,855175774.5,1.0
2026-07-01,327.87984490734453,330.8696307271683,324.5412446591397,330.27166748046875,6386994,299.91338562011714,265.56029914855964,323.9578983975741,316.24946421375887,334.4483944174961,300.1236789467617,317.2860366821289,74.38724167045375,70.05971582914731,76.89322691625887,8.538003652349005,8.260135879372763,0.27786777297624177,40.00595931362745,6.062464845943182,63.69008586879748,43.03022208901832,-2.8777238338727473,889729873.0,858322240.15,1.0
2026-07-02,330.6204933558346,331.2184566232373,328.17882268630484,329.873046875,7433230,300.6229620361327,266.2297621154786,325.1409280930593,317.48797172841716,334.5777304206659,303.0738229240607,318.8257766723633,73.56171008596797,70.05971582914731,76.89322691625887,8.533464901427067,8.314801683783624,0.2186632176434422,41.26375510109221,5.846548352442414,82.23135511798777,62.58391840160789,-6.887776114249022,882296643.0,861694409.45,1.0
2026-07-03,331.2682545634867,333.16177945315826,325.28868307167767,326.2852783203125,5420067,301.30861938476556,266.8926972198487,325.36979813850996,318.2877268731349,334.20471109811996,305.763925986841,319.9843185424805,66.41730833902567,70.05971582914731,76.89322691625887,8.146457677380056,8.281132882502911,-0.13467520512285525,41.31041251777224,5.991301783087999,56.15978787204928,67.36040961961152,-38.76406004927728,876876576.0,864329435.35,1.0
2026-07-06,326.68392679198007,332.3147145613263,324.39176977013415,329.1754150390625,3492183,302.03115112304675,267.56056549072275,326.1309215186205,319.27751670640106,333.7680551108206,308.7618307534372,321.2649429321289,69.02692672302253,71.03200696791494,76.89322691625887,7.980961981660812,8.221098702334492,-0.24013672067368041,41.02718530581256,6.129276283666867,36.240686516024056,58.2106098353537,-24.8446804913085,880368759.0,866533433.65,1.0
2026-07-07,328.87643210793584,330.8696226055597,325.58767995232586,330.421142578125,4018922,302.8473620605468,268.23396484375,326.9889657305214,320.29057360383047,334.73849090913575,309.4307931484815,322.0846420288086,70.10524235068009,71.03200696791494,76.89322691625887,7.85972325472153,8.148823612811901,-0.28910035809037105,40.76418860899285,6.068752452921651,25.176551114142256,39.19234183407186,-17.08078851550371,884387681.0,868219057.2,1.0
2026-07-08,329.3249172483684,329.77336686909223,321.9002703639774,325.43817138671875,4715547,303.6805157470702,268.86969291687006,326.67880686176085,320.75853703863845,334.2323061584094,311.4767148376843,322.85451049804686,60.962538790654584,71.03200696791494,76.89322691625887,7.277664176982057,7.974591725645933,-0.6969275486638757,39.21375456889964,6.243903864437788,25.176551114142256,28.864596248102856,-48.13673681519401,879672134.0,870019659.8,1.0
2026-07-09,325.4381677689646,331.5672529071206,325.4381677689646,326.63409423828125,3699416,304.4937371826171,269.5140914154053,326.66986433706495,321.29267860224235,333.0717336376008,314.4311594288055,323.75144653320314,62.2354778388051,71.03200696791494,76.89322691625887,6.834099894239785,7.746493359364703,-0.9123934651249188,38.15107323198957,6.2357025268462305,18.585049932284864,22.979384053523127,-40.68324835983296,883371550.0,872386186.45,1.0
2026-07-10,329.1754088563626,331.3679306380843,326.73376866828653,328.7269592285156,5400203,305.3488159179687,270.171495513916,327.0812833153551,321.9685222955399,332.96838349299276,315.9446932892338,324.45653839111327,64.42188817167145,71.03200696791494,76.89322691625887,6.57564873297332,7.512324434086427,-0.9366757011131064,37.16429770485879,6.128426374914576,11.75020028758155,18.50393377800289,-27.63964356295112,888771753.0,874570117.75,1.0
2026-07-13,327.38153893033365,335.35430091341635,326.18561246740194,331.367919921875,4617054,306.21286376953117,270.8566547393799,327.9386106366591,322.82301298884306,333.288984636529,317.15884861542406,325.2239166259765,67.0169288865933,71.75444515401136,76.89322691625887,6.5088972661183675,7.311639000492815,-0.8027417343744476,37.025599811274624,6.345587951421708,26.78315893142876,19.039469717098388,-21.85795822156559,893388807.0,876565363.8,1.0
2026-07-14,329.8730321520157,331.6668914604847,325.0395390422802,326.38494873046875,3477293,306.90848693847647,271.51625129699704,327.6278782554211,323.1468253289909,333.18050692591083,317.954975862175,325.5677413940429,58.36652752115128,71.75444515401136,76.89322691625887,5.984921665523075,7.046295533498867,-1.0613738679757923,36.48489593034322,6.365713984763337,23.622470610433155,20.71860994314782,-62.71774241280663,889911514.0,877940675.85,1.0
2026-07-15,327.38153104612826,329.57405270414364,324.4914109795971,326.43475341796875,2909042,307.5971337890624,272.18382049560546,327.38925328793067,323.4457278825343,333.1955101704576,318.42331612348755,325.8094131469726,58.42429160912371,71.75444515401136,76.89322691625887,5.510168259324189,6.739070078663932,-1.2289018193397432,35.78406891933457,6.274065966176423,15.153144896540873,21.85292481280093,-62.36948564934563,892820556.0,879009955.45,1.0
2026-07-16,327.43134903248693,328.8266066785282,322.8968529238708,325.4880065917969,9916604,308.1861218261718,272.8479016876221,327.00900394870393,323.63138958337635,332.8553863572814,319.37634276869505,326.11586456298824,56.81069956251983,71.75444515401136,76.89322691625887,4.999892558826161,6.391234574696378,-1.391342015870217,34.562477795597474,6.249472236782206,0.12018625269366236,12.965267253222562,-68.98956504447497,882903952.0,879777701.4,1.0
2026-07-17,327.5808659528668,349.8049275308079,322.2988929584713,347.8117370605469,44155126,309.21759765624995,273.631125793457,331.16955057107253,325.82960299039183,339.0134894308908,315.71470881129665,327.3640991210937,74.61428047103698,71.75444515401136,76.89322691625887,6.32393547977415,6.377774755711933,-0.053839275937782816,36.169566747229155,7.767798117893235,33.45351958602699,16.24228357842051,-7.142859553315994,927059078.0,882365038.3,1.0
2026-07-20,340.3372800124176,351.00086141985736,340.3372800124176,349.5557861328125,10483345,310.3796276855468,274.43174057006837,334.84679768342056,327.9865287306119,343.76571560315386,313.68817233629926,328.72694396972656,75.46520347980069,76.65512865587333,76.89322691625887,7.428349825543478,6.587889769678243,0.8404600558652353,37.7482308375849,7.974639781432273,66.66666666666666,33.41345750179577,-4.965793595978774,937542423.0,885721720.75,1.0
2026-07-21,349.90460963876785,355.5353669000705,349.7551264291831,354.8377380371094,6342305,311.7997760009766,275.2445636749268,338.8449857541583,330.42754775847527,348.8403752213942,312.21620436844955,330.5282897949219,77.88313893997542,76.65512865587333,76.89322691625887,8.630330449773453,6.996377905697285,1.633952544076168,39.52151788886089,7.832135566134113,99.99999999999999,66.70672875089788,-2.0741098876066677,943884728.0,889685990.95,1.0
2026-07-22,352.89438377294664,356.03365272473377,350.3032300426702,352.0472717285156,4288304,313.2587915039062,276.03929855346684,341.4854429490298,332.3929772102971,352.3190343696668,311.5329919975207,331.92601318359374,73.74809548769444,76.65512865587333,76.89322691625887,9.251100515937253,7.447322427745279,1.803778088191974,41.20037293389258,7.682013217271932,93.45900209872414,86.70855625513025,-11.678833799961607,939596424.0,892961780.75,1.0
2026-07-23,350.80153679775015,354.2398026619478,350.3530567585334,353.193359375,4025719,314.7367419433594,276.8466902160645,343.82702623422387,334.28392104345187,355.44952281675086,311.4271709088351,333.43834686279297,74.35043637345716,76.65512865587333,76.89322691625887,9.723458978139206,7.9025497378240654,1.8209092403151406,42.759309761422,7.410922694853538,87.87081412921655,93.77660540931356,-8.321159970947667,943622143.0,896754383.15,1.0
2026-07-24,350.90119763786686,353.6916522044461,348.7086758972161,353.0936889648437,3590425,316.1917712402344,277.647155456543,345.6803587803479,335.99389994539655,358.0343216927349,311.8570723502338,334.94569702148436,74.19100789699264,76.65512865587333,76.89322691625887,9.974780829160807,8.316995956091414,1.6577848730693923,43.693247014572144,7.237497952880427,82.03043501782804,87.78675041525625,-8.61316270628426,940031718.0,900367464.3,1.0
2026-07-27,353.8411490151092,356.482150890419,353.0937025402875,355.2862243652344,6585012,317.637830810547,278.43112716674807,347.60153189732523,337.7477476199272,360.6223379155619,312.5030099848287,336.5626739501953,75.43867634981169,77.80299907092375,76.89322691625887,10.232915806155745,8.700179926104282,1.5327358800514634,44.79580983660395,6.9625668080729195,84.70467193907396,84.86864036203951,-3.458246072738058,946616730.0,904309796.05,1.0
2026-07-28,355.7845120706952,357.47873619840624,353.29302389092845,356.0336608886719,6332047,319.04601989746106,279.2016946411133,349.2879576955946,339.4101033716313,363.1899726915007,312.64611434463205,337.9180435180664,75.86698041818963,77.80299907092375,76.89322691625887,10.378168450330236,9.035777630949474,1.3423908193807623,45.90104164341314,6.76422005803041,87.10360958707267,84.61290551465822,-4.107679786628394,952948777.0,907790090.95,1.0
2026-07-29,357.7777018508616,358.6746315109284,355.23639607839334,357.9271850585937,5713345,320.4263043212892,279.95816024780277,351.01580316819445,341.0934744340824,365.8073894494728,312.7942493444725,339.30081939697266,76.96297412990471,77.80299907092375,76.89322691625887,10.524751014730441,9.333572307705667,1.1911787070247737,47.026058508924976,6.526649727637885,91.488430574113,87.76557070008653,-2.054793887571049,958662122.0,911236703.4,1.0
2026-07-30,357.8275246777312,358.12652151123865,351.64865216301195,352.9442138671875,6259452,321.829510498047,280.6849273681641,351.4014853079931,342.17081438254644,367.24002628565194,313.6687292075122,340.45437774658205,68.1869131193143,77.80299907092375,76.89322691625887,10.122152746330926,9.491288395430718,0.6308643509002074,46.9040347061524,6.523165414822801,80.01726500629599,86.20310172249388,-15.753405626327355,952402670.0,914742004.75,1.0
2026-07-31,354.18993863695067,358.4753163738843,353.542157820226,357.6282043457031,3907564,323.25763122558607,281.4115947723389,352.64682911553507,343.57603165192427,368.9836615833379,315.0593865123654,342.02152404785164,71.47916013395466,77.80299907092375,79.74215645758731,10.06502624662511,9.606035965669598,0.4589902809555113,46.831613697313685,6.452303778528087,73.07641333168434,81.52736963736444,-2.8767173035297633,956310234.0,918713687.65,1.0
2026-08-03,358.22618654620595,370.4344787597656,356.0834823573764,370.4344787597656,4384044,324.9010174560548,282.19023475646975,356.2043590443812,346.017708661728,373.14051401630877,315.0284404514649,344.08447723388684,78.13999117461533,78.76818210382847,79.74215645758731,10.927151007844884,9.870258974104654,1.0568920337402297,47.841822798191615,7.016496108803883,74.53197145603254,75.87521659800429,0.0,960694278.0,922729963.6,1.0
2026-08-04,363.30879866613566,363.30879866613566,355.88418204753066,361.2159729003906,5569382,326.34109802246104,282.9183473205567,357.20668181558307,347.399369047061,374.8946040000466,316.3538334999535,345.62421875000007,66.1616926967417,78.76818210382847,79.74215645758731,10.742699558390541,10.044747090961833,0.6979524674287081,48.72263336067717,7.554624723334675,71.15026009041506,72.91954829271064,-19.15112427930008,955124896.0,926266824.35,1.0
2026-08-05,360.7176630371959,360.7176630371959,352.99404984682184,355.23638916015625,5018889,327.687498779297,283.62568084716804,356.8126232844977,348.1118254209787,375.0618591311475,319.1664001461964,347.11412963867195,59.762227933833074,78.76818210382847,79.74215645758731,9.998758556794996,10.035549384128467,-0.036790827333470943,48.71522022960632,7.602288889779969,47.94702875320226,64.54308676654995,-31.573500865550308,950106007.0,929788518.0,1.0
2026-08-06,355.23640311193,355.23640311193,350.4029098750632,352.34625244140625,3780768,328.97609680175793,284.3291275787354,355.9193491158794,348.49677333192665,374.6976122999632,322.10186279769323,348.3997375488282,56.89763210070306,78.76818210382847,79.74215645758731,9.071400614370646,9.842719630176903,-0.7713190158062577,48.01711511311576,7.404517771714742,14.613695419868932,44.57032808782875,-60.0993682840772,946325239.0,932936202.45,1.0
2026-08-07,351.99744507391205,358.57494921748054,349.6554402161638,355.0370483398437,4924276,330.31751342773447,284.9727785491944,355.7428889606723,349.0913437871918,374.45566780283815,324.97481620595084,349.7152420043945,58.874140292563354,78.76818210382847,79.74215645758731,8.456110724148573,9.565397848971237,-1.1092871248226643,47.73026239668251,7.5127314309720274,3.1015202297495588,21.88741480094025,-70.87162908241099,951249515.0,936060090.55,1.0
2026-08-10,355.7845036620667,357.3790621421664,352.744900320059,357.1299133300781,2848547,331.7157360839845,285.62509994506837,356.02029383455346,349.8221228365451,374.36588607624674,327.64079727336264,351.0033416748047,60.395349055871385,76.71538874475914,79.74215645758731,8.044632254117005,9.261244730000392,-1.2166124758833874,47.4638991599945,7.307119316053124,8.590108609533715,8.768441419717401,-61.238544388256535,954098062.0,939095553.3,1.0
2026-08-11,355.9838362217054,355.9838362217054,351.0008599611198,353.34283447265625,4843398,332.9415484619141,286.2563931274414,355.484801962174,350.142187530737,372.64207838443747,332.0603935393906,352.351235961914,56.33468101716655,76.71538874475914,79.74215645758731,7.328468959863528,8.87468957597302,-1.5462206161094922,46.72487278824907,7.222971748403498,8.590108609533715,6.760579149605663,-78.66979367916286,949254664.0,942062710.8,1.0
2026-08-12,353.3428528360039,356.4323043608615,352.595406358071,355.6350402832031,3369817,334.0537493896485,286.90143951416013,355.5148496263799,350.6415377809612,370.0473266087514,337.5751740016001,353.81125030517575,58.16799405160339,76.71538874475914,79.74215645758731,6.866711070792746,8.473093874936966,-1.6063828041442196,46.09731569247064,6.981109338002571,8.29113665999526,8.490451293020897,-68.11917870282002,952624481.0,945052907.05,1.0
2026-08-13,355.2861985047816,355.2861985047816,350.80151998228087,351.25,2690529,335.0971844482422,287.4914737701415,354.66187970110394,350.6968525281465,364.5396686444253,345.65903130674644,355.0993499755859,53.537152522165194,76.71538874475914,79.74215645758731,6.076878045985552,7.993850709146684,-1.9169726631611317,44.989620165340774,6.827710121068263,2.8025482802111044,6.561264516580026,-92.3261137396216,949933952.0,948404407.05,1.0
2026-08-14,352.0,354.6000061035156,351.04998779296875,351.29998779296875,2420967,336.06089538574224,288.07308753967277,353.9895013194769,350.75168300676665,364.26540348462987,346.2821215397841,355.273762512207,53.5825187282685,76.71538874475914,79.74215645758731,5.392798456803803,7.473640258678108,-2.080841801874305,43.96104574729162,6.593589277459592,2.8640130116379185,4.652565983948094,-92.0855453761535,952354919.0,949669199.1,1.0
2026-08-17,351.25,356.45001220703125,349.6499938964844,354.1000061035156,3616352,337.0716369628907,288.67303657531727,354.0116022762847,351.056076015562,364.10556944932796,346.8963775721563,355.50097351074214,56.16439393550035,73.73093132193479,79.74215645758731,5.018745556071906,6.982661318156868,-1.9639157620849623,43.302960184625164,6.608334208394398,3.621001702544461,3.0958543314644946,-78.58974020139019,955971271.0,950590641.5,1.0
2026-08-18,354.20001220703125,358.6000061035156,352.5,357.79998779296875,2828360,337.94709350585947,289.2919838714599,354.76927937962154,351.66915890441715,364.30742457394626,346.99074742312393,355.6490859985351,59.37968538736457,73.73093132193479,79.74215645758731,4.963645719545241,6.578858198434543,-1.615212478889302,43.01697082613766,6.572025058045915,11.536799479288039,6.007271397823473,-60.788088085442524,958799631.0,951336386.65,1.0
2026-08-19,357.79998779296875,360.0,355.1499938964844,358.79998779296875,2198228,338.9222772216798,289.90696174621564,355.57542106229096,352.31741607610365,364.58008013162055,347.3933634718951,355.9867218017578,60.22876328313057,73.73093132193479,79.74215645758731,4.943682648539436,6.251823088455522,-1.3081404399160856,42.953589530129356,6.449023704150894,20.541511833486496,11.89977100510633,-55.976806946756994,960997859.0,952406458.4,1.0
2026-08-20,361.8999938964844,364.2000122070313,355.29998779296875,355.29998779296875,4349435,339.85436950683606,290.4980614471434,355.52033440842655,352.588558959455,364.59238660147804,347.59171984383437,356.0920532226562,55.83005617818348,73.73093132193479,79.74215645758731,4.59250152283937,5.919958775332292,-1.3274572524929216,43.43594349892115,6.624095183430299,20.088531912429605,17.38894774173471,-72.81629093215636,956648424.0,953057772.45,1.0
2026-08-21,356.29998779296875,361.0,355.1499938964844,361.0,4398375,340.78186706542976,291.11786048889144,356.61626752674124,353.35323541768634,365.1346888521853,347.8400486966429,356.4873687744141,60.845355003643185,73.73093132193479,79.74215645758731,4.719725244030201,5.679912069071874,-0.9601868250416734,43.830267020140916,6.568803106293537,31.469021051005036,24.03302159897371,-21.9931833674168,961046799.0,954108526.5,1.0
2026-08-24,360.4500122070313,361.25,355.29998779296875,357.75,4729477,341.61645996093756,291.7314751434325,356.843014021393,353.75294128880574,365.25602691063267,347.96508820167213,356.6105575561524,56.879660786292895,76.30738706491077,79.74215645758731,4.506356646740642,5.445200984605628,-0.9388443378649862,44.22892117013158,6.524603756346231,37.648308553965904,29.735287172466847,-44.329925017041795,956317322.0,954593556.1,1.0
2026-08-25,357.70001220703125,358.70001220703125,342.04998779296875,346.95001220703125,16134284,342.16529113769536,292.28396423339825,354.8644136585207,353.1344931904626,365.8234909464065,346.48925929773424,356.15637512207036,46.12186608312217,76.30738706491077,79.74215645758731,3.4262955383511553,5.041419895354734,-1.6151243570035785,41.13889989070841,7.24784808904025,34.54175150390515,34.55302703629203,-77.87801799915135,940183038.0,953955269.15,1.0
2026-08-26,348.25,349.1499938964844,343.6000061035156,345.29998779296875,6361778,342.63926452636724,292.822223587036,352.9515284854103,352.42226542705407,366.29197673393236,344.75805378364583,355.5250152587891,44.729939422287096,76.30738706491077,79.74215645758731,2.409421833068336,4.515020282897455,-2.1055984498291185,38.26959441695832,7.126572353606572,15.245464588586138,29.145174882152396,-85.32732994218892,933821260.0,952713226.05,1.0
2026-08-27,347.0,348.1499938964844,343.3999938964844,344.79998779296875,4512557,343.1480847167969,293.37078926086406,351.321220346922,351.7293310966827,366.86697807688546,343.36862983327086,355.11780395507816,44.29370910049247,76.30738706491077,79.74215645758731,1.545382071572476,3.9210926406324593,-2.3757105690599833,35.64675130668323,6.9568171854918175,0.0,16.595738697497094,-87.58466379723679,929308703.0,951558527.7,1.0
2026-08-28,343.04998779296875,345.8500061035156,342.25,344.25,3391019,343.5761437988281,293.90140686035136,349.90697627753764,351.0493919060752,367.08603969052484,341.8117477850612,354.448893737793,43.78783926438803,76.30738706491077,79.74215645758731,0.8069429806870403,3.298262708643376,-2.4913197279563355,33.457823883227654,6.717044965350661,0.0,5.081821529528712,-90.06767592709961,925917684.0,950038900.2,1.0
2026-08-31,342.6000061035156,356.70001220703125,341.54998779296875,356.70001220703125,6824404,344.26416625976566,294.50997093200664,351.2655834634364,351.56308466070755,364.00819404953626,343.5161467707764,353.76217041015633,56.02992356700966,64.53646697926207,79.40121410956687,1.21236127094528,2.8810824211037565,-1.6687211501584764,32.68084112655622,7.3194006402586504,23.923148188276173,7.974382729425391,-33.112547089987174,932742088.0,948641290.7,1.0
2026-09-01,350.0,351.75,348.0,349.25,3391394,344.8729498291016,295.0789429473875,350.86246677074917,351.35280423700686,362.96506435490477,343.36267917536867,353.1638717651367,49.13418575809613,64.53646697926207,79.40121410956687,0.9218776325986937,2.489241463402744,-1.5673638308040503,31.959357138218454,7.418015752170979,34.3708330982273,19.431327095501157,-66.00439776016047,929350694.0,947352580.6,1.0
2026-09-02,349.0,353.5,345.20001220703125,353.3500061035156,6273256,345.4580938720704,295.65446266174297,351.35997463730246,351.53436804305306,362.8229588453856,343.31614637922377,353.0695526123047,52.592169847695686,64.53646697926207,79.40121410956687,1.0108510224070528,2.1935633752036057,-1.1827123527965528,30.651223328310788,7.481013755085106,51.576016467037746,36.62333258451373,-47.902845070574486,935623950.0,946628477.75,1.0
2026-09-03,356.5,356.95001220703125,343.1000061035156,344.6000061035156,6683672,345.8911602783204,296.15907516479473,350.0079809305451,350.90397150309514,363.14593462904315,342.2185459617773,352.6822402954102,45.485329375618434,64.53646697926207,79.40121410956687,0.37103415091894476,1.8290575303466736,-1.4580233794277289,29.98048634283775,7.935941779973001,30.970057286388467,38.9723022838845,-86.53415000889257,928940278.0,945759229.7,1.0
2026-09-04,344.8999938964844,344.8999938964844,341.79998779296875,343.0,4115397,346.29222656250005,296.64816329956034,348.6063847444361,350.1854286391774,363.32904534532173,340.83173041151423,352.080387878418,44.30631426566664,64.53646697926207,79.40121410956687,-0.2621109976888647,1.4108238247395661,-1.6729348224284308,29.058401782880544,7.590517803083189,21.53556212263511,34.693878625353776,-93.59818700181624,924824881.0,944437998.0,1.0
2026-09-07,343.0,343.0,337.6000061035156,342.0,5174214,346.6732928466797,297.13768295288065,347.2851077955489,349.44129876288855,363.16227046998296,339.4855139538452,351.3238922119141,43.54657413832242,63.74619248877155,79.40121410956687,-0.8349499489036134,0.9616690700109304,-1.796619018914544,27.304837810985777,7.434051809754702,4.330378753824666,18.945332720949416,-83.4586733575868,919650667.0,942715628.25,1.0
2026-09-08,343.04998779296875,345.8999938964844,341.45001220703125,344.1499938964844,3571930,346.9777673339844,297.63730476379374,346.65808501573605,348.9602710477609,363.08039542967646,338.6481049365345,350.86425018310547,45.70234417980915,63.74619248877155,79.40121410956687,-1.1027308112595051,0.5487890937568433,-1.6515199050163485,26.18056954295509,7.220903944018875,5.167181980815197,10.344374285758324,-75.37599139083262,923222597.0,941414024.9,1.0
2026-09-09,341.5,345.0,341.5,345.0,3903520,347.272333984375,298.12567955017073,346.32646801258886,348.60024640705535,362.60000990733573,338.06498643055494,350.33249816894534,46.57102153714819,63.74619248877155,79.40121410956687,-1.23215714460531,0.19259984608441263,-1.4247569906897226,25.136606151212312,6.95512509087467,9.981854560817435,6.4931384318191,-68.71037714058606,927126117.0,940139106.7,1.0
2026-09-10,343.8500061035156,347.04998779296875,343.75,346.0,5314983,347.594873046875,298.5800874328612,346.2611744100711,348.3638603700503,362.47871213571943,337.66128420217126,350.06999816894535,47.632477756905274,63.74619248877155,79.40121410956687,-1.2397457858921257,-0.09386928031089503,-1.1458765055812306,24.528042576497498,6.694043855309961,20.196802598136806,11.781946379923145,-64.48204623962692,932441100.0,939264464.1,1.0
2026-09-11,343.0,345.29998779296875,341.1499938964844,344.5,3188640,347.9591674804688,299.02510185241687,345.90893952805686,348.0126003364094,362.36734426502113,337.0926532935727,349.7299987792969,46.151372977273596,63.74619248877155,79.40121410956687,-1.3512212651237974,-0.3453396772734755,-1.0058815878503218,23.360081379382503,6.562326873038938,22.99820550494737,17.725620887967203,-67.29861658506952,929252460.0,938109341.15,1.0
2026-09-14,344.5,344.5,344.5,344.5,0,348.26565917968753,299.47759071350094,345.62715162244547,347.69327303309944,361.9176929576216,336.58230399062074,349.2499984741212,46.151372977273596,64.31096495023786,79.40121410956687,-1.4231610706173115,-0.5609039559422426,-0.8622571146750688,22.275545982061434,6.093589239250442,24.125738320175365,22.44024880775318,-64.34112806181109,929252460.0,936773400.6,1.0
2026-09-15,344.45001220703125,344.5,339.45001220703125,343.0,3090047,348.5172363281251,299.9073813629149,345.10172129795643,347.2666118482722,360.798144663339,336.2218535056065,348.5099990844727,44.54498375472111,64.31096495023786,79.40121410956687,-1.582963925968329,-0.76531594994746,-0.817647976020869,21.18354002726457,6.01904627880175,16.576767129594213,21.233570318238982,-72.09306360113617,926162413.0,935141539.7,1.0
2026-09-16,341.79998779296875,346.0,340.1000061035156,341.79998779296875,2857474,348.84447265625005,300.33774955749504,344.4413745969589,346.7696460250628,359.2851384706778,336.0348596982676,347.6599990844727,43.24806745037645,64.31096495023786,79.40121410956687,-1.7858535878331168,-0.9694234775245913,-0.8164301103085254,19.841573283126205,6.010542537207652,9.621371988166217,16.774625812645265,-78.29467511800915,923304939.0,933256893.7,-1.0
2026-09-17,342.0,343.75,332.45001220703125,332.75,5321222,348.9667907714844,300.7136492156982,342.1030996775671,345.49513275005705,359.35063577794915,333.71436361169935,346.53249969482425,34.97729029460016,64.31096495023786,79.40121410956687,-2.6463974649402644,-1.304818275007726,-1.3415791899325384,19.92529171512296,6.388360055476302,2.6659768467382197,9.621371988166215,-98.77556002869898,917983717.0,931323658.35,-1.0
2026-09-18,332.79998779296875,335.3999938964844,325.3999938964844,332.75,14568034,349.04725158691406,301.0905455780028,340.2324797420537,344.33648431823366,357.4419315138353,332.79806787581316,345.11999969482423,34.97729029460016,64.31096495023786,79.40121410956687,-3.2904543776033393,-1.7019454955268487,-1.5885088820764905,20.901079323578386,6.646334337227995,0.0,4.095782944968145,-76.70363918280647,917983717.0,929170504.25,-1.0
2026-09-21,333.1000061035156,335.3500061035156,328.79998779296875,332.0,4137418,349.05989318847656,301.46169883728015,338.585983793643,343.2149857438488,355.97773377943207,331.68726561021634,343.8324996948242,34.345986720252604,56.84108628308387,79.40121410956687,-3.8173883760987906,-2.1250340716412373,-1.6923543044575533,21.80716781714414,6.639454621036487,0.0,0.8886589489127399,-79.08081688399749,913846299.0,927046953.1,-1.0
2026-09-22,332.29998779296875,334.8500061035156,325.5,327.0,5612786,349.0721942138672,301.80511131286613,336.26878703491445,341.74089613077166,357.00963090530377,328.66036726364155,342.83499908447266,30.405919329648466,56.84108628308387,79.40121410956687,-4.585585800833428,-2.6171444174796754,-1.9684413833537526,23.025849690106245,6.833065441213568,0.0,0.0,-94.92866822527087,908233513.0,925449476.85,-1.0
2026-09-23,328.45001220703125,331.29998779296875,325.25,331.29998779296875,5137220,349.16949890136715,302.17874397277825,335.27502718652534,340.7917226455168,357.15464380399817,327.11535436494717,342.13499908447267,37.089826881974396,56.84108628308387,79.40121410956687,-4.792173522758162,-3.052150238535373,-1.7400232842227892,24.18563504579464,6.777131323481796,12.933338911058566,4.3111129703528555,-72.24774687754605,913370733.0,924426950.5,-1.0
2026-09-24,328.0,332.70001220703125,325.95001220703125,329.5,6031916,349.2497387695312,302.5264345550536,334.1200217492203,339.76520240501526,357.3462172918033,325.39378209784525,341.3699996948243,35.55063584596599,56.84108628308387,79.40121410956687,-5.043007105782067,-3.450321611984712,-1.592685493797355,24.890274649454824,6.775193371804525,22.88834828034592,11.940562397134828,-80.50457623939234,907338817.0,923328456.2,-1.0
2026-09-25,327.5,332.5,319.5,322.0,6128694,348.7335040283203,302.8428539276122,331.6960173993763,338.1501840045593,358.34813188984236,322.1668674998063,340.25749969482433,29.969814056609607,56.84108628308387,79.40121410956687,-5.780349575606635,-3.916327204709097,-1.8640223708975383,26.282334081796566,7.219822416675631,22.88834828034592,19.5700118239168,-90.9255858159108,901210123.0,922093078.15,-1.0
2026-09-28,322.29998779296875,327.29998779296875,320.5,325.0,7819379,348.24238830566395,303.1677954864502,330.356813919501,336.95471273141754,356.24477188058927,321.1002262883561,338.6724990844727,34.40552002209607,51.00409736450289,79.40121410956687,-6.052850375889648,-4.343631838945208,-1.70921853694444,27.57496069754247,7.189834229267996,18.32616266898701,21.36761974322628,-80.03628879500376,909029502.0,920907448.85,-1.0
2026-09-29,325.6499938964844,326.8500061035156,320.20001220703125,320.20001220703125,9570469,347.5496337890624,303.46649467468256,328.32545357700707,335.4315581382915,355.8797329787592,318.5602664108892,337.2199996948242,31.020018000654595,51.00409736450289,79.40121410956687,-6.580274811152833,-4.790960433386733,-1.7893143777661003,28.808537813231197,7.151274205497738,10.353119255052524,17.189210068128485,-97.45911971979201,899459033.0,919412865.8,-1.0
2026-09-30,321.04998779296875,324.25,317.3999938964844,317.3999938964844,5485971,346.85668823242173,303.7317601776122,326.14036164090254,333.7923250253999,354.4621650136435,316.38283315530174,335.42249908447263,29.214120138671856,51.00409736450289,66.44707915518879,-7.141873481090386,-5.261143042927463,-1.8807304381629226,30.25996882757817,7.129755055356159,10.353119255052524,13.010800393030685,-100.0,893973062.0,917330321.4,-1.0
2026-10-01,316.1000061035156,321.3500061035156,313.75,318.20001220703125,11278668,346.1568212890624,304.0162238311767,324.5522917541283,332.37484204191185,354.09963923287734,314.1053595464195,334.1024993896484,30.459812312341494,51.00409736450289,66.44707915518879,-7.436664442951269,-5.696247322932225,-1.7404171200190444,31.964947382238805,7.163344415938978,4.433548443453847,8.379928984519632,-86.2015125363372,905251730.0,916145894.0,-1.0
2026-10-02,318.20001220703125,318.20001220703125,318.20001220703125,318.20001220703125,0,345.45894775390616,304.2937113189697,323.2818358447089,331.08622114783174,353.59857698179724,312.1264230182027,332.86249999999995,30.459812312341498,51.00409736450289,66.44707915518879,-7.582877710016589,-6.073573400349098,-1.509304309667491,33.54814175442368,6.651676957657623,5.160045200676802,6.648904299727724,-86.2015125363372,905251730.0,915167236.45,-1.0
2026-10-05,318.95001220703125,328.20001220703125,318.5,327.3500061035156,7542230,344.90022338867175,304.6079795074463,324.09546989647026,330.7465652347121,352.5394449066949,311.72055570365666,332.13000030517577,43.62042585598835,49.08526914432092,66.44707915518879,-6.881103660162864,-6.235079452311853,-0.6460242078510117,32.39783241047951,6.890842889253507,38.493378534010134,16.028990726046928,-57.82943843871124,912793960.0,914824401.1,-1.0
2026-10-06,328.1000061035156,329.54998779296875,319.25,320.0,4338030,344.1795501708984,304.8732892608643,323.2763759171762,329.76960475882913,351.19478575501046,310.65021546569267,330.92250061035156,37.48372929490459,49.08526914432092,66.44707915518879,-6.8391888241172865,-6.3559013266729405,-0.48328749744434596,31.049111653850524,7.134353239518882,55.17603100871112,32.94315158113268,-79.16666666666666,908455930.0,914086067.75,-1.0
