Date,Open,High,Low,Close,Volume,MA50,MA200,EMA9,EMA21,BB_Upper,BB_Lower,BB_Mid,RSI,RSI_W,RSI_M,MACD,MACD_Signal,MACD_Hist,ADX,ATR,StochRSI_K,StochRSI_D,Williams_R,OBV,OBV_SMA20,Supertrend_Dir
2025-07-29,323.9301178903291,328.8233220880682,320.45595485623363,322.95147705078125,868651.0,362.2223596191407,346.2465794372557,335.4426302155721,345.3467867624013,370.4959984206409,323.4043647385386,346.95018157958975,27.863016234070347,48.27875099363018,89.15916518973005,-9.245011787367616,-6.757696220929334,-2.4873155664382827,29.978541372829532,9.382130810221597,0.0,3.6897077765792305,-93.95020513212185,94713529.0,99192942.75,-1.0
2025-07-30,324.9087458147385,340.61591871882086,319.7708816113428,326.9149475097656,3076483.0,361.4286816406251,346.3799324035643,333.7370936744108,343.6711650121616,370.09756846844255,320.7885796028463,345.44307403564443,32.55110067045299,48.27875099363018,89.15916518973005,-9.488852680493892,-7.303927512842246,-2.184925167651646,29.732237605752527,10.2009098314542,9.981962075562532,4.150090132129616,-80.18999368670809,97790012.0,99063655.1,-1.0
2025-07-31,325.88739371318263,340.42021589246065,320.94526950857613,334.4015808105469,3226442.0,360.8062664794923,346.5226493835448,333.869991101638,342.8284755392875,368.2428437452053,320.05969531729454,344.1512695312499,40.42671777656082,48.27875099363018,79.72173623395265,-8.974536733103264,-7.6380493568944505,-1.3364873762088134,29.503526964895308,10.863341013770652,36.732843811513916,15.571601962358816,-59.430071387206304,101016454.0,99022837.2,-1.0
2025-08-01,334.597268528055,335.08658890609127,324.46833072955496,331.7592163085937,1628915.0,359.8648138427736,346.6424754333494,333.4478361430291,341.8221792455881,365.3645521983466,319.7329362049737,342.54874420166016,38.70877004376446,48.27875099363018,79.72173623395265,-8.680095632219547,-7.84645861195947,-0.8336370202600776,29.29115279838503,10.845835096825342,59.825837267235485,35.51354771810398,-66.75716749885711,99387539.0,98867142.95,-1.0
2025-08-04,331.7592314788069,338.4139769781007,323.93010507222743,336.5545654296875,1425048.0,358.9850158691408,346.69674697875956,334.0691820003608,341.3433052623244,362.25435767778805,320.28398460736827,341.26917114257816,43.40881927795008,48.43890753375575,79.72173623395265,-7.967954718651185,-7.870757833297813,-0.09719688535337223,28.549966849291337,11.105694868900194,83.17720852500628,59.911963201251886,-53.459992232839596,100812587.0,98806178.4,-1.0
2025-08-05,335.6737876631195,349.5704986905152,331.8081446344031,348.59185791015625,2643623.0,358.3919598388673,346.80660736083956,336.9737171823199,342.0022645939455,360.67486757903987,320.9582317861946,340.8165496826172,53.12579747351395,48.43890753375575,79.72173623395265,-6.358966799679592,-7.56839962657417,1.2094328268945773,26.676082825196012,11.581170525129615,89.75966012238823,77.58756863820999,-7.389891991269726,103456210.0,98924239.6,-1.0
2025-08-06,346.87925108678724,353.6807868759756,342.13283712991256,343.8943786621094,1264913.0,357.7069116210938,346.8893507385251,338.3578494782778,342.1742749637786,358.11960907492596,322.0210647531992,340.0703369140626,49.5501999727837,48.43890753375575,79.72173623395265,-5.400624560447056,-7.134844613348748,1.7342200529016916,25.397599824720174,11.578797612339148,95.28212740204609,89.40633201648019,-28.860028176112994,102191297.0,98951166.7,-1.0
2025-08-07,342.23071060780825,364.9351599715936,338.2671973221052,361.9503173828125,4150651.0,357.21954895019536,347.0928628540036,343.07634305918475,343.9720970018726,360.2260846849835,320.7806871656026,340.50338592529306,60.542975891479024,48.43890753375575,79.72173623395265,-3.14788126070232,-6.337451942819463,3.189570682117143,25.27395334320734,12.656595114992667,95.28212740204609,93.44130497549347,-6.608857037352878,106341948.0,99221228.8,1.0
2025-08-08,362.09708160492215,363.0757223660166,355.8337867070673,360.4823303222656,1335812.0,357.15887268066405,347.30960311889623,346.55754051180094,345.47302730372655,362.7352001624868,319.675920442982,341.2055603027344,59.40955538199299,48.43890753375575,79.72173623395265,-1.4641425291430323,-5.362790060084177,3.898647530941145,25.159138753231133,12.269833725275282,94.12604630385631,94.89676703598283,-9.859184760598104,105006136.0,99469891.85,1.0
2025-08-11,358.476105151211,362.68427841742187,354.0722216487846,358.4271850585937,812377.0,356.93280700683596,347.5862406921385,348.93146942115953,346.65067800871446,364.9345350051564,319.203886625703,342.0692108154297,57.778756248170964,56.228405479517406,79.72173623395265,-0.2922318342354515,-4.348678414914432,4.056446580678981,24.798334552887923,12.00856394265828,96.02443394090861,95.14420254893699,-14.409562488941653,104193759.0,99734003.1,1.0
2025-08-12,356.42098170232674,363.85862768931736,355.7359212144873,359.0143737792969,589878.0,356.6568298339844,347.683121948242,350.948050292787,347.77465035149464,366.2144074631056,318.6922484206835,342.45332794189454,58.13238071026839,56.228405479517406,79.72173623395265,0.6761033584033385,-3.343722060250878,4.019825418654216,24.578810516258464,11.731002694956267,93.56564349106164,94.57204124527551,-13.109444913676748,104783637.0,99980712.45,1.0
2025-08-13,358.96542281509073,361.1184444573408,352.65320776231664,359.2100830078125,817520.0,356.38672424316405,347.867851257324,352.6004568357921,348.8142351384326,367.89193903798986,318.20376408701026,343.04785156250006,58.25786928153508,56.228405479517406,79.72173623395265,1.4426777827352453,-2.3864420916536537,3.829119874388899,23.90437519025855,11.497733694961116,92.39093161612739,93.9936696826992,-12.67611743536622,105601157.0,100304393.7,1.0
2025-08-14,359.210077027052,364.05436070858553,349.17900929247406,351.5277709960937,932062.0,356.0970465087891,348.01562103271465,352.3859196678525,349.0609202164018,368.1482564983483,318.1774270954018,343.16284179687506,51.70644256289386,56.228405479517406,79.72173623395265,1.4139955013455392,-1.6263545730538151,3.0403500743993543,22.77117737093829,11.738992103614713,86.19721356084771,90.71792955601225,-29.68582575051122,104669095.0,100562077.0,1.0
2025-08-18,353.7297126939279,355.73591429454524,348.88542901239447,351.5277709960937,682191.0,355.81519775390626,347.97029357910134,352.21428993350077,349.285179378192,368.7051721818823,318.21258904858655,343.4588806152344,51.706442562893855,53.51413427109447,79.72173623395265,1.375409719614538,-1.0260017145201448,2.401411434134683,21.6758745248252,11.389813044938716,79.6428009945134,86.07698205716284,-29.68582575051122,104669095.0,100851130.1,1.0
2025-08-19,349.47262548778923,361.9992154171205,349.3747554374866,359.259033203125,991715.0,355.6674230957031,348.1051786804197,353.62323858742565,350.19189336227686,370.40060824520293,317.9655416571408,344.1830749511719,57.30967432767552,53.51413427109447,79.72173623395265,1.946243374721064,-0.4315526966719031,2.377796071392967,21.409902677651896,11.47800211170266,78.12330819926939,81.32110758487683,-12.56773488816364,105660810.0,101220764.65,1.0
2025-08-20,359.6505027105192,367.479629300136,355.3934091542656,362.7332153320313,1097331.0,355.3278350830078,348.2816323852537,355.44523393634677,351.3320135413455,372.64727897745485,317.6712573994983,345.1592681884766,59.57922996577304,53.51413427109447,79.72173623395265,2.6484410421421103,0.18444605109089962,2.4639949910512104,21.72962715815058,11.521446257000356,85.66520218711878,81.14377046030052,-10.199805024427544,106758141.0,101663786.15,1.0
2025-08-21,366.3541965647754,366.9903071239741,360.13982139099323,363.3204040527344,418506.0,355.0224993896485,348.45182662963845,357.0202679596243,352.421867224199,374.8475696482278,317.7463085256003,346.29693908691405,59.966615571175744,53.51413427109447,79.72173623395265,3.2152555109509535,0.7906079430629105,2.424647567888043,22.026514175756503,11.187806219570392,93.79850094615546,85.86233711084788,-9.550564147693308,107176647.0,102155094.05,1.0
2025-08-22,362.194952008471,367.8710564820723,359.21007976476585,360.2865905761719,534191.0,354.76805236816404,348.6104817199705,357.67353248293387,353.1368420743783,376.3378214765203,318.4726765703548,347.40524902343753,56.93075584403082,53.51413427109447,79.72173623395265,3.3806862218765446,1.3086235988256374,2.072062623050907,22.13431601871604,11.007318397980109,90.62145892531278,90.02838735286232,-17.260586451938142,106642456.0,102641515.0,1.0
2025-08-25,360.8737992700389,373.2535995633734,360.629139067144,364.1033020019531,1236810.0,354.6085333251953,348.6928816223143,358.95948638673775,354.1337929768851,377.84639462053764,320.25233584821234,349.049365234375,59.695237193172225,55.763520710480336,79.72173623395265,3.776237847343566,1.8021464485292233,1.9740913988143427,22.803882524909127,11.147296297210213,89.52217460950413,91.3140448269908,-22.077927669275642,107879266.0,103216597.75,1.0
2025-08-26,364.1522476420104,364.2990377888565,344.2369013894701,346.3899230957031,1783668.0,353.9548016357422,348.63517364501934,356.44557372853086,353.42980480586857,376.51322122169495,323.81681112693786,350.1650161743164,45.19604978039813,55.763520710480336,79.72173623395265,2.630075842326619,1.9677323272887026,0.6623435150379162,21.318080674063342,11.784070590222795,57.06874553331543,79.07079302271077,-76.78319217396759,106095598.0,103742268.65,1.0
2025-08-28,348.9343566201471,348.9343566201471,337.141747219578,339.3436889648437,608453.0,353.1924401855469,348.49069335937486,353.02519677579346,352.14924882032085,374.65193377517966,327.3173197648594,350.98462677001953,40.936577001788535,55.763520710480336,79.72173623395265,1.1400205420046063,1.8021899702318833,-0.662169428227277,20.681569026213033,11.784680505247533,30.762739989192788,59.117886710670774,-93.90244032817105,105487145.0,104280949.45,1.0
2025-08-29,339.3437061798878,343.9922501001602,335.47806297357266,343.5029296875,566601.0,352.56415283203125,348.364589538574,351.1207433581348,351.36321980824624,372.9578443015192,330.6702074562932,351.8140258789062,44.27504172109726,55.763520710480336,79.72173623395265,0.2913978937932029,1.5000315549441472,-1.2086336611509443,20.25388129453068,11.55107383534325,5.847710550061919,31.22639869085671,-78.75644547139532,106053746.0,104694136.15,1.0
2025-09-01,343.9433064135757,353.28931370803,343.7475663156386,350.989501953125,581085.0,352.30481262207036,348.3383486938474,351.0944950771329,351.32924545778064,372.1492573011062,333.137586570964,352.6434219360351,49.77776715183744,50.700802222216545,80.35382463140853,0.2204212658848519,1.2441094971322881,-1.0236882312474362,18.87008379449547,11.42502456285659,21.334086852474915,19.314845797243205,-58.93787254966389,106634831.0,104975055.0,1.0
2025-09-02,350.891637612218,359.944064772771,349.27688630807944,358.91650390625,569584.0,352.13061462402345,348.39747634887675,352.6588968429563,352.0189962258233,371.0065131430882,336.9960594887476,354.0012863159179,54.86048085115027,50.700802222216545,80.35382463140853,0.7946543056261248,1.1542184588310556,-0.35956415320493074,18.256007301542727,11.370892698701946,45.7234293448587,24.30174224913184,-37.95338716907699,107204415.0,105365898.8,1.0
2025-09-03,359.94405786799604,362.5863998537141,354.5615337136224,361.1184387207031,746713.0,351.97403198242193,348.4765667724607,354.35080521850574,352.84621827081236,370.37572049003523,340.08323947090213,355.2294799804687,56.186908911672056,50.700802222216545,80.35382463140853,1.411149016483762,1.2056045703615967,0.20554444612216516,17.935367568291152,11.131890801658358,66.58845482749557,44.54865700827639,-32.12439038111968,107951128.0,105722825.85,1.0
2025-09-04,362.9778735430152,364.0543844163205,352.3596146910563,353.87652587890625,726864.0,351.4856909179688,348.55477615356426,354.25594935058587,352.9398825988209,370.33368025183285,340.65374650597965,355.49371337890625,50.890328769962004,50.700802222216545,80.35382463140853,1.300373773890044,1.2245584110672862,0.0758153628227578,17.363237506799894,11.172096439058773,68.53723633603526,60.28304016946318,-51.29529699307807,107224264.0,105911228.55,1.0
2025-09-05,356.6656641847536,358.6718659497696,341.05633092358715,342.4264221191406,1099080.0,350.723330078125,348.62074264526353,351.8900439042969,351.98411346430447,370.51418827112417,340.32644283239136,355.42031555175777,43.851705676453875,50.700802222216545,80.35382463140853,0.2853663890402913,1.0367200066618873,-0.751353617621596,16.649171574785843,11.63234205242475,49.25408190879248,61.459924357441096,-81.60619339172011,106125184.0,106107922.9,1.0
2025-09-08,342.5731994089175,346.78137275995385,335.96737402212216,336.8970947265625,537929.0,349.95803283691413,348.6641439819335,348.89145406875,350.61256630632795,371.0340289863453,337.3012798515453,354.1676544189453,40.909176629530016,50.3848303172698,80.35382463140853,-0.9542053015068177,0.6385349450281463,-1.592740246534964,16.4550011749297,11.573888958525247,22.54134587609369,46.77755470697381,-96.24351662188442,105587255.0,106070188.25,1.0
2025-09-09,339.637285347783,345.2644700745975,333.1782798148202,343.9433288574219,1326344.0,349.3454040527344,348.73890487670894,347.9018290264844,350.00627199279097,370.52232904939876,336.15907964200744,353.3407043457031,45.8918918374326,50.3848303172698,80.35382463140853,-1.3524128172628025,0.24034539256995657,-1.592758209832759,16.521516700521786,11.61048190861468,13.8214465759335,28.53895812027322,-73.13795844887724,106913599.0,106165561.4,1.0
2025-09-10,344.0901037621386,350.8427191619814,343.5029133217726,348.7386474609375,1063708.0,348.9872216796875,348.8398202514648,348.069192713375,349.89103339898605,369.9802977384789,335.73225719316173,352.8562774658203,49.041166798008966,50.3848303172698,80.35382463140853,-1.2664541126058566,-0.06101450846520609,-1.2054396041406505,15.915944976024216,11.30543361801426,22.938908382074203,19.767233611367132,-61.17219340045552,107977307.0,106354738.8,1.0
2025-09-11,349.3258406048225,358.86758827093985,348.3961199115688,357.5464172363281,1126804.0,349.13303955078123,348.960818786621,349.96463761796565,350.586977384199,369.80806129753887,335.7576979798049,352.7828796386719,54.30226138888206,50.3848303172698,80.35382463140853,-0.4820609104918958,-0.14522378887054405,-0.33683712162135176,15.051691498891206,11.245864670968317,46.703132772422585,27.821162576810096,-39.194153473004675,109104111.0,106570762.5,1.0
2025-09-12,361.1184410203985,362.0970817819713,354.8061961619549,360.3844604492188,780079.0,349.19958679199215,349.03793319702146,352.0486021842163,351.4776576628371,369.96791546823243,335.71528155325194,352.8415985107422,55.88279015960503,50.3848303172698,80.35382463140853,0.3643823492923275,-0.04330256123796973,0.4076849105302972,14.561168810338014,10.963366167328894,64.55653400333657,44.73285838594445,-32.11238037500428,109884190.0,106784914.15,1.0
2025-09-15,360.3844618075648,365.0819255345218,353.8765066917247,359.9930114746094,695167.0,349.1946936035156,349.10389526367186,353.6374840422949,352.2517807366346,370.6706038658886,335.8591172034475,353.26486053466806,55.597161909990575,55.38040805699816,80.35382463140853,0.9921709411852362,0.16379213924667146,0.8283788019385647,14.389305403527272,10.980655644148053,82.37949290271465,64.54638655949127,-15.950885690690386,109189023.0,107010910.55,1.0
2025-09-16,358.0846582599135,359.60156940035426,354.3168852539757,357.2528076171875,486637.0,349.0635552978515,349.13849182128905,354.3605487572734,352.70641954395757,371.02474344069947,336.07748129074594,353.5511123657227,53.534403156325055,55.38040805699816,80.35382463140853,1.254129548017147,0.38185962100076665,0.8722699270163804,14.22971795434587,10.601760685325596,86.1612993273202,77.69910874445713,-24.539884833599324,108702386.0,107212575.1,1.0
2025-09-17,360.13981925289124,368.1157359072175,358.47611792417405,363.9565124511719,901249.0,349.09976501464837,349.21193038940436,356.27974149605313,353.7291552627952,371.7033148653337,335.86865779091636,353.78598632812503,57.67193132353136,55.38040805699816,80.35382463140853,1.979844174906816,0.7014565317819765,1.2783876431248395,14.866869907713129,10.620415514233056,92.92597291894705,87.15558838299395,-11.904769039411356,109603635.0,107409716.35,1.0
2025-09-18,365.8159156471496,371.5899202053472,361.1184517977058,366.5498962402344,959637.0,349.2778771972656,349.27002471923834,358.3337724448894,354.8946771698351,372.3703648979323,335.5832758491381,353.9768203735352,59.186032338747026,55.38040805699816,80.35382463140853,2.7327413025102487,1.107713485927631,1.6250278165826177,15.744684113671928,10.609776435190795,94.21269748162061,91.09998990929594,-13.121084946832372,110563272.0,107599972.9,1.0
2025-09-19,366.99029268128686,368.9475742422537,363.8586302374413,367.773193359375,522109.0,349.456968383789,349.3381072998048,360.22165662778656,356.06545136888417,373.1680086875932,335.2309109901412,354.1994598388672,59.914423020271855,55.38040805699816,80.35382463140853,3.38906057378324,1.563982903498753,1.8250776702844873,16.559797304919382,10.215431261592341,99.99999999999999,95.71289013352255,-9.936380761581509,111085381.0,107795409.6,1.0
2025-09-22,361.1184498941116,366.5009742150265,355.1976850874038,357.4974670410156,757949.0,349.54113098144524,349.3417445373536,359.67681871043237,356.1956346118052,372.8805551175547,335.239452206664,354.06000366210935,51.58616672511088,57.2860308025574,80.35382463140853,3.044932996549221,1.8601729221088465,1.1847600744403746,16.12700590219471,10.384008190905119,85.3930573977054,93.20191829310866,-36.68797536646476,110327432.0,107979658.4,1.0
2025-09-23,358.67185888664653,360.13982010992066,352.40856364049307,354.0722351074219,465956.0,349.6937988281249,349.30841339111333,358.5559019898303,356.0025982932249,371.7770855951565,335.33981503960905,353.5584503173828,49.13444651298005,57.2860308025574,80.35382463140853,2.467379407186911,1.9816142191244597,0.4857651880624514,15.382161700640037,10.194525925085296,66.4860386274513,83.95969867505222,-45.60514708516719,109861476.0,108078768.9,1.0
2025-09-24,352.3106787747233,356.61669220882067,347.4663949952724,349.2279663085937,413512.0,349.85527465820303,349.2356164550782,356.690314853583,355.3867226582584,371.727094448515,335.6736105075396,353.7003524780273,45.817831138469785,57.2860308025574,80.35382463140853,1.6003244753619583,1.9053562703719595,-0.3050317950100012,14.454443677580732,10.119938159975506,41.7620026218477,64.54703288233479,-58.216607438271154,109447964.0,108246387.2,1.0
2025-09-25,347.41748028969266,353.5829053175491,346.4877595933229,347.5153503417969,294651.0,349.77894104003894,349.15449844360353,354.8553219512258,354.6711433567619,371.1066315860848,337.1112395076652,354.108935546875,44.66983654307802,57.2860308025574,80.35382463140853,0.7661516798530101,1.6775153522681696,-0.9113636724151595,13.705000972022683,9.903881557421986,29.631439583559384,45.95982694428612,-62.675193297622215,109153313.0,108429695.6,1.0
2025-09-26,349.03224260467147,349.766223219934,340.6648755369782,344.0901184082031,1532685.0,349.714351196289,349.0574641418457,352.70228124262127,353.70923199780196,371.06071880199744,337.2158711638228,354.1382949829101,42.38261744170229,57.2860308025574,80.35382463140853,-0.16937145298169298,1.3081379912181972,-1.4775094441998902,13.64936910467985,9.84655770924583,15.205125020480166,28.86618907529575,-71.59236501632464,107620628.0,108508039.7,1.0
2025-09-29,346.04738634747144,347.4174774685644,316.149892550095,319.3794250488281,5748451.0,349.11738037109365,348.8090490722656,346.0377100038626,350.58834045698615,375.53858094612383,329.57700132926675,352.5577911376953,30.320781297545224,49.925833408792876,80.35382463140853,-2.8716244153182515,0.47218550991090746,-3.343809925229159,15.447111249318612,11.37663108133323,6.595827692750428,17.14413076559666,-94.17472783596784,101872177.0,108269907.0,-1.0
2025-09-30,325.2023117427498,328.43184416166724,314.4372634111834,321.7770690917969,1924704.0,348.6407818603515,348.56681472778314,341.18558182144955,347.9691339692417,377.24415860196285,324.1574801919824,350.70081939697263,32.333053325453704,49.925833408792876,74.39263544710165,-4.764784055711857,-0.5752084032136454,-4.1895756524982115,17.21206933688602,11.563627486272562,2.266558975474274,8.022503896234955,-87.15754246202776,103796881.0,108099530.3,-1.0
2025-10-01,321.97281732668824,322.511057810571,315.3180719543805,319.28155517578125,796065.0,348.1309100341796,348.3062953186035,336.8047764923159,345.36117226074526,378.1234112854085,319.09453915404464,348.6089752197266,31.319247667420452,49.925833408792876,74.39263544710165,-6.392801589996282,-1.7387270405701727,-4.654074549426109,18.850958989627188,11.251438798409557,3.3911996209550557,4.084528763059919,-91.52394300400651,103000816.0,107852014.7,-1.0
2025-10-03,319.33049057362007,321.97283275836173,309.6419523391472,314.5841064453125,1615411.0,347.5584051513671,348.0781852722168,332.36064248291524,342.56325718661503,379.7008739210302,313.5878345750635,346.64435424804685,29.447516783872185,49.925833408792876,74.39263544710165,-7.970186718262198,-2.985018976108578,-4.98516774215362,20.704414425083005,11.328541771324197,3.3911996209550557,3.0163194057947953,-92.02208841323137,101385405.0,107560071.75,-1.0
2025-10-06,315.66056609574923,321.8749409126963,314.8287453399636,321.3367004394531,871295.0,347.17379943847646,347.88819381713864,330.1558540742228,340.6335702096003,380.5061037574285,310.67363257069655,345.5898681640625,35.422120921848276,42.58486849648863,74.39263544710165,-8.576532962034662,-4.1033217732937945,-4.473211188740867,22.425480186577694,11.040134106757023,7.661355260367914,4.814584834092675,-81.12165983303098,102256700.0,107366647.55,-1.0
2025-10-07,323.44077831932543,324.85981939894634,315.4159119638938,319.3794250488281,768553.0,346.798980102539,347.71382354736323,328.0005682691439,338.7013751949847,381.38323536868256,308.0447339916691,344.7139846801758,34.50988673058285,42.58486849648863,74.39263544710165,-9.109988221655158,-5.104655062966067,-4.005333158689091,23.55634105441681,10.92611791592099,12.075369034900094,7.709307972074354,-84.28120720487127,101488147.0,107161692.15,-1.0
2025-10-08,319.3794258209919,323.2939889568625,316.63921370643453,319.134765625,591199.0,346.557255859375,347.51693603515616,326.22740774031513,336.9225925068043,381.8893990300178,305.0577140070917,343.47355651855474,34.390661817495086,42.58486849648863,74.39263544710165,-9.44363696061879,-5.972451442496611,-3.4711855181221782,24.6064261459817,10.621022011242918,17.4835814684916,12.406768587919869,-84.67615062635132,100896948.0,106860859.6,-1.0
2025-10-09,319.7219487420139,323.93009207034544,317.5689271203236,321.3856201171875,593087.0,346.5034301757812,347.3545324707031,325.2590502156896,335.51014047138455,381.66315716320213,302.5486531395323,342.1059051513672,36.562075653442925,42.58486849648863,74.39263544710165,-9.417867529254806,-6.66153465984825,-2.756332869406556,25.47245171735426,10.316746506869983,18.730786903737176,16.09657913570962,-80.19805306615437,101490035.0,106536496.0,-1.0
2025-10-10,321.3856330139592,330.4380604214828,321.09205272001407,327.061767578125,965205.0,346.58563598632804,347.26067794799803,325.61959368817674,334.74210657199734,379.98281573388164,301.18052960303254,340.5816726684571,41.793714558396914,42.58486849648863,74.39263544710165,-8.83755359008569,-7.096738445895738,-1.740815144189952,25.21723136356959,10.247408020769894,31.781338551384934,22.665235641204568,-69.36314649062295,102455240.0,106204052.45,-1.0
2025-10-13,323.93009308325907,324.85981375592934,315.31806630106,321.1899108886719,1159430.0,346.4711352539062,347.1483529663086,324.7336571282758,333.5100887826041,377.77405675778107,299.46983362307833,338.6219451904297,38.27702943997483,46.188265957814046,74.39263544710165,-8.75058903074904,-7.427508562866398,-1.323080467882642,25.504118933713663,10.354286110505258,41.32299857564022,30.61170801025411,-77.13178979765114,101295810.0,105774633.45,-1.0
2025-10-14,320.5048606417193,321.1409711858741,313.9479553632082,317.9114685058594,1019838.0,346.14133300781253,347.00293945312507,323.3692194037925,332.0920323938091,375.3559280464282,297.6798080375562,336.5178680419922,36.433701529359,46.188265957814046,74.39263544710165,-8.84426075946186,-7.710859002185491,-1.1334017572763697,25.888973513019234,10.131976783002287,47.76439025778699,40.28957579493738,-82.39582339432839,100275972.0,105328980.9,-1.0
2025-10-15,319.0369038995482,319.42835425020183,315.5627409720944,316.3945617675781,427433.0,345.8340399169922,346.82888931274425,321.9742878765496,330.6649896096063,373.0179344174742,295.93197708154923,334.4749557495117,35.579922700561745,46.188265957814046,74.39263544710165,-8.937867799433434,-7.956260761635081,-0.9816070377983532,26.246338479517263,9.684379389795513,42.60372424117189,43.89703769153303,-84.63253759710221,99848539.0,104886288.55,-1.0
2025-10-16,316.59029591685413,320.9452593834929,315.6116551257665,318.4007873535156,663678.0,345.47096435546877,346.6370431518556,321.25958777194285,329.5500621317799,368.73659656776306,295.65774242149473,332.1971694946289,37.66062569319384,46.188265957814046,74.39263544710165,-8.749309817633446,-8.114870572834754,-0.634439244798692,26.3050589920028,9.373609737504863,48.81876609047934,46.39562686314608,-78.17073102613682,100512217.0,104431717.65,-1.0
2025-10-17,319.3794235080442,322.7557162688335,314.58408967447986,319.8687438964844,789493.0,344.8965020751953,346.4092230224611,320.9814189968512,328.66994229220757,362.9651549535828,296.7610688013,329.8631118774414,39.20785413904609,46.188265957814046,74.39263544710165,-8.38477002427544,-8.16885046312289,-0.21591956115254973,26.031125776888004,9.287753798708348,60.9452579213273,50.789249417659505,-72.92746686564743,101301710.0,103968639.55,-1.0
2025-10-20,318.3518281739895,319.86873927568865,311.0120224534172,311.6481628417969,636405.0,344.2515777587891,346.1478012084963,319.1147677658403,327.12250779671564,355.8643853297205,298.24933537340434,327.0568603515624,34.10325303689747,44.456135883758996,74.39263544710165,-8.659381836983982,-8.266956737895109,-0.39242509908887335,26.172178040348054,9.256965773305406,60.08667756705564,56.616900526287424,-90.35295212591367,100665305.0,103447635.75,-1.0
2025-10-21,313.1161435927633,317.0307068888592,312.18642286364144,314.9266052246094,92866.0,343.31110351562506,345.864297180176,318.2771352575942,326.01378938106956,350.3585013279096,299.49813319357474,324.9283172607422,37.5928312698062,44.456135883758996,74.39263544710165,-8.514322960711013,-8.31642998245829,-0.19789297825272278,26.303155142132386,8.980221364288042,60.913188298037795,60.64837459547358,-74.5882601468542,100758171.0,102969172.7,-1.0
2025-10-23,317.0796295882693,321.48351333255084,312.62682574868387,314.2415771484375,1606492.0,342.3862884521485,345.5263110351565,317.47002363576286,324.94358826901214,344.73640842584405,301.1371602997418,322.93678436279293,37.150146084180165,44.456135883758996,74.39263544710165,-8.35828963682178,-8.324801913330989,-0.033487723490791765,25.569246236331292,8.971397522829394,55.35760999383627,58.785825286309894,-77.88228070810403,99151679.0,102433682.85,-1.0
2025-10-24,314.1436908941103,321.97281714692303,313.3607902151276,319.3794250488281,1077839.0,341.60533325195314,345.18134735107446,317.8519039183759,324.4377552489954,339.4162296536793,303.47248494593003,321.44435729980466,42.60888325089482,44.456135883758996,74.39263544710165,-7.7309333296202,-8.206028196588832,0.47509486696863235,24.796994680058948,8.945728194898395,76.12098363039564,64.13059397408989,-56.92686996099743,100229518.0,101972760.55,-1.0
2025-10-27,320.9941857803574,348.3961284689245,318.7433238629526,345.11767578125,18801284.0,341.3273992919922,345.0146800231936,323.30505829095074,326.3177480246549,338.5818797201517,304.0670674234031,321.3244735717774,60.92029003579656,44.33433395368484,74.39263544710165,-5.098119260370254,-7.584446409345117,2.486327148974863,25.161025857894966,10.424805081403646,87.46289192559257,72.98049518327483,-8.769643137419258,119030802.0,102466635.0,1.0
2025-10-28,342.5242813186079,346.2431044266254,334.9887351832997,336.3588562011719,2217725.0,340.8703747558594,344.72799621582055,325.915817872995,327.2305760407019,336.28927092622064,305.586549996631,320.9379104614258,54.54259079670343,44.33433395368484,74.39263544710165,-3.675984223780347,-6.802753972232163,3.1267697484518164,25.4990548087427,10.48405966439808,92.07257779279772,85.21881778292864,-32.19890362701045,116813077.0,102926257.45,1.0
2025-10-29,335.42911922804257,343.0135850895082,332.6889370566501,341.44775390625,890098.0,340.6687744140625,344.5158779907229,329.02220507964597,328.52304675575175,339.8902809824099,304.19237282618394,322.0413269042969,57.33715873158115,44.33433395368484,74.39263544710165,-2.113932349992524,-5.864989647784236,3.7510572977917116,25.462307240138184,10.47267311928808,87.61877813754808,89.05141595197945,-18.586440343905043,117703175.0,103717807.35,1.0
2025-10-30,342.7200221709624,346.63458539454507,340.81166065316694,345.60699462890625,1205679.0,340.5503588867188,344.33229919433614,332.33916298949805,330.0761329260385,343.95736806753905,302.50827829476566,323.23282318115236,59.527180687272605,44.33433395368484,74.39263544710165,-0.5342208544769278,-4.798835889122774,4.264615034645846,25.750858537662044,10.140548235151655,85.8871558749529,88.52617060176622,-7.460747727553696,118908854.0,104473406.0,1.0
2025-10-31,346.09631270056474,347.417483752774,342.1817495033504,346.3409729003906,796095.0,340.29199768066417,344.2307908630373,335.13952497167656,331.5547547418887,347.6277264322969,301.54386170246875,324.58579406738284,59.91820136626433,44.33433395368484,76.51411282471366,0.7680838073072778,-3.685451949836764,4.453535757144042,26.088430310749118,9.790204379028225,92.56899097078096,88.69164166109397,-5.497404612755352,119704949.0,105308612.65,1.0
2025-11-03,346.438841818529,350.7938053074618,343.79649972276684,346.7813720703125,956526.0,339.97296081542976,344.2130302429201,337.4678943914038,332.9389926808363,350.7450589092558,301.64625578800985,326.19565734863284,60.1668743613914,52.11874167051931,76.51411282471366,1.814786438416263,-2.585404272186159,4.400190710602422,26.70156327267545,9.59071160800442,96.0863017881871,91.51414954464032,-10.086107130669653,120661475.0,106272416.15,1.0
2025-11-04,345.7048664220759,346.9281674356006,340.71379231374567,345.0198059082031,750027.0,339.6069488525391,344.1470196533205,338.9782766947637,334.03724842877875,353.1945042293202,301.56512101482036,327.3798126220703,58.60076579262563,52.11874167051931,76.51411282471366,2.4736474790494185,-1.5735939219390436,4.047241400988462,26.732089934968215,9.349544716136599,94.93477649143263,94.53002308346689,-14.514179569183494,119911448.0,107155153.55,1.0
2025-11-06,347.4174917764115,354.6594278853618,341.30098663950287,343.7965087890625,1434065.0,339.27714721679695,344.02722320556654,339.9419231136235,334.92445391607725,355.1220939001248,302.07923971803916,328.600666809082,57.48181101597834,52.11874167051931,76.51411282471366,2.864074478827092,-0.6860602417858166,3.550134720612909,27.44440150161399,9.635894468259623,91.90636542277007,94.3091479007966,-24.887891934921246,118477383.0,108004615.35,1.0
2025-11-07,343.50293253791324,343.55185263328605,332.150692896844,333.17828369140625,548119.0,338.658646850586,343.83667144775404,338.58919522918006,334.7657111683799,355.51081346499507,303.09487195980955,329.3028427124023,48.7758154751364,52.11874167051931,76.51411282471366,2.2902876534401457,-0.09079066274062414,2.38107831618077,26.70502217218552,9.779460284256684,77.74738272491442,88.1961748797057,-49.21516864833845,117929264.0,108856231.15,1.0
2025-11-10,333.2272016038059,345.3134217907793,333.2272016038059,343.35614013671875,810866.0,338.5979711914064,343.6607124328615,339.54258421068783,335.54665925641063,357.0501636480345,303.7525737787232,330.4013687133789,55.70154675547013,48.5492591397156,76.51411282471366,2.626548202937556,0.45267711039501196,2.1738710925425444,26.18949993393874,9.947722985336423,74.14367980367754,81.26580931712067,-25.896814797542213,118740130.0,109718735.9,1.0
2025-11-11,343.35613313525414,345.99844539490704,341.7903018707854,345.5580749511719,525256.0,338.7222589111329,343.5105239868165,340.7456823587847,336.4567879559344,358.75923724746633,303.89313091659596,331.32618408203115,57.05437400214364,48.5492591397156,76.51411282471366,3.035720946825677,0.969285877681145,2.066435069144532,25.779531115422458,9.53775302382108,72.99642904005081,74.96249718954758,-21.42855898596199,119265386.0,110559243.2,1.0
2025-11-12,347.41747613010625,362.879988473542,346.19417515781714,358.5250549316406,2469957.0,339.0227014160157,343.5531756591798,344.3015568733559,338.4629940446349,362.722793514731,303.6630890536282,333.1929412841796,64.0223364434396,48.5492591397156,76.51411282471366,4.356105733820073,1.6466498489089307,2.709455884911142,26.767120640778728,10.093764488003156,88.09190057574996,78.41066980649276,-8.665988976146966,121735343.0,111581219.85,1.0
2025-11-13,358.67185067803445,362.09709345395015,353.2893263158811,356.7145690917969,780479.0,339.13720275878916,343.63879989624036,346.7841593170441,340.12222813983146,365.5218662416239,304.74432638532915,335.1330963134765,62.49761234358527,48.5492591397156,76.51411282471366,5.196526787872983,2.3566252367017415,2.8399015511712418,27.684168057180983,10.001907534436434,92.20528348878383,84.43120436819487,-12.450563818846783,120954864.0,112615164.45,1.0
2025-11-14,354.9040834873566,355.8338042024064,352.45748146432817,354.9530334472656,279788.0,339.05793334960947,343.6935966491701,348.4179341430885,341.47048316778,367.3365156287712,306.78552416615065,337.06101989746094,60.97601490156873,48.5492591397156,76.51411282471366,5.6552352911954245,3.0163472476004785,2.638888043594946,28.40034905690313,9.591563255367312,90.96638671088894,90.42119025847424,-17.960022797858944,120675076.0,113656491.3,1.0
2025-11-17,357.2038931979692,357.93787380043074,353.9254405338247,355.5891418457031,414895.0,338.9473474121095,343.68624038696305,349.8521756836114,342.7539975930457,368.9373280858069,308.90354715833377,338.9204376220703,61.34203063860905,54.14423837539929,76.51411282471366,6.000918859301237,3.6132615699406303,2.3876572893606065,29.224025550252378,9.193053970455791,85.10645794330807,89.42604271432694,-23.72604542672154,121089971.0,114685379.0,1.0
2025-11-18,355.2465946277153,355.7359150059904,350.206600704631,351.13629150390625,421182.0,338.8925427246094,343.73937576293963,350.1089988476704,343.5160243122149,369.56516085148877,311.40246915339407,340.4838150024414,57.29116840389383,54.14423837539929,76.51411282471366,5.848153891271522,4.060240034206809,1.787913857064713,29.35359630989191,8.93135827980605,72.76363262992618,82.94549242804106,-38.2166162589845,120668789.0,115653732.95,1.0
2025-11-19,349.6194154579174,363.8097066381548,348.64077468686656,359.3569030761719,2511186.0,339.23115234375007,343.9642814636232,351.9585796933707,344.9561041998473,369.73376445415346,316.0047395741669,342.86925201416017,62.247756232498894,54.14423837539929,76.51411282471366,6.317595891984297,4.511711205762307,1.8058846862219902,30.111203038029117,9.376899256340492,75.54402940279009,77.80470665867477,-14.064884011761292,123179975.0,116779466.45,1.0
2025-11-20,361.2163153658169,362.0970860885588,347.90679487698014,349.2768859863281,656689.0,339.4787481689454,344.03376937866227,351.42224095196224,345.3489025440728,368.114370489446,321.0591616150462,344.5867660522461,53.975836343539484,54.14423837539929,76.51411282471366,5.809293009113787,4.771227566432604,1.0380654426811837,30.689652628315535,9.720712967428932,59.43938426137599,69.24901543136409,-45.90421157960234,122523286.0,117867722.2,1.0
2025-11-21,348.3961370931262,354.0722419871082,340.37127030367066,351.9681701660156,881128.0,339.63924499511717,344.1421211242677,351.5314267947729,345.9506541460676,365.3457640843174,327.6004273219326,346.473095703125,55.66965421387026,54.14423837539929,76.51411282471366,5.559536576650601,4.928889368476203,0.6306472081743975,30.027419059356316,10.005017161429548,55.894282194277935,63.62589861948133,-37.40336502235241,123404414.0,119080358.95,1.0
2025-11-24,350.30449310327856,350.35341319792894,329.70408594411936,334.5972900390625,1790992.0,339.3564178466797,344.1931396484376,348.14459944363085,344.9185301363399,362.363133055326,332.1048448499473,347.23398895263665,44.329466197085814,53.288780590264906,76.51411282471366,3.914790682665739,4.726069631314111,-0.811278948648372,28.05722353576937,10.880664808605742,26.440697809639136,47.25812142176436,-85.65279272047117,121613422.0,120149554.15,1.0
2025-11-25,336.65244562597485,344.4815722684394,334.98874426815195,342.9157409667969,785721.0,339.06380432128907,344.24340454101565,347.09882774826406,344.7364583936542,362.34962053749706,331.89816388633113,347.1238922119141,49.62182721580911,53.288780590264906,76.51411282471366,3.2451392365120455,4.429883552353698,-1.1847443158416526,26.22775626386721,10.809494624375109,24.030106074955185,35.45502869295741,-61.262528715719775,122399143.0,120317971.2,1.0
2025-11-26,342.9157343719449,346.9281676721917,341.39885306043885,345.0687561035156,425085.0,338.757490234375,344.3649285888672,346.69281341931435,344.7666672763689,361.96481586765276,333.15395854640985,347.5593872070313,50.9222892578256,53.288780590264906,76.51411282471366,2.8552523965969385,4.114957321202346,-1.2597049246054075,24.807054990914953,10.432338909187806,20.117575431754155,23.529459772116155,-54.94974187030903,122824228.0,120618528.75,1.0
2025-11-27,345.8027453673428,347.3196267168154,339.63729018120813,342.37750244140625,343354.0,338.4051800537109,344.4616235351563,345.8297512237327,344.54947047319047,361.9340539154945,333.2776953520838,347.60587463378914,49.21219427532834,53.288780590264906,76.51411282471366,2.302560108556861,3.752477878673249,-1.4499177701163881,23.259846629321796,10.235910168217766,28.38237383706633,24.176685114591887,-62.84068068726489,122480874.0,120857413.7,1.0
2025-11-28,341.8881636477204,344.2368955546883,336.45668938050125,338.4139709472656,325782.0,338.02840332031246,344.4523571777344,344.34659516843936,343.99169778901546,362.13576778464886,332.3566791147652,347.24622344970703,46.72356259257124,53.288780590264906,76.51411282471366,1.5271199333968184,3.3074062896179632,-1.7802863562211448,21.77999211227936,10.060502740072716,23.476597301394328,23.992182190071603,-74.46202465780225,122155092.0,121019725.6,1.0
2025-12-01,338.6586265276785,342.5242695156536,337.4353255651226,339.8819274902344,350423.0,337.5469116210937,344.446316986084,343.45366163279834,343.61808230730804,362.17136291779906,331.6751794405995,346.9232711791993,47.776896684861605,49.466752797491296,74.37278181005887,1.0192802049081706,2.849781072676005,-1.8305008677678343,20.40584148931138,9.705391397962595,18.15251717558268,23.337162771347778,-70.15787621218996,122505515.0,121159753.9,1.0
2025-12-02,338.9032937208295,340.0776746154405,336.0163213090098,337.8268127441406,251653.0,336.9724499511719,344.41959625244147,342.3282918550668,343.091603256111,362.2576893346717,330.69339709110966,346.47554321289067,46.39396720085224,49.466752797491296,74.37278181005887,0.4458435694534728,2.3689935720314983,-1.9231500025780255,19.32296293027638,9.302245819996031,13.67548553362884,18.43486667020195,-76.18361245235508,122253862.0,121239373.25,1.0
2025-12-03,338.12038399721706,344.1879686809474,336.7013429429709,340.66485595703125,486402.0,336.430283203125,344.4203744506836,341.99560467545973,342.8709898652856,362.24337002024646,330.27222141041767,346.25779571533207,48.60634462730891,49.466752797491296,74.37278181005887,0.21788562339384043,1.9387719823039669,-1.7208863589101264,18.166809852583658,9.172558671280353,17.579356615552534,16.46911977492135,-67.86227668676102,122740264.0,121380814.05,1.0
2025-12-04,340.66487882150795,346.1452734414568,339.58836793559425,343.0136108398437,511012.0,336.14060607910153,344.4067628479004,342.1992059083365,342.8839554084272,362.23341005354064,330.20389158220166,346.21865081787115,50.4296965680395,49.466752797491296,74.37278181005887,0.2241681278347869,1.595851211410131,-1.3716830835753442,17.36474410697451,8.98572630232194,23.092266580152288,18.115702909777887,-60.97556759008943,123251276.0,121619508.7,1.0
2025-12-05,343.5029114824894,345.9495134161254,338.6097076152175,339.5883483886719,412110.0,335.8509283447265,344.38207443237303,341.67703440440357,342.5843547702676,361.6882358562574,331.39007224921147,346.53915405273443,47.768114070012935,49.466752797491296,74.37278181005887,-0.04670461411075166,1.2673400463059545,-1.3140446604167062,16.461906680625304,8.868160552220939,25.701404629569236,22.124342608424683,-71.01867010946637,122839166.0,121865003.8,1.0
2025-12-08,339.5883441066218,340.27340458570006,328.97008587538375,331.1720275878906,453728.0,335.48980957031245,344.28747695922846,339.57603304110097,341.5468704809606,362.5285792873061,329.33131756328,345.92994842529305,41.91441849570936,49.80268917072054,74.37278181005887,-0.9297820158215018,0.8279156338804632,-1.757697649701965,16.294963872010257,9.042100420656324,17.74514239366313,22.17960453446155,-93.67977703460012,122385438.0,122047269.2,1.0
2025-12-09,329.8019584939447,336.65244427868544,324.90875436198706,333.76544189453125,623438.0,335.2148114013671,344.2508543395995,338.4139148117871,340.8394678821943,362.809554187681,327.8710793572411,345.34031677246105,44.184197204793,49.80268917072054,74.37278181005887,-1.4041739155970845,0.38149772398495374,-1.7856716395820382,16.603066345260686,9.235071098945042,11.897304213630026,18.44795041228746,-76.18423004919062,123008876.0,122234443.7,1.0
2025-12-10,334.69514149514106,339.0990249358666,327.84465614290133,330.8784484863281,317068.0,334.9505780029296,344.23681915283197,336.9068215466953,339.93392066438827,361.40968995312016,326.5062829472706,343.9579864501954,42.20696413706245,49.80268917072054,74.37278181005887,-1.99014796746485,-0.09283141430500702,-1.8973165531598428,16.486897045115203,9.379306648517918,6.209331009024961,11.950592538772703,-79.53024617261886,122691808.0,122282266.95,1.0
2025-12-11,330.8784711629961,334.2058440175468,328.33399902748744,333.3250732421875,190117.0,335.2294909667968,344.2108193969726,336.1904718857937,339.33311635327914,359.76927045158175,325.8077528638481,342.78851165771493,44.47467792059648,49.80268917072054,74.37278181005887,-2.2313923527347015,-0.520543601990946,-1.7108487507437555,16.379025552122968,9.128773672913734,15.683487897297294,11.263374373317426,-66.92304292831801,122881925.0,122378620.0,1.0
2025-12-12,337.38642653504667,338.12040715840067,331.66137169973604,333.4229431152344,437238.0,335.46240844726555,344.16619277954106,335.63696613168185,338.79582787709325,358.16740361984824,325.2566106623785,341.71200714111336,44.56837728958817,49.80268917072054,74.37278181005887,-2.3871652304923714,-0.8938679276912311,-1.4932973028011403,15.623999202877762,8.938078086181656,20.00397685791259,13.96559858807828,-62.00866874594031,123319163.0,122510824.35,1.0
2025-12-15,335.9184572121136,336.652437817821,332.0038939816738,335.8205871582031,194564.0,335.793189086914,344.0805616760254,335.6736903369861,338.5253514481032,356.00204393504384,325.44511487843283,340.72357940673834,46.93106497796548,47.99864401417307,74.37278181005887,-2.2907402939062536,-1.1732424009342357,-1.1174978929720178,14.92290330715007,8.631682782607768,37.85898270228765,24.515482485832507,-51.31009349635978,123513727.0,122632012.15,1.0
2025-12-16,335.6248782922172,336.6524391981218,332.54213584300857,335.4291381835937,225383.0,336.21008972167965,343.95676376342783,335.62477990630765,338.24387751496596,354.5638684542922,325.3125750271531,339.93822174072267,46.58197150666883,47.99864401417307,74.37278181005887,-2.220315087502456,-1.3826569382478797,-0.8376581492545765,14.27188544324388,8.308727109215301,46.656114084785884,34.83969121499537,-53.05678576434325,123288344.0,122762989.9,1.0
2025-12-17,333.6675788537584,335.3802001826572,330.5359164774736,331.3188171386719,248121.0,336.409732055664,343.8505810546876,334.7635873527805,337.6143265716665,350.44803269650976,326.6246021911855,338.5363174438476,42.967792740616524,47.99864401417307,74.37278181005887,-2.467724765983178,-1.5996705037949395,-0.8680542621882383,13.994091532131456,8.064762437565642,40.95869351050819,41.82459676586057,-69.81584998606627,123040223.0,122756002.3,1.0
2025-12-18,330.6827256330681,337.63108139729235,329.80195487213774,335.0376892089844,358371.0,336.7228973388672,343.7933306884766,334.8184077240213,337.38008681142264,348.6892252928347,326.9594899171262,337.82435760498043,46.97629397001725,47.99864401417307,74.37278181005887,-2.336779878659911,-1.747092378767934,-0.589687499891977,13.299155944990481,8.047931300964855,42.20963245350947,43.274813349601175,-52.30416619082654,123398594.0,122799767.7,1.0
2025-12-19,337.87572856864546,340.5669907078599,333.9122453644646,339.0990295410156,406485.0,337.1221826171875,343.74317535400394,335.6745320874202,337.5363543322947,345.8139097785,328.54789136896085,337.1809005737304,51.02468029691796,47.99864401417307,74.37278181005887,-1.8835761953965857,-1.7743891420936644,-0.10918705330292133,12.582495060353176,7.948418018281315,57.27167751607223,46.8133344933633,-33.17984399455135,123805079.0,122819800.95,1.0
2025-12-22,339.73514052407523,350.3533989514803,339.5883503803454,348.6407775878906,714279.0,337.6672857666016,343.7933306884766,338.2677811875143,338.54584735553067,347.8176481634591,327.9485017388847,337.8830749511719,58.95384739102449,49.80148544341284,74.37278181005887,-0.7458717424293582,-1.5686856621608032,0.822813919731445,13.339686659437573,8.18455740343727,86.4815430622132,61.987617677264964,-6.730773375773003,124519358.0,122965097.75,1.0
2025-12-23,348.6407802639818,350.1576615370773,342.62214539888976,347.7110595703125,621973.0,338.08027160644536,343.80898880004884,340.15643686407395,339.37904846596535,348.77441935342773,327.4712624092677,338.1228408813477,57.96903312031821,49.80148544341284,74.37278181005887,0.07982656823594425,-1.2389832160814538,1.318809784317398,14.042793144301656,8.138197313062287,98.07345994055576,80.6088935062804,-10.384658240653488,123897385.0,123040009.85,1.0
2025-12-24,346.4388539290555,348.0536053259142,341.59456987273137,342.9157409667969,418265.0,338.5147882080078,343.7921072387695,340.7082976846185,339.7005659660409,348.4116568116965,327.61872343732693,338.0151901245117,53.04690272122766,49.80148544341284,74.37278181005887,0.3432989564455511,-0.9225267815760528,1.2658257380216038,14.480459740287799,8.018257180213753,86.51801657038331,90.35767319105075,-29.230740317570124,123479120.0,123072754.45,1.0
2025-12-26,342.5732043473181,343.50292506516104,334.01009724099293,335.3312683105469,344095.0,338.8631842041016,343.7015829467773,339.6328918098042,339.30335708826874,347.9134462048234,327.41231063111417,337.6628784179688,46.34426612067236,49.80148544341284,74.37278181005887,-0.05921820436111602,-0.7498650661330656,0.6906468617719496,13.48965591620193,8.123583654781921,61.85055979934281,82.14734543676062,-59.03847698912823,123135025.0,123105462.0,1.0
2025-12-29,335.9673871512024,337.4842983668969,331.75924350146533,332.83575439453125,337303.0,339.19200805664065,343.6262277221679,338.27346432674966,338.7153932070199,347.849784893201,326.91815028746305,337.383967590332,44.35826502866123,48.597081668670114,74.37278181005887,-0.572978136135589,-0.7144876801335703,0.14150954399798132,12.837966637543756,7.952260169828324,34.72575909878783,61.03144515617131,-68.846096455922,122797722.0,123137593.5,1.0
2025-12-30,332.7378617406552,332.7378617406552,318.40078043586146,320.60272216796875,1865152.0,339.23604675292967,343.5004724121094,334.73931589499347,337.0687867489243,349.21037650124583,323.6296381471916,336.4200073242187,36.17462806369902,48.597081668670114,74.37278181005887,-1.9448213584637415,-0.9605544157996047,-0.9842669426641368,13.87332864390137,8.415311154745572,12.947869135626966,36.508062677919206,-93.10872837845527,120932570.0,123058946.25,-1.0
2025-12-31,323.8322296058404,329.7040743126217,322.46213848074075,328.6275634765625,363273.0,339.4112231445312,343.479676208496,333.5169654113073,336.30140281507323,349.1914357872618,322.72865393441776,335.9600448608398,43.53407633706779,48.597081668670114,71.70476068827519,-2.3573058144915535,-1.2399046955379944,-1.117401118953559,14.83473622123344,8.464314082596099,15.051235316932075,20.908287850448957,-67.99391249984079,121295843.0,123011045.3,-1.0
2026-01-01,330.73167094580475,330.73167094580475,325.30019657585416,326.86602783203125,218260.0,339.71558044433584,343.4926431274414,332.1867778954521,335.4436414529785,348.9015424886781,321.6386644205016,335.27010345458984,42.37891821695668,48.597081668670114,71.70476068827519,-2.7941348748805694,-1.5507507314065094,-1.24338414347406,15.536691108499847,8.247682674549992,19.848117168726752,15.94907387376193,-73.50687427375672,121077583.0,122927911.25,-1.0
2026-01-02,327.8446783811873,337.04389621933075,326.5724572472014,333.276123046875,590220.0,340.0825708007812,343.657788848877,332.4046469257367,335.2465943251509,347.9373737868254,321.6290843430575,334.78322906494145,47.80627217120531,48.597081668670114,71.70476068827519,-2.593191245512628,-1.7592388342277332,-0.8339524112848948,15.10348085841728,8.406522410091375,36.86895816765893,23.922770217772584,-53.44562260603999,121667803.0,122848737.6,-1.0
2026-01-05,333.32505487650144,335.8695268718137,328.48077108031566,329.50836181640625,296414.0,340.3879064941405,343.82440246582036,331.82538990387064,334.72493682435595,347.4306113510787,321.1278481215776,334.27922973632815,45.116323364704385,47.91637871537346,71.70476068827519,-2.706766890512313,-1.9487444454846492,-0.7580224450276636,14.701214197626324,8.333824794477566,39.18429509075615,31.967123475713944,-65.23733610403397,121371389.0,122775348.75,-1.0
2026-01-06,329.50836467077335,332.0528068223805,326.866022601647,328.48077392578125,309033.0,340.5699334716796,344.10160247802736,331.15646670825276,334.15728565175823,347.4836461396344,320.805687966811,334.1446670532227,44.382832949628934,47.91637871537346,71.70476068827519,-2.8468771348153723,-2.128370983350794,-0.7185061514645783,14.553290775924584,8.109036182067276,42.11666765348106,39.38997363729871,-68.45331006285898,121062356.0,122709194.65,-1.0
2026-01-07,328.92116960394367,333.22718302970986,327.8446587810655,329.94873046875,390154.0,340.26655456542954,344.38614227294926,330.9149194603522,333.7746897260302,347.4242156234202,320.483447340447,333.9538314819336,45.739957712087744,47.91637871537346,71.70476068827519,-2.8071051275246646,-2.2641178121855683,-0.5429873153390963,14.201936338514912,7.914285329679926,39.09298419675133,40.13131564699618,-63.85914341497943,121452510.0,122631376.35,-1.0
2026-01-08,329.9487463246256,336.4077817065407,323.00039053295546,325.1044921875,498140.0,340.04146728515616,344.56841415405273,329.75283400578184,332.98648994980016,347.6506850772123,319.67958225677205,333.6651336669922,42.09000784324005,47.91637871537346,71.70476068827519,-3.130389883535827,-2.4373722264556203,-0.6930176570802065,14.557791047064516,8.306650032816018,34.664510042336346,38.624720630856245,-79.01983604767265,120954370.0,122544504.45,-1.0
2026-01-09,323.1471913747104,323.88117194579246,310.47378156772777,311.69708251953125,729830.0,339.44645385742183,344.6266432189941,326.14168370853173,331.05108927432116,349.67895020632477,315.4885180553939,332.58373413085934,34.00263026652989,47.91637871537346,71.70476068827519,-4.417538655820863,-2.833405512328669,-1.5841331434921937,16.200759558775683,8.758368646170034,22.65326305448263,32.13691909785677,-96.93251582623792,120224540.0,122411635.2,-1.0
2026-01-12,311.69710489168983,312.1375052122473,298.73011387186284,304.7976989746094,705133.0,338.6302679443359,344.597039489746,321.8728867617473,328.6644174288928,352.27148160977555,310.03346223788066,331.1524719238281,30.730378474148065,41.364712746884116,71.70476068827519,-5.926024402296434,-3.4519292903222225,-2.474095111974212,18.55906607136083,9.090441695756779,8.656105512280176,21.991292869699716,-88.20168299245844,119519407.0,122221647.4,-1.0
2026-01-13,307.9782785023109,316.63922588083034,300.5406022850378,315.1712646484375,1438351.0,338.0068737792968,344.6034005737304,320.53256233908536,327.4377671761241,352.27186288184845,307.9681487148312,330.12000579833983,40.069100579760715,41.364712746884116,71.70476068827519,-6.212832504303265,-4.004109933118431,-2.2087225711848335,19.986228630674873,9.591026117187907,13.948889773661389,15.086086113474732,-66.66669310729785,120957758.0,122093848.95,-1.0
2026-01-14,315.1712406476959,315.75843106908724,309.4951362609863,313.1650390625,650761.0,337.3345471191406,344.5647442626953,319.0590576837683,326.1402464385219,352.2462734924506,305.7673281921197,329.00680084228514,38.97473065975395,41.364712746884116,71.70476068827519,-6.526778984191935,-4.508643743333132,-2.018135240858803,21.31145100718077,9.353331023681694,30.042439218019645,17.549144834653735,-67.75961838018819,120306997.0,121944781.6,-1.0
2026-01-15,313.1650390625,313.1650390625,313.1650390625,313.1650390625,0.0,336.69745178222655,344.5417460632324,317.8802539595146,324.9606821316108,352.3542695540187,303.8439543229345,328.0991119384766,38.97473065975396,41.364712746884116,71.70476068827519,-6.698369200809111,-4.946588834828328,-1.7517803659807836,22.54201464250768,8.685235950561573,46.13598866237791,30.042439218019645,-62.75260238675169,120306997.0,121808120.3,-1.0
2026-01-16,313.1650497055998,327.6489213081852,310.4248674669744,319.4283447265625,1350930.0,336.2100885009766,344.39666259765625,318.1898721129242,324.4577423675155,351.6381883162931,302.9991011124178,327.31864471435546,44.46639090935706,41.364712746884116,71.70476068827519,-6.256834369392379,-5.208637941741138,-1.0481964276512414,21.474643645867022,9.295151514179377,59.00075147385408,45.05972645141721,-45.9770620739365,121657927.0,121721086.95,-1.0
2026-01-19,317.86250312172564,317.86250312172564,309.3972666215422,313.1161193847656,447542.0,335.8088452148438,344.29733047485354,317.17512156729254,323.42668573272005,350.4650116904116,301.5739867226743,326.01949920654295,40.50982923638019,44.30305312396856,71.70476068827519,-6.343138909144898,-5.43553813522189,-0.9076007739230079,20.594247154438285,9.347717699239444,61.99737077015636,55.711370302129446,-62.45213959186796,121210385.0,121591352.25,-1.0
2026-01-20,312.52893664090595,321.87494407108176,307.39107258577604,310.6695251464844,1838157.0,335.1551129150391,344.2153692626954,315.87400228313095,322.2669438612441,347.0180901666366,301.22378300230855,324.1209365844726,39.059144883598876,44.30305312396856,71.70476068827519,-6.533639853496027,-5.655158478876718,-0.8784813746193088,19.262947739932528,9.714585826815608,62.162153212083965,61.053425152031465,-68.83781620320607,119372228.0,121333995.75,-1.0
2026-01-21,307.29322427126124,308.56544541907857,299.561967595548,303.6722412109375,651331.0,334.3173962402344,344.09010330200203,313.43365006869226,320.57651634757985,343.70751347388807,300.13047785911965,321.91899566650386,35.178997636449324,44.30305312396856,71.70476068827519,-7.166623188190897,-5.957451420739554,-1.209171767451343,18.87856242522419,9.814083807109947,44.032514948000454,56.06401297674692,-87.10091503299131,118720897.0,121075171.35,-1.0
2026-01-22,305.87417506355075,310.03339853112993,300.83418083481024,306.2167053222656,704628.0,333.27122924804695,343.9278936767579,311.99026111940697,319.2710789816422,340.5695731139311,299.59851465462333,320.0840438842772,37.60626693307942,44.30305312396856,71.70476068827519,-7.37790218867849,-6.241541574327342,-1.1363606143511484,18.32663610262181,9.770164799196358,40.21234667377803,48.80233827795415,-80.12989688413712,119425525.0,120872491.6,-1.0
2026-01-23,308.9079656297386,308.9079656297386,301.9106898130555,306.9017639160156,477777.0,332.2749731445313,343.8765150451661,310.9725616787287,318.14659579385795,338.6322990667102,298.6928382623912,318.6625686645507,38.276412963231365,44.30305312396856,71.70476068827519,-7.404706962907426,-6.474174652043359,-0.9305323108640664,17.814133088776742,9.572101300445413,40.71227822592621,41.6523799492349,-78.31168829236361,119903302.0,120710905.45,-1.0
2026-01-27,305.9231279683419,308.27185997596155,301.8128245556966,305.3359375,340529.0,331.28263122558604,343.88091888427743,309.84523684298296,316.9819904944163,336.9326443578087,297.6425112818396,317.28757781982415,37.29052501738957,40.740689512609734,71.70476068827519,-7.46623295923149,-6.672586313480986,-0.7936466457505045,17.349978455784548,9.349739451861096,46.59706346779712,42.50722945583379,-82.46753579037266,119562773.0,120549158.0,-1.0
2026-01-28,305.3359134889884,317.07960246933413,304.5530128365969,313.1161193847656,283823.0,330.43317077636726,343.8804295349122,310.4994133513395,316.63054766626624,336.57763953874337,297.2488558225847,316.913247680664,44.886524736850035,40.740689512609734,71.70476068827519,-6.808710521564137,-6.699811155097616,-0.10889936646652121,16.511355543967163,9.576657321923676,64.66039633469236,50.65657934280523,-61.81821662628978,119846596.0,120494859.3,-1.0
2026-01-29,312.18640171894,315.61164437102866,308.2718386879815,311.9906616210937,450510.0,329.65025817871094,343.91345855712905,310.79766300529036,316.2087398439778,335.05471788087857,297.1080872949026,316.0814025878906,44.055195521796726,40.740689512609734,71.70476068827519,-6.3057455783676915,-6.6209980397516315,0.31525246138394003,15.732634268708162,9.41688220486107,79.27794379934366,63.511801200611046,-54.145592696276104,119396086.0,120399871.45,-1.0
2026-01-30,310.6205677305933,316.3456220848605,308.5164960935879,313.01824951171875,331109.0,328.72348510742194,343.907586669922,311.24178030657606,315.91869526831783,333.70451478360195,297.0735125601479,315.3890136718749,45.05577948296608,40.740689512609734,71.70476068827519,-5.757851553780824,-6.448368742557471,0.6905171887766466,15.10717656755454,9.30347104674761,98.04247756975201,80.66027256792934,-50.59223769404184,119727195.0,120332352.05,-1.0
2026-02-02,303.3786472835501,304.40620817482466,296.5770817933137,298.3875732421875,896176.0,327.70569885253906,343.78403320312515,308.67093889369835,314.324956902306,331.424902081636,295.8642702816452,313.6445861816406,35.35906416779103,43.1446643284326,67.54278619495541,-6.43009278617501,-6.444713551280978,0.014620765105968658,15.076045001740306,9.81330652329457,65.31685409623573,80.87909182177712,-94.17320803292878,118831019.0,120190512.85,-1.0
2026-02-03,312.87145957212425,313.165039850686,302.3999916058187,303.13397216796875,822933.0,326.72901489257816,343.6450662231447,307.56354554855244,313.30759465372984,329.03197316066166,295.6197602377757,312.3258666992187,39.87950902627471,43.1446643284326,67.54278619495541,-6.504869988003577,-6.456744838625498,-0.04812514937807855,14.080213352113974,10.167889386523422,49.804885832282594,71.05473916609012,-78.89764340628496,119653952.0,120104641.0,-1.0
2026-02-04,302.4000076945173,303.86796889691783,295.3048618829145,298.093994140625,1303059.0,325.9989489746094,343.4833459472658,305.66963526696696,311.9245400616294,326.84000464167906,294.77305077824275,310.8065277099609,36.926525174137026,43.1446643284326,67.54278619495541,-6.891376071526224,-6.543671085205644,-0.3477049863205801,13.76884024876128,10.053262074200559,22.36931543713411,45.830351788550814,-91.37667841553828,118350893.0,119969067.85,-1.0
2026-02-05,298.09398099816684,298.3386411877803,290.7541753097636,292.4178466796875,614098.0,324.98899108886724,343.2795437622072,303.01927754951106,310.1512042996346,324.30176298565857,293.558204055357,308.9299835205078,33.883476221926216,43.1446643284326,67.54278619495541,-7.568458115938995,-6.7486284913523145,-0.8198296245866805,13.924796249717398,9.876919488758857,21.76160557731706,31.311935615577916,-95.49076345451711,117736795.0,119783282.1,-1.0
2026-02-06,291.43920156943085,291.43920156943085,283.5122354369184,284.1483459472656,673210.0,323.7705828857423,343.0069923400881,299.245091229062,307.7873080857829,323.9949886021397,289.7693638148525,306.8821762084961,30.004103912805412,43.1446643284326,67.54278619495541,-8.672360538325279,-7.133374900746908,-1.5389856375783708,14.704641469329566,9.807540328331017,5.897762938184845,16.676227984212005,-98.34185193643819,117063585.0,119588742.85,-1.0
2026-02-09,288.69904231374795,288.69904231374795,284.7844790281378,286.6928405761719,525868.0,322.6568896484376,342.7043478393557,296.73464109848396,305.86962922127276,324.79439994060345,286.469528282053,305.6319641113282,32.56258010366376,35.768900959369255,67.54278619495541,-9.235431405543352,-7.553786201706197,-1.6816452038371548,15.428783458969436,9.432051473913255,5.665983119138408,11.108450544880103,-91.70912260240914,117589453.0,119456988.5,-1.0
2026-02-10,290.65632311123727,290.65632311123727,285.86098907346064,286.7906799316406,462698.0,321.62442382812503,342.4024371337893,294.7458488651153,304.1351792858516,325.66901536222997,283.7942109561295,304.73161315917974,32.66449780816606,35.768900959369255,67.54278619495541,-9.56353186397547,-7.955735334160052,-1.6077965298154178,15.815025912861381,9.100857371332069,11.557672459548169,7.707139505623807,-90.2332390516174,118052151.0,119383625.7,-1.0
2026-02-11,287.18215390164187,287.9161344995853,274.2640834315382,279.2551574707031,1377205.0,320.4118884277344,342.08976150512717,291.6477105862329,301.8733591208381,326.141276691996,279.7303389085901,302.93580780029305,29.02601318036647,35.768900959369255,67.54278619495541,-10.312728808474503,-8.427134029022943,-1.8855947794515604,17.13477058572499,9.425942635383143,11.557672459548169,9.593776012744915,-88.34283887868092,116674946.0,119169485.1,-1.0
2026-02-12,276.95535070806807,278.91263233851373,265.74990142746736,267.95184326171875,1614550.0,319.014389038086,341.69463531494165,286.9085371213301,298.78958495182724,328.10879786122706,273.24149815928087,300.67514801025396,24.59961927360801,35.768900959369255,67.54278619495541,-11.683871379286302,-9.078481499075615,-2.605389880210687,18.916260305573196,9.717322164515473,5.89168934040976,9.669011419835366,-95.71019937861047,115060396.0,118907155.05,-1.0
2026-02-13,259.33981645264333,261.1013579765887,247.05787121519813,248.7215576171875,3168445.0,317.17552307128915,341.2173031616213,279.2711412205016,294.2379461032236,332.72754953209744,262.1783983438793,297.45297393798836,19.22745684813871,35.768900959369255,67.54278619495541,-14.159018728297553,-10.094588944920002,-4.064429783377552,21.475782283269954,10.515654298944412,0.0,5.816453933319309,-97.62404274759902,111891951.0,118486402.75,-1.0
2026-02-16,248.5747567955348,248.5747567955348,241.18601595932915,242.458251953125,1410298.0,315.16441589355475,340.76247970581073,271.90856336702626,289.53070118048737,335.04100863283344,252.16792996579952,293.60446929931646,17.859440891719963,29.177235547370884,67.54278619495541,-16.43651731706865,-11.362974619349732,-5.073542697718917,24.075240587034713,10.302789110295407,0.0,1.9638964468032534,-98.32365809510382,110481653.0,117927589.05,-1.0
2026-02-17,244.12193958123092,250.53203967672167,240.1095213430074,246.91107177734372,1600692.0,313.3108703613282,340.3519398498537,266.90906504908975,285.6561894165652,335.56788936217225,245.0205444757184,290.2942169189453,22.10277754951809,29.177235547370884,67.54278619495541,-17.6783608713867,-12.626051869757127,-5.052309001629574,26.216780148993248,10.31134119768247,5.200867564778201,1.7336225215927334,-91.07830756275509,112082345.0,117471187.05,-1.0
2026-02-18,250.0427262802884,256.3060214742381,241.9689396195745,254.39768981933597,2182414.0,311.7753836059571,339.97809913635274,264.406790003139,282.8145076349989,334.3874358537854,240.57381445139052,287.48062515258795,28.765832923071866,29.177235547370884,67.54278619495541,-17.8526293294384,-13.671367361693383,-4.181261967745018,27.42146311070533,10.598894101752549,18.568343477954276,7.923070347577491,-81.25800199998365,114264759.0,117215813.6,-1.0
2026-02-19,253.2233009708738,260.1227065003034,250.62990888577065,252.0,1685583.0,310.1400747680665,339.6810816192629,261.92543200251123,280.0131887590899,333.7025078933434,236.0915182907388,284.8970130920411,27.94151746428914,29.177235547370884,67.54278619495541,-17.9769843823953,-14.532490765833767,-3.444493616561534,28.0468410834802,10.51988720980828,33.83029530444597,19.199835449059478,-83.72405137916743,112579176.0,116908727.55,-1.0
2026-02-20,252.0,252.5500030517578,237.1000061035156,243.1499938964844,4491627.0,308.38550567626953,339.36109947204613,258.1703443813059,276.6619892261258,332.84481843647194,230.64253660503203,281.743677520752,25.084238366303488,29.177235547370884,67.54278619495541,-18.57553102892524,-15.341098818452062,-3.2344322104731784,29.33682482154586,10.872037905410703,39.5661142664548,30.654917682951677,-92.04629578805141,108087549.0,116341828.75,-1.0
2026-02-23,245.0,256.1000061035156,238.1000061035156,240.1999969482422,2548253.0,306.5230041503906,338.97498870849637,254.57627489469317,273.3472626554091,331.27245238887605,225.54472595585057,278.4085891723633,24.196040632310048,28.294123506447495,67.54278619495541,-19.068118260352037,-16.086502706832057,-2.9816155535199798,30.095186135439327,11.381178055024227,37.27636729308216,36.89092562132764,-95.35706839773025,105539296.0,115623628.45,-1.0
2026-02-24,237.0,239.5,227.0,227.8999938964844,2454705.0,304.41254516601555,338.5237080383303,249.24101869505142,269.21569276823413,330.35701659152744,218.7165673928475,274.5367919921875,20.876785030147232,28.294123506447495,67.54278619495541,-20.217944759070548,-16.912791117279756,-3.305153641790792,31.332031207196096,11.511093690254082,28.29112017142721,35.04453391032139,-98.7384201864521,103084591.0,114799719.35,-1.0
2026-02-25,230.0,231.1499938964844,217.1999969482422,218.6499938964844,3558245.0,302.06913330078123,337.93100463867205,243.12281373533804,264.6188110526205,327.83215831840465,211.79481311714216,269.8134857177734,18.789279150296963,28.294123506447495,67.54278619495541,-21.62629378502865,-17.855491650829535,-3.7708021341991156,32.8772361610045,11.685301065824664,19.447948637129205,28.33847870054619,-98.0468581854548,99526346.0,113783706.85,-1.0
2026-02-26,218.6499938964844,226.3500061035156,217.1999969482422,219.6499938964844,2084964.0,299.75355041503906,337.26354187011736,238.42824976756734,260.53073676569903,323.776873091285,206.61603157180093,265.19645233154296,19.723810316030452,28.294123506447495,67.54278619495541,-22.403475571348764,-18.765088434933382,-3.638387136415382,34.31206933239801,11.504208786499575,12.567815682788153,20.102294830448187,-96.6646889706874,101611310.0,112894468.05,-1.0
2026-02-27,220.0,221.25,212.1000061035156,213.1499938964844,1818934.0,297.39017395019533,336.49482971191424,233.37259859335074,256.22339650486134,318.6453425133549,201.76073658820758,260.2030395507812,18.253451091975624,28.294123506447495,67.54278619495541,-23.275586935886167,-19.66718813512394,-3.6083988007622274,35.845727935367876,11.336050580069921,7.178218228938471,13.064660849618608,-98.66339483193237,99792376.0,111897727.1,-1.0
2026-03-02,202.0,219.7100067138672,202.0,210.41000366210935,2889833.0,294.89762023925783,335.71877868652354,228.7800796071025,252.0585426100657,315.3779514166729,196.2303707268818,255.80416107177734,17.65594286476828,24.069669152390425,48.24739383085624,-23.912190936076342,-20.516188695314423,-3.39600224076192,37.627724769659196,11.79133316105544,5.084703236449441,8.276912382725353,-90.21138030581446,96902543.0,110801303.3,-1.0
2026-03-04,206.0,217.9499969482422,204.7700042724609,216.75,2704385.0,292.4506396484375,334.99815979003915,226.374063685682,248.84867510005972,309.1042762986342,193.86564862812355,251.48496246337888,23.866087659042545,24.069669152390425,48.24739383085624,-23.632696459857158,-21.13949024822297,-2.493206211634188,39.282436115786844,11.890523126393001,19.519589245810433,10.594170237066114,-80.8223960726228,99606928.0,109798952.1,-1.0
2026-03-05,219.6999969482422,224.2899932861328,210.1999969482422,223.1100006103516,2971135.0,289.9400241088867,334.2792476654053,225.72125107061592,246.50879560099534,302.2605750324932,193.21095054123737,247.73576278686528,29.601757151938482,24.069669152390425,48.24739383085624,-22.63705035190972,-21.43900226896032,-1.198048082949402,39.94369266787361,12.047628355785688,51.96581532815671,25.52336927013886,-64.28169955297184,102578063.0,109010310.6,-1.0
2026-03-06,223.1100006103516,227.6199951171875,218.00999450683597,219.5,1818066.0,287.3758029174804,333.5660175323487,224.47700085649277,244.05345054635941,295.7088307096059,192.4709101961559,244.0898704528809,28.298574383054653,24.069669152390425,48.24739383085624,-21.886990910304746,-21.528599997229207,-0.3583909130755387,40.11926274846023,11.873512088254678,81.66277657456459,51.04939371617724,-69.89128508682121,100759997.0,108161470.7,-1.0
2026-03-09,212.00999450683597,216.5,210.1199951171875,211.4499969482422,1048461.0,284.7464880371093,332.79027328491225,221.87160007484266,241.08950021925784,290.4083700643561,190.50153594150328,240.4549530029297,25.592870360208433,26.568819914881576,48.24739383085624,-21.69207858941195,-21.561295715665757,-0.1307828737461918,40.674729461827724,11.695404430723094,85.17731976262446,72.93530388844859,-83.74129919742664,99711536.0,107293868.25,-1.0
2026-03-10,216.0,217.22000122070312,210.00999450683597,213.7700042724609,761064.0,282.31526275634764,332.03151161193864,220.2512809143663,238.60590967863993,283.06016257697706,190.55745979851122,236.80881118774414,27.737281333474634,26.568819914881576,48.24739383085624,-21.107094521943907,-21.470455476921387,0.36336095497748033,41.09241182906967,11.375018879519098,79.97472808869034,82.2716081419598,-79.74973124763302,100472600.0,106438025.6,-1.0
2026-03-11,215.0,222.19000244140625,210.33999633789065,218.0,1613322.0,280.018547668457,331.22735237121594,219.80102473149304,236.73264516239993,273.84049358584565,192.89806079647863,233.36927719116213,31.60751435131473,26.568819914881576,48.24739383085624,-20.070801425041964,-21.190524666545503,1.1197232415035394,40.804382325586424,11.408946538375991,83.6111001756158,82.9210493423102,-72.47203207937937,102085922.0,105639714.15,-1.0
2026-03-12,218.0,225.33999633789065,213.1000061035156,222.05999755859372,1671380.0,278.0476931762695,330.4349300384523,220.25281929691317,235.39876810750843,264.96448881379695,196.05454957731632,230.50951919555663,35.1950914755181,26.568819914881576,48.24739383085624,-18.706289348150705,-20.693677602866543,1.9873882547158388,40.1236128613507,11.468306802375924,94.79740832606586,86.127745530124,-62.92052625611415,103757302.0,104993831.95,-1.0
2026-03-13,222.0,228.4199981689453,217.5500030517578,225.2100067138672,1675608.0,275.9793420410156,329.6697567749025,221.24425678030397,234.47251707172288,258.0150439002158,198.72981083611234,228.37242736816407,37.91617607094782,26.568819914881576,48.24739383085624,-17.172767311440253,-19.989495544581285,2.8167282331410313,39.092369161278114,11.425570253433895,99.99999999999999,92.80283616722721,-57.097959158346725,105432910.0,104512457.65,-1.0
2026-03-16,223.1499938964844,223.1499938964844,211.25,217.72000122070312,1926553.0,273.79642150878914,328.8676228332521,220.5394056683838,232.94956108526654,255.19982264381116,198.44487645286853,226.82234954833984,34.235207496464874,28.837005256409,48.24739383085624,-16.37308219596298,-19.266212874857626,2.8931306788946465,38.58980285162954,11.606601429179129,93.94385290464766,96.2470870769045,-58.07999674479167,103506357.0,104093177.95,-1.0
2026-03-17,218.3500061035156,220.1100006103516,214.2400054931641,216.97999572753903,598739.0,271.47049896240236,328.02093055725106,219.82752368021485,231.49778241638222,253.24992086719334,197.84695260692786,225.5484367370606,33.885193796923964,28.837005256409,48.24739383085624,-15.618992219519896,-18.53676874379008,2.9177765242701845,38.123134135527295,11.19684383546544,87.31184258011633,93.75189849492132,-48.61063854512273,102907618.0,103714476.2,-1.0
2026-03-18,218.25,230.3999938964844,217.3300018310547,227.7100067138672,2106143.0,269.43453186035157,327.34189987182623,221.40402028694533,231.15343917069904,250.44179300444358,198.73497396332994,224.58838348388676,42.98714990827908,28.837005256409,48.24739383085624,-13.994231478730399,-17.628261290778145,3.6340298120477463,36.3721072610474,11.35564057357115,87.31184258011633,89.52251268829343,-9.47178788989178,105013761.0,103361047.0,-1.0
2026-03-19,222.6199951171875,226.0,218.3500061035156,220.22000122070312,772927.0,267.26931640625,326.5943475341798,221.1672164736969,230.15949026615394,244.62915856842534,201.12983953948492,222.87949905395513,38.95559564188497,28.837005256409,48.24739383085624,-13.15928567866365,-16.734466168355247,3.575180489691597,34.746153734744645,11.21309486191261,88.0628677370507,87.56218429909445,-35.84505233658324,104240834.0,102859850.75,-1.0
2026-03-20,225.8999938964844,228.4600067138672,215.5200042724609,216.97000122070312,2037091.0,265.00974182128914,325.81513137817393,220.32777342309817,228.9604458074766,238.12669919715952,204.12929903282108,221.1279991149903,37.32005247148197,28.837005256409,48.24739383085624,-12.614421753498362,-15.910457285383872,3.2960355318855097,33.49956797231701,11.336445403305015,87.23754499534627,87.53741843750443,-47.288716767800985,102203743.0,102341079.1,-1.0
2026-03-23,215.0,215.0,204.1499938964844,207.17999267578125,916616.0,262.6512518310547,324.98745452880866,217.69821727363478,226.9804046136861,233.96490422431626,204.69409388359398,219.32949905395512,32.846381054512435,27.516132480311736,48.24739383085624,-12.824749311399671,-15.293315690587033,2.4685663791873615,33.262473397636896,11.442414111941709,69.55936247322282,81.61992506853993,-88.45714750744058,101287127.0,102001058.0,-1.0
2026-03-24,210.0,218.0,207.5,216.0500030517578,1221501.0,260.7383102416992,324.23764625549325,217.36857442925938,225.98673174441987,229.0132604894422,207.2307382288197,218.12199935913094,39.87837209719178,27.516132480311736,48.24739383085624,-12.135805695017694,-14.661813691473165,2.526007996455471,32.64809394840184,11.397956484247212,68.90701277564322,75.23464008140411,-54.666631789434625,102508628.0,101849524.6,-1.0
2026-03-25,218.0,224.9499969482422,218.0,224.3600006103516,1393066.0,259.1295562744141,323.5313452148439,218.76685966547782,225.8388470958682,228.26738066868685,207.6226187209617,217.94499969482428,45.62328329166311,27.516132480311736,48.24739383085624,-10.79482948725203,-13.88841685062894,3.0935873633769084,31.225857856592654,11.219530585121294,76.36434584187896,71.61024036358167,-23.009498232886905,103901694.0,101890379.75,-1.0
2026-03-27,221.0399932861328,222.1199951171875,211.52999877929688,212.8699951171875,2260386.0,257.08353088378914,322.7624563598634,217.58748675581975,224.65986055235174,228.21618409386014,207.09581541785872,217.65599975585943,39.940396738897846,27.516132480311736,48.24739383085624,-10.537770737178079,-13.218287627938768,2.680516890760689,30.450643651854897,11.334564245545112,84.58543167772433,76.6189300984155,-66.78094773065487,101641308.0,101996127.85,-1.0
2026-03-30,211.00999450683597,211.8000030517578,203.1499938964844,204.38999938964844,1325745.0,254.90803009033212,321.88584327697765,214.9479892825855,222.8171459011969,228.9461758462686,204.83982421476668,216.89300003051764,36.34243490725924,26.856944737159175,48.24739383085624,-10.892749771799288,-12.753180056710873,1.860430284911585,30.349503747892186,11.219238315199254,73.24660570978295,78.06546107646207,-95.44952112600355,100315563.0,101931340.5,-1.0
2026-04-01,210.07000732421875,219.9900054931641,208.9900054931641,214.88999938964844,1329290.0,252.94252929687508,321.0673573303224,214.9363913039981,222.09649621832884,228.94421017952297,205.01579043082873,216.98000030517585,43.16907842664351,26.856944737159175,46.979610300764854,-10.209126510926438,-12.244369347553986,2.035242836627548,29.30875270783656,11.532150300078998,67.40983505651667,75.08062414800798,-56.917411034260425,101644853.0,102023964.35,-1.0
2026-04-02,205.82000732421875,218.8000030517578,205.82000732421875,217.77999877929688,1018472.0,250.90956237792977,320.2912126159668,215.50511279905788,221.704087360235,228.9078235740686,205.78917654800185,217.34850006103522,44.91991237938719,26.856944737159175,46.979610300764854,-9.326639657097672,-11.660823409462724,2.3341837523650515,28.589364610790344,11.63556783061186,75.03192536639064,71.89612204423008,-46.31190868692671,102663325.0,102312003.45,-1.0
2026-04-06,217.0,224.3600006103516,215.25,223.5800018310547,1048635.0,249.11884002685554,319.54871635437013,217.12009060545728,221.87462503940043,229.5738793359379,205.80612096923798,217.69000015258794,48.358456714055414,29.049052634548502,46.979610300764854,-8.066267779945179,-10.941912283559216,2.875644503614037,27.308321999237418,11.455170172021841,92.32822297032956,78.25666113107896,-25.027493818090697,103711960.0,102517255.05,-1.0
2026-04-07,223.5800018310547,229.5,220.50999450683597,227.3999938964844,1122386.0,247.45344940185555,318.79033378601076,219.17607126366272,222.37693129913532,230.34224921168183,205.4667504221073,217.90449981689457,50.548141234255425,29.049052634548502,46.979610300764854,-6.682144944706607,-10.089958815788695,3.4078138710820873,25.590261255040723,11.279086980674855,98.16499362359585,88.50838065343868,-11.009174311926607,104834346.0,102630069.2,-1.0
2026-04-08,233.0,234.3999938964844,221.00999450683597,222.3999938964844,2637983.0,245.82800445556646,318.01502494812013,219.82085579022709,222.37902789889432,230.63233657354422,205.46666244989333,218.04949951171878,47.6973289483737,29.049052634548502,46.979610300764854,-5.920428820862071,-9.25605281680337,3.335623995941299,24.0036431944061,11.429866438458681,94.63177247736064,95.04166302376201,-38.4,102196363.0,102701887.5,-1.0
2026-04-09,224.0,224.17999267578125,218.0,219.0399932861328,1257383.0,244.0844702148438,317.2356384277344,219.66468328940823,222.07547929773418,230.62567046291954,206.23232819430714,218.42899932861334,45.82691352498951,29.049052634548502,46.979610300764854,-5.524207646358207,-8.509683782714339,2.985476136356132,22.348849346629013,11.054875455410293,85.74145561748014,92.84607390614553,-49.152001953125094,100938980.0,102763259.7,-1.0
2026-04-10,221.00999450683597,222.83999633789065,219.47000122070312,220.38999938964844,668850.0,242.35423492431647,316.51780586242677,219.8097465094563,221.92225385154455,230.78236689260024,206.73763127634516,218.7599990844727,46.73077413488368,29.049052634548502,46.979610300764854,-5.043131223359836,-7.816373270843439,2.7732420474836026,20.81225505940743,10.536670283720833,78.55315520627744,86.30879443370607,-44.8319824218751,101607830.0,102820021.2,-1.0
2026-04-13,216.0,217.7100067138672,213.3600006103516,216.0500030517578,706545.0,240.5685162353516,315.7599238586426,219.0577978179166,221.38841286974576,230.74230981526398,206.5826886588572,218.6624992370606,44.178834210548274,30.24580050856118,46.979610300764854,-4.954958449123211,-7.244090306499394,2.2891318573761827,20.00564770615782,10.286193747690549,71.92764696660944,78.74075259678901,-58.71997070312509,100901285.0,102760789.35,-1.0
2026-04-15,220.0,224.0,219.3000030517578,220.3600006103516,1537128.0,238.71339385986332,315.01698600769043,219.3182383764036,221.29492084616447,230.5803295709135,206.57466920838348,218.5774993896485,47.259094367085375,30.24580050856118,46.979610300764854,-4.485592983732346,-6.6923908419459845,2.2067978582136387,18.588919224764066,10.119322547729952,74.62451783811893,75.03510667033527,-44.927978515625,102438413.0,102694844.9,-1.0
2026-04-16,223.0,254.67999267578125,222.9900054931641,244.22000122070312,70448634.0,237.35798065185548,314.34661811828613,224.29859094526353,223.3790190620316,235.9423794015027,203.1136188284778,219.52799911499025,60.31468304385345,30.24580050856118,46.979610300764854,-2.163376767187458,-5.78658802699428,3.623211259806822,19.53605198545151,11.847941798994217,81.81281824932164,76.12166101801667,-20.2988389343425,172887047.0,106067551.75,1.0
2026-04-17,245.4499969482422,251.5,238.0,239.27999877929688,8110460.0,235.88321563720706,313.640295791626,227.2948725120702,224.82456267269205,239.2066916258662,202.0053063599737,220.60599899291995,57.15981577157424,30.24580050856118,46.979610300764854,-0.7133970000671752,-4.771949821608859,4.058552821541684,20.415532406089856,11.965945956208916,89.4197212953109,81.95235246091715,-29.885492453517415,164776587.0,109131063.25,1.0
2026-04-20,239.44000244140625,240.3800048828125,231.4499969482422,233.0399932861328,2066646.0,234.57626403808595,312.9296859741211,228.44389666688275,225.57142000118665,240.72352860118673,202.0944691405125,221.40899887084962,53.36282658366601,38.35071650196712,46.979610300764854,-0.06702130163481002,-3.83096411761405,3.76394281597924,20.546152421531843,11.749093240377587,85.946633408656,85.72639098442951,-41.994954205864865,162709941.0,112121179.4,1.0
2026-04-21,233.08999633789065,234.0,230.1000061035156,230.97999572753903,1057904.0,233.13318450927733,312.2117121124267,228.95111647901402,226.06310870358232,241.1649736141168,201.98002302894955,221.57249832153317,52.13166085319853,38.35071650196712,46.979610300764854,0.2758318910569528,-3.0096049158798497,3.2854368069368025,20.528507950311408,11.188443287242361,74.56816757595932,83.31150742664207,-45.9926208221921,161652037.0,114953093.2,1.0
2026-04-22,230.1000061035156,232.0,219.3000030517578,224.33999633789065,8492744.0,231.65810455322264,311.50017326354975,228.02889245078936,225.9064621248831,241.3977166213256,202.1592795334595,221.77849807739256,48.26615435860856,38.35071650196712,46.979610300764854,0.011619120446823672,-2.405360108614515,2.4169792290613388,19.476196364739756,11.296411405885205,55.53105976594732,72.01528691685421,-62.0957949937665,153159293.0,117399016.15,1.0
2026-04-23,225.0,227.0,221.1999969482422,225.00999450683597,1843990.0,230.3099475097656,310.8739456176757,227.42511286199868,225.824965068697,241.71416153071004,202.64683395268838,222.1804977416992,48.67966301469228,38.35071650196712,46.979610300764854,-0.14207045125999684,-1.9527021771436115,1.8106317258836147,18.499049892423226,10.90381080916182,41.16204366906652,57.087090336991054,-60.72453349189648,155003283.0,120038993.15,1.0
2026-04-24,224.9600067138672,225.1999969482422,208.5,209.2700042724609,3788713.0,228.8123806762695,310.13501014709465,223.79409114409117,224.31996863267554,241.50054236832776,203.0694542747386,222.28499832153318,40.491456817212,38.35071650196712,46.979610300764854,-1.516475228971757,-1.8654567875092405,0.3489815585374836,17.830711276215318,11.31782410481042,19.20717616842987,38.63342653448124,-98.33260200393073,151214570.0,122535365.3,1.0
2026-04-27,210.3000030517578,215.6699981689453,209.88999938964844,214.1499938964844,2180005.0,227.36152374267576,309.4045717620849,221.86527169456983,223.39542547483995,241.55355022957087,202.82644549796817,222.18999786376952,43.65584118484102,31.991160343948238,46.979610300764854,-2.186719398436736,-1.9297093096947397,-0.2570100887419964,17.21011113259369,10.966550518501418,14.618788010972944,24.996002616156442,-87.76527762541743,153394575.0,125079662.65,1.0
2026-04-28,215.8800048828125,216.50999450683597,211.5,212.02999877929688,1267841.0,225.8663101196289,308.64567314147945,219.89821711151524,222.3622048661542,241.4251276047016,201.72186793973205,221.57349777221683,42.596146230251975,31.991160343948238,46.979610300764854,-2.8560360146486232,-2.1149746506855167,-0.7410613639631065,16.550305158832998,10.541082231953885,8.860101311507044,14.228688496969951,-92.35599969865704,152126734.0,127490914.65,1.0
2026-04-29,213.9499969482422,218.0,212.5,214.47999572753903,1345274.0,224.5708068847656,307.90734298706053,218.81457283472,221.64564039900736,241.36961512810404,201.93838047736472,221.65399780273438,44.279475472293505,31.991160343948238,46.979610300764854,-3.1524406039616792,-2.3224678413407496,-0.8299727626209297,15.782931101094213,10.214576445435974,15.22976521278563,12.90288484508854,-87.05067848424498,153472008.0,130082449.65,1.0
2026-04-30,214.47999572753903,217.19000244140625,213.0,213.94000244140625,1617826.0,223.49057006835932,307.1888215637207,217.83965875605728,220.94512785740727,240.5033952374277,203.75960067321688,222.1314979553223,43.973402074073405,31.991160343948238,48.56634030241055,-3.3918175602493363,-2.536337785122467,-0.8554797751268692,15.070369476051058,9.784249730862422,15.763753114320371,13.284539879537682,-88.2200015067148,151854182.0,132659380.6,1.0
2026-05-01,213.94000244140625,213.94000244140625,213.94000244140625,213.94000244140625,0.0,222.79493896484368,306.4644284057617,217.0597274931271,220.30829827413444,240.53944984190653,203.6285463739139,222.08399810791022,43.973402074073405,31.991160343948238,48.56634030241055,-3.540710417053049,-2.737212311508584,-0.803498105544465,14.408705109939556,9.085374750086535,18.07964900344069,16.357722443515563,-88.2200015067148,151854182.0,135169847.05,1.0
2026-05-04,215.00999450683597,218.9499969482422,213.2100067138672,215.52999877929688,1183414.0,222.25637390136714,305.7756317138672,216.75378175036107,219.87390741096738,240.56433736806693,203.37865884775337,221.97149810791015,45.26540110577771,33.830025029870605,48.56634030241055,-3.4901770737250217,-2.8878052639518716,-0.6023718097731501,13.551888547941449,8.846418713249998,19.737511725031336,17.86030461426413,-84.77695995178513,153037596.0,137688560.6,1.0
2026-05-05,215.52999877929688,219.88999938964844,214.5,218.6300048828125,1310226.0,221.6907525634765,305.13658752441404,217.12902637685136,219.76082536295328,240.3584209074974,203.08957561349874,221.72399826049806,47.79321998120876,33.830025029870605,48.56634030241055,-3.1635173910796084,-2.9429476893774194,-0.22056970170218904,12.864006380017619,8.59953161870703,26.160646996526992,21.325935908333005,-78.06408295918786,154347822.0,140220353.7,1.0
2026-05-06,222.1000061035156,245.0,216.16000366210935,243.41000366210935,24452747.0,221.470998840332,304.64786666870117,222.38522183390296,221.91075066287655,243.42349390605122,201.6255035915074,222.5244987487793,62.64445338167727,33.830025029870605,48.56634030241055,-0.8947839206747119,-2.5333149356368776,1.6385310149621657,14.337451649465557,10.045279098648717,53.63898777877927,33.17904883344586,-18.813944971838726,178800569.0,143918664.85,1.0
2026-05-07,246.7400054931641,249.8000030517578,234.25,235.17999267578125,6191653.0,221.1345986938476,304.06710647583014,224.94417600227865,223.11704539132242,244.81445028910215,201.51254708638615,223.16349868774415,56.859226680000965,33.830025029870605,48.56634030241055,0.23638568737902688,-1.9793748110336968,2.215760498412724,15.988711176642845,10.438473666727937,70.23983714883529,50.013157308047184,-35.39953824617044,172608916.0,147439292.5,1.0
2026-05-08,235.17999267578125,280.8500061035156,234.00999450683597,274.260009765625,85477453.0,221.75679901123044,303.7018084716798,234.80734275494794,227.7664057889863,257.27318448857307,194.57581453486443,225.92449951171875,70.69749008431042,33.830025029870605,48.56634030241055,4.2374300690909195,-0.7360138350087737,4.973443904099693,18.832473038544542,13.038583518867346,91.29504265959191,71.72462252906882,-9.1084945154834,258086369.0,155296661.95,1.0
2026-05-11,271.4100036621094,272.4200134277344,259.6000061035156,260.9599914550781,8862707.0,222.17199890136715,303.26046859741217,240.037872494974,230.78400448590372,262.84402956468807,193.06196866529237,227.95299911499023,63.26032742916005,51.91516566330858,48.56634030241055,6.2628915277778106,0.6637672375485432,5.599124290229267,21.473109053167544,13.154399243384635,83.08789345710548,81.54092442184422,-27.491379364888545,249223662.0,162677453.55,1.0
2026-05-12,260.95001220703125,262.70001220703125,245.25,249.08999633789065,3202653.0,222.59579895019527,302.77788360595713,241.84829726355736,232.44818556335707,265.2437810440697,193.96621651452404,229.60499877929686,57.45151012245788,51.91516566330858,48.56634030241055,6.8315253504175075,1.897318860122336,4.934206490295171,22.413161246548817,13.461228740787964,77.1754840783946,83.85280673169733,-43.897729213987844,246021009.0,169933439.75,1.0
2026-05-13,249.08999633789065,251.8999938964844,241.3999938964844,242.8000030517578,2164731.0,223.07879913330075,302.268007888794,242.03863842119745,233.38925988048442,266.55272845982074,194.90126934291368,230.7269989013672,54.59088629090969,51.91516566330858,48.56634030241055,6.697418193188213,2.8573387267355117,3.840079466452701,22.922823893878718,13.249712402160252,59.40132656602255,73.22156803384087,-52.59156854433063,243856278.0,177004333.0,1.0
2026-05-14,244.0500030517578,264.3999938964844,237.91000366210935,239.8300018310547,11299086.0,223.48239929199215,301.7511111450196,241.5969111031689,233.9747818759908,266.0377194665363,194.9772783972332,230.50749893188475,53.24281929249376,51.91516566330858,48.56634030241055,6.2791014547538,3.541691272339169,2.7374101824146306,23.9831570614797,14.195446533032737,46.9040438826583,61.16028484235848,-57.80721588410547,232557192.0,179987840.25,1.0
2026-05-15,242.8500061035156,244.3699951171875,235.1499938964844,237.6000061035156,1806050.0,223.9713995361328,301.2362762451172,240.79753010323827,234.3043477148567,265.8742494171935,194.97274917899787,230.4234992980957,52.200506341545186,51.91516566330858,48.56634030241055,5.7019123115641435,3.973735480184164,1.7281768313799795,24.702137839220477,13.840057582152049,39.58060492497702,48.628658457885955,-62.364810661217106,230751142.0,183286568.0,1.0
2026-05-18,236.0,236.4199981689453,225.1000061035156,233.9199981689453,1954879.0,224.4415994262695,300.7152742767335,239.42202371637967,234.26940684704658,265.9341042709448,195.00089481352785,230.4674995422363,50.445460016854135,44.03747179727775,48.56634030241055,4.891157651189815,4.157219914385294,0.7339377368045206,24.453303750984453,13.744339183426902,32.09411860708568,39.526255804906995,-68.66130759885395,228796263.0,186590884.1,1.0
2026-05-19,235.00999450683597,252.5,235.00999450683597,242.05999755859372,6806456.0,224.9477993774414,300.26946937561047,239.9496184848225,234.97764236627813,266.86594507607,195.1770541915081,231.02149963378903,54.11995770739985,44.03747179727775,48.56634030241055,4.849556000769439,4.295687131662124,0.5538688691073155,25.018920168010922,14.089743658257458,32.12115965542637,34.59862772916302,-57.17023589613503,235602719.0,190288418.2,1.0
2026-05-20,241.0,249.2899932861328,236.50999450683597,247.32000732421875,2519298.0,225.43199951171874,299.88568489074714,241.42369625270177,236.09967554427274,268.5819214666082,195.75907889960268,232.17050018310545,56.37126122474325,44.03747179727775,48.56634030241055,5.181298438287456,4.472809392987191,0.708489045300265,25.544135412392645,13.996190452617414,36.19265724573012,33.46931183608072,-49.571258252300154,238122017.0,194536554.4,1.0
2026-05-21,250.0,257.3900146484375,248.5,253.7700042724609,2652448.0,226.11739959716797,299.5397775268556,243.8929578566536,237.70606906501712,271.08528345397343,196.13171788879993,233.60850067138668,59.026312617425575,44.03747179727775,48.56634030241055,5.896694139470043,4.757586342283762,1.1391077971862806,26.400848654587712,13.715748800588939,46.15612083946042,38.156645913538966,-40.03548503165572,240774465.0,198825113.5,1.0
2026-05-22,254.1999969482422,272.0,251.0,268.6000061035156,6791378.0,227.26039978027345,299.24820281982437,248.834367506026,240.5146087957897,275.3115183259375,197.83848319994138,236.57500076293945,64.39188047124583,44.03747179727775,48.56634030241055,7.573010642424066,5.320671202311823,2.2523394401122427,27.772856767100755,14.236052457689729,57.65675179088744,46.66850995869265,-18.46269611624184,247565843.0,203642677.15,1.0
2026-05-25,272.0,282.04998779296875,266.0199890136719,280.2900085449219,5975700.0,228.59079986572266,298.9776449584963,255.1254957138052,244.130554227529,281.72596078233886,198.0380422083838,239.88200149536135,67.95425144209975,50.831752117727035,48.56634030241055,9.732597719637852,6.203056505777029,3.5295412138608224,29.386258013711295,14.364191480661669,71.01089335979964,58.27458866338249,-2.671087679352757,253541543.0,208650025.55,1.0
2026-05-26,281.0899963378906,281.0899963378906,273.54998779296875,277.7200012207031,3694936.0,229.78519989013674,298.70744888305677,259.6443968151848,247.18414031781754,286.10360803019677,200.22939520466656,243.16650161743166,66.38191909105358,50.831752117727035,48.56634030241055,11.108654273133936,7.184176059248411,3.924478213885525,30.88441631413537,13.876749842394542,79.2049651196642,69.2908700901171,-7.603139533699821,249846607.0,213536019.2,1.0
2026-05-27,275.5,276.3399963378906,263.1700134277344,264.9700012207031,2606791.0,230.6433999633789,298.34952606201193,260.70951769628846,248.80103676353443,287.44741760027284,203.93458618390684,245.69100189208984,59.078627780902536,50.831752117727035,48.56634030241055,11.04307289170626,7.955955425739981,3.087117465966278,31.25817010165115,13.924838267435558,69.2579429047145,73.1579337947261,-29.99120643339689,247239816.0,218224409.6,1.0
2026-05-28,264.9700012207031,264.9700012207031,264.9700012207031,264.9700012207031,0.0,231.43859985351563,297.9314167785646,261.5616144011714,250.27094262327705,288.01935971812503,208.46564394398433,248.24250183105468,59.07862778090255,50.831752117727035,48.56634030241055,10.865844482989871,8.53793323718996,2.3279112457999105,31.605227190058663,12.930206962618733,56.87564832093918,68.44618544843928,-29.99120643339689,247239816.0,222993691.3,1.0
2026-05-29,266.0,267.3299865722656,260.0,262.7300109863281,2166762.0,232.33880004882815,297.5255949401857,261.7952937182028,251.40358520173623,287.4734363913919,213.89056812520963,250.68200225830077,57.78330937002561,50.831752117727035,48.56634030241055,10.42447434939595,8.915241459631158,1.5092328897647924,31.441610839584584,12.530191220450655,44.615261387317545,56.91628420432374,-33.92446535275811,245073054.0,227654634.9,1.0
2026-06-01,261.75,272.0,260.0,267.25,2211736.0,233.34420013427737,297.0520933532717,262.8862349745622,252.84416836521473,286.78071159969886,219.755293038973,253.26800231933592,59.703268137886816,49.60368858079216,55.837818458420756,10.320443033860045,9.196281774476935,1.1241612593831096,31.532717588250236,12.492320418989895,48.0307761312708,49.84056194650917,-25.987695437151704,247284790.0,232366994.6,1.0
2026-06-02,268.1499938964844,274.79998779296875,263.5,270.75,2423160.0,234.205,296.60343170166027,264.4589879796498,254.4719712411043,285.97816397549155,225.76984017489906,255.8740020751953,61.17567220948113,49.60368858079216,55.837818458420756,10.400527410191074,9.437130901619764,0.9633965085713108,31.76218586858404,12.407153802845528,52.02314083851322,48.22305945236718,-19.841951582332907,249707950.0,237135001.0,1.0
2026-06-03,270.70001220703125,270.70001220703125,261.6000061035156,267.45001220703125,1159778.0,235.1496002197266,296.1485458374025,265.0571928251261,255.65179314709766,287.0039663006419,227.14803870424097,257.07600250244144,58.98718589872593,49.60368858079216,55.837818458420756,10.08150016132251,9.566004753560312,0.5154954077621969,31.767818709141096,12.174499523819732,54.31508758964548,51.45633485314317,-25.636488639365695,248548172.0,240622381.15,1.0
2026-06-04,265.70001220703125,267.0,261.6000061035156,265.6000061035156,1372730.0,236.12220031738286,295.6814739990235,265.165755480804,256.55617614313564,286.88666601146895,230.30734033618728,258.5970031738281,57.74012316472602,49.60368858079216,55.837818458420756,9.569082312369346,9.56662026532212,0.002462047047226079,31.773049203944076,11.722749993798011,50.57764140145956,52.30528994320608,-28.8849639656681,247175442.0,244350707.45,1.0
2026-06-05,267.0,271.79998779296875,262.6499938964844,268.0,1349712.0,237.33860046386724,295.2254235839844,265.73260438464325,257.59652376648694,285.9762058412336,230.5917995298601,258.28400268554685,58.952503700589375,49.60368858079216,55.837818458420756,9.250018470175519,9.503299906292801,-0.25328143611728215,32.06709039697046,11.538981701132752,41.793285207352184,48.895338066152405,-29.86817559157823,248525154.0,243872646.7,1.0
2026-06-08,264.0,264.0,249.75,252.0,1841941.0,238.05760040283207,294.727784729004,262.9860835077146,257.0877488786245,285.63562352174523,230.03638270384062,257.8360031127929,48.883864304612786,50.7539946681274,55.837818458420756,7.618273084181141,9.12629454187047,-1.5080214576893294,30.91624000080497,12.018340151051842,25.531500533176757,39.300809047329494,-65.98592934382175,246683213.0,243745624.25,1.0
2026-06-09,253.0500030517578,254.8500061035156,248.1999969482422,251.0,1313527.0,238.59040039062506,294.22514587402355,260.5888668061717,256.5343171623859,285.6175083071358,230.245498284661,257.9315032958984,48.328299471423364,50.7539946681274,55.837818458420756,6.173250082798944,8.535685650056164,-2.3624355672572204,29.693302042111753,11.634887937067669,11.64388074510876,26.3228888285459,-91.72820145032914,245369686.0,243713058.1,1.0
2026-06-10,251.8999938964844,259.6000061035156,248.1499938964844,250.25,1246537.0,239.3380004882813,293.68010070800796,258.5210934449374,255.96301560216898,285.32529579835636,231.28271048826466,258.3040031433105,47.888708976337306,50.7539946681274,55.837818458420756,4.910930066527385,7.810734533350409,-2.8998044668230243,28.914346278007308,11.62168252777935,0.0,12.391793759428506,-93.80529061471783,244123149.0,243726401.65,1.0
2026-06-11,249.0,250.8999938964844,243.3500061035156,247.0,776428.0,240.19020050048834,293.10143463134784,256.2168747559499,255.1481960019718,284.828511690739,232.49649441277666,258.6625030517578,45.93871873153549,50.7539946681274,55.837818458420756,3.606708628519442,6.9699293523842165,-3.3632207238647744,27.68794278245622,11.330847189578598,0.0,3.88129358170292,-90.5684867611213,243346721.0,244265878.1,1.0
2026-06-12,251.3500061035156,253.75,245.4499969482422,247.5500030517578,875722.0,240.84340057373055,292.5225826263429,254.4835004151115,254.45745118831599,283.9837767122928,234.336229086047,259.1600028991699,46.336955212571745,50.7539946681274,55.837818458420756,2.587655510237255,6.0934745839548246,-3.5058190737175696,26.7794116403994,11.1143583225914,0.6493381238957907,0.2164460412985969,-88.8712293719231,244222443.0,244939443.15,1.0
2026-06-15,252.9499969482422,254.3999938964844,245.3999938964844,246.5500030517578,1654643.0,241.41880065917974,291.9538996887208,252.8968009424408,253.7385922668107,282.4608527323233,237.1221535542978,259.79150314331054,45.67811146117668,46.334362924290026,55.837818458420756,1.6799910385319663,5.210777874870254,-3.5307868363382875,25.989782510431773,10.963332728120585,0.6493381238957907,0.4328920825971938,-90.30009731585834,242567800.0,245628020.0,1.0
2026-06-16,247.0,248.1999969482422,242.0500030517578,243.0,1422792.0,241.80720062255867,291.348383178711,250.91744075395263,252.76235660619156,282.3564554417345,237.32055108902716,259.83850326538084,43.32312649579427,46.334362924290026,55.837818458420756,0.6665215817732815,4.301926616250859,-3.6354050344775777,24.867785538525087,10.619522811575143,0.6493381238957907,0.6493381238957907,-97.09924460805395,241145008.0,245905134.45,1.0
2026-06-17,243.4499969482422,246.9499969482422,242.3000030517578,243.8500061035156,1036303.0,242.13620086669928,290.83568359375005,249.50395382386523,251.9521429241301,282.63795555669674,236.69205085199462,259.6650032043457,44.06670766601189,46.334362924290026,55.837818458420756,-0.067296127734636,3.4280820674537607,-3.4953781951883967,23.82593120746888,10.19312788906866,1.3883756078692682,0.8956839518869498,-94.50380491477681,242181311.0,246108099.15,1.0
2026-06-18,245.1999969482422,245.1999969482422,238.0,240.0,1009989.0,242.48820098876962,290.3389651489258,247.6031630590922,250.8655844764819,283.4684963191897,234.4845096622557,258.9765029907227,41.41627032032781,46.334362924290026,55.837818458420756,-0.9485806191938195,2.552749530124245,-3.5013301493180644,22.343057974561923,9.97933282186677,1.3883756078692682,1.142029779878109,-94.56521558851676,241171322.0,246127942.0,1.0
2026-06-19,237.8999938964844,245.8999938964844,233.1499938964844,244.6999969482422,1649089.0,243.00140106201178,289.84495048522956,247.02252983692222,250.3050765193692,282.6261590269497,232.93684603896827,257.781502532959,45.70920225129829,46.334362924290026,55.837818458420756,-1.2533071095748198,1.791538202184432,-3.0448453117592518,21.070183954247632,10.177237620304858,8.630382822212175,3.8023780126502364,-72.26889617207672,242820411.0,245890670.4,1.0
2026-06-22,246.0,247.8500061035156,242.0,244.3000030517578,748083.0,243.479601135254,289.3115029907227,246.47802447988934,249.75916074958636,279.11695873476293,232.8470457818386,255.98200225830078,45.404262471323015,45.736616327696765,55.837818458420756,-1.509678578287179,1.1312948460901098,-2.6409734243772887,19.657567102826302,9.868149654819911,14.807524850957673,8.275427760346371,-71.1513301007594,242072328.0,245317209.65,1.0
2026-06-23,244.9499969482422,245.3000030517578,241.3000030517578,242.3500061035156,571814.0,244.00560119628915,288.728670501709,245.65242080461462,249.0856012363072,275.70065114917406,232.72635385570874,254.2135025024414,43.86780140374986,45.736616327696765,55.837818458420756,-1.8488904134254085,0.5352577941870061,-2.3841482076124145,18.429065838288786,9.448996108047062,19.467459570617297,14.301789081262381,-76.19660113874419,241500514.0,244899905.0,1.0
2026-06-24,242.0,249.3000030517578,239.0500030517578,244.0,1245918.0,244.47840118408212,288.14307830810554,245.3219366436917,248.62327385118837,274.48803035280474,231.84197453000772,253.16500244140622,45.54691663208173,45.736616327696765,55.837818458420756,-1.9619612507694342,0.0358139851957181,-1.9977752359651522,17.432656172447775,9.506210671757987,20.07709343598176,18.117359285852242,-71.92753475569754,242746432.0,244675235.8,1.0
2026-06-25,246.1999969482422,246.8000030517578,241.6999969482422,243.4499969482422,581841.0,244.46300109863287,287.5909456634522,244.94754870460184,248.15297595092053,273.07299373550916,231.10501072005718,252.08900222778317,45.06301604648293,45.736616327696765,55.837818458420756,-2.072065868193249,-0.38576198548207535,-1.6863038827111738,16.50741862559541,9.191481774026391,28.789669001494467,22.778074002697842,-66.61263852850901,242164591.0,244421474.55,1.0
2026-06-26,243.4499969482422,243.4499969482422,243.4499969482422,243.4499969482422,0.0,244.54640106201177,287.09606353759773,244.64803835332992,247.7254324052225,271.82014675285916,230.42985629889859,251.12500152587887,45.06301604648293,45.736616327696765,55.837818458420756,-2.134716883346414,-0.735552965054943,-1.3991639182914708,15.648269474946783,8.534947361595934,41.71620392983544,30.194322122437217,-61.05860756835595,242164591.0,244276051.4,1.0
2026-06-29,241.0,243.6000061035156,233.0,235.3500061035156,1288453.0,244.5926013183594,286.58832809448245,242.78843190336707,246.60039365052185,269.90711667818783,229.15288698392143,249.53000183105465,38.14173606650017,45.45961073665499,55.837818458420756,-2.805628294417886,-1.1495680309275316,-1.6560602634903545,15.561082574025487,8.68245155744734,33.86456285012807,34.790145260485986,-91.16539261543626,240876138.0,243955618.8,1.0
2026-06-30,235.6000061035156,236.8999938964844,227.1999969482422,228.4499969482422,1594824.0,244.54200134277346,286.0108614349365,239.92074491234212,244.95035758667822,267.293268656585,227.53673470034852,247.41500167846675,33.43122265556083,45.45961073665499,50.44194359670797,-3.849726246596333,-1.689599674061292,-2.160126572535041,16.07673176134977,8.755133371075546,17.586469648000595,31.05574547598803,-95.40441124909471,239281314.0,243434287.0,-1.0
2026-07-01,229.3999938964844,237.8000030517578,228.6999969482422,229.69000244140625,1381382.0,244.6490014648438,285.41561820983884,237.87459641815497,243.56305257347168,264.5473456995039,226.5066566808671,245.5270011901855,34.98517889760677,45.45961073665499,50.44194359670797,-4.524962366408573,-2.2566722125307486,-2.2682901538778246,16.4147948314589,8.797624280535553,4.013607222427086,18.488213240185246,-90.84556701273829,240662696.0,243040013.2,-1.0
2026-07-02,232.6000061035156,241.9900054931641,231.0500030517578,238.75,2930870.0,244.92380157470706,284.8216361236572,238.049677134524,243.12550233951973,260.88861463894386,227.4803871310756,244.18450088500973,45.07390013232437,45.45961073665499,50.44194359670797,-4.279692143736526,-2.6612761987719042,-1.6184159449646214,16.086059791046605,9.047794192765718,35.622166774047784,19.074081214825156,-57.53674872193607,243593566.0,242860919.4,-1.0
2026-07-03,239.1499938964844,247.0,238.72000122070312,240.3300018310547,1852507.0,245.54500152587894,284.2213638305664,238.50574207383013,242.87136592965928,255.23844827238852,230.36355368073643,242.80100097656248,46.6292957698868,45.45961073665499,50.44194359670797,-3.9127174113168905,-2.9115644412809014,-1.0011529700359891,15.081927703388093,8.99295166323223,68.95550010738111,36.19709136795199,-40.588229608118496,245446073.0,242706965.35,-1.0
2026-07-06,240.0200042724609,250.7700042724609,237.0500030517578,249.32000732421875,2591934.0,246.24840179443365,283.66799880981443,240.6685951239079,243.4576060564374,254.73954256624157,230.59446011930524,242.6670013427734,54.520833872259146,44.73138597392169,50.44194359670797,-2.8634607877577594,-2.901943710576273,0.03848292281851373,14.342351569437934,9.330598060194434,98.27522621828737,67.61763103323875,-6.151873133922425,248038007.0,242774705.05,-1.0
2026-07-07,249.5,250.0,243.00999450683597,243.75,672240.0,246.8828018188477,283.1004847717285,241.28487609912634,243.484187324034,253.74220988705633,230.86679279849045,242.3045013427734,49.62486595212037,44.73138597392169,50.44194359670797,-2.453092669376929,-2.812173502336404,0.35908083295947524,13.655602302198501,9.163412876835121,92.26164347012357,86.49745659859735,-29.783632121521208,247365767.0,242874509.1,-1.0
2026-07-08,241.8500061035156,248.38999938964844,236.16000366210935,237.19000244140625,951697.0,247.33700195312505,282.46665222167974,240.46590136758235,242.91198869834056,252.66249657090785,230.64050635877956,241.6515014648437,44.55071537444068,44.73138597392169,50.44194359670797,-2.626928362848105,-2.775124474438744,0.1481961115906394,13.258501037641043,9.382454509028262,76.50330255782275,89.01339074874456,-57.61560293237964,246414070.0,242989055.15,-1.0
2026-07-09,237.75,245.4499969482422,237.5500030517578,242.94000244140625,684759.0,247.91700195312504,281.84860275268557,240.96072158234716,242.9145354022556,252.19073679487164,230.70626637895649,241.44850158691406,49.43153363925156,44.73138597392169,50.44194359670797,-2.2744984547375395,-2.6749992704985033,0.40050081576096375,12.889764149123403,9.302278794585954,68.4593732811212,79.07477310302251,-33.22019260897366,247098829.0,243176660.55,-1.0
2026-07-10,246.6999969482422,261.32000732421875,246.0500030517578,259.7099914550781,3448060.0,248.83240173339846,281.30828674316405,244.7105755568934,244.44139504342127,255.33084990125835,228.7821521129018,242.05650100708007,60.38409881423227,44.73138597392169,50.44194359670797,-0.6346810446743802,-2.2669356253336788,1.6322545806592985,13.302253072057468,9.950687800887849,76.19772981099761,73.72013521664718,-4.7186851686135896,250546889.0,243492882.85,1.0
2026-07-13,257.0,267.6499938964844,253.6000061035156,265.0599975585937,2290020.0,249.82300170898438,280.846099395752,248.78045995723346,246.3158134538915,259.707826375286,226.25617508955773,242.98200073242185,63.12782637949466,50.08063806267107,50.44194359670797,1.0840901315207816,-1.5967304739627868,2.6808206054835684,14.243699291471572,10.243494943179345,91.95607072329844,78.8710579384724,-6.402958055113606,252836909.0,244006338.3,1.0
2026-07-14,264.0,274.010009765625,262.8599853515625,264.1499938964844,3347876.0,250.73340148925783,280.3964881896974,251.85436674508367,247.9371025850363,263.25870904695597,224.82029180753617,244.03950042724608,62.336982480786055,50.08063806267107,50.44194359670797,2.3457585371861,-0.8082326717330095,3.1539912089191096,15.612599667725409,10.308247048242428,99.11230713332242,89.08870255587283,-21.063903373850657,249489033.0,244423539.55,1.0
2026-07-15,263.0,267.2200012207031,259.5799865722656,261.8399963378906,967091.0,251.10200134277346,279.9595483398439,253.85149266364505,249.20100201711398,265.7397345615293,224.13826531640038,244.93899993896486,60.27281711281027,50.08063806267107,50.44194359670797,3.123239579261849,-0.021938221534037794,3.145177800795887,16.40993124772346,10.117659019684934,95.9076654025427,95.65868108638784,-25.998739789310765,248521942.0,244740571.1,1.0
2026-07-16,262.3999938964844,271.20001220703125,261.0,265.44000244140625,1672358.0,251.70720153808594,279.5491716003419,256.1691946191973,250.67727478295873,268.7765670345844,223.64543308748597,246.21100006103518,62.36439486870301,50.08063806267107,50.44194359670797,3.983964648071634,0.7792423523870966,3.2047222956845376,17.469404263742483,10.123541390209672,95.05074192189976,96.6902381525883,-18.308064468284645,250194300.0,245191720.0,1.0
2026-07-17,265.94000244140625,269.9100036621094,261.0,266.3800048828125,865712.0,251.5496014404297,279.16062103271486,258.2113566719204,252.10479570112724,271.5728974831006,223.01710343242678,247.29500045776368,62.91344645271322,50.08063806267107,50.44194359670797,4.687906538925688,1.560975189694815,3.126931349230873,18.453200635760147,10.036860123916794,95.69780129304996,95.55206953916414,-16.299941879056934,251060012.0,245603700.05,1.0
2026-07-20,263.70001220703125,269.0,262.8999938964844,266.6499938964844,731559.0,251.66340148925784,278.89697387695315,259.8990841168332,253.4270864461597,274.12506913972356,222.69993086027642,248.4125,63.080047288467114,51.80939801708476,50.44194359670797,5.207542112179141,2.2902885741916803,2.9172535379874605,19.36672583834798,9.755656265316711,98.84585146226426,96.53146489240466,-16.243685250773122,251791571.0,246089662.2,1.0
2026-07-21,266.8999938964844,272.0,265.5,266.04998779296875,680461.0,252.00260131835935,278.618338470459,261.1292648520603,254.57462293223327,276.2991240800939,222.89587408885134,249.59749908447264,62.409077872793475,51.80939801708476,50.44194359670797,5.507455056046808,2.9337218705627057,2.5737331854841026,20.481757096242127,9.52310938922266,98.41310812925745,97.65225362819055,-18.528912310637068,251111110.0,246570192.0,1.0
2026-07-22,267.3999938964844,267.3999938964844,261.739990234375,264.0599975585937,512006.0,252.42780120849608,278.3422306823731,261.715411393367,255.43692971644785,277.9167805298523,223.2842173949524,250.60049896240236,60.12482337796883,51.80939801708476,50.44194359670797,5.52092090441414,3.451161677332993,2.069759227081147,20.858600477837385,9.247173265857425,93.26538495169243,96.84144818107137,-26.28800687592785,250599104.0,246962825.6,1.0
2026-07-23,261.1499938964844,262.4200134277344,255.3699951171875,255.94000244140625,584245.0,252.7500012207031,278.04901016235357,260.56032960297483,255.48266360053498,278.42380722247276,224.02619125164824,251.2249992370605,51.79436759587461,51.80939801708476,50.44194359670797,4.8208056947335365,3.725090480813102,1.0957152139204345,20.213150949762895,9.207375349825195,72.98609332069766,88.22152880054918,-47.74109487538587,250014859.0,247355339.0,1.0
2026-07-24,253.0,257.5,251.1000061035156,253.5800018310547,710618.0,253.06960113525386,277.7102266693115,259.16426404859084,255.30969434876403,278.6969608867223,224.76603807567997,251.73149948120113,49.64157812859013,51.80939801708476,50.44194359670797,4.029082268719407,3.785888838394363,0.24319343032504337,19.022198921063158,9.006848103157996,50.077077775115995,72.10951868250203,-53.976234187905966,249304241.0,247712321.5,1.0
2026-07-27,256.0,264.1300048828125,255.7700042724609,262.2300109863281,1162441.0,253.6358013916015,277.424479598999,259.7774134361383,255.93881404308803,279.2716633748664,226.87933607581715,253.07549972534179,56.73905747728373,48.34903600252843,50.44194359670797,4.0528998901408215,3.839291048743655,0.2136088413971664,18.67561726272819,9.117073456629413,44.00192091539404,55.6883640037359,-31.12284512472695,250466682.0,248191848.7,1.0
2026-07-28,263.989990234375,270.0,261.510009765625,263.0599975585937,2915553.0,254.0558013916015,277.144105758667,260.4339302606294,256.58619436267946,278.61673331568176,230.995266196037,254.80599975585938,57.36005214811046,48.34903600252843,50.44194359670797,4.0915832814620785,3.88974949528734,0.20183378617473835,18.936728915390432,9.072281797896956,50.30049162548695,48.12649677199899,-30.032940731375625,253382235.0,248896894.75,1.0
2026-07-29,266.0,298.5,266.0,293.5799865722656,49403727.0,254.98100097656248,277.0050775909424,267.06314152295664,259.94926638173274,284.6029509034,231.39804702140458,258.0004989624023,72.8139037202709,48.34903600252843,50.44194359670797,6.509906050323366,4.413780806294545,2.096125244028821,21.021450826136878,10.955690415290482,74.4991739847184,56.26719550853312,-9.380388396570282,302785962.0,252003058.05,1.0
2026-07-30,289.989990234375,302.0,287.42999267578125,299.6199951171875,6781087.0,255.89800079345704,276.8678687286377,273.57451224180284,263.5556962667741,291.9525993562567,230.13539808026658,261.04399871826166,74.76325986360924,48.34903600252843,50.44194359670797,8.812240456287384,5.293472736293113,3.518767719994271,23.113155471945888,11.213855908785359,85.96268751753276,70.25411770924603,-4.675845124171785,309567049.0,255301732.2,1.0
2026-07-31,295.95001220703125,304.1000061035156,286.04998779296875,302.1199951171875,6319776.0,256.56840057373046,276.7725191497803,279.2836088168798,267.06154161681167,298.4850561293719,229.7819406357648,264.13349838256835,75.54488965901915,48.34903600252843,59.49979172651735,10.71506951558922,6.377792092152335,4.337277423436886,25.14939143862934,11.702153223196897,99.99999999999999,86.82062050075038,-3.735869785524759,315886825.0,258823769.8,1.0
2026-08-03,304.0,330.95001220703125,304.0,324.3500061035156,10047629.0,257.44960052490234,276.8047118377686,288.29688827420694,272.26958384287565,310.7562952269697,225.0137014160967,267.8849983215332,81.1388598179134,59.418276021954796,59.49979172651735,13.85711515907309,7.8736567055364866,5.983458453536603,27.963104848790916,12.925572070814528,99.99999999999999,95.32089583917758,-8.265504820324665,325934454.0,262718592.15,1.0
2026-08-04,324.3500061035156,333.75,318.6499938964844,330.70001220703125,3491149.0,258.5092007446289,276.87623908996585,296.7775130607718,277.5814409668898,321.8955023417019,222.56949552206763,272.2324989318848,82.37881177286597,59.418276021954796,59.49979172651735,16.66746918249254,9.632419200927698,7.035049981564841,30.649593042906105,13.080888787436034,99.99999999999999,99.99999999999999,-3.6902456360598523,329425603.0,266821583.95,1.0
2026-08-05,332.0,341.8999938964844,328.0,339.45001220703125,3534168.0,259.99880096435544,276.9814852142335,305.3120128900237,283.2058565341753,332.5633990966538,222.1275997436783,277.34549942016605,83.94507183863287,59.418276021954796,59.49979172651735,19.37737653209473,11.581410667161105,7.795965864933624,33.349874035366675,13.139396295225202,99.99999999999999,99.99999999999999,-2.698218082406878,332959771.0,271148869.0,1.0
2026-08-06,339.0,339.0,280.29998779296875,293.95001220703125,24119467.0,260.57840118408205,276.8518915557862,303.0396127534252,284.1825979589804,333.09809460397577,226.69390521291876,279.89599990844727,56.04721895708159,59.418276021954796,59.49979172651735,17.650068882556923,12.79514231024027,4.8549265723166535,31.70352788066636,16.42586973228501,72.89114522137447,90.96371507379148,-52.8083569777376,308840304.0,274235942.75,1.0
2026-08-07,285.0,289.54998779296875,275.0,279.8500061035156,9187334.0,260.92080108642574,276.6929007720948,298.4016914234433,283.78872597211995,333.25192079986334,228.55408048187496,280.90300064086915,50.45165830363872,59.418276021954796,59.49979172651735,14.970837970729065,13.230281442338029,1.7405565283910356,29.862240585757483,16.60616562333831,40.3449816361101,71.07870895249485,-68.33700014855472,299652970.0,276691246.8,-1.0
2026-08-10,280.0,281.0,272.70001220703125,279.70001220703125,2638873.0,261.1698013305664,276.5167678070069,294.66135558016094,283.4170247207482,333.45792818671924,229.81207455986288,281.63500137329106,50.39402048742493,53.729046194365694,59.49979172651735,12.689152267774261,13.122055607425276,-0.43290333965101446,28.01475903963618,16.012867206883342,7.742810328813121,40.32631239543256,-68.50219168671481,297014097.0,278900106.2,-1.0
2026-08-11,281.0,284.29998779296875,275.8999938964844,279.6000061035156,2249644.0,261.34680145263667,276.34355995178225,291.6490856848319,283.0700230282725,333.5896439291059,231.22536003817945,282.40750198364265,50.35271644294576,53.729046194365694,59.49979172651735,10.748923355289662,12.647429156998154,-1.8985058017084917,26.48682129056239,15.469090541854847,2.2093579033645954,16.765716622762604,-68.61233058204556,294764453.0,281163877.2,-1.0
2026-08-12,280.6499938964844,280.6499938964844,272.25,274.5,1861664.0,261.4878012084961,276.11916282653806,288.21926854786557,282.2909300257022,333.4590615557446,232.62194277775166,283.0405021667481,48.183796795262175,53.729046194365694,59.49979172651735,8.699468041178932,11.85783693383431,-3.1583688926553783,24.82769711537625,14.964155067185528,1.4221881552956304,3.791452129157782,-74.22907814719287,292902789.0,283382919.55,-1.0
2026-08-13,277.0,277.0,271.0,272.20001220703125,655190.0,261.61980133056636,275.75457450866696,285.0154172796987,281.3735738603685,333.3892417480151,233.36776356204365,283.37850265502937,47.19645069263577,53.729046194365694,59.49979172651735,6.811155386625387,10.848500624392527,-4.0373452377671395,23.202231993546597,14.323858276672278,0.6910261292592828,1.4408573959731694,-80.92417286209952,292247599.0,285485584.5,-1.0
2026-08-14,273.6499938964844,273.6499938964844,266.1000061035156,267.1000061035156,793587.0,261.6018014526368,275.40828025817865,281.4323350444621,280.0759767915637,333.3747315730568,233.45427385907226,283.41450271606453,44.994741252761976,53.729046194365694,59.49979172651735,4.847250052018069,9.648250509917636,-4.801000457899567,21.734664340463933,13.84001038497917,0.0,0.7044047615183043,-93.046401988597,291454012.0,287505284.5,-1.0
2026-08-17,266.95001220703125,269.70001220703125,265.6000061035156,267.75,557871.0,261.9168014526367,275.0397914886474,278.6958680355697,278.95543344687604,333.3543886323579,233.58461741012263,283.46950302124026,45.344691480967974,50.733974758684866,59.49979172651735,3.3051898294439184,8.379638373822893,-5.074448544378974,20.407132451093062,13.14429579344606,0.2994841746246446,0.3301701012946424,-97.18218317109284,292011883.0,289516300.1,-1.0
2026-08-18,267.6000061035156,268.45001220703125,263.1499938964844,263.8500061035156,767189.0,262.17380157470706,274.6310065460205,275.7266956491589,277.58221277929783,333.41552888904175,233.30347898449338,283.35950393676757,43.55420323416371,50.733974758684866,59.49979172651735,1.7482463832125745,7.053359975700829,-5.305113592488254,19.35447103333211,12.583990258953262,0.2994841746246446,0.19965611641642972,-99.11109561011905,291244694.0,291522979.3,-1.0
2026-08-19,265.95001220703125,274.6499938964844,263.1000061035156,273.04998779296875,2921585.0,262.6298013305664,274.26455162048336,275.1913540779209,277.1701923259952,333.29350594980684,234.32450094716586,283.80900344848635,48.700188210285546,50.733974758684866,59.49979172651735,1.2423975343755274,5.8911674874357685,-4.648769953060241,18.06691428975147,12.510132939954369,4.546306252583495,1.7150915339442612,-87.37311772738504,294166279.0,293701338.05,-1.0
2026-08-20,275.75,277.75,271.1000061035156,272.25,1163379.0,263.13480133056635,273.8918947601317,274.6030832623367,276.72290211454106,332.6925022766676,236.5565043761644,284.624503326416,48.28794198942004,50.733974758684866,59.49979172651735,0.7681021447151011,4.866554418891635,-4.098452274176534,17.114019451859228,12.091551579706513,8.153430113231913,4.333073513480017,-88.38833081989281,293002900.0,295850740.1,-1.0
2026-08-21,272.20001220703125,276.45001220703125,270.0,276.04998779296875,1035119.0,263.7048010253906,273.54704566955553,274.8924641684631,276.6617280853072,331.7675538808568,239.7284513681667,285.74800262451174,50.43424622832683,50.733974758684866,59.49979172651735,0.6908828212610842,4.031420099365525,-3.340537278104441,16.13203397141607,11.68858448165828,13.831316585986018,8.843684317267142,-83.56601053863534,294038019.0,298087429.0,-1.0
2026-08-24,276.1000061035156,278.70001220703125,271.20001220703125,272.5,503988.0,264.22380096435546,273.19056312561025,274.4139713347705,276.28338916846104,331.3968207789994,241.12618337139125,286.2615020751953,48.412680206240566,52.72609777104175,59.49979172651735,0.33932013340347567,3.293000106173116,-2.95367997276964,15.41217106125533,11.389399875825546,13.594045131670914,11.859597276962948,-88.07107188749701,293534031.0,300240796.45,-1.0
2026-08-25,272.79998779296875,276.6499938964844,269.29998779296875,275.3999938964844,775808.0,264.87180084228515,272.9016716766356,274.6111758471133,276.20308050737225,331.00448062630204,242.75252315787765,286.87850189208984,50.169833460851244,52.72609777104175,59.49979172651735,0.29135092943511154,2.6926702708255155,-2.401319341390404,14.556844485766417,11.10087174923198,27.3389803624257,18.25478069336088,-83.79448118303672,294309839.0,302287176.65,-1.0
2026-08-26,275.79998779296875,278.0,268.95001220703125,270.04998779296875,913632.0,265.39580047607427,272.53514091491684,273.6989382362844,275.6437084424265,330.3275562187336,241.07644768751635,285.702001953125,46.989934004070015,52.72609777104175,59.49979172651735,-0.17633313240952475,2.1188695901785075,-2.2952027225880323,13.89040041292146,10.95438003807032,38.264951086757144,26.39932552695125,-73.72405859840569,293396207.0,301817688.9,-1.0
2026-08-27,271.0,272.5,267.54998779296875,268.5,502488.0,265.9658004760742,272.14985054016097,272.65915058902755,274.9942804022059,328.8982231403569,239.3937812541744,284.14600219726566,46.07870059014249,52.72609777104175,59.49979172651735,-0.6643885246624563,1.562217967210315,-2.2266064918727713,13.119190411406148,10.52549662156753,46.48641587062616,37.363449106603,-74.5283086769323,292893719.0,300984022.4,-1.0
2026-08-28,268.5,272.8500061035156,268.0,269.29998779296875,683316.0,266.4578002929687,271.7037252044677,271.9873180298158,274.4766174377298,326.8875449972723,238.12245866483698,282.50500183105464,46.65370192684446,52.72609777104175,59.49979172651735,-0.9753800362515221,1.0546983665179477,-2.03007840276947,12.44064063522671,10.120104441706681,43.85172979241095,42.86769891659808,-70.75477809239061,293577035.0,299868532.9,-1.0
2026-08-31,269.3999938964844,270.0,261.6000061035156,264.79998779296875,734778.0,266.8677999877929,271.24415229797347,270.5498519824464,273.5969238336606,319.8988066725879,239.1561951584668,279.52750091552736,43.82281444581372,51.04950917600983,54.104895714053605,-1.5668932714139032,0.5303800389315775,-2.097273310345481,12.008242044023376,9.997239402762233,28.549275371819174,39.62914034495209,-83.20218509203339,292842257.0,298213923.05,-1.0
2026-09-01,264.70001220703125,267.1000061035156,257.0,266.0,1357079.0,267.3407998657226,270.79938713073716,269.63988158595714,272.90629439423685,309.0493841961716,243.53561641417997,276.2925003051758,44.784983832193305,51.04950917600983,54.104895714053605,-1.9167457636849008,0.040954878408281825,-1.9577006420931826,12.071787279462322,10.004579881387476,22.281306993100486,31.560770719110202,-58.52536895309296,294199336.0,296452609.7,-1.0
2026-09-02,263.79998779296875,272.0,262.20001220703125,270.3999938964844,674372.0,267.86879974365235,270.3734413909911,269.7919040480626,272.6784488944412,286.6375500600659,259.04244871923095,272.8399993896484,48.28265420959325,51.04950917600983,54.104895714053605,-1.8180067984946504,-0.33083745697230466,-1.4871693415223457,11.534937008322752,9.989966160786139,30.173468346020094,27.001350236979917,-38.24891079027826,294873708.0,294548306.55,-1.0
2026-09-03,270.1499938964844,270.79998779296875,262.75,265.29998779296875,758826.0,268.3057995605469,269.94425987243636,268.89352079704383,272.00767970339825,281.40167394833855,261.4133223895521,271.4074981689453,44.7445914871717,51.04950917600983,54.104895714053605,-2.126767277916713,-0.6900234211611863,-1.4367438567555264,11.03643318512172,9.851396277370611,34.63941447523272,29.03139660478443,-61.75122984364321,294114882.0,293812035.45,-1.0
2026-09-04,265.6000061035156,273.8500061035156,263.75,264.3999938964844,942732.0,268.72479949951173,269.469475326538,267.99481541693194,271.3160719027697,280.2632552269924,261.0067398901951,270.63499755859374,44.13003443096445,51.04950917600983,54.104895714053605,-2.4162313572072094,-1.035265008370391,-1.3809663488368185,10.300887779958973,9.869154122095257,31.46622984162651,32.093037554293105,-65.89866482154963,293172150.0,293487994.45,-1.0
2026-09-07,265.04998779296875,266.0,256.8500061035156,259.6000061035156,821088.0,269.20979949951175,269.0210909271239,266.3158535542487,270.2509750119284,279.4680215071658,259.7919729996701,269.62999725341797,40.90328596210495,49.81126888452445,54.104895714053605,-2.998389062560989,-1.4278898192085105,-1.5704992433524783,10.30259296464644,9.817785534551621,8.557211300894256,24.88761853925116,-87.41419115870393,292351062.0,293254842.7,-1.0
2026-09-08,261.0,261.0,256.5,257.79998779296875,339117.0,269.7967993164063,268.55025001525865,264.61268040199275,269.1190670829321,278.5560143850896,258.52397829069173,268.53999633789067,39.73008656511843,49.81126888452445,54.104895714053605,-3.563917055203035,-1.8550952664074156,-1.7088217887956194,10.342375739907517,9.437943710655077,2.7898623951878627,14.27110117923621,-94.14420235067702,292011945.0,293117217.3,-1.0
2026-09-09,258.0,258.0,254.1499938964844,254.75,318352.0,270.2979992675782,268.15101356506335,262.6401443215942,267.81278825721097,278.9002265869462,256.20476608883513,267.55249633789066,37.75410160578683,49.81126888452445,54.104895714053605,-4.209683972464802,-2.326013007618893,-1.883670964845909,10.642526660486418,9.038805310145113,0.0,3.7823578986940394,-97.55598510793033,291693593.0,293056757.5,-1.0
2026-09-10,254.9499969482422,257.3500061035156,250.3000030517578,251.3500061035156,332027.0,270.54999938964846,267.69318489074703,260.3821166779785,266.3161716977841,279.7355479514786,253.28444411395108,266.50999603271487,35.62690820210609,49.81126888452445,54.104895714053605,-4.938877691720279,-2.8485859444391703,-2.0902917472811087,11.336163241697612,8.896748005974592,0.0,0.9299541317292875,-96.30280734764195,291361566.0,293012455.85,-1.0
2026-09-11,250.8500061035156,251.0,246.6499938964844,247.6000061035156,557943.0,270.6953994750977,267.20584114074705,257.82569456308596,264.61470209830514,281.22323781893897,249.84675424649072,265.53499603271484,33.392176556498185,49.81126888452445,54.104895714053605,-5.753045104906562,-3.4294777765326487,-2.323567328373913,12.349465004681463,8.59698116319292,0.0,0.0,-96.96965862177406,290803623.0,292979936.4,-1.0
2026-09-14,247.6000061035156,247.6000061035156,247.6000061035156,247.6000061035156,0.0,270.6609994506836,266.7319536590576,255.78055687117188,263.0679115533243,282.09259886722344,246.9623938085578,264.5274963378906,33.39217655649819,45.716888951485764,54.104895714053605,-6.325363789255846,-4.0086549790772885,-2.3167088101785573,13.290388070309325,7.982911080107712,1.5905975893088298e-14,5.301991964362766e-15,-96.96965862177406,290803623.0,292919523.4,-1.0
2026-09-15,250.1499938964844,292.0,250.1499938964844,283.3500061035156,33931358.0,271.4529995727539,266.4566338348388,261.29444671764065,264.91173833061436,284.9709394052739,246.03405327050731,265.5024963378906,60.669095882824855,45.716888951485764,54.104895714053605,-3.8498258491961224,-3.9768891531010553,0.12706330390493292,14.803411025782642,10.584131281277475,33.33333333333334,11.11111111111112,-19.073853874991688,324734981.0,294594037.75,1.0
2026-09-16,278.0,280.95001220703125,268.5,277.75,4437986.0,272.2641995239258,266.14597419738766,264.5855573741125,266.0788530278312,285.6968162142647,245.77817768221973,265.7374969482422,56.748757356256014,45.716888951485764,54.104895714053605,-2.3131532964474673,-3.6441419817703378,1.3309886853228705,16.208360913007866,10.888836625723057,61.87587818640371,31.736403839912356,-31.422266994789496,320296995.0,295900573.55,1.0
2026-09-17,276.3999938964844,276.3999938964844,271.0,273.1000061035156,1215172.0,272.86739959716795,265.82234016418454,266.2884471199932,266.71713967107524,285.80122935687757,245.75876514995844,265.779997253418,53.6487399010797,45.716888951485764,54.104895714053605,-1.453786526960016,-3.206070890808274,1.7522843638482577,17.512957236859858,10.593205438171411,86.63009511518352,60.61310221164019,-41.67583539755956,319081823.0,297204519.7,1.0
2026-09-18,272.0,275.5,269.3999938964844,273.45001220703125,1243136.0,273.142200012207,265.4862659454346,267.7207601374008,267.3292189925258,285.422678568378,245.87731837986408,265.64999847412105,53.85308225890343,45.716888951485764,54.104895714053605,-0.73600539130382,-2.7120577909073833,1.9760523996035633,18.522089546915904,10.272262628553142,78.30069209820027,75.60222179992917,-40.90404696005262,320324959.0,298518866.7,1.0
2026-09-21,272.04998779296875,272.75,268.1499938964844,269.45001220703125,331530.0,273.23000030517574,265.11844795227046,268.0666105513269,267.52201837566264,285.0939925044731,245.9010056644722,265.4974990844726,51.081489219685,52.22424356798526,54.104895714053605,-0.4843420469429134,-2.2665146421144895,1.7821725951715761,19.295439797069058,9.917102320124123,71.37509556635979,78.76862759324786,-49.72433243227423,319993429.0,299841836.6,1.0
2026-09-22,270.29998779296875,274.79998779296875,268.29998779296875,269.5,407264.0,273.337000427246,264.76800621032714,268.3532884410615,267.701834886966,284.34367708475065,246.0613216945462,265.20249938964844,51.11534868324548,52.22424356798526,54.104895714053605,-0.27766271335275405,-1.8687442563621426,1.5910815430093885,20.164091161106978,9.6730235829724,68.27920438753802,72.65166401736602,-49.614105781246565,320400693.0,301146379.3,1.0
2026-09-23,267.0,271.75,267.0,267.8500061035156,443067.0,273.45720062255856,264.4513961029053,268.25263197355235,267.7153049975614,284.14144777656327,246.04355283378825,265.09250030517575,49.8878950814235,52.22424356798526,54.104895714053605,-0.2441936578281343,-1.543834136655341,1.2996404788272067,20.783226277913574,9.321379041331515,63.433609313741364,67.69596975587972,-53.25246007985043,319957626.0,302474450.25,1.0
2026-09-24,267.8500061035156,267.95001220703125,261.0,262.1499938964844,468349.0,273.3914004516601,264.09331886291505,267.0321043581388,267.2093676247362,283.79647019507837,245.75352980492158,264.775,45.79656263036151,52.22424356798526,54.104895714053605,-0.6698904581024863,-1.3690454009447701,0.6991549428422839,20.52737303201513,9.151995696024352,56.97524729944713,62.89602033357549,-65.82139379514132,319489277.0,303804228.15,1.0
2026-09-25,262.1499938964844,264.95001220703125,257.3500061035156,259.45001220703125,417268.0,273.25280059814446,263.7361766815185,265.5156859279173,266.5039716776721,283.32072559242044,245.2442768489858,264.2825012207031,43.95759847304562,52.22424356798526,54.104895714053605,-1.211162667640167,-1.3374688542838498,0.12630618664368276,19.822321212643512,9.041139296559445,48.228230423422985,56.21236234553715,-71.77504611282825,319072009.0,305078976.85,1.0
2026-09-28,260.5,260.54998779296875,255.0500030517578,256.0,400591.0,273.0398007202148,263.3495513153075,263.61254874233384,265.54906516152005,283.2338535886808,244.45115007342852,263.8425018310547,41.655834853878005,48.811424272156344,54.104895714053605,-1.8966485615124498,-1.4493047957295697,-0.44734376578288004,18.879047558486395,8.788199685463123,38.16836976606469,47.790615829644935,-79.38256924999449,318671418.0,306370434.9,1.0
2026-09-29,256.0,257.0,248.0,248.8999938964844,406764.0,272.6968008422851,262.9269365692138,260.670037773164,264.035513228335,283.4563210417935,242.51868200996438,262.98750152587894,37.3243054005583,48.811424272156344,54.104895714053605,-2.9784781839263132,-1.7551394733689185,-1.2233387105573947,17.877047898137132,8.803328279358615,27.814980112776272,38.07052676742131,-95.03858942187534,318264654.0,307573700.8,1.0
2026-09-30,248.8999938964844,270.70001220703125,248.8999938964844,255.8000030517578,6657490.0,272.5316009521484,262.5268336486816,259.6960308288828,263.2868304850098,282.6544925940737,241.86051137321152,262.2575019836426,43.475734016317475,48.811424272156344,52.86014966319838,-3.2416946428450046,-2.052450507264136,-1.1892441355808687,17.629673992795638,9.731663281586346,27.22612517775059,31.06982501886385,-79.82357679426181,324922144.0,309076122.6,1.0
2026-10-01,254.5,255.0,247.0,250.3999938964844,646270.0,272.42080078125,262.1016879272461,257.8368234424031,262.1152998860529,282.52087210232935,240.50413247530742,261.5125022888184,40.15420975685983,48.811424272156344,52.86014966319838,-3.8417459362322575,-2.4103095930577605,-1.431436343174497,17.181695449451095,9.665116122312881,25.391087675832416,26.81073098878642,-92.44445800781243,324275874.0,310584172.2,1.0
2026-10-05,254.5500030517578,259.3500061035156,252.1000061035156,257.3999938964844,885378.0,272.49720062255864,261.73209381103516,257.74945753321936,261.68663570518305,282.20153982956043,240.12346474807643,261.1625022888184,45.92187874844925,46.68745868586909,52.86014966319838,-3.709686454569976,-2.6701849653602037,-1.0395014892097723,17.156906261604522,9.614037271221333,32.86211078439428,28.49310787932576,-76.88890245225694,325161252.0,312183627.3,1.0
2026-10-06,258.6499938964844,262.0,256.54998779296875,260.25,666701.0,272.45760040283204,261.35815536499024,258.2495660265755,261.5560324592573,282.2258833853904,240.16412058189485,261.1950019836426,48.11441059424113,46.68745868586909,52.86014966319838,-3.336594505356743,-2.8034668733595116,-0.5331276319972313,17.365293942542486,9.31660690949347,39.056018282250285,32.43640558082566,-60.97203170590952,325827953.0,313857471.85,1.0
2026-10-07,261.79998779296875,265.8500061035156,257.6000061035156,259.20001220703125,759122.0,272.38040069580074,260.9586602783203,258.43965526266663,261.34184879996405,282.2575895096118,240.27241689907967,261.26500320434576,47.35269618656732,46.68745868586909,52.86014966319838,-3.0900218391118983,-2.860777866509989,-0.2292439726019091,17.886760532899398,9.240420701672507,51.01668463577391,40.97827123413949,-58.503351225218736,325068831.0,315510316.15,1.0
2026-10-08,263.0,282.8500061035156,260.1000061035156,266.3500061035156,19360929.0,271.8358010864257,260.5472064208984,260.02172543083645,261.79713582755966,282.72034887509096,240.96965814395207,261.8450035095215,52.82912036970708,46.68745868586909,52.86014966319838,-2.291254318669303,-2.746873156941852,0.455618838272549,19.525537983644426,10.269675929873355,70.00878981179847,53.36049757660755,-46.025096766669535,344429760.0,318147124.5,1.0
