Date,Open,High,Low,Close,Volume,MA50,MA200,EMA9,EMA21,BB_Upper,BB_Lower,BB_Mid,RSI,RSI_W,RSI_M,MACD,MACD_Signal,MACD_Hist,ADX,ATR,StochRSI_K,StochRSI_D,Williams_R,OBV,OBV_SMA20,Supertrend_Dir
2025-07-24,2301.176736352741,2328.643820855502,2294.6083884465443,2301.475341796875,500769,2308.2844482421874,2394.694502563477,2315.6960155203856,2311.1416790947806,2390.3967256273722,2200.352956989816,2295.374841308594,49.07375935694899,54.94787743066365,20.233920487828083,3.7078833117107024,-0.6250519731186865,4.332935284829389,14.990720023865912,56.804711310605164,62.56607859408068,77.82143537289382,-44.32557448912689,20764898.0,19304965.55,1.0
2025-07-25,2288.935942323445,2297.7930320442183,2214.893937723461,2223.054443359375,734987,2309.432895507812,2394.694502563477,2297.1677010881835,2303.13374857338,2385.459796860875,2192.5017021625636,2288.9807495117193,40.79941872425573,54.94787743066365,20.233920487828083,-3.7362100269247094,-1.247283583879891,-2.4889264430448184,15.498842439317905,58.931617936520084,43.41363915018157,61.46855677674447,-80.97670205458279,20029911.0,19291441.55,1.0
2025-07-28,2214.296719125321,2214.296719125321,2089.898027039629,2105.6220703125,1574049,2307.1379882812494,2394.694502563477,2258.858574933047,2285.178141458755,2402.012884134352,2153.3279605922107,2277.6704223632814,32.07729075325473,50.10758599811363,20.233920487828083,-18.893723626154042,-4.776571592334721,-14.11715203381932,17.4331885608728,64.23338924960764,24.126628169506645,43.3687819712563,-94.86844877959551,18455862.0,19236190.4,-1.0
2025-07-29,2096.964054607163,2157.2723971857013,2094.675069987123,2144.733154296875,709615,2306.8613281249995,2390.568197631836,2236.0334908058126,2272.4104153531293,2406.77030520571,2132.70723385679,2269.73876953125,36.91449847827494,50.10758599811363,20.233920487828083,-27.43398286752381,-9.30805384737254,-18.12592902015127,19.22936710231663,64.11652767453411,12.189389378496891,26.576552232728364,-82.10452239829151,19165477.0,19242518.05,-1.0
2025-07-30,2149.6093910334093,2156.2771123105053,2108.4086415584134,2119.156494140625,387200,2305.8342919921874,2386.16448425293,2212.658091472775,2258.4782406974473,2414.2595331490097,2109.2153447806772,2261.7374389648435,35.15149874138746,50.10758599811363,20.233920487828083,-35.85273456063396,-14.616989990024823,-21.23574457060914,20.897247176514472,62.955952180073965,9.054674668533758,15.123564072179096,-90.45148121550116,18778277.0,19277393.0,-1.0
2025-07-31,2104.8258258742867,2110.8965791070195,2080.543298875736,2092.783935546875,630537,2304.6082128906246,2381.629653930664,2188.683260287595,2243.4151220473955,2423.8689956333033,2083.364353976072,2253.6166748046876,33.38118538475796,50.10758599811363,17.69403539069161,-44.14383831558462,-20.522359655136782,-23.621478660447835,22.72569842298343,61.21718382898932,10.546991861609724,10.597018636213457,-96.1236039922037,18147740.0,19307180.0,-1.0
2025-08-01,2094.874055541573,2112.787467892997,2032.1771123115875,2040.73583984375,1209172,2301.9848974609376,2376.449942016601,2159.093776198826,2224.989732756155,2434.7392908910633,2047.2759678979992,2241.0076293945312,30.153566496778183,50.10758599811363,17.69403539069161,-54.28863848378023,-27.275615420865474,-27.01302306291476,24.855642107938348,62.602410382733616,5.010771311176663,8.204145947106715,-97.64960408871757,16938568.0,19246203.9,-1.0
2025-08-04,2026.2059550248796,2099.849982859772,2026.2059550248796,2088.00732421875,934764,2299.0232177734374,2371.232412719726,2144.876485802811,2212.5367865254816,2434.91212975577,2027.1097940723555,2231.0109619140626,36.188322735302876,44.26226117271329,17.69403539069161,-57.8472251784201,-33.3899373723764,-24.457287806043702,26.883645942324897,63.39109734360209,7.97120097804239,7.842988050276259,-83.30193581485578,17873332.0,19260602.65,-1.0
2025-08-05,2090.0970882034308,2109.8018903004204,2066.013549180978,2104.626953125,521123,2296.4197998046875,2365.6939337158196,2136.826579267249,2202.726801670892,2429.9839813937842,2012.572048879653,2221.2780151367188,38.2096783228113,44.26226117271329,17.69403539069161,-58.65028167681703,-38.44200623326453,-20.208275443552502,28.48336268196774,61.99090047044784,15.12788470837773,9.369952332532261,-78.81149112358567,18394455.0,19273164.4,-1.0
2025-08-06,2092.883618169984,2104.328297965017,2044.6169251213653,2051.583251953125,605906,2293.0242089843746,2360.6050323486324,2119.7779138044243,2188.986478969277,2433.2719610928348,1990.0171990634158,2211.6445800781253,34.45796718084207,44.26226117271329,17.69403539069161,-62.84248407899531,-43.322101802410685,-19.520382276584627,30.1737275492826,61.84940957996119,19.749067519035474,14.282717735151863,-93.14332775340301,17788549.0,19297430.8,-1.0
2025-08-07,2032.2766106887848,2053.971670575321,1999.7339601174297,2033.968505859375,1028052,2289.131030273437,2355.181996459961,2102.6160322154146,2174.8939359592855,2435.7143523125856,1966.4369904608516,2201.0756713867186,33.28904760216481,44.26226117271329,17.69403539069161,-66.81598440636799,-48.020878323202155,-18.795106083165834,32.13059549893784,61.305716785527615,16.63642039530729,17.171124207573495,-91.36762095044897,16760497.0,19242336.3,-1.0
2025-08-08,2043.8207393016244,2062.7293408354426,1956.0450691957717,1962.414306640625,802032,2283.7191894531247,2349.8940570068357,2074.575687100457,2155.577606021225,2447.2255794751295,1931.598517204558,2189.4120483398438,28.987289292403716,44.26226117271329,17.69403539069161,-74.87571725687212,-53.391846109936154,-21.483871146935968,34.26942163708563,64.54704213225213,7.987419471895983,14.790969128746248,-98.55333989698073,15958465.0,19187789.9,-1.0
2025-08-11,1963.8075644001765,1987.3935078632005,1957.239216261321,1981.3228759765625,1286199,2277.933156738281,2345.3321081542963,2055.925124875678,2139.7362669262557,2448.519584649758,1903.8324783385242,2176.176031494141,31.506151626087778,41.99581176969295,17.69403539069161,-78.82866233794084,-58.479209355537094,-20.349452982403747,36.25547447965143,62.09041709436838,7.276304647653227,10.633381504952165,-93.65000239760239,17244664.0,19152231.55,-1.0
2025-08-12,1980.427175301308,1981.322870179722,1935.64364621158,1939.4254150390625,1127245,2271.2534472656253,2340.2790325927726,2032.625182908355,2121.526189481965,2449.1044926683057,1871.3119379957577,2160.2082153320316,29.047532241930174,41.99581176969295,17.69403539069161,-84.36961434418572,-63.657290353266816,-20.712323990918904,38.25507121845926,60.91818942798367,4.010040670071988,6.424588263207066,-99.0377182832275,16117419.0,19019248.55,-1.0
2025-08-13,1945.6950727377896,1968.3854431623345,1939.2263406367597,1950.6710205078125,1298604,2265.2086645507816,2335.480726318359,2016.2343504282467,2105.993901393406,2441.5797395109753,1846.0949553132446,2143.83734741211,30.612681883830515,41.99581176969295,17.69403539069161,-86.85225363539848,-68.29628300969316,-18.555970625705328,40.111839618780806,58.649683220668756,8.596830322195295,6.627725213306837,-95.850503995283,17416023.0,18919381.7,-1.0
2025-08-14,1951.566706926044,1964.404676413559,1925.49278931762,1927.2840576171875,341127,2257.736782226563,2330.54135192871,1998.4442918660347,2089.7475519592044,2423.721000950507,1824.1062939713686,2123.9136474609377,29.171487367020756,41.99581176969295,17.69403539069161,-89.6731987963085,-72.57166616701622,-17.10153262929228,41.939638546021776,57.23984064033091,5.352526466996602,5.9864658197546285,-99.3797631837073,17074896.0,18728699.4,-1.0
2025-08-18,1961.518601975498,2026.9025067814416,1944.50088497644,1992.767578125,1464481,2248.4894824218754,2325.7000030517574,1997.308949117828,2080.9311907015494,2390.4284759725842,1821.2734527383536,2105.850964355469,37.976329311865186,40.98215265554845,17.69403539069161,-85.63766759928944,-75.18486645347086,-10.452801145818583,41.67299746991163,60.26688410632543,37.742472212007314,17.230609667066403,-70.97467312755579,18539377.0,18564034.9,-1.0
2025-08-19,2001.3261221359023,2005.406374866015,1966.1958835320245,2000.3309326171875,679045,2239.3874780273436,2321.043510742187,1997.9133458176998,2073.6038945120617,2340.085783493487,1832.41564472917,2086.2507141113283,38.92076877218626,40.98215265554845,17.69403539069161,-80.8966542791793,-76.32722401861255,-4.569430260566747,41.425402184952205,58.76285605115866,66.48901589321733,36.52800485740708,-67.572258665995,19218422.0,18397322.3,-1.0
2025-08-20,2005.2074047376047,2037.4515697490435,1990.777156578196,2031.97802734375,590689,2231.1035180664067,2316.904268798828,2004.72628212291,2069.819724769488,2291.8076982510556,1848.6784711825385,2070.243084716797,42.84263632385661,40.98215265554845,17.69403539069161,-73.73573139459018,-75.80892549380808,2.0731940992179005,40.30890926874318,57.899395845422156,99.15658509533436,67.79602440018633,-43.145614794776534,19809111.0,18287080.5,-1.0
2025-08-21,2057.0567559756555,2081.836878055648,2036.9539760876607,2043.7213134765625,1293234,2223.2594384765625,2312.81354309082,2012.5252883936407,2067.4471419246765,2246.724688672699,1866.8415955069886,2056.7831420898438,44.27254740220082,40.98215265554845,17.69403539069161,-66.34824213373804,-73.91678882179407,7.568546688056031,38.210678454430045,57.32507119302757,99.99999999999999,88.54853366285056,-36.87566296158209,21102345.0,18278914.4,-1.0
2025-08-22,2056.6588273816424,2059.9427585335275,2030.5847882036217,2043.0245361328125,405740,2216.5757446289067,2308.6845019531247,2018.6251379414753,2065.226905034507,2194.888444136846,1892.8327594764357,2043.8606018066407,44.201888525658866,40.98215265554845,17.69403539069161,-59.85980125156061,-71.10539130774738,11.24559005618677,36.37638278451042,55.32742113137601,99.84591062396112,99.66749857309847,-36.23117567799298,20696605.0,18275499.75,-1.0
2025-08-25,2064.023073526347,2084.9220535379445,2052.0807992340056,2058.947509765625,361197,2209.945788574219,2305.0326525878904,2026.6896123063052,2064.656050919154,2161.407995947573,1909.9025143063332,2035.655255126953,46.31068617304167,45.637717310254786,17.69403539069161,-52.823893247788874,-67.44909169575568,14.62519844796681,34.10729136177121,54.36814229378716,99.8459106239611,99.8972737493074,-27.59189875248813,21057802.0,18326894.3,-1.0
2025-08-26,2059.0472044949315,2060.042394057278,1990.3791246930225,1997.4449462890625,602959,2201.4408984375,2300.921773071289,2020.840679102857,2058.5459504982364,2152.5874916733637,1907.905306178199,2030.2463989257812,40.01939666824622,45.637717310254786,17.69403539069161,-51.61563542247677,-64.2824004410999,12.666765018623124,33.074934300517214,55.4606513702492,87.74033735765576,95.81071953519265,-59.76629165223126,20454843.0,18426843.35,-1.0
2025-08-28,2006.3020758657835,2006.3020758657835,1954.253615284559,1975.0531005859373,1055273,2192.0642211914064,2296.4687976074215,2011.6831633994732,2050.9556914153,2133.77216660783,1909.752625872639,2021.7623962402345,37.99557237752133,45.637717310254786,17.69403539069161,-51.86702640833664,-61.79932563454725,9.93229922621061,32.63541905299644,55.21692345674745,71.89465129932435,86.49363309364706,-68.91391833821237,19399570.0,18438548.0,-1.0
2025-08-29,1975.451308252585,1988.3887727398812,1931.662966910966,1938.3306884765625,718751,2181.839643554688,2292.168832397461,1997.012668414891,2040.7170547845055,2120.7510599701714,1904.6911519438916,2012.7211059570313,34.880218047438575,45.637717310254786,17.69403539069161,-54.40233112212718,-60.31992673206324,5.917595609936058,32.52700521162677,55.32470076904516,49.900373455778336,69.8451207042528,-91.94758928247887,18680819.0,18433675.1,-1.0
2025-09-01,1938.3306070572933,1950.372497606903,1928.975922622826,1942.8089599609373,737807,2173.3228100585943,2288.5214624023433,1986.1719267241003,2031.8163188914539,2110.641584316592,1899.8031300388773,2005.2223571777345,35.573962905914236,42.380995084729804,16.27270082344803,-55.411470353584264,-59.33823545636745,3.926765102783186,32.462257647475155,52.901263212976005,41.2744641089369,54.35649628801319,-89.13864984072997,19418626.0,18497219.4,-1.0
2025-09-02,1947.784978978409,1992.369520334377,1947.784978978409,1968.6839599609373,467127,2164.2904687500004,2285.0360601806638,1982.674333371468,2026.0770135341343,2106.853375224916,1896.3861511422715,2001.6197631835937,39.579197449229596,42.380995084729804,16.27270082344803,-53.5065341918646,-58.17189520346688,4.665361011602279,31.373236006227035,52.66264158158056,44.27644329148663,45.150426952067285,-72.90888165699059,19885753.0,18644578.65,-1.0
2025-09-03,1978.436868765163,2008.1930612590056,1962.513835616148,2002.221923828125,352798,2156.543911132813,2281.8852899169924,1986.5838514627997,2023.9083690154062,2094.4160575854385,1900.2449287426866,1997.3304931640625,44.403709215668755,42.380995084729804,16.27270082344803,-48.72890863767202,-56.283297890307914,7.554389252635893,30.006013066846318,52.163826157386055,62.561918915131535,49.37094210518502,-51.87261580504532,20238551.0,18762839.6,-1.0
2025-09-04,2020.234756174492,2048.896263377497,1989.8814753551208,1993.1656494140625,589581,2148.664001464844,2279.0671630859383,1987.9002110530523,2021.113576324375,2074.6717996391208,1908.8430563179104,1991.7574279785156,43.39604781269101,42.380995084729804,16.27270082344803,-45.15287736029313,-54.05721378430496,8.90433642401183,27.89171858033476,52.653180576313915,77.6248394728829,61.48773389316702,-57.553049982767625,19648970.0,18825565.35,-1.0
2025-09-05,1993.7627761763024,2006.003534796935,1933.75279749504,1952.3629150390625,591336,2139.876479492188,2275.9149005126956,1980.7927518502545,2014.8635162075284,2066.448062657006,1907.1447596086186,1986.7964111328124,39.09172721473942,42.380995084729804,16.27270082344803,-45.09149973003582,-52.26407097345114,7.1725712434153195,26.891023038011745,54.05300605671255,69.5708325410919,69.91919697636878,-85.00315956606444,19057634.0,18889019.6,-1.0
2025-09-08,1963.6084249971905,1979.9295574831651,1951.168555950425,1954.850830078125,444652,2131.3715869140633,2272.6049005126956,1975.6043674958287,2009.4078174684917,2060.4606072905526,1905.2204473969473,1982.84052734375,39.48585972608569,42.96843332803283,16.27270082344803,-44.33108244133314,-50.677473267027544,6.346390825694407,25.9618057487118,52.24643430500024,53.377193986151234,66.857622000042,-83.40779132931308,19502286.0,19026109.05,-1.0
2025-09-09,1959.13015198376,1964.5041999275984,1937.8330710111256,1940.321044921875,353216,2123.159282226563,2268.907522583008,1968.5477029810381,2003.1272017824356,2061.187186839028,1902.284541676597,1981.7358642578126,37.941703854720004,42.96843332803283,16.27270082344803,-44.389187570154945,-49.41981612765302,5.030628557498076,25.320062738321965,50.419626777248276,34.640274637636956,52.5294337216267,-92.72497353254361,19149070.0,19185639.3,-1.0
2025-09-10,1954.552260927429,1993.1656637589492,1936.2407490538924,1979.531494140625,917722,2116.1133398437505,2265.346235961914,1970.7444612129557,2000.982137451362,2061.103616872166,1902.1889734598653,1981.6462951660158,44.27496239640625,42.96843332803283,16.27270082344803,-40.80095276109614,-47.69604345434165,6.895090693245507,24.082406518760965,50.88429020066317,49.755535373858564,45.92433466588225,-67.58138773874649,20066792.0,19326745.7,-1.0
2025-09-11,1990.1800570775235,2007.098278971829,1971.5699401039287,1983.4127197265625,318150,2109.7142700195313,2261.046270751953,1973.2781129156772,1999.3849176581982,2060.777259217638,1906.9140615831432,1983.8456604003904,44.874657389440195,42.96843332803283,16.27270082344803,-37.21507612308528,-45.59984998809038,8.384773865005094,22.634987617941402,49.78743653403725,65.4702538617338,49.955354624409765,-65.0925631919868,20384942.0,19540121.85,-1.0
2025-09-12,1993.3646767029888,2003.9136616789856,1976.844554402869,1989.284423828125,280693,2103.916296386719,2256.348229980469,1976.4793750981669,1998.4666909463733,2061.1242400174697,1910.4284211153426,1985.7763305664062,45.82452427091965,42.96843332803283,16.27270082344803,-33.513127135082186,-43.18250541748874,9.669378282406555,21.290955781466092,48.16469872990005,88.45799834014504,67.89459585857912,-61.32735012314927,20665635.0,19702602.45,-1.0
2025-09-15,2004.3117193675048,2053.971579875386,1993.563623818373,2026.802978515625,982451,2099.348371582031,2252.042293701172,1986.5440957816586,2001.0427170890325,2062.9126965758414,1918.5918566468147,1990.7522766113282,51.56723959042416,44.56976293736392,16.27270082344803,-27.237890635107533,-39.9935824610125,12.755691825904968,20.52612765393565,49.34487425256869,94.39454078753498,82.7742643298046,-25.36073122123883,21648086.0,19931261.95,-1.0
2025-09-16,2030.1867124954515,2061.833789254062,2018.443427035816,2051.085693359375,399660,2094.511750488281,2248.195388183594,1999.4524152972022,2005.5920785681546,2070.718895820325,1916.6174689257687,1993.6681823730469,54.899448562896474,44.56976293736392,16.27270082344803,-20.07390882411437,-36.009647733632875,15.935738909518506,19.96235645498246,48.919551964402785,98.58226307450154,93.8116007340605,-8.08992057995319,22047746.0,20106680.4,-1.0
2025-09-17,2061.0375702102224,2076.960603104169,2050.190101237701,2071.487060546875,426132,2090.1826782226562,2244.5417980957027,2013.8593443471368,2011.582531475311,2081.778165043692,1912.6738124953704,1997.225988769531,57.542434265581214,44.56976293736392,16.27270082344803,-12.604880577477843,-31.328694302401868,18.723813724924025,19.721849876659345,47.33747695740743,99.99999999999999,97.65893462067883,-3.6987224214631076,22473878.0,20269453.2,-1.0
2025-09-18,2079.9462191301177,2095.869252386616,2065.0183754521504,2077.557861328125,462646,2085.748117675781,2241.1156103515623,2026.5990477433347,2017.5802887346576,2090.2326985518766,1908.7772623856233,1999.5049804687499,58.32506922111163,44.56976293736392,16.27270082344803,-6.1251520532325685,-26.28798585256801,20.16283379933544,19.841280245956558,46.15986267005446,99.99999999999999,99.52742102483383,-10.97191306831009,22936524.0,20425823.85,-1.0
2025-09-19,2070.989493485581,2137.667194621349,2068.8994982038,2134.880615234375,1017368,2083.5606909179687,2237.3527990722655,2048.255361241543,2028.2439547800864,2111.7229287438695,1896.4029623694114,2004.0629455566404,64.9036454068579,44.56976293736392,16.27270082344803,3.5941159289764073,-20.311565496259128,23.905681425235535,20.62855220016973,47.774707937732664,99.99999999999999,99.99999999999999,-1.3665437194452124,23953892.0,20568401.2,1.0
2025-09-22,2135.676891126648,2144.036386617453,2082.732852763722,2093.580322265625,492664,2080.5253637695314,2233.5768017578125,2057.3203534463596,2034.183624551499,2120.306217974663,1892.8752517518988,2006.5907348632809,57.82161178765415,50.47509521490077,16.27270082344803,7.8733581747501376,-14.674580762057277,22.547938936807412,21.45532131067313,48.74105264601827,91.2444069782477,97.08146899274922,-23.99429482937724,23461228.0,20706632.35,1.0
2025-09-23,2085.0218374471747,2108.110187676923,2075.467920058073,2093.580322265625,368846,2078.4832348632813,2229.6132104492185,2064.5723472102127,2039.583324343692,2126.3671819454134,1890.2775690311487,2008.322375488281,57.82161178765415,50.47509521490077,16.27270082344803,11.136315966455868,-9.512401416354647,20.648717382810517,22.00340331354719,47.59113942979196,82.4888139564954,91.2444069782477,-23.99429482937724,23461228.0,20826803.65,1.0
2025-09-24,2093.580219122297,2105.12451515153,2002.22189082554,2009.38720703125,626753,2073.7501147460935,2225.425701904297,2053.5353191744202,2036.8382227698337,2126.853388026927,1890.9855890238537,2008.9194885253903,45.963950174888744,50.47509521490077,16.27270082344803,6.849594890361232,-6.240002155011472,13.089597045372702,20.652719808053494,51.54195977952039,59.07346854532963,77.60222982669092,-64.03218631950368,22834475.0,20945785.25,1.0
2025-09-25,2010.2828582669624,2012.372731991314,1945.894144023631,1957.9359130859373,612330,2067.7331982421874,2221.08020690918,2034.4154379567237,2029.665285525843,2127.2738944469947,1888.853363853786,2008.0636291503904,40.498208783010696,50.47509521490077,16.27270082344803,-0.6913820496849894,-5.130278133946176,4.438896084261186,20.010185085729876,52.60886179296057,37.656362299297406,59.73954826704081,-89.55937464018764,22222145.0,21086914.0,-1.0
2025-09-26,1957.935889304412,1976.6453794226595,1939.1267830475165,1948.1829833984373,387913,2061.1350903320313,2216.6747509765623,2017.1689470450665,2022.2578035142606,2126.6292099697002,1890.4832778232683,2008.5562438964841,39.538422481321845,50.47509521490077,16.27270082344803,-7.369687353286054,-5.578159977814151,-1.7915273754719028,19.528241861133168,51.53098569168789,15.05266210337863,37.26083098266855,-94.2528945821146,21834232.0,21244584.65,-1.0
2025-09-29,1964.5042020392325,2008.292542915487,1962.3148335886603,1987.2940673828125,586290,2054.3658105468753,2212.1849542236328,2011.1939711126158,2019.0792820477652,2125.259868885342,1896.3011296498144,2010.780499267578,45.15210842669162,44.00159066182651,16.27270082344803,-9.398020280678338,-6.342132038386989,-3.055888242291349,18.402259240340484,52.14374096492803,12.511816711950512,21.74028037154218,-75.43099608464884,22420522.0,21394679.45,-1.0
2025-09-30,1987.2940255341875,1999.0371892683968,1950.372517733099,1959.3292236328125,566181,2046.4719702148436,2207.487163085937,2000.8210216166553,2013.6474585554965,2125.589992057062,1895.0355328452818,2010.312762451172,42.13941870106369,44.00159066182651,17.24597498347682,-13.110883810336873,-7.695882392776966,-5.415001417559907,17.58325092245935,51.895236005668735,12.769243439556055,13.444574084961733,-90.14080344047866,21854341.0,21493108.85,-1.0
2025-10-01,1970.475355763352,2026.205971885952,1965.499407895263,2020.6329345703125,599534,2039.0379101562498,2203.2578558349605,2004.7834042073869,2014.2825018295707,2126.532543303657,1895.934082672906,2011.2333129882813,50.013316064648144,44.00159066182651,17.24597498347682,-10.980086172629399,-8.352723148747453,-2.627363023881946,16.40254264365957,52.965344023345224,24.560630123777948,16.613896758428172,-60.223361861623225,22453875.0,21603875.05,-1.0
2025-10-03,2030.186663701273,2038.148180029513,2008.790088569127,2023.2203369140625,292903,2032.4597045898433,2198.8096069335934,2008.4707907487223,2015.0950322917972,2127.8270122949534,1897.64508243161,2012.7360473632816,50.320603747137106,44.00159066182651,17.24597498347682,-8.979126170677773,-8.478003753133518,-0.5011224175442557,15.54758998072779,51.27911169741957,31.352731965498382,22.894201842944128,-58.960657577064445,22746778.0,21758765.45,-1.0
2025-10-06,2033.07274628592,2050.090463213059,2015.4578184451525,2046.6072998046875,198961,2027.1334472656247,2194.2498968505856,2016.0980925599154,2017.9597838838781,2129.816472373209,1905.0800608299169,2017.4482666015629,53.125531771636105,46.946678630315894,17.24597498347682,-5.443469571940113,-7.871096916894837,2.4276273449547237,14.995906414089715,50.090078345311504,45.78997030927853,33.901110799518285,-47.547350204849,22945739.0,21953170.7,-1.0
2025-10-07,2045.1143997747588,2066.112995177898,2023.618331110241,2063.326416015625,288669,2022.3704687499999,2189.6737664794923,2025.5437572510573,2022.0840231685825,2132.9671558063233,1912.7769359905524,2022.8720458984378,55.07819256978553,46.946678630315894,17.24597498347682,-1.2776157347695971,-6.552400680469789,5.274784945700192,14.804701088463034,49.54754875405048,52.44590301420841,43.1962017629951,-39.38808586601035,23234408.0,22139776.8,-1.0
2025-10-08,2062.0326996431,2073.5769953410927,2013.367907483282,2023.618408203125,395416,2018.381748046875,2184.858790893555,2025.1586874414709,2022.2235127171773,2130.058015201735,1924.0158129232657,2027.0369140625003,49.77484781825241,46.946678630315894,17.24597498347682,-1.1668007791829496,-5.475280700212422,4.308479921029472,14.366368505546754,50.30908726146193,51.728705915268584,49.98819307958517,-58.76639079691979,22838992.0,22324272.9,-1.0
2025-10-09,2023.618423474413,2064.4210729002807,1998.2410903481052,2021.7275390625,516348,2016.703857421875,2180.1189520263674,2024.4724577656768,2022.1784242031158,2129.7719185617298,1928.5215140554576,2029.1467163085938,49.53027455734479,46.946678630315894,17.24597498347682,-1.2175216339817325,-4.623728886966284,3.4062072529845517,13.57806351751627,51.44272263937005,47.004051710775286,50.39288688008409,-59.68917289579767,22322644.0,22437065.5,-1.0
2025-10-10,2037.0535059762103,2093.4808261235,2026.2059156283383,2081.8369140625,892776,2015.4459326171873,2176.3170794677735,2035.9453490250414,2027.6019232812414,2134.9024347432305,1933.233417307551,2034.0679260253908,56.79756733129196,46.946678630315894,17.24597498347682,3.55166455253152,-2.988650199066724,6.540314751598244,13.483053325101247,52.89347724091503,58.049020027283035,52.26059255110897,-30.354591230139217,23215420.0,22578589.4,-1.0
2025-10-13,2079.9460338469344,2094.6748868903787,2041.1336437416564,2086.812744140625,702685,2014.7990576171874,2172.3835919189455,2046.1188280481583,2032.9847251775489,2140.0924422240814,1937.7962418579498,2038.9443420410157,57.34511072771245,49.19449575877636,17.24597498347682,7.64466394076112,-0.8619873711011552,8.506651311862274,13.42031235848918,52.93974623432984,77.06156440321395,60.704878713757424,-12.603275205044506,23918105.0,22741212.9,-1.0
2025-10-14,2089.997718814774,2094.874050534525,2042.1290031813992,2047.5029296875,311350,2013.8934375000001,2168.368002319336,2046.3956483760269,2034.3045619511809,2141.027914292938,1938.9307649062807,2039.9793395996094,51.763563009150815,49.19449575877636,17.24597498347682,7.628485511452027,0.8361072054094814,6.792378306042545,13.366608314557917,52.92583917138669,86.81584218196619,73.97547553748772,-34.71227271221062,23606755.0,22839146.35,-1.0
2025-10-15,2057.6540147653586,2134.681588898576,2057.4547824820124,2125.326904296875,1019818,2015.5852587890627,2164.784574584961,2062.1818995601966,2042.579320346244,2151.674475293737,1935.708324999232,2043.6914001464845,60.05322885439565,49.19449575877636,17.24597498347682,13.737056106770524,3.41629698568169,10.320759121088834,14.163558268131059,55.37246917422165,88.68284769397772,84.18675142638595,-4.783663874170363,24626573.0,22968087.7,1.0
2025-10-16,2135.8758484627347,2203.150761901657,2125.3269845934083,2194.691650390625,1296605,2017.7189453125002,2161.6726177978517,2088.6838497262825,2056.407713986642,2176.88759201526,1922.815667262084,2049.851629638672,65.709673048063,49.19449575877636,17.24597498347682,23.89979565067506,7.512996718680364,16.386798931994697,15.986829792437579,56.97613977640454,89.5515893778601,88.35009308460133,-3.2039178970578397,25923178.0,23140552.7,1.0
2025-10-17,2195.388194629059,2253.109189773432,2171.9016235562462,2225.44287109375,1377946,2020.1352636718755,2158.741038208008,2116.035653999776,2071.7745464509244,2206.3677269828436,1908.1240332710624,2057.245880126953,67.88103212704783,49.19449575877636,17.24597498347682,34.04278246451713,12.818953867847718,21.223828596669414,18.267281674768626,58.70695595074604,99.99999999999999,92.74481235727927,-9.138740441724845,27301124.0,23358782.7,1.0
2025-10-20,2229.1249087551164,2285.950327535979,2220.267819213221,2280.775390625,742740,2024.719106445313,2156.2794366455078,2148.983601324821,2090.774623194022,2241.355312522691,1887.725925270278,2064.5406188964844,71.39144871451012,54.30277797264581,17.24597498347682,46.01560523039598,19.45828414035737,26.557321090038606,20.712374163558742,59.20520969160402,99.99999999999999,96.51719645928668,-1.5420974688459488,28043864.0,23563281.3,1.0
2025-10-21,2298.6889237857004,2313.8157566986183,2268.8332366024924,2282.46728515625,191493,2029.6890820312503,2153.875059204101,2175.680338091107,2108.2012288269516,2275.7488382516017,1872.221095830429,2073.9849670410154,71.49403995311536,54.30277797264581,17.24597498347682,55.00659351122249,26.567946014530396,28.438647496692095,23.23543294413171,58.18930329192701,100.0,99.99999999999999,-9.000000043083345,28235357.0,23801987.75,1.0
2025-10-23,2278.983964478118,2322.672686523342,2259.08017439534,2267.837890625,631108,2035.7975537109378,2151.2221331787105,2194.111848597886,2122.713652626774,2302.2873317028884,1863.1083592150796,2082.697845458984,69.18380268509371,54.30277797264581,17.24597498347682,60.25694210469101,33.30574523256252,26.951196872128484,25.27403318934589,58.57524678021808,96.49386580368027,98.83128860122675,-16.901805047595808,27604249.0,24009138.8,1.0
2025-10-24,2269.0321507307413,2298.8878369245667,2252.611523324137,2276.794677734375,400122,2041.706989746094,2149.0013677978513,2210.6484144251835,2136.721018545647,2329.0202671659576,1863.1161708223233,2096.0682189941404,69.82666887902937,54.30277797264581,17.24597498347682,64.39827581935651,39.52425134992132,24.87402446943519,26.9596864858887,57.69675155309034,93.96337821189563,96.8190813385253,-14.141042157985906,28004371.0,24267633.6,1.0
2025-10-27,2303.8638743747465,2340.6858887816,2295.603752279428,2309.138427734375,949508,2049.10125,2147.529483032226,2230.346417087022,2152.395328471895,2355.514720467293,1871.7419689858316,2113.6283447265623,72.09084898820417,56.006204866467705,17.24597498347682,69.4891552160957,45.5172321231562,23.971923092939498,28.953859048517437,58.13921294552854,93.96337821189562,94.80687407582383,-9.212422320776437,28953879.0,24604220.3,1.0
2025-10-28,2312.8205875830804,2318.791725072537,2264.3549035535607,2285.552490234375,394259,2055.798879394532,2145.7602862548824,2241.3876317164927,2164.5005249957567,2370.8529918193,1890.1406483174187,2130.4968200683593,68.07896721660597,56.006204866467705,17.24597498347682,70.80433744754555,50.57465318803407,20.22968425951148,29.849844612719373,57.87475641506052,91.541942044418,93.15623282273641,-16.099937508010488,28559620.0,24940489.7,1.0
2025-10-29,2301.674424940341,2314.412899691157,2265.3500066003767,2300.181640625,631257,2063.256831054688,2144.5016204833987,2253.1464334981943,2176.8351718711424,2387.977878045597,1904.3045194153399,2146.1411987304687,69.22301637006002,56.006204866467705,17.24597498347682,72.1948615922638,54.89869486888002,17.296166723383784,30.681831208049747,57.24533760618335,89.83519618730398,91.78017214787252,-11.827964197992147,29190877.0,25279007.45,1.0
2025-10-30,2288.935870099213,2300.380549449709,2264.0561323807437,2287.841064453125,475090,2069.1583007812505,2143.5213580322265,2260.0853596891807,2186.9266166513225,2395.4380173836344,1929.6955641593338,2162.566790771484,67.04026393617148,56.006204866467705,17.24597498347682,71.47713669373388,58.214383233850796,13.262753459883086,31.41263300997997,55.75098613923922,81.55308537126889,87.64340786766363,-16.803875871205708,28715787.0,25622079.75,1.0
2025-10-31,2287.841121070973,2327.7483185454685,2271.2215044569825,2276.99365234375,393082,2074.691555175782,2143.0312274169924,2263.4670182200944,2195.114528986998,2403.5353010615713,1947.2343522587423,2175.3848266601567,65.0971801657453,56.006204866467705,30.422507909273953,69.23494172811206,60.418494932703055,8.816446795409007,32.45426586858687,55.80640242132827,76.01221403939729,82.46683186599005,-21.262480082349956,28322705.0,25915521.25,1.0
2025-11-03,2270.027379088232,2318.7916673720206,2270.027379088232,2296.39990234375,340421,2079.979992675782,2143.3228179931643,2270.0535950448257,2204.322290201248,2411.47501154578,1966.6125983175004,2189.0438049316404,66.94312118238295,56.01304688422501,30.422507909273953,68.23731100885743,61.98225814793393,6.255052860923499,33.379517072508136,55.30339426864687,71.8080388793195,76.45777942999523,-14.833349547045371,28663126.0,26211338.65,1.0
2025-11-04,2292.9167972522364,2316.2041362878467,2275.3019902415867,2282.168701171875,401283,2084.7489404296884,2143.2494232177733,2272.476616270236,2211.3992366531234,2416.335424495362,1985.308325504638,2200.821875,64.25915562484843,56.01304688422501,30.422507909273953,65.5428058104444,62.69436768043603,2.8484381300083754,34.23867890472074,54.27473368133352,58.40343400377071,68.7412289741625,-20.660579402542247,28261843.0,26477143.85,1.0
2025-11-06,2288.9359121107086,2301.574770510429,2176.081516934858,2183.147216796875,1250187,2087.551394042969,2142.686145629883,2254.6107363755636,2208.8308712116464,2412.6787214392043,2000.9471086389212,2206.812915039063,49.4137688153582,56.01304688422501,30.422507909273953,54.785649926383485,61.11262412962553,-6.326974203242045,32.133525083675984,59.36177081663621,36.53854236610634,55.583338416398846,-73.15168721654508,27011656.0,26666006.25,1.0
2025-11-07,2183.04787147552,2185.5358453247736,2126.1228354316418,2132.392578125,591444,2089.0202954101565,2141.5867095947265,2230.1671047254513,2201.8819354764964,2402.9263462118097,2021.576900858503,2212.2516235351563,43.82507675743266,56.01304688422501,30.422507909273953,41.68453781631297,57.227006866963016,-15.542469050650048,30.482686899968083,59.365430750671614,11.646617641749454,35.52953133720884,-97.07790199875087,26420212.0,26845067.25,-1.0
2025-11-10,2129.705516415943,2171.50347514934,2120.8484271089114,2157.272216796875,276221,2092.216840820313,2140.3929779052737,2215.588127139736,2197.8265065056216,2389.7855185635394,2048.272196280211,2219.0288574218753,46.99006763890472,49.935095829332326,30.422507909273953,32.9297967943121,52.367564852432835,-19.43776805812074,29.045572241487754,58.74326055708282,3.7324186718739782,17.305859559909923,-83.43149097027232,26696433.0,27063756.7,-1.0
2025-11-11,2160.5565689154078,2174.1906175097024,2125.7249337647672,2148.11669921875,326579,2095.678112792969,2139.051213989258,2202.0938415555393,2193.307433115906,2384.2310352885115,2060.454658070864,2222.3428466796877,45.96377969943699,49.935095829332326,30.422507909273953,24.965046194839488,46.88706112091417,-21.92201492607468,27.64785517415293,58.0091479276437,6.254553835377527,7.211196716333652,-87.59616677596209,26369854.0,27221478.4,-1.0
2025-11-12,2158.964056008479,2199.3688478661625,2157.3718985499204,2183.246826171875,341974,2100.576435546875,2138.1951019287108,2198.3244384788068,2192.39283248463,2377.3799015763893,2076.9491999861107,2227.16455078125,50.43682953267897,49.935095829332326,30.422507909273953,21.2427583174981,41.758200560230954,-20.515442242732853,25.764252084818803,57.526505121912905,14.051678830779126,8.012883779343543,-71.61612102496562,26711828.0,27361164.55,-1.0
2025-11-13,2183.2469127458817,2222.656273676182,2176.5791912644468,2195.48779296875,556709,2105.630012207031,2138.0236810302736,2197.7571093767956,2192.674192528641,2360.062578231617,2109.0650096590075,2234.563793945312,51.93001396366956,49.935095829332326,30.422507909273953,19.06084057041471,37.21872856226771,-18.157887991852995,24.33494473572714,56.70868921404308,19.87727157056987,13.394501412242175,-66.0479313707836,27268537.0,27544253.65,-1.0
2025-11-14,2195.1892003797043,2207.828059315563,2165.532502623694,2185.2373046875,272597,2109.9610791015625,2137.875149536133,2195.2531484389365,2191.99811181581,2354.6586238203813,2120.460004109306,2237.5593139648436,50.556463631683044,49.935095829332326,30.422507909273953,16.316440528806197,33.038270955575406,-16.72183042676921,22.74899617644662,55.67917974817351,25.29334381364629,19.740764738331762,-70.71068912064871,26995940.0,27662722.0,-1.0
2025-11-17,2204.1457385603608,2207.330296345982,2166.6271432526764,2174.091064453125,320144,2113.3984619140624,2138.0224371337895,2191.020731641774,2190.370198419202,2355.562710013233,2117.4958593227043,2236.5292846679686,49.037582728765024,51.98557133562764,30.422507909273953,13.091168448692315,29.04885045419879,-15.957682005506474,21.27632965711471,54.609463558540085,24.337332770575955,23.16931605159737,-74.26647400608246,26675796.0,27700352.9,-1.0
2025-11-18,2171.1054983039044,2174.091066787289,2135.676655114597,2140.45361328125,324330,2116.344221191406,2138.2963629150395,2180.9073079696695,2185.8323270430246,2358.8117066951654,2105.7479368595223,2232.279821777344,44.675482410666724,51.98557133562764,30.422507909273953,7.731729335761429,24.78542623051132,-17.05369689474989,20.334951134706113,53.45267413812237,15.895429812594957,21.842035465605733,-90.52431297270631,26351466.0,27652870.0,-1.0
2025-11-19,2134.6814751989373,2139.358817250658,2100.845032235411,2120.151611328125,368577,2119.699995117188,2138.1443475341803,2168.756168641361,2179.8613528871247,2358.0040462679053,2090.493219357095,2224.2486328125,42.23359777122212,51.98557133562764,30.422507909273953,1.8250947828082644,20.19335994097071,-18.368265158162444,20.17137111676424,52.46381034581641,7.95722240601499,16.063328329728634,-91.49127392261211,25982889.0,27549821.25,-1.0
2025-11-20,2133.686275280676,2142.443991421707,2102.835400964584,2113.58349609375,361185,2122.8746484374997,2137.5783331298835,2157.721634131839,2173.836093178636,2355.285586985788,2076.323299732963,2215.8044433593755,41.44435991079304,51.98557133562764,30.422507909273953,-3.3473613646442573,15.485215679847714,-18.83257704449197,19.933307379905294,51.54558035376687,1.1161084536837227,8.32292022409789,-94.38595003823251,25621704.0,27419138.6,-1.0
2025-11-21,2122.6397592598973,2130.9994975166005,2069.994327633021,2080.841796875,597759,2125.685063476563,2136.595584106446,2142.3456666804714,2165.3820662419416,2355.959265699486,2056.9500116442637,2206.454638671875,37.665674677590346,51.98557133562764,30.422507909273953,-9.973582370957047,10.393456069686762,-20.36703844064381,20.33516721714152,52.22126532018207,0.0,3.024443619899571,-95.64003809150107,25023945.0,27290123.4,-1.0
2025-11-24,2080.8417214511837,2087.211080315832,2026.205912643493,2036.555908203125,741236,2126.8255517578123,2135.1871429443363,2121.187714985002,2153.670597329322,2358.086976367067,2030.7984240235583,2194.4427001953127,33.24983221984317,47.81893201039779,30.422507909273953,-18.584184450913654,4.5979279655666785,-23.182112416480333,21.404195096929193,52.848686916764706,0.0,0.37203615122790756,-96.43101415258154,24282709.0,27104040.3,-1.0
2025-11-25,2036.5560017545365,2089.798523349031,2016.2541098171116,2083.927001953125,471585,2128.8358374023437,2133.8627947998048,2113.735572378627,2147.3302704769403,2344.5740896171815,2021.7901681953194,2183.1821289062505,41.191966227279984,47.81893201039779,30.422507909273953,-21.339706414401917,-0.5895989104270405,-20.750107503974878,22.54029633643065,54.32695310356146,14.17212122871272,4.7240404095709065,-76.28181149883396,24754294.0,26894061.05,-1.0
2025-11-26,2074.9702831749646,2108.5081235711696,2070.5915461907184,2104.228759765625,427311,2131.1347241210933,2132.8409832763673,2111.8342098560265,2143.4119513213664,2331.619501255696,2016.61238350993,2174.115942382813,44.25328826543452,47.81893201039779,30.422507909273953,-21.635890162412124,-4.798857160824057,-16.83703300158807,23.015372179129038,53.15478340905358,33.806933845436646,15.993018358049788,-57.37706993780274,25181605.0,26725160.3,-1.0
2025-11-27,2104.2286046802456,2109.602773818869,2076.6619038212943,2086.2158203125,287748,2132.322980957031,2131.3802935791014,2106.710531947321,2138.212303047833,2313.771490236001,2013.063812498375,2163.417651367188,42.156417403774775,47.81893201039779,30.422507909273953,-23.058309748567808,-8.450747678372807,-14.607562070195002,23.42226503762068,51.71093245109081,49.700043284579976,32.55969945290978,-66.1041777918774,24893857.0,26510309.3,-1.0
2025-11-28,2096.068240281932,2118.758611250234,2084.922165603213,2104.427978515625,293364,2133.3898266601564,2130.4510357666018,2106.254021260982,2135.141000817632,2294.6946969235596,2013.7992972170662,2154.246997070313,44.9943057018558,47.81893201039779,30.422507909273953,-22.457146550593734,-11.252027452816993,-11.205119097776741,23.502681865836085,50.43418339365724,56.48502272914106,46.66399995305255,-57.28055023748796,25187221.0,26333881.0,-1.0
2025-12-01,2112.7873167751686,2117.663648157793,2064.918604451206,2086.414794921875,310613,2133.688381347656,2129.686232299805,2102.2861759931607,2130.7113457361997,2275.6377516392504,2013.7983567591873,2144.718054199219,42.759760607480764,48.81706584407191,27.830132965309105,-23.167176963641396,-13.635057354981875,-9.53211960865952,23.958548796865223,50.59924484458078,53.819938633715786,53.3350015491456,-66.0077763755091,24876608.0,26161576.15,-1.0
2025-12-02,2077.4582457488373,2099.551405804997,2071.4871082760264,2087.609130859375,392005,2133.8894067382807,2129.192619018555,2099.3507669664036,2126.7929625655793,2246.1893926187204,2022.3676386312798,2134.278515625,42.96202358039744,48.81706584407191,27.830132965309105,-23.364180523423784,-15.580881988670258,-7.783298534753525,24.381853804249424,48.98960575060863,55.25748028020595,55.1874805476876,-65.42913130940626,25268613.0,25991850.5,-1.0
2025-12-03,2080.941376616363,2087.609098096451,2047.8015155691176,2057.85302734375,290444,2132.348854980469,2128.9186932373045,2091.051219041873,2120.525695727231,2215.9040601308907,2030.2214037362974,2123.062731933594,39.24157255833821,48.81706584407191,27.830132965309105,-25.625975837623173,-17.589900758460843,-8.03607507916233,25.21830325422629,48.33374928915497,45.840735046246486,51.639384653389406,-78.28571283541106,24978169.0,25827666.8,-1.0
2025-12-04,2068.799991209158,2092.8835286325198,2046.109621906067,2069.59619140625,361891,2131.8691723632815,2129.185653076172,2086.7602135147486,2115.8957407889598,2208.6298106928098,2026.1405506353158,2117.385180664063,41.39839370905061,48.81706584407191,27.830132965309105,-26.169227160427454,-19.305766038854166,-6.8634611215732875,25.79291406525318,48.22233196324767,46.075402816453675,49.05787271430203,-72.08334405340521,25340060.0,25744087.0,-1.0
2025-12-05,2069.994210687367,2106.816223089017,2052.8769994614595,2072.382568359375,494250,2131.445217285156,2129.945230712891,2083.884684483674,2111.9399978408155,2207.4793914170873,2021.2899689344745,2114.384680175781,41.92518053031236,48.81706584407191,27.830132965309105,-26.074351520661367,-20.659483135215606,-5.414868385445761,25.79496549891604,48.630681367841234,53.36724991760852,48.427795926769555,-64.43896307956025,25834310.0,25714791.9,-1.0
2025-12-08,2075.9654235263874,2082.633144989536,1940.719137936749,1965.598876953125,1035902,2130.5694506835935,2129.6934478759767,2060.227522977564,2098.636259578298,2216.8418055416755,1992.7602208255116,2104.8010131835936,30.579977224399173,47.4879819152594,27.830132965309105,-34.22123229660565,-23.371832967493617,-10.849399329112032,27.525122822840544,55.29377605962309,41.82689447829418,47.08984907078545,-87.66649791210219,24798408.0,25619890.65,-1.0
2025-12-09,1960.523404398212,2041.5317362056487,1942.6099925813755,2033.1722412109373,1296198,2132.0741772460938,2130.065897216797,2054.8164666242387,2092.684985181265,2213.505556146986,1984.60202441942,2099.053790283203,41.38869185869738,47.4879819152594,27.830132965309105,-34.82366273814296,-25.66219892162349,-9.161463816519468,29.13169748077044,58.4100594570981,49.617799797502876,48.27064806446852,-54.16870966715941,26094606.0,25606128.25,-1.0
2025-12-10,2031.1818638535767,2039.342369539416,1991.374282004413,2004.6103515625,359878,2133.202724609375,2130.2661791992186,2044.775243611891,2084.678200306832,2204.7901635767907,1975.4537695286776,2090.121966552734,38.64945991633267,47.4879819152594,27.830132965309105,-37.17724288237787,-27.96520771377437,-9.2120351686035,30.62351680599106,57.66420431980559,43.65609158913499,45.03359528831068,-66.42259150296644,25734728.0,25557273.25,-1.0
2025-12-11,2004.2122962850635,2036.9540573851095,1990.379136986388,2025.807861328125,225728,2133.9730004882813,2130.5634924316405,2040.981767155138,2079.3263513087677,2188.311659309029,1974.9642806323775,2081.637969970703,41.731670215023726,47.4879819152594,27.830132965309105,-36.906574206302594,-29.753481012280016,-7.153093194022578,32.021636231283225,56.87211261115674,69.44453537746988,54.239475588035916,-52.207944784494444,25960456.0,25491869.2,-1.0
2025-12-12,2035.162617461272,2071.4870358169374,2028.594390767552,2065.117919921875,481256,2136.0887744140628,2130.700828857422,2045.8089977084855,2078.034675728141,2170.6336268193522,1980.630374645491,2075.6320007324216,47.04486221258979,47.4879819152594,27.830132965309105,-33.13807898302366,-30.430400606428748,-2.707678376594913,32.0471892354025,56.072617030989285,77.78256710008867,63.62773135556451,-30.128538537019,26441712.0,25464157.8,-1.0
2025-12-15,2069.7953021019503,2069.7953021019503,2031.679493238788,2057.85302734375,407293,2136.8331762695316,2130.6552990722657,2048.2178036355385,2076.199980420469,2152.9389841316993,1986.701213622208,2069.8200988769536,46.20630183054259,47.174421832021295,27.830132965309105,-30.387447899986,-30.4218100651402,0.03436216515419943,32.07091702494182,54.78998787614451,90.75743611625245,79.32817953127034,-34.209033970373405,26034419.0,25432088.95,-1.0
2025-12-16,2060.0424211834825,2067.008748211639,2005.4064891946043,2013.8656005859373,237245,2136.6460815429687,2130.8157739257813,2041.3473630256185,2070.5332186173296,2143.17051069236,1983.8108857920154,2063.4906982421876,41.395084691272444,47.174421832021295,27.830132965309105,-31.395067870878847,-30.616461626287933,-0.7786062445909145,32.5506223487382,55.276578671922394,86.86429147441503,85.13476489691871,-58.91559254368559,25797174.0,25404374.35,-1.0
2025-12-17,2015.1592927071747,2026.8029615520336,1995.2555022147003,2005.2073974609373,285130,2135.818083496093,2130.7239678955084,2034.1193699126825,2064.594507603112,2136.7944636346792,1978.6925114629776,2057.7434875488284,40.50115159587647,47.174421832021295,27.830132965309105,-32.51741803615528,-30.996652908261403,-1.520765127893874,33.16191098231366,53.581641576594606,73.61648030657355,83.74606929908033,-63.778673165000946,25512044.0,25380832.1,-1.0
2025-12-18,2005.3068858446663,2017.050170791735,1980.6261371179555,1990.1800537109373,593692,2134.3551562499997,2130.787410888672,2025.3315066723335,2057.829557249278,2131.531607786155,1971.6150230732205,2051.5733154296877,38.929785475587565,47.174421832021295,27.830132965309105,-34.224945809107794,-31.642311488430682,-2.582634320677112,33.96340674764241,52.35609815496495,58.88509619188728,73.12195599095861,-72.0472165469274,24918352.0,25345664.5,-1.0
2025-12-19,1991.6728779917437,2039.7405814393007,1989.184904138,2034.963623046875,628062,2134.5820605468753,2131.3126220703125,2027.257929947242,2055.75083595815,2128.3294348509535,1970.2293786256096,2049.2794067382815,45.692083709057044,47.174421832021295,27.830132965309105,-31.600246130815094,-31.633898416907567,0.033652286092472394,33.83130857551881,52.2274966654175,67.5844160289559,66.69533084247225,-43.259398547705864,25546414.0,25371787.95,-1.0
2025-12-22,2035.1626780485128,2051.583306013207,2016.2540761497733,2020.6329345703125,231349,2134.5601684570315,2131.7808587646487,2025.9329308718561,2052.558299468347,2128.388944416641,1968.5775716966405,2048.483258056641,44.01260321112057,45.82194490904484,27.830132965309105,-30.32692955329412,-31.37250464418488,1.0455750908907575,33.27847665433413,51.020477608132964,74.69338686347773,67.05429969477363,-51.88729738375404,25315065.0,25423405.75,-1.0
2025-12-23,2020.6328686152935,2032.4756484514087,2004.5107251590623,2009.7852783203125,264149,2133.119135742187,2131.864205932617,2022.7034003615477,2048.6698430003435,2124.637616073864,1964.914727676136,2044.776171875,42.732211330627315,45.82194490904484,27.830132965309105,-29.849050915027647,-31.067813898353435,1.2187629833257887,33.01018930765791,49.3736522998625,82.39143811571752,74.88974700271704,-58.41821045790914,25050916.0,25438236.85,-1.0
2025-12-24,2015.2588135880244,2035.063109682373,1992.170464909539,1996.44970703125,296234,2131.311875,2131.852760620117,2017.4526616954881,2043.922557912244,2116.867008884553,1961.9074295920095,2039.3872192382812,41.147431342529465,45.82194490904484,27.830132965309105,-30.198290706794978,-30.893909260041745,0.6956185532467671,33.012315103921466,48.91072319078902,73.19074146182406,76.75852214700643,-66.44699150294507,24754682.0,25416890.7,-1.0
2025-12-26,1996.3502214741716,2009.685785635075,1985.403136510953,1992.966552734375,375373,2130.221147460937,2131.491008911132,2012.5554399032656,2039.2901938051648,2111.559504950012,1957.8900067687382,2034.7247558593751,40.72262097772713,45.82194490904484,27.830132965309105,-30.405630023665253,-30.796253412766447,0.39062338910119365,33.15122967081982,47.15157504316996,66.5301377269601,74.03743910150055,-63.18375058059501,24379309.0,25391163.3,-1.0
2025-12-29,1995.3550133087067,2004.3117191041076,1980.3276756597093,1988.189697265625,197632,2127.4784033203123,2131.1571234130856,2007.6822913757376,2034.644694119752,2100.9850339676195,1956.8406496261305,2028.912841796875,40.111017251528764,43.932794323916454,27.830132965309105,-30.602632146655196,-30.757529159544198,0.15489701288900193,33.385231696266956,45.496751357543424,47.7308185408492,62.48389924321112,-64.63318560083758,24181677.0,25340886.1,-1.0
2025-12-30,1985.4031067102076,1986.0996907859897,1961.5185580580544,1968.186279296875,411451,2122.9482958984377,2131.0046105957026,1999.7830889599652,2028.603020044945,2094.60815766375,1951.3946743674999,2023.001416015625,37.56662879959094,43.932794323916454,27.830132965309105,-32.00394484853746,-31.00681229734285,-0.997132551194607,33.978244660866004,44.152064775402515,26.336896211176565,46.86595082632862,-93.93669770219039,23770226.0,25285567.0,-1.0
2025-12-31,1968.9825012355325,2006.9986929997344,1968.9825012355325,1994.7579345703125,397188,2118.3345971679687,2131.1551330566404,1998.7780580820347,2025.5261940927057,2084.130736417482,1952.586975984862,2018.3588562011719,42.76075743626136,43.932794323916454,26.29650798972615,-30.61744589117916,-30.928939016110114,0.31149312493095493,33.617157715662835,43.770661127363724,24.069873109598966,32.71252928720824,-69.77372317079917,24167414.0,25230507.05,-1.0
2026-01-01,2000.331037501322,2020.1353342587763,1986.9954729546928,2005.6055908203125,279220,2112.8312011718754,2131.0018743896485,2000.1435646296904,2023.7152301588517,2079.0163035234486,1952.4766652265512,2015.746484375,44.78047467538113,43.932794323916454,26.29650798972615,-28.31690067226691,-30.406531347341478,2.0896306750745666,32.75255773487431,43.01131828284371,43.63673401924521,31.34783444667358,-59.909390708377906,24446634.0,25203930.3,-1.0
2026-01-02,2015.258815618768,2061.933107791559,2008.292488848728,2058.549560546875,308290,2108.3528466796884,2131.252413330078,2011.8247638131274,2026.8819874668538,2076.6515296773737,1953.7367759866893,2015.1941528320315,53.41952287930912,43.932794323916454,26.29650798972615,-21.968328905219323,-28.71889085891705,6.750561953697726,30.521562136705377,43.962475332015345,76.97006735257854,48.225558160474236,-10.386109828456036,24754924.0,25174673.5,-1.0
2026-01-05,2060.042461988504,2118.26105330557,2047.8015813747504,2113.981689453125,1387944,2105.2757226562508,2132.0241833496098,2032.256148941127,2034.8001421928784,2088.861716942159,1945.6865008312789,2017.274108886719,60.40427868440121,47.56813709003396,26.29650798972615,-12.322089130478389,-25.43953051322932,13.117441382750933,29.630801323938655,45.85511794621564,92.03653452233976,70.88111196472117,-2.730187397927597,26142868.0,25190101.4,1.0
2026-01-06,2119.7538136720136,2132.6912782625,2096.964069387562,2117.663818359375,419219,2102.0931054687503,2132.792220458985,2049.3376828247765,2042.3332036625598,2105.1326179010525,1944.6220940130104,2024.8773559570316,60.82450562742709,47.56813709003396,26.29650798972615,-4.3303401163741455,-21.217692433858286,16.88735231748414,29.099250363487837,45.1316958696958,99.99999999999999,89.66886729163943,-8.779120811526763,26562087.0,25278285.35,1.0
2026-01-07,2118.6589949739227,2142.643160985181,2087.808118062385,2127.914306640625,566635,2098.468623046875,2133.6115100097663,2065.0530075879465,2050.1133039332926,2122.1726215604926,1937.056296896538,2029.6144592285154,62.03253497464105,47.56813709003396,26.29650798972615,2.798053077982331,-16.414543331490165,19.212596409472496,28.80657860607958,45.8247920877744,99.99999999999999,97.34551150744657,-8.131890481207616,27128722.0,25329991.15,1.0
2026-01-08,2116.469572593192,2155.7795599148003,2077.95578550678,2085.021728515625,441294,2094.4580078125,2133.5642382812507,2069.0467517734824,2053.286797077141,2128.575202402513,1938.694853749831,2033.635028076172,54.46426023458816,47.56813709003396,26.29650798972615,4.929459712273001,-12.145742722737532,17.07520243501053,28.796634989402683,48.11043368207767,89.68867848738437,96.56289282912812,-36.42410505601856,26687428.0,25377626.15,1.0
2026-01-09,2079.9462173465745,2079.9462173465745,1973.06283240736,1981.9200439453125,1790853,2088.0927758789067,2132.980310668946,2051.6214102078484,2046.7989104287926,2129.131494775203,1933.7497796388593,2031.4406372070312,41.391739669213905,47.56813709003396,26.29650798972615,-1.6814467902563592,-10.052883536241298,8.371436745984939,27.41166937837738,52.67103814109105,61.566829852056,83.75183611314678,-89.49789937647763,24896575.0,25324432.1,-1.0
2026-01-12,1985.303712586406,1986.5973861473824,1900.8120931542885,1921.5120849609373,1788932,2080.7661962890625,2131.919688720704,2025.5995451584663,2035.409199022624,2132.110766032595,1916.409924885373,2024.2603454589841,35.9475842021069,43.979907648520786,26.29650798972615,-11.660638677997213,-10.374434564592482,-1.2862041134047306,27.290368317830495,55.036342059091254,28.233496518722674,59.82966828605434,-91.8813203622986,23107643.0,25157728.65,-1.0
2026-01-13,1930.6677599370544,1945.2969979783888,1848.8632261247149,1869.76220703125,2030980,2072.6215673828124,2130.3756518554696,1994.4320775330232,2020.3503815688628,2141.5322978820896,1888.1793110046287,2014.8558044433591,32.05760113760191,43.979907648520786,26.29650798972615,-23.474404479843315,-12.994428547642649,-10.479975932200666,27.826809432827353,57.99330133013288,5.211484698004967,31.670603689594547,-93.19065862397895,21076663.0,24909840.85,-1.0
2026-01-14,1865.9803630786168,1867.373652713001,1841.2001195603127,1862.397705078125,918048,2063.9415234374997,2129.04707397461,1968.0252030420436,2005.991047342432,2151.1524547138047,1863.4123646221321,2007.2824096679685,31.534621998511376,43.979907648520786,26.29650798972615,-33.05017095356379,-17.005577028826877,-16.044593924736915,28.413707282329145,55.89107176876177,0.0,11.148327072242548,-93.26161128205787,20158615.0,24627912.9,-1.0
2026-01-15,1862.397705078125,1862.397705078125,1862.397705078125,1862.397705078125,0,2055.546103515625,2127.7568103027347,1946.89970344926,1992.9371071365858,2157.9464966446603,1842.337353452995,2000.1419250488277,31.534621998511373,43.979907648520786,26.29650798972615,-40.17591196911599,-21.639644016884702,-18.536267952231285,28.95868385686652,51.89885235670736,0.0,1.7371615660016557,-93.26161128205787,20158615.0,24360241.45,-1.0
2026-01-16,1873.2453644535667,1931.364337790511,1866.179421364409,1879.9130859375,1215966,2049.4814208984376,2126.5765161132813,1933.502379946908,1982.662196118487,2161.3515666089693,1827.9055867113427,1994.6285766601559,34.482803523783126,43.979907648520786,26.29650798972615,-43.90367398432363,-26.092450010372488,-17.811223973951144,27.852170796242582,53.11797952497012,3.222276802546299,1.074092267515433,-87.69373919237597,21374581.0,24183052.9,-1.0
2026-01-19,1879.913095554476,1879.913095554476,1775.517685485667,1789.15185546875,2029945,2042.6166064453128,2124.925496826172,1904.6322750512766,1965.0703469685106,2171.2998244579594,1793.37615210454,1982.3379882812499,27.802049330246646,39.6880775748696,26.29650798972615,-53.56417059791306,-31.586794127880605,-21.977376470032457,28.00052861177764,56.78065313524433,3.222276802546299,2.148184535030866,-96.41453143217389,19344636.0,23872964.0,-1.0
2026-01-20,1791.3412406642894,1796.0185830883386,1675.9987442604518,1686.5477294921875,1605449,2033.2021166992192,2123.2000872802737,1861.015365939459,1939.7501090161177,2195.0728436041472,1736.1946124505398,1965.6337280273435,22.49593990450652,39.6880775748696,26.29650798972615,-68.70746237480489,-39.010927777265465,-29.696534597539426,29.057203694136604,61.297737827575936,3.222276802546299,3.2222768025462987,-97.80129073786567,17739187.0,23494170.1,-1.0
2026-01-21,1686.5477083573771,1698.0920045056964,1617.3820335429157,1636.48974609375,2824755,2022.969577636719,2120.7001715087895,1816.1102419703172,1912.180985114084,2218.2116609760487,1675.7262418559817,1946.9689514160152,20.445743323847893,39.6880775748696,26.29650798972615,-83.78210318478318,-47.965162858769006,-35.816940326014176,30.464625926804082,62.684325908662,0.0,2.148184535030866,-96.45100290865078,14914432.0,22987345.9,-1.0
2026-01-22,1647.9344548063034,1661.9666036301528,1595.2889015683445,1612.605224609375,1490676,2011.5567456054691,2118.057694702148,1775.4092384981288,1884.9468250682014,2236.067025507998,1619.4864290818455,1927.7767272949218,19.531111719157664,39.6880775748696,26.29650798972615,-96.54325535449084,-57.680781357913375,-38.862473996577464,31.920182457319243,62.96956706245816,0.0,1.074092267515433,-96.91050639592876,13423756.0,22420799.6,-1.0
2026-01-23,1630.1205327943187,1630.1205327943187,1525.22752671716,1533.7861328125,2461081,1998.3227124023442,2115.436614379883,1727.084617361003,1853.0231257722285,2257.8169921684694,1551.8184204291867,1904.817706298828,16.851981418100713,39.6880775748696,26.29650798972615,-111.72866388886155,-68.49035786410302,-43.23830602475853,33.69951749208831,65.96409842065107,0.0,0.0,-98.64268043797466,10962675.0,21749967.9,-1.0
2026-01-27,1541.4491431490644,1545.1312959502031,1469.0987888074812,1510.5982666015625,5007112,1984.8299316406253,2113.400208129883,1683.787347209115,1821.8935931203496,2272.6801965712107,1489.1960729600391,1880.938134765625,16.150111792801805,29.25559891225319,26.29650798972615,-124.202546923912,-79.63279567606482,-44.56975124784718,35.64502068845422,66.68327047222756,0.0,0.0,-93.9565108649889,5955563.0,20838662.2,-1.0
2026-01-28,1507.7121675349829,1551.799113172315,1502.2386250125787,1542.8424072265625,1957835,1972.2049584960944,2111.2891625976567,1655.5983592126047,1796.5253034936416,2276.82782594343,1442.5140563807886,1859.6709411621093,21.07284851617121,29.25559891225319,26.29650798972615,-129.9879364095052,-89.7038238227529,-40.284112586752315,37.31337139080801,65.46021459276389,4.282784057216616,1.427594685738872,-89.26085868107756,7913398.0,20045820.8,-1.0
2026-01-29,1559.4620723292123,1575.1861162911846,1529.9049903875602,1558.9644775390625,1223856,1960.5751757812507,2109.2649468994146,1636.2715828778964,1774.928864770498,2270.5655340381736,1405.19700258292,1837.8812683105468,23.491474107152506,29.25559891225319,26.29650798972615,-131.7532138857166,-98.11370183534564,-33.63951205037097,38.36925741670499,64.01885111496821,13.977565960475037,6.086783339230551,-85.288357692443,9137254.0,19294312.8,-1.0
2026-01-30,1560.5567436535134,1580.9581298807807,1542.6433313564007,1569.2149658203125,1924460,1949.556442871094,2107.415885009766,1622.8602594663798,1756.227601229572,2257.06603240715,1375.0574417139433,1816.0617370605466,25.063799079565545,29.25559891225319,26.29650798972615,-130.81710214366603,-104.65438189700971,-26.16272024665632,39.22573618954762,62.182847358497625,28.98568939239048,15.748679803360709,-80.65382640118088,11061714.0,18625066.8,-1.0
2026-02-02,1500.6463681846813,1561.3529316021306,1479.249792553941,1552.59521484375,875047,1938.336677246094,2105.149340820313,1608.807250541854,1737.7155661035881,2231.246415441375,1350.2816241094056,1790.7640197753904,24.19557260539169,31.247741958693194,21.37452186743561,-129.91868017701427,-109.70724155301063,-20.211438624003634,40.44273666962949,64.16729920906005,39.331527853989,27.431594402284837,-82.46603527097645,10186667.0,17896653.95,-1.0
2026-02-03,1604.245509153657,1734.7148311659985,1602.4541194211652,1691.22509765625,3763783,1930.544343261719,2103.652077636719,1625.2908199647331,1733.4891598811028,2184.639112613312,1354.6132677577816,1769.6261901855469,42.185832188810174,31.247741958693194,21.37452186743561,-116.67543949243486,-111.10088114089548,-5.57455835153938,38.67743834563407,72.59246471714494,62.970079284063914,43.76243217681446,-51.94833157317478,13950450.0,17287033.05,-1.0
2026-02-04,1694.8078416966866,1713.0198594637675,1652.611779532809,1703.4659423828125,1028678,1923.8825439453126,2102.2617980957034,1640.9258444483492,1730.7597764721672,2130.8197537947376,1367.0128389787003,1748.916296386719,43.46175498888329,31.247741958693194,21.37452186743561,-103.99356884123017,-109.67941868096243,5.685849839732256,37.0382327590669,71.72215151813164,81.29528918548179,61.19896544117823,-49.30032011017651,14979128.0,16707885.1,-1.0
2026-02-05,1711.7260631884697,1713.9154316527954,1641.6646930497166,1681.67138671875,1838089,1915.8374316406248,2100.4958349609383,1649.0749529024295,1726.2971955854928,2064.932685872665,1388.2756149085853,1726.6041503906251,41.69726576347453,31.247741958693194,21.37452186743561,-94.6111154342434,-106.66575803161862,12.05464259737522,35.62833259386784,71.75990773848501,97.84647495973203,80.70394780975924,-54.015046464327256,13141039.0,16008500.95,-1.0
2026-02-06,1686.8463324543716,1719.488599162364,1636.290653366333,1691.623291015625,1446287,1907.5853222656249,2098.5293408203133,1657.5846205250687,1723.1450224427774,2000.276788748539,1413.5916682827112,1706.9342285156251,42.83845731466403,31.247741958693194,21.37452186743561,-85.38811694714695,-102.41022981472429,17.022112867577334,34.23436697362395,72.57691045688117,97.0857521796533,92.0758387749557,-45.83331238627279,14587326.0,15403495.85,-1.0
2026-02-09,1712.7212321769316,1812.6382882635364,1707.0487002801028,1792.7344970703125,3904447,1901.715695800781,2096.782783813477,1684.6145958341176,1729.4713383180078,1964.5021536687505,1430.4477486749997,1697.474951171875,52.92108735474107,37.76822032665584,21.37452186743561,-69.12318583241358,-95.75282101826215,26.62963518584857,31.915879861940923,76.03677379909762,97.0857521796533,97.33932643967954,-5.793741687561016,18491773.0,15083255.75,1.0
2026-02-10,1801.2930422203174,1826.0732857165424,1792.8339312485646,1812.0411376953125,1486492,1895.8679589843748,2095.1665954589853,1710.0999042063568,1736.9776837159445,1943.7428467767618,1440.2599608404262,1692.001403808594,54.568927157999184,37.76822032665584,21.37452186743561,-54.05214669457473,-87.41268615352467,33.360539458949944,29.926964613665216,72.98691771674993,99.23927721992125,97.80359385974262,-3.9308544847685756,19978265.0,14926786.85,1.0
2026-02-11,1812.2401808731288,1846.0766257658724,1804.477653745671,1843.1905517578125,1377672,1891.0034741210936,2094.006204223634,1736.718033716648,1746.633398992478,1938.7175049071993,1442.6281371826453,1690.6728210449223,57.173457560136924,37.76822032665584,21.37452186743561,-39.14352007510524,-77.75885293784079,38.61533286273554,28.327603759478382,70.7449215955679,99.99999999999999,98.77500979985818,-0.7655818791221125,21355937.0,14940750.55,1.0
2026-02-12,1841.1006806373307,1845.6785283033769,1797.809934903426,1812.936767578125,1518515,1885.5100268554688,2092.5149127197274,1751.9617804889435,1752.6609779548096,1929.9416993155698,1446.4578490242745,1688.1997741699222,53.9390535527111,37.76822032665584,21.37452186743561,-29.43029943800161,-68.09314223787295,38.66284279987134,26.744166881583045,69.11089815302383,97.37189970984664,98.87039230992261,-8.79093011279739,19837422.0,14924690.9,1.0
2026-02-13,1779.199933104155,1808.35891414436,1718.7918542909183,1797.909423828125,2052670,1880.311154785156,2091.059447631837,1761.15130915678,1756.7744730342017,1918.5153278112894,1451.435392403555,1684.9753601074221,52.354733345817145,37.76822032665584,21.37452186743561,-22.683600725877568,-59.01123393547388,36.327633209596314,25.458665073409595,70.89904209117975,93.45646722931937,96.942788979722,-12.777197282041774,17784752.0,14805997.75,1.0
2026-02-16,1787.0617767346437,1833.039605558203,1777.4084869608494,1823.8837890625,1100804,1875.3969067382811,2089.42335510254,1773.6978051379242,1762.8753199458652,1907.0515106456187,1457.2962798817257,1682.1738952636722,54.824683823474764,42.83758349668402,21.37452186743561,-15.0671939586407,-50.22242594010725,35.15523198146655,23.914650185473846,69.80847612733503,91.28773767150528,94.03870153689043,-6.049949102428586,18885556.0,14681546.5,1.0
2026-02-17,1821.1969050203509,1842.0958858976337,1806.468050856454,1836.2242431640625,746639,1870.6737402343751,2087.575786132814,1786.203092743152,1769.5434038747921,1915.0343517470874,1454.0206775497882,1684.5275146484378,55.991954161484124,42.83758349668402,21.37452186743561,-7.943794096337797,-41.766699571353364,33.82290547501557,22.351041165799895,67.36700176403822,92.74656458211629,92.49692316098032,-2.685840213907642,19632195.0,14695924.45,1.0
2026-02-18,1841.200105110476,1885.2870494027225,1831.8452993337064,1876.03173828125,1207699,1868.8823974609372,2085.9133215332045,1804.1688218507718,1779.2241615481064,1939.919217806379,1448.0842123694024,1694.0017150878907,59.61679870039646,42.83758349668402,21.37452186743561,0.9032714358559133,-33.232705369911514,34.13597680576743,21.21127347769875,66.37234092867949,96.66199706264356,93.5654331054217,-2.279424108344663,20839894.0,14850959.8,1.0
2026-02-19,1870.9563066964156,1877.922633370285,1797.3122818583652,1815.4246826171875,1845151,1864.5274462890623,2084.5981781005876,1806.419994004055,1782.515118008932,1953.0403444276994,1452.8565794004253,1702.9484619140624,52.523417545783055,42.83758349668402,21.37452186743561,2.9896884643917474,-25.98822660305086,28.97791506744261,19.74356648086542,67.38934168462522,92.15546253296019,93.85467472590668,-17.205900593391476,18994743.0,15054975.35,1.0
2026-02-20,1803.4824217831297,1826.0732970554757,1780.593062540962,1816.91748046875,1044407,1860.7735888671873,2083.093948364259,1808.5194912969941,1785.6426055052789,1964.406512808551,1461.9216366055114,1713.1640747070312,52.672785724643404,42.83758349668402,21.37452186743561,4.7093587459685295,-19.848709533246986,24.558068279215515,18.617900554647036,65.82440545818869,80.40770844272696,89.74172267944357,-24.173128969964928,20039150.0,15385745.05,1.0
2026-02-23,1826.1728687665047,1844.882481355828,1784.7730067739226,1820.8983154296875,1419507,1856.6753979492187,2082.095772705079,1810.995256123533,1788.8476700438614,1968.1949064296607,1486.84446124612,1727.5196838378904,53.09656638020978,43.72053517912234,21.37452186743561,6.3205703452733815,-14.614853557542913,20.935423902816297,17.292581119959316,65.41619610988275,68.27898398854545,80.28071832141086,-25.859303587520543,21458657.0,15910544.15,1.0
2026-02-24,1816.2209713314344,1822.3910980928536,1740.58656375818,1762.18212890625,1923433,1850.616682128906,2080.952299804688,1801.2326306800765,1786.4235299404422,1958.2844739543864,1521.9132799518636,1740.098876953125,46.484906557708946,43.72053517912234,21.37452186743561,2.8269740084401747,-11.126488044346297,13.953462052786472,16.69362897828699,66.5867916973678,50.526728696468425,66.40447370924694,-49.44044269559681,19535224.0,16589527.2,1.0
2026-02-25,1780.7922387938038,1810.2498257350935,1771.4374325500091,1789.15185546875,1078579,1845.2426586914062,2079.2156945800784,1798.8164756378112,1786.6715595339247,1950.609467286351,1554.2192314441177,1752.4143493652343,49.58992909511955,43.72053517912234,21.37452186743561,2.20904083205005,-8.45938226906703,10.66842310111708,16.137459132448406,65.26399920675892,43.523492347629755,54.10973501088121,-38.60907043808087,20613803.0,17224547.45,1.0
2026-02-26,1791.3412239269755,1801.2931196154589,1763.8740161233825,1789.15185546875,652717,1840.7483837890625,2077.7000219726565,1796.8835516039992,1786.8970409825451,1940.3583953903924,1587.4890411330446,1763.9237182617185,49.58992909511955,43.72053517912234,21.37452186743561,1.6997308980460275,-6.427559635644419,8.127290533690447,15.7347896663987,63.2750780842816,30.200516223484566,41.41691242252758,-53.93631303655979,20613803.0,17798374.9,1.0
2026-02-27,1785.3700367945733,1792.1373742675244,1716.7019584563204,1722.673095703125,1247988,1835.0976977539062,2075.768856201172,1782.0414604238244,1781.0585005025978,1924.1029306458117,1619.0903188659067,1771.5966247558592,42.53474940684378,43.72053517912234,21.37452186743561,-4.021820181386602,-5.946411744792856,1.9245915634062545,16.032785331772203,64.14367363620462,21.294702269725725,31.67290361361335,-96.45808700325524,19365815.0,18213579.95,1.0
2026-03-02,1657.6872308563009,1731.8288543893443,1657.6872308563009,1725.1611328125,2408197,1829.7973193359373,2073.701848144532,1770.6653949015597,1775.9769216216796,1895.5569456158787,1664.8928956927152,1780.224920654297,42.86238819013071,40.389371991739885,26.70250226726773,-8.260208292657126,-6.409171054365711,-1.8510372382914149,17.019114537944358,64.85781291455027,8.52097599705857,20.005398163422957,-70.35414949487885,21774012.0,18792947.2,1.0
2026-03-04,1689.8318538875185,1701.7741284732958,1639.077186897964,1685.552490234375,2001315,1822.8090966796876,2071.301450195313,1753.642813968123,1767.756518768288,1896.218909596405,1663.6636709700015,1779.9412902832032,39.045745468937184,40.389371991739885,26.70250226726773,-14.646413106378532,-8.056619464768275,-6.589793641610257,18.137555734296235,66.3739652716921,0.6393432420519367,10.151673836278743,-81.123703630876,19772697.0,19084059.55,1.0
2026-03-05,1689.632900864926,1742.5769374058905,1676.4963256485323,1735.41162109375,1661321,1817.1046704101561,2068.8766711425787,1749.9965753932486,1764.816073525148,1894.2148117170416,1668.8623367204584,1781.53857421875,45.611054978085285,40.389371991739885,26.70250226726773,-15.505572671293976,-9.546410106073417,-5.959162565220559,18.350419717845934,66.35301144923967,11.277770348460834,6.812696529190447,-60.87304009037246,21434018.0,19406804.05,1.0
2026-03-06,1735.4115395583665,1735.4115395583665,1652.213598212763,1659.279541015625,2211721,1810.0945556640622,2066.38023803711,1731.8531685177238,1755.2218432970094,1897.6272402941247,1663.2107235730634,1780.418981933594,38.748125263385006,40.389371991739885,26.70250226726773,-22.075216066889652,-12.052171298236665,-10.023044768652987,18.846063699342015,67.55622655150735,10.638427106408898,7.518513565640555,-91.79466089939007,19222297.0,19710866.95,-1.0
2026-03-09,1602.7527102895942,1644.451175170587,1582.8489200345234,1637.683837890625,2761673,1802.9192382812498,2063.716115722657,1713.0193023923043,1744.5365700782472,1905.5356965204835,1649.9083220342047,1777.7220092773441,37.04534947618728,38.27675920731583,26.70250226726773,-28.69353731196452,-15.380444500982238,-13.313092810982281,20.05302263737081,68.19011186790694,10.638427106408898,10.85154152042621,-81.8690460853421,16460624.0,19804531.85,-1.0
2026-03-10,1655.9953911426676,1680.8751295913253,1641.664637499621,1667.340576171875,1595426,1796.40671875,2061.282379150391,1703.8835571482186,1737.5187524503951,1908.158000009398,1634.7466264554466,1771.4523132324223,40.887104958492785,38.27675920731583,26.70250226726773,-31.186060164593528,-18.541567633704496,-12.644492530889032,20.462796297405067,66.4044818559636,5.67347336915788,8.983442527325224,-72.06316005397309,18056050.0,19782745.7,-1.0
2026-03-11,1679.8799900427412,1689.83188571835,1636.390254533572,1643.157470703125,1099518,1789.50607421875,2058.638658447266,1691.7383398592,1728.9404541097342,1909.659267718966,1616.3569920466598,1763.008129882813,38.80745412803612,38.27675920731583,26.70250226726773,-34.712631380945595,-21.775780383152718,-12.936850997792877,20.672150689255922,65.47856395087891,9.332810980723947,8.548237152096908,-79.56153057931763,16956532.0,19631659.05,-1.0
2026-03-12,1631.0161616546052,1641.664641141011,1592.9003536734772,1608.52490234375,762875,1782.3128466796875,2055.500826416016,1675.0956523561103,1717.993585767372,1908.1110613749438,1594.4386334492756,1751.2748474121097,35.98466256407482,38.27675920731583,26.70250226726773,-39.84274099073332,-25.38917250466884,-14.45356848606448,21.362207236473566,64.39131774221954,9.332810980723947,8.113031776868592,-90.20126193768638,16193657.0,19373545.05,-1.0
2026-03-13,1593.2984606712505,1598.2744083935218,1559.462016159806,1569.81201171875,958388,1773.8139282226564,2052.1758972167972,1654.0389242286383,1704.5225335811335,1912.6331632584981,1565.6040559797837,1739.118609619141,33.08743662803006,38.27675920731583,26.70250226726773,-46.49621710534484,-29.610581424804042,-16.885635680540798,22.350169875630783,63.296429773771294,3.659337611566067,7.4416531910046535,-96.37377244416027,15235269.0,19143437.4,-1.0
2026-03-16,1570.4091397798975,1585.3369833139272,1535.5775048671624,1552.4957275390625,841218,1764.7517309570312,2048.831561889649,1633.7302848907232,1690.7019148500362,1916.7897567352281,1536.9060928741476,1726.8479248046879,31.852095977332883,35.45791532063775,26.70250226726773,-52.56053910001174,-34.20057295984559,-18.35996614016615,23.503348737900883,62.329504678985124,0.0,4.330716197430005,-94.10131769501339,14394051.0,18973902.35,-1.0
2026-03-17,1548.514927145396,1588.5214981352192,1540.0558160395249,1576.5792236328125,509336,1755.1123242187498,2045.5713208007817,1622.3000726391413,1680.3271247393795,1909.9453158707329,1519.0200771956738,1714.4826965332034,35.46115755967278,35.45791532063775,26.70250226726773,-54.791617451887305,-38.318781858253935,-16.47283559363337,24.502332169618196,61.3392316373215,6.782229370735813,3.4805223274339596,-85.07249706264916,14903387.0,18774793.9,-1.0
2026-03-18,1577.375441474009,1657.9857952654252,1575.385062368048,1635.096435546875,824188,1745.5346191406247,2042.5817712402347,1624.859345220688,1676.2152439036972,1894.1270807307576,1514.7255315739305,1704.426306152344,43.31621569564093,35.45791532063775,26.70250226726773,-51.24716771788303,-40.90445903017976,-10.342708687703272,23.999013070136783,62.85791029875404,28.32585994872406,11.702696439819956,-62.54682632257664,15727575.0,18579562.9,-1.0
2026-03-19,1604.2455449761983,1604.3450396339815,1532.890503262494,1544.6336669921875,888321,1734.074016113281,2038.9518170166018,1608.8142095749881,1664.2532823662873,1872.2640474347015,1503.4487577410803,1687.856402587891,36.017971164074154,35.45791532063775,26.70250226726773,-55.10256706776522,-43.744080637696854,-11.358486430068368,24.048049705490126,65.6684832977274,38.41837539390529,24.50882157112172,-95.47027754504094,14839254.0,18279530.9,-1.0
2026-03-20,1557.3722085808026,1596.7816919189531,1536.2741164521235,1542.0462646484375,966056,1722.3566552734374,2035.2949938964846,1595.460620589678,1653.1435534828465,1859.30735454911,1489.0676088297967,1674.1874816894533,35.832011877244355,35.45791532063775,26.70250226726773,-57.7016320779403,-46.535590925745545,-11.166041152194758,24.093583724032513,65.29984702409186,41.278144616458974,36.007459986362775,-95.63359383579278,13873198.0,18023453.65,-1.0
2026-03-23,1520.35108517192,1520.6496906415964,1478.851727940715,1489.997802734375,1991822,1710.4561767578125,2031.4804321289066,1574.3680570186175,1638.3121215966219,1847.5724187926687,1468.1105768128002,1657.8414978027345,32.227444771932056,34.60615421369333,26.70250226726773,-63.23238217218591,-49.87494917503362,-13.357432997152287,24.78515582496212,65.14946771577976,20.643858014708673,33.44679267502431,-95.77360282838949,11881376.0,17615564.95,-1.0
2026-03-24,1517.6640397579165,1554.4860525258134,1510.9963184715634,1533.0894775390625,715587,1701.4795654296875,2027.6414886474613,1566.1123411227068,1628.746426682298,1824.572417216529,1462.329694599877,1643.451055908203,37.80575046900082,34.60615421369333,26.70250226726773,-63.4074814676203,-52.58145563355096,-10.826025834069341,24.747541152383306,65.1022378640411,24.975046405799652,28.96568301232243,-79.43399127131622,12596963.0,17172480.25,-1.0
2026-03-25,1549.510170432744,1595.8859803957034,1549.510170432744,1557.3721923828125,843509,1694.1967675781248,2023.1526867675786,1564.364311374728,1622.2578599277992,1809.152324732504,1457.2687934315582,1633.210559082031,40.76457044368203,34.60615421369333,26.70250226726773,-60.88499247830123,-54.242163002501016,-6.642829475800212,23.951919533114676,64.93754250636967,41.24715979942545,28.95535473997792,-69.39486977831282,13440472.0,16867742.65,-1.0
2026-03-27,1535.7764305685992,1540.553388894845,1489.5001175300913,1497.959228515625,1684671,1686.7607080078121,2018.3653271484377,1551.0832948029076,1610.9579843448741,1788.3405673260636,1448.961288142686,1618.6509277343748,36.22378669424148,34.60615421369333,26.70250226726773,-62.95433306606583,-55.98459701521398,-6.96973605085185,23.941292846896044,65.1471519596805,53.04904245703324,39.75708288741944,-90.94346085613954,11755801.0,16424842.55,-1.0
2026-03-30,1481.8372182937037,1505.3236670338415,1458.94785897822,1464.222412109375,1403012,1678.797202148437,2013.4555590820316,1533.711118264201,1597.6183868689195,1765.449730776351,1439.3591803564611,1602.404455566406,33.91368800975041,33.24074877492946,26.70250226726773,-66.54943901690899,-58.097565415552985,-8.451873601356006,24.2621561922819,63.806341680819145,44.61967016146998,46.30529080597622,-97.71549673417132,10352789.0,15911791.85,-1.0
2026-04-01,1509.5035588938586,1530.9996288894945,1491.888630958956,1500.8453369140625,1101747,1671.5661547851557,2008.7801593017582,1527.1379619941733,1588.8208368730234,1750.0330789358427,1432.5930563180632,1591.313067626953,38.498838690895745,33.24074877492946,23.779827523832488,-65.6862324239828,-59.61529881723895,-6.07093360674385,24.08187506894452,64.01854704505489,38.031777360688125,45.23349665973044,-81.85345321311466,11454536.0,15516227.9,-1.0
2026-04-02,1472.8805209843902,1509.503544693998,1427.1018020889294,1501.04443359375,1187230,1663.9887817382805,2004.3993353271487,1521.9192563140887,1580.8411638476348,1730.463935871823,1429.750529460208,1580.1072326660155,38.52381019571544,33.24074877492946,23.779827523832488,-64.24548755280966,-60.541336564353095,-3.7041509884565684,24.608080627861515,65.33163244219872,44.71937762420379,42.456941715453965,-67.97411960546945,12641766.0,15059615.6,-1.0
2026-04-06,1509.702500380916,1584.3417143087793,1486.6141521324685,1577.0767822265625,2223294,1659.747280273437,2000.3324926757814,1532.9507614965835,1580.4989473366284,1716.6145193205857,1432.7523752106645,1574.683447265625,47.3205492289106,33.43866805896647,23.779827523832488,-56.31929794738903,-59.69692884096028,3.3776308935712507,23.841235899789343,67.64562742320673,72.05837941682815,51.60317813390668,-35.04314522878725,14865060.0,14814233.75,-1.0
2026-04-07,1556.6753939173489,1604.046512113609,1538.4634986458816,1597.2791748046875,893011,1657.961909179687,1996.2054412841799,1545.8164441582044,1582.0244225609972,1688.6586995880427,1446.8949503143015,1567.776824951172,49.39268012854856,33.43866805896647,23.779827523832488,-47.8559181027515,-57.32872669331853,9.472808590567027,22.832041917065727,67.49829785495821,86.06549356402806,67.61441686835333,-26.293126528841437,15758071.0,14530436.4,-1.0
2026-04-08,1689.83184917955,1714.7115878306035,1665.4497053015175,1694.0115966796875,1332784,1659.1123461914058,1992.4560644531252,1575.455474662501,1592.2050747536055,1696.7605440796028,1442.2663113891476,1569.5134277343752,57.926419247084574,33.43866805896647,23.779827523832488,-32.96315188569679,-52.455611731794185,19.492459846097397,21.925525599437403,71.06502036716948,99.99999999999999,86.04129099361873,-7.1972485558987165,17090855.0,14423864.3,1.0
2026-04-09,1694.0115934227356,1709.3375366989385,1662.7627389235715,1687.3438720703125,784426,1660.6071191406247,1988.6449859619142,1597.8331541440634,1600.8540563278516,1706.5715415384138,1437.4213173483058,1571.9964294433598,57.21029156537474,33.43866805896647,23.779827523832488,-21.451280010567416,-46.25474538754883,24.803465376981414,21.046710829254828,69.3157187534693,99.07113325682542,95.04554227361781,-9.51557183275823,16306429.0,14416154.55,1.0
2026-04-10,1729.6393723658698,1742.676330680294,1697.3952078709458,1708.2427978515625,2202543,1664.096252441406,1985.3429467773437,1619.9150828855634,1610.6166691936435,1715.7704186753967,1432.3126623792919,1574.0415405273443,58.92436360988042,33.43866805896647,23.779827523832488,-10.520397367895612,-39.107875783618184,28.587478415722572,20.61284733180031,68.31691445750589,99.07113325682542,99.38075550455027,-10.91137899577419,18508972.0,14438800.65,1.0
2026-04-13,1687.7420090448406,1714.6121273231602,1633.106077582304,1698.589599609375,915224,1667.8560791015623,1981.7343896484376,1635.6499862303258,1618.6142083223463,1726.1944513419119,1427.4318426034017,1576.8131469726568,57.77317125503674,45.19080951771897,23.779827523832488,-2.606480657282873,-31.80759675835112,29.201116101068248,19.31086292792326,69.25899554917378,97.63377343535254,98.59201331633444,-13.970307194218034,17593748.0,14470661.45,1.0
2026-04-15,1729.639389049285,1745.7614107107063,1711.6264829996487,1731.5302734375,986674,1671.629836425781,1978.4442919921878,1654.8260436717605,1628.8793051509965,1747.2291916204358,1418.6976394342523,1582.963415527344,60.60179612933065,45.19080951771897,23.779827523832488,6.251330981563569,-24.195811210368184,30.447142191931754,18.478670737891196,67.68133951718502,98.5626401785271,98.42251562356834,-4.465936971038431,18580422.0,14589999.7,1.0
2026-04-16,1741.5817312565594,1768.8499495168537,1717.6971817993265,1738.9942626953125,968573,1675.230432128906,1975.203457641602,1671.659687476471,1638.8897558368435,1769.666564706031,1413.1784914463135,1591.4225280761723,61.23543959823358,45.19080951771897,23.779827523832488,13.715389602575897,-16.61357104777937,30.328960650355267,17.978672755541144,66.5007272457809,98.5626401785271,98.25301793080224,-8.736166398045464,19548995.0,14805686.0,1.0
2026-04-17,1738.596191931061,1760.4903626365467,1726.156322212035,1750.3394775390625,676260,1678.8529223632809,1971.9964599609377,1687.3956454889894,1649.0215487188634,1791.9889444410853,1410.6404867112594,1601.3147155761724,62.229800903999404,45.19080951771897,23.779827523832488,20.312029425918126,-9.228450953039872,29.540480378957998,17.514388914787524,64.20310675854738,99.99999999999999,99.04176011901806,-5.416407409112622,20225255.0,15097246.2,1.0
2026-04-20,1756.4100438506237,1766.1628284550302,1723.270183567686,1751.2349853515625,768843,1682.825717773437,1968.852157592774,1700.1635134615042,1658.3136793218362,1811.6375793110064,1408.4574280132133,1610.0475036621099,62.31197861274173,47.229414688244994,23.779827523832488,25.320297381659884,-2.3187012860999205,27.638998667759804,17.156903156765576,62.680930910604296,99.99999999999999,99.52088005950903,-5.154370052293045,20994098.0,15401781.75,1.0
2026-04-21,1761.6844937208618,1828.0637096297876,1761.6844937208618,1796.317138671875,1578436,1684.9275585937496,1966.0790618896488,1719.3942385035784,1670.8594483536579,1836.1391863660967,1400.077891270623,1618.1085388183599,66.28849561403756,47.229414688244994,23.779827523832488,32.55190077559473,4.6554191262390106,27.89648164935572,17.577266949059172,63.69148757972007,99.99999999999999,99.99999999999999,-7.917602735037265,22572534.0,15744029.7,1.0
2026-04-22,1801.6911713405152,1840.105463369511,1786.9623175239828,1823.38623046875,1104833,1687.3259643554684,1963.5368499755864,1740.1926368966128,1684.7255194550298,1865.400516855273,1398.6918171291027,1632.0461669921879,68.4416144493623,47.229414688244994,23.779827523832488,40.00608282842154,11.725551866675517,28.280530961746024,18.10282866962894,62.93803459870636,99.99999999999999,99.99999999999999,-4.048204524124655,23677367.0,16185935.35,1.0
2026-04-23,1820.3012198390973,1824.2819781227029,1771.8355363294409,1782.384521484375,760833,1689.340227050781,1960.9319415283207,1748.6310138141655,1693.6036105486066,1882.5986181217884,1405.5275415461808,1644.0630798339846,61.98386114713511,47.229414688244994,23.779827523832488,42.11955257671548,17.80435200868351,24.31520056803197,18.30343609365213,62.188635112603194,92.80500528773483,97.60166842924494,-13.975891086815862,22916534.0,16638102.15,1.0
2026-04-24,1786.962345553517,1823.1872697513093,1751.3346322768398,1760.888427734375,811597,1690.7255297851564,1958.340468139649,1751.0824965982074,1699.7204121109492,1889.993035096187,1425.222187071782,1657.6076110839845,58.848833771955015,47.229414688244994,23.779827523832488,41.580621937040405,22.55960599435489,19.021015942685516,18.10196407699082,62.878920995593646,77.66564784642782,90.1568843780542,-22.409896118214622,22104937.0,17149280.2,1.0
2026-04-27,1775.418187315237,1833.5372823176924,1769.5465445740203,1819.405517578125,1096981,1691.2589501953128,1956.1614996337894,1764.747100794191,1710.600876244329,1907.2682366370823,1436.5785895347926,1671.9234130859375,64.16264919393069,47.753835871987164,23.779827523832488,45.35255954947979,27.118196705379873,18.23436284409992,18.058732605972928,63.576773394716774,70.17797568698279,80.21620960704848,-6.862422412064484,23201918.0,17679527.95,1.0
2026-04-28,1820.500339873376,1836.3237569444532,1811.245028223826,1815.8228759765625,558117,1691.3345849609377,1953.776030273438,1774.9622558306655,1720.1665125836228,1922.0819473879321,1447.6099471433179,1684.845947265625,63.620985116083304,47.753835871987164,23.779827523832488,47.505148268508265,31.195587018005554,16.30956125050271,18.059022845542053,60.82691306085323,63.06587175179256,70.30316509506773,-11.730753354945067,22643801.0,18139694.4,1.0
2026-04-29,1822.192071139139,1874.7381281191329,1822.192071139139,1853.341552734375,860344,1691.537604980469,1951.603034667969,1790.6381152114077,1732.2733344155092,1934.0789005658391,1471.1512263872858,1702.6150634765625,66.78348584154159,47.753835871987164,23.779827523832488,51.64322306588042,35.28511422758053,16.35810883829989,18.600356747893084,60.690365852404454,73.28408551617588,68.84264431831707,-8.855023717764887,23504145.0,18727111.6,1.0
2026-04-30,1854.2371337641937,1854.2371337641937,1806.7666404948047,1826.371826171875,1161254,1691.8063061523437,1949.238464355469,1797.7848574035013,1740.827742756997,1929.1809019086652,1512.2641664507098,1720.7225341796875,62.57256233167745,47.753835871987164,34.58433707886095,52.14534652247244,38.65716068655891,13.488185835913526,18.758045651521797,59.74608923933192,62.43402394765286,66.26132707187375,-20.016509333014156,22342891.0,19326616.7,1.0
2026-05-04,1845.977098261409,1942.5104834436747,1841.2996345431316,1890.6611328125,2895216,1693.6613403320314,1947.4705102539067,1816.3601124853012,1754.4489600347697,1934.525097490859,1545.90155045836,1740.2133239746095,67.78678136982572,51.008566945124905,34.58433707886095,57.072990825636225,42.34032671437437,14.732664111261855,19.987882089317573,63.774129813079625,74.69510998386838,70.13773981589904,-16.757793246941,25238107.0,20015795.25,1.0
2026-05-05,1910.7639800359216,1910.7639800359216,1796.715279274148,1800.7955322265625,2804012,1693.1995751953127,1945.247754516602,1813.2471964335537,1758.6622847794781,1915.0178598085754,1595.3838980039245,1755.20087890625,56.03512815165385,51.008566945124905,34.58433707886095,53.11451049418679,44.495163470336855,8.619347023849933,20.213501170273272,67.36517059512919,46.28292032745874,61.137351419659986,-61.37928611102208,22434095.0,20505411.7,1.0
2026-05-06,1810.3493020284789,1861.004474865557,1803.980064555848,1858.2178955078125,895277,1693.6394482421877,1943.5604101562503,1822.2413362484053,1767.7127948456903,1911.6098082312258,1626.9060609093992,1769.2579345703125,60.72096369788246,51.008566945124905,34.58433707886095,53.98854479261877,46.39383973479324,7.594705057825529,20.423004602589277,66.85401145540528,43.87706728365379,54.95169919832696,-37.494484231725764,23329372.0,20928627.3,1.0
2026-05-07,1861.0045043075172,1880.9082957974372,1826.7699586482347,1869.5631103515625,923911,1693.510075683594,1941.678009643555,1831.7056910690367,1776.9719144371331,1906.8685430871747,1658.8757196081383,1782.8721313476565,61.591966688315985,51.008566945124905,34.58433707886095,54.96310681120349,48.10769315007529,6.855413661128196,20.87321583930276,65.94574900496224,27.519674889154878,39.2265541667558,-33.27279388569265,24253283.0,21353387.9,1.0
2026-05-08,1860.905005379175,1880.11209123304,1838.1151398788588,1864.587158203125,760692,1694.493325195313,1939.7070367431645,1838.2819844958544,1784.9369365976777,1913.1064409967485,1669.6953778509082,1791.4009094238284,60.95354745458782,51.008566945124905,34.58433707886095,54.70335030895217,49.426824581850674,5.276525727101493,21.291269130536705,64.23512060133503,40.734319726031934,37.377020632946866,-35.542427776565866,23492591.0,21673474.7,1.0
2026-05-11,1853.1424813973408,1853.1424813973408,1775.4181999667187,1785.668701171875,859489,1693.8683496093754,1937.244938354493,1827.7593278310585,1785.0034606498773,1907.8422016981679,1684.7921000596455,1796.3171508789067,51.7854948750376,52.854402283867714,34.58433707886095,47.580947926530825,49.05764925078671,-1.4767013242558846,20.36325414126659,66.01610900384011,28.14457316447161,32.13285592655281,-82.04058269625664,22633102.0,21989808.35,1.0
2026-05-12,1779.3989028071824,1783.1806716636586,1701.7741184565334,1704.16259765625,844360,1691.5336352539068,1934.136961059571,1803.039981796097,1777.6542912868201,1908.3293449508715,1683.8969367874106,1796.113140869141,44.3638002654904,52.854402283867714,34.58433707886095,34.956573723370184,46.2374341453034,-11.28086042193322,19.51774533989268,67.29314284037594,13.214644836877056,27.364512575793533,-99.00784445264671,21788742.0,22153796.85,1.0
2026-05-13,1701.7741438202168,1747.9509635982745,1687.8414900111625,1722.2750244140625,741800,1690.7354931640627,1930.9782299804695,1786.8869903196903,1772.6198124802056,1905.6121965911318,1688.9826276276187,1797.2974121093753,46.20872223982167,52.854402283867714,34.58433707886095,26.112182693330396,42.21238385490881,-16.10020116157841,18.933100557486263,66.78002360799994,2.625515465791553,14.661577822380073,-86.47910217149189,22530542.0,22400636.55,1.0
2026-05-14,1731.6298650670608,1740.088976476871,1680.0789963528578,1725.1611328125,748162,1689.455678710938,1927.6423559570317,1774.5418188182523,1768.3053870558686,1906.1420272190483,1687.8158829372026,1796.9789550781254,46.51308309154363,52.854402283867714,34.58433707886095,19.115472639546624,37.59300161183637,-18.477528972289747,18.50470082229955,66.29644907342946,5.684168015153887,7.174776105940831,-82.8213691278436,23278704.0,22635550.65,1.0
2026-05-15,1731.629803558733,1732.5254984434005,1696.7981695791034,1705.8543701171875,399861,1687.7897290039068,1924.4109747314455,1760.8043290780395,1762.6280218796248,1909.0994814239423,1681.5444394744957,1795.321960449219,44.69136144697028,52.854402283867714,34.58433707886095,11.875738990494028,32.4495490875679,-20.573810097073874,18.106901068197605,64.11294048706286,6.1503215760816365,4.820001685675692,-90.17824650156788,22878843.0,22802043.05,1.0
2026-05-18,1674.1078579693683,1688.737217642294,1636.390270184549,1678.188232421875,642157,1686.9000317382815,1921.237315063477,1744.2811097468066,1754.9516773834657,1915.6217376728462,1667.807058713873,1791.7143981933596,42.14413367752755,45.23139272861265,34.58433707886095,3.8612615975589506,26.731891589566114,-22.870629992007164,18.60978997812804,64.49516616174682,3.524806110290084,5.1197652338418695,-86.34589928174896,22236686.0,22902614.6,-1.0
2026-05-19,1681.7708596115026,1735.6105904427216,1678.2876961559125,1707.148193359375,497935,1686.539772949219,1918.2656793212893,1736.8545264693203,1750.6059061085484,1917.9358016802767,1661.0843155072234,1789.51005859375,45.6369982394947,45.23139272861265,34.58433707886095,-0.15169402408605492,21.35517446683568,-21.506868490921736,18.138944062792717,63.98996558025395,5.006590263460932,4.89390598327755,-76.88557628341566,22734621.0,22989640.75,-1.0
2026-05-20,1675.7996778509394,1726.65383865832,1668.2362617015626,1711.12890625,430897,1687.0513012695315,1915.7060516357424,1731.7094024254563,1747.0170879395894,1918.2935617120556,1652.207732233257,1785.2506469726563,46.118526054947125,45.23139272861265,34.58433707886095,-2.9764691207201395,16.488845749324515,-19.465314870044654,17.85038492693409,63.591937821432765,9.706819967775191,6.079405447175402,-75.58520057537464,23165518.0,23019289.95,-1.0
2026-05-21,1731.6298631953691,1754.4197287949632,1708.9394922568094,1728.5447998046875,760318,1686.91396484375,1913.8206652832034,1731.0764819013027,1745.3377890182346,1914.5851184227058,1646.4320324562004,1780.5085754394531,48.27711658559428,45.23139272861265,34.58433707886095,-3.766390076732023,12.437798584113208,-16.204188660845233,17.04663777330778,62.29824487262713,17.679193415920572,10.797534549052232,-69.89596713036028,23925836.0,23031713.4,-1.0
2026-05-22,1734.9139602764362,1743.4725659577182,1701.8735949137497,1724.56396484375,414841,1688.2196533203123,1911.719819335938,1729.7739784897922,1743.4492595478268,1913.9975017523689,1641.2375934624752,1777.617547607422,47.80567987961739,45.23139272861265,34.58433707886095,-4.659911676454385,9.01825653199969,-13.678168208454075,16.41837715638575,60.81972531343723,22.84257341274093,16.742862265478898,-67.86365038145806,23510995.0,23061436.45,-1.0
2026-05-25,1751.3346621740238,1761.983142030217,1741.581755748591,1758.798583984375,352723,1690.6419482421875,1909.918029785157,1735.5788995887087,1744.844652678422,1913.9501687976463,1641.0759420421978,1777.513055419922,52.13460184652688,46.216039578855735,34.58433707886095,-2.575893036227626,6.699426618354226,-9.275319654581853,15.46727539125578,59.148257590082224,34.79972290554835,25.10716324473662,-49.93894070058531,23863718.0,23149375.5,-1.0
2026-05-26,1768.451776469154,1782.1854404339592,1743.6715331325338,1751.7325439453125,393643,1692.3297875976561,1908.2127728271491,1738.8096284600294,1745.4708246117757,1909.5448166331432,1638.7139968434196,1774.1294067382814,51.190879198441785,46.216039578855735,34.58433707886095,-1.4774327025706953,5.064054754169243,-6.541487456739938,14.530680511246201,57.67437542660674,42.33335384684775,33.325216721712344,-52.82872357910781,23470075.0,23162783.35,-1.0
2026-05-27,1749.543196313512,1803.58203646524,1744.2686432035146,1779.9959716796875,556467,1695.0665576171873,1906.9090734863287,1747.046897103961,1748.609474345222,1906.372013019029,1638.3041100278465,1772.3380615234378,54.721444889494116,46.216039578855735,34.58433707886095,1.6546536197326986,4.382174527281935,-2.727520907549236,14.058125857396902,57.79144812911521,54.91857347976187,44.017216744052654,-41.07802868149151,24026542.0,23231920.4,-1.0
2026-05-29,1803.781069516576,1825.9738451995925,1741.5817222918663,1754.2205810546875,2150631,1697.9804711914062,1905.2401397705084,1748.4816338941064,1749.1195749551734,1896.026488254437,1638.7375376244695,1767.3820129394533,51.091835225148714,46.216039578855735,34.58433707886095,2.033554436411805,3.9124505091079085,-1.8788960726961035,14.015968594586127,59.69149632758742,61.50891034197477,52.92027922286146,-45.63824276078038,21875911.0,23150508.7,-1.0
2026-06-01,1776.413325304503,1784.9719310345604,1700.5799311032304,1705.953857421875,539239,1700.7033081054688,1903.2467742919928,1739.9760785996602,1745.1954188157827,1889.6521083633772,1633.070120640529,1761.3611145019531,45.06402472931,47.8174977487078,33.56353042150399,-1.5430972868862227,2.8213409499090822,-4.364438236795305,13.115461364469345,61.455818013569036,53.741420177532085,56.722967999756236,-63.307165596067016,21336672.0,23100197.75,-1.0
2026-06-02,1692.817436451068,1728.6442605029424,1665.5492182927435,1712.2236328125,831566,1703.8978662109375,1901.5499761962897,1734.425589442228,1742.1979837245751,1866.9471119544912,1637.931367049415,1752.4392395019531,45.95598303860609,47.8174977487078,33.56353042150399,-3.8275791211362957,1.491556935700007,-5.319136056836303,12.723220320439733,61.57290545618545,41.55483286858137,52.2683877960294,-60.00003554003369,22168238.0,22946704.3,-1.0
2026-06-03,1721.677971965932,1721.677971965932,1657.4882441093987,1696.5992431640625,689274,1706.2982666015625,1899.8631298828132,1726.860320186595,1738.0526436736193,1861.9548931219722,1632.5039569756848,1747.2294250488285,44.037126734145225,47.8174977487078,33.56353042150399,-6.820186238203405,-0.17079169908067549,-6.64939453912273,12.501500004921425,61.75982134192459,22.857915400531574,39.384722815548336,-68.2414613319029,21478964.0,22898947.75,-1.0
2026-06-04,1689.931305502441,1713.9153487213732,1674.9039679947111,1686.149658203125,419328,1707.3193310546874,1898.4818066406256,1718.7181877899009,1733.334190449029,1843.708542449632,1633.5434839175562,1738.626013183594,42.75144965239225,47.8174977487078,33.56353042150399,-9.920683648878594,-2.1207700890402594,-7.799913559838334,12.295616854797283,60.1349327265487,16.72895551410405,27.047234594405666,-73.7533232957404,21059636.0,22785460.95,-1.0
2026-06-05,1696.798223274263,1730.6346687823711,1687.0453168580964,1700.0823974609375,639417,1710.428305664062,1897.0756042480477,1714.9910297241083,1730.311300177384,1816.426943831489,1643.8770112466364,1730.1519775390627,45.05482462055995,47.8174977487078,33.56353042150399,-11.125348475435203,-3.921685766319248,-7.203662709115955,11.717753987554094,59.01708114459852,14.340637897673322,17.975836270769648,-66.40419547350847,21699053.0,22657749.45,-1.0
2026-06-08,1682.8655493536714,1686.846307601699,1630.1205025673055,1646.640625,506107,1712.5201928710933,1895.6116802978524,1701.3209487792867,1722.704875161258,1787.1280628154586,1651.3812389423547,1719.2546508789067,38.63389802050532,45.17319948927143,33.56353042150399,-16.20555093215171,-6.378458799485741,-9.827092132665967,12.230228532548866,59.798853555243774,9.323685745460786,13.464426385746052,-91.56505464207936,21192946.0,22542767.2,-1.0
2026-06-09,1649.5266262282948,1679.8799065299315,1648.0338419511652,1676.19775390625,351928,1716.244191894531,1894.2393139648448,1696.2963098046796,1718.4769550471663,1776.5692621602245,1650.992944871026,1713.7811035156253,43.43529896290429,45.17319948927143,33.56353042150399,-17.643254244098898,-8.631417888408372,-9.011836355690527,12.706097752901155,57.90174126772147,17.662615124343475,13.77564625582586,-76.47359461949334,21544874.0,22488355.8,-1.0
2026-06-10,1676.197798803544,1679.680962210144,1625.0450319071442,1633.6036376953125,371125,1718.2544750976556,1892.7709118652353,1683.7577753828064,1710.7611989242703,1782.5291734404855,1637.9771375946716,1710.2531555175785,38.73220450457145,45.17319948927143,33.56353042150399,-21.966418482604013,-11.298418007247502,-10.66800047535651,13.536117157127515,57.668469055955626,10.152174362705425,12.379491744169894,-95.74047860636524,21173749.0,22457606.15,-1.0
2026-06-11,1628.030591857181,1631.1156551328077,1602.354653146537,1610.2166748046875,418358,1719.3113647460934,1890.8581573486338,1669.0495552671828,1701.6207876406718,1789.3143752258125,1619.9861008484067,1704.6502380371096,36.401591545708925,45.17319948927143,33.56353042150399,-26.968810085441646,-14.43249642288633,-12.536313662555315,14.6661898417905,55.781363019728474,10.152174362705425,12.655654616584776,-96.48419190411653,20755391.0,22368848.6,-1.0
2026-06-12,1642.6598886115462,1688.7372145388767,1629.523434811483,1683.263671875,520499,1723.017453613281,1889.272821044923,1671.8923785887464,1699.9519589347015,1787.1559686264152,1617.9547613540542,1702.5553649902347,47.10712551940244,45.17319948927143,33.56353042150399,-24.75361502125338,-16.49672014255974,-8.25689487869364,14.294091122422879,57.405589927904245,19.682620184687302,13.328989636699383,-63.81839233670663,21275890.0,22268707.9,-1.0
2026-06-15,1718.6923535684937,1786.6638484551488,1714.910584683673,1757.7037353515625,1093214,1728.8870800781247,1887.901449584962,1689.05464994131,1705.2021204271432,1793.2781633307652,1617.0175031731417,1705.1478332519534,55.354710211620905,44.35262685884027,33.56353042150399,-16.797732172020915,-16.556922548451976,-0.2408096235689392,14.31529418560862,60.690917545921714,52.81226287277248,27.549019140055066,-30.529629063247988,22369104.0,22243220.95,-1.0
2026-06-16,1771.4374270775286,1788.9527391385288,1754.817809922345,1785.86767578125,375321,1734.5875268554685,1886.6121813964853,1708.417255109298,1712.535352732062,1804.6785737116975,1616.3850371281465,1710.531805419922,58.02172583413567,44.35262685884027,33.56353042150399,-8.126367373564335,-14.870811513474447,6.744444139910112,14.36853496348495,58.79406123665472,86.14559620610581,52.88015975452186,-17.93503010637251,22744425.0,22268607.9,1.0
2026-06-17,1741.581701644956,1786.166241800306,1730.8336059787075,1779.697509765625,662046,1740.1605883789061,1885.2955462646491,1722.6733060405634,1718.6410033714767,1813.2195315451734,1615.0990109352958,1714.1592712402346,57.21532604374143,44.35262685884027,33.56353042150399,-1.7321618446974298,-12.243081579719043,10.510919735021613,13.937710009574078,58.546816564150696,98.75671479859722,79.23819129249182,-20.694259293713944,22082379.0,22235995.8,1.0
2026-06-18,1771.437389769534,1815.922313829496,1769.5465053377668,1801.4920654296875,493124,1744.6488940429688,1884.0082690429695,1738.4370579183883,1726.1729181040414,1825.1233639490229,1612.2314944494146,1718.6774291992188,59.36369951027832,44.35262685884027,33.56353042150399,5.035880110889366,-8.787289241597362,13.823169352486728,14.011825999919699,57.67745884469202,98.75671479859724,94.55300860110009,-6.756757251384715,22575503.0,22206495.05,1.0
2026-06-19,1789.35086014402,1791.938328748609,1769.5465632573737,1787.260986328125,462447,1748.4485302734377,1882.957349243165,1748.2018436003357,1731.7263788516852,1832.3570972315854,1610.869379819196,1721.6132385253907,57.33906490283488,44.35262685884027,33.56353042150399,9.14584536017469,-5.200662321242952,14.346507681417641,14.080647990954919,55.839461939522145,95.81761964443069,97.77701641387505,-13.420256329875125,22113056.0,22115856.05,1.0
2026-06-22,1791.2416494854606,1809.652655689135,1784.374817469633,1790.2464599609375,254946,1750.3732275390628,1882.0333160400398,1756.6107668724562,1737.0463862252536,1839.826232299831,1609.9684942626693,1724.8973632812501,57.665263917851554,50.35749638103115,33.56353042150399,12.4998348867598,-1.6605628796424012,14.160397766402202,14.433762748622641,53.65648881666356,94.59534202229325,96.38989215510705,-12.022351036880208,22368002.0,22058706.4,1.0
2026-06-23,1790.2465150393425,1823.1872650178816,1776.413355926266,1781.0906982421875,830797,1752.2481640625003,1881.2471160888679,1761.5067531464026,1741.0504145904295,1842.7434328867625,1609.2805051015184,1726.0119689941405,56.244894521506446,50.35749638103115,33.56353042150399,14.25478204385081,1.5225061050562412,12.732275938794569,14.979744587950758,53.164875979160136,90.06787588317366,93.49361251663254,-19.062658553447363,21537205.0,21942380.75,1.0
2026-06-24,1780.1950867293165,1820.201657396515,1770.442180704429,1811.842041015625,619976,1754.3201489257813,1880.5922814941414,1771.5738107202471,1747.48601699272,1851.4912523064756,1606.5436353888365,1729.017443847656,59.82425355238959,50.35749638103115,33.56353042150399,17.92039155291286,4.802083194627565,13.118308358285296,15.333264957253625,52.92163317294056,93.00697103734021,92.55672964760237,-5.1374767096746705,22157181.0,21876736.05,1.0
2026-06-25,1826.1728212483877,1875.9322986666,1823.1872526032948,1841.69775390625,1139521,1757.1823120117188,1879.957350463868,1785.5985993574477,1756.0507203484951,1862.8146689323507,1601.3903969856174,1732.102532958984,62.98978196678142,50.35749638103115,33.56353042150399,22.969739158946822,8.435614387491416,14.534124771455406,16.521188165107198,53.719392064228735,95.47253386088042,92.84912692713142,-12.513648436176549,23296702.0,21840244.05,1.0
2026-06-29,1841.2001778887995,1860.307890301907,1816.6190443870285,1821.29638671875,630680,1758.977634277344,1879.0527227783211,1792.7381568297083,1761.982144563973,1871.8753944067046,1599.0372520776707,1735.4563232421876,59.53762692617939,53.204066648649984,33.56353042150399,25.036557830666197,11.755803076126373,13.280754754539824,17.44780416766605,53.00292448213229,95.67206970973345,94.71719153598468,-19.970897784425603,22666022.0,21879749.6,1.0
2026-06-30,1836.1246582753845,1878.5197073893517,1821.395804835276,1857.6207275390625,844824,1761.3501635742189,1878.374998168946,1805.7146709715794,1770.676561198072,1889.0763444451063,1597.0029890509873,1743.0396667480468,63.38530525861161,53.204066648649984,36.45811433562805,29.26821152402522,15.258284765706144,14.009926758319075,18.574842696254045,53.30438135273725,95.67206970973345,95.60555776011577,-7.56756857147971,23510846.0,21988458.3,1.0
2026-07-01,1875.8328494438529,1961.518647336832,1864.7862694860648,1950.1734619140625,1013165,1765.346843261719,1878.364050903321,1834.606429160076,1786.994461263162,1926.8769600614708,1582.9973563447795,1754.9371582031251,70.9621454689733,53.204066648649984,36.45811433562805,39.63319295444603,20.133266403454122,19.49992655099191,20.605043515376682,56.91820552738241,95.67206970973345,95.67206970973345,-3.1587758256075182,24524011.0,22106246.95,1.0
2026-07-02,1952.5618928804613,1973.8589735010576,1937.235949546961,1959.2296142578125,572960,1769.506735839844,1878.3859448242192,1859.5310661796234,1802.6522024444937,1960.1810414265271,1575.9563120890978,1768.0686767578125,71.58182624699353,53.204066648649984,36.45811433562805,48.024672689981344,25.71154766075957,22.313125029221773,22.61125251261771,55.46854970071915,100.0,97.1147131398223,-4.248576635138934,25096971.0,22287147.3,1.0
2026-07-03,1970.4752542555696,1992.9665131640895,1961.020953793232,1986.79638671875,1001835,1773.316320800781,1878.6183215332037,1884.9841302874488,1819.3925828330625,1994.3233584248667,1571.8786679423208,1783.1010131835938,73.4398885726331,53.204066648649984,36.45811433562805,56.25096290484885,31.81943070957743,24.43153219527142,24.65962734527465,53.916288929687575,99.99999999999999,98.55735656991114,-2.2190235176999917,26098806.0,22539105.8,1.0
2026-07-06,2006.3021217530857,2041.6313505835592,1991.772378699708,2036.555908203125,1382010,1777.579714355469,1878.903443603516,1915.298485870584,1839.1347033212498,2035.50113645113,1564.348240990277,1799.9246887207034,76.43496040797058,59.81794301651346,36.45811433562805,66.02444597901308,38.66043376346456,27.36401221554852,26.985779294732648,53.98190856791055,99.99999999999999,99.99999999999999,-1.6330370694572216,27480816.0,22828193.95,1.0
2026-07-07,2050.09045606834,2051.881845836784,1999.3357894375213,2033.271728515625,1055478,1782.597458496094,1879.1527386474613,1938.8931343995923,1856.7835237934655,2065.100826477109,1573.4116613158603,1819.2562438964846,75.82719255337845,59.81794301651346,36.45811433562805,72.66733210502207,45.461813431776065,27.205518673246004,29.22797874715078,53.87934769872143,98.99658928305001,99.66552976101666,-5.796673213155124,26425338.0,23089813.55,1.0
2026-07-08,2011.2780263447405,2065.1178767352008,1962.911839814861,1969.9776611328125,1082521,1786.7792431640626,1879.0562048339848,1945.1100397462365,1867.0738999152243,2078.9044352524397,1588.9860432631854,1833.9452392578125,65.08596733509296,59.81794301651346,36.45811433562805,71.99465537998958,50.76838182141877,21.22627355857081,30.254041378243173,57.33125407169417,80.25966335010688,93.08541754438562,-32.18857602905659,25342817.0,23279710.7,1.0
2026-07-09,1980.4271673102933,2034.664996766781,1974.555524778935,2020.13525390625,498659,1790.7938378906254,1879.022866210938,1960.1150825782393,1880.988568459863,2092.6057274502364,1613.9379126864828,1853.2718200683596,68.85148396848687,59.81794301651346,36.45811433562805,74.6483530345547,55.544376064045956,19.103976970508747,31.2068138214004,57.85668846899949,67.7395185717651,82.331923734974,-15.218873002141065,25841476.0,23513097.05,1.0
2026-07-10,2038.546126771856,2127.715205439815,2012.273220486111,2122.7392578125,1296667,1796.932165527344,1879.3811340332036,1992.6399176250916,1902.9659038555571,2118.409005009419,1639.386893428081,1878.8979492187502,74.83140930254675,59.81794301651346,36.45811433562805,84.0617021862422,61.247841288485205,22.813860897756996,32.96441513487069,61.96992393219264,66.09550338061227,71.36489510082808,-1.3927577182744844,27138143.0,23832234.65,1.0
2026-07-13,2107.612480979295,2157.869553335276,2100.3475486593493,2152.197021484375,1443535,1802.9092749023441,1879.784683837891,2024.5513383969483,1925.6232781854496,2152.780460307901,1651.9087730905367,1902.344616699219,76.24165484688977,64.83285051913626,36.45811433562805,92.82877224544859,67.5640274798779,25.264744765570697,34.81833294370865,61.652215413887944,84.51328628851887,72.78276941363208,-1.4641536070054806,28581678.0,24197524.05,1.0
2026-07-14,2134.6816770564105,2148.0171204165727,2090.8933349629456,2097.262451171875,936136,1808.3270874023442,1879.8832067871099,2039.0935609519338,1941.2268393660336,2174.466682013332,1664.1784229671368,1919.3225524902346,68.53000593627408,64.83285051913626,36.45811433562805,94.25743665727191,72.9027093153567,21.354727341915208,36.27665876848807,61.62732049299805,81.43934442154271,77.34937803022461,-15.643474479318586,27645542.0,24461345.95,1.0
2026-07-15,2098.4568460787195,2122.540385327265,2079.946222699789,2094.27685546875,622796,1812.3994018554693,1879.680187988282,2050.130219855297,1955.1404771935534,2193.1840850191197,1676.3019379300995,1934.7430114746096,68.12669296384138,64.83285051913626,36.45811433562805,94.06443462574748,77.13505437743486,16.929380248312626,37.31926719218989,60.26780921688935,67.69706905304605,77.8832332543692,-18.635195025063034,27022746.0,24675262.0,1.0
2026-07-16,2097.262469456383,2112.488918955782,2068.003992352604,2080.244873046875,338231,1817.9883886718753,1879.6135107421883,2056.153150493613,1966.5136040893099,2205.18593107244,1694.354828204904,1949.770379638672,66.15606868360405,64.83285051913626,36.45811433562805,91.72190241781368,80.05242398551061,11.669478432303066,37.94303902055686,59.1404604587671,47.73906453200536,65.62515933553138,-22.74712513327659,26684515.0,24905368.8,1.0
2026-07-17,2080.2447518998515,2132.691192262388,2076.5625991812053,2091.988037109375,900280,1822.6637915039066,1879.605549316407,2063.3201278167653,1977.9203707274976,2217.234218828019,1711.3561376172938,1964.2951782226564,67.0159553432429,64.83285051913626,36.45811433562805,89.77809793603842,81.99755877561617,7.780539160422251,38.73424153569066,58.925327074653936,39.27375405935839,51.569962548136594,-19.579987003325193,27584795.0,25155833.4,1.0
2026-07-20,2079.946165072345,2116.7681785209943,2055.5640210320234,2108.508056640625,362804,1827.4426904296881,1880.1011535644539,2072.3577135815376,1989.791978537782,2226.674621744701,1734.0404417318618,1980.3575317382815,68.23851840698,62.91987582733762,36.45811433562805,88.54989828544808,83.30802667758256,5.241871607865519,38.8514847762848,59.08810067567658,31.589536917653916,39.534118503005885,-16.842139901792276,27947599.0,25447560.55,1.0
2026-07-21,2104.8257811952726,2158.466397770702,2096.864265238033,2153.888671875,706428,1833.2287207031252,1881.0809173583991,2088.66390524023,2004.7098597502563,2239.3940735878155,1757.6852110801544,1998.5396423339848,71.37704840093139,62.91987582733762,36.45811433562805,90.19862401054274,84.6861461441746,5.512477866368144,39.43036077239271,59.26767437974745,37.01099939822276,35.95809679174502,-2.069211508839053,28654027.0,25761861.8,1.0
2026-07-22,2154.585419065234,2155.580608635241,2066.013547334608,2071.089111328125,928740,1838.9371289062503,1881.6954479980477,2085.148946457809,2010.744337166426,2232.7647498129804,1793.314376163583,2013.0395629882817,59.771581591038625,62.91987582733762,36.45811433562805,83.85736299358086,84.52038951405585,-0.6630265204749861,39.11949245593254,61.43191630266783,27.73706318285431,32.11253316624366,-44.25388840704133,27725287.0,26071265.9,1.0
2026-07-23,2064.023140129302,2075.8657986648755,2019.5382155481063,2031.181884765625,1056531,1845.4775146484378,1881.914887084962,2074.3555341193724,2012.6022960390803,2222.298844397728,1825.7142659538356,2024.0065551757816,55.11979462144133,62.91987582733762,36.45811433562805,74.75001662495174,82.56631493623503,-7.8162983112832904,37.71234691810363,61.067321075103635,18.477648267824925,27.741903616300664,-65.0890034656311,26668756.0,26296844.65,1.0
2026-07-24,2008.292560191249,2094.276842192341,1955.7465020944917,2018.9410400390625,569927,1851.410834960938,1882.2129461669933,2063.2726353033104,2013.1785454936241,2211.7468627340663,1853.9905762307783,2032.8687194824222,53.73828659932332,62.91987582733762,36.45811433562805,65.7863016100896,79.21031227100595,-13.424010660916352,35.15787854745012,66.60039386244262,0.0,15.404903816893079,-68.82667202754145,26098829.0,26436951.0,1.0
2026-07-27,2040.7357526038616,2076.46295963541,2015.358298041108,2068.800048828125,732918,1858.2836132812506,1882.4537817382823,2064.3781180082733,2018.2350457967605,2194.242601580516,1896.245203595266,2045.243902587891,58.3205945314738,58.503929039741,36.45811433562805,61.99110334959482,75.76647048672373,-13.77536713712891,32.785872203271865,66.20784155757542,6.78758824270084,8.421745503508589,-44.23164714221954,26831747.0,26645237.25,1.0
2026-07-28,2073.0,2144.39990234375,2058.800048828125,2136.60009765625,929586,1866.8985278320317,1883.0206805419932,2078.8225139378687,2028.995505056714,2184.601619673423,1933.7841225140778,2059.1928710937505,63.60053055100904,58.503929039741,36.45811433562805,63.719757002452525,73.3571277898695,-9.63737078741697,31.655078893941536,67.59298526886468,21.396133125387067,9.394573789362635,-10.786459829960314,27761333.0,26857761.6,1.0
2026-07-29,2159.699951171875,2180.0,2139.39990234375,2156.0,770545,1876.4547631835942,1883.5676440429697,2094.258011150295,2040.5413682333763,2190.942956852479,1948.0254391436158,2069.4841979980474,64.9680262582585,58.503929039741,36.45811433562805,65.89553475786875,71.86480918346935,-5.969274425600602,31.076608160344527,65.86490791707078,38.03029433982302,22.07133856930364,-10.702174202033031,28531878.0,27058154.95,1.0
2026-07-30,2154.0,2154.0,2100.89990234375,2110.89990234375,523448,1884.5297973632817,1883.8055114746105,2097.586389388986,2046.9375986070465,2188.027246517971,1966.1081782867172,2077.067712402344,59.38264200799176,58.503929039741,36.45811433562805,63.25152908645259,70.142153164066,-6.89062407761341,29.79159831561493,65.09599289844073,39.60346250563425,33.00996332361478,-30.81338677061175,28008430.0,27203727.9,1.0
2026-07-31,2125.0,2134.0,2096.10009765625,2105.699951171875,585747,1892.4212182617193,1884.2159191894543,2099.2091017455637,2052.2796306583946,2186.0673744032374,1979.9584068467627,2083.012890625,58.755439296163196,58.503929039741,42.88743633273422,60.04438860554774,68.12260025236236,-8.078211646814623,28.50750940858098,63.15341500167711,34.47621937808309,37.36999207451345,-33.132169407423085,27422683.0,27269921.75,1.0
2026-08-03,2125.0,2126.60009765625,2060.0,2089.699951171875,366499,1899.6443212890629,1884.5557812500012,2097.307271630826,2055.681477977802,2186.395177272785,1984.9450082740898,2085.6700927734373,56.76860329347087,61.92218372565907,42.88743633273422,55.57105189138497,65.61229058016688,-10.041238688781917,26.648203631775786,63.39960661986089,23.56868215277409,32.54945467883047,-40.26695220877844,27056184.0,27248690.15,1.0
2026-08-04,2088.0,2088.0,1990.0,2033.5999755859373,1202012,1905.8250415039065,1884.3145965576184,2084.5658124218485,2053.6740686694507,2186.375741174122,1984.9972690797838,2085.686505126953,50.34081507416523,61.92218372565907,42.88743633273422,46.95780083620912,61.881392631375334,-14.923591795166217,25.654695755124898,65.99248837357618,15.207925744262027,24.4176090917064,-65.2832735192162,25854172.0,27220131.85,1.0
2026-08-05,2055.699951171875,2143.89990234375,2055.699951171875,2099.0,1901625,1912.629069824219,1884.3755328369152,2087.452649937479,2057.794607881319,2176.8829434264157,2007.392300714209,2092.1376220703123,56.52139059062963,61.92218372565907,42.88743633273422,44.8914915486755,58.48341241483537,-13.591920866159867,23.824154839936906,69.15730540102165,15.520163577795206,18.098923824943775,-36.11983793186149,27755797.0,27340780.85,1.0
2026-08-06,2099.0,2109.0,2072.199951171875,2081.89990234375,291365,1919.2324169921878,1884.547517700196,2086.342100418733,2059.9859982869943,2173.1504217688275,2017.3012872155473,2095.2258544921874,54.60762823363173,61.92218372565907,42.88743633273422,41.39689395710434,55.06610872328917,-13.66921476618483,22.12436684726234,66.84607278867189,16.554593390756597,15.76089423760461,-43.74518059806833,27464432.0,27421928.65,1.0
2026-08-07,2081.0,2108.60009765625,2062.300048828125,2070.0,486095,1925.0324975585943,1884.2708831787115,2083.0736803349864,2060.8963620790855,2170.1618335564654,2015.0159496466592,2092.5888916015624,53.256255089248384,61.92218372565907,42.88743633273422,37.237921936775365,51.50047136598641,-14.262549429211042,20.704515839289545,65.37849964863283,21.174305119873676,17.749687362808494,-49.05163175931807,26978337.0,27413938.35,1.0
2026-08-10,2070.0,2120.0,2057.60009765625,2108.39990234375,364012,1932.1160839843756,1883.8394244384774,2088.138924736739,2065.2148657395096,2163.2136753193445,2017.5843959697177,2090.399035644531,56.95783777932425,59.74140750353524,42.88743633273422,36.61834436494473,48.52404596577807,-11.90570160083334,19.26537506453452,65.16574269828405,26.46001889873473,21.396305803121667,-31.928196583323533,27342349.0,27351971.9,1.0
2026-08-11,2108.0,2108.0,2030.0999755859373,2037.9000244140625,568576,1938.755007324219,1882.9017102050786,2078.091144672204,2062.731698346287,2163.8194097742426,2011.0424188390389,2087.4309143066407,49.24722882591457,59.74140750353524,42.88743633273422,30.091695385615367,44.837575849745534,-14.745880464130167,18.327049522346428,66.1038987025361,19.69896509664638,22.44442970508493,-63.365778867722675,26773773.0,27308383.45,1.0
2026-08-12,2035.0,2042.0,1984.0,2015.0,466920,1944.8105346679688,1881.5728332519536,2065.4729157377633,2058.392453042079,2166.3142232300324,2000.6199198363736,2083.467071533203,47.02056188051741,59.74140750353524,42.88743633273422,22.808516085183783,40.43176389683319,-17.623247811649406,18.174273400616524,65.5250487952121,15.079253367529299,20.4127457876368,-73.5774476389771,26306853.0,27272588.8,1.0
2026-08-13,2014.5999755859373,2029.0999755859373,1990.0,2028.0,311120,1951.4385498046875,1880.3004968261725,2057.978332590211,2055.6295027655265,2167.3443492525175,1994.3653065092014,2080.8548278808594,48.445615358457104,59.74140750353524,42.88743633273422,17.879432404387217,35.921297598344,-18.04186519395678,18.032409859010187,63.637543565978184,2.6467127388146623,12.474977067663445,-77.55102040816327,26617973.0,27269261.7,1.0
2026-08-14,2019.0,2032.199951171875,1988.199951171875,1990.0,447214,1957.515556640625,1878.9113073730475,2044.3826660721688,2049.6631843322966,2171.058433792121,1980.4524182586601,2075.7554260253905,44.663767156982715,59.74140750353524,42.88743633273422,10.782521458983865,30.89354237047197,-20.111020911488104,17.831895848879185,62.234861882694034,2.6467127388146623,6.790892948386208,-96.93877551020408,26170759.0,27198559.9,1.0
2026-08-17,1990.0,2057.0,1970.9000244140625,2054.0,765350,1964.593908691406,1877.7973339843757,2046.306132857735,2050.057440302088,2167.503252998891,1978.5567933878274,2073.0300231933593,51.527025511379435,55.06167224592764,42.88743633273422,10.204798963764915,26.75579368913056,-16.550994725365644,17.097180404879182,63.939512861497136,13.914066910113426,6.402497462580916,-60.2582566769433,26936109.0,27147985.4,1.0
2026-08-18,2045.0999755859373,2055.199951171875,1990.0999755859373,1997.4000244140625,687150,1971.6090966796874,1876.2386419677744,2036.5249111690005,2045.2704024940856,2157.3747702465457,1973.03641139408,2065.205590820313,46.08342260688723,55.06167224592764,42.88743633273422,5.120775606367488,22.428790072577947,-17.30801446621046,16.41494463545061,64.02240305610003,14.482399397864194,10.34772634893076,-85.527032477641,26248959.0,27027732.0,1.0
2026-08-19,1997.4000244140625,2009.800048828125,1970.0,2007.300048828125,424483,1978.2311425781247,1874.8473797607428,2030.6799387008255,2041.8185521608166,2157.6767026623497,1966.355572728275,2062.0161376953124,47.135434706430416,55.06167224592764,42.88743633273422,1.8689555433588794,18.31682316673413,-16.447867623375252,16.17075246281299,62.29223489695896,20.32903828508676,16.241834864354793,-78.55085119346786,26673442.0,26975139.75,1.0
2026-08-20,2011.0,2041.9000244140625,2001.300048828125,2020.0,285777,1985.9590698242187,1873.446471557618,2028.5439509606604,2039.8350474189242,2158.003007936858,1964.911078977205,2061.4570434570314,48.52302703188391,55.06167224592764,42.88743633273422,0.3130361510845887,14.716065763604224,-14.403029612519635,15.201002394255896,60.74278780331458,19.525427147463418,18.11228827680479,-71.2478274420394,26959219.0,26989662.9,1.0
2026-08-21,2020.0,2039.800048828125,2013.199951171875,2035.0,277201,1994.454736328125,1872.182266235352,2029.8351607685283,2039.3954976535674,2157.576423533171,1966.9435593769856,2062.2599914550783,50.18613837286725,55.06167224592764,42.88743633273422,0.2870248192332383,11.830257574730027,-11.543232755496788,14.300520187738593,58.3040242213814,31.28337550326482,23.712613645271666,-62.6221756746512,27236420.0,27046542.45,1.0
2026-08-24,2035.0,2047.9000244140625,2028.300048828125,2039.9000244140625,261818,2001.5874633789062,1870.9967980957035,2031.8481334976354,2039.4413637227033,2156.589111307197,1965.0408691615537,2060.8149902343753,50.745950031731304,57.09747589569577,42.88743633273422,0.6542597709644724,9.595058013976917,-8.940798243012445,13.285994037804118,55.5394493188497,41.92756665811602,30.912123102948087,-59.8044487248243,27498238.0,27079867.0,1.0
2026-08-25,2035.0999755859373,2049.0,2011.5,2049.0,384390,2007.413388671875,1869.7597985839848,2035.2785067981083,2040.3103306570029,2145.3853125914134,1967.4846581117124,2056.434985351563,51.828647779173245,57.09747589569577,42.88743633273422,1.6604474890514211,8.008135908991818,-6.347688419940397,12.725814163361,54.25091722464615,50.890209026766364,41.367050396049066,-47.333333333333336,27882628.0,27085931.75,1.0
2026-08-26,2055.0,2088.5,2035.0999755859373,2035.0999755859373,700923,2012.3980346679687,1868.5244549560553,2035.2428005556744,2039.8366620141787,2126.3316696616216,1974.4482986000978,2050.38998413086,50.019939735440225,57.09747589569577,42.88743633273422,1.3210148649031908,6.670711700174093,-5.349696835270902,12.353848762124095,54.19013916674734,50.439588987962196,47.752454890948194,-56.60001627604182,27181705.0,27018423.1,1.0
2026-08-27,2035.0,2095.0,2023.9000244140625,2069.39990234375,1142681,2018.1920825195311,1867.9557183837894,2042.0742209132898,2042.524229316867,2119.408291824315,1977.2216764374043,2048.3149841308596,54.26165355885643,57.09747589569577,42.88743633273422,3.7761998168073205,6.091809323500739,-2.315609506693418,11.730609218172711,55.397984625260925,59.971835968703665,53.76721132781074,-33.73339843749999,28324386.0,27034220.9,1.0
2026-08-28,2075.39990234375,2083.300048828125,2024.5,2029.0999755859373,329143,2022.7442407226563,1867.4392553710943,2039.4793718478195,2041.3038426140552,2110.6435376369654,1978.3264330661598,2044.4849853515625,48.99984500195264,57.09747589569577,42.88743633273422,2.441935182299403,5.361834495260472,-2.9198993129610686,11.151886784503569,55.64098921117979,55.604591934986686,55.338672297217514,-57.17393073482806,27995243.0,27062848.9,1.0
2026-08-31,2025.0,2025.0,1962.5999755859373,2014.699951171875,707158,2027.2930200195312,1866.726394042969,2034.5234877126306,2038.8853070284024,2104.5637642416186,1976.9062064615057,2040.7349853515623,47.237180567861344,56.73457107652703,41.23908501143782,0.2200229349696201,4.333472183202302,-4.113449248232682,11.489517532092284,56.416632838952665,50.01964934627899,55.19869241665644,-60.64957252348967,27288085.0,27074443.95,1.0
2026-09-01,2023.199951171875,2023.199951171875,1965.0,1978.0,329259,2031.0480908203124,1865.8758105468755,2023.2187901701045,2033.3502791167293,2107.66451771517,1968.2454554293613,2037.9549865722656,42.992414925912385,56.73457107652703,41.23908501143782,-4.450930320209864,2.5765916825198687,-7.027522002729732,11.803031797710377,56.544012719875695,23.996572323463752,43.20693786824314,-88.3685637655917,26958826.0,27129676.65,1.0
2026-09-02,1950.0,1970.699951171875,1908.9000244140625,1970.699951171875,770610,2034.8402758789061,1864.8130761718755,2012.7150223704589,2027.6547947581062,2101.209791793224,1961.870176468494,2031.5399841308592,42.18047081862744,56.73457107652703,41.23908501143782,-8.642126306195678,0.3328480847767592,-8.974974390972438,13.086649076379555,57.44086721030869,8.93743095485496,27.651217541532564,-66.79208228629001,26188216.0,27051297.6,1.0
2026-09-03,1964.0,2056.699951171875,1960.0,2001.5,1323927,2038.6334350585937,1863.8431372070318,2010.472017896367,2025.277086143733,2094.1675491505684,1960.8724288767755,2027.5199890136719,46.749929979782145,56.73457107652703,41.23908501143782,-9.370357143044203,-1.6077929607874333,-7.762564182256769,12.292451790110965,60.24508749327771,12.607648493274628,15.180550590531112,-50.24181207204052,27512143.0,27053683.15,1.0
2026-09-04,2000.0,2021.699951171875,1971.0,1982.0,307319,2041.4394799804686,1862.8269506835943,2004.7776143170938,2021.3428055852119,2089.578254682098,1956.6617233452457,2023.1199890136718,44.35966318164902,56.73457107652703,41.23908501143782,-11.389679227263969,-3.5641702140827407,-7.825509013181228,11.554982881432988,59.563292041748944,18.620283762185043,13.38845440343821,-60.72005095337517,27204824.0,27065007.5,1.0
2026-09-07,1982.0,1984.0,1891.0999755859373,1922.199951171875,752808,2043.4575512695312,1861.5674951171882,1988.26208168805,2012.329818820363,2082.1096399691532,1945.5103429410021,2013.8099914550778,37.951343360411705,53.79509415883085,41.23908501143782,-17.61234653050883,-6.373805477367959,-11.238541053140871,12.18358351110998,61.944487211199935,18.620283762185043,16.61607200588157,-84.74743900825507,26452016.0,27020490.85,-1.0
2026-09-08,1920.0,1926.300048828125,1885.0999755859373,1906.5999755859373,507608,2044.4371362304687,1860.3982269287117,1971.9296604676276,2002.7180148899606,2089.591716954965,1924.8982610723783,2007.2449890136716,36.471169627816415,53.79509415883085,41.23908501143782,-23.53138766633947,-9.805321915162262,-13.726065751177208,12.852286978259826,60.462743356270494,6.012635268910415,14.417734264426832,-89.75702834717748,25944408.0,26979022.6,-1.0
2026-09-09,1905.5,1908.199951171875,1855.0,1857.0999755859373,538632,2042.575666503906,1859.0829687500006,1948.9637234912896,1989.4800113168676,2105.424873047972,1893.2751025379648,1999.3499877929685,32.18207571454385,53.79509415883085,41.23908501143782,-31.849367044368137,-14.214130941003436,-17.6352361033647,13.891807501111055,59.94397248595653,0.0,8.210973010365151,-99.12501017252615,25405776.0,26933968.75,-1.0
2026-09-10,1850.0,1874.800048828125,1836.0,1872.0,686220,2040.8310742187498,1857.8750512695317,1933.5709787930318,1978.8000102880615,2110.8698430077397,1872.2301325781978,1991.5499877929688,34.67252775511683,53.79509415883085,41.23908501143782,-36.8147407685467,-18.73425290651209,-18.08048786203461,15.107645353017798,58.43369222468285,3.759812284657564,3.2574825178559927,-86.1003861003861,26091996.0,26907669.9,-1.0
2026-09-11,1855.0,1855.0,1719.0,1748.0,2684348,2036.0551464843747,1856.2108422851568,1896.4567830344254,1957.818191170965,2141.0295763762633,1817.8703992096741,1979.4499877929688,26.08684799129235,53.79509415883085,41.23908501143782,-50.177187523745715,-25.022839829958816,-25.1543476937869,17.434231633962092,65.18842849434836,3.759812284657564,2.5065415231050423,-92.2872340425532,23407648.0,26769514.35,-1.0
2026-09-15,1754.0,1759.699951171875,1657.4000244140625,1659.300048828125,1071741,2028.5100292968748,1854.3245629882817,1849.0254361931652,1930.6801782307068,2171.554901437656,1747.8750790310942,1959.7149902343751,21.907824491726448,42.11936626184057,41.23908501143782,-67.15030074425067,-33.44833201281719,-33.70196873143348,20.04667092991239,67.83924979888151,3.759812284657564,3.7598122846575635,-99.56580792503053,22335907.0,26539504.25,-1.0
2026-09-16,1666.9000244140625,1703.699951171875,1647.5999755859375,1665.300048828125,783588,2021.150595703125,1852.2314282226566,1812.2803587201572,1906.554711921381,2191.433710198991,1694.7862727111656,1943.1099914550782,22.80863712358767,42.11936626184057,41.23908501143782,-79.20444585154951,-42.59955478056366,-36.60489107098585,22.539204779675202,67.00073021224266,0.9280845140896641,2.815903027801597,-96.04379251758682,23119495.0,26383031.05,-1.0
2026-09-17,1664.0,1695.300048828125,1657.699951171875,1678.199951171875,570025,2015.315041503906,1850.101284179688,1785.464277210501,1885.7951882168807,2199.476038929706,1653.8339342148247,1926.6549865722654,24.816658921264732,42.11936626184057,41.23908501143782,-86.71690982726477,-51.42302578990388,-35.29388403736089,24.853700497312097,64.90068502967175,4.507040451122012,3.0649790832897463,-92.97682569611865,23689520.0,26233834.95,-1.0
2026-09-18,1686.9000244140625,1721.300048828125,1686.5999755859375,1691.0999755859375,659676,2008.7343359375,1848.1257049560552,1766.5914168855884,1868.0956234322496,2198.549299997827,1621.8706707052984,1910.2099853515626,26.865511613382598,42.11936626184057,41.23908501143782,-90.58545475723304,-59.255511583369724,-31.329943173863313,26.352150434253844,63.34350021728448,11.031337274610603,5.488820746607426,-89.36690232315544,24349196.0,26103333.8,-1.0
2026-09-21,1704.0,1720.9000244140625,1696.0,1696.9000244140625,398829,2000.217551269531,1846.0880651855475,1752.6531383912834,1852.5323871578687,2190.352182455648,1596.257790688884,1893.304986572266,27.817965661430925,39.85421686215436,41.23908501143782,-92.12137119462591,-65.82868350562096,-26.29268768900495,27.743568232842605,60.94753940377309,18.033526857116232,11.190634860949615,-87.94914403074345,24748025.0,25978914.05,-1.0
2026-09-22,1710.0,1732.0,1690.199951171875,1699.5,473583,1991.1636108398436,1844.153491210938,1742.0225107130268,1838.6203519616988,2176.9518170982265,1575.618153604899,1876.2849853515627,28.268939511135986,39.85421686215436,41.23908501143782,-92.06750287296859,-71.0764473790905,-20.991055493878093,28.740929073698478,59.57986150551252,22.989965289760022,17.351609807162284,-87.31360852815301,25221608.0,25865082.55,-1.0
2026-09-23,1700.9000244140625,1720.0,1700.9000244140625,1707.5999755859375,307495,1983.3703613281252,1842.253445434571,1735.1380036876092,1826.7094086548113,2157.3491962377598,1561.080772023959,1859.2149841308594,29.741656414822,39.85421686215436,41.23908501143782,-90.32994413691745,-74.92714673065589,-15.402797406261556,29.667049854493218,56.78844282654734,26.9771660080319,22.66688605163605,-85.33365837676612,25529103.0,25747406.3,-1.0
2026-09-24,1680.0,1707.9000244140625,1665.699951171875,1671.199951171875,481036,1974.9088232421877,1840.3201800537113,1722.3503931844625,1812.5721852472716,2138.3739279679635,1543.666037852349,1841.0199829101564,27.05359237770105,39.85421686215436,41.23908501143782,-90.84291352333344,-78.1103000891914,-12.732613434142038,30.919400390493582,55.74641642766449,26.686604567850004,25.551245288547307,-93.69153244424199,25048067.0,25640724.4,-1.0
2026-09-25,1666.0,1700.0999755859375,1666.0,1700.0999755859375,273610,1967.305925292969,1838.4726989746098,1717.9003096647577,1802.347438914423,2105.7227590901225,1539.3872140544086,1822.5549865722655,32.2863643372972,39.85421686215436,41.23908501143782,-87.90415068452262,-80.06907020825764,-7.835080476264977,32.08229731677964,54.20024208182685,39.7145175384944,31.126096038125432,-84.39358020516084,25321677.0,25490588.95,-1.0
2026-09-28,1708.0,1708.0,1667.0,1669.800048828125,422392,1958.862165527344,1836.4597863769534,1708.2802574974314,1790.297676179305,2078.005947403779,1531.174033064971,1804.589990234375,29.86727682564406,40.40019418949843,41.23908501143782,-87.01703263839022,-81.45866269428416,-5.558369944106062,32.91040487873631,53.25736764741065,47.42102384941792,37.940715318587436,-92.03442145388463,24899285.0,25335791.05,-1.0
2026-09-29,1666.0,1671.300048828125,1634.4000244140625,1634.4000244140625,410924,1949.3800048828125,1834.8037921142582,1693.5042108807577,1776.1251623824649,2050.2214845537587,1520.9285032392092,1785.5749938964839,27.29421776658606,40.40019418949843,41.23908501143782,-88.15428360805913,-82.79778687703916,-5.356496731019973,34.06624303574884,52.08898598788579,53.847164412661094,46.9942352668578,-100.0,24488361.0,25195804.85,-1.0
2026-09-30,1640.5999755859375,1659.5999755859375,1623.4000244140625,1628.5,832521,1938.8722314453123,1832.7804309082035,1680.5033687046064,1762.704693074968,2025.2982758197766,1510.9017119731918,1768.0999938964842,26.87859849401464,40.40019418949843,35.07736256735157,-88.51134220014023,-83.94049794165937,-4.570844258480861,35.26229653937642,50.95405492959931,45.26437556336977,48.84418794181626,-97.97137029010877,23655840.0,25030655.55,-1.0
2026-10-01,1623.300048828125,1632.9000244140625,1566.5999755859375,1595.800048828125,496337,1929.3664501953126,1830.7363793945315,1663.5627047293103,1747.5315435979821,1998.9146419443152,1499.7953556142777,1749.3549987792965,24.63920838794848,40.40019418949843,35.07736256735157,-90.39095580935464,-85.23058951519843,-5.160366294156205,36.928319433136934,52.05019735092257,35.8189091994659,44.97681639183225,-89.87514883138003,23159503.0,24879219.9,-1.0
2026-10-05,1581.0,1616.699951171875,1578.0,1599.9000244140625,509332,1920.7408129882813,1828.6068402099613,1650.8301686662608,1734.110496399444,1957.0910080838487,1501.458991916151,1729.2749999999999,25.477565435181358,36.288977795020635,35.07736256735157,-90.50642761246104,-86.28575713465095,-4.2206704778100885,38.475340691628844,51.096608338133464,33.218191398893566,38.10049205390975,-82.75502173054129,23668835.0,24687054.5,-1.0
2026-10-06,1597.0999755859375,1620.0,1583.699951171875,1610.0,371383,1912.5619921875002,1826.3312506103518,1642.6641349330087,1722.8277239994945,1910.6555434280704,1510.6944565719295,1710.675,27.613867583666714,36.288977795020635,35.07736256735157,-88.75978863524801,-86.78056343477036,-1.9792252004776572,39.79247664048028,50.039711230275714,37.13775296478026,35.3916178543799,-73.7605695236085,24040218.0,24528824.2,-1.0
2026-10-07,1604.800048828125,1604.800048828125,1570.0999755859375,1580.199951171875,196039,1902.7899902343752,1823.9429852294925,1630.171298180782,1709.8615628333473,1875.02864361466,1512.12135638534,1693.575,25.30858172477228,36.288977795020635,35.07736256735157,-88.7570436036608,-87.17585946854845,-1.581184135112352,41.15304698872929,49.315447886260486,31.282959629327323,33.879634664333715,-91.77752504323016,23844179.0,24398432.35,-1.0
2026-10-08,1579.0,1580.4000244140625,1530.0,1534.0,866694,1890.7379882812504,1821.5436572265628,1610.9370385446257,1693.8741480303156,1840.0853058558503,1509.8046965855558,1674.945001220703,22.212551321968437,36.288977795020635,35.07736256735157,-91.42888284785272,-88.0264641444093,-3.4024187034434163,42.7817471730796,49.392917638246345,19.817824210243078,29.41284560145022,-98.01980198019803,22977485.0,24250086.2,-1.0
2026-10-09,1541.5999755859375,1561.199951171875,1533.0999755859375,1550.0,295279,1878.6179882812505,1819.2676202392583,1598.7496308357006,1680.7946800275597,1809.8557809561125,1509.3242239267001,1659.5900024414063,25.606726306416377,36.288977795020635,35.07736256735157,-91.20392632580524,-88.6619565806885,-2.541969745116745,44.29411162997632,47.87199320593857,14.148761244482941,21.749848361351113,-90.0990099009901,23272764.0,24143435.6,-1.0
