Date,Open,High,Low,Close,Volume,MA50,MA200,EMA9,EMA21,BB_Upper,BB_Lower,BB_Mid,RSI,RSI_W,RSI_M,MACD,MACD_Signal,MACD_Hist,ADX,ATR,StochRSI_K,StochRSI_D,Williams_R,OBV,OBV_SMA20,Supertrend_Dir
2025-07-24,572.2183284240272,577.0156403042043,554.1664969741767,557.5296020507812,721304,539.5257800292967,495.5599954223633,562.6247724269087,555.1572709716514,579.2246219885061,533.3782710779002,556.3014465332031,53.40317096327578,63.02110796727437,48.51784580531751,9.375300795167618,10.247559295203724,-0.8722585000361054,39.34869517121644,17.489694186264703,24.793540444832256,47.56383453257527,-53.008889641783256,82264495.0,80210526.65,1.0
2025-07-25,557.5295823739458,558.6670587770622,533.8890784208922,536.411376953125,701654,540.811911010742,495.5599954223633,557.3820933321521,553.453098788149,580.0394870242337,530.9040249386569,555.4717559814453,43.86593990279345,63.02110796727437,48.51784580531751,6.718313943188264,9.541710224800632,-2.823396281612368,37.14001605432551,18.010286055543645,20.792074566540737,32.50693233417764,-92.92933458204293,81562841.0,80358458.05,1.0
2025-07-28,536.11463816504,548.9734763498103,530.3776301263148,533.6417846679688,453759,540.4547308349609,495.5599954223633,552.6340315993154,551.6520702317689,581.0173438712038,528.3343956307494,554.6758697509766,42.786726258738696,55.026848657131886,48.51784580531751,4.339130968682753,8.501194373577057,-4.162063404894305,35.33163348537601,18.052111781825925,1.4863404037811112,15.690651805051369,-94.0860429276587,81109082.0,80541091.35,1.0
2025-07-29,533.1472255730197,547.4897761682122,529.0917698985119,544.4234619140625,374886,540.8043133544921,495.4862698364258,550.9919176622649,550.9949240210683,580.821066645621,527.3716152391447,554.0963409423829,48.13607082620902,55.026848657131886,48.51784580531751,3.285726755084056,7.458100849878457,-4.172374094794401,33.74319275381778,18.07681853095981,7.770328195834982,10.016247722052276,-72.8546270147856,81483968.0,80681258.45,1.0
2025-07-30,545.4126032005994,555.2545120328268,545.4126032005994,548.6767578125,338032,541.3146697998046,495.4197366333007,550.5288856923119,550.7841816384712,580.8203896026774,527.5557822723227,554.1880859375001,50.11748853006637,55.026848657131886,48.51784580531751,2.762260143677395,6.5189327086382445,-3.7566725649608497,31.57599605654347,17.55926364437442,18.418815698444654,9.225161432686916,-65.32399677107456,81822000.0,80873160.9,1.0
2025-07-31,546.9952182112069,582.6043101743235,538.7853563053022,566.53076171875,6580600,542.3587567138673,495.44223114013676,553.7292608975995,552.2156889184965,582.1209897433722,527.9037722195186,555.0123809814454,57.46372335996826,55.026848657131886,50.71816428670038,3.744909005966406,5.9641279681038775,-2.2192189621374716,30.889361292723034,19.434955803277763,39.738265767035706,21.975803220438443,-33.712769854759216,88402600.0,81368397.4,1.0
2025-08-01,567.7671386950273,575.1362538762628,512.6719530572848,521.5247802734375,2821921,542.3183074951172,495.2147024536133,547.2883647727671,549.4256063144003,584.566012291919,522.8396883916747,553.7028503417969,41.05157012908143,55.026848657131886,50.71816428670038,0.8818928254446519,4.947680939572032,-4.06578811412738,28.868960815408208,22.508480447256353,31.967937571200725,30.041673012227026,-87.85616459402733,85580679.0,81739999.05,-1.0
2025-08-04,522.2666552107537,527.6574878740566,512.8698119825299,521.3764038085938,935089,542.3234222412109,494.9388720703125,542.1059725799324,546.8756788138724,586.3504254635869,519.2755144778195,552.8129699707032,41.00998472995341,52.11899775376028,50.71816428670038,-1.3830973795720638,3.681525275743213,-5.064622655315277,26.992874657901584,21.956994407561385,21.319450068591053,31.00855113560916,-88.0596995013725,84645590.0,82082532.15,-1.0
2025-08-05,522.2666819288003,532.6526670807934,519.9916686842728,526.3716430664062,371654,542.4556182861328,494.70912841796877,538.9591066772272,545.0116755641027,587.305780070751,516.8166808667492,552.0612304687501,43.099767299146556,52.11899775376028,50.71816428670038,-2.7434199369582757,2.3965362332029154,-5.1399561701611916,25.1923223536428,21.292994692487046,2.817426673234265,18.701604771008682,-81.20749716202872,85017244.0,82424119.55,-1.0
2025-08-06,530.9711041145758,541.5549294215875,527.212378779372,530.229248046875,1015472,542.7484393310547,494.52924743652346,537.2131349511567,543.667818517082,587.80264687895,515.0273946249564,551.4150207519532,44.728209213789505,52.11899775376028,50.71816428670038,-3.4702065012894536,1.2231876863044415,-4.693394187593896,24.052622979980505,20.85658695410806,7.830304564103638,10.655727101976318,-75.46645379805999,86032716.0,82796344.8,-1.0
2025-08-07,529.3884822411698,529.9324979293799,518.7057673391918,525.1846313476562,369389,542.5123297119142,494.37388671875004,534.8074342304567,541.9875287744069,588.4948657121986,512.0481274518638,550.2714965820312,42.995305733134714,52.11899775376028,50.71816428670038,-4.402499227112912,0.09805030362097078,-4.500549530733883,22.429273246561205,20.189936507934856,10.719824095508855,7.122518444282253,-82.10745525217995,85663327.0,83115252.75,-1.0
2025-08-08,525.234069922606,525.2835149168573,513.8589441144893,517.6671142578125,350051,542.263695678711,494.285036315918,531.3793702359279,539.7765820001711,589.7559777115541,507.9666052962584,548.8612915039063,40.478508109374815,52.11899775376028,50.71816428670038,-5.68244504252209,-1.0580487656076416,-4.624396276914449,21.040414515514783,19.563838957537218,7.902397422274591,8.817508693962361,-92.85715310272207,85313276.0,83437237.65,-1.0
2025-08-11,517.61767578125,521.7720816814399,513.3149348964386,517.61767578125,265094,542.0402801513673,494.35608947753906,528.6270313449924,537.7621359802691,588.446080010066,504.2284500192308,546.3372650146484,40.46173370608418,51.361555467818015,50.71816428670038,-6.624438194690697,-2.171326651424253,-4.453111543266444,19.786214517190153,18.77050380235608,2.8895195314052176,7.170580349729554,-92.92784781201058,85048182.0,83550894.75,-1.0
2025-08-12,517.6176830079112,533.1472150762638,515.3921148559231,531.267822265625,504019,541.8870086669922,494.47646667480467,529.155189529119,537.1717438243924,585.9177655374139,503.1368182028205,544.5272918701172,46.993205290306804,51.361555467818015,50.71816428670038,-6.198074270203847,-2.976676175180172,-3.221398095023675,18.887842374396804,18.697974975069272,12.805308314274296,7.865741755984701,-73.40877674519365,85552201.0,83793658.35,-1.0
2025-08-13,533.2461067883225,539.4282405637965,530.7238082824092,533.147216796875,243658,541.4820831298828,494.6382708740234,529.9535949826702,536.8058777309817,582.5742430545873,502.8056763790065,542.6899597167969,47.84161248812347,51.361555467818015,50.71816428670038,-5.643471924934033,-3.5100353251309446,-2.1334365998030886,18.43724426843005,17.984150496949134,27.273965477885262,14.322931107854924,-70.72133046320339,85795859.0,83992610.3,-1.0
2025-08-14,530.1797634629368,537.3510382485829,525.5307870446593,528.6466064453125,236404,541.2812420654298,494.8831259155274,529.6921972751986,536.0641257959209,578.1742408126815,502.78916250763115,540.4817016601563,45.94512334012109,51.361555467818015,50.71816428670038,-5.50366439557456,-3.908761139219668,-1.5949032563548924,17.624747798310086,17.54387197601874,38.024451637964845,26.0345751433748,-77.1569927761872,85559455.0,84131294.0,-1.0
2025-08-18,532.158101041321,548.9735057210653,531.0205642228476,542.3956909179688,475420,541.6077398681641,495.15620361328126,532.2328960037527,536.6397226251979,573.4693675465628,504.44747815656234,538.9584228515625,52.181439191707966,53.4357451110721,50.71816428670038,-4.234615696456331,-3.973932050667001,-0.2606836457893298,17.57157463705014,17.74265964028546,48.19626879391736,37.83156196992249,-57.496445013374334,86034875.0,84258451.4,-1.0
2025-08-19,542.9891649528248,552.4354529238652,542.3956439097723,547.48974609375,346052,541.8041424560548,495.4278169250489,535.2842660217522,537.6260883950663,569.2963667754643,506.3207230682858,537.8085449218751,54.28579392743275,53.4357451110721,50.71816428670038,-2.785725668065311,-3.736290774146663,0.9505651060813523,17.716799057727847,17.19245602412885,60.83043999092806,49.017053474270085,-50.21218435667167,86380927.0,84430178.85,-1.0
2025-08-20,547.4897708445582,550.457195076778,535.8673592683639,537.8456420898438,191425,541.8270758056641,495.58569366455094,535.7965412353705,537.6460478218643,567.1051532326686,506.6424602927221,536.8738067626954,49.81612536582167,53.4357451110721,50.71816428670038,-2.388139490371941,-3.466660517391719,1.0785210270197778,17.318483356995156,17.00655458014923,68.41975179992616,59.14882019492386,-64.00280203564665,86189502.0,84622230.9,-1.0
2025-08-21,539.0820896894234,546.3522551904022,533.1472409955949,535.3233642578125,265382,541.856830444336,495.69043609619155,535.7019058398589,537.4348947705868,561.2049022863839,509.12523077025685,535.1650665283204,48.68706174785593,53.4357451110721,50.71816428670038,-2.2506324318809448,-3.2234549002895645,0.9728224684086197,16.730418338686146,16.735015981196238,65.27598910462255,64.84206029849224,-63.73702914538071,85924120.0,84769146.95,-1.0
2025-08-22,535.1254919798115,538.3896464922695,528.2509472449625,531.3173217773438,205524,542.1180291748047,495.77078063964854,534.8249890273559,536.878751771201,557.7010035336533,510.0079014956437,533.8544525146485,46.87007634122469,53.4357451110721,50.71816428670038,-2.4368210889766715,-3.0661281380269862,0.6293070490503148,15.793537955982234,16.263850500204153,53.62530850312806,62.44034980255893,-53.37492491991649,85718596.0,84941852.0,-1.0
2025-08-25,533.6417783350173,535.817901461095,519.7937989157583,521.8709716796875,267275,542.3960717773438,495.88639526367194,532.2341855578222,535.514408126518,557.5259665455933,508.72889795636,533.1274322509767,42.81271391898509,53.95017570665162,50.71816428670038,-3.308480345614157,-3.114598579544421,-0.19388176606973628,15.038861518023259,16.246725646285046,40.954323157976596,53.285206921909065,-78.1290299447199,85451321.0,85136276.0,-1.0
2025-08-26,518.3101010256087,519.2003524473229,507.6768308232703,515.1448364257812,360274,542.2464660644531,495.9312532043458,528.8163157314141,533.6626288809964,557.8874056652098,506.51776401252454,532.2025848388672,40.14772547666436,53.95017570665162,50.71816428670038,-4.490258582942488,-3.3897305802240343,-1.1005280027184536,15.12572608881519,16.100112447008772,21.120960383053372,38.56686401471934,-83.31493407968047,85091047.0,85335374.25,-1.0
2025-08-28,514.3535411993817,515.1448422652081,506.2425694367573,509.90240478515625,199879,541.9978356933594,495.8710368347169,525.0335335421626,531.5026085086473,557.3171360381485,503.6359279266954,530.476531982422,38.15422182861331,53.95017570665162,50.71816428670038,-5.783181850381197,-3.868420834255467,-1.9147610161257305,15.293809834560264,15.585981045683205,5.668812623926209,22.581365388318723,-92.07705803985941,84891168.0,85505734.25,-1.0
2025-08-29,506.4403997300975,511.4355517545178,500.3077109401357,505.25341796875,272063,541.354366455078,495.80553176879897,521.0775104274801,529.1163184595657,555.959863289917,500.6508666905518,528.3053649902345,36.426842042109506,53.95017570665162,50.71816428670038,-7.101110061217469,-4.514958679647868,-2.586151381569601,15.810300773040925,15.267542457733128,0.0,8.92992433565986,-90.51233212795212,84619105.0,85645589.5,-1.0
2025-09-01,515.0459510977811,516.3318228733687,508.86381720322447,512.2763671875,207615,541.1561279296875,495.84478271484386,519.3172817794841,527.5854137984688,547.5074775934173,503.6778129339267,525.592645263672,40.78799105367324,48.33767466487463,43.4905572924915,-7.4925153022718405,-5.1104700041726625,-2.382045298099178,15.838953743907927,14.96831834679638,8.139986862177487,4.6029331620345655,-77.03975696645357,84826720.0,85466795.5,-1.0
2025-09-02,516.3318230508569,521.7721008799367,511.4850059268978,513.2160034179688,427423,540.8407958984375,495.92828445434577,518.0970261071811,526.2791037638779,547.7226756137629,502.6317372280341,525.1772064208985,41.36754005964601,48.33767466487463,43.4905572924915,-7.6388303040603205,-5.6161420641501945,-2.022688239910126,15.383494104471955,14.633945247242275,17.361688951717703,8.50055860463173,-75.23719235361837,85254143.0,85450468.7,-1.0
2025-09-03,516.3318375389398,524.6406498781828,513.3644131852677,519.2498168945312,407003,540.3442810058593,496.10553009033214,518.3275842646513,525.6400776848463,547.7116790316763,502.4300751187143,525.0708770751953,45.084533995981545,48.33767466487463,43.4905572924915,-7.185082517541332,-5.929930154828423,-1.2551523627129093,14.710959457484488,14.404709619597401,33.521076896141366,19.674250903345516,-63.66213990180525,85661146.0,85501246.5,-1.0
2025-09-04,520.8818351036236,533.740673254561,513.3643846412664,515.6888427734375,430735,539.9716381835937,496.32781799316416,517.7998359664085,524.7354199656273,547.5493311055262,501.5241430155676,524.5367370605469,43.338358787532975,48.33767466487463,43.4905572924915,-7.0317671444009875,-6.150297552742936,-0.8814695916580515,13.978237280981183,14.83125097629006,38.28128109744104,29.721348981766702,-70.49338557940476,85230411.0,85511904.85,-1.0
2025-09-05,518.2606627533124,519.7938198906886,508.3692484832709,510.8421020507813,172308,539.3506469726561,496.52999725341806,516.4082891832832,523.4723910642776,547.1954087337222,499.9393507877623,523.5673797607423,41.01017374038659,48.33767466487463,43.4905572924915,-7.218148751361582,-6.363867792466666,-0.8542809588949165,13.071624074779786,14.587916721370606,37.61426487395425,36.472207622512215,-79.79120002179705,85058103.0,85463174.2,-1.0
2025-09-08,513.3643960671577,522.0688284731997,508.1714036213917,509.457275390625,312355,538.7204003906251,496.76577529907235,515.0180864247516,522.1982896394002,547.2154995995905,498.3465243261907,522.7810119628906,40.34329524208175,49.54961934924389,43.4905572924915,-7.392386624276469,-6.569571558828627,-0.8228150654478421,12.235936914066265,14.538595873544708,28.764849028529383,34.88679833330822,-82.44780206795616,84745748.0,85417295.25,-1.0
2025-09-09,510.3969630579422,521.6731991814381,510.3969630579422,514.254638671875,253978,537.9453894042969,497.03912872314464,514.8653968741763,521.4761395514433,547.2420952898578,497.97868107732967,522.6103881835937,43.75544041640903,49.54961934924389,43.4905572924915,-7.061958409688032,-6.668048929000508,-0.3939094806875234,11.45994169340371,14.372690724778165,34.109593602796465,33.496235835093366,-72.18928973678351,84999726.0,85401617.75,-1.0
2025-09-10,516.7275231593284,521.6732304622607,515.837271695839,517.3209838867188,344490,537.3006188964844,497.3811973571778,515.3565142766848,521.0983981273774,547.2402752207254,497.9508319570088,522.5955535888671,45.88594013510973,49.54961934924389,43.4905572924915,-6.477989011778732,-6.630036945556153,0.1520479337774212,10.73937765051614,13.87596937232156,51.27249496879648,38.048979200040776,-63.05040429087403,85344216.0,85416419.45,-1.0
2025-09-11,517.3209706804494,524.6900864481789,514.9470070866834,516.480224609375,327441,536.5099426269531,497.6785392761231,515.5812563432229,520.6785641711954,546.2918090204425,497.42053839166664,521.8561737060546,45.378382602006575,49.54961934924389,43.4905572924915,-6.013709009765648,-6.506771358398053,0.49306234863240483,10.363691194686838,13.580762942976847,72.53457983831589,52.63888946996961,-57.532322255261214,85016775.0,85389648.15,-1.0
2025-09-12,517.3209378038741,535.0265925201171,513.3643723139784,527.6080322265625,650038,536.1252661132812,497.9880854797364,517.9866115198909,521.3085158125924,545.5980158493608,497.5604131057173,521.579214477539,52.817319542457376,49.54961934924389,43.4905572924915,-4.693736218102231,-6.144164330338889,1.4504281122366578,10.914167131734136,14.158009890345554,87.62297753390496,70.47668411367243,-23.119755523943798,85666813.0,85383195.85,-1.0
2025-09-15,530.9711217995556,539.0820938177156,526.2232548826142,532.454833984375,510141,535.7734655761718,498.3165272521974,520.8802560127876,522.3218174645726,546.0829071825073,497.4563445264772,521.7696258544922,55.65044569087465,53.10387439452335,43.4905572924915,-3.2194401730919253,-5.5592194988894965,2.339779325797571,11.737147290630652,14.065211964970972,95.23872363518487,85.13209366913523,-17.091851221112908,86176954.0,85414070.8,-1.0
2025-09-16,532.4548037253959,553.4740584824967,531.1689319794415,538.8347778320312,1186827,535.5958532714844,498.66497879028327,524.4711603766364,523.8229956797961,545.313855671755,497.86930472863554,521.5915802001953,59.12934001461622,53.10387439452335,43.4905572924915,-1.5187347576943466,-4.751122550650467,3.2323877929561204,13.438676110658868,14.65377728911985,99.99999999999999,94.28723372302994,-27.534862421762984,87363781.0,85480516.1,-1.0
2025-09-17,541.5549461700838,553.820324351025,538.8348071710559,548.5283813476562,603308,535.7829406738281,498.96022705078127,529.2826045708404,526.0689398314198,545.6078165608543,497.679207364927,521.6435119628907,63.77847150361038,53.10387439452335,43.4905572924915,0.6043131816293226,-3.680035404194509,4.284348585823832,15.038756837942621,14.677475091253697,99.99999999999999,98.41290787839495,-9.889150736734265,87967089.0,85559824.2,-1.0
2025-09-18,550.7539005925198,569.992712238431,547.5886361463907,559.3099975585938,1511373,536.1410119628905,499.2259107971191,535.288083168391,529.0908541702538,551.2274357192061,494.2060237534502,522.7167297363281,68.12192843105704,53.10387439452335,43.4905572924915,3.1208550177939287,-2.3198573197968217,5.4407123375907505,17.34950375207417,15.22937516273845,99.99999999999999,99.99999999999999,-17.279987950453734,89478462.0,85724272.2,1.0
2025-09-19,562.0301784340971,571.4270221166321,557.9746623055617,563.7117309570312,1053527,536.5521777343749,499.50972091674805,540.9728127261191,532.2382066054154,557.6731021188208,490.5991940237574,524.1361480712891,69.71843815232019,53.10387439452335,43.4905572924915,5.408074732980026,-0.7742709092414524,6.182345642221478,19.55871446770201,15.102445494762165,99.99999999999999,99.99999999999999,-12.197005330334987,90531989.0,85954665.65,1.0
2025-09-22,563.8106172766198,573.6525866175956,560.8431929751639,563.2666015625,539530,536.8564074707031,499.55908645629876,545.4315704933953,535.0589697833321,563.4891691222185,487.9780549988752,525.7336120605469,69.34024633428265,59.689682689607345,43.4905572924915,7.102916612459808,0.8011665950987998,6.301750017361008,21.71160277418628,14.93865607673856,99.57084825176489,99.85694941725495,-15.861022327128238,89992459.0,86168358.8,1.0
2025-09-23,563.2665595402755,576.8672532406085,561.0409914802209,567.3714599609375,740125,537.2864123535155,499.4438325500488,549.8195483869038,537.9964688903872,570.026967282156,485.9903056670628,528.0086364746094,70.90750964809453,59.689682689607345,43.4905572924915,8.677292354805445,2.3763917470401292,6.300900607765316,23.85794009736603,15.002056482713494,99.5708482517649,99.71389883450992,-13.822950487265972,90732584.0,86432421.95,1.0
2025-09-24,568.7563035871599,572.6139791865371,561.8323138043597,565.7888793945312,613894,537.240225830078,499.50993484497064,553.0134145884292,540.5230516634912,575.3091169536966,485.7725602923973,530.540838623047,69.43385101920352,59.689682689607345,43.4905572924915,9.685645357274097,3.8382424690869232,5.847402888187174,25.850967611747226,14.700599975532343,97.9636760979567,99.03512420049549,-16.12670038653724,90118690.0,86683804.1,1.0
2025-09-25,568.607927050927,577.6585952870042,563.4644399113613,564.7008666992188,588419,537.1848974609375,499.62470870971674,555.3509050105872,542.7210348485573,579.4173165436024,487.1442068938976,533.28076171875,68.38165397471725,59.689682689607345,43.4905572924915,10.278494755510565,5.126292926371652,5.152201829138913,27.940769322139197,14.664425361254528,95.638129557725,97.72421796914885,-18.647650419002225,89530271.0,86915759.25,1.0
2025-09-26,564.700823289979,566.9758363302733,543.3353338147523,547.5391845703125,406732,536.7378039550781,499.6058714294433,553.7885609225323,543.159048459626,579.972904721856,490.81719537580045,535.3950500488282,54.3826595361473,59.689682689607345,43.4905572924915,9.25682098309926,5.9523985377171735,3.3044224453820865,27.33622004174472,15.30557372941642,75.35133917115252,89.6510482756114,-44.77948232674302,89123539.0,87140980.95,1.0
2025-09-29,547.3413639890044,553.523497676295,537.9445207843227,539.8239135742188,285101,536.078046875,499.55185501098623,550.9956314528696,542.8558543791344,580.025239442788,493.5196152935403,536.7724273681641,49.47865215360395,55.90251235222279,43.4905572924915,7.7354102730247405,6.309000884778687,1.4264093882460536,26.244572932128534,15.325102526741846,48.9788922597718,73.32278699621644,-58.84616060864245,88838438.0,87341566.85,1.0
2025-09-30,543.038605271165,552.8805738528358,538.8841994951575,549.4185791015625,268755,535.6091931152345,499.542172088623,550.6802209826083,543.4524657175369,580.6997261571352,496.4653861475523,538.5825561523437,54.92258784667356,55.90251235222279,49.11856782804699,7.220655425170207,6.491331792856991,0.729323632313216,25.230900616056363,15.230193371808735,30.86210811360195,51.730779848175416,-43.9231005206947,89107193.0,87534219.35,1.0
2025-10-01,552.4354623197341,556.7382031861565,540.2195903905401,542.6924438476562,321979,535.0532958984377,499.54132278442376,549.0826655556178,543.383372820275,580.9000641041024,498.60931089589775,539.7546875,50.79075128199917,55.90251235222279,49.11856782804699,6.198512997905141,6.432768033866621,-0.23425503596148012,24.597695983061726,15.32222333065214,19.856581008419145,33.23252712726429,-54.38459292682916,88785214.0,87690422.75,1.0
2025-10-03,542.6924679331819,551.9903611211539,535.3233522294436,549.1218872070312,545443,534.9049255371094,499.5437449645996,549.0905098859006,543.9050559463437,581.146851989636,501.70582745372343,541.4263397216797,54.327765943260864,55.90251235222279,49.11856782804699,5.839940902671401,6.3142026076275775,-0.47426170495617637,23.487570960045694,15.418279442156297,22.04583193865054,24.254840353557213,-55.480741170592864,89330657.0,87895435.05,1.0
2025-10-06,552.9300598715589,577.65859564399,551.8914734435972,561.38720703125,1393246,534.7427062988281,499.6218101501465,551.5498493149705,545.494342408608,581.8716949353236,506.0354950060828,543.9535949707032,60.20424343083059,56.195426687719,49.11856782804699,6.470886387794394,6.345539363660942,0.12534702413345222,24.157449426613987,16.355310084642188,26.268011410346084,22.723474785805255,-35.000013616248246,90723903.0,88178725.05,1.0
2025-10-07,565.6900071239518,572.317206397166,559.5573181925997,568.0144653320312,593468,534.9524035644532,499.77013748168946,554.8427725183827,547.5416263107373,582.5611645848546,511.20174435069225,546.8814544677734,62.97619462523041,56.195426687719,49.11856782804699,7.4201447789041595,6.560460446709586,0.8596843321945737,24.779479431284543,16.098494236065342,45.22289245702835,31.178911935341656,-22.780382334225614,91317371.0,88507306.2,1.0
2025-10-08,572.7622899502522,615.2459232525397,567.6187428260731,583.9395751953125,10337303,535.9029675292969,499.96897201538087,560.6621330537687,550.8505307547896,586.2395851405795,514.4918174473114,550.3657012939454,68.63061442800065,56.195426687719,49.11856782804699,9.349684820532048,7.118305321474079,2.2313794990579687,26.972078363863908,18.350543249665428,67.4714708649332,46.32079157743588,-39.170847054182275,101654674.0,89340053.6,1.0
2025-10-09,588.3907631947097,598.3811279920288,569.0036150616905,583.5440063476562,3578920,536.9010119628906,500.1427766418457,565.2385077125462,553.8226648995957,588.9278799292102,518.4258249047742,553.6768524169922,68.35137382254089,56.195426687719,49.11856782804699,10.72332825195997,7.839309907571257,2.8840183443887124,29.008063086973323,19.13818394114206,80.14461562436948,64.279659648777,-39.66578714756584,98075754.0,89976630.5,1.0
2025-10-10,583.0988737022511,583.0988737022511,553.9192014813582,557.1339111328125,1877710,537.1552209472657,500.19350906372074,563.6175883965994,554.1236872844336,586.3113667244882,525.1077067618401,555.7095367431641,52.881217625294255,56.195426687719,49.11856782804699,9.570553222385115,8.18555857053403,1.3849946518510858,29.558367802861255,19.887228292938918,64.44152770109964,70.68587139680076,-72.71038878733506,96198044.0,90535693.95,1.0
2025-10-13,556.3426066996202,556.3920516964017,544.2256242404541,548.1821899414062,831146,537.1453295898439,500.21646865844724,560.5305087055608,553.5835511623402,584.6253991400934,528.8510901177192,556.7382446289063,48.84573601725677,57.7262502795419,49.11856782804699,7.844218352350936,8.11729052689741,-0.27307217454647414,29.316643031383585,19.38873247861174,34.649984094819,59.7453758067627,-83.91088080956915,95366898.0,91020698.2,1.0
2025-10-14,549.9626496299743,556.3426240967452,540.1701250649397,545.2147827148438,710247,536.7190100097657,500.23235610961916,557.4673635074174,552.8227540307496,583.4490507056289,531.3034334252307,557.3762420654298,47.55033918389006,57.7262502795419,49.11856782804699,6.16556773977959,7.726945969473847,-1.5613782296942569,28.789691117507097,19.159001518125578,5.292808964990491,34.79477358696971,-87.62373337246403,94656651.0,91444683.05,1.0
2025-10-15,544.5717698651811,552.9794715207748,544.4234348829331,551.2484741210938,451691,537.3134838867188,500.2801106262208,556.2235856301527,552.6796376753263,582.7698644301443,533.2239893296214,557.9969268798828,50.429024961674706,57.7262502795419,49.11856782804699,5.261442867867231,7.233845349152524,-1.9724024812852932,28.30037862605036,18.40164688381959,4.5519421108901215,14.831578390233203,-80.07431231529311,95108342.0,91831911.1,1.0
2025-10-16,551.0506524666637,558.7660037220454,548.7261943143372,550.1604614257812,485699,537.8891650390625,500.3110203552247,555.0109607892784,552.4506216526404,582.7305990907233,533.4264626768546,558.078530883789,49.89720655712563,57.7262502795419,49.11856782804699,4.4063304270805475,6.6683423647381295,-2.262011937657582,28.139407159617154,17.804372778383062,8.26294263319313,6.035897903024581,-81.43564576763924,94622643.0,92164688.8,1.0
2025-10-17,553.6224652306738,554.9083370030812,542.247338892821,545.3630981445312,474869,538.2689941406251,500.3342008972169,553.081388260329,551.8063013337213,582.6674673490909,532.094904477081,557.3811859130859,47.51767587188688,57.7262502795419,49.11856782804699,3.3034602994462148,5.995365951679747,-2.6919056522335323,27.452785652072922,17.43698887351715,8.26294263319313,7.025942459092127,-87.43815947539227,94147774.0,92398154.4,1.0
2025-10-20,548.3304845133472,552.4354452744617,541.1592097089786,542.34619140625,295326,538.5113330078125,500.3025019836426,550.9343488895133,550.9462913403148,582.2694802862164,530.3563375848772,556.3129089355468,46.03102269772576,54.70173555239209,49.11856782804699,2.161077065915947,5.228508174526987,-3.06743110861104,26.7248261175326,16.996935065800436,3.7110005223030087,6.745628596229756,-91.21294637183661,93852448.0,92564177.35,1.0
2025-10-21,544.0277949604813,551.9903715213314,544.0277949604813,550.4572143554688,172627,539.0167846679689,500.2997108459473,550.8389219827045,550.901829796238,581.5385457463606,529.80633340403,555.6724395751953,50.51370385863013,54.70173555239209,49.11856782804699,1.8884529778636079,4.5604971351943115,-2.6720441573307037,26.048863692602303,16.47173828360622,6.6117435724871605,6.195228909327766,-81.06434523777799,94025075.0,92765808.15,1.0
2025-10-23,550.4572078348284,559.4583707322233,547.7865138894513,550.5066528320312,425324,539.6735754394533,500.28770339965826,550.7724681525699,550.8659046176737,580.1839893564011,529.4744090810991,554.8291992187501,50.54066982724763,54.70173555239209,49.11856782804699,1.657281585322039,3.9798540252198573,-2.3225724398978183,25.884044440944727,16.128889609260924,13.263260678554545,7.862001591114904,-81.0024872720874,94450399.0,92951698.9,1.0
2025-10-24,550.2593805113796,557.776891808797,548.8251133241009,550.4077758789062,329867,540.3293774414062,500.2720472717286,550.6995296978372,550.8242565505129,578.9439415464273,529.1763465395103,554.0601440429688,50.48142133154578,54.70173555239209,49.11856782804699,1.4493903774082355,3.473761295657533,-2.0243709182492977,25.730997992976977,15.61623881464915,19.827389044139387,13.234131098393696,-86.36358045986456,94120532.0,93151791.0,1.0
2025-10-27,552.9300274856216,561.4366191441335,550.7539043906262,556.4414672851562,383881,540.8328503417969,500.35862716674814,551.847917215301,551.3349120718441,578.0570550923505,529.2372930521806,553.6471740722656,54.02339960426698,55.771278894506544,49.11856782804699,1.7513154933316173,3.1292721351923505,-1.3779566418607332,25.821012949980997,15.288567703976158,25.004024957927722,19.36489156020722,-78.32678091605823,94504413.0,93400498.1,1.0
2025-10-28,560.8431549479268,586.5608304834578,558.5186968850206,583.89013671875,2395694,541.8477087402343,500.5936125183107,558.2563611159908,554.2944779488355,583.1528743883847,527.7765689709905,555.4647216796876,65.95408957509946,55.771278894506544,49.11856782804699,4.157545946454775,3.3349268974448356,0.8226190490099392,27.15398927792834,16.347910239285117,47.7380930948072,30.85650236562477,-41.765505383555976,96900107.0,93789326.5,1.0
2025-10-29,585.5717344351636,631.8635419072467,581.9118990204634,623.703125,8602684,543.748839111328,501.05726638793953,571.3457138927927,560.6043549534868,599.9250826521954,519.3922818497576,559.6586822509765,75.77385606324191,55.771278894506544,49.11856782804699,9.171354672090274,4.502212452373923,4.669142219716351,29.650859142124826,18.748176856963564,74.50729806255569,49.08313870509687,-8.899675885435565,105502791.0,94622544.15,1.0
2025-10-30,618.2133712527623,644.7223485376009,614.1084103186842,629.1433715820312,3306669,545.4837927246093,501.5481214904786,582.9052454306404,566.8351746469908,614.1310418396594,513.1588019103407,563.644921875,76.76024075808282,55.771278894506544,49.11856782804699,13.429015313566765,6.287573024612492,7.1414422889542735,32.2088168245585,19.59573123996022,96.05225190961352,72.76588102232546,-14.900665369056709,108809460.0,95607657.5,1.0
2025-10-31,628.1047852579266,634.7320446729232,614.256805740429,616.3834838867188,1205945,546.8616674804687,502.08097366333016,589.6008931218561,571.339566396057,621.9629137748841,512.6960339790221,567.3294738769531,69.60214347026759,55.771278894506544,56.23571342527061,15.593869329757695,8.148832285641532,7.445037044116162,34.58406324396119,19.658553217998364,92.23529728421596,87.59828241879505,-27.104985154421225,107603515.0,96548572.55,1.0
2025-11-03,619.8455045286229,635.3749767636315,610.1024251682796,611.932373046875,931434,548.3434020996093,502.7226026916504,594.0671891068598,575.0298215461313,627.8487126013192,513.0912837365713,570.4699981689453,67.24635517852738,66.80886767112864,56.23571342527061,16.75719774462334,9.870505377437894,6.8866923671854465,36.41044147143805,20.05955310209504,81.9151674750024,90.06757222294397,-31.36229379119799,106672081.0,97415643.75,1.0
2025-11-04,608.865951726732,622.8623261117191,603.4256742498305,606.1458129882812,995493,549.7598510742188,503.3357843017579,596.4829138831441,577.8585480408722,632.0527817618309,513.3630751717627,572.7079284667968,64.20398290558907,66.80886767112864,56.23571342527061,17.01606623883697,11.29961754971771,5.716448689119261,37.50451711273817,20.015060156366008,68.29484275361264,80.81510250427701,-37.249291577726886,105676588.0,98163278.0,1.0
2025-11-06,607.3328136508944,608.3219550412053,581.1700118026912,584.73095703125,794072,550.8281237792969,503.78608139038096,594.1325225127653,578.4833124945428,633.0808405197624,514.0066655837529,573.5437530517577,54.39580397145928,66.80886767112864,56.23571342527061,15.31666055267317,12.103026150308802,3.2136344023643684,36.79879805873173,20.52483751937659,51.7998580033329,67.33662274398264,-57.92735927560619,104882516.0,98841535.25,1.0
2025-11-07,581.21946188903,583.5934253955311,569.7454458098744,570.9818725585938,835717,551.810341796875,504.1851042175294,589.502392521931,577.8013634094565,632.238322298697,513.5534135411466,572.8958679199218,49.199111947731204,66.80886767112864,56.23571342527061,12.713875449709803,12.225196010189002,0.4886794395208014,35.407550694030256,20.129171355233666,32.22322012148754,50.772640292811026,-71.20339998677893,104046799.0,98961141.5,1.0
2025-11-10,574.7405967845089,579.6368587752645,513.8589558596415,532.7020874023438,4344954,552.1614868164064,504.36506576538096,578.1423314980136,573.7014292269916,632.0835137419248,508.6240302033876,570.3537719726562,38.24422619853036,56.38142589833146,56.23571342527061,7.476110807291661,11.275378969609536,-3.7992681623178743,34.14173026054262,23.38979503811862,12.510211509543975,32.1777632114548,-85.60091469653918,99701845.0,99042446.05,-1.0
2025-11-11,532.6526196004693,582.3075276897,525.2340594389029,563.6127319335938,6421039,553.2356933593751,504.6927861022951,575.2364115851296,572.7842749275918,632.1829425447617,509.17248348062907,570.6777130126953,48.26223686136582,56.38142589833146,56.23571342527061,5.753057607806909,10.17091469724901,-4.417857089442101,32.839192254259004,25.79577169616708,12.106561553841598,18.946664394957704,-61.98037124378173,106122884.0,99538688.05,-1.0
2025-11-12,562.8709330662556,566.2834831615351,551.9409320596271,562.22802734375,783187,554.3751855468752,505.101180419922,572.6347347368537,571.8246160563335,632.1197037473747,510.64030601825,571.3800048828124,47.88747138071777,56.38142589833146,56.23571342527061,4.227064477307863,8.982144653260782,-4.755080175952919,31.629692676995646,24.977684510862854,17.01565445772619,13.877475840370586,-63.03850107024233,105339697.0,100037328.0,-1.0
2025-11-13,563.51388791336,575.680315496275,560.1507828834931,565.1459350585938,588063,555.432576904297,505.5411500549318,571.1369748012017,571.2174632383571,631.9515653293141,512.8015596706858,572.3765625,48.78988775391743,56.38142589833146,56.23571342527061,3.216081705852389,7.828932063779105,-4.612850357926716,30.02534372994765,24.30281651814279,26.142301019319973,18.421505676962585,-60.808765423678125,105927760.0,100600883.45,-1.0
2025-11-14,565.7394183246331,574.4438503012092,557.0844313420492,565.4426879882812,406263,556.4771105957032,505.99789062500014,569.9981174386177,570.6924836701684,631.9352651032831,514.2372812834357,573.0862731933594,48.88682837465852,56.38142589833146,56.23571342527061,2.4110232815150994,6.745350307326304,-4.334327025811205,28.66546900412824,23.806859549644017,26.682848044962142,23.280267840669435,-60.58199999782846,106334023.0,101162167.5,-1.0
2025-11-17,567.470458984375,573.8504333781318,563.0193224825543,567.470458984375,351709,557.4415234375001,506.4033789062501,569.4925857477692,570.3995723350963,631.8830953964467,516.0204507461314,573.951773071289,49.58906487206204,55.248444010996955,56.23571342527061,1.9145629626314076,5.779192838387325,-3.8646298757559174,27.402728187295935,22.880020360067835,28.155476604625562,26.993541889635893,-59.03246734809511,106685732.0,101765321.95,-1.0
2025-11-18,566.3823367734775,600.7055551420694,560.299153437586,589.9239501953125,3116151,558.9262255859375,507.0087322998049,573.5788586372779,572.1745157769341,632.896462513247,519.4631688344092,576.1798156738281,56.685405785970254,55.248444010996955,56.23571342527061,3.2949416360295345,5.2823425979157665,-1.987400961886232,26.000157931397677,24.13190474181181,34.98858063710101,29.94230176222957,-41.87450533025784,109801883.0,102548027.4,-1.0
2025-11-19,587.5500040096089,588.1434647131834,560.34861493509,562.3763427734375,872252,559.9569104003907,507.58554122924824,571.3383554645098,571.2837727766162,632.0600546630068,522.3025918213681,577.1813232421874,47.79577167032412,55.248444010996955,56.23571342527061,2.141355769442157,4.654145232221045,-2.512789462778888,24.697771265206438,24.52072120741257,34.0443355684708,32.396130936732455,-62.925164997676575,108929631.0,103301886.55,-1.0
2025-11-20,562.3268705287584,564.4040432630187,548.0832106091498,556.4414672851562,896727,560.8965942382813,508.0756524658205,568.3589778286391,569.9344722773925,631.8082550642075,523.152816713136,577.4805358886717,46.11776646990205,55.248444010996955,56.23571342527061,0.7397089031709356,3.871257966411023,-3.1315490632400875,23.011245178133077,23.935014882159457,32.59558844531817,33.87616821696332,-64.95728620083825,108032904.0,104002278.0,-1.0
2025-11-21,554.2653317849781,554.3148371504368,539.18092618492,548.9734497070312,666834,561.5909704589843,508.5582699584963,564.4818722043176,568.028924770996,631.8959343449504,522.9118171198933,577.4038757324219,44.02333954668658,55.248444010996955,56.23571342527061,-0.9626164986088952,2.90448307340704,-3.867099572015935,21.87148696923226,23.458266754879226,23.278009249702837,29.972644421163935,-71.10299235758075,107366070.0,104648061.55,-1.0
2025-11-24,546.2038904216057,550.5066313411174,536.6092068151318,547.8359375,629944,562.20126953125,508.987882537842,561.1526852634541,566.1931986554508,632.0469995118501,522.503568115103,577.2752838134766,43.69780879282369,51.908510371892554,56.23571342527061,-2.376118952431966,1.8483626682392387,-4.224481620671205,20.93546610584358,22.7753494528154,22.014322712493176,25.962640135838058,-68.8294209969981,106736126.0,105278841.25,-1.0
2025-11-25,545.9071626985375,566.9264174442859,543.1375184811778,546.4017333984375,1113168,562.7996997070312,509.38824264526386,558.2024948904509,564.3939745411768,632.5242610170621,521.0223332212192,576.7732971191407,43.263429058070855,51.908510371892554,56.23571342527061,-3.570895060225098,0.7645111225463713,-4.335406182771469,19.687447513536238,22.847745846407737,22.71723718922435,22.669856383806785,-65.54970959979076,105622958.0,105834768.5,-1.0
2025-11-26,547.984327020718,557.7768508763654,543.3353504390227,552.1387329101562,545170,563.2903137207031,509.86873001098655,556.989742494392,563.2798616656295,631.8836562504829,518.4877976069391,575.185726928711,45.59324316435684,51.908510371892554,56.23571342527061,-4.008626863854943,-0.19011647473389148,-3.8185103891210512,18.528573106393704,22.247299745760234,29.358773106383854,24.696777669367126,-55.92253770809413,106168128.0,106298169.55,-1.0
2025-11-27,555.8974743723923,557.2822965002161,545.2147591813532,548.2316284179688,306245,563.605849609375,510.18360519409197,555.2381196791074,561.9118404612967,624.4412410794304,518.3830631197885,571.4121520996094,44.2602529104899,51.908510371892554,56.23571342527061,-4.617574625461884,-1.07560810487949,-3.5419665205823945,17.452475442618493,21.520173858124714,33.23042406290872,28.43547811950564,-60.42139491663199,105861883.0,106316124.15,-1.0
2025-11-28,548.7756093623872,550.7538920640342,541.8516199066229,548.9734497070312,372807,563.808623046875,510.5041307067873,553.9851856846922,560.7356231199999,613.7584460589281,521.0488659527906,567.4036560058594,44.59148465483343,51.908510371892554,56.23571342527061,-4.982871889981311,-1.8570608618998543,-3.125811028081457,16.246601320556817,20.618895165216614,27.456181244723595,30.01512613800539,-68.5452235351256,106234690.0,106187385.65,-1.0
2025-12-01,549.9626451069797,552.3860537291439,540.0712306266383,543.8299560546875,321236,563.7146545410155,510.7858355712892,551.9541397586913,559.1987442958806,605.0711589791796,522.4808002493361,563.7759796142578,42.696929717260204,51.90851037189255,48.8310612719923,-5.622595771601027,-2.610167843840089,-3.012427927760938,15.158114516773006,20.02574716073725,14.172473929110183,24.953026412247496,-88.73453881846012,105913454.0,106102882.6,-1.0
2025-12-02,543.8299554873871,546.0060787452727,535.570648553879,538.636962890625,219303,563.3011938476561,511.06972305297865,549.2907043850781,557.3294914408574,596.0774427155154,524.1449754973751,560.1112091064452,40.811617404955726,51.90851037189255,48.8310612719923,-6.473984640412368,-3.3829312031545453,-3.091053437257823,14.437037598066478,19.340724520069855,3.298211641215835,14.975622271683203,-95.29236396064476,105694151.0,106053986.1,-1.0
2025-12-03,540.3679386254147,542.0494910919684,532.1580770209471,539.2799072265625,330597,562.8125573730468,511.4148191833498,547.288544953375,555.6886201486487,586.6295710709634,526.9062565657551,556.7679138183593,41.15804625219666,51.90851037189255,48.8310612719923,-7.015960591851808,-4.109537080893999,-2.9064235109578096,13.986964775034377,18.66577377370925,0.727465174927985,6.066050248418,-89.61036875341897,106024748.0,106071394.1,-1.0
2025-12-04,539.2799318385745,542.9892122844941,531.3668002206127,538.1423950195312,298785,562.3100732421875,511.89545166015637,545.4593149666063,554.0935087732744,582.3183659756737,526.5586054598732,554.4384857177735,40.70412204614658,51.90851037189255,48.8310612719923,-7.4513733726930695,-4.777904339253813,-2.6734690334392566,13.495602182660685,18.162676508721546,0.727465174927985,1.5843806636906015,-90.22827161146238,105725963.0,106113566.45,-1.0
2025-12-05,537.4994717098253,537.4994717098253,526.8662014461535,531.6635131835938,343082,561.5959143066407,512.4099337768555,542.7001546100038,552.0544182651216,580.9786547878006,523.9664807102464,552.4725677490235,38.125026549146135,51.90851037189255,48.8310612719923,-8.224426685077333,-5.467208808418517,-2.7572178766588156,13.349502063909481,17.670784870482706,0.727465174927985,0.727465174927985,-93.50304208079002,105382881.0,106180370.55,-1.0
2025-12-08,532.0591789347585,537.5983465813006,515.3426652600876,520.436767578125,384319,560.6888720703126,512.8787162780762,538.247477203628,549.1800863844855,582.5966763595229,521.1219271561022,551.8593017578125,34.09375234549843,48.34589666066518,48.8310612719923,-9.631950420457542,-6.300157130826323,-3.3317932896312197,13.936021280572335,17.998277474106295,0.0,0.48497678328532334,-93.00268354701325,104998562.0,106445206.4,-1.0
2025-12-09,518.2112193940872,536.5103358514929,510.5948183076055,534.9276733398438,361680,560.093408203125,513.5670007324219,537.5835164308712,547.8844124713363,581.5280347343341,519.3220629219159,550.425048828125,42.53932736441968,48.34589666066518,48.8310612719923,-9.468975674644412,-6.93392083958994,-2.5350548350544715,14.750809283477883,18.5637946219478,23.41307689634288,8.046847357090288,-56.80425302111855,105360242.0,106407074.3,-1.0
2025-12-10,539.0820896894234,545.7587944699804,532.1580995466234,535.3233642578125,356678,559.8490917968751,514.2989999389649,537.1314859962595,546.7424989973796,580.3601685409025,517.7994628067537,549.0798156738281,42.75504472209044,48.34589666066518,48.8310612719923,-9.20181526581166,-7.387499724834285,-1.8143155409773755,14.684961239787533,18.20928750061989,48.51938381324873,23.977486903197203,-56.10182148352156,105716920.0,106425935.45,-1.0
2025-12-11,535.0760534938325,543.9288811163359,533.5923413908118,535.5211791992188,274441,559.7630371093751,515.08658493042,536.8094246368514,545.7223790157286,578.4787278039681,516.7184279577504,547.5985778808592,42.87051292429788,48.34589666066518,48.8310612719923,-8.871857454268593,-7.684371270721147,-1.1874861835474455,14.623816627789349,17.646948373827332,73.96039599095354,48.630952233515046,-55.75065988960644,105991361.0,106429115.5,-1.0
2025-12-12,537.0048847657231,541.0603403156558,532.1580678058918,535.5706176757812,260281,559.4860778808594,515.8161805725099,536.5616632446374,544.7994916211879,576.2316015577378,515.978347172731,546.1049743652344,42.90151140918981,48.34589666066518,48.8310612719923,-8.508295900607209,-7.84915619669836,-0.6591397039088491,14.667080713434586,17.02232866925138,76.07818593162236,66.1859885786082,-55.66289657856933,106251642.0,106424996.45,-1.0
2025-12-15,535.1255179891211,547.588675959685,533.6418058320348,540.5657958984375,337863,559.443544921875,516.4574333190919,537.3624897753975,544.414610191847,573.2264176988457,516.2930647230293,544.7597412109375,46.08470270531747,49.19350196214987,48.8310612719923,-7.7280178348131585,-7.8249285243213205,0.09691068950816195,14.099896212984593,16.802653059137008,84.30521234804984,78.11459809020857,-36.477985455259244,106589505.0,106420185.1,-1.0
2025-12-16,539.0820575397362,539.0820575397362,529.7346593299343,531.3173217773438,186590,559.0874536132812,517.0737971496584,536.1534561757868,543.2239476087104,561.3948274881785,522.2639920918999,541.8294097900392,41.47447091018424,49.19350196214987,48.8310612719923,-7.76639030192996,-7.8132208798430485,0.04683057791308887,13.87570867359417,16.37611616694888,79.38166915934235,79.92168914633818,-55.61442966731486,106402915.0,106250236.7,-1.0
2025-12-17,531.2183773213487,531.6140580307003,525.2340839199051,527.0145263671875,172387,558.3999999999999,517.7208174133301,534.325670214067,541.7503638594811,558.1436329164283,521.9790050230251,540.0613189697267,39.494894699688295,49.19350196214987,48.8310612719923,-8.051191266983437,-7.860814957271127,-0.19037630971231057,14.006628583015074,15.662106020080765,68.86529851074727,77.51739333937981,-60.71016352122582,106230528.0,106115281.55,-1.0
2025-12-18,525.7286851796406,525.7286851796406,517.0736974179814,520.6345825195312,213395,557.4524023437499,518.3776741027833,531.5874526751599,539.8307473740311,556.6132758518355,519.9286736110552,538.2709747314453,36.697949164991954,49.19350196214987,48.8310612719923,-8.691515848340032,-8.026955135484908,-0.6645607128551241,14.695923592903075,15.253443372161145,42.77130468303541,63.67275745104167,-75.97638808554717,106017133.0,106014493.0,-1.0
2025-12-19,524.1460401978204,544.9674541241494,522.068807081189,543.18701171875,630759,556.6373510742187,519.1805361938477,533.9073644838779,540.1358623144602,555.7878631926742,520.1754424713884,537.9816528320313,50.139779247424606,49.19350196214987,48.8310612719923,-7.295091856606632,-7.880582479709252,0.5854906231026202,13.662573191092399,15.90197396019379,55.5871690273714,55.74125740705136,-11.898365080851725,106647892.0,105978584.1,-1.0
2025-12-22,547.8854509153699,562.821462051069,545.0169166786275,558.1724853515625,1088616,556.1299206542968,520.071671600342,538.7603886574149,541.7755553178331,558.025847986564,518.9711124626547,538.4984802246094,56.7167027063763,50.88541628373481,48.8310612719923,-4.922470127626866,-7.288960009292776,2.3664898816659097,13.856176193650493,16.168579415345594,73.90600617228814,57.421493294231645,-8.90154213688752,107736508.0,106028603.2,-1.0
2025-12-23,558.815478193975,573.2074743185183,556.1942291840229,564.1073608398438,843011,556.2693896484374,521.0749833679201,543.8297830939007,543.8057194561977,561.8099672691629,516.9575559241965,539.3837615966797,59.022091614744674,50.88541628373481,48.8310612719923,-2.5340445730633974,-6.3379769220469,3.803932348983503,14.585732039355811,16.22891268099915,99.99999999999999,76.49772506655317,-14.533984115109998,108579519.0,106176431.25,1.0
2025-12-24,564.1073514696794,580.6260256013009,560.8926417879005,564.6513671875,769350,556.5987731933594,522.0560218811038,547.9940999126205,545.7007783408616,564.5338134812308,515.484973139863,540.0093933105469,59.23641682202732,50.88541628373481,48.8310612719923,-0.5904964718337169,-5.188480832004264,4.597984360170547,15.621771932417474,16.479232047599236,99.99999999999999,91.30200205742938,-22.81077112780119,109348869.0,106335468.3,1.0
2025-12-26,561.832337427653,581.3184358530573,557.7273763062893,576.4716186523438,889557,557.2239099121094,523.036226501465,553.6896036605651,548.4981274600872,570.7252025320396,512.1175831124918,541.4213928222657,63.681307668691716,50.88541628373481,48.8310612719923,1.8818817468019233,-3.7744083162430266,5.65629006304495,16.311938225338082,16.987219726111288,99.99999999999999,99.99999999999999,-6.853180548348847,110238426.0,106554295.45,1.0
2025-12-29,578.9938776706035,612.3773989594225,575.6308332308724,595.2158203125,4459308,558.1032568359375,524.0181867980958,561.994846990952,552.7451904466701,581.5941339334217,505.8728887716566,543.7335113525392,69.38269586298465,57.53995911650748,48.8310612719923,5.292748212961328,-1.960977010402156,7.253725223363484,18.22060852185487,18.398601583428345,99.99999999999999,99.99999999999999,-16.861017412822054,114697734.0,106977447.65,1.0
2025-12-30,587.4511092443457,592.8913870150557,572.8612734047147,581.3184204101562,1314254,558.726416015625,524.9211965942385,565.859561674793,555.342756806987,587.0328796734984,504.1829894671266,545.6079345703125,61.65468407755797,57.53995911650748,48.8310612719923,6.796138777281385,-0.20955385286544792,7.005692630146833,19.76507483302883,18.681169106596702,92.11863578972216,97.37287859657404,-32.58947768755952,113383480.0,107350948.95,1.0
2025-12-31,580.6260083950208,640.9636344803637,580.5271184028575,634.7320556640625,13035254,560.5137951660156,526.151452331543,579.634060472647,562.5599657939939,607.6911871248725,493.13419129309625,550.4126892089844,73.75442292266146,57.53995911650748,56.65109205084771,12.157476774968927,2.263852272701427,9.8936245022675,22.463552434263043,21.663693890233098,92.11863578972216,94.7457571931481,-5.029931376237117,126418734.0,108387178.1,1.0
2026-01-01,637.0070387003275,656.097454959569,628.7477324562,641.1119995117188,4033522,562.489111328125,527.2857301330567,591.9296482804614,569.7010597683326,625.34299873134,485.6655889151443,555.5042938232422,74.77816320205113,57.53995911650748,56.65109205084771,16.728349908867926,5.156751799934727,11.571598108933198,25.244361681514214,22.069838791171378,92.11863578972216,92.11863578972216,-10.779060869051428,130452256.0,109608553.5,1.0
2026-01-02,636.0179469446572,657.7790586597154,633.1494126150749,652.53662109375,1712645,564.5306994628904,528.4467994689944,604.0510428431191,577.2315653433706,642.8230213721794,479.6249888817268,561.2240051269531,76.54266454872848,57.53995911650748,56.65109205084771,21.030247676627596,8.331450975273302,12.698796701354294,27.856151370132995,22.25268216641917,99.99999999999999,94.74575719314811,-3.725826450179659,132164901.0,110930500.4,1.0
2026-01-05,656.7899213187311,663.3677360953573,631.962495128686,649.6680908203125,1203761,566.5139282226562,529.5527604675295,613.1744524385579,583.8167040230926,656.4252353480634,477.82323266951477,567.1242340087891,75.1216044824537,68.15781365319684,56.65109205084771,23.9321908326707,11.451598946752782,12.480591885917917,30.38234184208724,22.906436366437177,98.81116809545185,96.97660129505799,-9.364459002500281,130961140.0,112209413.35,1.0
2026-01-06,652.7838522962262,677.5618312779702,646.2060381063934,665.2470092773438,2907486,568.8107128906249,530.7261819458009,623.5889638063151,591.2194590462063,670.9152904685413,477.81420171895866,574.36474609375,77.55843107097589,68.15781365319684,56.65109205084771,27.17582422691021,14.596444002784267,12.579380224125941,32.969561864172704,23.50996185251858,98.81116809545186,99.2074453969679,-7.6733536021859505,133868626.0,113652916.55,1.0
2026-01-07,665.2470270566245,666.1867234477716,652.8333147372372,654.7127075195312,998956,570.7761376953124,531.8469319152833,629.8137125489583,596.9915725437813,681.3622055648929,479.34579004057593,580.3539978027344,72.3947161214758,68.15781365319684,56.65109205084771,28.567093279016945,17.390573858030805,11.17651942098614,35.371980456109206,22.78449377094828,94.59869130562733,97.40700916551033,-14.23726677411099,132869670.0,115028387.95,1.0
2026-01-08,654.7127203693564,657.6306392173044,631.7646276900823,638.5402221679688,726342,571.8691394042967,532.8021337890627,631.5590144727604,600.7687225096165,687.379372440281,483.65030895620333,585.5148406982422,65.21605482197951,68.15781365319684,56.65109205084771,28.041455177505668,19.52075012192578,8.520705055579889,35.97697758846192,23.004602182110695,80.78268109464047,91.3975134985732,-25.095408177680312,132143328.0,116349708.35,1.0
2026-01-09,633.0999314453,647.88760722671,618.8563317236025,621.6259155273438,672985,571.8275952148437,533.684411468506,629.5723946836771,602.6648309657735,690.0532379931785,489.5869170361182,589.8200775146483,58.664096900385445,68.15781365319684,56.65109205084771,25.96078029271041,20.80875615608271,5.152024136627702,35.68917589367753,23.435078847896182,50.56392341764099,75.31509860596958,-42.201480094283326,131470343.0,117623657.45,1.0
2026-01-12,621.1807889067301,623.604197371053,601.9419769210466,612.1796264648438,841253,571.4883203124999,534.4927658081058,626.0938410399104,603.5298123747798,690.9674375117128,496.33361839649035,593.6505279541016,55.32136766544902,61.434583203647655,56.65109205084771,23.281222434477968,21.30324941176176,1.9779730227162062,34.43709723197749,23.308446105189773,21.443066874132203,50.92989046213789,-53.87121742960358,130629090.0,118842529.85,1.0
2026-01-13,613.2676581595288,627.7586035859675,581.0216731859067,592.7924194335938,1381280,571.0164990234375,535.2238389587404,619.4335567186472,602.5536857437628,690.3297246326258,502.19399362909303,596.2618591308594,49.13344691049828,61.434583203647655,56.65109205084771,19.369982840099624,20.916596097429338,-1.5466132573297138,32.24327009881774,24.981909269109135,3.1145756563338587,25.040521982702348,-70.73876362554414,129247810.0,119975445.1,1.0
2026-01-14,587.5500223059427,642.0516921452936,587.5500223059427,626.0276489257812,4565288,571.2984045410157,535.9473490905763,620.752375160074,604.6876823966735,690.7353950984689,511.25935587809363,600.9973754882812,57.83957300621134,61.434583203647655,56.65109205084771,18.73612416764047,20.480501711471565,-1.7443775438310958,30.773353981190652,27.09046359555498,10.209476337859785,11.589039622775282,-43.004478440167695,133813098.0,121345954.25,1.0
2026-01-15,626.0276489257812,626.0276489257812,626.0276489257812,626.0276489257812,0,571.6960412597657,536.6349465942384,621.8074299132155,606.627679353865,689.190487230416,522.705576002006,605.948031616211,57.83957300621134,61.434583203647655,56.65109205084771,18.025994163091013,19.989600201795454,-1.963606038704441,29.4084318719655,25.155430481586766,20.41895267571957,11.247668223304403,-49.22054227693158,133813098.0,122725082.75,1.0
2026-01-16,632.0613310044762,652.5860142882678,627.4123545235474,632.6053466796875,1843188,572.6535290527344,537.403477935791,623.9670132665099,608.9892854743943,685.1308369177459,537.9623027306916,611.5465698242188,59.43327526254025,61.434583203647655,56.65109205084771,17.78891669644122,19.549463500724606,-1.7605468042833863,29.09325670495593,25.255640115936753,32.49732745321896,21.0419188222661,-42.938151917685516,135656286.0,124207040.4,1.0
2026-01-19,632.3581129818966,645.909362837188,626.2749293256311,633.1494140625,978992,573.8968798828125,538.2497090148927,625.803493425708,611.1856608005857,682.7073169374586,549.382062945354,616.0446899414063,59.56941211434107,62.836849437487615,56.65109205084771,17.443850931781185,19.12834098693592,-1.6844900551547362,28.738876837095145,24.854125358481056,34.52587048700883,29.147383538649116,-45.769617799179386,136635278.0,125706409.7,1.0
2026-01-20,635.0287508059997,640.9141539510332,608.9649002139336,615.1470336914062,1022813,575.5457788085938,538.9746261596681,623.6722014788477,611.545785608842,679.7605919796881,558.0262427371088,618.8934173583984,53.20680815736303,62.836849437487615,56.65109205084771,15.538622614404176,18.410397312429573,-2.8717746980253978,27.507523274888552,25.3609202426681,29.09313236867682,32.038776769634865,-64.65164219748158,135612465.0,127100207.55,1.0
2026-01-21,611.9817748707762,633.1988692338942,605.3545156478642,614.1578979492188,1288000,576.5566821289062,539.6203457641602,621.769340772922,611.7832503670581,676.6342258237717,566.1576626039628,621.3959442138672,52.872649057511325,62.836849437487615,56.65109205084771,13.789938630023812,17.48630557594842,-3.696366945924609,26.18614783162288,25.538308338622524,21.399635023770777,28.339545959818807,-65.67622695240216,134324465.0,128387454.85,1.0
2026-01-22,623.0602011456315,635.0287881121811,616.284546232832,629.0444946289062,906323,577.8930114746094,540.352388458252,623.2243715441189,613.3524543908625,673.0103619286533,576.2208392432215,624.6156005859374,57.22660489344879,62.836849437487615,56.65109205084771,13.450271555398558,16.67909877183845,-3.2288272164398926,25.03747871476752,25.20492132607537,18.652278205949756,23.048348532799114,-50.25611891250108,135230788.0,129681550.8,1.0
2026-01-23,634.0396161079967,640.9636056754787,600.4088096373697,603.27734375,717328,578.6556396484376,541.0402812194824,619.234965985295,612.4365352416932,670.0283206627892,581.8834530188515,625.9558868408203,48.81927682970935,62.836849437487615,56.65109205084771,10.975371964649526,15.538353410400667,-4.5629814457511415,23.323186634018615,26.301340948363485,13.87553998642198,17.97581773871417,-76.9467224790852,134513460.0,130895302.5,1.0
2026-01-27,604.8105147283111,626.7694656512905,595.5620065123728,621.13134765625,739849,579.769412841797,541.955027923584,619.614242319486,613.2269727339255,668.9802247242335,585.5231016917821,627.2516632080078,53.87570311765506,56.886667135489496,56.65109205084771,10.335523628639294,14.497787454048392,-4.162263825409099,21.95895774888853,26.6517779619745,16.639947911594483,16.38925536798874,-52.90359795830053,135253309.0,131923081.25,1.0
2026-01-28,627.0167668094309,657.7790406518583,620.438952253952,654.5643310546875,1693464,581.5112902832034,542.9850119018554,626.6042600665263,616.9849143994494,668.2993397254132,593.5285777550556,630.9139587402344,61.53850525118087,56.886667135489496,56.65109205084771,12.383452825901145,14.074920528418945,-1.6914677025177998,21.4405041383799,27.415228707398196,33.00645564546439,21.173981181160286,-4.188144673665073,136946773.0,133101245.9,1.0
2026-01-29,657.7790253675156,670.5389734672136,642.2000484509165,659.4111328125,1815423,582.901033935547,544.1146948242188,633.165634615721,620.8418433460904,671.6340196886944,592.6618055066182,632.1479125976563,62.51086741630785,56.886667135489496,56.65109205084771,14.233473245166465,14.10663107176845,0.12684217339801407,21.412819805401917,27.481207015176693,66.33978897879771,38.66206417861886,-12.43093862275173,138762196.0,133718419.0,1.0
2026-01-30,641.952779868147,646.8984869549587,597.5898114484073,610.5969848632812,1702101,583.8654467773439,544.9750712585449,628.6519046652331,619.9104925749259,670.9980390531194,590.2462846773493,630.6221618652344,49.058680421367406,56.886667135489496,56.65109205084771,11.626708515078576,13.610646560430476,-1.9839380453519002,20.273043150841712,29.934072325813553,59.773351878979796,53.03986550108063,-66.9613453662761,137060095.0,134048810.95,1.0
2026-02-02,590.5174240129792,598.4305553230358,568.509027556884,595.0180053710938,796157,584.6369775390626,545.676749420166,621.9251248064053,617.6475391927594,669.7123760995861,585.780086058617,627.7462310791016,45.68004109951352,57.95671809297465,54.143240388638446,8.209105778281696,12.530338404000721,-4.321232625719025,20.114533805925987,30.802206967283816,33.91618159128125,53.34310748301958,-74.0184339237938,136263938.0,134253762.8,1.0
2026-02-03,618.2133854260414,626.5221974751278,605.2061516477171,618.1639404296875,753802,586.0207873535157,546.4672227478027,621.1728879310617,617.6944847597529,667.0228072413436,585.3192398777971,626.1710235595704,51.071522149353555,57.95671809297465,54.143240388638446,7.2843451113539,11.481139745471358,-4.196794634117458,18.94075915309909,30.852348762765974,11.260638617850901,34.98339069603731,-51.333000885403415,137017740.0,134556592.8,1.0
2026-02-04,623.109649965099,636.2652187842535,615.3943589591017,630.4292602539062,679484,587.672653808594,547.2797129821778,623.0241623956307,618.8521916228576,661.0151782920209,587.8450939247762,624.4301361083985,53.69435959568748,57.95671809297465,54.143240388638446,7.455235114851234,10.675958819347333,-3.2207237044960983,17.646981633724014,30.139385267222107,26.550091864547504,23.90897069122655,-39.31170682826621,137697224.0,134748022.7,1.0
2026-02-05,632.0613769009739,632.0613769009739,610.3991553277074,616.1856689453125,510471,589.0683325195315,548.0047274780272,621.6564637055671,618.6097804703535,656.3281936231981,588.6793747361769,622.5037841796875,50.32084272681144,57.95671809297465,54.143240388638446,6.367922447790647,9.814351545035997,-3.4464290972453497,16.496246502130102,29.533873574796708,35.741166899422026,24.517299127273475,-53.27191349260369,137186753.0,134963876.85,1.0
2026-02-06,613.3171282977937,622.516131472829,602.0903972766465,611.9818115234375,660250,590.2651940917971,548.7237672424317,619.7215332691412,618.0072378388157,654.429934419685,587.9217928752369,621.1758636474609,49.33563435560224,57.95671809297465,54.143240388638446,5.108119937690162,8.87310522356683,-3.7649852858766675,15.711245933377754,28.88329219060998,32.30325331340636,31.53150402579196,-57.39213269331718,136526503.0,135183035.6,1.0
2026-02-09,619.2519806807911,647.7392418134856,613.1687971047834,630.3798217773438,3304974,591.9081579589845,549.5335838317872,621.8531909707817,619.1320181968638,655.1220388410449,588.1050790788771,621.613558959961,53.61577512794409,58.16825645657249,54.143240388638446,5.530530527664382,8.204590284386342,-2.6740597567219595,15.073307068562896,29.37430205485556,32.14761732686545,33.397345846564605,-39.36016169719847,139831477.0,135601092.3,1.0
2026-02-10,636.9575904214255,666.5328808422508,631.5667579385434,660.9937133789062,2721867,594.1485632324219,550.5268014526367,629.6812954524066,622.9376268497767,661.5440325469823,586.5644940643459,624.0542633056641,59.714469839411066,58.16825645657249,54.143240388638446,8.240586809647311,8.211789589438535,0.02879722020877651,15.049953563439606,29.858498984144955,50.75162986075267,38.40083350034149,-9.35535151287481,142553344.0,136197305.0,1.0
2026-02-11,666.6813207167475,671.1819021278178,639.4304865215743,659.7078857421875,1245189,596.4661218261718,551.583716583252,635.6866135103628,626.2803776581777,665.085821232366,589.7142520098216,627.4000366210938,59.36143312954068,58.16825645657249,54.143240388638446,10.167367312435204,8.602905134037869,1.564462178397335,15.163815110162144,29.993707314294852,70.60765393077388,51.16896703946399,-11.175314252746704,141308155.0,136800322.25,1.0
2026-02-12,660.6475398455996,665.8899769898536,649.7174794973029,662.8731079101562,785496,598.9508447265624,552.619574432373,641.1239123903215,629.6069894992667,670.113385856344,588.371233284281,629.2423095703125,59.9885247203472,58.16825645657249,54.143240388638446,11.81358209796258,9.245040526822812,2.568541571139768,15.269543689261642,29.00647804131313,83.22883974869612,68.19604118007422,-8.092492055359024,142093651.0,137214349.9,1.0
2026-02-13,661.7356175228629,671.0830161228904,629.2917906515288,638.886474609375,1128138,600.9429760742187,553.5833018493653,640.6764248341321,630.4505790547311,670.9475182593713,588.8229834496132,629.8852508544923,53.278908326601645,58.16825645657249,54.143240388638446,11.055260175473336,9.607084456552919,1.4481757189204174,14.518999506382615,29.919674286316592,70.48325536347828,74.77324968098276,-31.45468328748389,140965513.0,137571970.65,1.0
2026-02-16,634.1385041249724,669.3519728964566,624.1482005004692,664.75244140625,1587230,603.475177001953,554.7125141906738,645.4916281485558,633.5689301775964,675.4199902680182,587.5652209136226,631.4926055908204,58.64985291173756,62.15250561339259,54.143240388638446,12.398529408880904,10.165373447018517,2.233155961862387,13.620903867174153,31.011395579864505,69.07397573887842,74.2620236170176,-6.2620830949131285,142552743.0,137916793.5,1.0
2026-02-17,665.0987099084944,686.4641402693585,655.8996464743994,665.4448852539062,2397133,606.1508044433593,555.8662995910644,649.482279569626,636.4667442754428,679.5911833447045,586.6235749560768,633.1073791503907,58.786442727655874,62.15250561339259,54.143240388638446,13.364892227359519,10.805277203086717,2.5596150242728015,13.402271931573589,30.97947402379983,66.69326079344553,68.7501639652674,-17.819706608808428,144949876.0,138332523.4,1.0
2026-02-18,665.6427002783862,697.3446692677824,663.7138625229531,685.9695434570312,4096246,609.4614599609375,557.0091468811034,656.7797323471071,640.9669987464963,687.9157656815509,585.3812435957929,636.6485046386719,62.71760622172373,62.15250561339259,54.143240388638446,15.60700230103373,11.765622222676122,3.8413800783576093,13.561767326707438,31.168854932444788,84.97709094323496,73.58144249185295,-8.829176196658695,149046122.0,139004206.25,1.0
2026-02-19,690.3712260562083,696.1576788780826,671.626985161679,675.6329956054688,1291045,612.27556640625,558.1580625915527,660.5503849987795,644.1184530064029,692.6563417182618,586.7881773247069,639.7222595214844,59.632647447773444,62.15250561339259,54.143240388638446,16.36121575178163,12.684740928497224,3.676474823284405,13.70987019361744,30.694700559870412,86.58820123305152,79.41951765657734,-16.852226118478676,147755077.0,139675736.85,1.0
2026-02-20,677.5618744636176,688.9370008232258,668.7090466570945,683.3483276367188,1001894,615.2360656738281,559.3411874389648,665.1099735263674,647.6848052455225,698.541405189018,586.3334971547322,642.4374511718751,61.16801808922522,62.15250561339259,54.143240388638446,17.381139207119304,13.62402058422164,3.7571186228976643,13.70415007293345,29.94707581746048,90.10450829807384,87.22326682478678,-14.693662907177629,148756971.0,140352046.0,1.0
2026-02-23,689.4315391572886,694.5256413932782,671.033533710372,686.9092407226562,1130735,618.2638269042969,560.5952577209472,669.4698269656253,651.2506630161711,702.9000444231527,590.338047617863,646.6190460205079,61.888511985789094,67.63805168775477,54.143240388638446,18.2662103176483,14.552458530906973,3.7137517867413283,13.911898573124036,29.486006664992317,88.03930633773193,88.2440052896191,-10.955339143316545,149887706.0,141120758.3,1.0
2026-02-24,684.4364242912603,694.3772835843334,665.5932921317213,676.2265625,1100980,621.0769458007813,561.856334991455,670.8211740725003,653.5211993328827,705.7952926662523,592.9523208591387,649.3738067626955,58.388484846217835,67.63805168775477,54.143240388638446,17.899300699102696,15.221826964546118,2.6774737345565782,13.813779865456132,29.43586272125087,83.29144162248897,87.14508541943158,-22.170246358869417,148786726.0,141797429.15,1.0
2026-02-25,680.5292668797679,719.1057805546384,679.5401255034891,711.4893798828125,5128142,624.4954174804687,563.1515321350098,678.9548152345628,658.7910339283308,715.115886464816,589.3242319433873,652.2200592041016,65.35376998328644,67.63805168775477,54.143240388638446,20.220843544750096,16.221630280586915,3.9992132641631812,14.63510543423559,30.39610238792141,87.15133150020702,86.16069315347598,-6.508888368746957,153914868.0,142645833.9,1.0
2026-02-26,717.127516284261,728.403752413415,711.5883485833012,722.2216186523438,2989871,628.3135034179687,564.5168907165527,687.6081759181191,664.5574507214229,725.6108175714755,585.110349420712,655.3605834960938,67.15572148482524,67.63805168775477,54.143240388638446,22.6654121883995,17.510386662149433,5.155025526250068,15.695653871371313,29.433121683827203,89.21653346054893,86.55310219441498,-5.364807704844177,156904739.0,143552961.05,1.0
2026-02-27,720.7873644694366,738.8886403719396,705.6040074565592,710.3024291992188,2869400,631.9792614746094,565.7127317810058,692.1470265743391,668.7160851284953,731.3676773506072,589.324034075174,660.3458557128906,63.22291387298051,67.63805168775477,54.143240388638446,23.371558694275564,18.682621068574658,4.688937625700905,17.000314047990383,29.708229628938145,90.55304805456697,88.9736376717743,-24.913806505136684,154035339.0,144401723.25,1.0
2026-03-02,677.5618371357067,715.8910651488579,674.4955230436137,699.7186279296875,1865244,635.5609423828125,566.8728820800779,693.6613468454087,671.5344981104219,731.5854275140688,599.5763461675718,665.5808868408203,59.87010103593561,70.43557759823089,61.688550903594255,22.81417299282805,19.508931453425337,3.3052415394027115,16.597733665106844,30.543037662960007,73.05234294353298,84.27397481954962,-34.13793121773756,152170095.0,145197031.1,1.0
2026-03-04,687.4532641786406,691.657115074697,657.284451865765,664.1589965820312,1575162,637.9803820800781,567.8331529235837,687.7608767927334,670.8639979714773,730.0209305113244,605.7403487855506,667.8806396484375,50.231552096940746,70.43557759823089,61.688550903594255,19.28081846974044,19.463308856688357,-0.18249038694791864,15.497456934300079,31.39240469160018,39.71900961019965,67.77480020276653,-65.12929867936603,150594933.0,145875890.75,1.0
2026-03-05,674.2977189748715,689.4315706462853,667.4726190189391,677.2156982421875,1244871,640.3612463378906,568.4617274475095,685.6518410826243,671.4414252688146,729.8977168444688,610.5422062512342,670.2199615478515,53.210165175321414,70.43557759823089,61.688550903594255,17.334356585855403,19.037518402521766,-1.7031618166663627,14.47577139855094,30.95527393250403,21.69921466073132,44.82352240482131,-53.749961390105106,151839804.0,146583019.75,1.0
2026-03-06,675.5341111554962,685.9200955472535,652.9321946128521,658.5703125,963792,642.2505053710937,569.119857330322,680.2355353660994,670.2713241080132,726.7121754300712,617.9662120211009,672.339193725586,48.725416308748684,70.43557759823089,61.688550903594255,14.124427112370881,18.05490014449159,-3.930473032120709,13.950167832310928,31.100461575496702,5.866586438431988,22.428270236454317,-70.00001739744971,150876012.0,147267482.7,1.0
2026-03-09,655.7018781301155,655.7018781301155,616.7296816371248,620.9335327148438,1113668,643.3761486816406,569.6087303161619,668.3751348358483,665.7860703449978,725.17906958425,620.3944899860627,672.7867797851563,41.18040486969337,59.75835779108136,61.688550903594255,8.446198771510126,16.133159869895298,-7.686961098385172,14.659464734319734,31.867616524595167,5.866586438431988,11.144129179198432,-96.55870423155396,149762344.0,147929274.75,-1.0
2026-03-10,633.9901885616127,639.7766415675787,616.8285491521963,629.1433715820312,700136,644.4295837402343,570.182815093994,660.5287821850849,662.4549159120008,725.3304256643769,620.1194888864045,672.7249572753907,43.244910244022584,59.75835779108136,61.688550903594255,4.556107316975954,13.81774935931143,-9.261642042335476,15.31809757189934,31.230507659651405,2.649316920005692,4.794163265623222,-89.83808467796919,150462480.0,148460824.9,-1.0
2026-03-11,629.143372168979,666.3351248416823,626.7199636769274,641.9033203125,1510303,645.3633337402345,570.7745954895018,656.803689810568,660.5865890393189,725.9416511124742,617.5992241316663,671.7704376220703,46.39414608072059,59.75835779108136,61.688550903594255,2.4742810639512527,11.549055700239395,-9.074774636288142,14.751838623775633,31.829411481444513,9.339952351939772,5.95195190345915,-79.39271999688322,151972783.0,148931796.85,-1.0
2026-03-12,637.4027269183409,655.4545570324644,621.1807842010733,638.6885986328125,1025588,646.5107373046875,571.3624351501463,653.180671575017,658.5958626387275,726.6626477317596,614.7762988014432,670.7194732666014,45.70604358581589,59.75835779108136,61.688550903594255,0.5585786398236223,9.35096028815624,-8.792381648332618,14.41805923758714,32.00400872072642,15.147566792445598,9.045612021463686,-82.02430896340844,150947195.0,149413748.85,-1.0
2026-03-13,633.7429247737308,639.9745036934838,606.4425851469821,614.8008422851562,1438593,646.1121130371093,571.8376301574705,645.5047057170449,654.6144971520391,729.5583716381019,607.0733483326009,668.3158599853514,40.85683033761809,59.75835779108136,61.688550903594255,-2.8542693913125277,6.909914352262487,-9.764183743575014,14.601366195251092,32.11314513685323,12.498249872439906,12.32858967227509,-93.68931213241663,149508602.0,149784496.4,-1.0
2026-03-16,611.783963900615,611.783963900615,585.0771457513563,606.8382568359375,1004120,645.4266381835937,572.2938804626463,637.7714159408234,650.271202577848,732.6921018031558,600.7347963902034,666.7134490966796,39.35786159636743,52.50612412249565,61.688550903594255,-6.130817891527158,4.301767903504558,-10.432585795031716,15.406381407685007,31.94247023663514,5.8076144405058265,11.15114370179711,-85.8520904837049,148504482.0,150161444.85,-1.0
2026-03-17,609.3110774305877,616.9769229664433,602.5354832672098,613.7127685546875,599758,644.6501611328124,572.6774937438963,632.9596864635962,646.9477085757426,734.2780474527627,594.0448834554401,664.1614654541014,41.35821852376702,52.50612412249565,61.688550903594255,-8.07965332704839,1.8254836573939688,-9.90513698444236,15.908824913238421,30.69239662682074,2.3986941625797353,6.901519491841822,-81.38265096898736,149104240.0,150489019.7,-1.0
2026-03-18,619.8454562818853,625.9780844049745,614.0589431128191,617.0263671875,453055,643.9973266601561,573.112131500244,629.773022608377,644.2275866313569,734.946009961434,588.5350691401285,661.7405395507812,42.34542834274196,52.50612412249565,61.688550903594255,-9.250110220898364,-0.3896351182644977,-8.860475102633867,15.951928198651057,29.376176571354048,5.98118427556265,4.7291642928827375,-79.22832652074871,149557295.0,150719390.65,-1.0
2026-03-19,611.4872195535075,611.9323452536192,590.5174100048197,593.237548828125,573367,642.5571374511719,573.4343769836424,622.4659278523267,639.5921286492448,735.4165364157968,578.791343222875,657.1039398193359,37.46869976583263,52.50612412249565,61.688550903594255,-11.959404007187914,-2.7035888960491814,-9.255815111138732,16.707603099996856,29.17137518644878,5.98118427556265,4.787020904568345,-94.69454276034539,148983928.0,150716280.95,-1.0
2026-03-20,603.2278904583176,620.8346566049071,596.9468663859847,600.5077514648438,745529,641.4730383300782,573.7422587585447,618.0742925748301,636.0390034506629,735.0515211662322,571.6438340583769,653.3476776123046,39.75230393440076,52.50612412249565,61.688550903594255,-13.365821390016436,-4.836035394842632,-8.529785995173803,16.988180322647466,29.05892751432973,6.980498033757994,6.314288861627764,-88.20415611384689,149729457.0,150814999.95,-1.0
2026-03-23,593.4354176453431,593.4354176453431,551.9903672551636,557.5790405273438,1029339,639.8538146972658,573.7631864929198,605.9752421653329,628.906279548543,737.8909349505677,556.227491563104,647.0592132568358,32.260582956489436,50.35694764333776,61.688550903594255,-17.739910851463037,-7.416810486166714,-10.323100365296323,18.394803488078328,30.448817278283332,3.398007920775079,5.453230076698574,-95.99856561462906,148700118.0,150812157.3,-1.0
2026-03-24,569.7454697552798,573.7020355174693,552.8806202684278,564.6513671875,781850,638.7143237304689,573.8930000305174,597.7104671697664,623.0649238793573,736.8026670737927,545.0899720863636,640.9463195800781,34.45225805225254,50.35694764333776,61.688550903594255,-20.40056558652725,-10.013561506238823,-10.387004080288428,19.70095357026413,29.761145704766058,6.885229563780707,5.754578506104593,-90.78806091626942,149481968.0,150791870.4,-1.0
2026-03-25,572.7128869367656,595.4631397857218,569.201446941081,589.281005859375,744353,638.2563513183595,574.2090510559082,596.0245749076881,619.9936586048134,733.5979235059663,539.6001599901274,636.5990417480468,41.54532967902866,50.35694764333776,61.688550903594255,-20.2878815608409,-12.06842551715924,-8.219456043681662,19.918700613208284,29.836190482870037,22.28434827019416,10.855861918249982,-72.15656368473806,150226321.0,150863850.15,-1.0
2026-03-27,590.6163204306229,652.6849448191153,583.4450451028687,633.2483520507812,16011828,639.0654699707032,574.6869447326659,603.4693303363067,621.198630736265,723.0526813302351,542.3212993826558,632.6869903564454,51.6117185600449,50.35694764333776,61.688550903594255,-16.461028778315267,-12.946946169390445,-3.514082608924822,18.834859412816026,32.65074114239694,55.61768160352749,28.26241981250078,-28.9359770305744,166238149.0,151480014.2,-1.0
2026-03-30,619.2519883831594,652.2893367319211,604.5632621019696,610.0035400390625,2888144,638.744987792969,575.0534675598144,604.7761722768579,620.1808952183375,707.4131990337664,546.7389738177962,627.0760864257813,47.00318992930236,54.909856033177505,61.688550903594255,-15.129479222817508,-13.383452780075858,-1.74602644274165,17.828435441023217,33.72755067722227,77.52536403720079,51.80913130364081,-49.264685143082865,163350005.0,151802277.5,-1.0
2026-04-01,625.6813792395304,649.7175031368005,622.8623504041493,636.2157592773438,1451265,638.9487500000002,575.56536819458,611.0640896769551,621.6386101327926,693.7679447387392,552.9755611206361,623.3717529296877,52.18778960434636,54.909856033177505,52.355967551277296,-11.82282342986889,-13.071326910034466,1.248503480165576,16.893898895787036,34.15515156440196,92.06157074334558,75.06820546135795,-26.340836431918436,164801270.0,152340574.05,-1.0
2026-04-02,628.1048122213102,634.7815169181509,611.6355831534757,630.824951171875,815698,638.913142089844,576.1282060241698,615.0162619759391,622.4737320454365,680.6743472334482,559.1797909501457,619.927069091797,51.08101351405283,54.909856033177505,52.355967551277296,-9.527441635489254,-12.362549855125424,2.8351082196361705,15.737555755230101,33.471224747220965,90.2102055723478,86.59904678429805,-23.804956974585,163985572.0,152931347.9,-1.0
2026-04-06,630.8249183682914,637.7983530589961,617.0263839712123,630.1325073242188,1178582,638.8528039550785,576.7390243530273,618.039511045595,623.1699843435075,675.5675609479532,560.8839283098595,618.2257446289063,50.93159873872654,54.511344739570106,52.355967551277296,-7.675728438161741,-11.425185571732687,3.749457133570946,14.669784424147897,32.56413505726117,96.04733535467287,92.77303722345542,-22.396873834217544,162806990.0,153541950.75,-1.0
2026-04-07,630.6765335340609,639.5788061487835,619.1036274328414,622.9612426757812,923967,639.0090881347659,577.2407049560546,619.0238573716323,623.1510078282597,665.8044494682528,565.2215942329193,615.513021850586,49.32252762769298,54.511344739570106,52.355967551277296,-6.709549996960959,-10.482058456778342,3.7725084598173826,13.744470152151871,31.70063817573838,91.25445423275286,92.50399838659118,-29.518672069959674,161883023.0,154044111.7,-1.0
2026-04-08,638.4907848394398,650.8550525551533,633.1493970372914,636.1168212890625,1212969,639.4482666015628,577.8096194458008,622.4424501551183,624.3297181428782,661.538958579549,567.2417360005293,614.3903472900391,52.29972546537932,54.511344739570106,52.355967551277296,-4.826662610949711,-9.350979287612617,4.524316676662906,13.305685794034096,31.42872186885507,93.10581940375063,93.46920299705877,-16.453838856943737,163095992.0,154655110.7,-1.0
2026-04-09,637.9962105327169,649.7670174806528,628.2036864081382,631.4183959960938,785875,639.4957446289064,578.279577026367,624.2376393233135,624.9741434022613,662.5996413949423,567.2295395132609,614.9145904541016,51.14410457573235,54.511344739570106,52.355967551277296,-3.671264396152651,-8.215036309320624,4.543771913167973,12.686812968114296,30.7240510976879,93.28484619078924,92.54837327576425,-21.11985504831686,162310117.0,155282499.35,-1.0
2026-04-10,636.9081894154418,642.7440876151601,629.0939479880137,631.8140869140625,608959,640.0664794921877,578.8277059936523,625.7529288414634,625.5959564487887,662.9155583476661,567.1806940937402,615.0481262207031,51.24181748034264,54.511344739570106,52.355967551277296,-2.6926350162184463,-7.110556050700189,4.417921034481743,12.11214534404591,29.504485992649222,96.31799136165353,94.23621898539778,-20.72689355273142,162919076.0,155905329.15,-1.0
2026-04-13,623.1096184111084,646.7995663086887,612.0312229872038,630.676513671875,1053694,640.2573828125002,579.3361755371093,626.7376458075457,626.057825287251,661.2794427862489,567.6941289910947,614.4867858886718,50.92647207572115,54.6559970925754,52.355967551277296,-1.9859638801341362,-6.085637616586979,4.099673736452843,11.656583985203826,29.880475801851766,94.03370634455271,94.54551463233182,-21.856619968699565,161865382.0,156399959.1,-1.0
2026-04-15,638.490804836062,662.4280399578433,638.490804836062,659.1143798828125,2225299,640.3483837890626,579.9113696289061,633.2129926225991,629.0629666141203,665.319105839833,565.6970440625106,615.5080749511718,57.90129298545543,54.6559970925754,52.355967551277296,0.8588756408057634,-4.696734965108431,5.555610605914194,11.087248037975106,30.014122265002953,95.95597903184344,95.43589224601655,-3.0004798126739507,164090681.0,157057133.4,1.0
2026-04-16,668.6595795658292,677.9575327797576,653.822458717475,674.5449829101562,3299127,640.6510607910157,580.6124896240233,641.4793906801106,633.1976953683054,674.8621208670575,562.1284430977862,618.4952819824218,61.129603674581155,54.6559970925754,52.355967551277296,4.308882052375338,-2.8956115616116773,7.204493613987015,11.157378872150964,29.594190250522924,97.71571498289916,95.9018001197651,-2.728361134827506,167389808.0,157951193.7,1.0
2026-04-17,677.3145516185144,684.238541193293,667.4725829341711,671.8248291015625,1354380,641.8756176757813,581.2621554565428,647.5484783644009,636.7092529804196,682.5960935248216,560.8931276665845,621.7446105957031,60.25244833410062,54.6559970925754,52.355967551277296,6.7457821330917795,-0.9673328226709859,7.713114955762766,11.451919505924826,28.677887965422855,98.50704134572507,97.39291178682255,-10.791051505972682,166035428.0,158827741.0,1.0
2026-04-20,672.6161824672902,751.7474980516772,666.9286191596623,704.0214233398438,11526034,644.0556860351563,582.0774145507812,658.8430673594895,642.8285411949128,697.1728436077394,555.3472430621823,626.2600433349609,66.39836297480736,60.173024335133235,52.355967551277296,11.146548606984993,1.45544346326021,9.691105143724783,13.523640719168998,32.68795874589372,98.50704134572509,98.24326589144977,-28.357325681016654,177561462.0,160250602.1,1.0
2026-04-21,707.6812361040108,741.6582194963383,703.4773850981746,729.2445068359375,4745629,646.2772973632813,582.9586111450196,672.9233552547792,650.6845380713695,716.1972130755197,547.544687559246,631.8709503173828,70.27591444110068,60.173024335133235,52.355967551277296,16.479514201809366,4.460257610970041,12.019256590839325,15.447381845752872,33.08030700677015,98.50704134572509,98.50704134572507,-15.28899550317937,182307091.0,161888091.9,1.0
2026-04-22,727.0189413659735,741.262601917206,724.2988024697063,733.0032348632812,1643267,648.3287768554687,583.8758297729493,684.9393311764796,658.1680559615432,732.3701011121307,545.3483681261505,638.8592346191406,70.81637472268369,60.173024335133235,52.355967551277296,20.769804419858133,7.72216697274766,13.047637447110473,17.23371289186647,31.929127895393687,100.0,99.00469423048338,-13.378065100326864,183950358.0,163636413.4,1.0
2026-04-23,728.5520825444307,747.7908947551374,724.1009462661264,728.4037475585938,2342978,650.5731384277344,584.7377783203126,693.6322144529025,664.5531188340024,745.0062057178279,545.5018631298283,645.2540344238281,69.1592367181822,60.173024335133235,52.355967551277296,23.52753931374025,10.883241440946179,12.64429787279407,19.039808239614022,31.34061508065207,97.43005832137622,98.64569988903375,-16.660788991460073,181607380.0,165230309.55,1.0
2026-04-24,730.9755037593909,733.5472472826558,709.2638376828558,715.544921875,1437495,652.6444006347657,585.5812936401368,698.014755937322,669.1887372922748,748.5971020409319,557.70755494149,653.1523284912109,64.60742796082118,60.173024335133235,52.355967551277296,24.394262445996787,13.585445641956301,10.808816804040486,19.92110956616081,30.836528974876927,87.8010286205779,95.07702898065136,-25.911495393053663,180169885.0,166803797.9,1.0
2026-04-27,720.0949507301615,741.8560618786004,720.0949507301615,727.8102416992188,1245602,654.5930090332032,586.4701205444335,703.9738530897014,674.5179649656334,752.7104227713143,569.9101216622795,661.3102722167969,66.84870994560573,65.16115851624274,52.355967551277296,25.773751809713758,16.023106875507793,9.750644934205965,20.960136901571488,30.51328690550003,81.64784943470343,88.95964545888584,-17.13276162094387,181415487.0,168400473.85,1.0
2026-04-28,730.8271248701102,748.7800660586544,724.7933862674755,728.6510620117188,1436255,655.9461560058594,587.3747988891602,708.909294874105,679.4391556061865,757.7883238913428,578.7692261574853,668.278775024414,67.00297521419716,65.16115851624274,52.355967551277296,26.627904335449784,18.144066367496194,8.48383796795359,22.106729575479434,30.04710068304852,77.82694450106573,82.42527418544901,-16.530956060273148,182851742.0,170031744.9,1.0
2026-04-29,731.964644770599,743.2903260107863,730.0358069430072,732.55810546875,1013841,657.4031604003907,588.3417193603515,713.639056993034,684.2681510482378,765.5462696184431,580.9422557721819,673.2442626953125,67.75386318842233,65.16115851624274,52.355967551277296,27.30533323582722,19.9763197411624,7.329013494664821,23.17142277267967,28.946540919907022,82.32353491240875,80.59944294939262,-13.734543505452091,183865583.0,170913116.6,1.0
2026-04-30,722.0732377015148,724.7933766106644,688.145699018239,699.421875,2036387,658.1341357421876,589.1317965698242,710.7956205944272,685.6457623165799,765.6798658293827,589.750493057336,677.7151794433594,56.094825391045,65.16115851624274,58.3985297232162,24.881564465273073,20.957368685984534,3.9241957792885387,22.064393651092484,30.051245600664448,63.80498393626743,74.65182111658063,-37.451344181292455,181829196.0,171837076.15,1.0
2026-05-04,702.2903818066578,717.127502549052,684.6342322721683,701.053955078125,1453310,659.3774853515625,589.9212991333007,708.8472874911668,687.046507113084,767.2451999402973,594.6689785264995,680.9570892333984,56.491945026218694,62.07357792118625,58.3985297232162,22.829244158788697,21.33174378054537,1.497500378243327,20.890584516195233,30.225675934680105,46.18963009811672,64.10604964893096,-36.283205338933634,183282506.0,172761137.95,1.0
2026-05-05,701.4001662367183,708.3241562701406,693.5365401395388,696.99853515625,661747,660.0224072265624,590.6660162353514,706.4775370241834,687.95123693519,767.480051485845,601.0514853793893,684.2657684326172,55.156934100168336,62.07357792118625,58.3985297232162,20.637629290609652,21.192920882558226,-0.5552915919485741,19.8006188909335,29.122957377245942,17.988736054238714,42.66111669620762,-48.34059810593051,182620759.0,173692897.3,1.0
2026-05-06,703.2795426278051,719.3036455469694,696.4049977526735,709.4122314453125,1170055,660.9017541503906,591.4837213134765,707.0644759084092,689.9022364361102,768.0711780060086,608.3883312713352,688.2297546386719,58.39782421341652,62.07357792118625,58.3985297232162,19.67563182674087,20.889463071394758,-1.213831244653889,19.222236151928477,28.678363835606657,16.225825693587687,26.80139728198104,-43.23232024638902,183790814.0,174742088.5,1.0
2026-05-07,711.1926884648453,725.9309199269162,706.2469813127949,720.6389770507812,1011605,661.5951428222655,592.2464251708984,709.7793761368837,692.6964855828985,767.9368480855865,618.2904346292573,693.1136413574219,61.13360160282314,62.07357792118625,58.3985297232162,19.593287231533623,20.630227903422533,-1.0369406718889103,18.938373208082325,28.035904891214848,19.62087458528555,17.94514544437065,-36.67641143960534,184802419.0,175888058.3,1.0
2026-05-08,719.9960382508209,756.3964291423371,717.6715197727594,743.5870361328125,3574767,662.9542236328125,593.1270239257813,716.5409081360694,697.3228992692543,771.4894836953606,625.4848205038579,698.4871520996093,66.04836055346921,62.07357792118625,58.3985297232162,21.136101310419008,20.73140258482183,0.40469872559717857,19.67849493993313,28.799405211097906,42.80481564646035,26.217171975111192,-14.317320399376133,188377186.0,177152118.0,1.0
2026-05-11,739.4821051130594,741.8560686818017,717.1275330590751,723.5075073242188,1170279,663.7574072265625,593.8950921630859,717.9342279736993,699.7033181833419,769.6113267788015,636.5718885532295,703.0916076660155,59.01616194706757,66.7248046058373,58.3985297232162,20.502205754325587,20.685563218722585,-0.18335746439699818,20.336398716398044,28.632269344143587,44.12103493457038,35.51557505543876,-45.83042779141857,187206907.0,178396957.5,1.0
2026-05-12,722.023810299064,739.2348352292737,704.3181542736456,709.2144165039062,1330732,664.2035107421875,594.577105407715,716.1902656797407,700.5679634852114,764.4083686714702,649.5148796195455,706.9616241455078,54.56284683230189,66.7248046058373,58.3985297232162,18.63173098534628,20.274796772047324,-1.6430657867010439,20.260684347590285,29.08115588782105,31.398853159951365,39.44156791366069,-65.74772609566554,185876175.0,179544812.45,1.0
2026-05-13,710.2035341570798,747.6920178388441,709.2143927446048,741.0647583007812,2420627,665.5002746582031,595.4181228637697,721.1651642039488,704.2494902866268,759.2951989227912,665.6668738311149,712.481036376953,61.5293469732285,66.7248046058373,58.3985297232162,19.49469988820033,20.118777395277924,-0.6240775070775939,20.480744165487128,29.752332259708073,24.124097395947416,33.21466183015639,-21.364550571512865,188296802.0,180866383.45,1.0
2026-05-14,751.6485973677683,759.2649380865396,727.0189515933985,751.351806640625,2372916,666.2975231933593,596.3224453735354,727.2024926912841,708.5315190460811,759.7605022997795,674.4253131299079,717.0929077148437,63.47708411893328,66.7248046058373,58.3985297232162,20.769272544176715,20.248876425057684,0.5203961191190309,21.063368845629366,29.930450419239005,38.43521626140688,31.319388939101884,-10.603050526678516,190669718.0,182195335.3,1.0
2026-05-15,755.4073180641376,793.687103271785,728.1564838900713,766.0405883789062,5944893,667.1739025878906,597.3699462890627,734.9701118288086,713.7596162581561,764.7452544484216,678.5901215281407,721.6676879882812,66.11515225008394,66.7248046058373,58.3985297232162,22.702937156395024,20.739688571325154,1.96324858506987,22.527985606818646,32.47331963084434,67.62757239708338,43.39562868481256,-25.35147826871601,196614611.0,183656575.45,1.0
2026-05-18,764.5074339237124,788.7413989120439,731.1239107255007,752.7860717773438,3485904,668.023575439453,598.2863858032227,738.5333038185157,717.3074758508095,764.0241154706158,687.4073847735248,725.7157501220703,61.77881606283423,68.81849575257603,58.3985297232162,22.901853267194838,21.172121510499093,1.7297317566957453,23.887986885065835,34.26933167053711,69.95294167787029,58.67191011212018,-37.505689781046655,193128707.0,185011239.4,1.0
2026-05-19,756.6931499134411,761.5399667873361,737.3060031626572,739.8777465820312,1444105,668.8267578125,599.198126525879,738.8021923712189,719.359318644557,764.8868771858504,690.130255382509,727.5085662841797,57.802685417301966,68.81849575257603,58.3985297232162,21.766985494922437,21.291094307383762,0.4758911875386751,25.15084521486679,33.55251966726152,55.613893170819566,64.39813574859107,-49.34244848074002,191684602.0,185717396.4,1.0
2026-05-20,736.9103583885861,739.1853715816143,719.5509385305568,732.5086669921875,1053847,670.193751220703,600.1786129760742,737.5434872954127,720.554713948887,765.1104564501388,690.2330921338453,727.671774291992,55.60257731760844,68.81849575257603,58.3985297232162,20.041940458255226,21.041263537558056,-0.9993230793028296,25.266505335716545,32.60782598041959,29.421603393344128,51.66281274734466,-56.09979427301142,190630755.0,186133579.6,1.0
2026-05-21,737.8995155895722,759.6111823117619,732.9538083805268,736.1685180664062,1436398,671.3728076171874,601.1912466430665,737.2684934496114,721.9741506868432,765.3901800087338,690.2698968955629,727.8300384521483,56.4883782330955,68.81849575257603,58.3985297232162,18.753965196607396,20.583803869367923,-1.829838672760527,25.973626865070965,32.214589504644934,16.743029003345853,33.92617518916985,-52.74376059808725,192067153.0,186539419.35,1.0
2026-05-22,737.899493241712,746.2083052502303,729.7885215900441,732.55810546875,690541,672.8525634765625,602.1319198608398,736.3264158534391,722.9363283942893,765.6571596597723,690.4183530355399,728.0377563476561,55.31589559848452,68.81849575257603,58.3985297232162,17.243137246539163,19.915670544802172,-2.6725332982630086,26.448973316566622,31.0863890871836,10.728913747263373,18.964515381317785,-61.03709843579787,191376612.0,187027880.95,1.0
2026-05-25,741.856033037026,751.2528761221616,735.030933384126,740.3228759765625,754482,675.2403503417969,603.0901504516602,737.1257078780638,724.5169236290413,766.7956276445494,691.7576804609192,729.2766540527343,57.36547709721608,62.50296435211076,58.3985297232162,16.48234903845878,19.229006243533494,-2.7466572050747153,27.04059332523797,30.201273484771317,15.815632273287532,14.429191674632253,-54.855131897550095,192131094.0,187625941.4,1.0
2026-05-26,741.5593213142877,758.5725655068479,739.877768856044,747.741455078125,1039956,677.6123120117187,603.996203918457,739.248857318076,726.6282446698672,768.6765709358926,691.8698585074667,730.2732147216797,59.2869005654917,62.50296435211076,58.3985297232162,16.290252347484056,18.641255464323606,-2.35100311683955,27.80679610930302,29.379382282345077,23.890564018335667,16.811703346295523,-51.41119897764106,193171050.0,188213719.55,1.0
2026-05-27,747.7909089816895,764.5074230271981,737.4049241347216,738.6907958984375,832684,679.5480615234375,605.082033996582,739.1372450341483,727.7248402361008,769.351356802954,692.1990460290773,730.7752014160156,55.972676110848454,62.50296435211076,58.3985297232162,15.232115434551588,17.959427458369206,-2.7273120238176176,28.69175838722717,29.216747754497323,25.785656205888614,21.830617499170604,-61.53849630087122,192338366.0,188688050.75,1.0
2026-05-29,728.057517822892,759.6605977327379,708.2252447612505,719.84765625,2540945,681.1712426757813,606.074390258789,735.2793272773188,727.0087326010007,769.0098369079985,691.2695210021575,730.139678955078,49.738569810518875,62.50296435211076,58.3985297232162,12.726348987398069,16.91281176417498,-4.18646277677691,27.79851574731079,30.80379098428233,17.698871321663386,22.45836384862922,-82.62315697963764,189797421.0,188984642.65,1.0
2026-06-01,726.3264956053765,729.6401554168959,694.8718121273307,709.1649169921875,2149925,683.0585241699218,606.9883566284179,730.0564452202925,725.3865675456541,768.0949492011245,693.1587129082505,730.6268310546875,46.57167229237125,60.242811141153254,59.65720971780471,9.76592771065873,15.483434953471729,-5.717507242812999,26.32314231297939,31.086973291802536,4.067959388655784,15.850828972069259,-85.53553331744754,187647496.0,189275557.65,1.0
2026-06-02,702.2904197266038,718.4628580600795,699.6197257742898,713.5171508789062,579688,685.1921020507813,607.904796142578,726.7485863520153,724.3075296668588,767.0234123738653,695.4765693155878,731.2499908447265,48.02365268982077,60.242811141153254,59.65720971780471,7.682403456761676,13.92322865412972,-6.240825197368043,24.953152695385945,30.212413219944477,2.4764958280907576,8.081108846136642,-81.1311199555961,188227184.0,189522791.55,1.0
2026-06-03,713.5666436155514,731.3711891525609,705.0599911910952,722.1226806640625,895481,687.3603002929688,608.88948638916,725.8234052144247,724.108907030241,764.8117735147971,700.2006227254374,732.5061981201172,50.86689239336111,60.242811141153254,59.65720971780471,6.648944910709361,12.468371905445649,-5.819426994736288,24.21332374092422,29.933754987195996,9.802417499979406,5.448957572241982,-72.4224174000613,189122665.0,189847886.85,1.0
2026-06-04,718.1166362642492,727.0189086146324,702.8838349824118,707.7306518554688,452976,689.174385986328,609.8398040771483,722.2048545426336,722.6199747416254,764.9884675064499,699.8557707747999,732.4221191406249,46.30481198708113,60.242811141153254,59.65720971780471,4.615401644476265,10.897777853251773,-6.282376208775508,23.40878589439973,29.519563461840615,9.802417499979406,7.360443609349856,-86.98699403785575,188669689.0,190091830.6,1.0
2026-06-05,712.1818024802418,713.1709438725754,693.9321317172057,697.6908569335938,686387,691.2634521484374,610.7401699829101,717.3020550208257,720.3536913045316,767.048213453735,695.5012128157958,731.2747131347654,43.381849144293696,60.242811141153254,59.65720971780471,2.1686772495916102,9.15195773251974,-6.98328048292813,22.179136484146063,28.78522408280698,7.325921671888649,8.97691889061582,-96.03548753450056,187983302.0,190250874.75,1.0
2026-06-08,690.4207224041467,690.6185627658489,661.7356207569829,664.8514404296875,648060,692.5503259277343,611.4080880737304,706.8119321025981,715.3080321340911,773.2881900966096,681.3876766026091,727.3379333496093,35.49030226026501,56.41324847148299,59.65720971780471,-2.392654886308719,6.843035208754049,-9.235690095062768,21.579326325871907,29.29736780379297,0.0,5.709446390622684,-96.96821540162134,187335242.0,190198777.55,-1.0
2026-06-09,664.950303510615,672.5667043348632,653.9708581631556,659.856201171875,656100,694.5958691406249,612.0416329956053,697.4207859164536,710.2669565920714,779.1497438830943,669.16099220089,724.1553680419921,34.46333424147337,56.41324847148299,59.65720971780471,-6.337562057380296,4.20691575552718,-10.544477812907477,21.30921216967805,28.532973401501156,0.0,2.4419738906295496,-94.675659573863,186679142.0,190172389.3,-1.0
2026-06-10,666.6812935793467,668.6101313548351,626.2748921456412,630.1325073242188,984152,695.9054919433594,612.5490624999998,683.9631301980066,702.9820066586302,789.2857828644687,651.1167623015469,720.2012725830078,29.072449838779814,56.41324847148299,59.65720971780471,-11.727199241282165,1.0200927561653113,-12.747291997447476,21.949502836303655,29.518849530622067,0.0,0.0,-97.20932898068477,185694990.0,190163330.05,-1.0
2026-06-11,626.0276362512035,635.8695451983717,613.8611483437741,617.6199340820312,713261,696.4722705078124,612.9251837158203,670.6944909748116,695.2218182425758,796.1020350173814,631.9560277267593,714.0290313720703,27.14732744825488,56.41324847148299,59.65720971780471,-16.814360151222672,-2.546797825312286,-14.267562325910387,22.884008069174453,28.982388625191753,0.0,0.0,-97.50489300438655,184981729.0,189997576.4,-1.0
2026-06-12,623.7525643827945,640.419633775852,618.2133964991232,637.4522094726562,690287,696.5563476562498,613.3749960327149,664.0460346743806,689.9700356271286,795.1711759317354,621.4969270956083,708.3340515136719,34.54553617746151,56.41324847148299,59.65720971780471,-19.026349036382953,-5.84270806752642,-13.183640968856533,23.49871119407126,28.540767987236684,7.673000407960076,2.5576668026533587,-84.3400965749351,185672016.0,189747691.3,-1.0
2026-06-15,642.9419000175917,666.0878325671846,637.9961930943795,653.7730102539062,1315296,697.4317370605468,613.9546328735352,661.9914297902858,686.6793969568356,788.3575088934873,617.0838363213564,702.7206726074219,39.949943969421476,47.56109958749689,59.65720971780471,-19.24062004891448,-8.522290463804032,-10.718329585110448,22.778305643209976,28.547543352043235,20.951144535207785,9.54138164772262,-73.50624036737379,186987312.0,189266326.35,-1.0
2026-06-16,654.7621755453838,658.4714558732271,641.3593213685901,647.4425048828125,456555,697.6562719726562,614.5152285766602,659.0816448087911,683.112406768288,783.0832849368878,611.8237035885029,697.4534942626954,38.618017000679906,47.56109958749689,59.65720971780471,-19.69422745245049,-10.756677861533325,-8.937549590917166,22.109357631695925,27.73072843437136,34.21573060803293,20.946625183733595,-77.70847197542186,186530757.0,188936428.85,-1.0
2026-06-17,647.4919429885505,658.9660195706756,646.4533565822875,655.0588989257812,556152,698.1409509277344,615.1339364624025,658.2770956321891,680.5620878735147,778.3958992453626,608.0292045144032,693.2125518798829,41.15977539393636,47.56109958749689,59.65720971780471,-19.217606634671142,-12.448863616160889,-6.7687430185102535,21.46338150620439,26.643723759658272,46.234558413210024,33.800477852150244,-71.74354858357536,187086909.0,188706544.2,-1.0
2026-06-18,655.800731519127,661.7355797681689,639.2820584848141,642.002197265625,484590,698.3783447265624,615.7345925903322,655.0221159588764,677.0566432727975,774.692989985773,602.6814668013362,688.6872283935546,38.23668438246252,47.56109958749689,59.65720971780471,-19.66674194822201,-13.892439282573115,-5.7743026656488965,21.146965243966154,26.344423582779452,48.540394514761545,42.9968945120015,-76.05221755675989,186602319.0,188505122.4,-1.0
2026-06-19,641.0624932594932,642.4473153167563,626.818893854662,632.6053466796875,420335,698.5712268066404,616.3218951416017,650.5387621030386,673.0156163097874,769.9475425483847,597.0705971000527,683.5090698242187,36.24182222852578,47.56109958749689,59.65720971780471,-20.54411248907627,-15.222773923873746,-5.321338565202524,21.319546951788134,25.578994859873376,48.05638965034407,47.61044752610521,-84.04885386227197,186181984.0,188210863.95,-1.0
2026-06-22,632.605355130839,635.0287635772256,620.6862136210422,631.1216430664062,604270,698.4713232421873,616.9279913330079,646.6553382957122,669.2070732876618,764.6613271507365,592.2131662574666,678.4372467041015,35.9231409990652,46.92309406285097,59.65720971780471,-21.115748243920848,-16.401368787883168,-4.71437945603768,21.698385225322834,24.776391652466952,40.697296840968896,45.7646936686915,-85.31147244624093,185577714.0,187920919.05,-1.0
2026-06-23,632.0613298688617,636.3146256479597,610.3002199203249,623.1590576171875,903966,698.306136474609,617.5175195312502,641.9560821600073,665.0208900448915,757.001291936238,588.1568196360274,672.5790557861327,34.185804674361755,46.92309406285097,59.65720971780471,-21.958167708834708,-17.512728572073478,-4.44543913676123,22.406819192261857,24.864821229264653,37.36001356559289,42.037900018968614,-88.98305160834992,184673748.0,187548051.75,-1.0
2026-06-24,623.7030704435656,629.6873635776091,612.5257851864235,616.086669921875,562054,697.9915881347654,618.0365710449221,636.7821997123809,660.5723245791628,746.166064811973,585.8265682446677,665.9963165283203,32.67428991357778,46.92309406285097,59.65720971780471,-22.932126505087467,-18.596608158676275,-4.335518346411192,23.06465073299095,24.31458959797329,35.92760051555987,37.99497030737388,-94.37502743323168,184111694.0,187095083.95,-1.0
2026-06-25,614.3062695142111,616.2351073661617,591.160396408008,599.2218627929688,1407530,697.3624951171872,618.4666003417971,629.2701323284984,654.9950098713269,736.7956925379808,581.2500472081131,659.022869873047,29.34259581556822,46.92309406285097,59.65720971780471,-24.779205600695832,-19.833127647080186,-4.946077953615646,24.357735119780997,24.368883980843325,28.817051308488075,34.034888463213605,-91.89461591725268,182704164.0,186613373.85,-1.0
2026-06-29,599.2218438650688,613.7622344181082,596.7489903823205,607.8768310546875,797253,696.3377441406247,618.9097354125978,624.9914720737363,650.7115390698142,728.8463637911977,578.0022934353647,653.4243286132812,33.11202668356039,42.67671152634657,59.65720971780471,-25.25353841426113,-20.917209800516375,-4.3363286137447545,25.558456336086046,23.843481127625065,30.75940316468364,31.83468499624386,-79.46543078492209,183501417.0,186298573.65,-1.0
2026-06-30,608.3219820285602,611.7345320510057,599.8648348406923,606.7393798828125,544432,694.9816320800778,619.3649880981446,621.3410536355516,646.714070052814,721.6705016131843,574.9356019024406,648.3030517578125,32.86389109700091,42.67671152634657,50.53857118274149,-25.42811392105841,-21.819390624624784,-3.6087232964336273,26.673411751226443,22.988210847817086,33.01000963609053,30.862154703087413,-79.88503965120056,182956985.0,186064048.1,-1.0
2026-07-01,608.3219672481905,617.5209702881953,602.5849591437446,604.9588623046875,325548,693.6443127441403,619.8355718994143,618.0646153693788,642.9181420757116,711.8599758633718,573.8902987948313,642.8751373291016,32.45390564564518,42.67671152634657,50.53857118274149,-25.417146117276502,-22.53894172315513,-2.878204394121372,27.253815315597265,22.413053726148053,40.41130939979061,34.72690740018825,-81.58422788233946,182631437.0,185784260.75,-1.0
2026-07-02,606.8876874974527,622.6645047356068,602.584946601774,621.13134765625,574278,691.9865112304685,620.3939422607424,618.6779618267531,640.937524401215,696.3827304255373,579.2684109318849,637.8255706787111,39.8000698934189,42.67671152634657,50.53857118274149,-23.82878623023123,-22.79691062457035,-1.031875605660879,27.394148481945145,22.246375469554103,55.72020186710603,43.047173634329056,-60.00003098388227,183205715.0,185488413.25,-1.0
2026-07-03,626.0770736516431,630.3798146782268,617.5704212190807,620.9829711914062,353563,689.821280517578,620.9275839233402,619.1389636996837,639.1234741094141,682.2802574569006,584.6961158341154,633.488186645508,39.757347976087175,42.67671152634657,50.53857118274149,-22.324627903044075,-22.7024540802651,0.3778261772210243,26.945893383182945,21.572305325953533,71.4988605790434,55.87679061531334,-60.198057864888234,182852152.0,185197536.4,-1.0
2026-07-06,621.6753996450224,637.9962335259179,608.1735947400476,613.7622680664062,963656,687.4364611816403,621.4097903442386,618.0636245730282,636.8179099236861,668.2872843869845,590.2962300173126,629.2917572021486,37.639891848038424,46.10082856698542,50.53857118274149,-21.467755070882617,-22.455514278388605,0.987759207505988,26.95771150015636,22.161614858804725,82.27998928000248,69.83301724205063,-67.97476027365613,181888496.0,184892796.1,-1.0
2026-07-07,614.4546533354188,616.235095791315,592.9408277600398,596.9468383789062,751073,684.8073229980464,621.8121234130862,613.8402673342038,633.1932670559788,663.6610157669892,588.1320384322297,625.8965270996094,33.20472407652132,46.10082856698542,50.53857118274149,-21.893170974364352,-22.343045617583755,0.4498746432194025,27.57833429913714,22.242518656838325,63.676154151213524,72.48500133675313,-91.80102453100434,181137423.0,184582905.15,-1.0
2026-07-08,595.4630968798165,595.4630968798165,569.3992462733216,573.0590209960938,866638,681.9576049804684,622.0393783569339,605.6840180665818,627.7265174141711,662.6882897699521,580.4250464116886,621.5566680908204,28.13324440214232,46.10082856698542,50.53857118274149,-23.88256008057158,-22.650948510181323,-1.2316115703902568,28.904358961177486,22.621452474605917,34.298720809494625,60.08495474690354,-96.0364738513509,180270785.0,184262487.3,-1.0
2026-07-09,570.4378725714081,579.7357657543675,563.810612941302,574.6417236328125,632727,678.8942346191403,622.250312805176,599.475559179828,622.9006270704111,664.6873047994778,572.8769530130222,618.78212890625,28.907997109167205,46.10082856698542,50.53857118274149,-25.04277686135947,-23.129314180416955,-1.9134626809425157,30.289657031960324,22.143145355924464,13.107655176839685,37.027510045849276,-86.2263925567518,180903512.0,184022913.4,-1.0
2026-07-10,579.933591277492,612.2785271616419,575.7791853192012,605.947998046875,2496002,676.4401733398435,622.5858789062502,600.7700469532374,621.3594789773624,664.461298966157,571.9357652428274,618.1985321044922,42.18480827857841,46.10082856698542,50.53857118274149,-23.169024222263943,-23.137256188786356,-0.0317680334775865,29.450547734707914,23.249835225417677,35.546882362027766,27.65108611612069,-43.200063875571104,183399514.0,183943802.65,-1.0
2026-07-13,602.4859981377864,622.7633966879067,598.5294325670312,619.6970825195312,1157541,674.1829528808591,622.9417224121096,604.5554540664962,621.2083520266505,662.690892950794,571.9306585628776,617.3107757568358,46.87706897961463,44.139063717334245,50.53857118274149,-20.340156877891673,-22.57783632660742,2.237679448715749,28.12024754959269,23.320130146521805,68.8802156953611,39.17825107807618,-24.666708807153103,184557055.0,183888054.6,-1.0
2026-07-14,619.7465588701904,634.0396647921699,611.4872519723267,614.2568359375,728577,672.4796520996091,623.2164566040042,606.495730440697,620.5763960185459,657.3467248584424,573.3232092235886,615.3349670410155,45.31008509868789,44.139063717334245,50.53857118274149,-18.32599094365503,-21.727467250016943,3.4014763063619142,26.330030618363324,23.26529319461619,97.21333307324757,67.21347704354547,-31.999998653837235,183828478.0,183730112.9,-1.0
2026-07-15,617.2736694791936,626.7199576352042,613.6633396459533,618.312255859375,607026,670.8248181152343,623.4894592285159,608.8590355244327,620.3705650949848,653.1326430163442,574.6242661633432,613.8784545898437,46.73934917350374,44.139063717334245,50.53857118274149,-16.215588227124613,-20.62509144543848,4.409503218313866,24.66768632507891,22.53610210851867,96.96841719790302,87.68732198883723,-26.533413768631085,184435504.0,183625350.25,-1.0
2026-07-16,619.1036304594235,658.6692867182803,612.0806902500361,647.9865112304688,2728353,669.8445776367187,623.9130587768557,616.6845306656398,622.8811056527561,651.3172413388908,575.7324290712655,613.5248352050781,55.83462432497756,44.139063717334245,50.53857118274149,-12.010168710472044,-18.902106898445194,6.89193818797315,24.065547482465178,24.254137419927634,96.96841719790302,97.05005582301786,-11.261780354348804,187163857.0,183629197.65,1.0
2026-07-17,650.8550378879044,651.2012132271828,630.4787493005559,637.6500244140625,797470,668.4093334960938,624.2644515991213,620.8776294153243,624.2237346310566,650.4538233481368,576.1606297768632,613.3072265625,52.47318986907887,44.139063717334245,50.53857118274149,-9.40301939120718,-17.002289396997593,7.599270005790412,23.506418557180996,24.001875027549012,95.71023814554745,96.54902418045116,-22.158503242029383,186366387.0,183617401.05,1.0
2026-07-20,635.0,640.0,627.3499755859375,637.0,500389,666.7365539550781,624.6205072021486,624.1021035322595,625.3852133009605,651.202430167626,575.8514882894054,613.5269592285157,52.260114718238995,49.061224213285264,50.53857118274149,-7.305077918931147,-15.062847101384305,7.757769182453158,22.814354007942963,23.191028555157118,91.6539126908022,94.77752267808421,-22.843758884113065,185865998.0,183601601.75,1.0
2026-07-21,635.0,644.4000244140625,631.0,635.75,344506,664.579813232422,624.9757528686525,626.4316828258077,626.3274666372367,651.9423219850607,575.5744321653299,613.7583770751953,51.82430804242592,49.061224213285264,50.53857118274149,-5.677857928755657,-13.185849266858577,7.50799133810292,22.359906440418328,22.491671116507504,86.82826105212,91.39747062948987,-24.16150870100263,185521492.0,183598790.65,1.0
2026-07-22,635.7000122070312,637.8499755859375,622.0999755859375,629.5499877929688,417590,662.7006628417969,625.3858068847659,627.05534381924,626.6204231059397,652.6975935304106,575.4582536375581,614.0779235839843,49.6142817356666,49.061224213285264,50.53857118274149,-4.832853406771505,-11.515250094841164,6.682396688069659,21.418601147613973,22.010123179614112,83.38810976558239,87.29009450283486,-30.697560661425417,185103902.0,183620298.35,1.0
2026-07-23,631.0,679.0,618.5999755859375,657.9000244140625,6399257,661.6743750000002,625.9761874389651,633.2242799382045,629.46402322486,659.487356990039,572.8498256271484,616.1685913085937,58.35875076692105,49.061224213285264,50.53857118274149,-1.8541961914911553,-9.583039314171163,7.728843122680008,22.082913897903307,24.752258982074714,87.68935109567218,85.96857397112484,-18.317638564380424,191503159.0,183989871.6,1.0
2026-07-24,657.0499877929688,687.5,653.9000244140625,672.75,4550797,660.3080798339846,626.5928445434573,641.1294239505637,633.3991120225999,669.1718207854566,570.5181755524342,619.8449981689454,62.071911464509284,49.061224213285264,50.53857118274149,1.6852534819397533,-7.32938075494898,9.014634236888734,22.947752816159326,25.384238739493487,92.51500273435438,87.86415453186964,-11.925032818701132,196053956.0,184657361.2,1.0
2026-07-27,675.7999877929688,675.7999877929688,655.5,662.6500244140625,731066,658.5340441894533,627.1926324462893,645.4335440432635,636.0582858763693,675.0921461774218,570.0751694964066,622.5836578369142,58.26636369199567,53.90421103728251,50.53857118274149,3.6334253618813364,-5.136819531582917,8.770244893464254,23.750817525968486,25.021077957598866,96.26232838832433,92.1555607394503,-20.090628773303486,195322890.0,185248434.85,1.0
2026-07-28,658.0,660.3499755859375,644.2999877929688,648.5499877929688,640164,656.1842321777347,627.689772949219,646.0568327932045,637.1938951415146,677.8515957876172,571.4967806772269,624.674188232422,53.34899365797818,53.90421103728251,50.53857118274149,3.9935750489063366,-3.310740615485067,7.304315664391403,23.81474137459883,24.54457500499136,87.4948492611949,92.09072679462453,-31.49018127848523,194682726.0,185834721.9,1.0
2026-07-29,645.0,668.2999877929688,638.0,666.6500244140625,734917,654.461511230469,628.216087036133,650.1754711173762,639.8717250753825,683.2284364501724,572.2890562256092,627.7587463378908,58.223100820503745,53.90421103728251,50.53857118274149,5.674110345564145,-1.5137704232752247,7.18788076883937,24.151666878972705,24.955675918418315,81.04374942357353,88.26697569103092,-18.662570305729197,195417643.0,186474032.2,1.0
2026-07-30,666.9500122070312,675.9000244140625,658.2000122070312,665.7000122070312,1250369,652.977956542969,628.704514770508,653.2803793353073,642.2197511782597,687.8645634312142,572.1097956996451,629.9871795654296,57.881273672586495,53.90421103728251,50.53857118274149,6.850322378047736,0.15904813698936748,6.691274241058368,24.72188635985959,24.437414224747812,76.44772735839184,81.66210868105343,-24.50247134749709,194167274.0,187022110.15,1.0
2026-07-31,667.9000244140625,667.9000244140625,655.0,656.4000244140625,518920,651.4557836914063,629.0668170166017,653.9043083510584,643.5088669269691,690.6340914241975,572.8819730289274,631.7580322265625,54.507577434832676,53.90421103728251,53.872308920356275,6.951910301744874,1.517620569940469,5.434289731804405,25.04044062116014,23.613314952556003,70.17242641174435,75.88796773123657,-40.914157681307884,193648354.0,187561920.25,1.0
2026-08-03,657.0,672.0,654.3499755859375,657.9500122070312,878541,649.8914135742189,629.4388470458986,654.713449122253,644.8216983160656,693.3145669241873,574.6202719430004,633.9674194335938,54.97857398612789,51.45036008373959,53.872308920356275,7.07592368069902,2.6292811920921793,4.446642488606841,25.487563064883528,23.187365628377897,61.20245192890349,69.2742018996799,-39.1809311049587,194526895.0,188193840.2,1.0
2026-08-04,662.0,718.0,657.0999755859375,710.0499877929688,7526768,649.4412512207032,630.2034274291993,665.7807568563962,650.7515428139659,705.3305693104073,573.9145844981865,639.6225769042969,67.25182651925999,51.45036008373959,53.872308920356275,11.248571261598727,4.3531392059934895,6.895432055605237,27.20553211734047,25.881126970212513,69.53614560576082,66.97034131546955,-7.505725089974879,202053663.0,189239652.2,1.0
2026-08-05,715.0,744.7999877929688,704.7999877929688,709.1500244140625,5506338,648.8177941894531,631.0082666015626,674.4546103679296,656.0604956867019,711.29239178064,581.5618623697508,646.4271270751954,66.91249853939061,51.45036008373959,53.872308920356275,14.317758797472493,6.346063124289291,7.971695673183202,29.315449408787476,26.88961790091162,83.93762708604905,71.55874154023779,-28.24877965972178,196547325.0,190053479.2,1.0
2026-08-06,709.9000244140625,729.0,703.7999877929688,722.0499877929688,1656518,648.3039648437501,631.8924426269532,683.9736858529375,662.0595404236352,717.8120950160771,589.7829855503292,653.7975402832031,69.30336173790906,51.45036008373959,53.872308920356275,17.588284472072814,8.594507393845996,8.993777078226818,31.210784452422573,26.768931779920166,99.35870140651127,84.27749136610704,-18.026939619212246,198203843.0,190918495.75,1.0
2026-08-07,721.9000244140625,729.5,707.4000244140625,709.9500122070312,583486,647.7291491699218,632.6859503173828,689.1689511237562,666.4132196766712,723.5406511265018,594.4546308559201,658.9976409912109,64.58892805907907,51.45036008373959,53.872308920356275,18.984985629396533,10.672603040956103,8.31238258844043,32.980396332526446,26.43543490892141,91.37723201960061,91.55785350405364,-27.614874972251258,197620357.0,191629537.9,1.0
2026-08-10,710.0,726.5,705.5,722.9000244140625,966513,647.7901965332031,633.5496481323243,695.9151657818176,671.5483837437067,731.8941020618266,596.4214741100485,664.1577880859376,67.16348584093774,58.16725828683598,53.872308920356275,20.89596345715529,12.71727512419594,8.17868833295935,34.485695271560935,26.047189558284167,88.3957510541873,93.04389482676639,-17.35337659316494,198586870.0,192331028.65,1.0
2026-08-11,723.0,741.0,720.2999877929688,730.8499755859375,1179294,648.2238977050781,634.4770825195313,702.9021277426416,676.9394375475458,739.6815646345436,600.2933255021754,669.9874450683595,68.66943649882991,58.16725828683598,53.872308920356275,22.789221809341825,14.731664461225119,8.057557348116706,36.18649886476531,25.66524831890896,87.07129613395648,88.94809306924813,-11.05389132938136,199766164.0,193127912.95,1.0
2026-08-12,730.0999755859375,742.0,721.0,726.25,672656,648.4785546874999,635.3966015625,707.5717021941133,681.4222159523143,744.946354600257,605.8223099505248,675.3843322753909,66.76153581822891,58.16725828683598,53.872308920356275,23.645888029306775,16.51450917484145,7.131378854465325,37.78610518208412,25.33201629612975,89.74214900308826,88.40306539707734,-17.36890441310519,199093508.0,193860813.15,1.0
2026-08-13,723.0,744.9000244140625,722.2000122070312,734.8499755859375,684752,648.7331005859374,636.3185653686523,713.0273568724782,686.2792850099164,752.8430090352065,606.6120019511218,679.7275054931641,68.52237852527968,58.16725828683598,53.872308920356275,24.73363439619959,18.15833421911308,6.575300177086511,39.333075234926916,25.144016004051288,91.73322659649159,89.51555724451211,-9.40135316452082,199778260.0,194491533.3,1.0
2026-08-14,737.5,748.5,718.4500122070312,721.5999755859375,1190606,649.0104870605469,637.1740319824221,714.7418806151701,689.4902568804638,756.5064632031309,611.3435429003847,683.9250030517578,62.98598580802993,58.16725828683598,53.872308920356275,24.24701249679981,19.376069874650426,4.870942622149386,40.44852495237315,25.494442560402536,79.85883862882851,87.11140474280278,-24.343913496889137,198587654.0,195102596.65,1.0
2026-08-17,724.9000244140625,735.9500122070312,717.75,729.5,527724,649.6466699218751,638.0694931030276,717.6935044921361,693.1275062549671,760.3254373986813,616.7745687048343,688.5500030517578,64.81152892508285,59.480652398495735,53.872308920356275,24.219638169938435,20.34478353370803,3.874854636230406,41.42193726784469,24.973411820876017,75.04983205934677,82.21396576155561,-17.194570135746613,199115378.0,195765065.65,1.0
2026-08-18,728.0,741.7999877929688,724.0999755859375,737.1500244140625,943780,651.0926416015625,638.9730358886721,721.5848084765214,697.1295533603394,764.003405636729,623.2366029081929,693.620004272461,66.5328568721008,59.480652398495735,53.872308920356275,24.532442132978645,21.18231525356215,3.350126879416493,42.484134480130145,24.453883277029963,70.4398803009258,75.1161836630337,-12.055201957273454,200059158.0,196491948.95,1.0
2026-08-19,739.9000244140625,744.5,715.0,717.5499877929688,642444,652.2465173339845,639.6413351440433,720.7778443398109,698.9859564905785,762.274657580466,633.7653509644558,698.0200042724609,58.62073084504972,59.480652398495735,53.872308920356275,22.934408788002997,21.532733960450322,1.4016748275526751,42.63538190791728,24.81432018581354,59.57188839760113,68.35386691929122,-32.87307932169635,199416714.0,197207589.55,1.0
2026-08-20,721.0499877929688,728.25,715.0,717.0499877929688,360563,653.9848669433594,640.1080694580081,720.0322730304425,700.6281411544321,762.8580815243511,639.0969233584613,700.9775024414062,58.429838061106466,59.480652398495735,53.872308920356275,21.381141537232907,21.502415475806842,-0.12127393857393542,42.77582594800533,23.988297315398288,44.38916177418731,58.133643490904745,-33.40414662955074,199056151.0,197585239.15,1.0
2026-08-21,715.0,728.8499755859375,706.0999755859375,710.75,669668,655.8474682617187,640.516102600098,718.175818424354,701.5483101403928,763.4280270351543,642.3269778476582,702.8775024414062,55.95726491129338,59.480652398495735,53.872308920356275,19.417971399586463,21.085526660562767,-1.6675552609763038,42.098420244537294,23.899847507155553,17.29748216477363,40.41951077885402,-41.30195833316639,198386483.0,197701865.5,1.0
2026-08-24,708.9000244140625,726.0,708.9000244140625,718.75,520979,657.4734240722656,641.0279351806644,718.2906547394832,703.1121001276298,763.5235983621791,647.8414040792271,705.6825012207031,58.366569070261214,57.66480865018965,53.872308920356275,18.296764352717332,20.527774198993683,-2.2310098462763506,41.46940066274555,23.414142369925692,14.04848369594633,25.24504254496909,-66.554791668089,198907462.0,197881094.1,1.0
2026-08-25,721.5999755859375,722.0,700.5,704.5499877929688,551281,658.488963623047,641.4910232543947,715.5425213501803,703.2428171881152,759.7237735643081,657.2412288770983,708.4825012207032,52.841060136617436,57.66480865018965,53.872308920356275,16.077051141615357,19.63762958751802,-3.5605784459026637,40.134501695269755,23.277417914931,6.017500073287444,12.454488644669134,-91.5625254313151,198356181.0,198064766.85,1.0
2026-08-26,708.0999755859375,708.5499877929688,680.7000122070312,689.0999755859375,842907,659.3221130371094,641.905794067383,710.2540121973318,701.95710431519,757.8858637432767,661.3241338153169,709.6049987792968,47.564883241141885,57.66480865018965,53.872308920356275,12.922265730172853,18.29455681604899,-5.372291085876135,37.432175914977094,23.60402917714575,6.017500073287444,8.694494614173738,-87.61067125180607,197513274.0,198169548.4,1.0
2026-08-27,690.0,698.9500122070312,678.5,683.0,572923,659.8809350585936,642.3971392822268,704.8032097578655,700.2337311956273,755.9791939156617,664.9608024222289,710.4699981689453,45.627744272466,57.66480865018965,53.872308920356275,9.816697731672434,16.59898499917368,-6.782287267501246,34.77988727785494,23.378742250709003,0.0,4.011666715524962,-93.57142857142857,196940351.0,198308202.25,1.0
2026-08-28,683.9000244140625,705.5999755859375,683.0,696.0,930045,660.960891113281,643.0222299194339,703.0425678062925,699.8488465414794,750.9619872753068,673.9380066211774,712.4499969482421,50.27551381608518,57.66480865018965,53.872308920356275,8.308726248725634,14.940933249084072,-6.632207000358438,32.743495390869334,23.323116060368182,6.723709783637735,4.247069952308392,-75.0,197870396.0,198519304.35,1.0
2026-08-31,696.0,708.0,688.5499877929688,702.5499877929688,852777,662.3597839355467,643.871469421387,702.9440518036278,700.0944048370693,743.9640046506448,685.3959868044329,714.6799957275389,52.47960277408642,55.19779026245199,56.78719083298386,7.55508691937473,13.463763983142204,-5.908677063767474,31.0048379277964,23.04646578512983,16.699640425957487,7.807783403198407,-65.64287458147322,198723173.0,198729118.25,1.0
2026-09-01,706.7999877929688,755.5,706.7999877929688,732.9000244140625,6472464,664.3953515624997,644.7179058837893,708.9352463257147,703.0767338895232,746.1116439960635,685.5333511211236,715.8224975585936,61.08675810557832,55.19779026245199,56.78719083298386,9.299616441145758,12.630934474742915,-3.3313180335971566,31.526576576938623,25.182433386694218,39.20711774197598,20.87682265052373,-29.350617644074674,205195637.0,198886216.95,1.0
2026-09-02,732.0,737.0,721.0499877929688,726.5999755859375,680122,666.4641699218747,645.5397656250002,712.4681921777593,705.215210407379,747.1795415267862,686.2104487075884,716.6949951171873,58.70959993983961,55.19779026245199,56.78719083298386,10.057866542385113,12.116320888271357,-2.0584543458862434,32.01104817971354,24.522974731004005,53.34250897971893,36.41642238255079,-37.5324992390422,204515515.0,199284626.45,1.0
2026-09-03,730.0,737.9000244140625,712.9500122070312,721.2999877929688,889286,668.5684362792966,646.3205358886721,714.2345513008013,706.677462896978,747.1161395302323,686.1988507041423,716.6574951171873,56.71025272908917,55.19779026245199,56.78719083298386,10.11452652377568,11.715962015372222,-1.6014354915965416,31.86168418539475,24.553477407863095,61.03770767446666,51.195778132053846,-44.415600268871756,203626229.0,199555745.75,1.0
2026-09-04,721.7999877929688,740.2999877929688,714.6500244140625,733.5999755859375,1066661,671.255998535156,647.1613223266604,718.1076361578286,709.1249640505198,749.0297490995715,686.6502374726936,717.8399932861325,60.105753701577186,55.19779026245199,56.78719083298386,11.024848594973491,11.577739331292477,-0.5528907363189859,31.81803152130589,24.63179783436618,61.61550732137336,58.66524132518631,-28.441590148133123,204692890.0,199909372.4,1.0
2026-09-07,734.5,739.75,714.0499877929688,717.0999755859375,519646,673.440461425781,647.9094699096682,717.9061040434503,709.8499650991942,748.6493758596133,686.4506058298394,717.5499908447264,53.988151747767304,59.906633972084926,56.78719083298386,10.296185276453684,11.32142852032472,-1.025243243871035,31.729813447304267,24.708098860985114,58.78344555263847,60.478886849492824,-49.87016157670454,204173244.0,200188691.1,1.0
2026-09-08,718.0,743.9000244140625,713.0,734.25,1208880,675.9906738281247,648.6311001586915,721.1748832347603,712.0681500901765,749.160791934101,686.2791921967581,717.7199920654296,58.69405712390811,59.906633972084926,56.78719083298386,10.976052882992008,11.252353392858177,-0.2763005098661697,31.82888120637594,25.1503792576335,69.28641363321009,63.2284555024073,-27.5974025974026,205382124.0,200469489.1,1.0
2026-09-09,812.9000244140625,874.3499755859375,775.0,844.6500244140625,36292952,680.7844970703122,650.0424685668947,745.8699114706208,724.1210477559843,788.5821250901065,658.6978614821592,723.6399932861328,75.83072188563644,59.906633972084926,56.78719083298386,20.190469019344732,13.03997651815549,7.150492501189243,34.56130271600039,33.36106470965521,79.53447000361822,69.2014430631556,-15.164643795854282,241675076.0,202598567.5,1.0
2026-09-10,839.1500244140625,868.9500122070312,820.0999755859375,824.7999877929688,11528239,684.8578698730466,651.3842611694339,761.6559267350904,733.2736786684375,807.259202736089,649.0157850568798,728.1374938964844,70.19202969260596,59.906633972084926,56.78719083298386,25.59617140119383,15.551215494763158,10.04495590643067,37.09855126065167,34.46741984618653,88.61765559342676,79.14617974341836,-25.29997139122776,230146837.0,204116996.35,1.0
2026-09-11,812.0,834.4000244140625,785.0999755859375,825.7999877929688,3972340,688.954210205078,652.7683938598635,774.4847389466661,741.685161316122,823.5968616570228,643.0981273566492,733.347494506836,70.31179760250232,59.906633972084926,56.78719083298386,29.61948612883964,18.364869621578453,11.254616507261186,37.67181600822179,35.52689334489642,87.68596414668383,85.2793632479096,-24.789376484586477,234119177.0,205893572.5,1.0
2026-09-15,825.5,830.0,776.0499877929688,781.5,1871773,692.30896484375,653.9367141723636,775.8877911573329,745.3046921055654,828.69181180596,643.2031772077121,735.947494506836,59.00181958376934,68.61701556894768,56.78719083298386,28.900209625660523,20.47193762239487,8.428272003265654,37.79718250633294,36.84283040647748,69.11284803717744,81.805489259096,-47.408724615947484,232247404.0,207550173.8,1.0
2026-09-16,785.0,818.7000122070312,774.5999755859375,805.0499877929688,3021853,696.4710278320312,655.2299554443363,781.7202304844602,750.7360826226021,837.1073589378839,641.5776264136789,739.3424926757814,62.45892066161178,68.61701556894768,56.78719083298386,29.88595829040753,22.354741755997402,7.531216534410127,37.84658651281727,37.361202278950074,60.57824908688272,72.45902042358132,-35.384220797393176,235269257.0,209310678.75,1.0
2026-09-17,818.0,832.4000244140625,802.0499877929688,814.0999755859375,2989509,701.291846923828,656.5397616577152,788.1961795047557,756.4964365283599,846.8170891682558,641.5228949626036,744.1699920654297,63.724819687130974,68.61701556894768,56.78719083298386,31.039624124729357,24.091718229743798,6.94790589498556,38.17398064503892,36.86040473196034,50.87865452575485,60.189917216605,-31.486808302696133,238258766.0,211252781.35,1.0
2026-09-18,815.0,838.0,810.0,830.8499755859375,2312208,706.4160119628906,657.9528533935551,796.7269387209922,763.255849169958,858.6121763164398,641.1078065937164,749.8599914550781,66.00938133281737,68.61701556894768,56.78719083298386,32.92594779407284,25.85856414260961,7.067383651463231,38.590792105417,36.22751867967746,55.43197069062503,55.629624767754194,-23.41227279760143,240570974.0,213328522.5,1.0
2026-09-21,834.7000122070312,837.9500122070312,811.0,812.7999877929688,994540,710.5530517578125,659.2719860839848,799.9415485353875,767.7598617720498,865.5490331301231,644.3759485593301,754.9624908447266,61.51354163047695,69.01409092866152,56.78719083298386,32.58872716640917,27.204596747369525,5.384130419039646,38.97783131862523,35.56483964591702,48.34063111826782,51.5504187782159,-36.735298285442006,239576434.0,215388020.05,1.0
2026-09-22,819.9000244140625,832.6500244140625,811.0,827.75,1332319,714.7141101074218,660.6915863037112,805.50323882831,773.2135107018635,874.1825246714064,646.6424570180467,760.4124908447266,63.717731044583914,69.01409092866152,56.78719083298386,33.14573503114923,28.392824404125466,4.752910627023763,39.33722487374715,34.57092427221313,45.645857638413496,49.806153149102116,-28.87235821518641,240908753.0,217488084.6,1.0
2026-09-23,832.0,853.2000122070312,815.0,821.0,2358335,718.8489733886718,662.1034014892582,808.6025910626481,777.557737001694,879.8867166941843,652.5832662159719,766.2349914550781,61.9914184190538,69.01409092866152,56.78719083298386,32.66594649177284,29.24744882165494,3.418497670117901,40.117616071208,34.830144838985845,38.545884926215365,44.1774578942989,-33.05451529793218,238550418.0,219497796.45,1.0
2026-09-24,817.25,824.5499877929688,803.5,814.7000122070312,1120162,722.776728515625,663.4805020141605,809.8220752915248,780.9343074749065,882.0255538824455,663.0044326898202,772.5149932861328,60.34802028130038,69.01409092866152,56.78719083298386,31.415219162716653,29.681002889867287,1.7342162728493662,40.16539997006946,33.845847907127485,36.76721550251681,40.31965268904855,-36.96930424828962,237430256.0,221493645.55,1.0
2026-09-25,819.5999755859375,838.5499877929688,815.2999877929688,820.7000122070312,1351331,726.2309985351562,664.8932901000978,811.9976626746262,784.5493715414633,882.3312136986964,676.4687740942724,779.3999938964844,61.39761486792749,69.01409092866152,56.78719083298386,30.55592887171565,29.855988086236962,0.6999407854786881,40.532758630415444,33.131857027042486,33.22655131325706,36.17988391399641,-33.250679576540406,238781587.0,223585707.35,1.0
2026-09-28,820.0,820.0,794.5499877929688,799.0,1013536,729.4579980468751,666.2299725341799,809.3981301397009,785.8630650376939,879.9423937975333,689.1575939954356,784.5499938964845,55.6592582776904,67.17441461180194,56.78719083298386,27.80342491926831,29.445475452843233,-1.642050533574924,39.746209167206736,32.633154697543915,21.012990636758055,30.33558581751064,-46.699713038261315,237768051.0,225580590.1,1.0
2026-09-29,791.2000122070312,805.4500122070312,778.7999877929688,801.5499877929688,1043628,732.7489978027345,667.6355386352541,807.8285016703545,787.2891489245371,876.9174088737273,702.0825789192415,789.4999938964844,56.17757502908668,67.17441461180194,56.78719083298386,25.533474411014822,28.663075244477554,-3.1296008334627317,38.26122635987369,32.20578824872381,12.163891908217273,22.134477952744128,-72.98244390272556,238811679.0,227585015.4,1.0
2026-09-30,780.0,801.0,757.25,764.7999877929688,2394392,735.3299975585938,668.7849002075197,799.2227988948774,785.2446797307582,875.2680274641536,706.9219566667059,791.0949920654298,47.550706313014295,67.17441461180194,60.42034580214247,20.532419461118252,27.036944087805693,-6.5045246266874415,35.9706532224012,33.06965964474131,0.8565181675630559,11.34446690417946,-93.24083530181252,236417287.0,229146097.9,1.0
2026-10-01,763.9500122070312,791.4500122070312,756.9000244140625,786.1500244140625,1585680,738.4619982910158,670.0390335083009,796.6082439987146,785.3269837928767,872.6677395856262,715.4772494280456,794.0724945068359,52.14813531113745,67.17441461180194,60.42034580214247,18.08336315435065,25.246227901114686,-7.162864746764036,33.829485428667454,33.17539736961469,7.589395397467568,6.869935157749299,-69.62616437409802,238002967.0,230820470.5,1.0
2026-10-05,793.0499877929688,822.75,791.0499877929688,816.4000244140625,1578431,741.6319982910157,671.4434277343752,800.5666000817841,788.1518056675299,870.0458257612368,727.6091669145444,798.8274963378906,57.79320376222232,61.19463596933108,60.42034580214247,18.37161404614983,23.871305130121716,-5.499691083971886,32.8674395646353,33.420010099352034,25.229144230324884,11.225019265118501,-38.213907017395975,239581398.0,232618228.95,1.0
2026-10-06,821.0,861.5,817.0499877929688,851.2000122070312,2456818,745.2009985351564,673.0215747070314,810.6932825068336,793.8834608074844,872.5913031396077,736.823693198283,804.7074981689453,63.17526216469974,61.19463596933108,60.42034580214247,21.164155918694746,23.329875287836323,-2.165719369141577,32.93698734749076,34.25429334839385,53.44452414414663,28.754354590646358,-9.8470269570058,242038216.0,234485495.25,1.0
2026-10-07,853.0,853.2999877929688,831.0,834.0499877929688,656284,748.6289978027346,674.488995666504,815.3646235640607,797.5349632607102,865.5976436029018,755.5123539556921,810.554998779297,59.170803461570635,61.19463596933108,60.42034580214247,21.742764772487703,23.012453184766603,-1.2696884122788994,33.00156743157084,33.4004143801492,67.69563255801108,48.789766977494196,-26.242847623304467,241381932.0,236345929.65,1.0
2026-10-08,830.0999755859375,831.0,794.2000122070312,802.1500244140625,1148572,751.7009985351565,675.8431591796876,812.7217037340611,797.9545142746514,856.0243968858008,771.8756031141995,813.9500000000002,52.5042502098207,61.19463596933108,60.42034580214247,19.403583579022552,22.290679263617793,-2.8870956845952414,31.559305172263166,33.86109732341979,58.14465170171549,59.76160280129106,-56.7399516620122,240233360.0,238088491.45,1.0
2026-10-09,806.2000122070312,816.0,791.1500244140625,806.5999755859375,896739,754.499997558594,677.2410864257814,811.4973581044364,798.7404653029502,851.6450830704871,772.4499120467005,812.0474975585938,53.29476355442931,61.19463596933108,60.42034580214247,17.704750161055472,21.373493443105332,-3.66874328204986,30.108611586454092,33.217445770742486,41.77242647423192,55.870903577986155,-52.485695246608934,241130099.0,238061242.6,1.0
