Date,Open,High,Low,Close,Volume,MA50,MA200,EMA9,EMA21,BB_Upper,BB_Lower,BB_Mid,RSI,RSI_W,RSI_M,MACD,MACD_Signal,MACD_Hist,ADX,ATR,StochRSI_K,StochRSI_D,Williams_R,OBV,OBV_SMA20,Supertrend_Dir
2025-07-30,997.5018784172968,999.764444634085,992.091365270063,996.4197998046876,15154036,962.4840148925781,884.7353570556644,988.0106478602397,980.6745823600163,998.9494582069752,964.2175889121653,981.5835235595703,62.40043345835989,67.21045384672038,92.24336410702904,8.316492407940927,7.881771405918758,0.4347210020221697,18.315360695068517,12.508244591203573,85.72028926134519,74.60356734390847,-8.09756864343928,1007618946.0,968786181.4,1.0
2025-07-31,990.9108782036614,999.1742313953042,987.664582321978,992.6815795898438,22183032,963.7029052734374,885.6925720214848,988.9448342061605,981.7661275627279,1000.2167556488015,964.7226120269796,982.4696838378906,59.54071874275173,67.21045384672038,92.45304420730774,8.231019282715579,7.951620981278122,0.2793983014374568,18.202023723281325,12.436916339926624,91.24334351296686,83.24357713624548,-17.09285041542843,985435914.0,969990764.9,1.0
2025-08-01,990.6157884442932,997.6494796779898,988.3040477115344,989.7304077148438,11317258,964.7297998046874,886.5450073242192,989.1019489078972,982.4901530311021,1000.9130955851799,965.3955286823982,983.1543121337891,57.30784836662103,67.21045384672038,92.45304420730774,7.834831251183346,7.928263035259167,-0.09343178407582187,18.096782249478935,12.216096027535823,83.89721839457562,86.95361705629588,-24.194257247423558,974118656.0,970236288.3,1.0
2025-08-04,988.6974801605749,992.8291567300696,977.8764539291844,979.7947387695312,13933946,965.4939221191405,887.3574703979498,987.2405068802241,982.2451153709592,1000.8209464580348,965.9565926044652,983.38876953125,50.44847039568652,67.74866875746172,92.45304420730774,6.642552720856088,7.671120972378552,-1.0285682515224641,16.83042748225429,12.41156793991792,59.695433298832995,78.27866506879182,-48.10246399281483,960184710.0,970352585.7,1.0
2025-08-05,977.089461920278,980.975205994727,966.7603007320948,972.7118530273438,23978058,966.251300048828,888.0964224243169,984.3347761096481,981.3784551579032,1000.9964894878053,964.8547739399291,982.9256317138672,46.20288542884208,67.74866875746172,92.45304420730774,5.0677162322388085,7.150440024350604,-2.0827237921117954,16.67890100163126,12.540377748683227,32.687369952804254,58.760007215404286,-65.1460166323273,936206652.0,968508764.4,1.0
2025-08-06,969.5147509914576,977.8272785976123,968.9737116887808,976.499267578125,14080204,967.1116040039061,888.9189785766606,982.7676744033436,980.9348926506507,1000.6049920793181,964.2179144148228,982.4114532470704,48.68952510490449,67.74866875746172,92.45304420730774,4.078248164213733,6.53600165232323,-2.457753488109497,16.53819784105273,12.277034117265252,15.235943239722591,35.87291549711995,-56.03235849728028,950286856.0,966675881.9,1.0
2025-08-07,973.9415460716062,984.5166400056098,972.3184281442016,981.4671020507812,13081186,968.0324401855469,889.7452630615239,982.5075599328312,980.9832753233898,1000.4433559301877,964.0932956811404,982.2683258056641,51.83437575979518,67.74866875746172,92.45304420730774,3.65284261968543,5.9593698457956705,-2.3065272261102407,15.659577617451841,12.27140395613261,17.693577761338165,21.87229698462167,-55.46720214823042,963368042.0,966348574.2,1.0
2025-08-08,977.3846207407717,980.1882863803764,968.9737439061472,970.8920288085938,13895264,968.5728881835938,890.4049899291997,980.1844537079837,980.06588927659,1000.6023524856989,963.6944797896917,982.1484161376953,45.448576945271526,67.74866875746172,92.45304420730774,2.434324254998046,5.254360727636146,-2.8200364726381,15.164192178938302,12.287257826739857,17.15900513641321,16.69617537915799,-87.48895784867779,949472778.0,965952349.4,1.0
2025-08-11,971.8757166821836,982.5491593344192,970.4984711596596,981.5654296875,9105854,969.4510437011719,891.1524188232427,980.460648903887,980.2022111321273,1000.5240447916246,964.6346527181408,982.5793487548827,51.89071964227453,62.20712378654072,92.45304420730774,2.3033424239450824,4.664157066897933,-2.3608146429528505,14.437118132621814,12.270359994455552,24.256709158707295,19.703097352152888,-55.169462029604176,958578632.0,966665859.8,1.0
2025-08-12,979.7455870293594,981.7622208654036,967.7440729221852,968.924560546875,12937802,970.1491760253906,891.7850793457036,978.1534312324846,979.1769701698316,1000.9819426389225,963.161227527093,982.0715850830078,45.098045594277025,62.20712378654072,92.45304420730774,1.1660839932530962,3.9645424521689656,-2.7984584589158694,14.04307957368436,12.395201990795757,12.667526399501023,18.027746898207177,-93.44653247556607,945640830.0,966007571.7,1.0
2025-08-13,980.7784409396806,980.7784409396806,968.5309950398891,974.0399169921876,13577396,970.7884948730467,892.4097097778326,977.3307283844252,978.7099653355003,1001.0210268783751,962.5789059829531,981.7999664306641,48.061021594893084,62.20712378654072,92.45304420730774,0.6698434691944612,3.305602655574065,-2.635759186379604,13.67718662609958,12.384647984295453,18.3757481468718,18.43332790169337,-77.94332650557307,959218226.0,965128422.8,1.0
2025-08-14,972.908633518138,981.7622004561192,969.5639286580632,979.35205078125,17511716,971.4525256347656,893.0760665893561,977.7349928637902,978.7683367396594,1001.0076915706503,963.041423419584,982.0245574951172,51.01739953751335,62.20712378654072,92.45304420730774,0.6971774523877912,2.7839176149368106,-2.0867401625490194,13.20620116669395,12.371335399564064,17.111953975421613,16.051742840598145,-61.847972525668524,976729942.0,966251317.6,1.0
2025-08-18,988.6483131467888,996.8132573563984,981.5654475516468,985.5003662109376,19284796,971.9570751953125,893.7954891967779,979.2880675332199,979.3803394188665,999.3330398142746,967.2274887501785,983.2802642822265,54.26237891805511,63.645271987951936,92.45304420730774,1.2011118330143518,2.467356458552319,-1.2662446255379671,13.420356301633174,12.734897626391515,34.76719207659695,23.418298066296785,-43.21905293319009,996014738.0,969144924.5,1.0
2025-08-19,982.8935135816984,986.7300232295676,977.1878335213248,979.35205078125,12352438,972.3367150878905,894.4413418579106,979.300864182826,979.3777677245376,999.3034018783038,967.0390297623211,983.1712158203125,50.64890559588957,63.645271987951936,92.45304420730774,1.0917804236381699,2.192241251569489,-1.100460827931319,13.089872964058506,12.50684706080946,39.75279294919585,30.54397966707147,-61.847972525668524,983662300.0,970305455.6,1.0
2025-08-20,977.3354453835108,979.7947696044056,973.4005266300796,977.9256591796876,9950228,972.8198303222655,895.121920166016,979.0258231821983,979.245757856824,999.1080028577019,966.5498706774545,982.8289367675782,49.820015036073286,63.645271987951936,92.45304420730774,0.879893745242839,1.929771750304159,-1.04987800506132,12.34715544990401,12.070232483203494,39.24724970424415,37.92241157667898,-65.55382756999064,973712072.0,970226634.6,1.0
2025-08-21,982.5000176251586,982.5000176251586,975.4663263982884,979.4012451171876,12439850,973.4770788574218,895.8072073364264,979.1009075691962,979.2598930623116,997.7200333546136,966.5569258739022,982.1384796142579,50.718521639475306,63.645271987951936,92.45304420730774,0.8215689438477511,1.7081311890128774,-0.8865622451651263,11.944957863467309,11.710479536322548,36.93617440404111,38.645405685827036,-59.07646361454128,986151922.0,970088060.3,1.0
2025-08-22,978.7618310909676,981.762194526744,962.628640751246,966.317626953125,19833502,973.9405981445312,896.4231936645514,976.544251445982,978.0833234160218,997.8504871582729,964.2327525878209,981.0416198730469,43.31297971173909,63.645271987951936,92.45304420730774,-0.2771971665590627,1.3110655178984896,-1.5882626844575523,11.942034873566007,12.240699124835077,26.24235178407143,34.14192529745223,-89.20863660842421,966318420.0,969913169.7,1.0
2025-08-25,964.1534314319724,972.6135426708398,962.5794879672084,966.0717163085938,17518044,974.6496166992188,897.0942462158209,974.4497444185045,976.9913591335282,997.9447464353251,962.1464400881122,980.0455932617186,43.18534734387656,59.86542026181171,92.45304420730774,-1.1545116672500626,0.8179500808687791,-1.9724617481188416,11.943844643418185,12.083081666177677,15.344162800972299,26.174229663028278,-89.79887869873855,948800376.0,969327706.8,1.0
2025-08-26,963.563227065448,969.6623631247152,952.2503356808104,957.5625,16917731,975.015682373047,897.6165921020514,971.0722955348036,975.2250992122983,998.6299634589994,958.4264208183444,978.5281921386719,38.91239858041897,59.86542026181171,92.45304420730774,-2.5075073870838196,0.1528585872782593,-2.6603659743620787,12.825439849396147,12.463720650301042,0.0,13.86217152834791,-88.07940745478619,931882645.0,967293378.35,-1.0
2025-08-28,951.266572354668,956.3819785474136,939.4618165446824,942.2162475585938,25438255,975.1311181640625,898.0685153198249,965.3010859395617,972.224294516507,1000.4229580922471,951.4196566538468,975.921307373047,32.63993666426602,59.86542026181171,92.45304420730774,-4.763173659919403,-0.8303478621612732,-3.9328257977581296,14.494448396024886,12.866360850659369,0.0,5.114720933657432,-95.19727669448773,906444390.0,962992352.35,-1.0
2025-08-29,938.4781016808784,947.6267755693488,934.6415319653456,936.1171264648438,14823813,975.0828344726563,898.5110537719733,959.4642940446182,968.9418246936286,1001.3164599197831,944.4958874923262,972.9061737060547,30.533373784274584,59.86542026181171,92.45304420730774,-6.962691953409717,-2.056816680410962,-4.905875272998754,16.317696060154244,12.874852475898209,0.0,0.0,-97.62658267851371,891620577.0,957192433.9,-1.0
2025-09-01,934.149632186874,941.8719458039564,930.9525108908948,935.1333618164062,20178344,975.0012866210939,898.929504089356,954.5981075989758,965.8683280684265,1001.4982618175612,938.5592638172044,970.0287628173828,30.194867382995266,52.13900042298597,80.08029542025554,-8.685091306835602,-3.3824716056958906,-5.302619701139712,18.212583268785767,12.735179792838446,0.0,0.0,-93.65198369304655,871442233.0,951492749.85,-1.0
2025-09-02,935.5269334024698,939.2650942089082,928.6408255856272,929.1326904296876,14196320,974.5143676757813,899.2891964721684,949.5050241651182,962.528724646723,1001.9568795843908,932.0408743218594,966.9988769531251,28.145172038953863,52.13900042298597,80.08029542025554,-10.414260126758336,-4.78882930990838,-5.625430816849956,20.097933183212636,12.58440042358434,0.0,0.0,-99.2784989015585,857245913.0,945649112.7,-1.0
2025-09-03,929.624519167098,940.740652202688,924.7058709175366,938.9207763671876,16083481,974.3814184570314,899.8145455932622,947.3881746055322,960.3825475304017,1001.5062415020209,928.4041161639948,964.9551788330078,35.800604663164535,52.13900042298597,80.08029542025554,-10.86952502340148,-6.004968452607001,-4.864556570794479,22.060185956330265,12.830856199410562,9.77061171414477,3.25687057138159,-80.2864780549167,873329394.0,941306346.9,-1.0
2025-09-04,944.5772033181552,949.9877162864988,940.6914592688354,945.610107421875,17597657,974.2609301757814,900.462758789063,947.0325611688008,959.0395984296265,1000.9413243805029,926.2588587249661,963.6000915527345,40.46859069578406,52.13900042298597,80.08029542025554,-10.568722963435562,-6.917719354772713,-3.6510036086628483,22.62587417207417,12.704862179403461,25.498963669845004,11.756525127996591,-71.0095767760732,890927051.0,939042366.85,-1.0
2025-09-05,951.7584261964354,951.7584261964354,938.5272505370174,947.7251586914062,11602111,973.9954150390626,901.0938845825201,947.171080673322,958.0110129988791,999.6270861055681,924.6956861112288,962.1613861083985,41.90687985140481,52.13900042298597,80.08029542025554,-10.04388850790508,-7.5429531853991865,-2.500935322505894,23.2970309841778,12.7424559994045,43.0630008914298,26.110858758473192,-68.07638036723573,902529162.0,936654482.15,-1.0
2025-09-08,953.2340258485784,957.3165278914954,944.823149393627,950.2828369140624,11711307,973.3772802734376,901.707831420899,947.7934319214701,957.3084515366229,997.2720803640506,923.9322653390744,960.6021728515625,43.67894827919337,54.566226474018535,80.08029542025554,-9.314201842557736,-7.8972029168308975,-1.4169989257268387,23.216327045325137,12.724664749294782,56.230612812883884,41.59752579138623,-58.762893093881786,914240469.0,934198103.5,-1.0
2025-09-09,958.1526998830964,958.5462157684692,947.0365666053972,949.4467163085938,13985539,972.5942492675781,902.227452087403,948.1240887988948,956.5937483340747,996.1870902213348,922.8727242317905,959.5299072265626,43.21486422959344,54.566226474018535,80.08029542025554,-8.703064340028845,-8.058375201470486,-0.6446891385583591,22.988902061977655,12.637877921707442,62.755186626326726,54.01626677688013,-57.19143408030578,900254930.0,931737211.1,-1.0
2025-09-10,958.0543466125588,958.0543466125588,946.0528326679372,950.1845092773438,18091100,971.9574658203126,902.7533096313483,948.5361728945846,956.0110902380083,993.3097751734305,922.6119472386791,957.9608612060548,43.78246960775865,54.566226474018535,80.08029542025554,-8.06621740646608,-8.059943642469605,-0.006273763996475168,22.862437936618285,12.592423351915597,68.28223962918307,62.42267968946456,-55.914846379335906,918346030.0,929725581.0,-1.0
2025-09-11,944.6755555766032,953.4799478098324,944.2820997482356,952.0535278320312,15113633,971.2540466308594,903.2778353881841,949.239643882074,955.6513118374648,992.1685636534679,922.0660554871573,957.1173095703126,45.27479328055682,54.566226474018535,80.08029542025554,-7.3262450535119115,-7.913203924678067,0.5869588711661553,22.90227023482403,12.349953688321397,78.67734932691754,69.90492519414244,-52.06901674596946,933459663.0,929116522.65,-1.0
2025-09-12,954.1194397337724,954.9555859441328,946.5938836721522,951.5617065429688,14363519,970.7969067382812,903.702841186524,949.704056414253,955.2795295379651,990.191063008087,921.7957350876161,955.9933990478515,44.93675076416918,54.566226474018535,80.08029542025554,-6.702238269515647,-7.671010793645583,0.9687725241299363,22.723561528936436,12.065078587154204,89.09994410466854,78.68651102025638,-43.942515587640806,919096144.0,927110418.55,-1.0
2025-09-15,953.824233432933,956.5294899386952,949.2991011128588,951.3157348632812,14486377,970.3240539550782,904.1267382812507,950.0263921040588,954.9191845675392,987.0098471994662,922.17331930444,954.5915832519531,44.75676588810919,55.371798802966424,80.08029542025554,-6.156586954285672,-7.3681260257736,1.2115390714879286,22.322530149893595,11.719743604202932,98.33413341571516,88.7038089491004,-40.80974150937949,904609767.0,923504409.8,-1.0
2025-09-16,945.560981879392,953.5783427584718,945.560981879392,951.1190185546876,18661794,969.8256774902345,904.4847424316412,950.2449173941847,954.5737149300072,981.85376285749,923.8912688807914,952.8725158691407,44.602901751899964,55.371798802966424,80.08029542025554,-5.67461429655134,-7.029423679929148,1.354809383377808,22.337060810450435,11.455287695265564,97.02666817917114,94.82024856651827,-21.947758648732872,885947973.0,918001071.55,-1.0
2025-09-17,949.4467082101404,958.5462075924,948.6596764461076,950.7747192382812,17361476,969.3390600585938,904.8874929809576,950.350877763004,954.2283516853048,977.609062394369,925.2782361896157,951.4436492919923,44.31574617850502,55.371798802966424,80.08029542025554,-5.259797894261283,-6.675498522795576,1.4157006285342932,21.602021126209465,11.343233656053199,95.818226231535,97.05967594214042,-22.965181248659107,868586497.0,912247281.4,-1.0
2025-09-18,957.4640913046234,963.7108108355188,953.4799980850368,961.0055541992188,17791598,968.9196789550782,905.3343606567388,952.481813050247,954.8444610047516,974.1183210987489,927.0769669871885,950.5976440429687,53.828163355484236,55.371798802966424,80.08029542025554,-4.058723589095962,-6.152143536055654,2.093419946959692,20.220094691266212,11.457009223280656,96.82628002938057,96.55705814669555,-6.935676973195093,886378095.0,907880582.55,-1.0
2025-09-19,959.0380500102756,960.8087513537788,946.4462625851606,951.168212890625,31243267,968.2073864746095,905.7110522460943,952.2190930183226,954.5102566307401,968.4275515765465,929.9444332867346,949.1859924316406,45.73752976490374,55.371798802966424,80.08029542025554,-3.8562028721835304,-5.692955403281229,1.8367525310976989,19.730062851638667,11.678600822621902,87.63310758595529,93.42587128229027,-32.15643447026918,855134828.0,901329727.85,-1.0
2025-09-22,948.315388056543,955.398253585716,946.298754270858,948.5121459960938,10854415,967.4910363769533,906.0220507812504,951.4777036138769,953.9649738457722,965.7659216006849,930.8255151668933,948.2957183837891,43.82232869317118,55.263569102697986,80.08029542025554,-3.8654674431443254,-5.327457811253849,1.4619903681095234,19.29087138126169,11.494379286353054,70.99836461038545,85.15258407524043,-38.96599987433416,844280413.0,895227827.5,-1.0
2025-09-23,951.266576206428,952.447063800625,939.9536851760516,941.6260375976562,21022298,966.8577526855471,906.216602172852,949.5073704106328,952.8432523686707,962.6220473921177,931.524821504367,947.0734344482423,39.23523643945959,55.263569102697986,80.08029542025554,-4.377994287582624,-5.137565106519604,0.7595708189369805,19.537291696178976,11.565736381940216,37.66503127705213,65.43216782446429,-87.69519867759419,823258115.0,888950714.45,-1.0
2025-09-24,936.7074240016012,940.8882751893464,927.6570988338276,935.5761108398438,15117220,966.1103393554689,906.3671939086919,946.7211184964751,951.2735122296865,961.5091678494925,930.4390621309765,945.9741149902345,35.69960950508771,55.263569102697986,80.08029542025554,-5.212270225727821,-5.152506130361248,-0.05976409536657279,20.7657096283461,11.737393694932248,14.832335623688097,41.16524383704189,-78.03551543972871,808140895.0,882763626.95,-1.0
2025-09-25,937.0024763946196,942.4129893816752,931.9854792780052,934.3955688476562,31413279,965.2166540527345,906.5359057617193,944.2560085667114,949.739153740411,961.8908956633943,929.2752664459808,945.5830810546876,35.03613782237671,55.263569102697986,80.08029542025554,-5.900680419084779,-5.302140988105955,-0.5985394309788239,21.675727503631208,11.643830581270658,0.0,17.49912230024674,-81.3099133495254,776727616.0,876277788.25,-1.0
2025-09-26,929.7228805294212,935.9695999150294,925.9847198182592,929.6737060546876,14874656,964.220682373047,906.6466729736334,941.3395480643068,947.9150221326179,962.5793876352935,927.9424324330663,945.2609100341799,32.4392879354512,55.263569102697986,80.08029542025554,-6.74946172877128,-5.5916051362390204,-1.1578565925322595,22.952898772623833,11.525334118092054,0.0,4.944111874562699,-90.22165791112397,761852960.0,869789407.4,-1.0
2025-09-29,930.6574059019288,941.232499440892,923.8204729543668,934.8382568359376,32398179,963.420242919922,906.787873229981,940.0392898186329,946.7262252874651,962.601427170387,927.890882399926,945.2461547851565,37.86401254920716,49.56451097246977,80.08029542025554,-6.92555743069056,-5.858395595129329,-1.0671618355612313,23.349976715963358,11.945812144408707,8.454121604846211,2.8180405349487367,-72.37981810433179,794251139.0,865929852.7,-1.0
2025-09-30,942.4621986714628,944.3804835370664,930.9033750448372,935.5269165039062,28296687,962.9230566406253,906.9446493530278,939.1368151556876,945.7081063071415,961.8753827218974,929.256349455837,945.5658660888672,38.57229188287987,49.56451097246977,79.96005079691118,-6.9296646033456,-6.072649396772583,-0.857015206573017,23.273448726422362,12.055190454967319,18.01205585335815,8.822059152734786,-70.65343596633033,822547826.0,864194948.35,-1.0
2025-10-01,937.1992488555558,953.8242439027432,930.6082481971154,949.5450439453124,25350832,962.2832971191409,907.1808581542974,941.2184609136126,946.0569188197024,962.185875613507,930.0082833220397,946.0970794677734,50.85311329632265,49.56451097246977,79.96005079691118,-5.735656756358139,-6.005250868689695,0.2695941123315553,22.019129921968943,12.8523908300145,46.708944616421824,24.391707358208727,-35.511774636784125,847898658.0,862923411.55,-1.0
2025-10-03,936.5106471136628,951.0206597658968,936.5106471136628,949.4467163085938,26658296,961.5768066406253,907.386243896485,942.8641119926089,946.3650822277834,962.4446090111209,930.1332108130981,946.2889099121095,50.77643092128613,49.56451097246977,79.96005079691118,-4.742660713284408,-5.752732837608638,1.01007212432423,20.854405317833624,12.970792388744462,66.83220669932851,43.8510690563695,-35.75826950732542,821240362.0,859439077.1,-1.0
2025-10-06,956.0868643620496,961.497377400324,946.3479168763192,957.6116333007812,18542683,960.864831542969,907.6483480834967,945.8136162542435,947.3874959616923,963.7105429317575,929.855924353399,946.7832336425782,56.62534093427233,54.239542115116166,79.96005079691118,-3.2592925352797693,-5.254044777142864,1.994752241863095,20.0775298503924,13.126411541263057,90.6076057841499,68.04958569996674,-15.289861802898896,839783045.0,856301771.25,-1.0
2025-10-07,958.152702071406,973.7447933808842,955.201513050652,966.514404296875,25535736,960.4300231933596,908.0324932861332,949.9537738627698,949.1263058103452,966.6511508231753,928.5384732002625,947.5948120117189,61.93627852626384,54.239542115116166,79.96005079691118,-1.3497739968665883,-4.47319062108761,3.1234166242210213,20.368536281591396,13.513330740475135,95.24405035441956,84.22795427929933,-14.482699057769732,865318781.0,853855686.85,1.0
2025-10-08,960.1201629857547,969.8591107869768,958.69374294831,962.7762451171876,15939710,959.9657031250001,908.4526660156255,952.5182681136534,950.3672093836946,968.4868417369305,928.0357351673663,948.2612884521484,58.68694778797489,54.239542115116166,79.96005079691118,-0.1365311563541809,-3.605858728140924,3.469327571786743,20.638756539133322,13.345619104631677,96.32806525546482,94.05990713134474,-21.97035066274151,849379071.0,851311893.9,1.0
2025-10-09,958.644536419518,963.0713198098596,954.3653364923584,961.2022094726562,15370950,959.4315368652345,908.9067047119146,954.255056385454,951.3522093917819,969.8424571379334,927.7818897858948,948.8121734619141,57.32324099316516,54.239542115116166,79.96005079691118,0.6900070422766476,-2.74668557405741,3.4366926163340574,20.352091167137523,13.014216548408067,91.11506166797852,94.22905909262096,-25.123194068688626,834008121.0,847094998.45,1.0
2025-10-10,963.0713193511868,970.1541847807785,962.1859386567032,964.9404296875,13757080,958.8432666015626,909.4328179931646,956.3921310458634,952.5875021459381,971.661812415432,927.251224693943,949.4565185546875,59.71729066056424,54.239542115116166,79.96005079691118,1.6279219780885796,-1.8717640636282118,3.4996860417167914,20.66069672851425,12.72405645981622,88.60747493765544,92.01686728703292,-17.635420208359452,847765201.0,842810275.35,1.0
2025-10-13,958.4477997344204,965.0388004923792,956.1852335153852,961.1038818359376,18634254,958.1369482421876,909.8681661987309,957.3344812038783,953.3617184813925,972.731518301308,927.1357363373642,949.9336273193361,56.23089144434877,57.55924192916746,79.96005079691118,2.0381543985793087,-1.0897803711867078,3.1279347697660165,20.22652531536774,12.447592925328918,85.83198689132448,88.51817449898614,-25.320147449082388,829130947.0,838312015.5,1.0
2025-10-14,954.2177737318784,964.4977607253468,951.2665847409552,961.25146484375,22934382,957.5083459472659,910.3112890625006,958.1178779318527,954.0789681506976,973.7814218943184,927.0794057424001,950.4304138183593,56.33649439224608,57.55924192916746,79.96005079691118,2.3481077383494267,-0.4022027492794809,2.7503104876289077,19.277632713652142,12.503563143833395,84.71690522688466,86.38545568528819,-25.02453399545589,852065329.0,835684793.6,1.0
2025-10-15,959.1364356766506,968.8753835018975,957.5132576917448,962.3335571289062,23310447,956.9604089355472,910.7776574707038,958.9610137712634,954.8293853305348,974.9426393121795,927.0396421819611,950.9911407470703,57.152782724493015,57.55924192916746,79.96005079691118,2.650510363613762,0.2083398732991677,2.442170490314594,18.79580864230958,12.422031905713348,81.81886050581856,84.12258420800923,-22.857068768264742,875375776.0,835156183.75,1.0
2025-10-16,966.6619807603524,980.384961573746,965.5306676270898,978.1715698242188,22936566,956.9279455566409,911.3050167846686,962.8031249818545,956.9514021026879,979.2179234247692,925.5040431279651,952.3609832763672,66.90508800824932,57.55924192916746,79.96005079691118,4.120661463220586,0.9908041912834513,3.1298572719371345,19.256580684889755,12.824129944222374,88.26628329668468,84.9340163431293,-3.913041209337287,898312342.0,836642476.0,1.0
2025-10-17,977.7781081157632,992.5832274986776,969.9574453059424,986.2381591796876,25210511,957.1984716796877,911.9220889282233,967.4901318214212,959.6138345642333,984.289765797144,922.9554612536375,953.6226135253908,70.57815248485191,57.55924192916746,79.96005079691118,5.8690187523719715,1.9664471035011555,3.9025716488708158,20.444262963235015,13.52424796197329,94.5943685486108,88.22650411703802,-9.227478394428235,923522853.0,838499713.9,1.0
2025-10-20,980.77844947519,1003.4042311581684,980.77844947519,986.6316528320312,22195202,957.4011193847659,912.5533825683601,971.3184360235432,962.0699998613059,989.3863179505149,921.4052530944073,955.3957855224611,70.74869982921874,61.675027814466326,79.96005079691118,7.203320751724505,3.0138218331458253,4.189498918578679,22.09519038751073,14.174357513473655,99.99999999999999,94.28688394843182,-23.040527298203695,945718055.0,843028875.25,1.0
2025-10-21,989.632029907408,993.5669485153896,987.664570603417,991.3043823242188,3471600,957.5978649902346,913.1840176391609,975.3156252836784,964.7276709942979,994.9193974533869,920.1513972243479,957.5353973388674,72.76744284575867,61.675027814466326,79.96005079691118,8.53937828048879,4.118933122614418,4.420445157874372,23.62819442433818,13.657281668465423,99.99999999999999,98.19812284953692,-16.621588639613872,949189655.0,848274337.35,1.0
2025-10-23,999.469340209832,1003.8961237048558,989.6320435542232,992.386474609375,43526526,958.0277539062502,913.7933709716805,978.7297951488177,967.2421076865776,999.7327188035409,920.4141195753656,960.0734191894533,73.22822053825102,61.675027814466326,79.96005079691118,9.575152899499244,5.210177077991384,4.36497582150786,25.523348891269052,13.70062441719165,99.99999999999999,99.99999999999999,-17.08031118531116,992716181.0,856747240.65,1.0
2025-10-24,994.5506701933195,995.4852253636408,975.1711841959708,978.5650634765624,17707768,957.9677465820312,914.4417193603524,978.6968488143667,968.2714673038489,1000.9404828515175,923.505250791061,962.2228668212892,59.402687510882444,61.675027814466326,79.96005079691118,9.174975967622004,6.003136855917508,3.1718391117044957,25.674963202225772,14.173011327940102,72.88685190677309,90.96228396892435,-44.01711473611446,975008413.0,865090616.55,1.0
2025-10-27,980.286584655995,992.6323796093756,979.9914777728962,986.6316528320312,15700796,958.3218884277344,915.2243066406259,980.2838096178997,969.9405750791382,1002.6861964880878,926.983145552928,964.8346710205079,63.70916880450955,59.43857360126416,79.96005079691118,9.400377511258512,6.682584986985709,2.717792524272803,25.815747919542726,14.165461671145323,54.21911165740178,75.70198785472495,-32.803766122037445,990709209.0,875789696.2,1.0
2025-10-28,981.4178939740924,991.5994716753509,978.8109864255694,987.2218627929688,33904289,958.58552734375,916.0028085327156,981.6714202529135,971.5116012349409,1002.9699522953667,932.4542054194774,967.7120788574221,64.00999005783571,59.43857360126416,79.96005079691118,9.516929629096808,7.249453915407929,2.267475713688879,25.81886187709371,14.06710621247648,36.141309689243684,54.41575775113951,-31.682323729501316,1024613498.0,888927723.1,1.0
2025-10-29,988.5499498614066,996.0262711888014,983.729650556841,991.451904296875,17769445,958.8275244140625,916.848806762696,983.6275170617058,973.3243560587531,1003.7167671312307,937.3687553297073,970.542761230469,66.17412069424894,59.43857360126416,79.96005079691118,9.837229560716537,7.767009044469651,2.070220516246886,26.105076815760718,13.940642956725334,49.42071601235385,46.59371245299977,-23.644933345352793,1042382943.0,901334313.3,1.0
2025-10-30,983.7296659041476,993.0750977302372,980.876825856188,981.9097900390624,19962917,958.755712890625,917.711397399903,983.2839716571772,974.104850056963,1001.9641785923011,943.7596312221524,972.8619049072267,57.73960785192421,59.43857360126416,79.96005079691118,9.21487732064179,8.05658269970408,1.1582946209377099,26.038858576877068,13.816187879391324,37.713855246943154,41.09196031618023,-41.77565317620233,1022420026.0,911327923.3,1.0
2025-10-31,977.8272677237644,988.1072545286754,965.1863657946756,971.2362670898438,23221330,958.5933972167968,918.5474337768562,980.8744307437105,973.8440697872248,1000.9295692370739,946.9633628918328,973.9464660644534,50.05430295947834,59.43857360126416,81.74595896246385,7.770817440638439,7.999429647890952,-0.22861220725251297,24.413084836971823,14.466523654720504,22.458323881767928,36.53096504702164,-62.05613284473937,999198696.0,918892925.2,1.0
2025-11-03,968.9737116887808,978.3683179002892,967.3013592642496,976.499267578125,16607180,958.5648693847654,919.4726318359382,979.9993981105935,974.0854514045794,999.6997163588715,950.8984708969883,975.2990936279299,53.3514316382971,57.3012917682564,81.74595896246385,6.970715665448779,7.7936868514025175,-0.8229711859537385,22.903437792774096,14.223697581957579,7.701317982816874,22.624499037175987,-52.05604431671479,1015805876.0,928621200.9,1.0
2025-11-04,970.9411924643372,980.7784892471572,967.6948965344257,969.2196655273438,20024544,958.3612377929686,920.3232144165046,977.8434515939435,973.6431072339217,999.0288056687803,952.7301848097356,975.879495239258,48.574940188598276,57.3012917682564,81.74595896246385,5.683707949605832,7.371691071043181,-1.687983121437349,21.710439548352692,14.142261519870003,4.742585664265544,11.634075842950116,-74.76135296967222,995781332.0,936421115.25,1.0
2025-11-06,965.0388182096444,974.9252895070432,958.1527104344484,968.6294555664062,22279516,958.4074743652342,921.1794601440437,976.0006523884362,973.187320718693,998.9731837613448,952.9973118441243,975.9852478027345,48.19816954985703,57.3012917682564,81.74595896246385,4.563514694444848,6.810055795723515,-2.246541101278667,20.58271950817101,14.33014134506463,4.742585664265544,5.72882977044932,-77.09671320321974,973501816.0,941830267.0,1.0
2025-11-07,964.0550607577244,968.8753600783504,958.8904800750938,966.317626953125,15004568,958.4123925781249,922.0023077392584,974.064047301374,972.5628031036413,998.773319199912,953.5513145891508,976.1623168945314,46.67114160677457,57.3012917682564,81.74595896246385,3.4494451641916157,6.137933669417135,-2.6884885052255196,19.535550899430877,14.01976553493548,0.0,3.161723776177029,-82.15061812197845,958497248.0,947286175.85,1.0
2025-11-10,966.3176552483678,974.8269410200376,964.2518469316628,968.4818725585938,15988262,958.630780029297,922.8731024169929,972.947612352818,972.1918094177278,998.3437604941605,954.7088396034958,976.5263000488281,48.321808125392224,55.84980802237067,81.74595896246385,2.709935122814727,5.452333960096654,-2.742398837281927,18.294245125395538,13.773717574466856,2.0718474885444103,2.271477717603318,-77.41934546273232,974485510.0,954310045.3,1.0
2025-11-11,967.498102198712,977.3353986115102,962.0875891716728,975.564697265625,10200530,959.2977490234375,923.7441268920905,973.4710293353795,972.4984355857184,998.1939426494005,955.9210842060684,977.0575134277344,53.404836436761215,55.84980802237067,81.74595896246385,2.6646761197577007,4.894802392028864,-2.2301262722711632,17.375477723252224,13.879009850564751,10.52369924950197,4.198515579348793,-61.93553216449443,984686040.0,961156087.25,1.0
2025-11-12,982.549186657653,982.7459446009268,971.629811290036,973.4005126953124,13137263,960.0434167480469,924.6258050537117,973.4569260073661,972.5804425956815,997.531591672998,957.8130982684081,977.6723449707031,51.73053117320508,55.84980802237067,81.74595896246385,2.426208603266332,4.4010836342763575,-1.9748750310100256,17.009536818088115,13.681661526302332,16.874033159197552,9.82319329908131,-66.66667139435309,971548777.0,968276978.75,1.0
2025-11-13,967.990016129637,973.9907432290496,966.6127705451346,970.596923828125,14124839,960.7526879882812,925.4360778808601,972.8849255715179,972.4001227077217,996.7740533782313,959.5051824616122,978.1396179199218,49.56275611129428,55.84980802237067,81.74595896246385,1.9880778632963256,3.9184824800803515,-1.9304046167840259,16.13103974452535,13.23139803756038,19.744361413053483,15.714031273917666,-67.14274246778784,957423938.0,973544909.2,1.0
2025-11-14,960.169315545859,975.5155341538172,960.169315545859,973.4988403320312,21386965,961.6400109863281,926.2636505126961,973.0077085236206,972.5000061281135,995.9567315841973,961.4390325759589,978.6978820800781,51.81360818848197,55.84980802237067,81.74595896246385,1.8536487953888354,3.5055157431420487,-1.6518669477532133,15.278274512420191,13.382456649731648,20.081708058900873,18.900034210383968,-59.480625555337994,978810903.0,978716665.55,1.0
2025-11-17,975.121999344663,981.7129998984626,969.5639028977658,980.3357543945312,18396408,962.4683105468749,927.1620483398445,974.4733176978027,973.2123468796059,996.0781795062599,961.5340031109276,978.8060913085938,56.71473136045326,57.54085800163787,81.74595896246385,2.2725975272802543,3.25893209996969,-0.9863345726894357,14.489900125716307,13.294359531943442,30.897281143262255,23.574450205072203,-41.428681332707164,997207311.0,983661414.0,1.0
2025-11-18,981.4178963551165,982.7459073482096,973.8923406153428,976.302490234375,20002640,963.082158203125,928.0888104248054,974.8391522051172,973.4932690027666,995.2497012296035,961.3689144930529,978.3093078613282,53.27238489776388,57.54085800163787,81.74595896246385,2.253193295589881,3.0577843390937285,-0.8045910435038475,13.855783663933034,12.977160046295108,37.23755830439278,29.40551583551863,-52.077968275426656,977204671.0,986345504.9,1.0
2025-11-19,973.8923481205824,980.3357652840727,967.9899702531848,978.41748046875,19813847,963.6960046386718,928.9276309204109,975.5548178578439,973.9409245905832,994.3815540728787,961.4156444134493,977.898599243164,54.82095933806033,57.54085800163787,81.74595896246385,2.381030303183138,2.9224335319116106,-0.5414032287284725,13.076138562683806,12.932062545194599,52.99201256147015,40.37561733637506,-41.97197957098059,997018518.0,988910528.05,1.0
2025-11-20,979.106143718625,995.1409255797436,976.3025381325072,992.4356689453124,19850865,964.5390612792968,929.8197991943366,978.9309880753376,975.6222649864677,994.6383693411938,961.2719578072436,977.9551635742187,63.4636962294976,57.54085800163787,81.74595896246385,3.572313303807505,3.05240948629079,0.519903817516715,13.25189919834952,13.353942895340444,69.15943890074651,53.129669922203135,-7.313833943607529,1016869383.0,992294514.45,1.0
2025-11-21,986.7792242744008,991.8946306513916,980.3358068377918,981.8114013671876,17499897,965.1863549804686,930.6243893432624,979.5070707337077,976.1849137483513,992.8029515646875,962.0498682595313,977.4264099121094,54.892881543010446,57.54085800163787,81.74595896246385,3.6174246421807084,3.165412517468774,0.4520121247119344,13.415105502896253,13.264365696210456,74.1971948059269,65.44954875604785,-36.03721931484289,999369486.0,992627179.7,1.0
2025-11-24,983.7296398293618,994.9933562138264,977.4337461176168,982.8934936523438,32204053,965.8405346679687,931.416797790528,980.184355317435,976.7947846487142,993.2075443112968,962.0781185305001,977.6428314208985,55.55130566730215,59.47576617368067,81.74595896246385,3.6978648230019644,3.271902978575412,0.42596184442655227,13.818545874555383,13.571168867638963,67.28072724488234,70.21245365051858,-33.111713769615804,1031573539.0,995455436.0,1.0
2025-11-25,987.6645910314578,989.7303993265384,972.3184321597588,973.6956176757812,24989383,966.2733764648436,932.1821438598639,978.8866077891043,976.5130421966294,992.0548679538688,961.937191372303,976.9960296630859,49.00350131764847,59.47576617368067,81.74595896246385,2.9850131508939057,3.214525013039111,-0.22951186214520547,13.605540706062444,13.845511603291868,38.57714355015342,60.01835520032088,-57.97875842270839,1006584156.0,996249183.35,1.0
2025-11-26,965.3338969506472,990.566586579224,965.3338969506472,987.5662231445312,19494356,966.9934667968748,933.0482662963874,980.6225308601897,977.5178768282568,992.1220203049247,961.9044750564033,977.013247680664,57.196980952235286,59.47576617368067,81.74595896246385,3.4989809306424604,3.271416196559781,0.2275647340826792,12.677565418026816,14.658881462240796,43.15079630081357,49.669555698616435,-20.89547405490707,1026078512.0,996322434.05,1.0
2025-11-27,985.795449877166,1000.2562876177888,984.713371288192,993.0750732421876,25536848,967.8286535644531,933.8378347778327,983.1130393365894,978.9321674113414,992.5433509062146,961.6454613496447,977.0944061279297,59.94923817397874,59.47576617368067,81.74595896246385,4.3012402424448055,3.4773810057367864,0.8238592367080191,12.675617860815667,14.722026809909082,51.12022101009474,44.282720287020574,-17.91408531109706,1051615360.0,996784054.9,1.0
2025-11-28,990.615779865885,995.583602701878,987.8613487922536,991.2059936523438,15988807,968.6303930664062,934.5770495605476,984.7316301997404,980.0479697968871,994.1363725010518,960.9820601161356,977.5592163085937,58.57309285268984,59.47576617368067,81.74595896246385,4.73167363634866,3.7282395318591615,1.0034341044894983,12.673809414833885,14.222043031317321,68.55008996210778,54.273702424338694,-22.57664647059321,1035626553.0,997444381.25,1.0
2025-12-01,1000.944932017152,1000.944932017152,983.04104014366,985.7954711914062,16746566,969.3308081054688,935.2745315551765,984.9443983980735,980.5704699236614,994.9735573249908,961.6007957023529,978.2871765136719,54.661461139190386,61.60531697469268,82.67576309098617,4.5833769408270655,3.8992670136527425,0.684109927174323,13.122047188218708,14.485032234329804,60.6988368784714,60.12304928355797,-37.15323552842265,1018879987.0,998428445.8,1.0
2025-12-02,971.9249162739844,978.2208101938114,968.973727256958,973.6956176757812,27316662,969.584609375,935.9384487915046,982.6946422536151,979.9454833556723,994.9433624751612,961.3506255619479,978.1469940185546,47.08798141917596,61.60531697469268,82.67576309098617,3.4497273753875106,3.8093590859996964,-0.3596317106121858,12.269434625372691,14.651940212909693,35.10222706635247,54.78371796897721,-66.82747362153299,991563325.0,997216318.25,1.0
2025-12-03,969.957416921422,985.992197910792,969.957416921422,984.2214965820312,15448777,970.2456750488282,936.6962463378914,983.0000131192984,980.3342118307958,995.3512330821715,962.4429380604064,978.8970855712889,53.166946454431525,61.60531697469268,82.67576309098617,3.361898513215465,3.7198669714428503,-0.35796845822738543,11.96963095494202,14.75071455408543,25.41655185401935,40.40587193294773,-41.013323359303435,1007012102.0,997777856.75,1.0
2025-12-04,983.7296507402166,988.3531921071142,976.8435431850352,980.9752197265624,14528169,970.8949365234375,937.4726327514655,982.5950544407513,980.3924852758654,995.2576004263489,963.7711471322444,979.5143737792966,51.21276273950039,61.60531697469268,82.67576309098617,2.995812236567758,3.575056024467832,-0.579243787900074,11.882083577844858,14.519209866084973,20.770078281099025,27.096285733823613,-56.0773149482892,992483933.0,998726962.6,1.0
2025-12-05,975.8598190407668,991.5994935414244,974.0891176678616,986.9759521484376,12843366,971.8019348144534,938.2659197998054,983.4712339822886,980.990982264281,995.3261250829468,965.7684549951783,980.5472900390625,54.539091506086336,61.60531697469268,82.67576309098617,3.1535430992120155,3.490753439416669,-0.33721034020465357,12.063842592670357,14.732864580904817,35.93707032432865,27.374566819815676,-39.226548295007035,1005327299.0,1001068465.15,1.0
2025-12-08,983.7296369469886,990.123879587144,981.2703128546212,986.7791748046876,12901022,972.8259960937502,939.0803045654303,984.1328221467684,981.5171815861361,995.333662186239,967.5906481164952,981.4621551513671,54.40808950245923,60.0745293445905,82.67576309098617,3.22548625934121,3.4377000034015777,-0.21221374406036775,12.232618820722605,14.31291473459181,38.46345988432394,31.723536163250536,-39.77912235914898,992426277.0,1001965503.5,1.0
2025-12-09,978.7126738119038,986.4841021884776,977.82729309106,980.8768310546876,15294322,973.755621337891,939.8720932006842,983.4816239283523,981.4589679014589,995.324514678808,968.1310090028329,981.7277618408204,50.49054293081182,60.0745293445905,82.67576309098617,2.7742520684527108,3.305010416411805,-0.530758347959094,11.994561652360778,13.929983804522939,36.993356508575204,37.131295572409265,-56.35360198035955,977131955.0,1001587799.25,1.0
2025-12-10,981.2703481612342,982.2540778335764,969.268834150242,973.6956176757812,15322830,974.6360595703128,940.5733789062506,981.5244226778382,980.7532087900336,995.3018092927764,968.1832248869114,981.7425170898439,46.1377764561291,60.0745293445905,82.67576309098617,1.8162452725053981,3.0072573876305237,-1.1910121151251256,11.392709710966953,13.862502367295185,21.826364465345577,32.42772695274824,-76.51929883667161,961809125.0,1001100816.65,1.0
2025-12-11,973.892376646044,986.3857555063868,972.4167821359742,984.0247802734376,11844809,975.6197900390628,941.3124792480475,982.0244941969581,981.0506243794339,994.939904219604,969.8879156046145,982.4139099121093,52.483120898768874,60.0745293445905,82.67576309098617,1.8689509783711173,2.779596105778643,-0.9106451274075256,10.739655991661293,13.870107438946425,22.240231120290243,27.019984031403673,-47.51378810561232,973653934.0,1001912316.45,1.0
2025-12-12,986.6808557305644,988.3532081724248,981.9589653386772,985.2052612304688,11988618,976.613356933594,942.0474118041999,982.6606476036603,981.4283186386189,994.8468484893403,971.1516134247224,982.9992309570314,53.16223946032091,60.0745293445905,82.67576309098617,1.9831154569934597,2.6202999760216064,-0.6371845190281467,10.328775498697619,13.336117110003654,32.26742088071369,25.444672155449837,-44.198857902582425,985642552.0,1002253898.9,1.0
2025-12-15,975.8597989154724,985.5003373398883,975.8597989154724,979.89306640625,9790060,977.2203173828126,942.8530871582038,982.1071313641783,981.288750253858,994.8472985054955,971.1068946097391,982.9770965576173,49.718610384795866,59.409053652389986,82.67576309098617,1.62619612569722,2.4214792059567296,-0.7952830802595097,9.875920729003562,13.072147203890246,40.909600354107084,31.805750785037006,-59.11612951318862,975852492.0,1001186157.95,1.0
2025-12-16,973.9906989646398,982.4508099496376,973.9906989646398,978.1223754882812,20049088,977.7938305664064,943.6368057250983,981.310180188999,981.0008980024419,994.7492533059028,971.3869283347224,983.0680908203126,48.58880722387665,59.409053652389986,82.67576309098617,1.186774626231795,2.1745382900117427,-0.9877636637799476,9.643608000391799,12.742716045397927,31.510851801520754,34.895957678780505,-71.38472478611806,955803404.0,1000116094.6,1.0
2025-12-17,979.7947462128428,979.7947462128428,964.8420432983648,967.989990234375,19080922,978.0013977050784,944.4072308349615,978.6461421980742,979.8180882053449,995.9113964597535,969.182036157434,982.5467163085938,42.620442245995825,59.409053652389986,82.67576309098617,0.020692580740956146,1.7437691481575854,-1.7230765674166293,10.270758319657684,12.900572250332218,14.557630514031342,28.99269422321973,-91.28062310877625,936722482.0,997101292.8,1.0
2025-12-18,957.464054962666,971.334679033018,957.464054962666,963.7599487304688,14912404,977.9463085937501,945.1437664794928,975.6689035045532,978.3582573439925,996.0686974595051,966.157163136198,981.1129302978516,40.38990448820055,59.409053652389986,82.67576309098617,-1.230579484621785,1.1488994216017114,-2.3794789062234964,11.429381939019375,12.96986166604792,5.915451040637952,17.327977785396683,-85.5203156092887,921810078.0,992348327.55,1.0
2025-12-19,970.9411706561548,971.9249003123414,962.7762265182248,969.465576171875,25952384,978.0800952148439,945.8643035888678,974.4282380380176,977.5498317828908,996.3237162922843,964.6675617838879,980.4956390380861,44.60137782936162,59.409053652389986,82.67576309098617,-1.7417473811370883,0.5707700610539514,-2.31251744219104,12.428915867941885,12.696919675195682,9.921590867935624,10.131557474201639,-64.84146180949536,947762462.0,989767976.35,1.0
2025-12-22,971.9249286743926,976.745228147207,967.8916609831688,971.6298217773438,13540411,978.2886474609378,946.5187408447271,973.8685547858829,977.0116490551138,996.1968345670659,963.6680763216059,979.9324554443359,46.155354789134684,53.71317645278161,82.67576309098617,-1.9497397032569097,0.06666810819177926,-2.0164078114486887,12.737421328729033,12.422394495827287,23.504115182220986,13.113719030264853,-58.50128955573823,961302873.0,986254443.05,1.0
2025-12-23,974.3842218605324,982.647574967353,971.6297908389564,980.3849487304688,17927849,978.5975378417969,947.2918118286138,975.1718335748002,977.3183126619642,996.2642038813369,964.2696401128037,980.2669219970703,52.01885333186905,53.71317645278161,82.67576309098617,-1.3920627091897586,-0.22507805528452832,-1.1669846539052302,12.326888932180196,12.322065183867949,50.9001505609522,28.1086188703696,-32.85308546741263,979230722.0,984886771.35,1.0
2025-12-24,976.8435431850352,983.1394369666097,976.8435431850352,980.9752197265624,13699996,978.9949645996094,948.0473303222661,976.3325108051527,977.6507587587458,995.5688966777543,964.3058469745897,979.937371826172,52.39524355063588,53.71317645278161,82.67576309098617,-0.8921851818512323,-0.3584994805978691,-0.5336857012533631,11.888783814439405,11.891624369418416,69.26131319977178,47.88852631431498,-31.123882560786008,992930718.0,983229381.65,1.0
2025-12-26,979.7947606844748,980.9752483081762,971.6298163538564,975.9581909179688,9360853,979.2890991210938,948.8262942504887,976.2576468277159,977.4968889550388,993.5126490714348,964.6504063484871,979.0815277099609,48.88510625395326,53.71317645278161,82.67576309098617,-0.8905947143159665,-0.4649185273414886,-0.4256761869744779,12.006827841619621,11.709753482625658,75.87922081756076,65.34689485942823,-43.37343764717664,983569865.0,979827106.9,1.0
2025-12-29,976.9418827381612,981.1719682293384,971.1379138798658,975.564697265625,13545749,979.5537219238281,949.6003790283207,976.1190569152978,977.321235165092,991.6162897385517,964.9826360426983,978.299462890625,48.610042062308786,55.6040380129162,82.67576309098617,-0.9105892010286425,-0.5540526620789195,-0.35653653894972304,12.165202836340205,11.590060687400442,69.93616067019555,71.69223156250936,-41.40129973766823,970024116.0,976546985.05,1.0
2025-12-30,974.0891482066822,978.8110386964976,966.219310709625,974.7777709960938,33155849,979.4858459472657,950.3752609252934,975.8507997314571,977.0900111497285,990.6652957680238,964.8318599936948,977.7485778808593,48.02802830936406,55.6040380129162,82.67576309098617,-0.9786520574068618,-0.638972541144508,-0.3396795162623538,12.792387620647094,11.66160835164845,61.587438640681626,69.13427337614597,-43.948880968488865,936868267.0,972446399.05,1.0
2025-12-31,974.8761180311038,981.368709936572,971.531413084593,975.0728759765624,10963454,979.2625402832033,951.1558645629888,975.6952149804781,976.9066352248951,990.6576380142083,964.9772435775885,977.8174407958984,48.27812542678421,55.6040380129162,79.16736006115052,-0.9972837890912842,-0.7106347907338633,-0.28664899835742097,13.011601142408734,11.531300387386345,61.97374347418221,64.49911426168646,-42.99351330766415,947831721.0,970259818.85,1.0
2026-01-01,977.3354223369146,981.3195154723956,973.4005036762728,975.023681640625,7132074,979.0303808593751,951.9410751342778,975.5609083125075,976.7354576263251,989.887084224192,964.8280158734642,977.3575500488281,48.236454024611234,55.6040380129162,79.16736006115052,-1.0044405767354192,-0.7693959479341744,-0.23504462880124477,13.215156555473113,11.273279773724658,60.998750677868856,61.51997759757755,-43.1527741834911,940699647.0,966944196.1,1.0
2026-01-02,975.0236621058956,986.8775923251652,972.7118614138294,985.3035888671876,11751459,978.9103649902344,952.7154449462896,977.5094444234436,977.5143786482217,990.5095504949226,964.638386516796,977.5739685058593,56.65578582458553,55.6040380129162,79.16736006115052,-0.17855155095617192,-0.6512270685385739,0.472675517582402,12.611352343856014,11.479883426411169,74.39805253396091,65.79018222867064,-5.35128923318271,952451106.0,964942554.75,1.0
2026-01-05,989.3861276768052,990.0255759869466,960.4152765333308,961.5957641601562,27647379,978.2945507812498,953.3823165893559,974.3267083707862,976.0672318765794,990.2937674693111,962.3161507435794,976.3049591064453,40.35420832477875,58.24792717861423,79.16736006115052,-1.4206752076620432,-0.8051166963632678,-0.6155585112987755,13.314845334927426,12.774913142640068,53.81131576838598,63.069372993405246,-87.31106819485078,924803727.0,960916376.15,1.0
2026-01-06,947.036542557554,950.9714611429872,940.445541918535,946.544677734375,31988783,977.654143066406,953.9647116088872,968.7703022435039,973.3833633181972,992.786684145075,955.7997843607843,974.2932342529297,33.720706461075096,58.24792717861423,79.16736006115052,-3.5783154489306526,-1.359756446876745,-2.2185590020539077,15.3266285991772,13.373149506853009,33.33333333333333,53.8475672118934,-87.69840333827872,892814944.0,955935809.5,-1.0
2026-01-07,940.4455758755976,940.888266240862,930.6082790568151,933.608642578125,52884712,976.5936828613281,954.4824264526372,961.7379703104282,969.7674796145543,997.5781127298678,946.2815369283351,971.9298248291014,29.267634906371747,58.24792717861423,79.16736006115052,-6.259930232201782,-2.3397912039417523,-3.9201390282600297,17.676010623908407,13.55623873333207,0.0,29.048216367239768,-94.95035338810858,839930232.0,949075723.35,-1.0
2026-01-08,929.3294156929512,937.4943598087852,926.083119844739,931.296875,21928849,975.4751831054688,954.9068087768559,955.6497512483426,966.270151922322,1001.2080123847213,938.4117630059036,969.8098876953125,28.542233116745244,58.24792717861423,79.16736006115052,-8.473986746897594,-3.566630312532921,-4.907356434364674,20.057170101682004,13.403024535525939,0.0,11.111111111111109,-91.84617628127137,818001383.0,941885336.25,-1.0
2026-01-09,929.6245460388378,935.1334082207486,918.1148967937476,923.72216796875,38183839,974.1205883789062,955.2335040283208,949.2642345924241,962.4021533810882,1003.5670152092241,930.0224989509322,966.7947570800782,26.246755927182118,58.24792717861423,79.16736006115052,-10.71632689341834,-4.996569628710006,-5.719757264708335,22.59307154190319,13.661273599202733,0.0,0.0,-92.20244998668745,779817544.0,932193516.75,-1.0
2026-01-12,922.246544668881,926.6733280832916,914.475056435634,921.7055053710938,21071666,972.9165026855469,955.5462332153324,943.752488748158,958.7024581074523,1004.441404687182,922.7981338870367,963.6197692871093,25.655177746597985,40.944505430361595,79.16736006115052,-12.51189608274558,-6.499634919517121,-6.012261163228459,25.0864649095012,13.556773459806655,0.0,0.0,-90.42965028116188,758745878.0,920848683.05,-1.0
2026-01-13,932.2806373194226,932.2806373194226,917.4262830054704,922.0989990234376,32042827,971.9337573242186,955.7889834594731,939.421790803214,955.3748709179964,1004.7577475391024,916.7023842968351,960.7300659179688,26.005626390167148,40.944505430361595,79.16736006115052,-13.744705542769452,-7.948649044167587,-5.796056498601865,26.64172194574959,13.649457806531334,0.37681910699681176,0.12560636899893723,-89.90881514371904,790788705.0,911595493.7,-1.0
2026-01-14,914.8685971701506,924.7550683892156,905.2280583696796,910.3926391601562,36688248,970.6116247558595,955.9211529541019,933.6159604746025,951.2855771218291,1005.9224846355521,908.7646735675733,957.3435791015627,22.59349397487292,40.944505430361595,79.16736006115052,-15.487787752192276,-9.456476785772526,-6.031310966419749,28.604557017366698,14.069282964603094,0.37681910699681176,0.25121273799787447,-93.90951417494679,754100457.0,901510346.35,-1.0
2026-01-15,910.3926391601562,910.3926391601562,910.3926391601562,910.3926391601562,0,969.4350842285156,956.0894775390628,928.9712962117133,947.5680373071316,1007.0489701335961,901.8784529621072,954.4637115478516,22.593493974872917,40.944505430361595,79.16736006115052,-16.676951446159592,-10.90057171784994,-5.776379728309651,30.427189583868298,13.06433418141716,0.37681910699681176,0.3768191069968117,-93.90951417494679,754100457.0,892379245.1,-1.0
2026-01-16,906.9987674975428,920.7218085803552,904.2443363942556,915.95068359375,37780235,968.3815087890625,956.2399737548832,926.3671736881206,944.6937324240969,1007.1660728353733,896.9804237466584,952.0732482910158,27.809164356845994,40.944505430361595,79.16736006115052,-16.975204910306843,-12.115498356341321,-4.8597065539655215,30.817121633505447,13.308129753180191,5.1040511356715825,1.9525631165550688,-86.35325479664453,791880692.0,885882775.8,-1.0
2026-01-19,920.6726328615482,920.9185652819042,904.5394420693568,912.8027954101562,38191942,967.3112121582031,956.3678152465824,923.6542980325278,941.7945563319205,1006.3575941166146,892.1226243892452,949.2401092529299,26.71139474580552,39.35560364709358,79.16736006115052,-17.26654323549178,-13.145707332171416,-4.120835903320366,31.15570017519945,13.527486428849276,9.133825750859284,4.871565331175892,-90.02292452692664,753688750.0,876179090.2,-1.0
2026-01-20,914.1799618930222,919.2953681382724,904.637772173591,916.049072265625,36022727,966.2625561523438,956.6583285522464,922.1332528791472,939.454057780439,1004.3944606413623,888.5276829133255,946.4610717773439,29.789451157097684,39.35560364709358,79.16736006115052,-17.039067778314575,-13.92437942140005,-3.1146883569145256,31.47009453534388,13.608208538551569,16.17578406845605,10.137886984995639,-86.23855760604415,789711477.0,867599520.4,-1.0
2026-01-21,909.9499161549952,916.9836070913004,900.6044845836736,905.3755493164062,32766854,964.8587731933595,956.8249838256838,918.781712166599,936.356011556436,1001.1070482889488,884.3141553243329,942.7106018066409,25.932907553178104,39.35560364709358,79.16736006115052,-17.518117979856356,-14.643127133091312,-2.8749908467650442,32.01257500979196,13.806130964914084,14.339680563397156,13.21643012757083,-94.66449731505068,756944623.0,856485215.45,-1.0
2026-01-22,912.9011151422528,913.1962220288154,898.3419283315923,903.75244140625,44444755,963.4658117675783,956.988497924805,915.7758580145293,933.3920506336917,996.8033065413946,880.895619239856,938.8494628906253,25.394513892584584,39.35560364709358,79.16736006115052,-17.823284233385948,-15.279158553150241,-2.544125680235707,32.6548707294895,13.88099973150759,15.566864015939647,15.36077621593095,-94.09871529654203,712499868.0,842463672.95,-1.0
2026-01-23,905.0312717738811,911.0319985807624,894.4561781091321,901.1947021484376,30985247,962.0777673339846,957.0847473144534,912.859626841311,930.465018953214,992.6300219114297,877.5925549928678,935.1112884521488,24.53025405762274,39.35560364709358,79.16736006115052,-18.06329643283277,-15.835986129086749,-2.227310303746023,33.48560985857834,14.073486927230642,14.326778315141325,14.744440964826042,-88.07663400487823,681514621.0,827360910.75,-1.0
2026-01-27,891.2590997657288,916.0490999795524,890.2753700750383,911.3272094726562,44753093,960.834334716797,957.3762808227541,912.5531433675801,928.7252180913451,987.0314158600692,876.7674122649313,931.8994140625002,34.09874503749348,36.46229830882178,79.16736006115052,-17.23719946428139,-16.11622879612568,-1.1209706681557101,33.51734493293483,14.909218568465173,44.392164017861965,24.761935449647645,-58.406175120574886,726267714.0,815173090.65,-1.0
2026-01-28,917.3279002643548,926.1322926560076,913.294632708984,917.524658203125,35347138,959.578112792969,957.6710174560549,913.5474463346892,927.7069853742343,980.6262062870925,877.4473105586111,929.0367584228518,39.17812895528863,36.46229830882178,79.16736006115052,-15.899153798577913,-16.072813796616128,0.17365999803821452,32.26060064738752,14.90178032667133,72.4685392834651,43.729160538822796,-42.291674850019255,761614852.0,806410419.9,-1.0
2026-01-29,914.9669494914904,924.0172745375144,909.310503842987,920.2791137695312,37175628,958.4576452636721,957.9895965576175,914.8937798216576,927.0317243192612,973.1995273765558,879.3946132484448,926.2970703125003,41.342099671902076,36.46229830882178,79.16736006115052,-14.449911835267017,-15.748233404346305,1.2983215690792882,31.41861449926157,14.887851067232475,99.99999999999999,72.28690110044235,-33.11400824745573,798790480.0,798958357.85,-1.0
2026-01-30,914.8685955943554,923.6238136980638,912.6552038308206,914.1307983398438,29691233,957.1719116210941,958.1761267089847,914.7411835252949,925.8589128665869,964.3878395855269,882.1170127093952,923.252426147461,38.08486480997476,36.46229830882178,79.16736006115052,-13.640258401590927,-15.32663840379523,1.6863800022043023,30.6367702188589,14.607905267233244,94.20892960510756,88.8924896295242,-43.20848353132494,769099247.0,790378337.85,-1.0
2026-02-02,900.1126164754811,914.6718030723492,894.5053455447564,912.9994506835938,28032106,955.5831872558598,958.2158975219729,914.3928369569547,924.6898708499511,948.7683670646632,890.5060714118993,919.6372192382812,37.49939377217539,40.5860804476341,67.51268239394318,-12.940719958592922,-14.849454714754769,1.9087347561618468,31.17378380236002,15.004944714401784,87.37694440431724,93.86195800314158,-45.90183065293205,741067141.0,779809139.6,-1.0
2026-02-03,967.7440559401642,977.8272849855384,929.6245315003356,933.2643432617188,50336968,954.6122460937504,958.3252053833012,918.1671382179076,925.46936834193,940.773549613307,895.6677467734117,918.2206481933594,51.794375870529024,40.5860804476341,67.51268239394318,-10.628603309458072,-14.005284433695431,3.3766811242373596,30.706850233110796,18.56372254208342,87.37694440431724,89.65427280458067,-50.898877276840935,791404109.0,773139158.7,-1.0
2026-02-04,937.0024986247718,941.62604002273,932.5265406922532,937.5927124023438,24366770,953.7062304687505,958.3865139770512,922.0522530547948,926.5714905292402,938.2156669689557,897.33043288456,917.7730499267578,54.20369587337729,40.5860804476341,67.51268239394318,-8.35070921348256,-12.874369389652859,4.523660176170299,30.273269061665086,17.88770659839723,93.16801479920967,89.30730120261471,-45.95510289446487,815770879.0,769286955.45,-1.0
2026-02-05,940.4455315704454,940.4947060438036,931.2968579683982,934.248046875,28103169,952.9172790527349,958.3815982055668,924.4914118188359,927.2693592879457,938.3536371918435,897.2564030913595,917.8050201416015,52.03927794087459,40.5860804476341,67.51268239394318,-6.7376804998598345,-11.647031611694254,4.90935111183442,29.780215935224604,17.26700241818353,97.56862500599941,92.7045280698421,-49.77531120260162,787667710.0,766673829.35,-1.0
2026-02-06,929.6245335781572,932.674071523322,922.3449100391202,925.7879638671876,18120272,951.681713867188,958.2504241943363,924.7507222285062,927.1346869769677,937.4549444785383,897.6042046913834,917.5295745849609,46.93413766341627,40.5860804476341,67.51268239394318,-6.0720072975038875,-10.53202674885618,4.460019451352293,28.6723054995157,16.88386916230469,89.40244703098452,93.37969561206452,-59.43824435084937,769547438.0,764251132.1,-1.0
2026-02-09,929.6245151050696,934.5431633331388,920.1315000080592,922.0006103515624,23947829,950.2602246093755,958.1920361328127,924.2006998531175,926.6679527382945,937.2708594854928,897.6161339227103,917.4434967041016,44.81459670132175,44.1065419690766,67.51268239394318,-5.783396866163798,-9.582300772317703,3.798903906153905,27.486291405297916,16.707283031074326,78.85530611133274,88.60879271610554,-63.76408179197999,745599609.0,762540235.35,-1.0
2026-02-10,914.868578036692,925.5912552799808,914.8194035624206,917.2295532226562,31525385,948.7806958007817,958.1270208740237,922.8064705270253,925.8099164186909,936.9452894335852,897.4941087597742,917.2196990966797,42.22750485324734,44.1065419690766,67.51268239394318,-5.8719670756401,-8.840234032982183,2.968266957342083,26.005327091586892,16.283323651537607,67.83335911402612,78.69703741878112,-69.21348530734952,714074224.0,760306652.65,-1.0
2026-02-11,916.098249190927,920.7709650928404,910.245045684322,912.0157470703124,24869804,947.3051013183599,958.0495254516605,920.6483258356827,924.5559010233837,936.4314653655503,896.9996076324968,916.7155364990235,39.541131362982235,44.1065419690766,67.51268239394318,-6.290358846491927,-8.330258995684133,2.0399001491922064,24.30888841027687,15.872080491321947,59.52850708917735,68.73905743817873,-75.16858766881548,689204420.0,755227438.4,-1.0
2026-02-12,911.9174149760892,913.4913584500406,903.5557126812706,905.6215209960938,33872203,945.9436193847661,957.9182202148442,917.6429648677649,922.8345937481756,936.6257418868292,896.3282192948116,916.4769805908204,36.476345839629914,44.1065419690766,67.51268239394318,-7.056554378333658,-8.075518072214038,1.01896369388038,22.86591605844194,15.448049439711093,50.16182501988804,59.174563741030504,-82.47194143412733,655332217.0,750289026.4,-1.0
2026-02-13,898.1451529282086,913.097855324917,886.3403973585059,889.1932373046875,50188359,944.0430541992192,957.7324356079106,911.9530193551495,919.7762886169494,938.8726010940471,891.9614199020467,915.4170104980469,30.035111068987334,44.1065419690766,67.51268239394318,-8.886951805976196,-8.23780481896647,-0.6491469870097255,22.53345712443253,16.255864334475376,30.2818136778619,46.65738192897577,-96.8816952678379,605143858.0,742841196.45,-1.0
2026-02-16,889.1932346170704,914.3766890728148,887.4224732532938,910.7368774414062,18806989,942.6382873535161,957.6150598144535,911.7097909724009,918.9545239646272,938.7026557784354,891.6099846024242,915.1563201904298,44.00051270755611,36.74569074242264,67.51268239394318,-8.501167081046447,-8.290477271382466,-0.21068980966398065,22.12654820885857,17.020032297692918,32.680604517673615,37.708081071807854,-73.3333587843121,623950847.0,734444704.2,-1.0
2026-02-17,907.9824677389612,912.9994649414832,903.6540332583628,910.6385498046876,22599629,941.1115393066411,957.5047140502934,911.4955427388583,918.1985263137235,938.659786958877,891.4364288614356,915.0481079101563,43.95738599659057,36.74569074242264,67.51268239394318,-8.109878494574332,-8.25435751602084,0.14447902144650726,21.748704215825605,16.47184653950917,38.46270794902111,33.80837538151887,-73.44083608435918,601351218.0,726827827.6,-1.0
2026-02-18,908.1792516728872,910.4418179261976,904.5886143276532,909.6548461914062,12738702,939.5690527343754,957.3532949829106,911.1274034293679,917.4218281207856,938.4558851137073,891.0009080991837,914.7283966064455,43.498048684181455,36.74569074242264,67.51268239394318,-7.78936517808927,-8.161359048434525,0.3719938703452552,21.39784907943785,15.727424320760973,57.03080330111736,42.72470525593736,-74.51607608737649,588612516.0,716772879.55,-1.0
2026-02-19,913.8848827326366,914.0816406792112,897.6041683586819,900.702880859375,21209234,937.965573730469,957.1694915771488,909.0424989153694,915.9019238242937,938.6972762093138,890.2922501578738,914.4947631835938,39.45726456385589,36.74569074242264,67.51268239394318,-8.163599954588221,-8.161807229665264,-0.001792724922957234,21.508659182454732,15.78099917788728,50.7647514815462,48.752754243894884,-84.30104698782512,567403282.0,707295812.5,-1.0
2026-02-20,896.1777087970013,902.9162328649714,893.6200357305538,897.0138549804688,22654907,936.4319384765629,956.9335140991216,906.6367701283893,914.1848266566732,939.1642836479855,889.151384076624,914.1578338623048,37.8949958652527,36.74569074242264,67.51268239394318,-8.658052627888082,-8.261056309309827,-0.396996318578255,21.849315402045615,15.317799031925164,42.403497701892135,50.06635082818523,-88.33334710710058,544748375.0,698908237.85,-1.0
2026-02-23,901.5882362795462,910.589386714232,900.3585742006053,908.5726928710938,23270122,934.9228967285159,956.7968243408208,907.0239546769303,913.6746326761659,938.9385997985626,890.1148669983127,914.5267333984376,45.21449823286876,39.0853572807181,67.51268239394318,-8.024704518795147,-8.21378595120689,0.18908143241174358,21.423905666624847,15.19335136777074,44.770826423011584,45.97969186881664,-59.78649348870717,568018497.0,693233431.65,-1.0
2026-02-24,912.8519465614362,912.8519465614362,894.3578410316289,895.6858520507812,31313985,933.132508544922,956.6898498535162,904.7563341517006,912.0392889829491,939.5505014805509,887.9388295741365,913.7446655273437,39.6095473119194,39.0853572807181,67.51268239394318,-8.465052082592933,-8.2640391774841,-0.20101290510883274,21.418001654350842,15.429119522201919,46.27975854934171,44.48469422474847,-82.74291571778015,536704512.0,683755271.55,-1.0
2026-02-25,895.7350222932594,901.0963609031212,888.4062243801156,892.8330078125,27884303,931.391307373047,956.4048202514654,902.3716688838606,910.2932634219991,939.8702375076513,885.1499285079739,912.5100830078126,38.47254513563848,39.0853572807181,67.51268239394318,-8.941163223293415,-8.399463986645964,-0.5416992366474513,21.776069321793486,15.233477879402178,52.08223893522357,47.71094130252562,-86.5306267747978,508820209.0,671115539.4,-1.0
2026-02-26,897.1614323550999,897.1614323550999,880.4380284625158,883.9794311523438,41165937,929.5084484863282,956.1594808959966,898.6932213375574,907.9010968520304,940.5843775959626,880.8058201579437,910.6950988769531,35.10470038949659,39.0853572807181,67.51268239394318,-9.918559397891272,-8.703283068895026,-1.2152763289962465,22.55698064401196,15.339901166058029,42.27943232931486,46.88047660462671,-93.4545904038569,467654272.0,654558729.0,-1.0
2026-02-27,883.9794733683615,884.3238147843207,870.6007736322075,873.3060302734375,34620755,927.6147692871094,955.8898925781255,893.6157831247335,904.756090799431,942.8246636525329,874.4830572947329,908.6538604736329,31.522198729985377,39.0853572807181,67.51268239394318,-11.422733001971665,-9.247173055510354,-2.175559946461311,23.771862654017475,15.224411165061968,31.0410434862153,41.80090491691791,-95.08050018809112,433033517.0,637755442.5,-1.0
2026-03-02,861.9439110956672,873.3059762779105,857.3695443137591,865.0918579101562,38378924,925.6414074707033,955.5229379272465,887.9109980818181,901.1502514458606,945.4887458508575,867.0282158190645,906.258480834961,29.0639728716482,34.874182923022474,61.03089211228512,-13.126304612473405,-10.022999366902964,-3.103305245570441,25.45513863633931,15.275273650391714,14.398203104247795,29.239559639925986,-87.81996759456679,394654593.0,620434815.1,-1.0
2026-03-04,834.202743374385,864.993469417403,834.202743374385,854.5167846679688,39862322,923.3424316406251,955.1009240722661,881.2321553990482,896.910845375143,945.7240925194601,858.9181132910871,902.3211029052736,26.228161233962098,34.874182923022474,61.03089211228512,-15.155019784038359,-11.049403450330043,-4.105616333708316,27.75234460787096,16.390547999347394,3.265585636940801,16.234944075801298,-74.66254015987441,354792271.0,598604223.2,-1.0
2026-03-05,859.6321193633155,867.0593261570968,849.4505416361635,863.4686889648438,31324582,921.1792089843751,954.7139639282232,877.6794621122074,893.870649337843,941.9953429976612,855.2344604691358,898.6149017333985,32.25406729834241,34.874182923022474,61.03089211228512,-15.857650190681397,-12.011052798400314,-3.846597392281083,29.678332059520496,16.47756489374639,10.579372708432944,9.414387149873846,-63.49693739592024,386116853.0,577121521.9,-1.0
2026-03-06,853.9264946975441,857.5171318697022,841.1871839599715,843.10546875,34439647,918.4336193847656,954.282938842774,870.764663439766,889.2556329207664,940.7033015019769,847.4122441523201,894.0577728271485,26.87614590821621,34.874182923022474,61.03089211228512,-17.85184656412798,-13.179211551545848,-4.672635012582134,31.70427352032315,16.89213204454109,11.717006004578879,8.520654783317541,-88.89573751415188,351677206.0,555321996.7,-1.0
2026-03-09,811.5769775858611,828.7430723323081,808.1339237415574,827.0215454101562,35592613,915.3545458984374,953.7426184082037,862.0160398338442,883.59798860162,942.1028373488853,836.1360664597089,889.1194519042971,23.537835575288472,30.383296942343893,61.03089211228512,-20.493859299048154,-14.64214110104631,-5.851718198001844,34.30572277220488,18.18351868481977,11.717006004578879,11.337794905863566,-82.17269591593606,316084593.0,532648854.45,-1.0
2026-03-10,836.2193641547399,842.8595391904452,826.923107096334,835.629150390625,52866024,912.5479650878906,953.2620788574224,856.7386619452003,879.2371851278932,940.5095689643632,829.0921888481372,884.8008789062502,28.64587036691528,30.383296942343893,61.03089211228512,-21.64361749122395,-16.04243637908184,-5.601181112142111,35.52614891856299,18.02301249976916,8.992524479222858,10.808845496126871,-74.04830661405616,368950617.0,513816404.85,-1.0
2026-03-11,831.2515482012323,835.0388833093358,814.1346283989498,820.38134765625,42261076,909.4442980957032,952.6720571899419,849.4671990874102,873.8866544486528,940.4315240379054,819.4854132179543,879.9584686279298,25.407815481123734,30.383296942343893,61.03089211228512,-23.514123216141115,-17.536773746493694,-5.977349469647422,36.96669529984285,18.270977463476736,10.730456693898049,10.479995725899927,-88.44012474388688,326689541.0,494447170.7,-1.0
2026-03-12,806.7566625998296,822.7915039414563,806.7566625998296,819.2008666992188,46107561,906.3327600097657,952.0601184082037,843.413932609772,868.9152191987043,939.5603429205631,811.0751062981873,875.3177246093752,25.170595060966374,30.383296942343893,61.03089211228512,-24.805821359401875,-18.99058326907533,-5.815238090326545,38.469299202831735,18.111253454773163,13.241236007531503,10.988072393550802,-88.27072831635721,280581980.0,474016048.7,-1.0
2026-03-13,806.6583423777922,810.3965031755142,798.7885048911796,803.7071533203125,41700464,902.9054455566408,951.4044393920904,835.4725767518802,862.9872132097596,940.2509002073618,800.1931122438104,870.2220062255861,22.23615255861453,30.383296942343893,61.03089211228512,-26.77111389093602,-20.54668939344747,-6.2244244974885525,40.03603294527047,18.275618337149304,5.386344824454579,9.786012508628044,-95.6877958817409,238881516.0,453193513.65,-1.0
2026-03-16,803.7071599773169,830.7597265616207,802.3791489072894,826.9231567382812,52182605,899.943435058594,950.8716348266606,833.7626927491605,859.7086626214434,939.0956692920172,795.1213351025142,867.1085021972657,34.549155919571696,25.728599538077585,61.03089211228512,-26.153800201206764,-21.668111554999328,-4.485688646207436,39.93352207604564,18.99740114551945,26.135030716035033,14.920870516007037,-75.33420749442625,291064121.0,437489526.8,-1.0
2026-03-17,833.907625869114,835.0881134427475,821.5125964091002,831.5958251953125,38826979,896.8692797851564,950.3524874877935,833.329319238391,857.1529501281587,933.7276836479299,792.5752155219922,863.151449584961,36.720900470748425,25.728599538077585,61.03089211228512,-24.99935238845103,-22.33435972168967,-2.6649926667613606,39.53959475171933,18.610123708957158,53.361456148713685,28.29427722973443,-67.93274575091912,329891100.0,422786539.45,-1.0
2026-03-18,831.5958180920426,833.0222380629118,818.0695356894909,829.333251953125,23507063,894.2240295410159,949.7798056030279,832.5301057813379,854.6238866577011,927.4780757164513,790.6942936683147,859.086184692383,36.09633360098655,25.728599538077585,61.03089211228512,-23.990467752324548,-22.665581327816646,-1.324886424507902,39.291844236489034,18.348879327847428,85.25749172684831,54.91799286386567,-68.95004769157845,306384037.0,408038180.4,-1.0
2026-03-19,757.4718247668609,802.3791069663046,757.4718247668609,785.2130126953125,171637393,890.9973962402345,949.0175823974615,823.0666871641329,848.3138072065749,924.4530639686236,781.275122066533,852.8640930175783,26.596596591041983,25.728599538077585,61.03089211228512,-26.44619867333506,-23.42170479692033,-3.0244938764147307,40.53776869619286,22.171204174877193,71.66780463277618,70.09558416944606,-78.13105815318046,134746644.0,385344886.8,-1.0
2026-03-20,772.2277890336613,780.8354236248008,765.5384393026802,767.7518310546875,103129469,887.6802600097658,948.1862518310553,812.0037159422438,840.989991192767,923.5611651502131,768.8719159044747,846.2165405273439,23.91418992644113,25.728599538077585,61.03089211228512,-29.46173797396773,-24.62971143232981,-4.832026541637919,41.69469855163213,21.992873404716843,45.792218967918494,67.572505109181,-91.12523711381787,31617175.0,358555581.45,-1.0
2026-03-23,750.7333447737776,756.1930326018271,728.9928823726722,732.04248046875,72341738,883.6951721191408,947.1360943603521,796.0114688475452,831.0856720360381,926.8321237889926,749.1038198145233,837.9679718017579,19.56776008571737,22.36169036415727,61.03089211228512,-34.33720285198581,-26.57120971626101,-7.765993135724798,43.33882824389119,23.190450210238165,13.896183389783872,43.78540233015951,-97.79120978820933,-40724563.0,329281934.55,-1.0
2026-03-24,742.7158864237038,760.1770877270425,735.5346719806084,752.454833984375,61269986,880.2698254394533,946.1676159667974,787.3001418749112,823.9374140313415,920.3301196116032,739.9940381032408,830.162078857422,27.66138378684279,22.36169036415727,61.03089211228512,-36.13736846910706,-28.484441466830223,-7.6529270022768365,44.616225367612635,23.543604285099185,19.58978609043049,26.426062816044283,-83.00676763404144,20545423.0,301908280.85,-1.0
2026-03-25,755.7011518436857,781.8683373030494,755.7011518436857,769.5717163085938,59230640,877.2271496582033,945.2141101074225,783.7544567616477,818.9950778747282,912.3542428653719,735.3585012752534,823.8563720703127,33.687334787221815,22.36169036415727,61.03089211228512,-35.77048347125458,-29.941649867715096,-5.828833603539483,44.529764748494486,23.962882787497417,43.16643659026336,25.550802023492572,-68.42709909240958,79776063.0,279061858.4,-1.0
2026-03-27,760.6197661066401,762.2921184952538,742.2731843894259,743.8963623046875,65485199,873.6630969238284,944.131741638184,775.7828378702557,812.1679219138153,905.5317126602561,727.287366929588,816.409539794922,29.69185296594903,22.36169036415727,61.03089211228512,-37.123573510613255,-31.378034596294732,-5.745538914318523,44.72686430563036,24.201143439759594,62.84037122259964,41.86553130109783,-86.91146262784709,14290864.0,254335391.15,-1.0
2026-03-30,733.0753333889118,738.7809532430898,714.8271607333363,719.6473999023438,103500135,869.8481921386722,942.9611291503911,764.5557502766733,803.7569653673179,901.2973942634193,715.0884822014249,808.1929382324221,26.495622825881004,20.449595528098342,61.03089211228512,-39.695016285675365,-33.04143093417086,-6.653585351504503,45.4039381011287,24.548861877730424,60.574972710929046,55.527260174597345,-96.23514049563468,-89209271.0,226492214.0,-1.0
2026-04-01,730.9111370884557,743.6012737142313,727.0745673991486,730.17333984375,78862761,866.2438061523441,941.8793017578131,757.6792681900887,797.0675448651754,895.0666273249477,707.0059800969276,801.0363037109377,30.017256022351198,20.449595528098342,43.933685397331196,-40.41763844989191,-34.51667243731507,-5.900966012576838,45.76589703408172,24.506362730170217,53.44298660908505,58.952776847537905,-87.23926697346648,-10346510.0,204323212.65,-1.0
2026-04-02,718.1226435138951,742.7158847301245,714.8271732077576,738.6826171875,49310300,862.698444824219,940.8570065307623,753.8799379895711,791.7598241672049,887.6039880460169,701.8276953035927,794.7158416748048,32.81940510232268,20.449595528098342,43.933685397331196,-39.84439279671528,-35.58221650919512,-4.2621762875201625,46.32186411880921,24.74795907246998,59.520692238434336,57.84621718614947,-80.163589330773,38963790.0,186538672.5,-1.0
2026-04-06,746.6508105088765,760.1770933079504,732.8785952952741,758.45556640625,42976659,859.6115002441408,939.9961804199224,754.795063672907,788.7321643707544,879.6624368458711,700.1631246775667,789.9127807617189,38.9377829536633,20.04615237353556,43.933685397331196,-37.36387227268267,-35.93854766189263,-1.4253246107900424,45.88273629444672,24.93014042534186,79.39125707446219,64.11831197399385,-63.721885874017794,81940449.0,172896081.4,-1.0
2026-04-07,753.5368922732654,761.4067292682865,748.6182441513773,759.4392700195312,51309793,856.479304199219,939.0970806884771,755.7239049422318,786.0691739751886,868.3626046663246,701.0600149625818,784.7113098144532,39.23428558780343,20.04615237353556,43.933685397331196,-34.91617331435907,-35.734072792385916,0.8178994780268454,45.40926581922395,24.06287933188239,92.41830692835222,77.11008541374957,-62.90391163456685,133250242.0,160252750.85,-1.0
2026-04-08,786.9837533249241,804.4941298279846,783.0488345582994,802.82177734375,70269512,854.4282287597658,938.4289672851569,765.1434794225355,787.5921379177851,862.26871937705,703.1255311112316,782.6971252441408,50.62174391381605,20.04615237353556,43.933685397331196,-29.13984251129773,-34.41522673616828,5.27538422487055,42.99524029062791,25.562306508780313,99.99999999999999,90.60318800093813,-26.830268156084923,203519754.0,152844878.25,-1.0
2026-04-09,801.7397031581198,805.674621946626,780.1959987742106,784.72119140625,48879392,852.0476037597657,937.6599166870122,769.0590218192784,787.3311427803727,857.3939212452265,703.7702938426644,780.5821075439454,46.69025457221443,20.04615237353556,43.933685397331196,-25.726070617744767,-32.67739551248358,6.951324894738811,40.84175363872778,25.556329127611388,95.77994097486854,96.06608263440691,-40.86553158384002,154640362.0,144772666.7,-1.0
2026-04-10,790.9186649096054,799.0344347920734,787.9674758614352,797.1161499023438,38156026,849.9660327148438,936.9494436645515,774.6704474358914,788.2206888823702,851.4854497361164,705.8274653029466,778.6564575195315,49.57811502870492,20.04615237353556,43.933685397331196,-21.769516796979474,-30.495819769382756,8.726302972403282,38.842087461963374,24.753251574626532,94.65971016337997,96.81321704608283,-9.420705796267459,192796388.0,135964955.25,-1.0
2026-04-13,778.6220116333144,785.5081191272287,774.5395096022282,781.7699584960938,47549328,847.3748876953126,936.0909002685554,776.090349647932,787.6342588472542,846.896327890275,706.555448232772,776.7258880615235,46.23837705499228,35.42314909308987,43.933685397331196,-19.645764635944147,-28.32580874269504,8.680044106750891,37.425942009280696,24.597779340732888,89.95460599908748,93.46475237911199,-26.312968057972885,145247060.0,126892831.2,-1.0
2026-04-15,791.8531825431569,801.5428954413671,790.9186273804953,796.72265625,39769515,844.95884765625,935.346672363282,780.2168109683457,788.4604767929583,843.5941812760749,707.6097738020502,775.6019775390625,49.78762832357783,35.42314909308987,43.933685397331196,-16.565165091961603,-25.973680012548353,9.40851492058675,35.401617953624445,24.253147741057212,93.27932569636164,92.63121395294303,-9.853842448727034,185016575.0,122114560.95,-1.0
2026-04-16,804.6908427624061,806.7074765090769,779.3106301457999,782.5077514648438,62861293,842.2034204101562,934.5010385131843,780.6749990676454,787.9193199449478,841.3398674477664,707.7441474448115,774.542007446289,46.635593769269235,35.42314909308987,43.933685397331196,-15.09676565897405,-23.798297141833494,8.701531482859444,33.91851922232704,24.477697642644337,88.89217838433828,90.70870335992913,-26.338312880094218,122155282.0,116278249.25,-1.0
2026-04-17,777.2447773125524,790.8694690755784,775.3757269911107,786.8853759765625,37282544,839.6585119628907,933.6304608154303,781.9170744494289,787.825325038731,834.9862294578177,710.0940073585887,772.5401184082032,47.73302207279193,35.42314909308987,43.933685397331196,-13.425055137504955,-21.723648740967786,8.29859360346283,32.67434048336207,23.83598653134601,89.6061425024055,90.59254886103514,-21.57382717414218,159437826.0,109696934.5,-1.0
2026-04-20,784.130869340026,796.7718311959621,777.146412936798,782.5077514648438,52148044,837.0486779785156,932.637051696778,782.0352098525119,787.3419092592866,826.3070816756041,713.8643477677552,770.0857147216797,46.69879749074024,34.18355249411066,43.933685397331196,-12.311530557374226,-19.841225104249073,7.529694546874847,31.235826046593356,23.53523165476159,85.08142776137285,87.85991621603887,-26.338312880094218,107289782.0,98566868.6,-1.0
2026-04-21,782.2618278432276,801.6413139109341,782.2618278432276,798.5425415039062,49135752,834.3542419433594,931.6867730712897,785.3366761827908,788.360148554252,819.362912695435,717.7294457030024,768.5461791992187,50.89566458244055,34.18355249411066,43.933685397331196,-10.019680121877855,-17.87691610777483,7.857235985896974,29.66414070341645,23.23839268425765,90.5888058848848,88.42545871622104,-8.886489925763208,156425534.0,91068943.45,-1.0
2026-04-22,796.8210214869076,799.8213849297669,785.0162656130275,786.8853759765625,23876412,831.3400952148437,930.7110815429695,785.6464161415452,788.2260783199165,819.5673646703605,717.6922300562018,768.6297973632811,47.94034960498391,34.18355249411066,43.933685397331196,-9.039802755828418,-16.10949343738555,7.06969068155713,28.204718599037896,22.636016015149202,89.86165052248083,88.51062805624616,-21.57383010318137,132549122.0,90959067.35,-1.0
2026-04-23,779.1138736217773,783.6882404572269,769.7684420568696,771.5883178710938,37677616,828.0869006347657,929.6329006958015,782.8347964874549,786.7135546427508,819.7741609460829,717.8690824621201,768.8216217041015,44.30477425938974,34.18355249411066,43.933685397331196,-9.389353012997162,-14.765465352507873,5.37611233951071,27.474024226467158,22.24179586547375,83.12784364777573,87.85943335171379,-38.222728241123306,94871506.0,94121783.9,-1.0
2026-04-24,764.6530532653331,774.7854567622786,764.3579463755373,772.0802001953125,27720358,825.0127453613283,928.6212081909187,780.6838772290265,785.3832496929836,818.7478518304774,722.8991635503821,770.8235076904298,44.45065195776919,34.18355249411066,43.933685397331196,-9.516977524653157,-13.715767786936931,4.198790262283774,27.003516571629042,21.39791833127858,65.161973034146,79.38382240146751,-46.902073747381344,122591864.0,102287605.25,-1.0
2026-04-27,774.6870798664892,780.0975928052393,772.227755803421,776.9496459960938,18115375,822.1117260742187,927.6311645507819,779.93703098244,784.6165584478117,819.2424712247187,724.8540253573128,772.0482482910157,45.95966153995131,32.41572952450548,43.933685397331196,-9.120066835721218,-12.796627596693789,3.6765607609725706,26.25422599289457,20.442166494039167,55.77100788059751,68.02027485417308,-51.2277909436667,140707239.0,108295696.05,-1.0
2026-04-28,772.2277766082829,781.5732082997206,765.6367759332712,769.817626953125,35366803,819.1634875488281,926.6000634765633,777.913150176577,783.2712010392038,819.2521781382843,724.8689095082002,772.0605438232423,44.07129421577865,32.41572952450548,43.933685397331196,-9.274100529179918,-12.092122183191016,2.8180216540110976,25.83343436931593,20.12032834206847,34.5915354908592,51.84150546853424,-87.10804922658674,105340436.0,109573914.7,-1.0
2026-04-29,772.7196209849993,777.1464043006358,764.7022005187322,766.3253784179688,25799963,816.2496801757812,925.5561624145516,775.5955958248554,781.7306717100006,818.5877840179892,727.7762052398234,773.1819946289063,43.13667721429519,32.41572952450548,43.933685397331196,-9.567678371256306,-11.587233420804075,2.019555049547769,25.48247313537888,19.57203373062812,19.224072771155605,36.52887204753744,-95.35430018650116,79540473.0,112836395.15,-1.0
2026-04-30,757.4718126650201,766.1286213727735,749.847908057028,759.1441650390625,47998755,813.3201330566405,924.442010192872,772.3053096676969,779.6773529217335,813.6716700184635,736.6419957530208,775.1568328857421,41.20172330460974,32.41572952450548,47.96856431720353,-10.261516455858441,-11.322090027814948,1.0605735719565068,25.76035862226881,19.350993489936165,0.0,17.938536087338267,-83.65049676753303,31541718.0,118873944.6,-1.0
2026-05-01,759.1441650390625,759.1441650390625,759.1441650390625,759.1441650390625,0,810.7191516113281,923.3038168334969,769.67308074197,777.8106994778542,809.8098148017449,743.4009334892706,776.6053741455078,41.20172330460975,32.41572952450548,47.96856431720353,-10.688181434326111,-11.19530830911718,0.5071268747910693,26.018395145809464,17.96877966922644,2.4432536962891412e-14,6.408024257051876,-83.65049676753303,31541718.0,120968356.0,-1.0
2026-05-04,760.0295232783589,773.8017387354295,760.0295232783589,766.7189331054688,29028060,807.8387927246093,922.2157632446297,769.0822512146698,776.8023570803646,806.5040785888356,749.5103012939772,778.0071899414064,44.260367182953054,30.91150048919615,47.96856431720353,-10.296405472736183,-11.01552774184098,0.7191222691047976,25.25080379586258,17.732264956879337,10.517372967581196,3.5057909891937395,-70.3286086972881,60569778.0,122048655.4,-1.0
2026-05-05,761.8002432312857,764.2595672860843,751.2743242683289,759.734375,38887657,804.8207092285155,921.1479840087898,767.2126759717358,775.250722345786,806.3884792015242,749.7537815406636,778.0711303710939,42.08636482490026,30.91150048919615,47.96856431720353,-10.42929326653939,-10.898280846780661,0.4689875802412722,24.934553121250996,17.568860948326517,13.559278197994244,8.025550388525154,-82.61248333020762,21682121.0,119035739.0,-1.0
2026-05-06,762.5380651832903,785.9508189360297,760.9148872376333,783.58984375,35530831,802.2994091796875,920.201199340821,770.4881095273888,776.0088242916237,806.2797920917313,752.2775260235034,779.2786590576173,50.948372524870486,30.91150048919615,47.96856431720353,-8.511554933860566,-10.420935664196643,1.9093807303360766,23.356736022604736,18.186545447448175,46.892611531327546,23.65642089896766,-34.85283476404688,57212952.0,115233874.5,-1.0
2026-05-07,781.0813276889071,788.5084744009563,775.7199891869062,783.0979614257812,46137553,799.9473107910155,919.2212899780279,773.0100799070674,776.6532913038199,803.0178987484167,753.5670377750212,778.2924682617189,50.77584182871932,30.91150048919615,47.96856431720353,-6.9512940901454385,-9.727007349386401,2.7757132592409626,21.755393031825392,17.800969716491167,69.11852058046067,43.190136769927484,-35.80253543753842,11075399.0,105611656.75,-1.0
2026-05-08,771.2440360478325,775.9167518274592,764.5546865191014,768.145263671875,38016841,797.3699389648436,918.1646548461921,772.037116660029,775.8798342463704,802.3921888206943,752.535154929306,777.4636718750002,45.70854360426346,30.91150048919615,47.96856431720353,-6.842458274553337,-9.150097534419789,2.307639259866452,20.835843822457665,17.853991515790355,81.48984505872608,65.83365905683809,-64.67242245768034,-26941442.0,96532566.55,-1.0
2026-05-11,759.3901026416063,762.2428825536997,749.5036318326614,751.2251586914062,41123422,794.2229882812499,917.0464794921883,767.8747250663044,773.6385001050099,800.9158137688811,749.4224308600254,775.1691223144533,40.7524323273279,33.233157307715324,47.96856431720353,-8.02896328044244,-8.92587068362432,0.8969074031818796,20.66063814264406,17.910251538892012,48.15651172539275,66.2549591215265,-96.5786889263069,-68064864.0,83489503.95,-1.0
2026-05-12,744.2898305325124,747.3394284783378,735.6330216051203,738.2399291992188,43937132,791.0740698242187,915.9357479858406,761.9477658928873,770.4204482044835,803.3386555939635,742.6465861052557,772.9926208496096,37.400803925315394,33.233157307715324,47.96856431720353,-9.902921825396788,-9.121280911978813,-0.7816409134179754,21.044678792419752,17.744671935134434,15.413229708678458,48.35319549759909,-95.06972052955412,-112001996.0,70627051.15,-1.0
2026-05-13,739.7647228184694,747.5853858194506,735.1903557682459,737.4037475585938,28960919,787.9654846191406,914.715101623536,757.0389622260286,767.418929963948,802.1504667065074,737.9028841235711,770.0266754150392,37.18869985429525,33.233157307715324,47.96856431720353,-11.324973103169782,-9.562019350217007,-1.7629537529527752,21.418261578310585,17.36255465771088,0.0,21.189913811357066,-95.84870613009603,-140962915.0,54328076.65,-1.0
2026-05-14,738.7810009702333,765.6368096362314,734.846082190099,757.0291748046875,50992358,785.4264794921875,913.5763912963876,757.0370047417605,766.4744067676515,800.8132328779733,736.6922602860897,768.7527465820315,45.06338405334246,33.233157307715324,47.96856431720353,-10.74449517178607,-9.798514514530819,-0.9459806572552516,20.649899144299646,18.32170985688385,19.076723668209183,11.496651125629214,-58.66175229866046,-89970557.0,43721784.7,-1.0
2026-05-15,760.4230253238243,769.1782432932904,752.9467039429112,755.0125122070312,24347873,783.0606091308593,912.3854019165049,756.6321062348146,765.4324163530497,798.5869255695733,735.7312812175365,767.1591033935549,44.446740651307884,33.233157307715324,47.96856431720353,-10.328133749896438,-9.904438361603944,-0.42369538829249365,19.735182943653257,18.17241196356209,36.6596051092137,18.57877625914096,-62.41980801435073,-114318430.0,30033971.9,-1.0
2026-05-18,746.6507839481793,761.5050772404568,739.1252283144738,756.143798828125,29812079,780.8816479492186,911.2248468017589,756.5344447534767,764.5879965780565,796.7656567723378,734.9161547511002,765.840905761719,44.90221977873869,31.56643704076017,47.96856431720353,-9.793980042175917,-9.88234669771834,0.08836665554242273,19.522081862277407,18.472943175163582,55.34590215787978,37.027410311767554,-60.3116526107516,-84506351.0,20444165.25,-1.0
2026-05-19,754.2255287138954,758.2587962302428,747.8804605130283,750.044677734375,40307830,778.7922058105468,910.0451089477549,755.2364913496564,763.2658766831764,790.9655383853558,735.866486761129,763.4160125732424,42.86184886191311,31.56643704076017,47.96856431720353,-9.750410813780377,-9.855959520930748,0.1055487071503709,19.32420228671412,17.894756928167215,50.01259895089946,47.33936873933098,-71.67737978479283,-124814181.0,6382179.5,-1.0
2026-05-20,747.2410491475586,749.8479568451309,742.8635000569833,747.1427001953125,24013451,776.4656860351562,908.8412698364267,753.6177331187876,761.800133366098,787.5467227853235,735.3110347830361,761.4288787841798,41.886572689979374,31.56643704076017,47.96856431720353,-9.836656369421007,-9.8520988906288,0.015442521207793547,19.372961482690528,17.129501267397536,43.81049414162016,49.7229984167998,-77.08522207341029,-148827632.0,-7686658.2,-1.0
2026-05-21,754.5206547496631,755.7503168336749,742.8634822100684,746.7984008789062,34664725,774.5395446777345,907.6034921264658,752.2538666708114,760.436339503626,786.6281229096242,733.7506429595167,760.1893829345704,41.76515063959391,31.56643704076017,47.96856431720353,-9.819594498147126,-9.845598012132466,0.02600351398534073,19.01363111898922,16.826453649983897,36.21082416339136,43.344639085303655,-77.72682469718707,-183492357.0,-21604851.35,-1.0
2026-05-22,746.7984174780529,762.390509033052,746.7984174780529,754.3239135742188,25604071,773.0855920410156,906.3930126953134,752.6678760514928,759.8806644191344,785.246981034175,733.3561561728566,759.3015686035158,45.48498408491419,31.56643704076017,47.96856431720353,-9.093996925321903,-9.695277794770355,0.6012808694484519,18.238170794099936,16.73828611456689,42.56546957248503,40.86226262583218,-63.7030132619043,-157888286.0,-35628858.85,-1.0
2026-05-25,763.3742255318324,775.0313981291084,762.5872538025895,774.0476684570312,26043952,771.8539624023439,905.2998431396493,756.9438345326006,761.168573877125,784.715906241187,733.597033211938,759.1564697265625,53.81230034513743,31.477294783232235,47.96856431720353,-6.848468557951605,-9.125915947406606,2.2774473894550002,17.124007385827976,17.02180028887566,64.51802627409313,47.7647733366565,-26.947747478539053,-131844334.0,-49256437.5,-1.0
2026-05-26,771.2932224692265,777.9825721015808,764.1120080103449,766.22705078125,31528062,770.7708764648438,904.1823263549813,758.8004777823305,761.6284354138636,784.2701312108788,733.6837506250588,758.9769409179688,50.51723074149691,31.477294783232235,47.96856431720353,-5.634973172376817,-8.427727392400648,2.7927542200238307,16.259697705137224,16.796711989044248,80.1575204883604,62.413672111646186,-41.521487771464216,-163372396.0,-62692079.1,-1.0
2026-05-27,756.9799611769273,761.3083956280444,744.584991677417,746.3065185546875,63680153,769.3129895019532,903.0148852539071,756.301685936802,760.2355338812113,783.6266605358409,732.3253353137687,757.9759979248048,43.25222367117141,31.477294783232235,47.96856431720353,-6.209114991810338,-7.984004912282586,1.7748899204722477,15.85383087876022,17.142808211529164,72.21791936662729,72.29782204302694,-73.43215364044244,-227052549.0,-78021730.2,-1.0
2026-05-28,746.3065185546875,746.3065185546875,746.3065185546875,746.3065185546875,0,768.1649768066408,901.8828585815438,754.302652460379,758.9692597606182,783.4990387444063,731.1691924567658,757.3341156005861,43.25222367117141,31.477294783232235,47.96856431720353,-6.588182058411462,-7.704840341508362,1.1166582830968999,15.476954539981575,15.918321910705654,51.043050781883395,67.80616354562369,-73.43215364044244,-227052549.0,-90951443.55,-1.0
2026-05-29,733.9115075895189,748.1264133157719,725.7465633447872,732.4359130859375,101299431,766.2752319335939,900.6625418090828,749.9293045854907,756.5571373356472,784.4049398577613,727.5924661480981,755.9987030029297,38.75181082640532,31.477294783232235,47.96856431720353,-7.916579973530133,-7.747188267912716,-0.169391705617417,16.107730097036935,16.379859629297012,27.451250434393337,50.237406860968,-87.1939876335205,-328351980.0,-108946128.45,-1.0
2026-06-01,736.8135126590627,740.1089829912345,727.1729740345589,730.6160278320312,47996441,764.2556359863282,899.4082864379891,746.0666492347989,754.1988546535002,784.2707523352045,724.1163631433111,754.1935577392578,38.190335521487604,28.702665822604654,45.57981970514706,-9.012306166900203,-8.000211847710215,-1.0120943191899876,16.693450257159768,16.133870295538337,17.30124682462107,31.931849346965933,-90.67795453148831,-376348421.0,-130792038.4,-1.0
2026-06-02,725.0087855549667,741.3386744827858,721.2214502442791,736.0757446289062,47314447,762.3904858398439,898.2342050170905,744.0684683136204,752.5512991967189,784.0168962879842,722.0043561534222,753.0106262207032,40.95433203847128,28.702665822604654,45.57981970514706,-9.332543797090239,-8.26667823758622,-1.0658655595040187,17.502367184643916,16.41839557717893,11.0404536092123,18.597650289408904,-73.83016068292125,-329033974.0,-148327843.15,-1.0
2026-06-03,732.3375535846441,744.5849997963322,730.5176176978582,741.3878784179688,36109480,761.513983154297,897.0333172607428,743.5323503344902,751.536442762287,778.7253413764379,723.0757145317652,750.9005279541016,43.59714114515991,28.702665822604654,45.57981970514706,-9.053328489455225,-8.42400828796002,-0.6293202014952044,17.997562164228842,16.25046604298572,19.44289236624369,15.928197600025687,-64.4714066357104,-292924494.0,-165834715.45,-1.0
2026-06-04,736.9610714527732,744.9784318589446,732.8785694984622,741.9288940429688,42673538,760.9975244140626,895.8983389282233,743.2116590761859,750.663029242349,772.4021524905414,725.2819966793805,748.842074584961,43.87267665280245,28.702665822604654,45.57981970514706,-8.688240281314279,-8.476854686630872,-0.21138559468340645,18.42503479221193,15.953994351378347,29.55911420949812,20.014153394984703,-63.518261935082165,-250250956.0,-178901033.2,-1.0
2026-06-05,741.6829610502508,746.355676758121,732.5342875674706,734.8952026367188,22116568,761.0545788574219,894.7026153564459,741.5483677882925,749.2295904600189,769.6728025015556,724.6863405648509,747.1795715332032,41.06403541905103,28.702665822604654,45.57981970514706,-8.864283418097784,-8.554340432924255,-0.3099429851735298,18.702102338247276,15.80166541132635,29.793193558282884,26.26506671134156,-75.91000328214858,-272367524.0,-191172337.3,-1.0
2026-06-08,725.9925096938186,729.4355636015806,722.5494557860566,726.6319580078125,21550700,760.5381213378907,893.4390148925787,738.5650858321965,747.175260237091,770.1370642753496,721.7627587226974,745.9499114990235,37.98728430636439,29.455087794677194,45.57981970514706,-9.560367687477992,-8.755545883835001,-0.8048218036429908,19.489822787044034,15.554814085564624,18.25643386403701,25.86958054393934,-90.46793370797805,-293918224.0,-202465005.3,-1.0
2026-06-09,727.4189306755471,731.8457142768752,720.3852393810432,726.3367919921875,38539563,759.6734228515626,892.1431970214849,736.1194270641947,745.280854033009,770.888977713753,719.8205315635909,745.3547546386719,37.87811024405601,29.455087794677194,45.57981970514706,-10.020328803623784,-9.00850246779276,-1.0118263358310244,19.996625184704993,15.26236128629801,6.131750881965417,18.060459434761768,-89.66696489224383,-332457787.0,-213487794.85,-1.0
2026-06-10,724.5169081730804,743.6504624272108,724.418559222074,734.698486328125,44458159,759.4894653320314,890.9199291992193,735.8352389169808,744.3188206052922,770.9588950055221,719.480088148775,745.2194915771486,42.88580556124437,29.455087794677194,45.57981970514706,-9.599475670630454,-9.126697108360299,-0.4727785622701557,19.442077346040005,15.54589999478649,10.475786731594422,11.621323825865616,-75.14946218685212,-287999628.0,-220839630.5,-1.0
2026-06-11,730.9111639255492,743.699649970007,728.0583237911012,732.485107421875,32632007,759.746219482422,889.6927264404302,735.1652126179597,743.2430284977089,769.701310100702,718.2832663153139,743.992288208008,41.92245119759695,29.455087794677194,45.57981970514706,-9.336917537067166,-9.168741194101672,-0.16817634296549322,18.923063565919648,15.552716150795016,18.936296130743735,11.847944581434524,-78.9923118496817,-320631635.0,-232372684.4,-1.0
2026-06-12,742.4207572291352,761.8494172504803,740.8467538097462,759.8819580078125,36088159,760.3403918457032,888.5951300048833,740.1085616959303,744.7556584531728,770.471057236213,718.0004637598811,744.2357604980471,55.3055255180749,29.455087794677194,45.57981970514706,-6.83930222856452,-8.702853400994243,1.8635511724297231,18.048620086106897,16.539258556352895,52.26962946407706,27.227237442138403,-31.42613249400371,-284543476.0,-240883936.7,-1.0
2026-06-15,777.1464134002696,780.5894671305239,762.980682607529,764.7022094726562,39990334,760.8607836914063,887.587052917481,745.0272912512755,746.5689812731258,771.9739571493844,717.3534049111629,744.6636810302737,57.175326606346346,36.7577373624207,45.57981970514706,-4.420018867401836,-7.846286494275763,3.4262676268739263,18.286356697053826,16.836990739664216,75.12717606581597,48.777700553545586,-26.388940198646882,-244553142.0,-248886276.25,-1.0
2026-06-16,767.8010209255166,774.8838866823837,766.7681167622869,772.1294555664062,27820970,761.1342614746095,886.6173416137701,750.4477241143018,748.8926607543331,775.658315801807,715.8775240419434,745.7679199218752,59.955232843234654,36.7577373624207,45.57981970514706,-1.88171148730396,-6.653371492881402,4.771660005577442,18.507112121504544,16.36161120181159,99.99999999999999,75.798935176631,-14.052188493009288,-216732172.0,-253482175.8,1.0
2026-06-17,774.8346784396643,781.376444549763,770.3586605239058,774.2935791015625,32405604,761.4313476562501,885.7009970092779,755.216895111754,751.2018351495358,779.6306362083035,714.6202915260719,747.1254638671877,60.754631505380296,36.7577373624207,45.57981970514706,0.3010715168570641,-5.262482890933709,5.5635544077907735,19.046310282540297,15.979909260671999,100.0,91.70905868860531,-11.61292915692883,-184326568.0,-255257122.6,1.0
2026-06-18,773.7033792240301,789.8857441736253,773.4082723338255,786.0,41492071,761.0949121093751,884.9199157714849,761.3735160894032,754.3653046813962,785.943932593628,712.2271550528567,749.0855438232423,64.84305220640542,36.7577373624207,45.57981970514706,2.9416436685183953,-3.6216575790432888,6.563301247561684,19.95626353458823,16.015449444895413,99.99999999999999,99.99999999999999,-5.590958202709406,-142834497.0,-253224229.6,1.0
2026-06-19,788.7000122070312,789.0499877929688,776.2000122070312,779.7999877929688,33798761,760.9964880371093,884.1383300781255,765.0588104301163,756.6775486006301,789.6599540405451,711.0587410278146,750.3593475341798,61.20627884786837,36.7577373624207,45.57981970514706,4.4823571307289285,-2.0008546370888456,6.4832117678177745,20.8012201257756,15.789344169255564,95.50431894913154,98.5014396497105,-14.511774282440937,-176633258.0,-254161478.2,1.0
2026-06-22,789.9000244140625,789.9000244140625,783.0999755859375,786.4000244140625,25194765,760.7821655273438,883.3946633911137,769.3270532269055,759.3795918563967,792.1868740736265,709.7670565904361,750.9769653320313,63.54991311671135,41.919153732247715,45.57981970514706,6.164886472539592,-0.36770641516315816,6.532592887702751,21.629175059668068,15.382965058672578,93.90577531483329,96.47003142132161,-5.034900127127651,-151438493.0,-255141186.15,1.0
2026-06-23,783.0499877929688,790.9000244140625,772.5499877929688,774.6500244140625,28289062,760.6397668457032,882.6222500610356,770.391647464337,760.7678129980027,793.4282286401165,709.3679993872274,751.398114013672,56.95326618990087,41.919153732247715,45.57981970514706,6.47553041301785,1.0009409504730435,5.474589462544807,21.392911983637294,15.594898741702663,84.15263482656414,91.18757636350966,-23.04481250618685,-179727555.0,-255958944.1,1.0
2026-06-24,773.0,794.9000244140625,772.6500244140625,793.2000122070312,34701292,760.5693139648438,881.8936462402347,774.9533204128759,763.7161947442779,799.6317723635935,707.8538050289845,753.742788696289,63.410609780274655,41.919153732247715,45.57981970514706,8.124888305275817,2.4257304214335984,5.6991578838422186,21.416178751846633,16.07026311729533,86.87756921913473,88.31199312017739,-2.2814428120243924,-145026263.0,-251857629.8,1.0
2026-06-25,798.5,804.4500122070312,794.75,796.2999877929688,46707966,760.8451586914063,881.1470956420902,779.2226538888946,766.6783577487043,805.7312043923243,706.7537199240817,756.242462158203,64.37244146984598,41.919153732247715,45.57981970514706,9.571820452159272,3.8549484275787336,5.716872024580539,21.97796764535848,15.725958608917093,87.89435656506846,86.30818687025578,-9.694934203810723,-98318297.0,-245420917.2,1.0
2026-06-26,796.2999877929688,796.2999877929688,796.2999877929688,796.2999877929688,0,761.0334509277344,880.389969787598,782.6381206697095,769.3712332072738,810.667474920735,708.203856866374,759.4356658935545,64.37244146984598,41.919153732247715,45.57981970514706,10.596376174621696,5.203233976987326,5.39314219763437,22.499628760762334,14.6026758511373,97.0657407649731,90.61255551639209,-9.694934203810723,-98318297.0,-233919233.05,1.0
2026-06-29,800.0,805.9000244140625,793.2999877929688,798.9000244140625,46695977,761.3612963867188,879.6330557250981,785.8905014185801,772.0556687715274,815.0862627188125,710.6134687265,762.8498657226562,65.26073219733587,45.8609517121329,45.57981970514706,11.485744677098296,6.45973611700952,5.026008560088776,23.495365296463078,14.459630191848477,98.83648742327094,94.59886158443749,-8.590910808373952,-51622320.0,-217682928.0,1.0
2026-06-30,806.0999755859375,806.0999755859375,792.75,797.9500122070312,45778356,761.3494458007812,878.8755722045902,788.3024035762704,774.4096999929369,818.8283416794752,713.0588165236497,765.9435791015625,64.62669401725272,45.8609517121329,51.906467653967134,11.975867234579141,7.562962340523445,4.412904894055696,24.359489011310025,14.380369148569121,98.51266690402878,98.13829836409093,-10.443094413649378,-97400676.0,-206101263.1,1.0
2026-07-01,793.5,802.25,793.5,796.1500244140625,26094378,761.5347387695311,878.1053997802737,789.8719277438289,776.3860931221302,821.882979039067,715.4803937636674,768.6816864013672,63.3704462821733,45.8609517121329,51.906467653967134,12.079800500008787,8.466329972420514,3.613470527588273,25.161889603667905,13.978199923671328,92.76511908696646,96.70475780475539,-15.24821441920805,-123495054.0,-197629791.1,1.0
2026-07-02,795.0,805.4500122070312,794.0,795.9000244140625,34143823,762.0209729003905,877.324632263184,791.0775470778756,778.1600868759422,824.342543685964,718.4179421538798,771.3802429199219,63.18673138503224,45.8609517121329,51.906467653967134,12.003625132467732,9.173789004429958,2.8298361280377744,26.09190915034469,13.797615086768465,84.44328420395301,91.90702339831608,-23.655191139109178,-157638877.0,-192999187.15,1.0
2026-07-03,803.0,807.0,798.5499877929688,801.0499877929688,25871958,762.6003686523436,876.572073669434,793.0720352208942,780.2409869593082,826.3021132557668,723.073851099702,774.6879821777344,65.41127525149804,45.8609517121329,51.906467653967134,12.217973417384428,9.782625887020853,2.4353475303635754,27.04618579597137,13.604926550994826,85.3488610115597,87.5190881008264,-14.789295772895239,-131766919.0,-185969156.9,1.0
2026-07-06,805.0,831.5,805.0,829.8499755859375,63203327,763.6583752441406,875.9647448730473,800.4276232939029,784.7508950162745,831.8708502852219,727.8269158280596,779.8488830566407,74.6402648143744,46.9765900491535,51.906467653967134,14.54410886720109,10.7349224830569,3.809186384144189,29.05263397903522,14.808146954997428,91.67816511698655,87.1567701108331,-2.6987050467019102,-68563592.0,-174701425.3,1.0
2026-07-07,843.0,843.0,826.0999755859375,829.2999877929688,57611729,764.8480224609375,875.3556497192387,806.2020961937162,788.8008125414285,835.0636321645752,734.9304535287845,784.9970428466798,74.23292057202694,46.9765900491535,51.906467653967134,16.156961160727178,11.819330218590956,4.337630942136222,31.286799108647703,14.957566773502075,99.23230946641257,92.08644519831961,-19.446429855499613,-126175321.0,-164387302.0,1.0
2026-07-08,825.9000244140625,834.3499755859375,806.9500122070312,810.2999877929688,38754632,765.7275146484375,874.6532760620122,807.0216745135667,790.7552830188413,834.0393151642356,743.5149206756084,788.777117919922,61.704640084876026,46.9765900491535,51.906467653967134,15.720797445846188,12.599623664042003,3.1211737818041847,31.392330486046667,15.846309388173802,74.85352705464462,88.58800054601457,-46.415907084495345,-164929953.0,-158233818.25,1.0
2026-07-09,813.0,822.8499755859375,812.2999877929688,817.5499877929688,39891798,766.8956311035155,873.9359982299809,809.1273371694472,793.1911652710346,831.4968935930038,754.5638302839496,793.0303619384767,64.18828298842386,46.9765900491535,51.906467653967134,15.778266929106508,13.235352317054904,2.5429146120516037,31.49032390791713,15.610857845659156,55.15547643591101,76.41377098565607,-36.124922352378555,-125038155.0,-148454144.25,1.0
2026-07-10,824.0,827.7000122070312,820.2999877929688,824.9500122070312,23595785,768.2117480468748,873.3049072265628,812.291872176964,796.078333174307,833.9437576034477,758.6237716934277,796.2837646484377,66.57137771350716,46.9765900491535,51.906467653967134,16.233798905670255,13.835041634777975,2.398757270892281,31.81219929611453,15.220798314830825,40.71635268332119,56.90845205795894,-25.62098604032218,-101442370.0,-139299088.95,1.0
2026-07-13,817.0,821.9500122070312,811.0,817.9500122070312,21741736,769.236369628906,872.6520965576175,813.4235001829775,798.0666676318273,834.6851849332835,763.2071246370293,798.9461547851564,62.34500862240879,52.30254443981936,51.906467653967134,15.847292062172755,14.237491720256932,1.6098003419158236,31.233815016550924,15.130027878559426,33.41194378149779,43.09459096690999,-35.6076709115107,-123184106.0,-133230637.15,1.0
2026-07-14,811.4000244140625,818.4000244140625,807.0,809.4000244140625,25605395,770.2296826171872,871.9909664916996,812.6188050291945,799.0969727938486,834.4885539386332,767.1308125164451,800.8096832275392,57.53992136366265,52.30254443981936,51.906467653967134,14.681827080937296,14.326358792393005,0.3554682885442908,30.341937484316432,14.86359905966679,19.77666106689807,31.301652510572346,-66.86562305659204,-148789501.0,-129833503.6,1.0
2026-07-15,811.0,819.7000122070312,809.7000122070312,815.4500122070312,21488739,770.8668859863279,871.3903359985355,813.1850464647619,800.5836127405015,834.7036245025122,771.0313852631132,802.8675048828127,59.89534004281005,52.30254443981936,51.906467653967134,14.08401933176242,14.27789090026689,-0.19387156850446985,29.594193945114316,14.537626826331216,6.241509216423173,19.81003802160634,-54.82584635416667,-127300762.0,-126982213.3,1.0
2026-07-16,814.5,818.0,806.5,808.2999877929688,18698186,771.3709265136716,870.7598580932622,812.2080347304033,801.285101381635,834.8794215464111,773.0855869985112,803.9825042724611,55.94540925730234,52.30254443981936,51.906467653967134,12.8847774743723,13.999268215087971,-1.114490740715672,28.59645402074087,14.320653481593272,4.591367196681187,10.20317916000081,-69.0547506607587,-145998948.0,-127140435.85,1.0
2026-07-17,810.0,823.7000122070312,808.5,819.5999755859375,17415322,772.4000207519529,870.2094894409184,813.6864229015102,802.9500899456625,835.4034289169409,776.541578407278,805.9725036621095,60.39114709311374,52.30254443981936,51.906467653967134,12.69978897728788,13.739372367527954,-1.0395833902400735,28.053564540275662,14.397751405341076,12.518214277222235,7.783696896775531,-46.56721276430348,-128583626.0,-124737954.25,1.0
2026-07-20,790.0,790.0,774.5499877929688,777.5999755859375,56061789,772.9275170898436,869.4232980346685,806.4691334383957,800.6455340947784,836.4224530156175,774.6425494257892,805.5325012207034,43.01570902059205,51.06601391459236,51.906467653967134,9.059700679261368,12.803438029874638,-3.7437373506132694,27.055498954084342,16.587196861600194,7.926847080541049,8.345476184814823,-95.54421146961396,-184645415.0,-126398300.35,-1.0
2026-07-21,769.1500244140625,772.5,760.0999755859375,761.4500122070312,42246009,773.3917187499998,868.5529135131841,797.4653091921228,797.0823048322559,838.941238485116,770.8037627355875,804.8725006103517,38.43628531993013,51.06601391459236,51.906467653967134,4.816219028880369,11.205994229675785,-6.389775200795416,26.848568834215445,16.65239708577161,7.926847080541049,9.45730281276811,-98.37148827079871,-226891424.0,-128756493.8,-1.0
2026-07-22,760.25,761.3499755859375,750.3499755859375,753.1500244140625,23385446,773.7066442871092,867.5709384155278,788.6022522365108,793.0884611578746,843.8372339780934,761.902768463313,802.8700012207032,36.29757507826739,51.06601391459236,51.906467653967134,0.7745609429160822,9.119707572323843,-8.345146629407761,27.081874801388903,16.25579990972319,0.0,5.284564720360699,-96.97782181296435,-250276870.0,-134019024.15,-1.0
2026-07-23,749.4000244140625,751.0,743.25,747.25,32532090,773.5110607910154,866.5599548339849,780.3318017892087,788.9213283253405,848.3255643395662,752.5094393225434,800.4175018310548,34.81460282939086,51.06601391459236,51.906467653967134,-2.8714644160741045,6.721473174644254,-9.592937590718359,27.58812492135685,15.801815945747427,0.0,2.6422823601803493,-95.98997493734336,-282808960.0,-143243557.3,-1.0
2026-07-24,738.5,748.25,737.25,742.7999877929688,23837859,773.2668103027343,865.4858966064459,772.8254389899607,784.728479186034,852.1519208208672,743.3330828412422,797.7425018310547,33.69637406509467,51.06601391459236,51.906467653967134,-6.0503004783388405,4.167118444047635,-10.217418922386475,28.294038386701065,15.458829092479755,0.0,0.0,-94.75178459293736,-306646819.0,-153659983.4,-1.0
2026-07-27,746.0999755859375,747.9500122070312,738.0999755859375,739.5499877929688,29678752,772.9349340820311,864.3510745239264,766.1703487505624,780.6213436048463,855.0737922451086,734.4762077548916,794.7750000000001,32.86609486000253,37.39767572371734,51.906467653967134,-8.731151518821548,1.5874644514737988,-10.318615970295347,28.94952946166355,15.058201058809326,0.0,0.0,-97.63131990601464,-336325571.0,-167895145.95,-1.0
2026-07-28,732.0,740.25,732.0,735.4000244140625,33886037,772.6420410156248,863.2141934204108,760.0162838832625,776.5103145875023,857.4868867096991,725.8081145110041,791.6475006103516,31.788977235257367,37.39767572371734,51.906467653967134,-11.063084295650128,-0.9426452979509867,-10.120438997699141,29.80756601344242,14.571900983180088,0.0,0.0,-96.44720587212977,-370211608.0,-181535692.55,-1.0
2026-07-29,743.0,751.25,740.7999877929688,748.2000122070312,20460659,772.6631872558593,862.1491824340826,757.6530295480163,773.9366507347322,857.8339768975247,720.666023102475,789.2499999999999,38.485404763800894,37.39767572371734,51.906467653967134,-11.742940472978034,-3.1027043329563964,-8.640236140021639,29.619395461267285,14.663192026234189,6.417448131305132,2.1391493771017105,-83.07208971720381,-349750949.0,-192848487.3,-1.0
2026-07-30,752.7999877929688,757.9000244140625,745.5,753.9500122070312,35844392,772.8062194824219,861.0942303466803,756.9124260798194,772.1196835958503,857.4252688420116,716.8797299372851,787.1524993896484,41.27446912139079,37.39767572371734,51.906467653967134,-11.683079182018787,-4.818779302768874,-6.864299879249913,28.90079490933094,14.501537196793354,16.765096321117717,7.727514817474282,-76.06323960189376,-313906557.0,-200661871.3,-1.0
2026-07-31,753.9500122070312,757.5499877929688,747.2000122070312,748.1500244140625,25522483,772.6827416992187,860.029461059571,755.1599457466681,769.9406236702333,856.538017655607,712.4769847857991,784.507501220703,39.337039416274436,37.39767572371734,47.39587712828669,-11.965715895583571,-6.248166621331814,-5.717549274251757,28.233522968247193,14.204997081732223,25.56170419915462,16.248082883859155,-82.3881981851861,-339429040.0,-211044977.35,-1.0
2026-08-03,753.0499877929688,756.8499755859375,750.0499877929688,753.0,14827841,772.2617883300782,858.9882037353522,754.7279565973345,768.4005669729394,850.6820896478541,710.647915234958,780.665002441406,41.79731977083873,38.629986545298564,47.39587712828669,-11.663900842141288,-7.331313465493709,-4.332587376647579,27.613913308669428,13.811779516742423,30.80810603135415,24.37830218387549,-77.09923968975242,-324601199.0,-223846857.7,-1.0
2026-08-04,753.2000122070312,753.2000122070312,738.0,742.0,31559802,771.7772473144531,857.8865359497076,752.1823652778676,766.0005154299449,844.4096987822447,708.1903073212707,776.3000030517577,38.030057981072154,38.629986545298564,47.39587712828669,-12.172006987254576,-8.299452169845884,-3.872554817408693,27.724218980135326,13.910938994620196,27.733892895398153,28.034567708635638,-89.09487604273924,-356161001.0,-235346141.7,-1.0
2026-08-05,733.7999877929688,741.9500122070312,732.5999755859375,735.0,60050538,771.5511169433595,856.6706781005865,748.7458922222941,763.1822867544954,841.054854771058,704.0151525531605,772.5350036621093,35.81765346890443,38.629986545298564,47.39587712828669,-12.989788075451543,-9.237519350967016,-3.7522687244845265,28.102192591956566,13.588730810294647,23.632355652058198,27.391451526270167,-96.72846281282177,-416211539.0,-247910221.0,-1.0
2026-08-06,739.0,740.5,733.5499877929688,734.2999877929688,44772122,771.3109863281252,855.4109872436529,745.856711336429,760.5566232125384,835.4783070007279,701.2667003234908,768.3725036621094,35.59464851353873,38.629986545298564,47.39587712828669,-13.53830941091951,-10.097677362957516,-3.4406320479619943,28.45316808864772,13.114536624347263,23.26793919259032,24.878062580015552,-96.0345038052263,-460983661.0,-264707496.3,-1.0
2026-08-07,733.0,736.0,728.2000122070312,731.0,19382042,771.2822680664065,854.1328289794926,742.8853690691433,757.869657465944,827.1606107291803,700.1893953743353,763.6750030517578,34.504016018455495,38.629986545298564,47.39587712828669,-14.077026755116435,-10.8935472413893,-3.1834795137271357,29.06081245273942,12.734925993534512,25.0370896069592,23.979128150535903,-93.67948405301104,-480365703.0,-283653662.95,-1.0
2026-08-10,731.5,737.5499877929688,728.5,731.0,23660590,771.2899475097657,852.8313070678714,740.5082952553147,755.4269613326763,818.9550663426803,699.699938540132,759.3275024414062,34.5040160184555,36.17191787331483,47.39587712828669,-14.338676791109947,-11.582573151333431,-2.7561036397765157,29.448562410811164,12.471716122065528,29.384604440487756,25.896544413345758,-91.55357198750205,-480365703.0,-301512742.8,-1.0
2026-08-11,730.5,730.8499755859375,726.5499877929688,729.0,29154365,771.1484326171876,851.5143746948245,738.2066362042517,753.024510302433,811.4607914952907,699.1542109461155,755.3075012207031,33.77657733380545,36.17191787331483,47.39587712828669,-14.539813693485371,-12.174021259763819,-2.365792433721552,29.920262926294832,11.898737270991651,24.704981997346163,26.375558681597703,-92.18497816559879,-509520068.0,-319549271.15,-1.0
2026-08-12,729.0,730.6500244140625,722.0,729.0,26993177,770.9006750488282,850.2665493774417,736.3653089634015,750.8404639113027,800.5705350106008,701.3994662101023,750.9850006103516,33.77657733380545,36.17191787331483,47.39587712828669,-14.531703703112953,-12.645557748433648,-1.8861459546793053,30.616633193832705,11.66668635263957,22.282207590015886,25.457264675949936,-80.5014060178243,-509520068.0,-338660236.45,-1.0
2026-08-13,726.9000244140625,729.0,724.5,725.0,22129893,770.562097167969,848.9583911132816,734.0922471707212,748.491330828457,789.6715513517584,703.9684510896482,746.8200012207033,32.20184458936468,36.17191787331483,47.39587712828669,-14.67883458013614,-13.052213114774148,-1.6266214653619926,31.263262727975018,11.154780184593886,14.614699472309063,20.533963019890372,-91.64345972192469,-531649961.0,-357942787.1,-1.0
2026-08-14,725.0,729.5999755859375,723.5,727.0,20364131,770.4041931152345,847.6572817993167,732.673797736577,746.5375734804154,768.902439567887,715.4775653149255,742.1900024414062,33.86217982101068,36.17191787331483,47.39587712828669,-14.467283733585873,-13.335227238536493,-1.1320564950493797,31.92495145553291,10.793722713261287,14.899803247487611,17.265570103270854,-86.07243286987449,-511285830.0,-377077897.3,-1.0
2026-08-17,727.0499877929688,732.0999755859375,724.5,729.0,14823722,770.4515539550783,846.3450222778322,731.9390381892615,744.9432486185594,761.2389774532979,718.2810298709211,739.7600036621095,35.561625034616256,35.602888582708616,47.39587712828669,-13.97712527849842,-13.46360684652888,-0.5135184319695405,32.16944321747862,10.565597918452447,19.951397655350192,16.48863345838229,-80.5014060178243,-496462108.0,-392668731.95,-1.0
2026-08-18,726.2999877929688,729.0,723.0,723.0,17916507,770.3848181152346,845.050473327637,730.1512305514093,742.948407835054,757.983894014808,717.6911120887079,737.837503051758,32.835725497510204,35.602888582708616,47.39587712828669,-13.91244699854667,-13.553374876932438,-0.35907212161423274,32.503885605198185,10.23948378142013,20.778333566837045,18.543178156558284,-97.2144865739749,-514378615.0,-407043091.5,-1.0
2026-08-19,724.0,725.4000244140625,715.0999755859375,720.0,21342651,770.090848388672,843.7942919921877,728.1209844411275,740.8621889409582,756.4760894793997,715.88391418271,736.1800018310548,31.534165254277173,35.602888582708616,47.39587712828669,-13.94254296726217,-13.631208494998384,-0.31133447226378586,33.34014800845562,10.243809856184765,13.8734187307633,18.201049984316846,-88.45695405182738,-535721266.0,-421315311.3,-1.0
2026-08-20,725.5,728.2999877929688,724.2999877929688,725.0499877929688,17603805,769.942145996094,842.5370455932621,727.5067851114958,739.4247161093227,755.2448339095919,714.8951685318144,735.0700012207031,36.12411908977381,35.602888582708616,47.39587712828669,-13.40438502231791,-13.58584380046229,0.18145877814438016,33.66297677115232,10.104965423097905,17.109560540605766,17.253770946068702,-76.16763543226048,-518117461.0,-433080736.35,-1.0
2026-08-21,728.2999877929688,732.7999877929688,726.5999755859375,726.9500122070312,26029811,769.2835070800784,841.3256973266604,727.395430530603,738.2906521182053,754.4190219810519,714.1359829017606,734.2775024414062,37.813335189045596,35.602888582708616,47.39587712828669,-12.67842588117071,-13.404360216603976,0.7259343354332657,33.287647588024214,9.936753607162341,47.1287789545658,26.037252741978286,-68.89757157206226,-492087650.0,-442352777.9,-1.0
2026-08-24,732.5,734.4000244140625,724.0999755859375,729.0,11408345,768.5694628906253,840.1275500488283,727.7163444244825,737.4460473801867,753.8626943192565,713.6373117842589,733.7500030517577,39.667202097146784,35.59535251071405,47.39587712828669,-11.801639198711086,-13.083816013025398,1.2821768143143117,33.14061424247808,9.962703265802531,80.46211228789913,48.23348392769023,-48.23089215773191,-480679305.0,-449570464.6,-1.0
2026-08-25,726.5999755859375,728.7000122070312,722.0,727.5,17511874,767.6768737792972,838.9334619140626,727.673075539586,736.5418612547151,753.640807659227,713.0691960028823,733.3550018310547,38.756757772628134,35.59535251071405,47.39587712828669,-11.099864570587897,-12.6870257245379,1.587161153950003,33.173141809057476,9.751081603959493,95.15643311790149,74.24910812012213,-51.18105316781768,-498191179.0,-455969443.15,-1.0
2026-08-26,728.0,731.0,724.1500244140625,727.2000122070312,21156463,766.7350024414067,837.7270526123048,727.5784628730751,735.6926022503801,751.500125527485,713.1098781346244,732.3050018310547,38.5661130877724,35.59535251071405,47.39587712828669,-10.447477611006434,-12.239116101831609,1.791638490825175,32.83109041961027,9.543859745529351,91.75571039143233,89.12475193241097,-46.10231607221991,-519347642.0,-464449277.8,-1.0
2026-08-27,728.1500244140625,728.1500244140625,710.0,711.0,46515020,765.2350024414067,836.4042291259766,724.2627702984602,733.4478202276182,748.7575132557414,711.5574891856646,730.157501220703,29.98754783448502,35.59535251071405,47.39587712828669,-11.109597318892384,-12.013212345243765,0.9036150263513818,33.56405921504748,10.15858579328172,58.42237705809901,81.7781735224776,-96.37023432636433,-565862662.0,-477047083.05,-1.0
2026-08-28,710.8499755859375,720.2999877929688,707.0,720.2999877929688,16494301,764.0450024414066,835.1387265014649,723.4702137973619,732.2525627335592,745.7972942853464,711.7327044939505,728.7649993896484,38.4515819250134,35.59535251071405,47.39587712828669,-10.75986761003162,-11.762543398201338,1.002675788169718,34.426743763971686,10.382971650402222,57.96767289031844,69.38192011328326,-51.45994181617297,-549368361.0,-487544049.1,-1.0
2026-08-31,723.0499877929688,739.75,704.1500244140625,709.0,78157067,762.4970019531252,833.8307418823243,720.5761710378895,730.1386933941448,741.6750554765256,711.4549433027714,726.5649993896485,33.19968329468653,34.54768678142912,44.14792438015378,-11.26466680611793,-11.662968079784656,0.39830127366672663,32.749462138089925,12.18418621722617,40.208631540933816,52.199560496450424,-86.37646373034787,-627525428.0,-502690260.55,-1.0
2026-09-01,705.0499877929688,715.4500122070312,698.5,711.9000244140625,44417092,761.2420019531252,832.5227478027344,718.8409417131242,728.4806325777736,739.68523004938,710.4347711713232,725.0600006103516,35.629628615739335,34.54768678142912,44.14792438015378,-11.300451501575253,-11.590464764142776,0.29001326256752336,31.633183809793742,12.524602359355104,59.63797832045685,52.60476091723637,-67.51509232954545,-583108336.0,-514037627.3,-1.0
2026-09-02,702.2999877929688,705.6500244140625,700.0,700.7999877929688,36950338,759.394001464844,831.1250689697267,715.2327509290931,725.9642103246094,740.8053562219704,705.8946437780296,723.35,30.983828684055595,34.54768678142912,44.14792438015378,-12.085180876604,-11.689407986635022,-0.39577288996897764,30.59663964780443,12.479989648977062,33.92165609682859,44.589421986073084,-94.42427201704545,-620058674.0,-524229984.05,-1.0
2026-09-03,705.0,712.5999755859375,705.0,706.6500244140625,27770641,757.6010021972659,829.7768066406251,713.5162056260871,724.2083752418325,740.1365087971261,703.7984948649831,721.9675018310546,35.73950340097989,34.54768678142912,44.14792438015378,-12.095604891520907,-11.7706473676122,-0.32495752390870614,28.880892133910415,12.431418087833611,42.66790548884957,45.40917996871167,-80.24236505681819,-592288033.0,-530795202.65,-1.0
2026-09-04,708.3499755859375,716.5,708.3499755859375,712.0999755859375,14488024,755.9170019531252,828.445219116211,713.2329596180573,723.1076116367511,739.179461705587,702.8655395151162,721.0225006103516,39.894710567560026,34.54768678142912,44.14792438015378,-11.53117626395283,-11.722753146880327,0.19157688292749775,26.89485615486501,12.247029337698175,56.571892042659854,44.387151209446,-67.0303622159091,-577800009.0,-535666917.95,-1.0
2026-09-07,712.0999755859375,713.0,707.0499877929688,710.5,12180390,754.1490014648439,827.0355407714845,712.6863676944458,721.9614651243193,738.0973255414061,701.8976756792969,719.9975006103515,39.09546467841024,33.24819523647658,44.14792438015378,-11.085184066714078,-11.595239330847077,0.5100552641329994,25.179191633969257,11.797242399793396,83.78526565840727,61.00835439663889,-70.9090909090909,-589980399.0,-541147652.75,-1.0
2026-09-08,707.0999755859375,708.9000244140625,703.0,703.0,19883515,752.2500012207032,825.6414837646486,710.7490941555567,720.2376955675629,737.7828349015305,699.6121663191726,718.6975006103515,35.50472563124997,33.24819523647658,44.14792438015378,-11.207723694897822,-11.517736203657227,0.3100125087594048,23.985050877310954,11.490296514093869,82.5404744517633,74.29921071761014,-89.0909090909091,-609863914.0,-546164845.05,-1.0
2026-09-09,698.0,700.0,687.0999755859375,687.0999755859375,39173990,750.0690002441406,824.1625161743166,706.0192704416329,717.2251755692333,739.7025969992787,693.5024017800181,716.6024993896484,29.350256740991334,33.24819523647658,44.14792438015378,-12.444385195082077,-11.703066001942197,-0.7413191931398799,24.1550825773342,11.805277078377342,49.20714111842997,71.84429374286684,-100.0,-649037904.0,-553140736.85,-1.0
2026-09-10,687.0999755859375,694.5,686.2000122070312,693.7999877929688,27108053,748.0269995117188,822.7630380249025,703.5754139119001,715.0956130441183,739.9018225665543,690.1831749920395,715.0424987792969,34.50244797653145,33.24819523647658,44.14792438015378,-12.736989269080595,-11.909850655369876,-0.8271386137107193,24.374937437651205,11.554899272276728,34.85013332378796,55.532582964660406,-85.80769875182793,-621929851.0,-557654731.35,-1.0
2026-09-11,683.9000244140625,709.0,681.9000244140625,708.25,31411934,746.1709997558594,821.3664569091799,704.5103311295201,714.473284585562,738.4750039851458,689.734993573448,714.1049987792969,43.98944129467564,33.24819523647658,44.14792438015378,-11.668379073856613,-11.861556339067224,0.19317726521061118,23.03655554531764,12.66526186610964,49.6205408716325,44.55927177128348,-54.45118979040191,-590517917.0,-561616335.7,-1.0
2026-09-14,708.25,708.25,708.25,708.25,0,743.7390002441405,819.9423315429689,705.258264903616,713.90753144142,736.5168991961546,689.6180983624392,713.0674987792969,43.98944129467565,32.627657020203344,44.14792438015378,-10.69817588302476,-11.628880247858731,0.9307043648339715,21.79377235957933,11.760600304244667,82.95387420496584,55.80818280012876,-54.45118979040191,-590517917.0,-566319126.15,-1.0
2026-09-15,722.4000244140625,730.75,715.0499877929688,716.5499877929688,50387632,741.4840002441405,818.5690515136721,707.5166094814866,714.1477547461062,735.7932145444192,689.6967817934715,712.7449981689454,48.9183114504588,32.627657020203344,44.14792438015378,-9.154021355349528,-11.133908469356893,1.979887114007365,21.59991942064729,12.527700282512907,99.99999999999999,77.52480502553277,-40.103754534117456,-540130285.0,-567606709.65,-1.0
2026-09-16,714.9000244140625,725.4000244140625,710.8499755859375,721.5,27476943,739.7080004882812,817.247574157715,710.3132875851893,714.8161406782784,735.9771220082797,689.6628743296109,712.8199981689453,51.65093050628245,32.627657020203344,44.14792438015378,-7.445021576634645,-10.396131090812442,2.951109514177798,21.037805543313162,12.672153750056628,99.99999999999999,94.31795806832193,-31.547117894439204,-512653342.0,-566453313.45,-1.0
2026-09-17,717.5,719.4000244140625,713.0,713.0,21543303,737.6170007324217,815.9440960693362,710.8506300681515,714.6510369802531,734.6505499155521,689.7844476430416,712.2174987792969,47.00127452334226,32.627657020203344,44.14792438015378,-6.699280763377715,-9.656761025325498,2.957480261947783,20.51584265721719,12.374142767909728,93.05005156364835,97.68335052121611,-46.240296091849245,-534196645.0,-567257272.65,-1.0
2026-09-18,715.25,733.7999877929688,715.25,731.0,39400710,735.7380004882812,814.677988586426,714.8805040545213,716.1373063456847,735.477426476451,689.3625698614394,712.4199981689452,56.02846422201014,32.627657020203344,44.14792438015378,-4.602768379619533,-8.645962496184305,4.043194116564772,20.965079482439645,12.975988841128231,93.05005156364835,95.36670104243223,-5.394970652535669,-494795935.0,-567392686.9,1.0
2026-09-21,731.0,742.6500244140625,729.0499877929688,739.5,35482683,734.1690002441405,813.4706124877932,719.8044032436171,718.2611875869861,737.9848875633204,687.9051087745702,712.9449981689453,59.533659208134665,39.78001449527912,44.14792438015378,-2.229685818217831,-7.36270716059101,5.133021342373179,21.858860342361073,13.020563682554341,93.05005156364835,93.05005156364834,-5.185225372942382,-459313252.0,-566324384.25,1.0
2026-09-22,738.8499755859375,749.2999877929688,738.5999755859375,738.5999755859375,35483669,732.7529992675779,812.2287326049808,723.5635177120812,720.1101683141635,740.3265376329173,686.6734562635672,713.4999969482423,58.99737711013927,39.78001449527912,44.14792438015378,-0.4168203935323618,-5.973529807179281,5.556709413646919,23.015248598936925,12.854810005731263,99.40775166243634,95.16928492991102,-15.875397656936963,-494796921.0,-566154671.35,1.0
2026-09-23,735.6500244140625,742.7999877929688,734.0,737.25,23197231,731.1889990234373,810.9810867309574,726.300814169665,721.6683348310577,742.2484936077096,685.7564990680714,714.0024963378905,58.1512298849876,39.78001449527912,44.14792438015378,0.9005754952322604,-4.598708746696973,5.499284241929233,23.608945162177807,12.565179847676799,97.88105242803434,96.779618551373,-17.878329881615272,-517994152.0,-566086996.85,1.0
2026-09-24,725.0,734.8499755859375,722.7000122070312,728.9000244140625,29575194,729.6009997558592,809.7212026977542,726.8206562185445,722.3257611567853,743.8679853847702,685.9270097324172,714.8974975585937,53.08026836740624,39.78001449527912,44.14792438015378,1.2563653841870064,-3.4276939205201775,4.6840593047071835,23.089858368706917,12.70695184376908,90.75418764668817,96.01433057905294,-30.26702442584813,-547569346.0,-565172331.05,1.0
2026-09-25,723.0,739.6500244140625,723.0,735.5999755859375,19853034,727.9209997558594,808.5307244873051,728.5765200920231,723.5325079230719,746.0090037189551,685.3159901775292,715.6624969482422,56.368079453391275,39.78001449527912,44.14792438015378,2.055269631304668,-2.3311012101552087,4.386370841459877,22.904295374871392,12.988599884504325,87.8504972718095,92.16191244884399,-20.326438651031754,-527716312.0,-564089728.6,1.0
2026-09-28,731.5999755859375,733.0,718.0999755859375,719.0499877929688,21675579,726.75,807.2058505249026,726.6712136322122,723.1250060930626,746.3795305314459,685.9504621443355,716.1649963378907,47.51158975324245,41.14065010098093,44.14792438015378,1.3375429396494383,-1.5973723801942792,2.9349153198437175,22.286874192172576,13.310842749896873,76.10050747379925,84.90173079743231,-44.88133002378923,-549391891.0,-560183051.75,1.0
2026-09-29,713.7000122070312,722.7000122070312,706.25,722.7000122070312,42755901,725.975,805.8933242797855,725.8769733471761,723.0863702852415,746.9845539653535,686.4254374897247,716.7049957275391,49.39985466513973,41.14065010098093,44.14792438015378,1.051148841729173,-1.0676681358095887,2.1188169775387617,20.744756486995353,13.535069139692187,69.73248055210166,77.8944950992368,-39.46586059164289,-506635990.0,-556359434.45,1.0
2026-09-30,711.5,720.2999877929688,708.7000122070312,708.7000122070312,39365496,725.0859997558593,804.5373590087894,722.4415811191473,721.7785195508587,746.704531764788,687.4954621316963,717.0999969482422,43.0087840273057,41.14065010098093,44.12297325489235,-0.30202201951021834,-0.9145389125497148,0.6125168930394964,19.312790046473644,13.56827848685703,39.895085931210645,61.90935798570385,-60.23738523075195,-546001486.0,-552656575.05,1.0
2026-10-01,708.4000244140625,721.2999877929688,707.0999755859375,721.2000122070312,37389857,724.565,803.2527471923831,722.1932673367241,721.7259279741471,747.0635893161644,688.591403359617,717.8274963378907,49.314034337273306,41.14065010098093,44.12297325489235,-0.3616057766691938,-0.8039522853736106,0.44234650870441683,18.014764865391495,13.613402324012332,32.557146493856976,47.39490432572309,-65.27290024116337,-508611629.0,-548472754.85,1.0
2026-10-02,721.2000122070312,721.2000122070312,721.2000122070312,721.2000122070312,0,724.1330004882814,802.0187973022464,721.9946163107857,721.6781174498639,747.4263779670528,689.138618370838,718.2824981689454,49.31403433727331,41.14065010098093,44.12297325489235,-0.4041673439398892,-0.7239952970868664,0.3198279531469772,16.809455768672354,12.641016443725738,25.437409727134806,32.62988071740081,-65.27290024116337,-508611629.0,-545013335.85,1.0
2026-10-05,731.9500122070312,734.2000122070312,701.25,704.7999877929688,66056690,723.4380004882814,800.7239974975589,718.5556906072222,720.1437420265097,747.5701503500594,688.4248447671285,717.997497558594,42.20847992930851,38.22871663339159,44.12297325489235,-1.7411714613684808,-0.9274305299431893,-0.8137409314252915,17.164624895259486,14.09165899824756,25.437409727134806,27.810655316042194,-92.61188617099248,-574668319.0,-544247731.85,1.0
2026-10-06,705.5999755859375,714.7000122070312,701.0,711.4500122070312,26568270,722.9590002441407,799.4339196777347,717.1345549271841,719.3534029520117,747.324370496859,689.5156258410318,718.4199981689454,45.62948939688609,38.22871663339159,44.12297325489235,-2.238353121920227,-1.189615048338597,-1.0487380735816298,17.510123341232458,14.063684227446396,19.30066555119032,23.39182833515331,-78.364358492545,-548100049.0,-541159538.6,1.0
2026-10-07,708.5499877929688,711.0,701.7000122070312,702.75,29944008,722.0500000000002,798.0895205688479,714.2576439417473,717.844002683647,745.2421730808784,693.1628256984187,719.2024993896486,42.11689644971689,38.22871663339159,44.12297325489235,-3.296392683062436,-1.610970575283365,-1.685422107779071,17.830943326778787,13.755563925485939,6.58196068762291,17.10667865531601,-96.37681067850134,-578044057.0,-537609846.25,-1.0
2026-10-08,704.0499877929688,705.7999877929688,690.5,692.25,26793233,720.8159997558595,796.6488458251954,709.8561151533979,715.5172751669518,745.4901938939595,692.7598061060407,719.1250000000001,38.286193096341805,38.22871663339159,44.12297325489235,-4.925382166201757,-2.2738528934670432,-2.651529272734714,18.83859496602535,13.865879916020425,6.58196068762291,10.821528975478714,-97.02380890594459,-604837290.0,-536755218.2,-1.0
