Date,Open,High,Low,Close,Volume,MA50,MA200,EMA9,EMA21,BB_Upper,BB_Lower,BB_Mid,RSI,RSI_W,RSI_M,MACD,MACD_Signal,MACD_Hist,ADX,ATR,StochRSI_K,StochRSI_D,Williams_R,OBV,OBV_SMA20,Supertrend_Dir
2025-07-23,80.44939183661978,81.42707877436638,79.68121522303113,80.51922607421875,6175205,85.33601196289062,98.75287353515617,81.59353432794154,82.74778529241217,87.53484072360042,79.00856442776679,83.2717025756836,39.241837756735606,40.843836147180554,66.03776307105622,-1.1300098518728845,-0.9147787685175871,-0.2152310833552974,25.653790030940403,2.145515861084853,16.389606475214784,21.849496372766538,-85.59181850274263,2352708.0,10665849.45,-1.0
2025-07-24,80.80853897239132,81.12778227869201,78.86315126389658,79.06267547607422,7223726,85.11992401123045,98.45068950653071,81.08736255756807,82.41277530910872,87.07212903572383,78.64623110221564,82.85918006896974,35.01678711332877,40.843836147180554,66.03776307105622,-1.2753319234614935,-0.9868893995063684,-0.28844252395512504,27.00957424643142,2.154024086349894,6.380641646374256,13.365188356361621,-96.69972005695404,-4871018.0,8188245.2,-1.0
2025-07-25,79.10257790855937,79.5914175320467,75.22177356714265,75.760498046875,19087592,84.8707144165039,98.17978137969966,80.02198965542946,81.80802283072383,87.19732545700369,77.42163969192215,82.30948257446292,27.727928597574667,40.843836147180554,66.03776307105622,-1.6380761115258906,-1.117126741910273,-0.5209493696156176,29.337339723478728,2.312282649103763,6.380641646374256,9.716963255987764,-93.63206283744314,-23958610.0,5122447.5,-1.0
2025-07-28,75.73057260972735,78.81326501838576,75.28163172318595,76.19945526123047,13112568,84.60294860839844,97.85909118652339,79.25748277658967,81.29815305167898,87.02348104035967,76.58188547575365,81.80268325805666,29.819188824838864,37.04720504210819,66.03776307105622,-1.868593334516362,-1.267420060431491,-0.601173274084871,31.4988362378798,2.399379123824909,3.654530588859954,5.471937960536154,-88.40239958768484,-10846042.0,2992800.95,-1.0
2025-07-29,76.19945886534725,78.80329025181821,75.74054707461919,78.48404693603516,10464692,84.4558969116211,97.55685726165767,79.10279560847877,81.04232522298408,86.4997234430539,76.37337836358678,81.43655090332034,39.61300748445939,37.04720504210819,66.03776307105622,-1.8456568561396693,-1.3830674195731265,-0.46258943656654283,33.50594014410937,2.446762270494489,24.424009096063735,11.486393777099314,-60.4594604851588,-381350.0,1673058.95,-1.0
2025-07-30,78.56385664506392,78.91302781899206,76.56858409534802,76.8179931640625,5860749,84.29368133544922,97.24998432159418,78.64583511959552,80.65829503580939,86.09272510423962,75.91442821607292,81.00357666015627,35.70035466775358,37.04720504210819,66.03776307105622,-1.9395581286099883,-1.494365561380499,-0.4451925672294894,35.25487869237914,2.439453802862315,38.356027006148814,22.144855563690832,-80.65294446252982,-6242099.0,338320.1,-1.0
2025-07-31,76.28924684666529,76.86787771046171,75.23175483524201,75.39137268066406,11844443,84.11550338745117,96.94096645355219,77.99494263180922,80.17948391261436,85.97703648194214,75.13723277464972,80.55713462829593,32.72010712517946,37.04720504210819,59.375824771660405,-2.1048287580973266,-1.6164582007238646,-0.488370557373462,37.22905841302204,2.382073022316414,43.42545572963546,35.401830610616,-97.94436587876996,-18086542.0,-1238446.3,-1.0
2025-08-01,75.42130306666373,75.92012121870695,72.76759445570146,73.08683776855469,7440393,83.83935775756837,96.6245162582397,77.01332165915832,79.53469789951802,86.0468492631704,73.93610056593121,79.9914749145508,28.570915568413053,37.04720504210819,59.375824771660405,-2.3941651843528575,-1.7719995974496634,-0.6221655869031941,39.56073351303806,2.4371054323656343,24.129118456016702,35.30353373060032,-97.0177085104915,-25526935.0,-3498832.95,-1.0
2025-08-04,73.32626965947229,75.11203958903229,73.08683907339798,74.83270263671875,11714562,83.62067596435547,96.32577419281002,76.57719785467042,79.1072437847181,85.85537593508877,73.29554569577064,79.57546081542971,35.26791667221281,35.35926451425146,59.375824771660405,-2.4542980623422324,-1.9084592904281774,-0.5458387719140549,41.72586039162436,2.407683745802204,23.373422028625427,30.30933207142586,-80.70827389266674,-13812373.0,-4914859.9,-1.0
2025-08-05,74.97236556994953,75.36144309781507,73.4759111977404,73.84503173828125,4677682,83.3553045654297,96.00737850189203,76.03076463139259,78.62886087140565,85.69348224440235,72.55258327683792,79.12303276062013,33.36225001720683,35.35926451425146,59.375824771660405,-2.5522300690486617,-2.037213446152274,-0.5150166228963875,43.47423760754021,2.3703871853930947,26.019402779153438,24.50731442126519,-89.93484934860913,-18490055.0,-6284124.25,-1.0
2025-08-06,73.9348276773638,74.42366733897104,72.39846684380859,72.68778228759766,10562288,83.06100189208986,95.70978363037104,75.36216816263361,78.08876281833219,85.62673103380487,71.65761268567758,78.64217185974123,31.232754062565977,35.35926451425146,59.375824771660405,-2.6921883772743485,-2.168208432376689,-0.5239799448976594,45.31817832144941,2.345730993233763,32.916878088392465,27.43656763205711,-97.21955104625309,-29052343.0,-7794135.75,-1.0
2025-08-07,72.47827803315484,74.10442244671584,71.97945988786316,73.7851791381836,6686300,82.77228591918947,95.42989673614497,75.04677035774361,77.69752793831867,85.35656770382633,71.11071211184756,78.23363990783695,35.44098706543186,35.35926451425146,59.375824771660405,-2.6836204839312074,-2.271290842687593,-0.4123296412436144,47.11121220369371,2.3299618193494003,38.16174632019834,32.36600906258141,-83.22522558719771,-22366043.0,-8671565.1,-1.0
2025-08-08,73.7752013019203,74.29397644001145,72.42839381989597,72.7775650024414,3733818,82.48017807006838,95.17041149139399,74.59292928668317,77.25025858051164,85.21460167623947,70.42863105081138,77.82161636352542,33.41878728986659,35.35926451425146,59.375824771660405,-2.7267046525799117,-2.362373604666057,-0.3643310479138546,48.56156992756489,2.296791876546977,42.752599748765704,37.9437413857855,-92.58576146187839,-26099861.0,-9390149.3,-1.0
2025-08-11,72.82744497120865,73.69539123355801,72.07921779684692,73.01699829101562,4495272,82.16352828979493,94.9623544311523,74.27774308754967,76.865416736012,84.78158245111716,69.95978641484966,77.37068443298341,34.376972523379685,35.159707460751726,59.375824771660405,-2.7102864066767722,-2.4319561650682,-0.2783302416085722,49.98697739747168,2.248176273701557,53.0301385641202,44.648161544361415,-89.01799050515591,-21604589.0,-10309467.75,-1.0
2025-08-12,73.36617108754854,73.66545739715664,71.63028613546757,71.81983184814453,4513554,81.85346298217775,94.71324462890621,73.78616083966864,76.40672720075132,84.22531206072357,69.44559248029206,76.83545227050782,31.904643028196023,35.159707460751726,59.375824771660405,-2.76203711080872,-2.497972354216304,-0.2640647565924157,51.411081045610885,2.23296162998638,46.323117150823784,47.36861848790323,-98.00425596579807,-26118143.0,-11730722.85,-1.0
2025-08-13,71.8298116466546,72.62792370949505,71.24120989911434,71.43075561523438,5095065,81.48892654418945,94.48683105468746,73.3150797947818,75.95436614752249,83.37945738039343,69.11722917356164,76.24834327697754,31.12128359947795,35.159707460751726,59.375824771660405,-2.8021437481720852,-2.5588066330074604,-0.24333711516462486,52.819491977299194,2.172515357157404,39.87945303423147,46.41090291639181,-97.73004786883995,-31213208.0,-13703077.1,-1.0
2025-08-14,71.77992672617249,72.28872335607574,70.18371021323759,70.92195892333984,7160882,81.1337680053711,94.27637966156,72.83645562049341,75.4968745816877,82.56064943246552,68.78675962515167,75.6737045288086,30.081134362576883,35.159707460751726,59.375824771660405,-2.8422208355090675,-2.615489473507782,-0.2267313620012854,54.34366762975141,2.167693770420314,25.79027317226057,37.33094778577194,-91.54288177559731,-38374090.0,-15821693.2,-1.0
2025-08-18,71.80986271518677,73.09680681716681,71.58040302200598,72.75761413574219,5410484,80.7648422241211,94.05465499877924,72.82068732354317,75.24785090478358,81.69423439658685,68.79221427284675,75.2432243347168,38.11713695564162,33.92267047428724,59.375824771660405,-2.694796247840614,-2.6313508283743485,-0.06344541946626547,54.770279687786605,2.168204779235075,42.89377655805599,36.187834254849335,-70.51425966208573,-32963606.0,-17408078.7,-1.0
2025-08-19,72.8573779989025,74.77283787416276,72.75761589086288,74.20418548583984,7859206,80.41347473144532,93.84101116180415,73.09738695600251,75.15297223033414,80.61575922684777,69.13742604536905,74.87659263610841,43.616716513401826,33.92267047428724,59.375824771660405,-2.4331867196271446,-2.591718006624908,0.1585312869977633,53.44003779991962,2.157277562034039,66.70998051653964,45.13134341561873,-53.9428457735126,-25104400.0,-18829054.8,-1.0
2025-08-20,74.2041834856646,75.55099854765947,73.87496929914391,75.09207916259766,4714243,80.08485336303713,93.62292785644527,73.49632539732154,75.14743649690354,79.80833186948502,69.44104709780015,74.62468948364258,46.745130388185096,33.92267047428724,59.375824771660405,-2.1296642407484256,-2.4993072534496115,0.3696430127011858,51.52313913167679,2.122902682497005,95.48433835366535,68.36269847608699,-26.567235913844623,-20390157.0,-19657437.8,-1.0
2025-08-21,75.09207720252272,76.06976407670392,72.4383687349347,72.62792205810547,16568740,79.71034072875977,93.37905563354488,73.32264472947833,74.91838972974007,78.67300361014244,69.78724495553138,74.23012428283691,40.09597172326468,33.92267047428724,59.375824771660405,-2.064162987959648,-2.412278400351619,0.3481154123919712,50.38442133854135,2.230652158159306,87.80477592226491,83.33303159748996,-58.47452467197658,-36958897.0,-21623018.05,-1.0
2025-08-22,72.62792246147696,74.41368466123114,72.52815274681578,73.44598388671875,6243020,79.42282196044924,93.13827613830563,73.34731256092641,74.78453465310177,77.77290202986472,70.12567737687354,73.94928970336913,42.99495704822044,33.92267047428724,59.375824771660405,-1.9240626242276733,-2.31463524512683,0.3905726208991567,49.32704053062987,2.206000712177596,80.30322720569534,87.86411382720853,-44.57621779967895,-30715877.0,-22915261.0,-1.0
2025-08-25,73.77519873002994,74.5733107863343,73.33624394928714,74.06451416015625,6994479,79.1722155761719,92.91320938110348,73.49075288077239,74.71907824465218,77.59301600439628,70.13596501367013,73.8644905090332,45.15607290277299,37.1612708921552,59.375824771660405,-1.7430292960810903,-2.200314055317682,0.45728475923659184,48.19490646637152,2.1367911496682797,77.12460289699584,81.7442020083187,-34.067814584468756,-23721398.0,-22903400.4,-1.0
2025-08-26,73.90489818349418,73.9647539252535,71.34097322287177,71.65023803710938,6414011,78.91482543945315,92.63382133483884,73.12264991203979,74.4400927712392,77.320566878127,69.9534924175273,73.63702964782715,38.949186149065,37.1612708921552,59.375824771660405,-1.77392231323401,-2.1150357069009478,0.3411133936669377,47.96469088496588,2.1787018487837226,73.72543967583061,77.05108992617393,-75.0847026226814,-30135409.0,-23867868.75,-1.0
2025-08-28,71.65024029782448,71.97946211061007,69.13620011691884,69.54522705078125,11171055,78.67140213012698,92.34340938568113,72.40716533978808,73.9951049784703,76.5525522822381,69.82762502489079,73.19008865356444,34.496838546363115,37.1612708921552,59.375824771660405,-1.9458317094770337,-2.0811949074161653,0.13536319793913165,48.42129631082777,2.2261704305628305,56.72647878474156,69.192173785856,-94.1007692979429,-41306464.0,-25914124.45,-1.0
2025-08-29,69.73477358067784,70.53287799307084,68.397937082595,70.06399536132812,22471463,78.42917602539065,92.07055583953854,71.93853134409609,73.63773137691192,76.03239908038333,69.67237844647215,72.85238876342774,36.42559216900726,37.1612708921552,59.375824771660405,-2.0169606109972875,-2.06834804813239,0.05138743713510241,49.034180948365425,2.2196540362709025,39.2627189511673,56.57154580391315,-78.28342218858089,-18835001.0,-26543769.55,-1.0
2025-09-01,70.43312198578171,71.58040526491315,69.94428232490974,71.1613998413086,7052642,78.26875625610354,91.79391132354733,71.7831050435386,73.4126103282207,75.66891996096372,69.6128602819562,72.64089012145996,40.422074038378,34.706669416255465,56.39348899199189,-1.9621608390161782,-2.0471106063091478,0.08494976729296955,48.69117997015433,2.1779732436803676,42.20896683202684,46.066054855978564,-63.97907876656224,-11782359.0,-26228560.4,-1.0
2025-09-02,71.24121020726385,71.70012198140584,69.83453940297923,70.11387634277344,11083136,78.04049697875978,91.50549461364744,71.44925930338556,73.11272542045276,75.71380057195758,69.27068352838423,72.4922420501709,37.96849191015166,34.706669416255465,56.39348899199189,-1.9804288655350177,-2.033774258154322,0.05334539261930438,48.27057276481732,2.155659624733671,49.15338632271306,43.54169070196906,-77.63323832124895,-22865495.0,-26095488.4,-1.0
2025-09-03,70.32337713817466,71.67018455353386,70.1837086720699,71.51056671142578,5871614,77.8397724914551,91.233489074707,71.46152078499361,72.96707462872303,75.37768147378847,69.27458903402405,72.32613525390626,42.94154464574054,34.706669416255465,56.39348899199189,-1.8607555364987718,-1.999170513823212,0.1384149773244403,47.88000893129009,2.112848809449867,62.18737982327152,51.1832443260038,-59.42779169523871,-16993881.0,-26254563.8,-1.0
2025-09-04,72.07922222795113,72.38848704339752,69.6948720946482,69.8245620727539,7005387,77.56721817016602,90.98053840637203,71.13412904254568,72.68139166908948,75.28320250334235,68.96702103791742,72.12511177062989,38.888552067046845,34.706669416255465,56.39348899199189,-1.8802852865040336,-1.9753934683593766,0.09510818185534298,46.85925377810282,2.1543321051141135,59.11984434343717,56.820203496473916,-81.40436441991739,-23999268.0,-26530024.45,-1.0
2025-09-05,70.07396751815966,70.54285776979269,68.88678556571402,69.67491149902344,9246925,77.22183624267578,90.69596260070797,70.84228553384123,72.40807528999255,75.30241417117497,68.64652229122734,71.97446823120116,38.5408369342189,34.706669416255465,56.39348899199189,-1.8860965576433273,-1.9575340862161668,0.07143752857283947,46.255312172119346,2.11874211218301,54.34821301179499,58.55181239283456,-83.35501546881856,-33246193.0,-26739716.95,-1.0
2025-09-08,70.9437340325661,71.71301209774448,69.63495137037681,70.90377044677734,19859380,76.8936491394043,90.41329116821285,70.85458251642847,72.2713203042457,75.0767693357221,68.58402625753959,71.83039779663085,43.04430711392661,34.424948235047324,56.39348899199189,-1.7711269359784296,-1.9202526561686195,0.14912572019018988,44.69035673625814,2.1158362989819146,51.88493183169763,55.11766306230992,-67.33720186721453,-13386813.0,-26290755.45,-1.0
2025-09-09,71.43327219798879,71.73299527010687,69.78481054588802,69.99461364746094,11176292,76.55845245361328,90.1185916137695,70.68258874263496,72.06434697181072,75.00456136082488,68.37793909693877,71.69125022888183,40.66989996074493,34.424948235047324,56.39348899199189,-1.7333925675428077,-1.882880638443457,0.14948807090064942,43.22062316296275,2.1038611864988384,51.06706200922189,52.43340228423816,-79.18779234604749,-24563105.0,-26213917.65,-1.0
2025-09-10,70.25437192860348,72.0826658681213,70.10451039511814,70.6140365600586,14886869,76.24402435302734,89.83646678924558,70.6688783061197,71.93250057074235,74.85614690630202,68.28605737836595,71.57110214233398,42.9777979743237,34.424948235047324,56.39348899199189,-1.6346621882188686,-1.8332369483985393,0.1985747601796708,41.55495180711243,2.1027319746532327,66.58292794797241,56.511640596297305,-71.11379754567851,-9676236.0,-25617500.0,-1.0
2025-09-11,70.83383299386237,71.58313304466711,69.95464938932928,70.21440887451172,9747524,75.93217864990234,89.55763130187985,70.5779844197981,71.77631041653956,74.82832443512002,68.15333755218468,71.49083099365235,41.8468128198247,34.424948235047324,56.39348899199189,-1.5705598296101897,-1.7807015246408695,0.2101416950306798,40.09650747387386,2.0688570947021327,66.30595128873576,61.31864708197668,-70.58523290960017,-19423760.0,-25282780.85,-1.0
2025-09-12,71.03364455625433,73.63121658749345,71.00367377325254,72.95185089111328,43056071,75.68166610717773,89.28904113769529,71.05275771406113,71.88317773240989,74.96734641630162,68.16642509859098,71.5668857574463,51.30068345179564,34.424948235047324,56.39348899199189,-1.2840676233404764,-1.6813747443807912,0.39730712104031474,37.32358700907046,2.1651392817221047,82.8394960090866,71.90945841526492,-26.25687080668818,23632311.0,-22540504.9,-1.0
2025-09-15,73.68117278362585,74.54037079807111,73.23159579521179,73.80106353759766,18414288,75.47128311157226,89.01841201782224,71.60241887876843,72.05753098742696,75.23776115504367,68.18392082127471,71.71084098815919,53.80936904260808,38.921743038293606,56.39348899199189,-0.9772312093259501,-1.5405460373698232,0.5633148280438731,35.32175917508161,2.1239521835246564,89.65135151895068,79.59893293892434,-12.03606411919007,42046599.0,-18519470.45,-1.0
2025-09-16,73.9808944986693,76.8182403567544,73.36147038126974,76.38864135742188,30880989,75.31105529785157,88.73423347473144,72.55966337449912,72.45126829379014,75.97606722134532,67.80871747714104,71.89239234924318,60.488349737396526,38.921743038293606,56.39348899199189,-0.5192793071995112,-1.336292691335761,0.8170133841362497,34.627978208877956,2.2191534543789424,99.99999999999999,90.83028250934575,-5.101942119482783,72927588.0,-13224910.75,1.0
2025-09-17,76.86819740183851,77.13794206779258,74.73019518837896,75.04989624023438,21695644,75.14899353027344,88.44510704040528,73.05770994764617,72.68750719801234,76.13499326788214,67.73436250604367,71.9346778869629,55.97845539124319,38.921743038293606,56.39348899199189,-0.2613618512669831,-1.1213065233220054,0.8599446720550223,34.12435987642297,2.232624413309991,93.75259418579981,94.46798190158349,-23.89067089886795,51231944.0,-9408093.55,1.0
2025-09-18,75.52944591438171,78.63654416351264,75.21973765633972,77.56754302978516,75186359,75.0424725341797,88.18902042388916,73.95967656407397,73.1311468190826,76.76580646715192,67.35109569349265,72.05845108032229,61.75364523987582,38.921743038293606,56.39348899199189,0.14452663276132682,-0.8681398921053389,1.0126665248666658,34.266298620020024,2.329340378307725,93.75259418579981,95.8350627905332,-10.964385661495768,126418303.0,-2067670.55,1.0
2025-09-19,77.46763608384641,77.47762888550251,76.02897753634089,76.34867858886719,12650396,74.92334609985353,87.92469448089598,74.43747696903262,73.42364970724483,77.32584240304348,67.16313541067723,72.24448890686035,57.80020092491394,38.921743038293606,56.39348899199189,0.36365205222296026,-0.6217815032396792,0.9854335554626394,34.398098881931574,2.2728564579603354,88.21210111692776,91.90576316284245,-23.465868941227164,113767907.0,5468669.65,1.0
2025-09-22,76.13887510985491,76.42860537824929,74.45044988524685,74.78014373779297,10534961,74.779832611084,87.6492337799072,74.50601032278469,73.54696734638557,77.49300078237881,67.12939301644933,72.31119689941407,53.08990268857001,43.26490483336584,56.39348899199189,0.40606204171862714,-0.41621279424801794,0.8222748359666451,33.2970499335097,2.251806389034771,82.01846944121411,87.99438824798055,-39.553804199730656,103232946.0,12166110.8,1.0
2025-09-23,74.82010685795161,75.88910795498981,73.89097449343997,75.26968383789062,9392547,74.66486557006839,87.38150825500486,74.65874502580589,73.7035779365224,77.66591298959217,67.07699777700942,72.3714553833008,54.34053223668209,43.26490483336584,56.39348899199189,0.4737133857276632,-0.23822755825288172,0.7119409439805449,31.88514367890369,2.233686894214419,71.37332200711818,80.53463085508668,-34.532755779022175,112625493.0,18983455.35,1.0
2025-09-24,76.22879743515944,76.48854930676036,74.45045218569228,75.59938049316406,13673226,74.53614044189456,87.11423400878905,74.84687211927752,73.87592362348981,78.04168042189218,67.09614459031488,72.56891250610353,55.206669372891206,43.26490483336584,56.39348899199189,0.5476187202211946,-0.08105830255806645,0.6286770227792611,30.884300637183582,2.2197161961325373,67.51243089076418,73.63474077969882,-31.151167896960363,126298719.0,26805161.75,1.0
2025-09-25,75.42954319200878,77.31777882902014,74.73019948284708,76.32870483398438,18975097,74.41222503662111,86.83614067077636,75.14323866221889,74.09890373353477,78.43240073156416,67.3837720589632,72.90808639526368,57.143379342019166,43.26490483336584,56.39348899199189,0.6574608103858708,0.06664552003072098,0.5908152903551498,30.363318286957345,2.245992135421146,72.66465285506706,70.5168019176498,-25.63812185870159,145273816.0,36134175.75,1.0
2025-09-26,75.97903328194718,76.20881437775468,71.75297735897142,72.03271484375,20761048,74.1894206237793,86.54320167541502,74.52113389852512,73.91106837991798,78.3857095694536,67.62733516931597,73.00652236938478,44.84400853930706,43.26490483336584,56.39348899199189,0.3933269409476452,0.13198180421410582,0.2613451367335394,28.381702195492277,2.4124018025348466,56.57571916537226,65.58426763706782,-74.60492605215553,124512768.0,43301564.2,1.0
2025-09-29,72.39237922673503,76.11890173493079,72.23253250272992,74.0008773803711,31113853,74.02114349365235,86.2801559448242,74.41708259489432,73.91923283450461,78.47223640455655,67.82475608811924,73.1484962463379,50.138945757550054,39.42854707346532,56.39348899199189,0.3389065112213956,0.1733667456155638,0.16553976560583178,26.541630110560426,2.5319578802952707,46.52867271926915,58.58968157990282,-53.39464372369781,155626621.0,51672013.2,1.0
2025-09-30,74.37053049730547,74.67024594566917,72.23252828542567,72.81198120117188,9135917,73.85003875732421,86.01326076507567,74.09606231614984,73.81857359511073,78.41669488102391,68.15010809749171,73.28340148925781,47.19179552601387,39.42854707346532,57.57716352276423,0.19756651909267475,0.178206700310986,0.019359818781688742,24.832994169429814,2.525226436005858,29.43415189985958,44.17951459483366,-67.08861502976042,146490704.0,60139823.15,1.0
2025-10-01,72.85194520424116,73.6611944507065,72.62216412140207,73.35147857666016,6815107,73.68633193969727,85.75764278411864,73.9471455682519,73.77611041161522,78.44045757211892,68.31043659292014,73.37544708251953,48.666345012752366,39.42854707346532,57.57716352276423,0.1276154153943878,0.1680884433276664,-0.04047302793327859,23.246403652665673,2.419069571241471,30.36972838224415,35.44418433379096,-69.2408663665569,153305811.0,68654807.75,1.0
2025-10-03,73.4314108707857,76.07893945384723,72.74205232960546,75.79920196533203,18386988,73.59971313476562,85.51196880340576,74.31755684766793,73.96002782558946,78.55893648147642,68.78942167282045,73.67417907714844,54.82909347657227,39.42854707346532,57.57716352276423,0.26661609831234045,0.1877939743246012,0.07882212398773925,22.77741543009838,2.4846279678843497,36.168049540650415,31.99064327425138,-41.21906968795247,171692799.0,78439411.1,1.0
2025-10-06,75.92907082094906,76.06893955215308,74.09079171239664,74.37052917480469,9295845,73.47673919677734,85.25725597381592,74.32815131309529,73.99734613006358,78.42157110376147,69.39634881811355,73.90895996093751,50.98190524624152,44.08796859693338,57.57716352276423,0.25851320735628747,0.20193782093093848,0.056575386425348984,22.34192636628589,2.448450815875214,39.31745838350684,35.28507876880046,-61.97390262695761,162396954.0,88221568.45,1.0
2025-10-07,74.39051055908203,75.10983985091434,73.69116687106425,74.39051055908203,8631290,73.38329589843752,85.02573829650879,74.34062316229264,74.03308835088343,78.37086138207933,69.79573255102612,74.08329696655272,51.03365491101458,44.08796859693338,57.57716352276423,0.2508127256395625,0.21171280187266328,0.03909992376689919,21.647508598309415,2.3748952561591334,43.9840476981915,39.82318520744958,-61.68362601826453,171028244.0,97442321.3,1.0
2025-10-08,74.39051306185242,74.99994442003194,73.03178160318413,73.15167236328125,7974634,73.33111938476566,84.79855152130126,74.10283300249037,73.95295962473777,78.10658330387565,70.37571650081188,74.24114990234376,47.673192454831536,44.08796859693338,57.57716352276423,0.14309662063362794,0.1979895656248562,-0.054892944991228265,20.53422272070096,2.3458429390654674,29.877888099268752,37.72646472698903,-79.68066492233237,163053610.0,106823157.05,1.0
2025-10-09,74.08080449189534,74.72020663193348,73.55130030926452,73.91096496582031,14941670,73.28534957885745,84.58384063720703,74.06445939515636,73.94914192847254,77.88168836615992,70.93030427910378,74.40599632263185,49.85275203119872,44.08796859693338,57.57716352276423,0.11764328021176595,0.18192030854223815,-0.06427702833047219,19.50045726292168,2.2903208911788075,30.664838955876352,34.8422582511122,-62.303598798151725,177995280.0,116206732.85,1.0
2025-10-10,74.280614596303,77.59751604690517,74.280614596303,75.96903991699219,23042103,73.2350494384766,84.39827548980712,74.44537549952354,74.13276901833797,77.61731536573657,71.77014038377516,74.69372787475587,55.288959060861764,44.08796859693338,57.57716352276423,0.2605374594025278,0.19764373871429608,0.06289372068823174,20.067921340254504,2.39005161902924,46.77096797503463,35.77123167672657,-27.86321071456037,201037383.0,127229790.0,1.0
2025-10-13,75.43953767876664,76.87818871577758,74.28061650939192,76.33869934082031,23452335,73.22546356201175,84.21829975128172,74.82404026778289,74.33330813856364,77.75400846984732,71.9721321246351,74.86307029724121,56.20724188371449,44.296049844843736,57.57716352276423,0.3990110015878088,0.23791719128899863,0.16109381029881015,20.59485226920641,2.4048745181261273,71.99014938247646,49.80865210446248,-21.538341574908692,224489718.0,137272660.35,1.0
2025-10-14,76.34867828544326,78.21693582944442,74.64027507820713,74.87006378173828,16171894,73.21503738403322,84.0224011993408,74.83324497057397,74.38210410612497,77.76398600389143,72.06905461500506,74.91652030944825,51.667068473493785,44.296049844843736,57.57716352276423,0.38579842164566003,0.26749343736033093,0.1183049842853291,21.651088878182513,2.4885735347769256,77.59541594825714,65.45217776858941,-51.77743735505829,208317824.0,145586221.6,1.0
2025-10-15,75.15979496652506,77.73738138894716,75.02991141075178,77.15792846679688,14589569,73.29645919799808,83.83619606018067,75.29818166981856,74.63445177527696,77.9051129119065,72.00485641792748,74.95498466491699,57.43516008293822,44.296049844843736,57.57716352276423,0.5535578461783217,0.3247063191239291,0.2288515270543926,22.631880015088896,2.5156266828077793,82.62120225582035,77.40225586218465,-16.383263715029027,222907393.0,153085211.85,1.0
2025-10-16,77.1878993154163,78.0970460952309,76.71833672288898,77.24784088134766,9256415,73.34476196289066,83.65882064819336,75.68811351212439,74.87203260310156,78.18854717285514,71.94121662109016,75.06488189697265,57.64906757597991,44.296049844843736,57.57716352276423,0.6858574415321499,0.3969365436055733,0.2889208979265766,23.694752347979456,2.434418303488789,85.15828992022416,81.79163604143389,-14.992283018579688,232163808.0,162131805.05,1.0
2025-10-17,77.61750208955687,78.87632076884482,74.43047656013587,75.38957977294922,23155508,73.375652923584,83.48242958068846,75.62840676428935,74.91908234581499,77.85614860630074,72.055818861961,74.95598373413087,51.84955148313949,44.296049844843736,57.57716352276423,0.6334575780592786,0.4442407504963144,0.1892168275629642,22.872361130649406,2.5780915824330863,81.51361060791103,83.09770092798519,-52.48118457338078,209008300.0,166261304.9,1.0
2025-10-20,75.37958848644644,76.82823994816484,74.63028837178086,76.33869934082031,10137619,73.44867126464847,83.30230422973634,75.77046527959556,75.04813843627001,77.85464402803217,72.0563255154249,74.95548477172854,54.37424358328897,43.698508722212075,57.57716352276423,0.660897906073842,0.48757218161182,0.17332572446202205,22.108712143128646,2.5509387248581494,71.07486527980042,79.24892193597853,-38.19537462010781,219145919.0,171530205.5,1.0
2025-10-21,76.68837006927771,77.66745126948985,76.39863978121805,77.13794708251953,12306411,73.51572662353519,83.11924152374267,76.04396164018036,75.2381210404745,78.1299907593203,72.01675911860943,75.07337493896486,56.445283408661865,43.698508722212075,57.57716352276423,0.7386227931031613,0.5377823039100883,0.20084048919307296,21.855450142387788,2.4636396679875343,67.05254759605796,73.21367449458981,-27.795493210680743,231452330.0,177941174.7,1.0
2025-10-23,77.27781289165965,77.86726624768593,76.42860766428912,76.62841796875,9929257,73.59274368286135,82.93103733062745,76.16085290589429,75.36451167031773,78.27570791967516,72.0069153713405,75.14131164550783,54.73939493452173,43.698508722212075,57.57716352276423,0.7504548089866461,0.5803168049253999,0.17013800406124613,21.726685445533935,2.3904267333739115,75.81657309818664,71.31466199134834,-36.64500212797267,221523073.0,183386053.7,1.0
2025-10-24,76.62841957716235,78.42674284415475,76.52851442283492,77.66744995117188,13512704,73.68575271606447,82.74872661590577,76.46217231494981,75.57386969584992,78.57318219477536,71.91624804204109,75.24471511840822,57.55635229457784,43.698508722212075,57.57716352276423,0.8340584575331462,0.6310651354469492,0.20299332208619703,21.905638320363348,2.355269711084334,85.94552010358996,76.27154693261151,-20.683766220194187,235035777.0,188822906.6,1.0
2025-10-27,78.07707205629772,78.22693360096736,76.57847185415103,76.77828216552734,10910508,73.78492172241212,82.60127696990965,76.52539428506532,75.68336173854787,78.63235544410917,71.90203252586157,75.26719398498537,54.43408328381103,46.7400494785126,57.57716352276423,0.8191241883653646,0.6686769460306323,0.15044724233473228,22.07180884699066,2.3047834279223336,79.22530725533838,80.32913348570499,-35.89741712476497,224125269.0,192765479.25,1.0
2025-10-28,76.92813939586814,77.10797171493128,75.37958289158703,75.58939361572266,7460096,73.86809448242191,82.43476390838623,76.33819415119679,75.67481918192739,78.44677967218115,72.44327617498683,75.445027923584,50.490181457033685,46.7400494785126,57.57716352276423,0.7032486893080119,0.6755912946861082,0.02765739462190364,21.20582008928315,2.2636123847381846,65.02700910810813,76.73261215567882,-56.239286964391425,216665173.0,197373099.5,1.0
2025-10-29,75.62935153794834,77.51758712590959,75.19975252140149,77.0780029296875,10148290,73.99121536254884,82.28527118682862,76.48615590689494,75.80238134081468,78.6044068688894,72.59336153321026,75.59888420104983,54.896627622063235,46.7400494785126,57.57716352276423,0.7231982727638808,0.6851126903016628,0.03808558246221805,20.66276575712656,2.267485400436035,53.5686846634776,65.94033367564137,-33.77109727197287,226813463.0,200932441.6,1.0
2025-10-30,76.77827706666865,76.91814579979831,74.4904133286558,74.60031127929688,13552459,74.02806930541995,82.1351123046875,76.10898698137532,75.69310224431305,78.44044644136942,72.93615496854271,75.68830070495606,47.34377175928648,46.7400494785126,57.57716352276423,0.5329360965484113,0.6546773715510126,-0.12174127500260123,19.587495748866253,2.2903499861928682,30.97788186213831,49.857858544574675,-93.04357870170236,213261004.0,204270956.6,1.0
2025-10-31,74.85007876865087,75.37958292437979,73.24158069807375,73.44139862060547,8597963,74.01281356811525,82.00115673065184,75.57546930922135,75.48840191488509,78.42911698966594,72.95647642464073,75.69279670715333,44.27534595135153,46.7400494785126,57.85932092216264,0.28534807008456653,0.5808115112577235,-0.2954634411731569,18.67571234371455,2.2794680033438093,21.56521056599552,35.37059236387048,-96.45382182634773,204663041.0,206838818.1,1.0
2025-11-03,73.73113102695498,78.02711358510234,73.53131309863618,77.43766784667969,30486532,74.05972534179689,81.92409500122069,75.94790901671303,75.6656079086846,78.62037804047222,72.92906196196924,75.77472000122073,55.085423253789834,42.18661677757897,57.85932092216264,0.40690772470617276,0.5460307539474134,-0.13912302924124065,18.470643202461144,2.4441999291404564,26.94357787571262,26.495556767948816,-25.531841825815825,235149573.0,210011656.8,1.0
2025-11-04,77.92720802425546,78.82636964129794,76.4485858515329,76.8981704711914,14544831,74.14513031005859,81.8193949127197,76.1379613076087,75.77765905073068,78.7084363145294,73.09376781755071,75.90110206604005,53.57444443708998,42.18661677757897,57.85932092216264,0.45447281760772285,0.5277191666794754,-0.07324634907175254,18.66768970937855,2.43945591918507,50.12111650144487,32.876634981051,-35.10632740478336,220604742.0,212922046.2,1.0
2025-11-06,76.89817133350331,77.14793802868955,74.18070847031308,74.62030029296875,9013433,74.1686166381836,81.70769504547117,75.83442910468072,75.67244461820685,78.69567098435758,73.12951212111119,75.91259155273438,47.633463463739986,42.18661677757897,57.85932092216264,0.30484929705862385,0.4831451927553051,-0.17829589569668125,17.426285873632345,2.4771540362701705,58.491056713660015,45.18525036360583,-75.5317977834187,211591309.0,214950199.45,1.0
2025-11-07,74.24065017010558,75.25970255675215,73.05176588205079,74.80013275146484,7558179,74.18332901000977,81.57120521545409,75.62756983403754,75.59314353941213,78.51943390357096,73.47059524071616,75.99501457214356,48.122569183177696,42.18661677757897,57.85932092216264,0.1984944352314102,0.42621504125052617,-0.22772060601911598,16.67583573358662,2.457924224729541,41.20343193969498,49.93853505159995,-69.98282438065586,219149488.0,217754993.35,1.0
2025-11-10,74.80012884695037,75.2297278459012,74.03084319609056,74.1507339477539,4309461,74.23333892822265,81.42443508148192,75.33220265678082,75.46201539471592,78.49171524076645,73.52229080171402,76.00700302124024,46.43589650173878,44.073108214726105,57.85932092216264,0.06110203851541485,0.3531924407035039,-0.29209040218808907,15.978989174972734,2.3679928265210477,23.448551041726446,41.04767989836048,-80.96894416446692,214840027.0,219597230.7,1.0
2025-11-11,74.370530488698,78.72646208042683,74.08080021972127,78.2269287109375,30606710,74.40697296142577,81.28941631317137,75.91114786761216,75.71337115073607,78.79521352277912,73.4445813990959,76.11989746093751,56.69574031595364,44.073108214726105,57.85932092216264,0.27792863714272187,0.33813967999134753,-0.06021104284862566,16.065263461434206,2.5306834718199416,46.25193721662618,36.967973399349205,-10.38064177824375,245446737.0,221817698.4,1.0
2025-11-12,78.92627122328595,79.99527231344456,76.25876489862956,76.78826904296875,23059064,74.54145843505857,81.16665817260741,76.08657210268348,75.81108914093905,78.83294394748306,73.45180794460676,76.14237594604491,52.84818550749254,44.073108214726105,57.85932092216264,0.32987487466640175,0.3364867189263584,-0.006611844259956645,16.624336453460707,2.6168137534624454,58.11252519263961,42.60433781699741,-46.18708576369917,222387673.0,221712596.15,1.0
2025-11-13,76.73831945901776,77.61750313261763,75.34961719888148,75.61936950683594,8658321,74.63061782836913,81.05007709503174,75.99313158351397,75.7936600832933,78.81613353890059,73.543548925699,76.1798412322998,49.88597028562987,44.073108214726105,57.85932092216264,0.2735686889359954,0.3239031129282858,-0.05033442399229038,16.6230649507034,2.59189033776771,66.77169276556157,57.04538505827578,-63.02151297540091,213729352.0,221983172.55,1.0
2025-11-14,75.42954280355808,76.60844192312719,75.05988534646214,75.7892074584961,6635718,74.74412445068359,80.92506717681884,75.9523467585104,75.79325529922083,78.71160544116739,73.51120492260213,76.11140518188476,50.32167843531183,44.073108214726105,57.85932092216264,0.23988489068777596,0.3070994684801838,-0.06721457779240786,16.457108466890485,2.5173664976889487,51.82525984218466,58.90315926679527,-60.57551608120539,220365070.0,221856056.4,1.0
2025-11-17,75.82917130580704,76.4885514272794,75.4395358653291,76.14887237548828,5242709,74.83689056396484,80.81123332977296,75.99165188190598,75.82558412433606,78.60139922094041,73.51151429224316,76.05645675659179,51.28756083140775,45.46805216756135,57.85932092216264,0.23945193796633646,0.29356996237741434,-0.05411802441107788,16.30300601763563,2.412484287993331,49.12780688194992,55.90825316323205,-55.39564161077891,225607779.0,221528254.95,1.0
2025-11-18,76.12888362306558,76.28873796243336,74.11077213333103,74.25064086914062,8731102,74.92541213989256,80.71235046386721,75.64344967935291,75.68240746477284,78.65581768489564,73.3432019379071,75.99950981140137,46.18387969310327,45.46805216756135,57.85932092216264,0.08495805782959565,0.2518475814678506,-0.16688952363825493,15.382616242750139,2.3957329695011174,40.1680243702625,47.04036369813235,-82.73386798247428,216876677.0,221921673.8,1.0
2025-11-19,74.57034323200224,74.63028479917807,73.33150256929629,73.72113800048828,7723099,75.00633666992185,80.61271553039552,75.25898734357999,75.50411024074697,78.70631841963042,73.0309450691391,75.86863174438476,44.84335922469825,45.46805216756135,57.85932092216264,-0.07929188402563625,0.1856196883691532,-0.26491157239478946,14.45873405455903,2.317379345242593,25.465541100148062,38.253790784120156,-90.35973934709627,209153578.0,221422056.75,1.0
2025-11-20,74.03084853455852,74.4204839777187,73.121701707943,73.33150482177734,6554864,75.05489135742187,80.4998093032837,74.87349083921946,75.30660065720427,78.66426318184455,72.69235608085074,75.67830963134764,43.835088354264286,45.46805216756135,57.85932092216264,-0.23815597370654018,0.10086455595401456,-0.33902052966055474,13.71357911942626,2.2446224112806723,6.646452982621781,24.093339484344114,-95.97121508433017,202598714.0,219979375.95,1.0
2025-11-21,73.33150440653455,73.82104500270931,71.39331238169498,71.58313751220703,9266296,75.0866618347168,80.38304962158205,74.21542017381697,74.96810400765906,78.88849376782902,71.96359744921197,75.4260456085205,39.53906256422013,45.46805216756135,57.85932092216264,-0.4993790091350121,-0.01918415706379077,-0.4801948520712213,13.882137826456992,2.2577017119759337,1.5244101936235395,11.212134758797793,-97.79323396042093,193332418.0,218569843.2,1.0
2025-11-24,71.58313801170007,72.53224842633352,70.78388151980624,71.09359741210938,7976408,75.0962530517578,80.24952617645266,73.59105562147545,74.61587613533636,78.89571929389811,71.29898666923665,75.09735298156738,38.404147398191114,40.80681835820356,57.85932092216264,-0.7374016345168286,-0.16282765255439835,-0.5745739819624303,14.311390526606248,2.221320654443887,0.0,2.7236210587484404,-96.6376858908534,185356010.0,216085854.85,1.0
2025-11-25,71.09359708414118,71.52318849037943,70.53411449348658,70.64401245117188,6408924,75.104845123291,80.07340042114261,73.00164698741473,74.25479761859414,78.98728708684622,70.59399190485298,74.7906394958496,37.34400047467507,40.80681835820356,57.85932092216264,-0.951347487360664,-0.3205316195156515,-0.6308158678450124,14.822618593267197,2.133303036047384,0.0,0.5081367312078464,-98.83843013956003,178947086.0,213826945.7,1.0
2025-11-26,70.73392896166064,72.12263113462902,70.68397257524187,71.65306854248047,5181489,75.07886947631835,79.92426792144778,72.73193129842788,74.01827679349289,78.99688205584813,70.19076442852686,74.5938232421875,41.263107404660516,40.80681835820356,57.85932092216264,-1.0276328122209861,-0.46195185805671846,-0.5656809541642677,14.877271934624034,2.086539868005224,6.750653881131876,2.2502179603772916,-88.1731805949427,184128575.0,212200115.8,1.0
2025-11-27,71.73299379282261,72.44233025180121,71.04363531451241,71.37332916259766,7997055,75.03031478881836,79.77862518310549,72.46021087126184,73.77782700886605,78.77274318048288,69.84443592718313,74.308589553833,40.5066683255734,40.80681835820356,57.85932092216264,-1.0980049937720366,-0.5891624851997821,-0.5088425085722545,14.70465160424421,2.037408087239765,12.198342955151887,6.316332278761253,-91.12989461669501,176131520.0,209666018.65,1.0
2025-11-28,71.3833193518933,71.54317369755688,69.9346755501221,70.1045150756836,10637604,74.90463226318359,79.62115139007572,71.9890717121462,73.44388956039491,78.92310597032252,69.24449351698215,74.08379974365234,37.17760185757059,40.80681835820356,57.85932092216264,-1.2418429549829995,-0.7196985791564257,-0.5221443758265738,15.118296027741954,2.0067716629679806,12.198342955151887,10.382446597145215,-98.31183448102524,165493916.0,207277664.25,-1.0
2025-12-01,70.51413095382317,72.92187778635835,70.51413095382317,71.10357666015625,9866187,74.82570587158203,79.47795089721683,71.81197270174822,73.23113384219138,78.98131908874583,68.95249820251391,73.96690864562987,41.270502297237265,39.28221797691613,55.74258903256293,-1.2606872374554996,-0.8278963108162405,-0.4327909266392591,14.560435541903697,2.0646710235184647,14.153811175364668,12.850165695222813,-88.38139389210416,175360103.0,205812517.35,-1.0
2025-12-02,71.1035839795489,71.40330707542626,70.15447354639551,70.65400695800781,5732665,74.68743515014647,79.3297091674805,71.58037955300014,72.99684957999288,78.57084900851035,68.6846021938822,73.62772560119627,40.007377637675646,39.28221797691613,55.74258903256293,-1.2969475804477355,-0.9217065647425395,-0.37524101570519597,14.239915581232397,2.0063969167693423,15.391177636356142,13.914443922290896,-90.63715279092511,169627438.0,202536410.6,-1.0
2025-12-03,70.73392752722215,70.83383267575927,68.49601256416464,68.73579406738281,8915417,74.53517745971679,79.18464611053469,71.01146245587668,72.60948089702832,78.36931689856364,68.06989666344806,73.21960678100585,35.0746786560472,39.28221797691613,55.74258903256293,-1.4635964834066328,-1.0300845484753582,-0.4335119349312746,14.771015875235856,2.0300700021140052,15.391177636356142,14.978722149358983,-97.04427006253977,160712021.0,199541774.55,-1.0
2025-12-04,69.05549723747336,72.19256625601095,68.65586900877393,70.40423583984375,20826668,74.44765930175781,79.07526050567628,70.8900171326701,72.4090040736479,78.26123766372861,67.75636945297059,73.0088035583496,41.79657765250333,39.28221797691613,55.74258903256293,-1.4443876308458528,-1.1129451649494573,-0.3314424658963955,14.375965156341792,2.137686233908506,20.505133757894654,17.095829676868977,-76.1249421696843,181538689.0,198039143.55,-1.0
2025-12-05,70.13448243390947,70.2244024045214,67.38704888579333,68.965576171875,19958374,74.32157714843748,78.96097614288331,70.50512894051107,72.09596517348673,78.19391748247284,67.24023397626738,72.71707572937011,38.13065084200002,39.28221797691613,55.74258903256293,-1.5276425759328305,-1.195884647146132,-0.3317579287866985,14.613319740614116,2.2005077139186424,22.989571077677624,19.628627490642806,-82.2671037766971,161580315.0,195160684.9,-1.0
2025-12-08,70.91376332356323,71.26343517174027,65.63868432800463,66.42794799804688,30628278,74.13814849853514,78.83799423217775,69.68969275201823,71.58069088481038,78.43521809811192,66.22665476565761,72.33093643188477,32.68503905322638,38.101376038307855,55.74258903256293,-1.777893654173198,-1.3122864485515453,-0.4656072056216527,15.547959935175781,2.445096508905571,22.989571077677624,22.161425304416632,-91.22221152315898,130952037.0,190966285.4,-1.0
2025-12-09,66.43794132801413,67.41703013296468,64.88938475942875,67.14727783203125,15322290,73.95451995849609,78.74624347686769,69.18120976802084,71.17765333455773,77.63429957714013,65.91960819873879,71.77695388793946,35.49717284202212,38.101376038307855,55.74258903256293,-1.8963159805203418,-1.4290923549453047,-0.46722362557503705,16.69006074772596,2.4509928563791683,17.57643262959278,21.185191594982676,-76.31025529280342,146274327.0,186007664.9,-1.0
2025-12-10,66.93747385482547,68.0064749980638,65.5487716488133,65.9783706665039,14627114,73.83343307495117,78.64201393127443,68.54064194771745,70.70499127382557,77.14154973682543,65.331368201407,71.23645896911621,33.07886485832082,38.101376038307855,55.74258903256293,-2.0607327225663425,-1.5554204284695123,-0.5053122940968302,17.346134006903068,2.4514721772985486,9.84769829142503,16.804567332898475,-87.80757577635784,131647213.0,181470641.9,-1.0
2025-12-11,66.23812906679024,68.19629899668813,65.6886393012917,66.77761840820312,18204686,73.68896789550782,78.55898983001711,68.18803723981458,70.3479573769508,76.64146672314254,64.94727610522662,70.79437141418458,36.27562119904939,38.101376038307855,55.74258903256293,-2.1023074701583795,-1.664797836807286,-0.4375096333510935,17.823090166897185,2.455485571448397,22.983358116970994,16.802496345996268,-76.49255788403534,149851899.0,178276769.25,-1.0
2025-12-12,66.94746362963485,67.98649394223663,66.13821439617838,66.49787902832031,12579661,73.56268585205078,78.44852870941165,67.85000559751572,69.99795025434803,75.97903423464551,64.68057575070607,70.32980499267579,35.634015991577606,38.101376038307855,55.74258903256293,-2.133237750340413,-1.7584858195139115,-0.3747519308265017,18.26597802974886,2.412113712491958,25.364852173334256,19.398636193910093,-79.97515511686159,137272238.0,174122127.65,-1.0
2025-12-15,66.49788285916756,67.17724857876469,65.63868481313958,65.93840789794922,8696082,73.41442443847656,78.32354797363283,67.46768605760242,69.62890094922086,75.08687187753884,64.55169166005882,69.81928176879883,34.32637153390375,35.60407128544429,55.74258903256293,-2.1777906497680277,-1.8423467855647349,-0.33544386420329286,18.91039327949223,2.349717287715755,29.92868685390778,26.092299048071013,-86.94025460086263,128576156.0,169270546.5,-1.0
2025-12-16,65.74858490787747,66.51787062684824,64.99928479375723,65.36894226074219,10204719,73.20581924438476,78.20439937591554,67.04793729823038,69.24163197754098,74.56678925471233,64.18360442204549,69.37519683837891,32.99897734184439,35.60407128544429,55.74258903256293,-2.233306098729045,-1.920538648197597,-0.31276745053144817,19.799177372286437,2.290350755242559,17.941527855810495,24.41168896101751,-94.02978004829036,118371437.0,164345284.5,-1.0
2025-12-17,65.3689416208593,65.68864269486346,64.1001301271701,64.46977996826172,8998191,73.0078042602539,78.09098075866702,66.53230583223664,68.80782724942468,74.12236738752978,63.70289048600541,68.91262893676759,30.96301164382228,35.60407128544429,55.74258903256293,-2.3230783729706843,-2.0010465931522146,-0.32203177981846975,21.007259827791177,2.2402194561319013,7.153094024648909,18.341102911455728,-95.80978899677993,109373246.0,159356267.9,-1.0
2025-12-18,64.72953954057682,65.39891247399294,63.94027584593063,64.55970001220703,10156497,72.81118804931641,77.98364837646487,66.13778466823072,68.42163386422307,73.59357461480657,63.354502777771536,68.47403869628906,31.41871132535122,35.60407128544429,55.74258903256293,-2.359765839335651,-2.072790442388902,-0.28697539694674923,22.195621499346284,2.184392111269788,2.550623579285528,9.215081819914976,-93.10341105757239,119529743.0,155202819.35,-1.0
2025-12-19,64.85941426498727,65.18910813547815,63.39078867327864,64.06016540527344,9656526,72.62935791015626,77.88918190002444,65.72226081563927,68.02513673159127,73.3591057722649,62.836674409619874,68.09789009094239,30.225112012345306,35.60407128544429,55.74258903256293,-2.401466576905918,-2.138525669292305,-0.26294090761361266,23.529353718332523,2.1568154934790535,1.4021227518368495,3.7019467852570953,-92.39498242595897,109873217.0,151029859.3,-1.0
2025-12-22,64.38984939120499,65.63868283651367,63.64055313515702,63.89031982421875,13302618,72.42894500732423,77.81361942291264,65.35587261735517,67.6492442854665,73.12028829783576,62.35516412525994,67.73772621154785,29.81043321128975,33.283297853619885,55.74258903256293,-2.42031988970858,-2.19488451337556,-0.2254353763330199,24.329463836691787,2.1454807940417386,1.4021227518368495,1.7849563609864088,-94.32465605674803,96570599.0,146590588.75,-1.0
2025-12-23,63.9902292605655,67.07734190154612,63.670524389951865,66.19816589355469,20754927,72.23352752685548,77.74755104064945,65.52433127259508,67.51732806801996,72.75801958752591,62.27284817980812,67.51543388366701,41.545805358353,33.283297853619885,55.74258903256293,-2.223407329937885,-2.200589076688025,-0.022818253249859755,23.816180886938202,2.2355762738669185,32.63593839431228,11.813394632661991,-68.10442897598692,117325526.0,143509510.75,-1.0
2025-12-24,65.98836208770578,66.92747965242395,63.99022858161052,64.18004608154297,13934322,71.99035446166995,77.66964618682866,65.25547423438466,67.21393879652206,72.20485518089725,62.07871034034301,67.14178276062013,35.894182626386595,33.283297853619885,55.74258903256293,-2.2047827472587898,-2.201427810802178,-0.003354936456611668,23.339561005024162,2.2856959022202408,49.916314732496225,27.984791959548446,-89.97468756639138,103391204.0,139472642.2,-1.0
2025-12-26,64.18004741276549,64.87939872776944,60.66333572289495,61.412635803222656,59247417,71.72120590209961,77.56049549102787,64.48690654815226,66.68654761531302,71.90975037899635,61.37774580630641,66.64374809265138,29.889662792705742,33.283297853619885,55.74258903256293,-2.385827181923119,-2.238307685026366,-0.14751949689675303,24.431669940252057,2.4235792666955445,50.14135966623193,44.23120426434681,-92.93119763693039,44143787.0,132873255.55,-1.0
2025-12-29,61.94214318815053,67.97650772954012,61.2827592356899,64.78948211669922,171871693,71.47383697509765,77.47047370910649,64.54742166186166,66.51408711543903,71.44117873525458,61.314814154149715,66.37799644470215,42.52425559448678,30.925570279323196,55.74258903256293,-2.231104144964874,-2.236866977014068,0.005762832049193811,23.40267345373072,2.72859135434945,50.83875460525299,50.29880966799371,-45.22545452784913,216015480.0,135399333.75,-1.0
2025-12-30,64.43980542881282,66.43793893048144,63.051103254935086,63.44073867797852,95495171,71.19769493103027,77.36931859970097,64.32608506508504,66.23469180294262,70.69939974601627,61.29030934517025,65.99485454559326,39.46514205013209,30.925570279323196,55.74258903256293,-2.1920487732862455,-2.2279033362685037,0.0358545629822582,22.44717671624662,2.7756088058635147,58.871271452264295,53.283795241249734,-63.1300080176147,120520309.0,132657344.05,-1.0
2025-12-31,64.23999704578404,71.52318716924322,64.17006267602835,67.72673797607422,164483732,71.04443809509277,77.30765073776249,65.00621564728289,66.3703323641364,70.10336607538711,61.59361611760603,65.84849109649657,51.42396362152965,30.925570279323196,54.22039515094848,-1.7945661446496501,-2.1412358979447332,0.3466697532950831,22.344514394823744,3.1546687833921703,91.97955985186192,67.22986196979306,-34.9585738987764,285004041.0,138426174.2,-1.0
2026-01-01,67.72673962738641,70.5840712995428,67.15727185341258,68.85568237304688,49902209,70.8947777557373,77.25157766342167,65.77610899243568,66.59627327403736,70.12678989247539,61.58218113108418,65.85448551177979,54.00165098732535,30.925570279323196,54.22039515094848,-1.3726389920316961,-1.9875165167621258,0.6148775247304297,22.249185096359643,3.1741066878734596,91.97955985186192,80.94346371866271,-24.562995261719855,334906250.0,147135885.65,-1.0
2026-01-02,68.93560523241491,69.21534270075067,67.29713638449888,67.66679382324219,18210925,70.70535469055174,77.19524671554568,66.15424595859699,66.69359332396506,69.526448883059,61.90877793884038,65.7176134109497,50.93624255317306,30.925570279323196,54.22039515094848,-1.1212667882039682,-1.8142665710504944,0.6929997828465262,22.160665033500116,3.0843995184719115,95.77614148719573,93.24508706363986,-35.51055339065231,316695325.0,153893717.45,-1.0
2026-01-05,67.7067510743704,70.13448360975357,66.49788120760483,67.13728332519531,18916545,70.51553199768064,77.14409963607791,66.35085343191666,66.73392877862236,69.18645893613413,62.06593860109729,65.62619876861571,49.58616128152088,41.472786056630106,54.22039515094848,-0.9537849384600179,-1.6421702445323993,0.6883853060723815,22.41624059267567,3.123842581591685,89.69199179468686,92.48256437791483,-40.38640736216246,297778780.0,160703640.7,-1.0
2026-01-06,67.38704757240218,70.03457591889523,66.28807569902985,69.40516662597656,26747246,70.35028633117673,77.1038430595398,66.96171607072864,66.97676858292728,69.7061236751543,61.843995724870084,65.77505970001219,55.078057787037274,41.472786056630106,54.22039515094848,-0.6307838534021784,-1.439892966306355,0.8091091129041768,22.523305320166124,3.1683181271826633,89.69199179468686,91.72004169218981,-19.50321837946373,324526026.0,170382340.15,-1.0
2026-01-07,69.40516928376569,71.22347048854574,69.09546102619132,69.5550308227539,23079561,70.20582130432128,77.0643358039856,67.4803790211337,67.21115605927515,70.13854302314967,61.652351675947,65.89544734954833,55.42363026270576,41.472786056630106,54.22039515094848,-0.3585769265808665,-1.2236297583612574,0.8650528317803909,23.064604123066097,3.094010365409218,93.91585030749111,91.09994463228827,-18.123234523167643,347605587.0,180448903.15,-1.0
2026-01-08,69.43514148685429,69.43514148685429,66.43794113490374,66.87753295898438,14329615,70.0315840911865,76.98964269638061,67.35980980870384,67.18082668652144,70.20619422887853,61.67461669946619,65.94040546417236,48.27792439544837,41.472786056630106,54.22039515094848,-0.3548126177585402,-1.049866330240714,0.6950537124821738,22.046077320063016,3.095658888440714,90.70048947434782,91.4361105255086,-42.778248240412054,333275972.0,190530341.1,-1.0
2026-01-09,67.03738162729273,67.53691503378862,63.940276031473225,64.8294448852539,15384199,69.78661293029784,76.9075524330139,66.85373682401385,66.96706470458803,70.11725435654333,61.56873921950649,65.8429967880249,43.64274637729866,41.472786056630106,54.22039515094848,-0.5112001695171671,-0.9421330980960047,0.4309329285788376,20.947016982356022,3.1314431822889057,75.36870060295973,86.66168012826623,-61.63751241956581,317891773.0,198932334.8,-1.0
2026-01-12,64.93933943012804,65.019266600311,62.44167252896928,63.13102722167969,25709244,69.5572272491455,76.81013628005981,66.10919490354702,66.61833402432363,70.102750925477,61.246557469908716,65.67465419769286,40.196205465789376,38.59363290805307,54.22039515094848,-0.7633866955446109,-0.906383817585726,0.14299712204111503,20.48726016625463,3.091882531506964,55.4900496584781,73.85307991192855,-77.27693135604977,292182529.0,206677849.35,-1.0
2026-01-13,63.690506881244,64.99928191685228,61.62243896269694,62.62150573730469,23551913,69.34082939147949,76.69954767227172,65.41165707029856,66.254985998231,70.13914954559888,60.8784686337224,65.50880908966064,39.19616487458404,38.59363290805307,54.22039515094848,-0.9929147566211611,-0.923690005392813,-0.06922475122834815,20.348457331219013,3.11223684741042,43.60540564281526,58.15471863475103,-81.96872191038864,268630616.0,213680572.35,-1.0
2026-01-14,62.62150286792201,66.23812717030341,62.44167055184174,64.34989166259766,28613605,69.07907386779785,76.61600740432739,65.19930398875839,66.08179560408252,70.11701515042432,60.7986979690825,65.45785655975341,44.26195513687971,38.59363290805307,54.22039515094848,-1.023552226311665,-0.9436624495765835,-0.07988977673508146,19.615376991026505,3.1611096881997955,44.366178945836815,47.82054474904339,-66.05334835457303,297244221.0,222624211.55,-1.0
2026-01-15,64.34989166259766,64.34989166259766,64.34989166259766,64.34989166259766,0,68.82810829162598,76.53984964370727,65.02942152352625,65.92434979122025,70.11667841262373,60.787045876316704,65.45186214447021,44.26195513687971,38.59363290805307,54.22039515094848,-1.035891529045685,-0.9621082654704038,-0.07378326357528109,18.934659532276317,2.9353161390426674,41.31729138514472,43.096291991265595,-70.0487865662515,297244221.0,232017760.3,-1.0
2026-01-16,64.39984472748104,68.98556528270969,63.85035875214747,67.9565200805664,40137629,68.69483268737794,76.47434251785278,65.61484123493429,66.10909254479718,70.39581899663592,60.84758729914044,65.62170314788818,53.614477065814306,38.59363290805307,54.22039515094848,-0.7460457923862691,-0.9188957708535769,0.17284997846730776,18.721022011991018,3.0924511670083494,58.7852089713533,48.15622643411161,-36.02421770829971,337381850.0,242910365.65,-1.0
2026-01-19,67.9565221140105,68.5759462898149,65.5387822257425,65.99835205078125,12971011,68.51879707336427,76.40976915359498,65.69154339810368,66.09902522715936,70.43763336551467,60.99959159481247,65.71861248016357,48.82435321970279,43.26816997148022,54.22039515094848,-0.6666638666970925,-0.86844939002228,0.2017855233251875,18.52264431458324,3.08850208822721,59.800447579354135,53.30098264528405,-55.80219800771218,324410839.0,253637246.75,-1.0
2026-01-20,65.93840541074927,66.08826694750131,62.84130001439623,63.26090621948242,14658791,68.30100051879883,76.3231782913208,65.20541596237942,65.84101440827963,70.46552203653242,60.90876156332107,65.68714179992675,43.0357438499762,43.26816997148022,54.22039515094848,-0.8152444884778873,-0.8578084097134016,0.042563921235514224,17.200399608673525,3.0998210057184865,57.28164944385668,58.62243533152137,-82.9344664437957,309752048.0,264296319.2,-1.0
2026-01-21,63.260906063974254,63.54064353334406,61.752316954124986,61.96212005615234,13915361,67.97570434570312,76.225205078125,64.556756781134,65.48838764899534,70.52610904102502,60.42456997508825,65.47533950805663,40.577634104695775,43.26816997148022,54.22039515094848,-1.0259701454837256,-0.8914407568674664,-0.13452938861625918,16.37576687536404,3.0061428323971,30.502271294304293,49.1947894391717,-96.46203543295452,295836687.0,273221877.25,-1.0
2026-01-22,62.94120742234779,63.61058033860461,62.00208601694442,62.31179428100586,10921759,67.68617485046387,76.12164754867554,64.10776428110837,65.19960643372357,70.59990215067427,60.163951685385285,65.38192691802978,41.54568717139774,43.26816997148022,54.22039515094848,-1.1514823870756743,-0.943449082909108,-0.2080333041665663,15.580686899161178,2.909165507401041,15.550940583855528,34.4449537740055,-92.81998693106077,306758446.0,283390239.35,-1.0
2026-01-23,62.63149265077816,62.66146724459555,59.78415396204201,61.04297637939453,13573172,67.39464698791505,76.03199796676635,63.49480670076561,64.82173097423912,70.64287570809708,60.08401218557967,65.36344394683837,39.05916389853345,43.26816997148022,54.22039515094848,-1.3379121253508757,-1.0223416913974614,-0.3155704339534142,15.635957763296998,2.906890348483362,7.663943891193393,17.905718589784403,-88.99565009468917,293185274.0,295842313.7,-1.0
2026-01-27,61.33270781460289,61.72234324139871,59.764173305578176,60.89311981201172,12004577,67.09672523498536,75.96564218521118,62.97446932301483,64.46458450494572,70.81223763529249,59.525014027915525,65.168625831604,38.76407209902948,36.62921289689143,54.22039515094848,-1.480682818829493,-1.1140099168838677,-0.3666729019456252,15.69406916220651,2.839124604721732,4.826225662518876,9.347036712522598,-90.14820465506781,281180697.0,299100574.55,-1.0
2026-01-28,61.32271856960646,65.17911304761913,61.25278420155553,64.44979858398438,30894146,66.86274375915526,75.90898889541627,63.26953517520874,64.46324033031287,70.81549480233072,59.6226628514779,65.21907882690431,48.675045624356905,36.62921289689143,54.22039515094848,-1.2919426587613074,-1.1495964652593558,-0.14234619350195166,14.85127901555229,2.9424723640707087,22.246247487290336,11.5788056803342,-51.54957403873999,312074843.0,308678301.25,-1.0
2026-01-29,63.94027419687061,67.73673102621966,62.54157917435913,65.75857543945312,20753501,66.69290245056152,75.86336889266968,63.76734322805761,64.58099806750744,70.59940297574943,59.64193842439706,65.12067070007325,51.76851816228789,36.62921289689143,54.22039515094848,-1.024942468998006,-1.124665666007086,0.09972319700907994,14.907520536273653,3.103378041769982,51.436127252286234,26.16953346736515,-34.99460657630973,332828344.0,311069516.4,-1.0
2026-01-30,65.18910962598063,69.68491028984137,64.45978749782006,68.54597473144531,30274800,66.58939918518068,75.8269471168518,64.72306952873515,64.94145049150178,70.54105080322844,59.669319832757914,65.10518531799318,57.62628992539424,36.62921289689143,54.22039515094848,-0.5817173914006162,-1.016076011085792,0.43435861968517586,15.508733912301434,3.254931238216505,84.76946058561956,52.81727844173204,-11.480352318609977,363103144.0,312479361.1,-1.0
2026-02-02,65.63868096492078,67.1672594611039,63.39078463859795,66.40796661376953,12970736,66.45092842102052,75.74736223220823,65.06004894574204,65.07477013898067,70.38151609691047,59.70297181812861,65.04224395751955,52.372199945370554,46.26538028163716,54.67959275326197,-0.3983853725688107,-0.8925378833823958,0.49415251081358513,15.616984594992811,3.390664013547281,86.57151249346582,74.25903344379054,-33.03125242882562,350132408.0,314151215.25,-1.0
2026-02-03,69.43514351824892,70.07454566892275,67.35708271742155,68.4560546875,32331657,66.38838676452637,75.67866624832149,65.73925009409363,65.38215964339152,70.58714005230426,59.629224998965306,65.10818252563479,56.46688542357663,46.26538028163716,54.67959275326197,-0.08682892603469838,-0.7313960919128564,0.644567165878158,16.48888619286455,3.4103722308048483,88.66606507449545,86.66901271786027,-15.697696692088536,382464065.0,318385479.5,-1.0
2026-02-04,68.12636362675138,71.10357825165096,67.4270123334669,68.7857437133789,25061755,66.34222969055176,75.60707941055294,66.3485488179507,65.69157637702673,70.4600561316064,59.694366628403394,65.0772113800049,57.10617170011401,46.26538028163716,54.67959275326197,0.18455748771353342,-0.5482053759875783,0.7327628637011118,17.54218465967648,3.4293860656176487,87.74691154039861,87.66149636945329,-20.44053060363451,407525820.0,322535469.2,-1.0
2026-02-05,68.44606551179167,72.63215003163666,67.54690390793525,70.98369598388672,34309311,66.34902336120608,75.53356298446651,67.27557825113792,66.17267815946855,70.81228625810107,59.48500301802202,65.14864463806154,61.19723981781856,46.26538028163716,54.67959275326197,0.570414175474582,-0.3244814656951463,0.8948956411697282,18.8655263105141,3.5476617840522033,97.03194547859535,91.14830736449646,-12.81051468185912,441835131.0,327246946.4,1.0
2026-02-06,70.93373864198291,72.48229514011902,70.56408120363268,70.84382629394531,20995424,66.33283851623537,75.4605942726135,67.9892278596994,66.59732798987552,71.52032208418598,59.17359652543317,65.34695930480957,60.79983389745964,46.26538028163716,54.67959275326197,0.8550654037196779,-0.08857209181218148,0.9436374955318594,20.094343557720457,3.431272652083213,98.49034296777842,94.42306666225745,-13.897474138804377,420839707.0,331625133.15,1.0
2026-02-09,71.23346691135865,72.49228560938924,70.43421041097662,72.1725845336914,17503816,66.34882362365724,75.39382040023801,68.8258991944978,67.10416949385879,72.59122846609777,58.83700410836512,65.71411628723145,63.241927310691764,48.83157207004082,54.67959275326197,1.1743362210000612,0.16400957075026706,1.010326650249794,21.168529261209198,3.333187119678171,99.40949650187524,98.31059498274966,-3.571388942712328,438343523.0,337647720.65,1.0
2026-02-10,72.05269636759691,73.43140573118404,71.63308254191877,72.23252868652344,13387936,66.39138389587403,75.32899232864378,69.50722509290293,67.5703839659192,73.51515589911764,58.82322682182962,66.16919136047363,63.35284483603659,48.83157207004082,54.67959275326197,1.415876295494087,0.4143829156990311,1.0014933797950558,22.40157647670705,3.2235539817915355,99.40949650187524,99.10311199050963,-8.771907927858768,451731459.0,345625167.15,1.0
2026-02-11,72.23253245455506,72.62216789550892,71.24345083772624,71.58313751220703,7799430,66.40097511291505,75.28211706161495,69.92240757676376,67.93517974285446,74.14314934461063,59.09139655382686,66.61727294921874,61.19841740904492,48.83157207004082,54.67959275326197,1.5371784676394356,0.638942026087112,0.8982364415523235,23.326901190177534,3.091779915790903,97.07938869765933,98.63279390046993,-13.523353971168584,443932029.0,354390237.8,1.0
2026-02-12,71.23346057383917,72.48229398065772,69.70488208118294,71.55316162109375,12537177,66.41895820617677,75.23160024642942,70.24855838562976,68.26408718633076,74.73239408578559,59.2224788085015,66.97743644714355,61.09513584964717,48.83157207004082,54.67959275326197,1.6123068394862798,0.8336149887669456,0.7786918507193342,23.351650596898292,3.069325057482608,94.01876558247164,96.83588359400207,-13.74268068033555,431394852.0,361097769.35,1.0
2026-02-13,70.98369409627331,70.98369409627331,69.135414551056,69.67491149902344,12930607,66.43774055480958,75.17493448257443,70.13382900830851,68.39234394203008,74.98444200763961,59.50293287029004,67.24368743896483,54.84892394866711,48.83157207004082,54.67959275326197,1.502962313793887,0.9674844537723339,0.5354778600215531,23.080825687827286,3.0227837726651186,82.49057616810704,91.196243482746,-27.48540534894781,418464245.0,367158770.55,1.0
2026-02-16,69.53504645448528,70.4242152800662,68.58593606115386,68.93560791015625,8191543,66.40836799621583,75.12360078811643,69.89418478867806,68.44173157549609,75.0646986603715,59.520585000517144,67.29264183044432,52.570642189764136,47.586584447458435,54.67959275326197,1.3411899653355732,1.0422255560849818,0.2989644092505914,22.544058444820593,2.9381763045399207,60.924767558819894,79.14470310313285,-36.91549006667365,410272702.0,370803313.15,1.0
2026-02-17,69.23532831848537,72.9318722175905,68.95558322781704,72.05269622802734,32146168,66.47011039733887,75.09453668594358,70.32588707654793,68.77000108936257,75.62259291641544,59.568125162197845,67.59535903930664,60.09657696322209,47.586584447458435,54.67959275326197,1.4478176497031399,1.1233439748086136,0.3244736748945263,22.896169839807268,3.0137540190323726,54.61563915680302,66.01032762790999,-12.660527658198827,442418870.0,376703714.7,1.0
2026-02-18,72.05269832104828,74.03084626059612,71.33336902584013,73.72113800048828,25079749,66.61597419738769,75.06114484786985,71.004937261336,69.22010444491944,76.31773083251046,59.91901042420339,68.11837062835693,63.4405268807968,47.586584447458435,54.67959275326197,1.6479535819856892,1.2282658962440287,0.4196876857416605,23.546420104550823,2.9911628201554885,66.14382857116763,60.56141176226352,-2.910775060433135,467498619.0,384591043.25,1.0
2026-02-19,74.43047615097993,75.32963779001048,70.63401928497308,71.31338500976562,20022181,66.6992963409424,75.03686410903929,71.06662681102192,69.41040267808728,76.3627760145642,60.809091737511,68.5859338760376,56.13027499311242,47.586584447458435,54.67959275326197,1.593903676884608,1.3013934523721447,0.29251022451246333,24.507620844403892,3.112909654789911,68.61472035967098,63.124729362547214,-33.640189131312646,447476438.0,392173030.8,1.0
2026-02-20,70.98369448734003,72.0027392020432,70.23439443696955,71.24344635009766,14195356,66.80459785461427,75.00544977188109,71.10199071883707,69.5770430119064,76.30156223288843,61.763470726095946,69.03251647949219,55.92867516856641,47.586584447458435,54.67959275326197,1.5278135883346522,1.3466774795646461,0.18113610877000608,25.167244545126778,3.0168693055244638,54.94880368060523,63.23578420381461,-51.2532231224326,433281082.0,398499162.6,1.0
2026-02-23,71.59312450242881,72.27248255169009,69.05549412999575,69.62496185302734,12747887,66.86154472351075,74.97741579055784,70.80658494567513,69.58139927019012,75.68248201641994,63.240749489927715,69.46161575317383,51.33381360444581,49.449055794521925,54.67959275326197,1.3295127489541727,1.3432445334425513,-0.01373178448837864,25.108173872589635,3.0311635281080265,21.615470347271902,48.39299812918271,-72.18709741911809,420533195.0,404866558.65,1.0
2026-02-24,69.4351407485843,70.08453567572381,67.78667904808385,69.33523559570312,10533828,66.91829185485841,74.95426820755003,70.51231507568073,69.55902075432766,74.62668251770519,65.14076056701161,69.8837215423584,50.53346176838741,49.449055794521925,54.67959275326197,1.1358856349070834,1.3017727537354578,-0.16588711882837437,24.384168427563917,2.978784463788879,10.297665137063042,28.953979721646725,-77.02180602774217,409999367.0,411307492.15,1.0
2026-02-25,69.62496566055906,70.93374069050962,69.39517694959181,70.18444061279297,8828806,67.00321250915529,74.89665834426877,70.44674018310317,69.61587710509724,74.1644776441154,66.17642964348228,70.17045364379884,52.853709325736894,49.449055794521925,54.67959275326197,1.0389817647530606,1.2492145559389785,-0.21023279118591787,24.024707672191926,2.8801930802901374,5.992189903080547,12.63510846247183,-68.21192257911413,418828173.0,416645158.65,1.0
2026-02-26,70.12450110927364,70.71394686239803,68.7357988674884,69.52505493164062,10017221,67.08633476257326,74.83161138534541,70.26240313281066,69.6076205438739,73.79283716073503,66.92471807608139,70.35877761840821,50.85889990038977,49.449055794521925,54.67959275326197,0.8986191139734672,1.1790954675458762,-0.2804763535724091,23.338901718362706,2.8157612884772445,6.832655000214238,7.707503346785941,-76.9536604529703,408810952.0,420444289.05,1.0
2026-02-27,69.33523664198559,69.88471880226115,68.19630111294933,68.4460678100586,7677734,67.1658605194092,74.74660398483272,69.89913606826025,69.50202484079979,73.79921674652266,66.90834779815509,70.35378227233888,47.68721981213536,49.449055794521925,54.67959275326197,0.6923346557837959,1.0817433051934602,-0.38940864940966424,22.41515319016161,2.735236745679714,6.832655000214238,6.55249996783634,-91.25822128245768,401133218.0,422345792.75,1.0
2026-03-02,66.17817787878406,68.06641338350407,64.43980390760633,67.43700408935547,20290476,67.22340660095216,74.63445363998407,69.4067096724793,69.31429568157758,73.62597373922918,67.18449455300717,70.40523414611818,44.86911628146652,46.28987217064468,54.607655817153706,0.4423308130345447,0.9538608067616772,-0.5115299937271325,21.71415338499492,2.826024399734896,0.8404650971336913,4.835258365854056,-72.4770807882384,380842742.0,423881309.45,1.0
2026-03-04,66.53784766088633,66.98743229631432,64.43980889571341,66.43794250488281,12902033,67.27096214294436,74.52553846359248,68.81295623896,69.05280902915078,73.88818092813061,66.72047614584402,70.30432853698731,42.209473980539535,46.28987217064468,54.607655817153706,0.16172082906470564,0.7954328112222828,-0.6337119821575772,21.063224994482994,2.8382508850139794,0.0,2.5577066991159763,-81.6513399666722,367940709.0,423155141.65,1.0
2026-03-05,66.72767199850638,71.03364743587677,66.72767199850638,70.01460266113281,25165455,67.39344779968262,74.42767274856561,69.05328552339456,69.14024481387642,73.88149037673958,66.85005259201043,70.365771484375,52.95966581552629,46.28987217064468,54.607655817153706,0.22534434891380783,0.6814151187605879,-0.4560707698467801,20.31991438213934,2.9637833168696925,16.878095001522496,5.906186699552062,-48.80731135362616,393106164.0,422434158.85,1.0
2026-03-06,69.31525270156551,71.03364883848904,69.03551521365236,69.57501220703125,13018974,67.46098472595214,74.34636465072626,69.15763086012191,69.17976912234504,73.81537248873441,66.77530210233009,70.29533729553225,51.68705212776483,46.28987217064468,54.607655817153706,0.23755676443518325,0.592643447895507,-0.3550866834603238,19.629697877044016,2.894808338867335,31.758151730614266,16.212082244045586,-52.84401621844375,380087190.0,419346761.8,1.0
2026-03-09,67.63681509209465,69.28527673372317,65.6187036357797,68.33616638183594,12962925,67.544107131958,74.26340162277215,68.99333796446471,69.10307796411693,73.78508826243021,66.55482033742337,70.16995429992679,48.173749985605426,47.74092941172841,54.607655817153706,0.14559238866642943,0.5032332360496915,-0.3576408473832621,18.796252825019984,2.9706297840376363,41.12222807213447,29.919491601423744,-64.22018447383877,367124265.0,416660989.7,1.0
2026-03-10,69.02552085045205,70.4342086827999,68.6458782143367,69.7448501586914,16206878,67.71075141906738,74.19062452316278,69.14364040331006,69.16142089089644,73.54154279950905,66.5555923628445,70.04856758117677,52.156115384777664,47.74092941172841,54.607655817153706,0.18425498940968055,0.43943758672168937,-0.2551825973120088,17.579470504088146,2.9083021066752313,39.860631933491575,37.58033724541343,-51.28441527784005,383331143.0,413910370.7,1.0
2026-03-11,69.40517268931194,72.42235110949456,69.22534035815701,71.99275207519531,31936878,67.8548168182373,74.11611768722528,69.71346273768711,69.4188146349236,73.49950884569624,66.57364865552448,70.03657875061036,57.73696737871593,47.74092941172841,54.607655817153706,0.3917662398622923,0.42990331734980997,-0.03813707748751766,16.900688379959735,2.9289241527225394,58.313908537733134,46.432256181119726,-30.642209521734998,415268021.0,412087198.8,1.0
2026-03-12,71.83290372067965,75.9090980529546,70.63401899939453,74.40050506591797,60068640,68.0740121459961,74.05928625106807,70.65087120333328,69.87169558319582,74.10351611157924,66.25137814501258,70.17744712829591,62.74917673463805,47.74092941172841,54.607655817153706,0.7419531705040328,0.49231328798065455,0.2496398825233782,17.284158710209994,3.096506645639506,82.28316552954627,60.152568666923656,-13.153320229811117,475336661.0,413657430.4,1.0
2026-03-13,75.92907769240131,77.12795481758191,71.33337188284251,71.90283966064453,70956744,68.1575341796875,73.98323244094844,70.90126489479553,70.05634504478206,74.1498043513013,66.24005770924558,70.19493103027344,55.40826342084759,47.74092941172841,54.607655817153706,0.8086168796117335,0.5555740063068704,0.2530428733048631,17.945227976165537,3.289226380575213,88.08662844885353,76.22790083871097,-41.18106092850243,404379917.0,412306683.65,1.0
2026-03-16,72.2525067129855,72.88191601848638,69.2353284960729,71.20348358154297,20368200,68.20449020385743,73.9022352790832,70.96170863214502,70.16063036630578,74.24296385716204,66.2997554116368,70.27135963439942,53.52023362814063,50.69860465696658,54.607655817153706,0.7958421852280679,0.6036276420911099,0.19221454313695807,17.723763656402756,3.3147521764208037,73.10922392814487,81.15967263551488,-46.692944291678074,384011717.0,410584057.25,1.0
2026-03-17,71.43327602956683,72.11264175683692,70.28434768785311,71.67304992675781,10071338,68.28461532592773,73.81949563980098,71.10397689106759,70.2981230536196,74.3746861788412,66.44177729161781,70.4082317352295,54.63789639153075,50.69860465696658,54.607655817153706,0.8142223788736231,0.6457465894476125,0.1684757894260106,17.518118216623034,3.2085765973181615,59.945644363539984,73.71383224684612,-42.99211862727282,394083055.0,409774574.9,1.0
2026-03-18,71.83290322921447,74.98995030022192,71.44326779358815,72.56221771240234,25631636,68.39311401367186,73.74539194107051,71.39562505533453,70.50394984078167,74.45085593552648,66.41655968337002,70.43370780944825,56.75831168707171,50.69860465696658,54.607655817153706,0.890274691509191,0.6946522098599284,0.19562248164926266,18.106664207738884,3.232727019412134,62.136601526498815,65.06382327272789,-35.9842591530806,419714691.0,408639365.95,1.0
2026-03-19,71.03364275599816,72.11263665036351,69.30526158698672,70.6140365600586,13791772,68.41729141235352,73.65421468734735,71.23930735627935,70.5139577243523,73.98881143504113,66.56789403981242,70.27835273742677,51.120002243799426,50.69860465696658,54.607655817153706,0.784303793911235,0.7125825266701897,0.07172126724104522,17.817666003858854,3.234457669840955,58.24133031594497,60.10785873532792,-51.33859380882675,405922919.0,405560580.95,1.0
2026-03-20,71.23346615484958,72.41236528814181,70.66399838161455,71.09359741210938,11233604,68.44806274414063,73.57306718826288,71.21016536744537,70.56665224142112,73.96619843852045,66.56852827656746,70.26736335754396,52.37418528985564,50.69860465696658,54.607655817153706,0.7305957934620579,0.7161851800285635,0.014410613433494479,17.63431739345685,3.131877031143974,54.56761421470066,58.31518201904815,-47.55899774748305,417156523.0,404044585.2,1.0
2026-03-23,69.9346745263929,69.9346745263929,66.13821771747887,66.42794799804688,16207486,68.43907104492187,73.45691904067986,70.25372189356568,70.19040640111437,74.0688775417592,65.9842993381236,70.0265884399414,41.277441049967514,49.64666380728737,54.607655817153706,0.30800244049589764,0.6345486321220303,-0.32654619162613263,16.798434613738618,3.2621272213930124,30.956695269554963,47.92187993340019,-84.33073583346145,400949037.0,402427982.95,1.0
2026-03-24,68.03644587296547,70.32430970305829,66.48789694462683,69.51506805419922,18090046,68.53278350830078,73.36109495162958,70.1059911256924,70.12901200594027,74.06597943506918,65.97620806493083,70.02109375,48.98015132572179,49.64666380728737,54.607655817153706,0.21966677025254455,0.5515722597481332,-0.3319054894955886,15.895478463967267,3.307429684508613,28.45394423649605,37.992751240250556,-66.14580430236646,419039083.0,402353277.35,1.0
2026-03-25,70.10451478402899,72.23253192374253,70.10451478402899,70.86380767822266,16122155,68.68743911743165,73.25939447402948,70.25755443619846,70.19581161251139,74.1456061035587,66.0494386046933,70.097522354126,51.94586124146042,49.64666380728737,54.607655817153706,0.25554635166203354,0.49236707813091324,-0.2368207264688797,15.067227336709918,3.2652892691539486,28.51986558367055,29.31016836324052,-54.42706080881937,435161238.0,403611370.9,1.0
2026-03-27,71.43327703294624,73.23160034282546,70.24438508795527,70.6939697265625,29249289,68.8488883972168,73.15400152206414,70.34483749427127,70.24109871378876,74.1797898255392,66.06620779408975,70.12299880981448,51.53958471748778,49.64666380728737,54.607655817153706,0.26719659905370463,0.4473329823154716,-0.18013638326176695,14.5973791748759,3.245426839562252,44.45110936421998,33.80830639479552,-55.90272546308197,405911949.0,402965559.7,1.0
2026-03-30,70.43420456760806,71.03364308202647,67.0873325416872,67.79666900634766,18372015,68.9178239440918,73.03536912918085,69.83520379668656,70.0188778312941,74.2187040294973,65.85445499760232,70.03657951354981,45.06445576430472,49.10481132990563,54.607655817153706,0.04215560609210911,0.3662975070707991,-0.32414190097869,13.953078997936608,3.2954899610463246,38.37227217576882,37.11441570788645,-84.90909041988603,387539934.0,401902008.8,1.0
2026-04-01,69.68490393195427,73.38144775828805,69.53504239904362,72.4023666381836,19790318,69.07887344360351,72.9406131935119,70.34863636498596,70.23555863192043,74.47363202759357,65.99515688231858,70.23439445495607,54.788426825074495,49.10481132990563,54.1093458885158,0.23276711094281666,0.33959142784520263,-0.10682431690238597,13.267476059925531,3.4590105889673297,42.78515185685191,41.86951113228024,-43.00001115908412,407330252.0,402211860.5,1.0
2026-04-02,70.783877725805,72.38238300163827,69.61497145744015,71.65306854248047,17408397,69.15280441284179,72.85976892471308,70.60952280048487,70.36442316924406,74.51463124798352,66.37576410724111,70.44519767761231,53.14041965974331,49.10481132990563,54.1093458885158,0.319680924932797,0.3356093272627215,-0.01592840232992454,12.630844760343818,3.411038059808481,45.270333563887704,42.14258586550281,-49.81817331235436,389921855.0,402665816.15,1.0
2026-04-06,71.37333028002266,73.38144893756464,69.76483222029893,72.81198120117188,17152455,69.28907699584961,72.79085466384883,71.05001448062227,70.58692844487386,74.4963611195527,67.03143810530084,70.76389961242677,55.376143347077765,50.50111187509945,54.1093458885158,0.47658157903785536,0.3638037776177483,0.11277780142010707,12.342788232156646,3.4257222496268547,69.74851955051714,52.60133499041892,-39.27276491782107,407074310.0,404622496.2,1.0
2026-04-07,72.07267881595483,73.82104572744691,71.98276646205572,72.57221221923828,10484050,69.47530311584472,72.73111700057981,71.35445402834547,70.76740878799791,74.69081064577057,67.0927495348935,70.89178009033203,54.79366861789551,50.50111187509945,54.1093458885158,0.5749514424811508,0.4060333105904288,0.16891813189072202,12.2097347965328,3.312333465038593,77.87675454438349,64.29853588626277,-27.313727096739846,396590260.0,404796701.0,1.0
2026-04-08,75.42953974359469,76.32870134446328,74.57034172746185,75.09984588623047,22442676,69.73805763244629,72.69803426742553,72.10353239992247,71.16126670601905,75.34824484163298,66.98779870695103,71.168021774292,59.61612379113117,50.50111187509945,54.1093458885158,0.8471042896400292,0.49424750640034887,0.3528567832396803,12.80418337058768,3.3440588693376228,92.79366239013159,80.13964549501074,-12.058853173354834,419032936.0,406743988.3,1.0
2026-04-09,75.31964260941042,81.43393393946793,75.17977387245293,79.53570556640625,77596073,70.08253585815429,72.68483629226684,73.58996703321924,71.9225793296906,77.13228555874512,66.32371190829589,71.72799873352051,66.39192848575236,50.50111187509945,54.1093458885158,1.4045335969193786,0.6763047245041549,0.7282288724152237,14.477531266909017,3.557632382473326,95.76974035627472,88.8133857635966,-12.41019606739826,496629009.0,413219225.5,1.0
2026-04-10,80.32496863625092,84.7208638832419,80.16511429673969,84.32123565673828,65713388,70.54810104370117,72.71053052902221,75.73622075792305,73.04972990487676,80.1723278650172,64.74130815182849,72.45681800842284,71.87456084311363,50.50111187509945,54.1093458885158,2.2070115674135025,0.9824460930860245,1.2245654743274779,16.580099667473952,3.673884234927778,99.99999999999999,96.18780091546876,-2.150545314907326,562342397.0,422169788.2,1.0
2026-04-13,82.17323853248774,89.71619539197837,81.61376360288367,85.91973876953125,71995655,71.04863342285155,72.73249502182006,77.77292436024469,74.21973071075443,82.93069279651873,63.37564188976055,73.15316734313964,73.43356383670015,64.39556342999974,54.1093458885158,2.9380984129247167,1.373576557053763,1.5645218558709537,19.192298653463393,3.990209060225416,99.99999999999999,98.58991345209157,-16.10170590055795,634338052.0,433123289.75,1.0
2026-04-15,87.81796959649604,91.11488532617729,87.42833417046349,88.03776550292969,34514977,71.52039276123047,72.7649498939514,79.8258925887817,75.47591569186127,85.66538104121747,62.00467968876299,73.83503036499023,75.38082319008379,64.39556342999974,54.1093458885158,3.6463640465402136,1.8281340549510532,1.8182299915891604,21.77623953003754,4.076276024255461,99.99999999999999,99.99999999999999,-12.319977474400778,668853029.0,442799108.15,1.0
2026-04-16,88.81703636554991,91.9640981796499,86.75895365965124,91.3946304321289,58647228,72.03311386108398,72.804661655426,82.13964015745114,76.92307157734015,88.95478001731921,60.6644597898097,74.80961990356445,78.11834607185678,64.39556342999974,54.1093458885158,4.427503109433886,2.34800786584762,2.079495243586266,24.271278554205264,4.156909488237117,99.99999999999999,99.99999999999999,-2.2352930182468533,727500257.0,458955125.15,1.0
2026-04-17,91.41461214047706,96.11022304850968,90.9350567229884,95.40088653564452,57350410,72.57021209716795,72.84694604873657,84.79188943308982,78.60287293718599,92.76606369241587,59.27291641012319,76.01949005126953,80.85449968326608,64.39556342999974,54.1093458885158,5.308638154324086,2.9401339235429136,2.3685042307811726,27.009514413485686,4.2296421194717,99.99999999999999,99.99999999999999,-2.4440588117796813,784850667.0,478997072.65,1.0
2026-04-20,96.90948054864258,97.39902115119772,92.83328613539494,93.2129364013672,35534087,73.10631149291991,72.87644510269165,86.4760988267453,79.93106052483883,95.36726306714792,58.82570568285209,77.096484375,75.31553862985972,71.84059325240116,54.1093458885158,5.763951490414513,3.5048974369172337,2.2590540534972794,29.668692067555103,4.25364875492392,94.84124591935108,98.28041530645035,-13.810133786202528,749316580.0,496758748.9,1.0
2026-04-21,93.86231867324987,99.40714221772096,93.15298219119336,97.74868774414062,40345376,73.69216415405273,72.9314163017273,88.73061661022436,81.55084481750262,98.66855962871846,58.04305612445539,78.35580787658692,78.58998309405557,71.84059325240116,54.1093458885158,6.4168187242061805,4.087281694375023,2.3295370298311573,32.31217744567702,4.396542417181326,92.73217093531548,95.85780561822219,-5.131386880691114,789661956.0,515256112.15,1.0
2026-04-22,97.74869128312687,101.4052794010078,97.17922351650482,100.27633666992188,49463580,74.32197601318359,73.00112077713013,91.03976062216387,83.25316225863163,102.01747774390103,57.66036802025914,79.83892288208008,80.16874410027454,71.84059325240116,54.1093458885158,7.056834064142805,4.68119216832858,2.3756418958142254,34.92897398851082,4.384364807704302,91.90737287549715,93.1602632433879,-3.5423104353329737,839125536.0,536916243.0,1.0
2026-04-23,99.25728061359884,99.80677037791808,96.69967215918446,97.65877532958984,25959845,74.85547760009764,73.06038118362427,92.36356356364908,84.56276344690056,104.301801061572,58.03256249433623,81.16718177795411,74.07692335497593,71.84059325240116,54.1093458885158,7.269042510572163,5.198762236777297,2.0702802737948662,37.15007302201679,4.326671929349525,88.91434234878213,91.18462871986492,-11.785051211421226,813165691.0,556716701.4,1.0
2026-04-24,98.10835333805504,100.84580176397743,96.12021260864566,100.12647247314452,31438140,75.44113052368162,73.13362615585326,93.91614534554817,85.97764608565001,106.37222507220294,59.33199093121503,82.85210800170898,75.93358636892867,71.84059325240116,54.1093458885158,7.54931793149899,5.668873375721636,1.8804445557773546,39.306690076835295,4.355166016919686,84.72928022722061,88.51699848383329,-4.041684115776256,844603831.0,578899441.1,1.0
2026-04-27,101.6550464342575,107.7993087505619,101.6550464342575,106.59043884277344,54279670,76.12948760986326,73.24497728347777,96.45100404499323,87.85153633629758,109.60391332233208,59.80783975994332,84.7058765411377,79.97870002080381,74.30817501584251,54.1093458885158,8.198518864201233,6.1748024734175555,2.0237163907836777,41.8190426357778,4.592142464098093,84.43387908813975,86.02583388804749,-3.375172003067428,898883501.0,602891662.0,1.0
2026-04-28,107.09995188188536,108.69846476971672,105.2217091476402,107.1399154663086,32108858,76.82763534545896,73.35867670059203,98.58878632925631,89.60502534811677,112.43642535485063,60.60293850623333,86.51968193054198,80.28209950498004,74.30817501584251,54.1093458885158,8.657554552222038,6.671352889178452,1.9862016630435857,44.20577900376257,4.512471975382267,91.68728963715894,86.95014965083976,-4.566759506458795,930992359.0,627683218.05,1.0
2026-04-29,107.58949911350244,108.09901766023076,104.51237174086498,107.0000457763672,28019806,77.53597351074217,73.47791200637818,100.27103821867848,91.18639084159408,114.66709193045774,62.00287953560671,88.33498573303223,79.94997572185872,74.30817501584251,54.1093458885158,8.907378611135059,7.118558033569774,1.7888205775652848,46.115658070264004,4.446341542809661,95.89667996420522,90.67261622983463,-5.067080330061957,902972553.0,652536248.25,1.0
2026-04-30,106.70033286915776,119.3884776546782,106.70033286915776,115.92171478271484,234723195,78.42334457397459,73.64305261611939,103.40117353148577,93.43505665442324,117.9517557016413,63.53072034205987,90.74123802185059,84.38686465496485,74.30817501584251,73.44700435718121,9.713301214936422,7.637506669843104,2.075794545093318,48.502498748301754,5.035041774431859,97.01687916310442,94.86694958815619,-8.838515046062989,1137695748.0,690044038.95,1.0
2026-05-01,115.92171478271484,115.92171478271484,115.92171478271484,115.92171478271484,0,79.34828063964842,73.81113618850708,105.90528178173159,95.47929830244975,120.90217815239106,64.93223270576325,92.91720542907716,84.38686465496484,74.30817501584251,73.44700435718121,10.234029167032233,8.15681116928093,2.077217997751303,50.718850806479665,4.675395933401012,97.91525322144912,96.94293744958624,-9.177469529511006,1137695748.0,726562313.75,1.0
2026-05-04,122.235819662974,128.37009673750848,119.26859009092404,125.92237854003906,180555133,80.4880160522461,74.03096899032593,109.90870113339308,98.24685105132151,125.40145792141337,65.8598839364968,95.63067092895508,87.87502594369863,80.46888105139783,73.44700435718121,11.323153541286644,8.790079643682073,2.53307389760457,53.17790610825531,5.230609220643341,99.99999999999994,98.31071079485116,-5.882362310714628,1318250881.0,772978765.05,1.0
2026-05-05,125.88240696161937,133.27549460599036,125.38287360066056,128.6498260498047,136578601,81.61995864868166,74.26912794113159,113.65692611667541,101.01075786936543,129.62176224797884,67.22336409479462,98.42256317138673,88.6216435505268,80.46888105139783,73.44700435718121,12.264991487236074,9.485062012392873,2.7799294748432004,55.57193962666684,5.420752919549517,99.99999999999994,99.30508440714966,-9.944136993165042,1454829482.0,825366523.65,1.0
2026-05-06,128.77969661792343,142.81658735617518,127.88054265023342,141.32798767089844,167554753,82.97209564208985,74.56558969497681,119.19113842752002,104.67596057859569,136.07290606818134,67.64779781975814,101.86035194396975,91.30260783348021,80.46888105139783,73.44700435718121,13.874490047286713,10.362947619371642,3.511542427915071,57.96532618421432,6.100416618577534,99.99999999999999,99.99999999999996,-2.8692285426223263,1622384235.0,886656222.4,1.0
2026-05-07,143.81565942865038,147.53218905680427,140.07915944104187,146.10353088378906,130722218,84.46789855957034,74.88348497390746,124.57361691877384,108.44210333361326,142.54224378965614,68.27882859803917,105.41053619384766,92.06137409080357,80.46888105139783,73.44700435718121,15.358334360066522,11.362024967510619,3.9963093925559026,60.25569537954408,6.197031832662168,99.99999999999999,99.99999999999997,-2.6118589161977956,1753106453.0,953359898.25,1.0
2026-05-08,145.86374457510297,146.81285493267507,137.67140032595898,141.0182647705078,71352732,85.86339492797855,75.17271162033079,127.86254648912063,111.40357255514913,146.7593660855374,70.20996222256811,108.48466415405275,83.68874941493699,80.46888105139783,73.44700435718121,15.94020443813578,12.277660861635653,3.662543576500127,61.76211623219098,6.40734774509459,84.4817340659968,94.82724468866559,-11.97870410724181,1681753721.0,1012616133.85,1.0
2026-05-11,139.170001789849,151.65833620665978,137.5215325001007,148.3214569091797,112674256,87.4373248291016,75.50224523544308,131.95432857313244,114.759743860061,152.09526059902754,71.27408983432208,111.68467521667482,85.7001532711364,86.15114880700249,73.44700435718121,16.797021627877427,13.181533014884009,3.6154886129934187,63.28102008745714,6.959451742342053,72.6915105499408,85.72441487197919,-6.008267981166382,1794427977.0,1074220412.85,1.0
2026-05-12,150.39950871174648,153.40670952320858,146.5630958750863,147.64208984375,98852575,89.00346191406256,75.83361959457395,135.09188082725595,117.74904804039636,156.30820643798398,73.23337910278751,114.77079277038574,84.65437914259347,86.15114880700249,73.44700435718121,17.222703573277457,13.9897671265627,3.2329364467147563,64.73245150915085,6.951177592754926,58.962993886646615,72.04541283419474,-10.062789644924408,1695575402.0,1127282280.35,1.0
2026-05-13,148.86094337812236,154.55562071347637,145.86374317587828,153.31678771972656,72932114,90.66610885620122,76.19251943588255,138.73686220575007,120.98247892033547,160.9631197993341,75.10636796311707,118.03474388122558,86.1722371819198,86.15114880700249,73.44700435718121,17.812627394414875,14.754339180133137,3.0582882142817382,66.10760070321524,7.075513303100867,62.3094376826884,64.65464737309193,-2.120004007719767,1768507516.0,1182265004.7,1.0
2026-05-14,153.85628674404873,155.1550766291097,141.8674851795774,151.4485321044922,91824844,92.30457839965825,76.54911138534544,141.2791961854985,123.75212011889516,164.5175686640534,77.55730926563407,121.03743896484374,83.25263996824971,86.15114880700249,73.44700435718121,17.922790881618795,15.388029520430269,2.534761361188526,66.32608780857062,7.519233170703112,49.85601386693129,57.0428151454221,-6.928116696603559,1676682672.0,1229724125.45,1.0
2026-05-15,152.49755078842105,153.106982126406,146.06355836629774,147.75198364257812,31370839,93.89069671630865,76.88527517318724,142.57375367691444,125.93392589377544,166.9395606142363,80.37042702614454,123.65499382019043,77.64700188418888,86.15114880700249,73.44700435718121,17.50997161814587,15.81241793997339,1.6975536781724792,66.5289686921149,7.485246784232051,30.25119719689216,47.47221624883728,-14.6182811579047,1645311833.0,1272747183.75,1.0
2026-05-18,147.1625457208682,147.8618894463667,136.97206719982586,139.5596466064453,50784047,95.33314956665045,77.1877600288391,141.9709322628206,127.17262777674543,167.31357526976404,84.63108339112463,125.97232933044434,66.89654717759691,87.22508443130113,73.44700435718121,16.333474122592165,15.916629176497146,0.41684494609501854,64.59964824398392,7.728430745825536,9.089686001520235,29.732299021781227,-30.795017874893205,1594527786.0,1315007744.05,1.0
2026-05-19,139.86935552073422,142.36702258360447,134.80407939984937,138.0410614013672,46887470,96.76521194458013,77.49916284561155,141.18495809052993,128.1606671971656,167.4201026604822,88.55379336612913,127.98694801330566,65.09733900412272,87.22508443130113,73.44700435718121,15.104439668148203,15.75419127482736,-0.6497516066791569,62.378925295341254,7.7166102056776475,0.0,13.11362773280413,-35.319586690059666,1547640316.0,1352906662.05,1.0
2026-05-20,138.07102542241,142.0672925272239,135.48344613073482,139.2099609375,27652548,98.14911911010748,77.81421537399291,140.78995865992397,129.1651484462869,167.40196445841065,92.46529399495849,129.93362922668456,65.85851112707971,87.22508443130113,73.44700435718121,14.062636116487354,15.415880243159359,-1.3532441266720046,60.316825414458776,7.635698505021322,0.9409720769536959,3.3435526928246433,-40.64172668668434,1575292864.0,1389715028.45,1.0
2026-05-21,140.76850866386093,146.0635658521386,138.82033141621108,141.6177215576172,40951694,99.58997329711919,78.12988374710082,140.95551123946262,130.29720054731692,166.6710857558553,97.59206732031656,132.13157653808594,67.43397999203931,87.22508443130113,73.44700435718121,13.278222373440627,14.988348669215613,-1.7101262957749856,58.80243717350251,7.607665357228908,3.8295617364823147,1.5901779378120033,-37.722709513754815,1616244558.0,1429868971.8,1.0
2026-05-22,142.6067895941474,148.8409561920019,140.98829113585575,148.07168579101562,44851554,101.18468368530277,78.48615221023559,142.37874614977324,131.91306284219863,166.25618646726394,102.80148794069504,134.5288372039795,71.26205943050888,87.22508443130113,73.44700435718121,13.02718057772421,14.596115050917334,-1.5689344731931243,57.65435854482787,7.625165335722997,11.450479014588183,5.407004276008064,-23.79196067998548,1661096112.0,1470693585.85,1.0
2026-05-25,158.751708426385,162.87785918875014,154.85535400410163,162.6880340576172,106724688,103.04354736328129,78.92263551712036,146.44060373134204,134.71078749814575,168.57642234849382,106.09101158094958,137.3337169647217,77.66522634879536,87.27553652999646,73.44700435718121,13.848014011718334,14.446494843077534,-0.5984808313592005,57.587170367842894,8.138094483009533,26.04611252389146,13.775384424987319,-0.5423991034399278,1767820800.0,1514140450.8,1.0
2026-05-26,163.21752893462622,168.08299433959678,159.85067888878672,161.6490020751953,73548899,104.83667236328128,79.36544633865356,149.4822834001127,137.15971609605936,169.67961925898743,110.43872333134458,140.059171295166,76.36267447506431,87.27553652999646,73.44700435718121,14.250419261842808,14.40727972683059,-0.1568604649877816,57.799488312455345,8.144824552138143,37.08389483196969,24.860162123483107,-19.333539798549403,1694271901.0,1552304427.9,1.0
2026-05-27,162.33836459090298,176.27534295306444,161.03957474382884,173.7576904296875,79961509,106.82381607055667,79.8600712776184,154.33736480602767,140.48680467184371,172.37024334659543,114.42386370906858,143.397053527832,80.47284826871672,87.27553652999646,73.44700435718121,15.369231343502776,14.599670050165027,0.7695612933377483,58.36536298205481,8.651320527645105,53.78181274645402,38.970606700771725,-6.070836303664439,1774233410.0,1595867470.75,1.0
2026-05-28,173.7576904296875,173.7576904296875,173.7576904296875,173.7576904296875,0,108.86091308593753,80.35963457107543,158.22142993075965,143.5114306498295,175.26067615145774,117.31702846890357,146.28885231018066,80.47284826871672,87.27553652999646,73.44700435718121,16.070645580204996,14.893865156173021,1.1767804240319748,58.89081803239717,8.03336906138474,62.56404235278725,51.14324997707031,-6.070836303664439,1774233410.0,1627694353.85,1.0
2026-05-29,174.83668711800027,188.90354925946875,170.16106188845686,179.77207946777344,111112652,111.03228500366212,80.89505605697632,162.53155983816242,146.80785326964258,178.43545850244647,120.52728258642077,149.48137054443362,82.25074213069092,87.27553652999646,73.44700435718121,16.9168257107996,15.298457267098339,1.6183684437012609,59.915286365071616,8.798306083500965,75.76853001710614,64.03812837211579,-16.879037475580095,1885346062.0,1665076869.55,1.0
2026-06-01,179.83202273047277,187.82455707404927,177.84387432447028,182.10989379882807,61616434,113.24102188110353,81.43667963027953,166.44722663029555,150.0171296813867,182.4965450778888,122.08494753685733,152.29074630737307,82.90237921717227,91.04995593213535,83.42595767639439,17.573495324303423,15.753464878539356,1.8200304457640666,60.86657838826932,8.882761559649396,79.61122307618044,72.64793181535794,-12.557711708209474,1946962496.0,1696512450.3,1.0
2026-06-02,179.8320151466415,191.2113848286387,176.33528151879014,189.7627410888672,64857457,115.58503234863282,82.02160551071165,171.11032952200986,153.63036708206675,187.7659173327564,122.92686678589601,155.3463920593262,84.86167951056066,91.04995593213535,83.42595767639439,18.49819585574909,16.302411073981304,2.1957847817677845,61.85273317544019,9.310857398949336,88.62572121692357,81.33515810340337,-2.56818461502355,2011819953.0,1724361973.85,1.0
2026-06-03,189.7227727693433,199.24387782994825,188.82361877774508,199.22390747070312,65716679,118.1572297668457,82.65264005661008,176.7330451117485,157.7752343901246,195.3852759422464,121.09710015638646,158.24118804931643,86.86560557160232,91.04995593213535,83.42595767639439,19.76660759767492,16.995250378720026,2.7713572189548934,62.98691634366017,9.390100374181753,94.82819491833115,87.68837973714504,-0.03099072270809078,2077536632.0,1747119593.7,1.0
2026-06-04,199.81336088607512,208.784976521386,193.47928100467843,196.8960876464844,78777077,120.6732795715332,83.27802133560179,180.7656536186957,161.33167559524824,201.22930128207,120.33233049283243,160.7808158874512,83.92206827888769,91.04995593213535,83.42595767639439,20.349421966793983,17.66608469633482,2.6833372704591625,64.25292117204027,9.812642884362168,95.49261722549207,92.9821777869156,-16.070214524933913,1998759555.0,1759402248.8,1.0
2026-06-05,195.8170871873193,196.8161539586832,187.0552673339844,187.0552673339844,43262952,123.08582595825196,83.85614389419554,182.02357636175344,163.67018393513334,204.0324374379772,122.13289459327285,163.08266601562502,72.70559901552967,91.04995593213535,83.42595767639439,19.789117963633203,18.090691349794497,1.6984266138387056,64.28690818167506,9.814655557800585,73.80966800798787,88.04349338393702,-29.372054182722053,1955496603.0,1773089392.9,1.0
2026-06-08,177.70399475097656,177.70399475097656,177.70399475097656,177.70399475097656,4280312,125.2496044921875,84.39005407333372,181.1596600395981,164.9459849183918,205.37985662046933,123.72372919496038,164.55179290771486,63.95782108185636,91.66190995996048,83.42595767639439,18.378645869479413,18.14828225373148,0.23036361574793318,62.8857670508944,9.781556773886816,40.47633467465454,69.92620663604482,-42.40154551312544,1951216291.0,1780928808.6,1.0
2026-06-09,172.83855298912752,184.52763126954017,170.94033220440767,177.8438720703125,66709753,127.3892057800293,84.91548536300657,180.496502445741,166.11852011402095,206.4886974144051,125.63506662368084,166.06188201904297,64.02754170789545,91.66190995996048,83.42595767639439,17.07529018734607,17.9336838404544,-0.8583936531083296,61.92983807096736,10.053395508975793,11.751835256554235,42.01261264639888,-44.223913956200356,2017926044.0,1797046340.7,1.0
2026-06-10,175.91567543256122,176.2353688658742,168.95217895507812,168.95217895507812,15620529,129.35436996459958,85.38922533035277,178.18763774760842,166.37612546320796,206.83509350484601,126.8522096567751,166.84365158081056,56.5401729899863,91.66190995996048,83.42595767639439,15.150243519076497,17.37699577617882,-2.226752257102323,60.75737806651296,9.970416766565691,0.1014511407251122,17.443207023977962,-58.753311227231954,2002305515.0,1808736240.65,-1.0
2026-06-11,160.51006635508986,170.5406897325864,160.51006635508986,163.52723693847656,52686036,131.26898132324217,85.83140111923217,175.25555758578207,166.11713559732328,206.8201458636894,128.07502778133016,167.44758682250978,52.50589537387906,91.66190995996048,83.42595767639439,13.036604817323536,16.508917584407765,-3.4723127670842295,58.53880283525158,9.974717238775037,0.1014511407251122,3.984912512668153,-83.92000067941213,1949619479.0,1822383081.0,-1.0
2026-06-12,169.84135067895218,171.69961547851562,168.8522690899018,171.69961547851562,9299089,133.2549263000488,86.32675958633422,174.54436916432877,166.62463376834077,206.9372816059307,130.3526552226827,168.6449684143067,57.4332843482829,91.66190995996048,83.42595767639439,11.883982415243054,15.583930550574824,-3.69994813533177,56.55812161648192,9.845978760293898,4.780200362623488,1.6610342146912376,-75.78602909825904,1958918568.0,1838063417.75,-1.0
2026-06-15,180.28160095214844,180.28160095214844,180.28160095214844,180.28160095214844,7783340,135.42749694824215,86.86093767166136,175.69181552189272,167.866176239596,206.72627846949933,134.63585379368436,170.68106613159185,61.90311061638837,79.34394800642949,83.42595767639439,11.530103506492623,14.773165141758385,-3.2430616352657626,55.27246801813121,9.755693525532392,13.896706476356645,6.259452659901748,-59.04387076236887,1966701908.0,1856672123.85,-1.0
2026-06-16,183.8282863785228,189.29318285075257,181.330619444032,188.8036346435547,34029890,137.74733001708978,87.43463327407835,178.31417934622513,169.76958154904676,206.64054935340647,139.797840233996,173.21919479370123,65.7492955672922,79.34394800642949,83.42595767639439,11.801271111697872,14.178786335746285,-2.3775152240484125,54.57201740025349,9.702542695037517,26.744506139784022,15.140470992921385,-41.39073860313797,2000731798.0,1879326697.95,-1.0
2026-06-17,189.76275055234456,193.2195131456049,184.92727089594763,189.95257568359372,30846259,140.0949372863769,88.02614496231078,180.64185861369887,171.60439919764192,205.84505525820538,145.66759580380642,175.7563255310059,66.24409543733228,79.34394800642949,83.42595767639439,11.970890359862409,13.73720714056951,-1.7663167807071005,54.11677502864966,9.601806948938929,35.29212488506009,25.31111250040025,-39.01074237718707,2031578057.0,1902140957.6,-1.0
2026-06-18,196.94604332508345,199.44371032714844,194.3784343295769,199.44371032714844,26354654,142.5818145751953,88.6756373786926,184.4022289563888,174.1352456639607,205.90384024215254,151.39140969681236,178.64762496948245,70.08829804361704,79.34394800642949,83.42595767639439,12.724490080162468,13.534663728488102,-0.8101736483256339,53.98561610692249,9.593901784268628,43.232808299954,35.089813108266036,-19.350147233954484,2057932711.0,1924225365.25,1.0
2026-06-19,206.79683291711035,209.4143829345703,203.8196030138472,209.4143829345703,26062936,145.17938812255855,89.37238931655882,189.4046597520251,177.34243996128885,208.2808246526066,155.14869500071376,181.71475982666018,73.5022438495454,79.34394800642949,83.42595767639439,13.965290068110278,13.62078899641254,0.3445010716977386,54.271732850369,9.620813985922432,50.75416421131918,43.09303246544442,0.0,2083995647.0,1945370342.0,1.0
2026-06-22,218.785631193436,219.884595462278,204.90859476477783,209.2645263671875,42947143,147.67825393676753,90.06290494918822,193.37663307505758,180.24444781637052,211.72920644783864,156.35796243643875,184.0435844421387,73.3667091352202,84.76073573234979,83.42595767639439,14.766323835992011,13.849895964328436,0.9164278716635756,54.89509495728161,10.003327322463699,57.66401459218753,50.5503290344869,-17.886574015464152,2041048504.0,1959031727.2,1.0
2026-06-23,207.85584593806425,212.8012234337413,198.80430338043297,202.1012115478516,33804636,150.00188339233392,90.72284162521362,195.1215487696164,182.23142633741426,212.75578061384383,159.37660921769915,186.0661949157715,67.0062535395642,84.76073573234979,83.42595767639439,14.65420467896098,14.010757707254944,0.6434469717060356,54.66322861025005,10.28858394609546,55.992062267689974,54.80341369039889,-29.95119991995605,2007243868.0,1974680325.55,1.0
2026-06-24,201.81148402506832,206.80681778806505,194.81801675687288,204.5789031982422,22572686,152.33270614624018,91.38818330764771,197.01301965534157,184.26301514294408,214.85778970611221,160.35672140228627,187.60725555419924,68.0383868140851,84.76073573234979,83.42595767639439,14.59701316702808,14.128008799209573,0.46900436781850807,53.942248767365534,10.410028023602369,60.28194277593727,57.97933987860492,-25.778212466164806,2029816554.0,1987459482.75,1.0
2026-06-25,209.60421786711032,214.7993621826172,209.31447995791623,214.7993621826172,23441205,154.80080078124996,92.11305730819701,200.57028816079668,187.03904669200526,218.64459645681492,160.67408182687652,189.65933914184572,71.93807144543,84.76073573234979,83.42595767639439,15.201164543417946,14.342639948051247,0.8585245953666991,53.63532237221128,10.39648737794327,70.89436148873102,62.389455510786085,-8.564671343296915,2053257759.0,2001410700.2,1.0
2026-06-26,214.7993621826172,214.7993621826172,214.7993621826172,214.7993621826172,0,157.18877029418942,92.838679561615,203.4161029651608,189.56271173660633,222.0653388867841,160.75606766839172,191.4107032775879,71.93807144543,84.76073573234979,83.42595767639439,15.501269872003519,14.574365932841703,0.9269039391618161,53.35031929099661,9.653881136661608,86.35921248616317,72.51183891694382,-8.564671343296915,2053257759.0,2009806285.05,1.0
2026-06-29,212.00195805965984,213.750324845428,204.05938056750864,210.73313903808597,41711096,159.5391743469238,93.53782640457153,204.87951017974584,191.48729603674082,224.32951962454402,161.3542114545576,192.8418655395508,68.10397166915288,85.35140941680748,83.42595767639439,15.235371404271774,14.706567027127718,0.5288043771440556,51.75079557305312,9.731459742264962,86.46333353550307,81.2389691701324,-15.413101479375158,2011546663.0,2013035493.4,1.0
2026-06-30,212.80122110454275,219.7547325017576,208.92483717518084,212.6513671875,26600842,161.837227935791,94.25111017227172,206.43388158129667,193.41130250499165,226.64476748537615,161.32782620358873,193.98629684448244,68.94484778526592,85.35140941680748,86.28440297396874,15.006444976751169,14.766542617052409,0.2399023596987604,50.61040079368797,9.809919426858661,81.71135858513958,84.84463486893526,-12.1823758159327,2038147505.0,2014351871.0,1.0
2026-07-01,213.80029583734128,216.40786080289644,209.80402862542837,211.8920745849609,15347183,164.0695426940918,94.95750036239623,207.52552018202954,195.09137269407978,228.18470823163562,161.05470216875506,194.61970520019534,68.17865609524371,85.35140941680748,86.28440297396874,14.595502696562363,14.7323346329544,-0.13683193639203672,49.551462784277476,9.580913194759335,73.15139179460554,80.44202797174938,-15.661682399106647,2022800322.0,2011615055.5,1.0
2026-07-02,209.30448452082,209.30448452082,201.30196532622384,204.3990631103516,29245008,166.20434844970703,95.62842363357544,206.90022876769396,195.9375263682863,228.83358599340082,161.15612195337653,194.99485397338867,60.97698208583293,85.35140941680748,86.28440297396874,13.509475747481929,14.487762855859906,-0.9782871083779767,47.569065130900185,9.652998627900603,48.3882346622258,67.75032834732363,-39.10192283052122,1993555314.0,2011354843.45,1.0
2026-07-03,205.23827385270283,214.609524787403,205.23827385270283,214.2798309326172,19588825,168.48741561889648,96.33506353378296,208.3761492006786,197.60500860140732,231.0300476168447,161.6821166897959,196.3560821533203,66.0670708180968,85.35140941680748,86.28440297396874,13.29285519203006,14.248781323093938,-0.9559261310638778,46.08989011000578,9.69281741712566,35.8363153037855,52.45864725353894,-14.537448814639308,2013144139.0,2014237220.25,1.0
2026-07-06,212.7013089188165,224.9898332204488,210.653234239002,224.7400665283203,28826361,170.85040817260744,97.08975854873657,211.64893266620697,200.0718320493085,234.42012464887756,162.99564683549744,198.7078857421875,70.45996692634094,85.00906661937546,86.28440297396874,13.806087451751722,14.160242548825497,-0.35415509707377524,45.34349936284849,10.024516100291455,38.783151063536316,41.0025670098492,-0.6234416313799396,2041970500.0,2018774930.7,1.0
2026-07-07,224.74006143304445,229.2858181756323,216.8474402385437,225.82904052734372,31851432,173.22419067382816,97.83696054458618,214.48495423843434,202.4133964564026,237.36092854099843,164.85335978907966,201.10714416503905,70.88258026101111,85.00906661937546,86.28440297396874,14.137727889327522,14.155739616925903,-0.0180117275983811,44.88388655120686,10.196934802919822,65.14480418250523,46.58809018327568,-9.902711883346138,2073821932.0,2021569725.1,1.0
2026-07-08,219.79468210537175,223.59113875428332,214.5395965576172,214.5395965576172,16300117,175.37498168945316,98.5344090461731,214.49588270227093,203.51577828378572,236.74478883913866,170.02824125119332,203.386515045166,61.120180792866535,85.00906661937546,86.28440297396874,13.335864007913585,13.99176449512344,-0.6559004872098555,44.17390554866201,10.274971171977445,51.97970334189277,51.96921952931144,-42.7826000238859,2057521815.0,2024330540.1,1.0
2026-07-09,213.30075331566647,217.24706396978652,208.6151277709158,214.47964477539065,21988011,177.34614028930665,99.21896955490112,214.49263511689492,204.51249341938615,233.80665209390222,178.06161878012117,205.9341354370117,61.072077591586535,85.00906661937546,86.28440297396874,12.550864938617735,13.703584583822302,-1.1527196452045665,42.8096890588183,10.157611531041251,26.99859120943934,48.04103291127911,-42.95653563845604,2035533804.0,2028626256.35,1.0
2026-07-10,221.5830129122863,222.45221137123175,214.47964754531327,217.04725646972656,16018388,179.36865112304687,99.92246244430542,215.00355938746128,205.65201733305346,231.32063831702342,185.08239665612106,208.20151748657224,62.43564682882767,85.00906661937546,86.28440297396874,11.997631102807418,13.362393887619326,-1.3647627848119086,41.88928680124289,10.001536892812668,5.0728254831092965,28.017040011480468,-35.507230522817125,2051552192.0,2033257937.55,1.0
2026-07-13,213.84024178678123,218.5858088786721,211.3026189336664,214.42970275878903,11156951,181.13879760742188,100.6207102394104,214.88878806172684,206.44998873539305,229.04725123141216,190.77059392239644,209.9089225769043,60.1235217688878,85.3462363906542,86.28440297396874,11.218652945641253,12.933645699223714,-1.714992753582461,40.655939167293745,9.8073692536836,4.691732430963877,12.254383041170838,-43.10143033595896,2040395241.0,2036942604.2,1.0
2026-07-14,211.7521936702857,214.3497733065336,205.9076623555509,212.5814208984375,12863408,182.81742950439457,101.30726892471313,214.42731462906897,207.0073916593062,227.47011922205812,194.7255045572388,211.09781188964845,58.476802359058084,85.3462363906542,86.28440297396874,10.333053238823311,12.413527207143634,-2.080473968320323,38.89255180082518,9.71556005008035,4.435887392638873,4.733481768904015,-59.69298569102469,2027531833.0,2038282605.95,1.0
2026-07-15,214.10000612693327,223.2015047677036,214.10000612693327,222.87181091308597,32151413,184.44830596923828,102.04363107681273,216.11621388587238,208.449611591468,226.58932289971395,198.89822440253218,212.74377365112306,64.33386141453333,85.3462363906542,86.28440297396874,10.342337535347326,11.999289272784374,-1.6569517374370477,37.91110207898823,9.780168894307904,14.503484076908443,7.87703463350373,-22.92038661388943,2059683246.0,2039687865.4,1.0
2026-07-16,225.7890918225732,229.18591276987183,220.97358263534528,224.1706085205078,14379534,186.0096475219727,102.78284059524535,217.72709281279947,209.8787931304716,227.2282068635908,200.73203025799125,213.98011856079103,65.00481341775951,85.3462363906542,86.28440297396874,10.335357946773286,11.666503007582158,-1.331145060808872,37.39380889515082,9.668180411466379,32.043727852280576,16.994366440609294,-18.27914720196442,2074062780.0,2040494368.85,1.0
2026-07-17,217.0372630061067,219.49495863733503,212.97105407714844,212.97105407714844,14642282,187.4487033081055,103.48753229141234,216.77588506566929,210.15990776198765,227.2424631002105,201.07344113562937,214.15795211791993,55.33763177226693,85.3462363906542,86.28440297396874,9.318696000736225,11.196941606212972,-1.8782456054767476,36.01783736455191,9.777564270887307,32.043727852280576,26.196979927156526,-58.30063567829522,2059420498.0,2039265611.4,1.0
2026-07-20,208.05565711741136,213.50056802427528,202.97041086144472,207.8358612060547,18348510,188.63899139404302,104.15670721054076,214.9878802937464,209.9486308023574,227.29849265582675,200.87454506389986,214.0865188598633,51.55198204082742,82.40625478895159,86.28440297396874,8.006325004856564,10.558818285941692,-2.5524932810851286,33.775093068287276,9.83132090602611,17.540243775372133,27.209233159977757,-76.65119268961219,2041071988.0,2039266785.6,1.0
2026-07-21,208.8049561067428,218.22614848355332,208.8049561067428,217.7665863037109,20144780,190.0414813232422,104.88148023605346,215.5436214957393,210.65935402975316,226.8940376716189,202.84553752369368,214.86978759765628,57.5936838833215,82.40625478895159,86.28440297396874,7.679068534338171,9.982868335620989,-2.3037998012828176,32.06725489075714,9.871247075417005,10.418201191838527,20.000724273163744,-41.16385236125515,2061216768.0,2041965430.6,1.0
2026-07-22,221.7928198116929,227.7872203471441,213.91018371735663,217.69664001464844,55935312,191.32907836914066,105.6032060432434,215.97422519952116,211.29910730110728,226.57820302415402,204.47314585279915,215.52567443847659,57.53925669197264,82.40625478895159,86.28440297396874,7.329580501222324,9.452210768741256,-2.1226302675189324,31.170386601118974,10.157374900729181,20.74254912104318,16.233664696084613,-44.039516556278876,2005281456.0,2040738675.7,1.0
2026-07-23,221.75286312630664,222.1924396920526,206.8168029785156,206.8168029785156,29190459,192.4364437866211,106.25829404830932,214.14274075532006,210.89162508996256,226.84592488546792,203.4071680710751,215.1265464782715,49.67556815660467,82.40625478895159,86.28440297396874,6.10432987978794,8.782634590950593,-2.678304711162653,29.665184736404758,10.530107887358312,20.74254912104318,17.301099811308294,-85.38349769339445,1976090997.0,2036880337.6,1.0
2026-07-24,201.81149346061883,204.58889794313663,196.47648041099532,196.6663055419922,31552378,193.41473022460946,106.86977293014527,210.64745371265448,209.59841422196527,228.5587716203878,199.88101567209276,214.21989364624028,43.67800938307558,82.40625478895159,86.28440297396874,4.265084385097765,7.879124549780028,-3.6140401646822626,27.690408782708836,10.516551793084167,10.324347929204652,17.269815390430338,-99.42142955655305,1944538619.0,2031444380.6,1.0
2026-07-27,199.8133504661206,200.7125044453986,190.92166246819772,192.3603057861328,26152896,194.4707434082032,107.45962190628053,206.99002412735015,208.0313134550714,230.6243265012616,195.97817746602365,213.30125198364263,41.394784673730044,71.758102934026,86.28440297396874,2.4319765738605668,6.789694954596135,-4.357718380735569,26.275587819964933,10.464715377663932,0.0,10.35563235008261,-96.24024172277551,1918385723.0,2026786333.6,-1.0
2026-07-28,186.82548542574648,196.7162403210546,182.7492911871116,188.2141876220703,42541118,195.4742059326172,108.03493448257449,203.2348568262942,206.22975656116222,232.724269962886,191.43451604785628,212.07939300537114,39.266357510803,71.758102934026,86.28440297396874,0.63732169357732,5.559220302392373,-4.921898608815053,25.531754271967095,10.714874931683866,0.0,3.441449309734884,-88.23149434930559,1875844605.0,2018671188.6,-1.0
2026-07-29,188.82362192384355,195.3175560111715,180.88104405056,193.37936401367188,40104195,196.55759399414066,108.63227647781373,201.26375826376974,205.06153905684494,233.42964465399714,188.87787029961626,211.1537574768067,43.18557990941891,71.758102934026,86.28440297396874,-0.3639730069564564,4.3745816405226075,-4.738554647479064,24.966533325658265,10.98070614803584,5.075702563230349,1.6919008544101164,-74.12616927760087,1915948800.0,2013328612.5,-1.0
2026-07-30,192.81988135339483,195.3475189930231,183.72836789642565,184.51763916015625,21043194,197.41559234619146,109.17501947402955,197.91453444304705,203.19391179350959,235.29559187207022,185.02378068652357,210.1596862792969,38.585054010463885,71.758102934026,86.28440297396874,-1.8512335383450704,3.1294186047490724,-4.980652143094143,24.438656699390656,11.026309358647383,5.075702563230349,3.383801708820233,-92.4715764559311,1894905606.0,2008396127.1,-1.0
2026-07-31,193.7390289306641,193.7390289306641,190.83174093043124,193.7390289306641,33053426,198.32893920898442,109.76202112197878,197.0794333405705,202.33437698779636,235.22027777493167,183.04501458346687,209.13264617919927,45.13485435263197,71.758102934026,77.95605599857038,-2.2597600295253244,2.051582877894193,-4.311342907419517,23.948485546427875,10.89738653092313,13.339467372987857,7.830290833149518,-73.38159647049494,1927959032.0,2004136871.75,-1.0
2026-08-03,196.7661996193288,203.4199880445628,195.51736614212496,202.3310089111328,39140552,199.12179870605473,110.39932584762575,198.12974845468295,202.33407079900874,233.18629815238754,182.83808844429225,208.0121932983399,50.438560564899284,70.0090514480797,77.95605599857038,-1.8686782788225855,1.2675306465508376,-3.136208925373423,22.493875560942048,10.810498858278532,23.219119968621598,13.878096634946601,-55.59461100036628,1967099584.0,2000393325.95,-1.0
2026-08-04,202.21110902484585,206.80682228454427,200.03315077420865,202.59075927734372,19636718,199.94063385009767,111.02649000167848,199.02195061921512,202.357406115221,230.6706371946241,183.02992127705565,206.85027923583988,50.5940531718477,70.0090514480797,77.95605599857038,-1.5202588918925812,0.7099727388621538,-2.230231630754735,20.948675923850367,10.522154047711181,38.3706573416526,24.976414894420685,-55.056879767267894,1986736302.0,1996039044.45,-1.0
2026-08-05,205.60794462219076,212.71130997728864,204.83865893966728,212.0319366455078,37479685,200.70611877441408,111.70041048049929,201.62394782447367,203.2369088907016,230.40079763618579,183.048994844283,206.7248962402344,55.997798915497185,70.0090514480797,77.95605599857038,-0.4768134979269689,0.47261549150432935,-0.9494289894312983,20.04183012584998,10.493468094299304,60.64169877779733,40.74382536269051,-33.58893208863768,2024215987.0,1994373753.05,-1.0
2026-08-06,212.2017836464488,213.2508068423996,202.81056176123604,203.4799346923828,19195935,201.300563659668,112.34086225509645,201.99514519805552,203.2590021453999,229.602058404118,182.74776306805006,206.17491073608403,50.5991484964248,70.0090514480797,77.95605599857038,-0.33607651033511843,0.3108770911364398,-0.6469536014715582,18.99222460338479,10.489666450503895,66.75413329537527,55.255496471608396,-51.82107682593487,2005020052.0,1992848065.45,-1.0
2026-08-07,203.7896368242281,211.32260885680745,200.81242209840707,207.7859039306641,19489977,201.86084014892577,112.99809827804567,203.15329694457725,203.67053867133302,228.59390775701783,182.829778461244,205.7118431091309,53.05333095817276,70.0090514480797,77.95605599857038,0.12151356459645513,0.2730043858284429,-0.15149082123198776,17.809237070636428,10.491132186782215,76.97401414042442,68.123282071199,-42.641114658362376,2024510029.0,1991495957.3,-1.0
2026-08-10,208.80495911716403,216.3978728192443,207.63605280216987,212.7712554931641,19215795,202.4740673828125,113.6762648200989,205.07688865429463,204.49787656422674,228.3896620901858,182.86817940151346,205.62892074584963,55.79166319993693,73.36410583007384,77.95605599857038,0.8763313996329032,0.393669788589335,0.4826616110435682,17.201433544946973,10.367609888945944,76.69917974808087,73.47577572796018,-32.01276684553276,2043725824.0,1991662486.45,-1.0
2026-08-11,213.80028806803887,215.59861129696029,209.05472092634184,214.04006958007807,15006611,202.95961395263672,114.36332307815555,206.86952483945134,205.36534865657686,228.56551167809906,182.83819468176424,205.70185317993165,56.487302720195295,73.36410583007384,77.95605599857038,1.5589421502599237,0.6267242609234528,0.9322178893364709,16.637044556806764,10.094487066208265,88.96472340497216,80.87930576449247,-19.73394988327726,2058732435.0,1993222516.55,-1.0
2026-08-12,215.1989791155791,223.40132411752623,214.79935849991065,221.3132781982422,28062533,203.40140136718747,115.08155221939089,209.75827551120952,206.8151604330919,228.2505776718764,182.9972754165025,205.62392654418946,60.33984338752559,73.36410583007384,77.95605599857038,2.656184398493508,1.032616288437464,1.6235681100560442,16.835559152058753,10.042113314153973,96.92663852022534,87.53018055775945,-4.910705940778204,2086794968.0,1994578102.65,-1.0
2026-08-13,222.791895311929,230.73447328422915,222.4122450515273,227.1478271484375,23585794,204.00643615722657,115.83339994430543,213.23618583865513,208.6635846799415,228.94578021468317,182.59979473648866,205.77278747558591,63.15785067253565,73.36410583007384,77.95605599857038,3.951011325205002,1.6162952957909718,2.33471602941403,17.60375693991818,9.997762012142044,100.0,95.29712064173249,-7.194381993223786,2110380762.0,1996394001.75,1.0
2026-08-14,227.78723047747337,230.4847077894809,220.4940397860829,222.90179443359372,16693107,204.72336669921873,116.56996194839478,215.16930755764287,209.95796738481897,230.49348781678455,182.04516117003183,206.2693244934082,59.826342585827405,73.36410583007384,77.95605599857038,4.581736235544639,2.2093834837417052,2.372352751802934,18.06390046956987,9.997255297231755,95.48076390798657,97.46913414273729,-15.711414382193656,2093687655.0,1998107359.6,1.0
2026-08-17,223.6910383416136,225.7391282199152,217.6466967236815,219.29515075683597,9863534,205.5551898193359,117.28104768753052,215.9944761974815,210.80680223682052,231.75476848214873,181.92980945974574,206.84228897094724,57.07246431067782,76.42095665735094,77.95605599857038,4.735970943385098,2.714700975670384,2.021269967714714,18.114423038589656,9.861196454303322,87.22585443018092,94.23553944605581,-22.94590904424183,2083824121.0,2000244966.25,1.0
2026-08-18,217.8065362937682,230.25491468432597,217.8065362937682,229.81532287597656,35739264,206.59461883544918,118.05712274551392,218.75864553318053,212.53484956765288,233.99819392498932,180.89125767413174,207.44472579956053,62.49547266904988,76.42095665735094,77.95605599857038,5.642054932611671,3.300171767058642,2.3418831655530292,18.55417715967908,10.045995164035782,86.32732964741012,89.6779826618592,-1.9553851583098414,2119563385.0,2003162297.1,1.0
2026-08-19,232.78255130888252,234.181238652404,223.790950614548,226.31858825683597,14962246,207.74194702148435,118.82150869369508,220.2706340779116,213.78791672121497,235.39257684316104,180.35906958017878,207.8758232116699,59.791702650870484,76.42095665735094,77.95605599857038,6.008711080676989,3.8418796297823117,2.166831450894677,19.28500580903346,10.0705875121658,84.62091202103531,86.05803203287545,-18.13781199033976,2104601139.0,2008128281.25,1.0
2026-08-20,227.737263440158,229.58554303218577,222.30233786130415,223.6910400390625,10056116,208.94522308349605,119.552775554657,220.95471527014178,214.6882006592011,237.12015879803062,180.3189113313639,208.71953506469725,57.769194829018524,76.42095665735094,77.95605599857038,6.017896967564724,4.277083097338794,1.7408138702259297,19.745031925451716,9.871488773502644,78.75381783900386,83.23401983581643,-27.13178461508897,2094545023.0,2014050982.55,1.0
2026-08-21,224.790025177906,228.58648198537605,222.82186240456215,227.79721069335935,12598055,210.0671749877929,120.30727075576785,222.3232143547853,215.87992884412458,239.30074855207377,181.25141209245746,210.2760803222656,60.043792215878966,76.42095665735094,77.95605599857038,6.284071638060965,4.678480805483228,1.6055908325777368,20.17219903355438,9.578140974024876,71.3903542739412,78.25502804466012,-18.695125717774275,2107143078.0,2022181205.5,1.0
2026-08-24,228.7862874800169,239.18657608485265,227.9171042792,238.19749450683597,29905949,211.22549285888667,121.12515672683718,225.49807038519546,217.9087984498256,242.8477818879577,182.28809762864387,212.56793975830078,65.1620344783502,77.32842047058456,77.95605599857038,7.250651964589622,5.192915037304507,2.0577369272851147,21.439214922359604,9.707514146701191,77.61600799232941,75.92006003509148,-2.5774681009672284,2137049027.0,2033114370.7,1.0
2026-08-25,239.47629756558973,244.07201072568168,235.4300741683749,237.78787231445312,16055915,212.20517761230465,121.94009542465211,227.95603077104698,219.71598698297356,245.0472879556091,185.04596003023076,215.04662399291993,64.80990617152416,77.32842047058456,77.95605599857038,7.892639316584791,5.7328598931605645,2.1597794234242267,22.94966220403841,9.63140146174445,90.93201686225316,79.97945970950792,-14.526579217784064,2120993112.0,2045371796.05,1.0
2026-08-26,239.17657973049185,241.2646408751678,232.78255847116367,235.66986083984372,9755858,213.11952331542963,122.74769105911257,229.49879678480636,221.16633915177994,246.68941421685082,187.63288345160623,217.16114883422853,62.916683742520426,77.32842047058456,77.95605599857038,8.136718072263648,6.213631528981181,1.9230865432824666,23.923515336152782,9.549307243334427,93.01291204821835,87.18697896760031,-19.42263010920199,2111237254.0,2055136218.75,1.0
2026-08-27,238.07760862807527,247.20907807701585,237.04857109922733,245.61056518554688,19390535,214.0428604125976,123.58460924148561,232.7211504649545,223.38854151848602,248.12076905462294,192.3108212163732,220.21579513549807,67.68761151585919,77.32842047058456,77.95605599857038,9.028212394777341,6.776547702140414,2.2516646926369273,25.24626017974134,9.691443671465692,93.01291204821837,92.31928031956329,-4.039400274219229,2130627789.0,2066922327.9,1.0
2026-08-28,246.17004522030263,254.86193828634637,245.32084761532585,251.23532104492188,17035686,214.87927917480468,124.45684450149537,236.42398458094797,225.92006692998018,251.3550252096294,194.82619427279252,223.09060974121095,70.03662850902141,77.32842047058456,77.95605599857038,10.072489469349051,7.435736055582142,2.6367534137669093,26.941300785564927,9.680704171433895,93.81890683813174,93.28157697818949,-7.917130641056991,2147663475.0,2077907550.05,1.0
2026-08-31,253.96277587010695,256.46045809851773,247.26903140226855,248.8575439453125,16617911,215.6711395263672,125.32303537368776,238.9106964538209,228.0052921131922,254.14214845935516,196.69172452648473,225.41693649291994,67.79298426468418,81.08236339876571,83.08144420201374,10.58618883926573,8.06582661231886,2.5203622269468706,28.606027764434227,9.645755780349273,94.23116366518533,93.6876608505118,-18.249432267648146,2131045564.0,2086104849.05,1.0
2026-09-01,251.76482507362604,252.6639790653551,236.41915893554688,236.41915893554688,12772540,216.3574984741211,126.12618513107302,238.41238895016608,228.77018909704262,254.10621628645566,200.11049666520455,227.1083564758301,57.428781421298346,81.08236339876571,83.08144420201374,9.875783685694728,8.427818026994034,1.447965658700694,28.499125440993502,10.117117519596341,61.813989433123005,83.28801997881337,-51.63451944125168,2118273024.0,2092681685.15,1.0
2026-09-02,229.78535260129405,238.66705540292733,224.80000402855885,226.058837890625,17046359,216.78709716796874,126.87573495864869,235.94167873825788,228.52370262373194,253.87103171222446,201.7483713639474,227.80970153808593,50.50309186462054,81.08236339876571,83.08144420201374,8.380189551128865,8.418292331821,-0.03810278069213524,27.03053942348517,10.38496993779435,28.48065609978968,61.50860306603268,-78.32691069101776,2101226665.0,2096532219.05,1.0
2026-09-03,229.7753706886251,231.28395601520063,217.4468752270548,220.21429443359372,6710150,216.89539581298826,127.60555322647096,232.79620187732507,227.7683018791739,252.39030354269926,204.9025355075937,228.64641952514648,47.05557376685333,81.08236339876571,83.08144420201374,6.646695642277024,8.063972993912206,-1.4172773516351818,25.251335309860856,10.63154928424803,0.9161591012709975,30.403601544727895,-92.90652382362143,2094516515.0,2101007042.2,-1.0
2026-09-04,225.78908864733967,231.22401428222656,224.79002188341343,231.22401428222656,4395650,217.22388885498043,128.39306760787966,232.48176435830538,228.08245755217868,251.4464391399226,208.19021094552656,229.81832504272458,53.49566976277509,81.08236339876571,83.08144420201374,6.091067574637037,7.669391910057173,-1.5783243354201355,23.59921720435256,10.658561467418373,9.341166841086112,12.912660680715595,-64.68630143362387,2098912165.0,2104727149.0,-1.0
2026-09-07,238.77695098356432,242.783203125,237.3882488240276,242.783203125,4679636,217.8648901367187,129.24032609939576,234.54205211164432,229.4188889678897,252.11559422578065,210.5222506228521,231.31892242431638,59.11826918058533,70.36902208721726,83.08144420201374,6.508433097993446,7.437200147644427,-0.9287670496509808,22.821508942615118,10.72289199422945,26.83774615981524,12.365024034057448,-35.057674704166075,2103591801.0,2107720447.85,-1.0
2026-09-08,254.9218732656549,254.9218732656549,245.2808700692816,250.5259704589844,15866254,218.62238220214837,130.13504026412966,237.73883578111236,231.33771455798922,253.9590681647133,212.3273667718101,233.1432174682617,62.397791814230615,70.36902208721726,83.08144420201374,7.37891535406925,7.4255431889293915,-0.04662783486014188,22.979017622615558,10.824019004688411,49.091175081314006,28.423362694071784,-15.211337187577811,2119458055.0,2110756728.85,-1.0
2026-09-09,249.26715194752717,253.76295228325407,240.4254051894447,245.2009429931641,6833419,219.2885595703125,131.00557699203495,239.23125722352273,232.59800805209602,255.03636012297804,213.6388412930376,234.3376007080078,58.89838014784999,70.36902208721726,83.08144420201374,7.5520384023928955,7.450842231622093,0.10119617077080267,22.613613665652906,11.003556725339909,56.92764508626615,44.2855221091318,-28.860500053148364,2112624636.0,2112048212.25,-1.0
2026-09-10,243.46258185585128,243.7323341502699,232.94241006356367,233.10226440429688,8324471,219.86262359619138,131.81786825180055,238.00545865967757,232.6438495386597,255.06823715311168,214.20240798848988,234.63532257080078,51.791412464660205,70.36902208721726,83.08144420201374,6.636476249091345,7.287969035115944,-0.6514927860245994,21.543274069895613,11.093197882787088,46.30025831322271,50.77302616026762,-59.87195221515158,2104300165.0,2111744182.4,-1.0
2026-09-11,224.8399725581029,237.0785401052596,222.0425826412716,233.47190856933597,8856109,220.24646514892578,132.62696245193484,237.09874864160926,232.71912763235753,254.85211213537661,215.47554441979912,235.16382827758787,51.98205296845822,70.36902208721726,83.08144420201374,5.873013398569384,7.004977907806632,-1.131964509237248,20.381183077511086,11.374823567158582,31.192540292690946,44.806814564059934,-58.92447664938019,2113156274.0,2112717613.35,-1.0
2026-09-14,233.47190856933597,233.47190856933597,233.47190856933597,233.47190856933597,0,220.42110198974612,133.4374553489685,236.3733806271546,232.7875622629919,254.1237461301794,217.6215862062464,235.8726661682129,51.98205296845821,70.83519045858662,83.08144420201374,5.20792981598305,6.645568289441916,-1.4376384734588656,19.302098584582595,10.562336169504398,21.16061434761967,32.88447098451111,-58.92447664938019,2113156274.0,2114184221.0,-1.0
2026-09-15,230.28489313177155,234.4809705650892,221.8028106689453,221.8028106689453,5197660,220.34057739257815,134.19594682693483,233.45926663551276,231.78894848171495,254.61303281813778,216.33104829758483,235.4720405578613,45.407831541989694,70.83519045858662,83.08144420201374,3.6966350989285672,6.055781651339247,-2.35914655241068,19.176734387662076,10.713466435692933,14.291421801933977,22.21485881408153,-88.83482335820857,2107958614.0,2113603982.45,-1.0
2026-09-16,214.39972894414868,216.19803688421987,210.71317022681515,212.7113037109375,7489358,220.30401153564458,134.90398546218873,229.30967405059772,230.054617138917,256.14238725433927,213.4409654067935,234.7916763305664,41.05166067863209,70.83519045858662,83.08144420201374,1.7451969724046137,5.193664715552321,-3.448467743147707,19.749846452476053,10.740336007581305,7.145710900966983,14.19924901684021,-95.63223618911339,2100469256.0,2113397388.3,-1.0
2026-09-17,208.70504208811832,215.79842225065863,204.90860055897747,209.2545318603516,6140528,220.1995092773438,135.59698808670046,225.2986456125485,228.16370029541105,257.83981008600745,210.29989175725436,234.0698509216309,39.500020595758485,70.83519045858662,83.08144420201374,-0.07934970708288347,4.13906183102528,-4.218411538108163,20.603945955722946,10.751013556445582,0.0,7.145710900966986,-91.56978718363195,2094328728.0,2113386573.55,-1.0
2026-09-18,213.700373868723,219.1952410487884,208.3054194624784,215.5086975097656,6279766,220.1687380981446,136.33085260391238,223.34065599199195,227.013245496716,258.50872455749686,208.40212596740545,233.45542526245117,43.6499251058629,70.83519045858662,83.08144420201374,-1.0090257750234741,3.109444309815529,-4.118470084839004,21.043775152499094,10.760928415721612,6.041205889297201,4.395638930088061,-78.80543228403273,2100608494.0,2113059844.35,-1.0
2026-09-21,213.2508025640405,216.78750752577076,208.9048711887915,214.1100006103516,3919366,220.16234405517582,137.0493814277649,221.49452491566387,225.84022323431924,258.6255595631455,205.87654157210844,232.25105056762695,42.94052838504433,62.38837055112043,83.08144420201374,-1.8374825521378568,2.120058937424852,-3.957541489562709,21.452187978076946,10.555336124382872,11.049710511077905,5.6969721334583685,-81.60208370018222,2096689128.0,2111041849.4,-1.0
2026-09-22,218.1000061035156,224.80999755859372,218.1000061035156,221.05999755859372,6521319,220.33191558837896,137.8098535346985,221.40761944424986,225.40565726379873,258.10887905226394,204.72043460740412,231.41465682983403,47.50576188739141,62.38837055112043,83.08144420201374,-1.9112026915883575,1.3138066116222105,-3.225009303210568,20.986997218512116,10.56566904037282,22.704034441048456,13.264983613807853,-67.70577863531848,2103210447.0,2110152716.15,-1.0
2026-09-23,221.4499969482422,221.4499969482422,215.1000061035156,217.3699951171875,4418862,220.22187927246097,138.5645637702942,220.6000945788374,224.67514252319768,257.8267799493204,203.17254713808194,230.49966354370116,45.42758906231828,62.38837055112043,83.08144420201374,-2.241539717063887,0.602737345884991,-2.844277062948878,20.774966652123855,10.264549169255233,25.291861205924892,19.681868719350415,-75.08382498522982,2098791585.0,2109530432.7,-1.0
2026-09-24,214.5,218.8800048828125,209.1000061035156,210.69000244140625,4152139,219.95226715087895,139.2822773933411,218.61807615135118,223.4037661521257,256.47508699721647,201.03218381577187,228.75363540649417,41.85777550537443,62.38837055112043,83.08144420201374,-3.007683073358436,-0.11934673796369438,-2.8883363353947415,21.001613242079316,10.229938427115354,23.715648293702785,23.903847980225375,-88.44026481463013,2094639446.0,2107731015.55,-1.0
2026-09-25,210.5,214.6999969482422,207.1000061035156,211.2700042724609,3201783,219.9182461547852,140.00873556137088,217.14846177557314,222.300696890338,253.39394276010017,200.11679637564208,226.75536956787113,42.281883111224765,62.38837055112043,83.08144420201374,-3.5273942967716323,-0.800956249725282,-2.7264380470463503,21.34954237100076,10.042085028373299,16.11100892170949,21.706172807112385,-87.28056899856884,2097841229.0,2105239903.25,-1.0
2026-09-28,208.1499938964844,209.16000366210935,201.0,205.9199981689453,5594279,219.87992889404302,140.7044474601746,214.90276905424759,220.8115424611205,250.66143214918617,198.55555240891937,224.60849227905277,39.42516411026664,60.55345617762022,83.08144420201374,-4.321158342782979,-1.5049966683368217,-2.8161616744461577,22.078958567812414,10.058364974379558,7.481976267535855,15.769544494316044,-90.67527885374446,2092246950.0,2103299972.55,-1.0
2026-09-29,203.5,216.2100067138672,199.0,216.2100067138672,6086773,219.84879730224614,141.45300809860234,215.16421658617153,220.39322102955202,249.28731845326314,197.90875088267444,223.5980346679688,46.86164474594596,60.55345617762022,83.08144420201374,-4.072953898407434,-2.018588114350944,-2.0543657840564897,21.93693596555859,10.569196527200102,23.790457185288453,15.794480791511265,-61.52669642488722,2098333723.0,2102303007.5,-1.0
2026-09-30,227.0200042724609,227.0200042724609,227.0200042724609,227.0200042724609,3383926,220.0352645874024,142.2584160804749,217.53537412342942,220.99565586981646,249.3583461098499,197.93383986427125,223.64609298706057,53.34196139129247,60.55345617762022,75.58329357738556,-2.969740310266303,-2.208818553534016,-0.7609217567322872,20.725493376383913,10.586396600871074,53.07410596064452,28.115513137822944,-26.41523494596727,2101717649.0,2102327556.7,-1.0
2026-10-01,238.3699951171875,238.3699951171875,227.1000061035156,238.3600006103516,23036701,220.66612854003913,143.12337137222295,221.70029942081388,222.57423266441054,251.02512417390705,198.08163241788992,224.55337829589848,58.9917403822237,60.55345617762022,75.58329357738556,-1.166940893055994,-2.0004430214384117,0.8335021283824178,19.823744116440068,10.640939046860755,86.40743929397786,54.42400081330361,-0.025386101283886298,2124754350.0,2103839448.45,1.0
