Date,Open,High,Low,Close,Volume,MA50,MA200,EMA9,EMA21,BB_Upper,BB_Lower,BB_Mid,RSI,RSI_W,RSI_M,MACD,MACD_Signal,MACD_Hist,ADX,ATR,StochRSI_K,StochRSI_D,Williams_R,OBV,OBV_SMA20,Supertrend_Dir
2025-07-22,2426.058062681041,2440.791208810684,2408.967709089577,2435.58544921875,861632,2315.4350878906253,2325.6486059570298,2428.6471459920026,2381.461964188136,2545.9735599895716,2176.088036690116,2361.030798339844,63.23407329774681,56.557146849697794,5.959574845605484,47.491679743847726,40.969415076321376,6.5222646675263505,38.49970869373495,35.575811095077974,52.40752031312638,66.50692856704858,-23.241554609866853,-24072554.0,-27416012.6,1.0
2025-07-23,2436.8623544586453,2442.755612873297,2398.5561747634065,2406.806640625,1320795,2317.8780615234377,2323.782861328124,2424.2790449186023,2383.7660256823965,2546.005644607465,2192.9205028534725,2369.4630737304688,57.02086599938898,56.557146849697794,5.959574845605484,43.28025845996763,41.431583753050624,1.8486747069170022,37.636908351376526,36.191784453278885,29.727302827294068,49.14081741724709,-37.06197557085552,-25393349.0,-26933347.25,1.0
2025-07-24,2412.208760292592,2422.129174403512,2377.9297369143965,2394.430908203125,693984,2319.9821533203126,2322.069499511718,2418.309417575507,2384.735560457008,2543.1006186967634,2211.246231889174,2377.1734252929687,54.539129484935664,56.557146849697794,5.959574845605484,38.500251637404745,40.84531732992145,-2.3450656925167053,35.975544248716226,36.76375967012436,15.568658817381237,32.567827319267224,-49.55703008736735,-26087333.0,-26579117.2,1.0
2025-07-25,2382.9390347834888,2385.394559018748,2362.6071022777146,2372.42919921875,769388,2321.1368896484373,2320.319871826171,2409.1333739041556,2383.616800344439,2540.0088371159713,2224.99499589184,2382.5019165039057,50.34404994199646,56.557146849697794,5.959574845605484,32.561360656444776,39.188525995226115,-6.627165338781339,33.85433009492116,36.41090583121622,0.0,15.098653881558434,-79.98642964375794,-26856721.0,-26315893.8,1.0
2025-07-28,2372.429243771511,2404.744087192744,2369.384537540986,2398.163330078125,987995,2322.78103515625,2318.7690527343743,2406.9393651389496,2384.9392121384103,2535.159347972089,2244.282961598223,2389.721154785156,54.730152681512756,50.744410052537354,5.959574845605484,29.590178894829023,37.2688565751467,-7.678677680317676,32.47267152071881,36.335808961254905,5.683635956484613,7.084098257955283,-67.23114995296946,-25868726.0,-25933082.95,1.0
2025-07-29,2401.306457367033,2413.7804732980653,2386.4749941452437,2409.949951171875,732282,2325.4695996093747,2317.5166503906244,2407.541482345535,2387.212915686907,2528.42214904915,2266.5489202867875,2397.4855346679688,56.62014526043531,50.744410052537354,5.959574845605484,27.86536319853667,35.38815789982469,-7.522794701288021,31.448055137197585,35.690785403509665,13.816377740398599,6.500004565627737,-58.61043896839113,-25136444.0,-25551653.7,1.0
2025-07-30,2398.55610236398,2409.262092241855,2355.829980147422,2394.037841796875,1224146,2327.396708984375,2316.253144531249,2404.840754235803,2387.8333635150857,2519.374535845959,2288.394702435291,2403.884619140625,53.38008247556271,50.744410052537354,5.959574845605484,24.92711581456342,33.29594948277244,-8.368833668209021,29.367338218513467,37.00715580500563,17.750554547834074,12.416856081572428,-71.05660525612281,-26360590.0,-25287833.45,1.0
2025-07-31,2377.0459063535795,2503.652646914568,2377.0459063535795,2476.34716796875,5505507,2331.615395507812,2315.2642687988273,2419.1420369823927,2395.8800730108733,2515.8570692976746,2312.322496132013,2414.0897827148438,64.6491559142914,50.744410052537354,11.596901283164287,28.90698658083602,32.418156902385164,-3.5111703215491445,29.580442708961375,43.40712614471868,30.60387941831465,20.72360390218244,-18.471780778268688,-20855083.0,-24801739.8,1.0
2025-08-01,2504.634914777358,2678.977149041272,2491.767870864873,2508.26904296875,4259653,2335.918491210937,2314.406657714843,2436.967438179664,2406.097252097953,2518.9819342781625,2330.256224901524,2424.6190795898433,67.89083317434883,50.744410052537354,11.596901283164287,34.24216895804875,32.78295931351788,1.4592096445308727,31.6184200774441,54.780187210990334,45.20875552044168,31.187729828863464,-52.82673732122263,-16595430.0,-24164780.8,1.0
2025-08-04,2501.688117328015,2537.2440606709806,2489.9999177635377,2498.44677734375,1293028,2339.3466943359376,2313.5366870117177,2449.2633060124813,2414.4926634839344,2527.0037137444906,2335.3272921148846,2431.1655029296876,65.88871821429358,59.16798934446792,11.596901283164287,37.24838844637134,33.676045140088576,3.572343306282761,33.464315827681034,54.24189833216552,63.40035459696768,46.404329845241335,-55.86630151069771,-17888458.0,-23727552.35,1.0
2025-08-05,2492.357168773925,2507.581419460032,2472.516580355361,2489.60693359375,756361,2342.868310546875,2312.623477783202,2457.332031528735,2421.3212334939176,2529.335997213744,2346.9423963409436,2438.139196777344,64.05780596900517,59.16798934446792,11.596901283164287,38.474032835269554,34.63564267912477,3.838390156144783,34.70579081338973,52.87210838734449,66.17102668711017,58.260045601506505,-58.60184884049771,-18644819.0,-23254589.65,1.0
2025-08-06,2493.535672934169,2517.501733064876,2481.65107965462,2490.490966796875,885487,2346.7614111328126,2311.9193420410147,2463.9638185823633,2427.6093910669138,2533.434685265549,2353.864118445389,2443.649401855469,64.16504970831274,59.16798934446792,11.596901283164287,39.06636618368384,35.521787380036585,3.544578803647255,35.946478773474965,51.65629017469533,69.68893302508272,66.42010476972018,-58.328278997335815,-17759332.0,-22824437.1,1.0
2025-08-07,2490.5890589949863,2498.741447368421,2450.613172635303,2472.712890625,847151,2350.2075830078124,2311.2298413085928,2465.713632990891,2431.709709208558,2531.677615679693,2366.3370815859325,2449.007348632813,60.27036711203794,59.16798934446792,11.596901283164287,37.667050153104356,35.95083993465014,1.716210218454215,36.25362876333687,51.40428907172554,66.42001737698023,67.42665902972436,-63.82982067344899,-18606483.0,-22383957.35,1.0
2025-08-08,2471.2397680498043,2484.892387860569,2442.362896885792,2454.1494140625,839794,2353.64017578125,2310.560657958984,2463.4007892052127,2433.749682377098,2529.8031161452323,2366.148959050081,2447.9760375976566,56.419471192015095,59.16798934446792,11.596901283164287,34.66061866372593,35.692795680465295,-1.032177016739368,36.320644734872864,50.77037492194352,56.65376153085026,64.25423731097106,-69.57440962530141,-19446277.0,-22347579.05,1.0
2025-08-11,2445.800338508461,2479.588254454568,2434.4066106815794,2473.5966796875,992436,2357.008764648437,2310.045639648437,2465.43996730167,2437.3721366780437,2530.003711936834,2366.1251210709793,2448.0644165039066,59.34972568302907,55.12326961995246,11.596901283164287,33.461508416620745,35.24653822769639,-1.7850298110756455,36.166107268195766,50.37117983987531,47.50617027624112,56.8599830613572,-63.55632638119656,-18453841.0,-22140193.35,1.0
2025-08-12,2473.2040732697083,2491.47326996814,2435.978420826068,2439.612548828125,1406211,2360.0728613281253,2309.4683117675777,2460.274483606961,2437.5758105098694,2526.3750460818546,2365.5204617306463,2445.9477539062505,52.683367068532135,55.12326961995246,11.596901283164287,29.42972204715352,34.08317499158782,-4.653452944434299,36.18421555643134,50.737156218603644,33.09327202011506,45.751067942402145,-74.07293742739711,-19860052.0,-22088132.9,1.0
2025-08-13,2440.7912554195577,2456.9977164716397,2429.397526276142,2450.711669921875,969803,2363.1217773437506,2309.687263183593,2458.361920869944,2438.769979547324,2524.317675883744,2365.367870991257,2444.8427734375005,54.48163227864391,55.12326961995246,11.596901283164287,26.820933587988293,32.63072671086792,-5.809793122879626,36.00537577026811,49.08451578838181,29.411991548911192,36.67047794842246,-70.6382419814358,-18890249.0,-21923363.35,1.0
2025-08-14,2454.44372812859,2464.3641420365734,2429.200986749531,2436.469482421875,1104362,2365.654516601563,2309.7247497558587,2453.9834331803304,2438.5608434450105,2522.3742209212714,2364.443283961541,2443.4087524414062,51.76310900344629,55.12326961995246,11.596901283164287,23.335230423822395,30.771627453458816,-7.436397029636421,35.95126038992381,48.09013289542901,12.304058579506776,24.936440716177678,-75.04557983581087,-19994611.0,-21773438.2,1.0
2025-08-18,2493.8306848086754,2550.798853268267,2476.445619289953,2522.4130859375,3089136,2369.645629882813,2309.9625622558583,2467.6693637317644,2446.183774580691,2533.787028678242,2360.7408521811317,2447.263940429687,63.574684099661766,53.82869837913039,11.596901283164287,27.194237850023,30.056149532771656,-2.861911682748655,36.964589914754896,52.821507034783515,32.27266502552812,24.662905051315363,-48.44977093245129,-16905475.0,-21430500.65,1.0
2025-08-19,2526.439827717028,2568.47845225644,2512.8852854397333,2558.4599609375,1400717,2374.2915917968758,2310.5158435058584,2485.827483172912,2456.3907006131285,2552.8556830788257,2355.4133110617986,2454.134497070312,67.20221985619206,53.82869837913039,11.596901283164287,32.783305060293515,30.60158063827603,2.181724422017485,38.07724861962251,53.019482733492325,56.32265214068793,33.633125248574274,-37.29483025220631,-15504758.0,-20959029.25,1.0
2025-08-20,2552.763210757331,2632.3222027047505,2542.45000809748,2622.3037109375,3156954,2380.1755468750002,2311.3532727050765,2513.12272872583,2471.4737015517076,2587.0030834787367,2339.9377368337628,2463.4704101562497,72.43772801017172,53.82869837913039,11.596901283164287,41.88155367164245,32.85757524494932,9.023978426693134,39.645655610350616,55.65181929590506,89.65598547402126,59.417100880079104,-18.770312604712103,-12347804.0,-20372791.75,1.0
2025-08-21,2619.651659128844,2619.651659128844,2580.559664029887,2600.891357421875,2235686,2385.9967236328125,2312.2119079589834,2530.6764544650387,2483.23894299445,2607.9468254238714,2338.402466568316,2473.1746459960937,68.48892525351746,53.82869837913039,11.596901283164287,46.82442049499514,35.65094429495848,11.17347620003666,41.10203353031243,54.658406982455645,92.21016348041854,79.39626703170924,-31.26230738071466,-14583490.0,-19832298.8,1.0
2025-08-22,2599.909163605509,2611.20457553655,2572.4072910777595,2583.11328125,1223445,2392.31185546875,2312.937215576171,2541.163819822031,2492.3184282904094,2620.550546446406,2344.66698285047,2482.608764648438,65.3057742266434,53.82869837913039,11.596901283164287,48.745231211888495,38.269801678344486,10.475429533544009,42.19320663839966,53.52546965933669,82.13468643754607,88.00027846399529,-24.226381879084013,-15806935.0,-19318278.9,1.0
2025-08-25,2595.980298048972,2595.980298048972,2568.67481978843,2584.783203125,667598,2398.9267089843747,2313.731883544921,2549.887696482625,2500.724316911736,2628.1167205314305,2358.3362091560693,2493.22646484375,65.46812454094722,61.83487975527318,11.596901283164287,49.827851823848505,40.58141170744529,9.246440116403214,43.0820073049643,51.65261313085138,70.8977144011935,81.74752143971936,-23.40425117887781,-15139337.0,-18732409.7,1.0
2025-08-26,2577.9077368329176,2656.877302702266,2577.9077368329176,2644.697998046875,4348648,2406.5765722656247,2314.8426989746085,2568.849756795475,2513.8128333785667,2648.6731102640806,2362.4332862202946,2505.5531982421876,70.75573291568679,61.83487975527318,11.596901283164287,54.88774788882347,43.442678943720935,11.445068945102534,44.437730691313284,53.60382404074404,74.55244948390843,75.861616774216,-5.349394645826743,-10790689.0,-17978507.85,1.0
2025-08-28,2699.112419661415,2699.112419661415,2599.7128399390217,2607.177490234375,3198743,2413.452690429687,2315.7253320312493,2576.515303483255,2522.3005294563677,2657.976325100233,2372.8528252903916,2515.4145751953124,64.13296206661552,61.83487975527318,11.596901283164287,55.233463579885665,45.80083587095389,9.432627708931776,45.99183545712414,56.87494944657613,72.66154457026147,72.70390281845447,-34.061146812203866,-13989432.0,-17421157.25,1.0
2025-08-29,2617.392493882605,2674.5570512791683,2594.4086426961376,2612.4814453125,1972773,2421.0433544921875,2316.7569567871083,2583.7085318491045,2530.498794534198,2663.0978494183832,2389.575661323803,2526.336755371093,64.63686246032104,61.83487975527318,11.596901283164287,55.29798979900215,47.70026665656354,7.5977231424386105,47.26256029498789,58.53733938489432,71.32131498673886,72.84510301363625,-32.09607441015541,-12016659.0,-16703960.7,1.0
2025-09-01,2612.4815545305705,2625.741386224198,2592.346254551359,2602.36474609375,1096729,2428.491948242188,2317.5815075683586,2587.439774698034,2537.032062857794,2671.299935182626,2393.9753333720605,2532.6376342773433,62.82386367978857,63.21073332865632,14.955016361803283,53.91133787004537,48.94248089925991,4.96885697078546,48.37181924670304,56.7414674054618,58.532898372599576,67.50525264319997,-35.844229540009685,-13113388.0,-16316875.95,1.0
2025-09-02,2601.8736154116664,2644.5014224406004,2598.043093323752,2629.37548828125,1525106,2436.2474755859375,2318.6220300292957,2595.826917414677,2545.4269197144718,2683.323451717654,2394.0624613682835,2538.6929565429687,65.59832808513404,63.21073332865632,14.955016361803283,54.365258523340344,50.027036424076,4.3382220992643425,49.55038971833535,56.00695752770369,60.89548285044306,63.58323206992716,-25.836968307649087,-11588282.0,-16066518.55,1.0
2025-09-03,2633.304255827349,2639.099197248745,2611.00814317238,2617.294189453125,1010692,2443.900849609375,2319.7457568359364,2600.120371822367,2551.960307872531,2692.042796176771,2397.2278581201035,2544.635327148437,63.3220178878708,63.21073332865632,14.955016361803283,53.137596923270394,50.64914852391488,2.488448399355512,50.64477658485107,54.012964424036625,58.77558151631203,59.40132091311821,-30.312991682349587,-12598974.0,-15802044.35,1.0
2025-09-04,2701.0768426775303,2701.0768426775303,2608.2580202655204,2619.16064453125,2494678,2451.827280273438,2320.862049560546,2603.928426364144,2558.0694293869597,2699.7200606108254,2402.505964779799,2551.113012695312,63.532556902410995,63.21073332865632,14.955016361803283,51.71908813260097,50.8631364456521,0.8559516869488704,52.10355650226699,56.78481142317757,59.91819543403708,59.863086600264054,-30.130001013394157,-10104296.0,-15375018.2,1.0
2025-09-05,2620.142542921184,2625.348062197889,2577.1217125435624,2586.55078125,944879,2458.7950732421878,2322.18343383789,2600.4528973413153,2560.6586431926908,2702.4684466067556,2409.3635602291815,2555.9160034179686,57.339601643054834,63.21073332865632,14.955016361803283,47.41697291368564,50.17390373925881,-2.7569308255731713,52.393696649190396,56.17349272540249,37.61190919777937,52.101895382709486,-50.98403494421062,-11049175.0,-15039510.35,1.0
2025-09-08,2583.2115458729263,2597.5519036054347,2572.210845043877,2577.219970703125,903410,2465.5349951171875,2323.2943847656243,2595.806312013677,2562.1642184209118,2702.565469805188,2419.717245038562,2561.141357421875,55.66751596254495,61.11575149228109,14.955016361803283,42.76166729497072,48.69145645040119,-5.92978915543047,52.50046938950275,53.971175999413596,18.975678818452252,38.835261150089565,-65.81425532172038,-11952585.0,-14706815.45,1.0
2025-09-09,2590.0869983381435,2599.123279686501,2564.844256818159,2594.998046875,1610956,2472.1177685546877,2324.5552172851553,2595.644658985942,2565.1491119167376,2700.93665445716,2435.4309236678396,2568.1837890624997,58.17038321777538,61.11575149228109,14.955016361803283,40.04522974079964,46.962211108480886,-6.916981367681245,52.3466631787584,52.56459363290849,4.974827287260659,20.520805101164093,-66.87317192161333,-10341629.0,-14251583.05,1.0
2025-09-10,2594.9981209437656,2605.704111140776,2572.407297029418,2596.471435546875,1031486,2478.971625976563,2325.957308349608,2595.810014298129,2567.9965958831135,2699.823884476903,2448.831169234034,2574.3275268554685,58.380100405617085,61.11575149228109,14.955016361803283,37.57814608396893,45.0853981035785,-7.507252019609567,52.280661556674985,51.18832366708348,10.967548741130642,11.639351615614517,-76.78442457125217,-9310143.0,-13794398.15,1.0
2025-09-11,2596.766224743345,2610.4188445583272,2567.496325786017,2575.35400390625,1212707,2485.385458984375,2326.9503088378897,2591.718812219753,2568.665451157944,2689.4425482371803,2472.786650981569,2581.1145996093746,54.18683475459227,61.11575149228109,14.955016361803283,33.53242336060157,42.77480315498312,-9.242379794381549,52.034324380286776,50.59790903174252,10.967548741130642,8.96997492317398,-92.28543815578757,-10522850.0,-13327538.05,1.0
2025-09-12,2578.300371116456,2582.130892891774,2523.296629865972,2534.592041015625,1368380,2490.756176757812,2327.6121691894523,2580.2934579789276,2565.567868417733,2677.702072831246,2492.915163496878,2585.308618164062,47.14731291619023,61.11575149228109,14.955016361803283,26.728895146054583,39.56562155319741,-12.836726407142827,50.293429806813116,51.18622003131817,5.992721453869984,9.309272978710423,-93.64641825374251,-11891230.0,-12977587.1,1.0
2025-09-15,2534.5921470999765,2547.262556392294,2522.7073137348634,2535.083251953125,752745,2496.0129638671874,2328.2388208007806,2571.2514167737672,2562.796539648223,2655.8247350861734,2524.6538781950762,2590.239306640625,47.23627039913763,57.03657471073837,14.955016361803283,21.133077672166564,35.87911277699124,-14.746035104824678,48.65829875043225,49.28400736175477,0.12560135035056277,5.695290515117063,-93.06162981333007,-11138485.0,-12534780.8,1.0
2025-09-16,2542.1552867248165,2543.923312275821,2526.8329581431617,2534.985107421875,1040928,2500.7590039062497,2328.8275610351557,2563.998154903389,2560.268227627646,2653.9077573440727,2527.8280580856135,2590.867907714843,47.21916959553905,57.03657471073837,14.955016361803283,16.50022820526374,32.00333586264574,-15.503107657382003,47.139962769507164,46.98446070253367,0.2554165731461199,2.124579792455555,-93.1166529620886,-12179413.0,-12298477.7,1.0
2025-09-17,2540.9764060412954,2545.003561590965,2520.8411078875088,2523.984130859375,970247,2503.888320312499,2329.4813354492185,2555.9953500945867,2556.9696733759847,2657.5705546150793,2520.717677806794,2589.1441162109368,45.242049687131946,57.03657471073837,14.955016361803283,11.80489527087866,27.963647744292327,-16.158752473413667,45.51649501686266,45.35431734545672,0.2554165731461199,0.2121448322142675,-98.2561599254843,-13149660.0,-12180722.8,1.0
2025-09-18,2525.162751622593,2563.468928857849,2525.162751622593,2540.780029296875,1550153,2507.701259765625,2330.054095458984,2552.9522859350445,2555.4978875506113,2654.8760354775623,2515.2598287802493,2585.067932128906,48.76903677074107,57.03657471073837,14.955016361803283,9.331530650395962,24.237224325513054,-14.905693675117092,44.39916149331411,44.935065963529375,5.9052440031291376,2.138692383140459,-88.93730955595709,-11599507.0,-12143307.95,1.0
2025-09-19,2553.745139554843,2558.3614770399663,2509.349310472808,2514.06396484375,2214708,2510.376801757812,2330.57589477539,2545.1746217167856,2551.731167304533,2656.9005965059764,2504.5525284940236,2580.7265625,43.92284018720971,57.03657471073837,14.955016361803283,5.156171112156699,20.421013682841785,-15.264842570685087,42.78200311239473,45.226287435217145,5.775428780333581,3.9786964522029455,-97.54096121890953,-13814215.0,-12104844.2,1.0
2025-09-22,2523.2969180781097,2541.173088066885,2514.653424077742,2526.43994140625,1174161,2513.594521484375,2331.1415905761714,2541.4276856546785,2549.4319649501435,2657.8172595560727,2497.9685314595517,2577.892895507812,46.571472849913405,55.46155591518843,14.955016361803283,2.81337563148918,16.899486072571264,-14.086110441082084,41.28035604439817,43.93220427721129,10.277674106244723,7.319448963235813,-91.08597980847483,-12640054.0,-11946500.15,1.0
2025-09-23,2523.1984923690093,2529.484778551504,2473.400506763053,2477.329345703125,1430474,2513.645595703125,2331.5509130859373,2528.608017664368,2542.8771813822327,2664.0921800637198,2480.9482252097187,2572.520202636719,38.75001059513028,55.46155591518843,14.955016361803283,-2.9718635120921135,12.92521615563859,-15.897079667730704,38.503250719015355,44.80020909944271,4.502245325911142,6.851782737496482,-98.27437536523428,-14070528.0,-11893059.7,-1.0
2025-09-24,2477.3294242524616,2530.1723576313984,2465.3465130647555,2504.143798828125,1882881,2514.2918896484375,2331.948022460937,2523.7151738971197,2539.355964786405,2655.2977823905826,2475.6872029609817,2565.492492675782,44.254951991535236,55.46155591518843,14.955016361803283,-5.331546198520755,9.273863684806724,-14.605409883327479,35.81811787931952,46.23061163281415,13.850039875929115,9.54331976936166,-75.75193116968684,-12187647.0,-11962907.6,-1.0
2025-09-25,2500.7060335521905,2521.8235432620777,2486.7587030055865,2493.14306640625,1624258,2514.515834960938,2332.3426171875,2517.600752398946,2535.154792206391,2652.872864010315,2466.708678958436,2559.7907714843755,42.5647668426606,55.46155591518843,14.955016361803283,-7.997093383097763,5.819672271225827,-13.81676565432359,33.324780242459106,45.43305653450537,15.825530658816284,11.392605286885512,-80.83952118552243,-13811905.0,-11954031.25,-1.0
2025-09-26,2489.901473834488,2500.1163583210514,2454.9347142199126,2467.1142578125,885612,2514.4018945312505,2333.010686035156,2507.503453481657,2528.9692890796737,2650.8359373079525,2454.208886910798,2552.522412109375,38.78984611423461,55.46155591518843,14.955016361803283,-12.070722280109294,2.2415933609588032,-14.312315641068096,31.923234721439222,45.41509850355061,15.893174294155212,15.189581609633535,-92.16669664866869,-14697517.0,-12088074.15,-1.0
2025-09-29,2450.613113672247,2472.614514244821,2399.538211102725,2453.46142578125,2403556,2514.1681250000006,2333.627012939454,2496.6950479415755,2522.104937870726,2649.839201513393,2440.315290674107,2545.07724609375,36.939302160701416,51.92958989521628,14.955016361803283,-16.213868589034973,-1.449499029039952,-14.764369559995021,31.822856028172378,47.39089883487525,6.545379744137239,12.754694899036245,-74.42950839301345,-17101073.0,-12287458.4,-1.0
2025-09-30,2453.461508732884,2481.3564080346573,2447.273779473271,2469.66796875,1678088,2514.655297851563,2334.304934082032,2491.2896321032604,2517.3379406779327,2639.110042466155,2435.0736977682204,2537.0918701171877,40.56408994893966,51.92958989521628,14.33962381866533,-17.982320319728387,-4.756063287177639,-13.226257032550748,31.430834943135057,46.440308101054605,7.073066524102661,9.837206854131704,-66.74433469869122,-15422985.0,-12479193.55,-1.0
2025-10-01,2470.650311487506,2504.6348647874647,2453.461640846808,2491.080322265625,1483899,2516.055927734376,2335.3640173339854,2491.2477701357334,2514.9508844586317,2627.381017740654,2434.1813357749716,2530.781176757813,45.05764233127774,51.92958989521628,14.33962381866533,-17.454824724925402,-7.295815574727191,-10.15900915019821,30.307198336115853,46.778373518169026,29.88094359482831,14.499796621022735,-49.86539971593196,-13939086.0,-12546199.15,-1.0
2025-10-03,2491.080311445024,2503.2598561816244,2463.6767554329517,2499.62548828125,1242611,2517.3367285156264,2336.2464013671884,2492.923313764837,2513.557666624324,2612.787764249225,2436.821073641401,2524.804418945313,46.78667065196651,51.92958989521628,14.33962381866533,-16.160963653962426,-9.068845190574239,-7.0921184633881875,29.263821486740877,46.26442546320501,57.628448268088505,31.52748612900649,-38.94537976217908,-12696475.0,-12675808.1,-1.0
2025-10-06,2490.0981302259243,2504.2420946178245,2475.364983857677,2496.580810546875,818923,2519.132211914064,2337.2299584960947,2493.654813121245,2512.0143160718285,2604.096771591907,2436.515069228407,2520.305920410157,46.228445227740636,54.108991531933526,14.33962381866533,-15.205964586817117,-10.296269069822815,-4.909695516994303,28.261067446000176,45.022474412986604,76.79758570900935,54.768992523975385,-40.80267519531632,-13515398.0,-12799119.25,-1.0
2025-10-07,2494.812642046405,2513.8674143383946,2463.676642465363,2472.418212890625,1291750,2520.691958007814,2338.1067944335946,2489.4074930751212,2508.4146703280826,2596.956851257295,2433.1748137817685,2515.065832519532,41.95071124873729,54.108991531933526,14.33962381866533,-16.211959266483063,-11.479407109154865,-4.732552157328199,27.632388891900888,45.391638517275545,68.0430047457034,67.48967957426709,-55.54219319849104,-14807148.0,-12941847.4,-1.0
2025-10-08,2466.328548368669,2480.0794841222178,2441.8716228402013,2455.62255859375,1225128,2522.3558251953136,2338.919335937501,2482.650506178847,2503.615387443143,2584.91156824602,2431.2825479649186,2508.0970581054694,39.23305454039913,54.108991531933526,14.33962381866533,-18.155204338148906,-12.814566554953673,-5.340637783195232,27.573254332069784,44.8785115718999,46.7587399655598,63.866443473424184,-65.78777409197801,-16032276.0,-13226379.75,-1.0
2025-10-09,2456.506502076689,2478.1151158494545,2453.854583800399,2472.811279296875,1259173,2523.8487841796887,2339.8146606445325,2480.682660802453,2500.8150139753,2567.924721654204,2435.903378931734,2501.914050292969,43.2825705346437,54.108991531933526,14.33962381866533,-18.099612878513653,-13.87157581966567,-4.228037058847983,27.51834366936947,43.405798748839594,42.056137278058,52.28596066310706,-53.86502867715641,-14773103.0,-13499527.75,-1.0
2025-10-10,2465.3464877788733,2489.8034147865237,2461.9087536325683,2483.91015625,1018875,2525.327988281251,2340.891596679689,2481.3281598919625,2499.2782087275455,2553.92957470024,2440.754141120073,2497.3418579101567,45.794454627437396,54.108991531933526,14.33962381866533,-16.964414423809103,-14.490143540494358,-2.4742708833147447,26.98140062159938,42.29786034920502,57.909880533404454,48.90825259234075,-40.42996544655825,-13754228.0,-13661096.65,-1.0
2025-10-13,2474.3826327864285,2486.562176966981,2441.183896906515,2448.452392578125,1114750,2526.416279296876,2341.766943359376,2474.753006429195,2494.657679986689,2550.785533287422,2435.2842176891413,2493.0348754882816,39.7393602685193,52.861398524166106,14.33962381866533,-18.710226817181137,-15.334160195831716,-3.3760666213494215,27.01383031979039,42.51789032858079,60.92483477340953,53.630284194957326,-62.55635852096029,-14868978.0,-13809984.05,-1.0
2025-10-14,2448.648848847169,2464.560598461446,2438.139252730148,2457.783447265625,1461017,2526.0450048828134,2342.705227050782,2471.359094596481,2491.3054770120466,2545.3982579388403,2432.941512568973,2489.1698852539066,41.91591336222031,52.861398524166106,14.33962381866533,-19.120448952960487,-16.09141794725747,-3.0290310057030183,27.11904406817372,41.368137143060565,56.29870149514451,58.37780560065283,-55.41346752694909,-13407961.0,-13923457.85,-1.0
2025-10-15,2458.07813584284,2486.75861164498,2458.07813584284,2474.186279296875,881070,2525.3633496093757,2343.739132080079,2471.92453153656,2489.7491863106675,2538.3609912597617,2433.8988964355517,2486.1299438476567,45.633328466322986,52.861398524166106,14.33962381866533,-17.91546318273913,-16.456226994353802,-1.4592361883853293,26.279298849984425,40.48292480279589,55.753289587190515,57.65894195191485,-38.95582824530878,-12526891.0,-13940831.75,-1.0
2025-10-16,2473.0076593520143,2522.8056437611326,2462.498063399367,2515.93017578125,1446646,2525.7130175781253,2344.9404467773447,2480.7256603854985,2492.1292762625385,2536.8416935925156,2434.6127985949847,2485.72724609375,53.746447048367195,52.861398524166106,14.33962381866533,-13.43722374939398,-15.852426345361838,2.415202595967859,24.553738084399576,41.8989716284366,79.60842878740218,63.88680662324573,-5.57768409027839,-11080245.0,-13837361.0,-1.0
2025-10-17,2519.85903126701,2568.478412302955,2514.4568778185712,2557.37939453125,2050690,2527.0684667968753,2346.338072509767,2496.056407214649,2498.0611051960577,2541.8072803630203,2431.307148347917,2486.5572143554687,60.11161135739615,52.861398524166106,14.33962381866533,-6.469010461167272,-13.975743168522925,7.506732707355653,24.149479165043495,42.76486897528996,96.09593775681772,77.15255204380347,-6.5697907856462345,-9029555.0,-13708863.4,-1.0
2025-10-20,2562.58498576505,2578.005629364242,2539.601375794003,2548.24462890625,1011485,2528.2235400390628,2347.7709423828137,2506.4940515529693,2502.623243715166,2548.946611888906,2427.585883228282,2488.266247558594,58.210398104819475,57.76426643756033,14.33962381866533,-1.6645624309480809,-11.513507021007957,9.848944590059876,23.98884319773573,42.45339644635773,96.96464771768623,90.88967142063538,-21.278166471596016,-10041040.0,-13520204.65,-1.0
2025-10-21,2547.852148012694,2560.326164154914,2539.1105769627225,2545.593017578125,82020,2529.6811425781257,2349.2136389160164,2514.3138447580004,2506.529586793617,2552.9681140085795,2425.4796887257953,2489.2239013671874,57.640499831195214,57.76426643756033,14.33962381866533,1.9070510757373995,-8.829395401658887,10.736446477396287,23.821811783180774,40.93641007106013,93.0194332601601,95.36000624488801,-23.173984031138517,-10123060.0,-13394354.95,-1.0
2025-10-23,2554.727472782394,2619.7497080594576,2549.914741090149,2555.31689453125,3386744,2531.7044921875004,2350.4721655273443,2522.5144547126506,2510.9647965879476,2563.0457809729123,2423.200776644275,2493.1232788085936,59.21733621816269,57.76426643756033,14.33962381866533,5.459284878367271,-5.971659345653657,11.430944224020926,24.848125714811108,43.30928724322245,91.59169227360329,93.85859108381653,-35.47858156699915,-6736316.0,-13027644.35,-1.0
2025-10-24,2538.029794005612,2538.029794005612,2430.4778348556065,2471.63232421875,3110800,2531.6652050781254,2351.136096191407,2512.338028613871,2507.389117281657,2561.8517749278335,2421.1436352284163,2491.497705078125,44.0275686481621,57.76426643756033,14.33962381866533,1.5044677486230285,-4.47643392679832,5.980901675421348,23.441139313583946,49.13284241696681,68.94831773232707,84.51981442203015,-78.25641566995061,-9847116.0,-12910617.8,-1.0
2025-10-27,2471.6322783442465,2480.0793772907623,2461.4173938576832,2467.1142578125,2127832,2532.2152392578128,2351.9234777832035,2503.2932744535965,2503.7277664208245,2561.380269769042,2419.012259527833,2490.1962646484376,43.38059048468782,51.085862729687314,14.33962381866533,-1.9715961859901654,-3.975466378636689,2.0038701926465237,22.134651941015868,46.95635248954626,46.18188249848539,68.90729750147192,-80.64349322657411,-11974948.0,-12818769.95,-1.0
2025-10-28,2474.186322669988,2481.0617908155573,2437.7462455795494,2452.676025390625,2294976,2532.2545263671877,2352.5677111816412,2493.1698246410024,2499.0866990544428,2561.925553976912,2417.023152077776,2489.474353027344,41.292349493244586,51.085862729687314,14.33962381866533,-5.824307596495146,-4.34523462220838,-1.4790729742867654,21.377043613974386,46.69629482857924,17.564025300096468,44.23140851030297,-88.27179645910175,-14269924.0,-12797390.3,-1.0
2025-10-29,2467.9000740374127,2468.882283692001,2439.8087819972766,2443.8359375,1870143,2532.4018554687495,2353.1181738281252,2483.303047212802,2494.0639025494934,2562.5706638831616,2415.415493343401,2488.9930786132813,40.022034123032896,51.085862729687314,14.33962381866533,-9.481632008005818,-5.3725140993678675,-4.10911790863795,20.67355016743587,45.43752389044674,10.37193330463102,24.705947034404293,-92.9423730962886,-16140067.0,-12749340.0,-1.0
2025-10-30,2446.6842295799647,2452.577487459322,2411.2263654202525,2425.6650390625,1195631,2530.46689453125,2353.4106005859376,2471.7754455827417,2487.8458240506757,2565.2719710176225,2408.31389324019,2486.792932128906,37.47030985337943,51.085862729687314,14.33962381866533,-13.688534690009874,-7.035718217496269,-6.652816472513605,20.564157330972154,45.1456380439198,3.7502496626655235,10.562069422464335,-93.0757518753045,-17335698.0,-12844975.65,-1.0
2025-10-31,2425.0756732953823,2435.3888748221552,2409.262001702085,2421.637939453125,1401937,2527.7304541015624,2353.6505712890626,2461.7479443568186,2481.826925450898,2566.975160681784,2399.666465294777,2483.3208129882805,36.90866271479414,51.085862729687314,14.12904891576437,-17.149796478765893,-9.058533869750194,-8.091262609015699,20.499133343717503,43.78715483507341,0.4625145142779292,4.86156582719149,-94.12035127123872,-18737635.0,-13084903.1,-1.0
2025-11-03,2412.405317967791,2430.8706683206365,2396.8863568906377,2416.23583984375,1049185,2523.609096679687,2353.820035400391,2452.645523454205,2475.864099486612,2567.5613758163217,2390.7412853164897,2479.1513305664057,36.12639432129672,47.62833681977143,14.12904891576437,-20.09710871539164,-11.266248838878484,-8.830859876513157,20.675052220817154,43.08695173471094,0.0,1.4042547256478175,-91.31778156810762,-19786820.0,-13439420.35,-1.0
2025-11-04,2416.235832042188,2419.4771719714577,2397.868558839373,2402.190185546875,1251588,2519.635073242187,2354.3228906250006,2442.554455872739,2469.166470946636,2568.8010048713863,2380.0625937614263,2474.4317993164063,34.10254429969269,47.62833681977143,14.12904891576437,-23.29768065420376,-13.672535201943539,-9.62514545226022,20.83840546383826,41.55278469166622,0.0,0.15417150475930974,-97.62014318261791,-21038408.0,-13815570.85,-1.0
2025-11-06,2420.066396652233,2420.066396652233,2389.323424718209,2392.662841796875,1329256,2515.8260644531247,2354.753564453125,2432.576133057566,2462.211595569385,2571.6633444676695,2369.224717055768,2470.4440307617188,32.76182951911837,47.62833681977143,14.12904891576437,-26.29976665293998,-16.19798149214283,-10.10178516079715,21.16573420001855,40.78065520897748,0.0,0.0,-98.55076555059455,-22367664.0,-14193596.65,-1.0
2025-11-07,2392.662907838229,2400.582354781839,2376.4281382767645,2389.693115234375,817896,2511.924262695312,2355.30546875,2423.999529492928,2455.61900644802,2574.5073665343352,2359.787750653165,2467.14755859375,32.33509956415079,47.62833681977143,14.12904891576437,-28.5890171566175,-18.676188625037764,-9.912828531579738,21.73239239367336,39.59305244441298,0.0,0.0,-94.5483760566491,-23185560.0,-14551260.85,-1.0
2025-11-10,2380.783624699676,2404.8389919884094,2379.793693878596,2384.54541015625,780558,2506.7212109375005,2355.787895507812,2416.1087056255924,2449.1577704214956,2576.1970842046194,2349.2714460688185,2462.734265136719,31.567547742004788,45.508878864994486,14.12904891576437,-30.467431863376078,-21.034437272705425,-9.432994590670653,22.09969999619369,38.55392713479872,0.0,0.0,-96.66397356932434,-23966118.0,-15010911.6,-1.0
2025-11-11,2397.8104470854564,2409.194651815599,2378.9029129343594,2403.05712890625,1422399,2502.638803710937,2356.405648193359,2413.498390281724,2444.966803011019,2574.710382985335,2342.6728445537274,2458.691613769531,37.32882907226088,45.508878864994486,14.12904891576437,-30.11519879188063,-22.850589576540465,-7.264609215340165,22.271917209670953,37.96377083097308,6.945539969469662,2.3151799898232204,-89.05605012606671,-22543719.0,-15450386.15,-1.0
2025-11-12,2406.126077343887,2410.283738675327,2391.870927758796,2400.08740234375,1680827,2498.390922851562,2357.0313940429683,2410.8161926941293,2440.886857495813,2575.1712316915446,2337.37549682408,2456.2733642578123,36.793668056727945,45.508878864994486,14.12904891576437,-29.732940825844253,-24.227059826401224,-5.505880999443029,22.38743520911373,36.56727369422724,13.24591404433776,6.7304846712691395,-90.27654470250407,-24224546.0,-15918164.55,-1.0
2025-11-13,2404.542090020514,2406.5219517661053,2380.78374907342,2383.357666015625,1256059,2494.0107812499996,2357.561584472656,2405.3244873584285,2435.6569309976135,2575.8290825150248,2329.2750678755997,2452.552075195312,33.84958057993751,45.508878864994486,14.12904891576437,-30.429179894858407,-25.46748384009266,-4.961696054765746,22.776802969329143,35.793768622688525,19.35086056387642,13.180771525894613,-95.71196983867068,-25480605.0,-16521796.75,-1.0
2025-11-14,2380.882834280137,2405.729954130381,2367.91464319838,2403.255126953125,975973,2489.4883740234372,2358.294537353515,2404.910615277368,2432.7113124481143,2573.73460204804,2324.2764331082108,2449.0055175781254,39.99893893579972,45.508878864994486,14.12904891576437,-29.040633222919496,-26.18211371665803,-2.858519506261466,23.452323921965238,35.93816450192514,36.19651302876726,22.93109587899381,-68.76590837772048,-24504632.0,-17120683.8,-1.0
2025-11-17,2406.9177360630524,2413.847251909541,2391.672897873711,2400.582275390625,920038,2485.1541357421875,2358.788623046874,2404.0449473000194,2429.7904908974333,2565.5819263398853,2320.894318777302,2443.2381225585937,39.46816932859816,46.59542004035073,14.12904891576437,-27.835012072137033,-26.51269338775383,-1.3223186843832018,23.704309457123024,34.95503518291832,56.976799272025545,37.508057621556404,-71.12818760330319,-25424670.0,-17837905.05,-1.0
2025-11-18,2391.474933232895,2398.503297074712,2377.7147497683018,2379.793701171875,1229034,2480.3667968749996,2359.0584826660147,2399.1946980743905,2425.24532819511,2547.2333940191174,2321.484281762133,2434.358837890625,35.52025109148866,46.59542004035073,14.12904891576437,-28.23157678259622,-26.856470066722313,-1.3751067158739083,24.29575415865548,34.091641642875814,66.45609671221361,53.20980300433546,-88.2347869917337,-26653704.0,-18719112.5,-1.0
2025-11-19,2387.7133295616327,2426.023607035294,2386.7233986621463,2417.015380859375,1465143,2476.976088867187,2359.5338903808583,2402.758834631388,2424.4971511645886,2527.256890743285,2328.3378602332778,2427.7973754882814,45.945953501451626,46.59542004035073,14.12904891576437,-25.251297457798046,-26.535435544937464,1.284138087139418,23.647344785292717,34.958660515771754,75.99823761118644,66.47704453180853,-42.004384462137814,-25188561.0,-19476488.55,-1.0
2025-11-20,2420.480036715518,2434.239978963932,2400.5823298037967,2403.947998046875,1396929,2473.5106494140623,2359.9677758789053,2402.9966673144854,2422.6290463357054,2503.658023083022,2337.772225940417,2420.7151245117193,43.29905243488825,46.59542004035073,14.12904891576437,-23.670969009363034,-25.96254223782258,2.2915732284595443,22.722298525613013,34.865731133226305,76.11462284677332,72.85631905672444,-46.596865230847186,-26585490.0,-20299610.05,-1.0
2025-11-21,2411.6696515110984,2418.599167929673,2388.703302574577,2409.19482421875,1840712,2469.7945849609373,2360.3073681640617,2404.2362986953385,2421.407753415982,2466.967132802013,2359.850909190176,2413.4090209960946,44.67717404228733,46.59542004035073,14.12904891576437,-21.744515071558,-25.118936804569664,3.3744217330116655,22.230621664354157,34.51074072050273,90.92231180740139,81.01172408845372,-37.761067405240325,-24744778.0,-21200033.15,-1.0
2025-11-24,2417.312010655888,2420.281803162537,2388.703106181435,2399.790283203125,4092327,2465.8609619140625,2360.3080981445305,2403.347095596896,2419.4425288511766,2456.071800688414,2363.5620372022127,2409.8169189453133,42.675024040868685,47.092994982808634,14.12904891576437,-20.737604117867704,-24.242670267229272,3.505066149361568,21.702020708547014,34.301309024831255,83.33934441563778,83.4587596899375,-51.94047698843236,-28837105.0,-22149532.6,-1.0
2025-11-25,2397.612593614541,2399.7903932161203,2381.7736995196474,2389.792236328125,1240672,2462.1497265625,2360.07780517578,2400.636123743142,2416.747047712717,2444.289365262542,2367.6122704796458,2405.950817871094,40.59236799707624,47.092994982808634,14.12904891576437,-20.50995278955952,-23.496126771695323,2.986173982135803,21.437362297344386,33.1381222156628,77.0644613650982,83.77537252937913,-67.01472691057562,-30077777.0,-23054674.05,-1.0
2025-11-26,2387.713234421413,2403.2551005876053,2384.7434418412868,2400.7802734375,1242683,2459.4734912109375,2360.2139746093735,2400.6649536820137,2415.2955227786065,2434.7804293921486,2371.931631154727,2403.3560302734377,43.83642271405452,47.092994982808634,14.12904891576437,-19.221323258204848,-22.64116606899723,3.4198428107923817,21.02618515388641,32.09337482499535,75.11535485473183,78.50638687848927,-50.44784943826899,-28835094.0,-23782932.55,-1.0
2025-11-27,2401.6713428676044,2434.932874570679,2400.5823222546774,2427.013427734375,1872248,2457.312094726563,2360.5002636718737,2405.934648492486,2416.3607868654944,2430.0351970444676,2374.9946125258452,2402.5149047851564,50.75089934072584,47.092994982808634,14.12904891576437,-15.899993530376832,-21.29293156127315,5.3929380308963175,19.7424709215294,32.25460178863865,82.69832224649545,78.29271282210848,-11.81685442026944,-26962846.0,-24324071.5,-1.0
2025-11-28,2425.330722145888,2445.129340285854,2422.5588672698223,2441.763671875,973225,2455.447666015625,2361.0887207031237,2413.1004531689887,2418.6701400481766,2434.4023057132217,2372.2373671383402,2403.319836425781,54.16762633788746,47.092994982808634,14.12904891576437,-11.939957959972162,-19.422336841012953,7.482378881040791,18.91853958072586,31.56287830488103,95.1094930766551,84.30772339262745,-4.358844284581309,-25989621.0,-24756767.65,-1.0
2025-12-01,2441.7635217623283,2462.9479451967945,2434.042012825968,2439.6845703125,1924828,2453.761674804688,2361.7559631347644,2418.417276597691,2420.5805427994787,2438.4339739908182,2370.0103619466818,2404.22216796875,53.60312720173236,49.85202342690672,14.694337528297892,-8.867152347576393,-17.311299942325643,8.44414759474925,18.7497164652413,31.373096452448568,99.07389529012778,92.29390353775943,-24.479181923703585,-27914449.0,-25215608.35,-1.0
2025-12-02,2446.119251627908,2459.3842290026478,2435.2300117380223,2452.850830078125,2179406,2452.003090820313,2362.5320471191394,2425.303987293778,2423.514205279356,2446.349220118146,2365.7566148427904,2406.0529174804683,56.68181153112594,49.85202342690672,14.694337528297892,-5.308333469409263,-14.910706647742368,9.602373178333105,18.592952143719927,30.857462224746918,99.07389529012778,97.75242788563688,-10.62481772846111,-25735043.0,-25513019.5,-1.0
2025-12-03,2453.2466947597763,2459.879183417393,2378.903029581739,2423.350830078125,3535932,2450.1888281250003,2363.172293701171,2424.9133558506473,2423.4993529883345,2448.0857056535538,2366.1361937605075,2407.1109497070306,48.85896214116814,49.85202342690672,14.694337528297892,-4.812867585154436,-12.891138835224782,8.078271250070346,18.164034121980492,34.43736876838316,86.75147478263537,94.9664217876303,-41.66656770416136,-29270975.0,-25924647.85,-1.0
2025-12-04,2415.431298091029,2457.998325065584,2398.8004113086886,2437.40771484375,2587753,2448.40818359375,2364.107353515624,2427.412227649268,2424.763749520645,2451.858777652635,2366.8376090661145,2409.348193359375,52.24136188920784,49.85202342690672,14.694337528297892,-3.2484876365838318,-10.962608595496592,7.71412095891276,17.765753101793877,36.20597912470548,80.6830580588853,88.83614271054947,-29.9651212472396,-26683222.0,-26140425.75,-1.0
2025-12-05,2397.6126302941066,2397.6126302941066,2263.674931718664,2315.052490234375,4008271,2445.1626464843753,2364.3468054199207,2404.9402801662895,2414.7899986764382,2465.1065555439486,2346.125768674801,2405.6161621093747,32.24827078057934,49.85202342690672,14.694337528297892,-11.746344766667335,-11.119355829730742,-0.6269889369365931,19.957452040494623,46.02932226758979,47.34972472555195,71.59475252235754,-74.21750310342478,-30691493.0,-26515722.4,-1.0
2025-12-08,2326.4365509724244,2331.3862051452247,2278.8207811571547,2290.699951171875,1898154,2440.8937695312507,2364.517952880858,2382.0922143674065,2403.5090852669323,2479.2379240211785,2322.609854299133,2400.923889160156,29.803494844954184,40.91280603692395,14.694337528297892,-20.213001249448553,-12.938084913674304,-7.274916335774249,21.99260105500246,46.49618667619553,26.338811899711033,51.45719822804942,-86.43819402260566,-32589647.0,-26946898.85,-1.0
2025-12-09,2294.659840185007,2306.934886746879,2274.960311827886,2283.275634765625,1471488,2436.696420898438,2364.667287597655,2362.3288984470505,2392.578771584995,2489.248232598049,2300.621396308201,2394.934814453125,29.079693538808716,40.91280603692395,14.694337528297892,-27.20832713874188,-15.79213335868782,-11.416193780054058,23.931764444997906,45.45892869353819,0.0,24.562845541754328,-90.16389489733288,-34061135.0,-27522769.65,-1.0
2025-12-10,2283.2756424827394,2293.570827267341,2271.891437024881,2278.52392578125,2857290,2432.924614257813,2364.739161376952,2345.5679039138904,2382.2101492392003,2496.49874831042,2281.2145329395794,2388.8566406249997,28.600941599881562,40.91280603692395,14.694337528297892,-32.75798287254065,-19.185303261458387,-13.572679611082265,25.773651755051468,43.76039023274691,0.0,8.779603966570344,-92.54841696654749,-36918425.0,-28157463.6,-1.0
2025-12-11,2273.1783599753567,2289.710157566845,2268.9216087951613,2282.384765625,1108032,2429.503081054688,2364.992661132811,2332.9312762561126,2373.1351143651823,2501.5352951374166,2266.0806960735204,2383.8079956054685,29.614895282296324,40.91280603692395,14.694337528297892,-36.42470617647041,-22.633183844460792,-13.791522332009617,27.52596549159437,42.11954441409952,1.2036114323825122,0.4012038107941707,-90.61095449917043,-35810393.0,-28673953.0,-1.0
2025-12-12,2283.6714979780418,2285.750449542293,2222.097844295659,2237.837890625,3203114,2424.8664794921883,2365.245040283202,2313.91259912989,2360.8353667524384,2509.6184865789087,2241.455780999215,2375.537133789062,25.172891912838843,40.91280603692395,14.694337528297892,-42.43599558921915,-26.593746193412464,-15.842249395806682,29.741029327056893,43.657620187852004,1.2036114323825122,0.8024076215883414,-93.46479562580623,-39013507.0,-29399396.75,-1.0
2025-12-15,2237.83786456232,2275.8511140306505,2229.32436224316,2270.406494140625,1274115,2420.453002929688,2365.6716833496084,2305.211378132037,2352.6145601513645,2510.4292299408926,2227.6274595122313,2369.028344726562,33.07631295989987,36.605264943812834,14.694337528297892,-44.064028944522306,-30.087802743634434,-13.976226200887872,31.79787431712923,43.862558159254746,9.564652414646739,3.990625093137254,-79.94244151685206,-37739392.0,-30015132.85,-1.0
2025-12-16,2270.3073037063286,2279.513708903146,2253.0826036728013,2258.13134765625,1256042,2415.623120117188,2366.068054199218,2295.7953720368796,2344.025177197263,2512.6218354674484,2213.2686186341143,2362.9452270507813,31.716576655399766,36.605264943812834,14.694337528297892,-45.81661344165332,-33.233564883238216,-12.5830485584151,33.54017000070606,42.61745437861831,15.28361488814442,8.683959578391223,-85.03903331334615,-38995434.0,-30632219.35,-1.0
2025-12-17,2258.230235399214,2263.179889712154,2245.460223944765,2252.686767578125,808100,2410.745239257813,2366.4381750488274,2287.173651145129,2335.721685413705,2509.8503551409003,2199.6072376325374,2354.728796386719,31.105773880997937,36.605264943812834,14.694337528297892,-47.10191978106059,-36.007235862802695,-11.094683918257893,35.25850321269182,40.839040906387645,21.560019622668946,15.469428975153367,-87.29960121751319,-39803534.0,-31362968.0,-1.0
2025-12-18,2247.1431656574155,2255.35964054673,2232.5912296171614,2242.6884765625,1057295,2406.1506445312502,2366.6715539550773,2278.2766162286034,2327.264120972686,2507.6680022165347,2185.663638408465,2346.6658203125,29.96455589388665,36.605264943812834,14.694337528297892,-48.36973662621767,-38.47973601548569,-9.890000610731981,37.021180794449634,39.54828162232915,18.268087154328324,18.370573888380562,-91.45085171656491,-40860829.0,-32076734.95,-1.0
2025-12-19,2240.906558258753,2261.794197185154,2240.906558258753,2257.04248046875,1237214,2402.1790429687503,2367.0464440917963,2274.029789076633,2320.880335472328,2501.987336686444,2176.129069563556,2339.058203125,33.723936305297435,36.605264943812834,14.694337528297892,-47.66676960780842,-40.317142733950234,-7.349626873858185,38.32840007388149,38.21537857262,20.39167593936201,20.073260905453093,-85.30387779707098,-39623615.0,-32820676.8,-1.0
2025-12-22,2257.0424338692947,2271.8913972500136,2257.0424338692947,2266.44677734375,790773,2398.0517529296876,2367.734193115234,2272.513186730056,2315.9318301879116,2495.7685668734025,2169.013488790661,2332.391027832032,36.14245022647056,38.34400932063674,14.694337528297892,-45.822600602128205,-41.418234307585834,-4.4043662945423705,39.02653422478872,36.546348916055635,27.623679478631345,22.09448085744056,-81.3488589088203,-38832842.0,-33320463.65,-1.0
2025-12-23,2266.2486667249427,2286.740186291609,2257.7351650294536,2279.414794921875,1128801,2393.961845703125,2368.5519055175782,2273.89350836842,2312.6120997091807,2489.5409958460023,2164.203315677436,2326.872155761719,39.42504252510704,38.34400932063674,14.694337528297892,-42.82105823415668,-41.69879909290001,-1.12225914125667,38.94942920466323,36.007682655062766,40.10531127217057,29.37355556338797,-75.70291063454103,-37704041.0,-33701776.85,-1.0
2025-12-24,2279.414949884213,2281.790687332576,2255.161643229268,2259.22021484375,519380,2390.1772021484376,2369.3634130859377,2270.958849663486,2307.7582919941415,2481.2369127912107,2158.3513928728526,2319.7941528320316,36.29601382112069,38.34400932063674,14.694337528297892,-41.592396861104135,-41.67751864654084,0.08512178543670501,38.93384099666416,35.33777990136599,57.074220998250624,41.60107058301751,-78.84943405940771,-38223421.0,-34171193.2,-1.0
2025-12-26,2259.3192987304974,2266.9417181800486,2252.092754960529,2262.387939453125,533626,2386.269291992188,2370.1270947265625,2269.244667621414,2303.633714490413,2466.6501580108375,2156.4755988251004,2311.562878417969,37.138799835494986,38.34400932063674,14.694337528297892,-39.90308702037419,-41.32263232130751,1.419545300933322,38.989251249586935,33.87429299551983,71.55201693131738,56.24384973391285,-63.13413903890006,-37689795.0,-34707540.65,-1.0
2025-12-29,2265.8526552878384,2275.554026080165,2257.0423672814736,2270.20849609375,1086695,2382.1897363281255,2370.694172363281,2269.437433315881,2300.5950582725345,2446.279946206409,2159.690293051404,2302.9851196289064,39.274768234723076,38.84677607655601,14.694337528297892,-37.5009555667566,-40.55829697039733,3.057341403640727,38.5812680614912,32.77696198146065,86.98314419254133,71.86979404070311,-43.29051271942441,-36603100.0,-35238214.6,-1.0
2025-12-30,2270.208530832208,2274.8611576222947,2260.0121944524367,2267.1396484375,1556717,2377.2139257812505,2371.3158886718743,2268.977876340205,2297.55365737844,2423.0298393796875,2165.685907690624,2294.3578735351557,38.71879190757469,38.84677607655601,14.694337528297892,-35.43639078716433,-39.53391573375073,4.097524946586404,38.20242652968802,31.496390637774752,92.6496061704936,83.7282557647841,-36.98065720905076,-38159817.0,-35750483.0,-1.0
2025-12-31,2266.941697626568,2302.0842435941418,2263.773967171593,2292.580810546875,1324220,2371.9179541015637,2371.8548608398432,2273.6984631815394,2297.101580393752,2391.2173001715287,2181.4714449456583,2286.3443725585935,45.59470161131411,38.84677607655601,13.960697526423113,-31.38552635240876,-37.90423785748234,6.518711505073583,36.47593644271035,31.983096765258605,97.99673529696629,92.54316188666706,-11.88131123618038,-36835597.0,-36305510.7,-1.0
2026-01-01,2298.6194441455013,2302.5791675634955,2276.840965346534,2299.609375,758866,2366.9452490234385,2372.5786633300772,2278.8806455452313,2297.3295617215927,2363.3585972344617,2196.9560023749136,2280.1572998046877,47.35220982439811,38.84677607655601,13.960697526423113,-27.2934191454151,-35.782074115068895,8.488654969653794,34.849803546661526,31.537032868951655,98.34820106161284,96.33151417635756,-3.690039431399783,-36076731.0,-36645798.5,-1.0
2026-01-02,2302.5791870325143,2333.959947048983,2298.61946358104,2324.357666015625,973413,2362.5205419921886,2373.5430883789054,2287.97604963931,2299.7866621119592,2319.152256565369,2229.8573381611927,2274.504797363281,53.097540734116734,38.84677607655601,13.960697526423113,-21.802093484610396,-32.9860779889772,11.183984504366805,32.69241580660818,31.808707911736764,99.99999999999999,98.7816454528597,-9.176879023687157,-35103318.0,-37066803.3,-1.0
2026-01-05,2317.923087360375,2369.8944570321323,2312.8743433478985,2360.09423828125,1344113,2358.6160888671884,2374.7741601562493,2302.399687367698,2305.2691690364404,2333.0430487359286,2220.470720795322,2276.7568847656253,59.902219097457376,44.497251906246916,13.960697526423113,-14.400535210829275,-29.268969433347614,14.868434222518339,31.819923355877798,33.60952260977227,99.99999999999999,99.44940035387093,-7.1376463142145745,-33759205.0,-37220188.9,1.0
2026-01-06,2374.646286801663,2403.65131045372,2343.958428959233,2400.285400390625,1584720,2357.189150390626,2376.223441162109,2321.9768299722837,2313.9070082504572,2361.0604985732625,2203.411815879863,2282.2361572265627,65.89504687816861,44.497251906246916,13.960697526423113,-5.231352290044015,-24.461446004686895,19.23009371464288,31.826603777199765,35.47261967296616,99.99999999999999,99.99999999999999,-1.9676771147505878,-32174485.0,-37199430.8,1.0
2026-01-07,2391.672939054789,2397.5134344101757,2358.0152900780245,2375.239990234375,892690,2355.3516650390634,2377.547495117187,2332.629462024702,2319.482733885359,2375.969193116653,2197.6995568833468,2286.834375,59.88834549604633,44.497251906246916,13.960697526423113,0.014172576056353137,-19.56632228853825,19.580494864594602,31.832807025570162,35.958154718654335,94.42748000600199,98.14249333533398,-16.60897158495487,-33067175.0,-37149732.8,1.0
2026-01-08,2364.944858096775,2393.751943204461,2344.255399502143,2362.66796875,1163828,2353.5515039062507,2378.6687219238274,2338.6371633697618,2323.408664327599,2386.2604214020707,2195.8227328948046,2291.0415771484377,57.07581622419252,44.497251906246916,13.960697526423113,3.120856468679449,-15.02888653709471,18.14974300577416,31.238775612376774,36.92518250320174,85.28964329792032,93.23904110130742,-25.182588778421668,-34231003.0,-37015361.7,1.0
2026-01-09,2358.0152139754705,2361.9749372567057,2337.226666748986,2348.7099609375,1189464,2351.6489843750005,2379.514340820312,2340.6517228833095,2325.7087822012263,2392.8701764629927,2195.845497365133,2294.357836914063,54.041339259242406,44.497251906246916,13.960697526423113,4.405843436903524,-11.141940542295064,15.547783979198588,30.388681566124124,36.10490532447403,72.00933731578719,83.90882020656983,-36.250906019415176,-35420467.0,-36995865.4,1.0
2026-01-12,2338.216782309291,2389.5940992696505,2337.226851410769,2381.9716796875,1057665,2350.7751171875,2380.507800292968,2348.9157142441477,2330.823591063615,2403.6895154383233,2199.439537296053,2301.564526367188,59.55905075029216,46.58590603301031,13.960697526423113,8.015747048054436,-7.310403024225163,15.3261500722796,30.320895963753436,37.26650121978885,70.4464934442779,75.91515801932847,-14.304458561030442,-34362802.0,-36763330.15,1.0
2026-01-13,2390.782022961365,2397.810386782512,2341.1863921461404,2365.439697265625,1519683,2349.6511523437503,2381.3700012207028,2352.220510848443,2333.970509809252,2411.1447057606506,2201.487667286226,2306.3161865234383,55.96275312085242,46.58590603301031,13.960697526423113,9.433880942817723,-3.9615462308165865,13.39542717363431,30.452372953652798,38.64917932097333,68.39894926714268,70.28492667573593,-25.21244219024743,-35882485.0,-36670484.8,1.0
2026-01-14,2374.745009829848,2374.745009829848,2317.428110518576,2329.80224609375,1027639,2347.9224804687497,2381.9806286621088,2347.7368578975047,2333.591576744206,2412.672672825106,2207.1267900655203,2309.899731445313,49.082548597075764,46.58590603301031,13.960697526423113,7.594572294601221,-1.650322525733025,9.244894820334245,29.562075774485507,39.98258789170897,62.19073824849629,67.01206031997229,-48.72642400137396,-36910124.0,-36566219.3,1.0
2026-01-15,2329.80224609375,2329.80224609375,2329.80224609375,2329.80224609375,0,2346.4747216796873,2382.7144567871087,2344.149935536754,2333.2470921396193,2413.2238447220093,2214.2871660201786,2313.755505371094,49.08254859707578,46.58590603301031,13.960697526423113,6.066970677969493,-0.1068638849925212,6.173834562962014,28.73537125097302,37.1266887565869,48.70454811489073,59.764745210176564,-50.3714594499238,-36910124.0,-36421548.8,1.0
2026-01-16,2346.1362458650515,2349.0069488178538,2325.2486070875743,2336.6328125,1367606,2345.3541210937506,2383.488754882812,2342.6465109294036,2333.554884899654,2412.5163475755558,2224.3890967603825,2318.452722167969,50.43704822299675,46.58590603301031,13.960697526423113,5.345881025802555,0.9836850971664942,4.362195928636061,28.502863745574007,36.17180682613637,40.92975135986224,50.60834590774975,-46.65755388881754,-35542518.0,-36155633.25,1.0
2026-01-19,2329.30730174585,2400.978198972787,2329.30730174585,2389.593994140625,1505238,2345.352138671875,2384.4588488769523,2352.036007571648,2338.649349376106,2419.6031486910183,2230.557447012107,2325.0802978515626,59.44527523243117,45.668051791126864,13.960697526423113,8.944826631181968,2.5759134039695892,6.368913227212379,29.406128272697508,38.70745614047928,49.82769044853711,46.487329974430025,-10.049745000333466,-34037280.0,-35876316.5,1.0
2026-01-20,2398.602397957309,2414.441291216623,2344.6511677927724,2355.14453125,1460806,2344.76412109375,2385.3781921386712,2352.6577123073184,2340.1489113646417,2420.719765471905,2238.310605621845,2329.515185546875,52.73156913211879,45.668051791126864,13.960697526423113,8.914472711002873,3.8436252653762457,5.070847445626627,30.47778535725159,40.92764666072009,46.786059021244455,45.84783360988126,-43.093473501368216,-35498086.0,-35709578.7,1.0
2026-01-21,2355.1445790948096,2376.329002586571,2336.23680320946,2344.15625,1020245,2343.586103515625,2386.222912597656,2350.957419845855,2340.5132148769467,2421.0180613873345,2244.486455214228,2332.7522583007812,50.76224239561291,45.668051791126864,13.960697526423113,7.912543668571743,4.657408946015345,3.255134722556398,31.102053483643953,40.867971854748,35.74315159634736,44.11896702204297,-60.683761128139714,-36518331.0,-35650293.2,1.0
2026-01-22,2345.04711560399,2377.8139237153,2341.879385191128,2366.52880859375,1745964,2342.914931640625,2387.147176513671,2354.071697595434,2342.8782688512015,2420.4068881417825,2255.8284878347795,2338.117687988281,54.48902288241938,45.668051791126864,13.960697526423113,8.822090618093625,5.490345280431002,3.331745337662624,31.711194332767015,40.51558375970684,23.719553227115107,35.41625461490231,-47.173301579171245,-34772367.0,-35477740.5,1.0
2026-01-23,2375.8341817545133,2409.788860271892,2352.8678330006896,2385.238525390625,1378097,2342.952548828125,2388.1649890136714,2360.3050631544725,2346.7292012638763,2420.8939316948563,2267.626502875455,2344.2602172851557,57.39337284299592,45.668051791126864,13.960697526423113,10.92667500259131,6.577611224863063,4.349063777728246,32.86315615869464,41.6874011533851,30.526877628722602,29.996527484061687,-30.101853805712754,-33394270.0,-35262964.25,1.0
2026-01-27,2387.713182496065,2397.216615218734,2356.5303610828705,2376.724853515625,2060117,2342.4219433593753,2389.1166638183586,2363.589021226703,2349.456078741308,2419.017497536638,2280.154572775861,2349.5860351562496,55.65294775159843,49.94264387583023,13.960697526423113,11.771892077310895,7.61646739535263,4.155424681958265,33.93283499705601,41.61589065213357,47.464760179427685,33.90373034508846,-38.87764263537575,-35454387.0,-35205528.6,1.0
2026-01-28,2378.902901138909,2395.8305735138733,2317.0322235644744,2354.451416015625,1797593,2341.4993261718755,2389.7633020019525,2361.7615001844874,2349.9102003117005,2411.52273445461,2296.380512615702,2353.951623535156,51.2723643260336,49.94264387583023,13.960697526423113,10.523148137820044,8.197803543846113,2.325344593973931,33.20443217611813,44.27178060193825,43.71299134197178,40.56820971670736,-61.585514210262346,-37251980.0,-35160136.75,1.0
2026-01-29,2346.6310422104034,2350.788703377116,2288.720088416137,2328.911376953125,1478536,2340.4816796875007,2389.9869995117183,2355.191475538215,2348.0012163700117,2407.145389532237,2304.3909141787003,2355.7681518554687,46.73022312687876,49.94264387583023,13.960697526423113,7.387483551890455,8.035739545454982,-0.6482559935645273,31.5400632214159,45.80460538747751,27.235519033436447,39.4710901849453,-68.03141582985828,-38730516.0,-35254882.7,1.0
2026-01-30,2317.428169157251,2360.985127484,2316.4382382861886,2349.10595703125,2090462,2339.1234912109385,2390.2331823730465,2353.9743718368222,2348.101647339215,2402.506019259736,2313.9799426543264,2358.2429809570312,50.46678162812909,49.94264387583023,13.960697526423113,6.457542089922299,7.720100054348446,-1.262557964426147,30.26200025152491,45.71476851678706,16.676143659532414,29.208218011646878,-51.968429135264756,-36640054.0,-35283048.85,1.0
2026-02-02,2332.3760961990047,2336.236729715009,2279.810673107486,2333.56396484375,1375089,2337.715810546876,2390.424251708984,2349.892290438208,2346.780039839627,2401.6546273028916,2315.751964493983,2358.7032958984373,47.694026966577624,46.983404598928296,15.678521471607516,4.415548210574798,7.059189685593717,-2.643641475018919,28.249852448619368,47.399091045856856,12.235429688237817,18.715697460402225,-60.073501487834314,-38015143.0,-35428640.1,1.0
2026-02-03,2365.934667080886,2375.734885556113,2319.704945981085,2344.750244140625,1553270,2336.4269189453134,2390.6464672851557,2348.8638811786914,2346.5955129578992,2401.328700835533,2314.5434915472797,2357.9360961914062,49.83055590126255,46.983404598928296,15.678521471607516,3.6577285827956985,6.378897465034114,-2.7211688822384152,27.092924841794833,48.015580226511936,20.363153031790965,16.424908793187065,-51.76463426729839,-36461873.0,-35563773.5,1.0
2026-02-04,2336.830792697157,2369.3994200347297,2333.069007240937,2347.1259765625,1232755,2335.373632812501,2390.8397375488275,2348.516300255453,2346.643736921954,2394.01056769874,2316.5456823012596,2355.278125,50.29491595749159,46.983404598928296,15.678521471607516,3.211828855850854,5.745483743197463,-2.533654887346609,26.018634921172055,47.180925409889134,19.999470919363144,17.532684546463976,-50.00000415919836,-35229118.0,-35716505.15,1.0
2026-02-05,2338.7116518565326,2398.6024687612185,2327.921502178045,2330.693115234375,1962066,2334.191650390626,2391.0674829101563,2344.9516632512377,2345.193680404901,2392.072193713659,2314.029368786341,2353.05078125,47.05089392982669,46.983404598928296,15.678521471607516,1.5149916549366935,4.899385325545309,-3.384393670608615,25.688142022553613,48.85949977940943,18.31345597316121,19.558693308105106,-62.20589131839112,-37191184.0,-35922705.6,1.0
2026-02-06,2330.693062545289,2404.5419995502302,2313.963328097432,2399.790283203125,1421995,2334.1718505859385,2391.4088940429688,2355.9193872416154,2350.157007932012,2399.049901262014,2310.7638926832988,2354.9068969726563,59.02003597772562,46.983404598928296,15.678521471607516,5.680320732583368,5.055572406952921,0.6247483256304474,24.93188284757578,51.839440613222905,42.40427369108522,26.90573352786986,-10.882374469692591,-35769189.0,-35999614.9,1.0
2026-02-09,2400.58238066687,2414.441412967627,2377.813970458483,2410.481689453125,958484,2333.8412158203137,2391.6817773437497,2366.831847683917,2355.641069888477,2408.4987217570592,2307.4922450398167,2357.995483398438,60.50760500942769,51.33901454094405,15.678521471607516,9.731897907575785,5.990837507077494,3.7410604004982915,24.460544933207768,50.75286932007443,66.39253369185444,42.370087785366955,-2.9411734040944104,-34810705.0,-35969126.8,1.0
2026-02-10,2410.4817200012817,2433.349220260269,2405.6311553074825,2428.89453125,792532,2333.583833007813,2392.5254296875,2379.2443843971337,2362.3004754667973,2419.2026942469815,2301.4805577061447,2360.341625976563,62.99871570986571,51.33901454094405,15.678521471607516,14.26413637425685,7.645497280513366,6.618639093743484,24.446554894562894,49.10752615098242,98.88520772814381,69.22733837036115,-2.9013489399740244,-34018173.0,-35951895.35,1.0
2026-02-11,2435.2298831546827,2445.723246803812,2422.360782146142,2438.1005859375,1137856,2333.5521533203128,2393.381579589844,2391.0156247052073,2369.1913946004975,2432.3597345479984,2295.589606272314,2363.9746704101562,64.21414139237048,51.33901454094405,15.678521471607516,18.3868673260813,9.793771289626953,8.593096036454348,24.69699419327717,47.26859318717439,99.99999999999999,88.42591380666607,-4.594384076196567,-32880317.0,-35801786.95,1.0
2026-02-12,2450.078811010715,2454.6325895142136,2326.436546675471,2385.436279296875,4656164,2332.2038623046874,2394.0405017089843,2389.899755623541,2370.668202300168,2433.8015956550007,2299.711148485625,2366.756372070313,53.406452278843,51.33901454094405,15.678521471607516,17.20624896855952,11.276266825413467,5.929982143146054,23.57790767915582,53.049125305143534,79.39499039552861,92.76006604122412,-39.581027161578284,-37536481.0,-35833104.8,1.0
2026-02-13,2375.834017414984,2375.834017414984,2277.13796094467,2281.988525390625,2791519,2329.3766162109373,2394.167121582031,2368.3175095769575,2362.6064134902094,2439.8392329323015,2288.892139138011,2364.365686035156,39.38430015584426,51.33901454094405,15.678521471607516,7.832937989734091,10.587601058277592,-2.7546630685435005,23.434867393565696,56.9954962370765,46.06165706219528,75.15221581924129,-97.26720493738512,-40328000.0,-36003998.6,-1.0
2026-02-16,2284.8595085309053,2303.5691050619544,2265.0608913838323,2295.649658203125,2036833,2326.5414550781243,2394.2629028320307,2353.7839393021914,2356.519435736838,2443.0056870462968,2281.627369594329,2362.316528320313,41.566202881219134,42.58250326732632,15.678521471607516,1.4896885527368795,8.76801855716945,-7.27833000443257,23.49870008879569,55.67497605429404,15.657464118967985,47.038037192230625,-83.86427556382667,-38291167.0,-36141431.05,-1.0
2026-02-17,2286.047297375419,2302.579093779329,2280.206560511637,2289.01708984375,1233244,2326.020747070312,2394.439729003906,2340.8305694105034,2350.3828588374663,2443.187230866133,2271.388135344804,2357.2876831054687,40.79835946332923,42.58250326732632,15.678521471607516,-4.0261640496778455,6.209182035799991,-10.235346085477836,23.55797330579497,53.29623014096534,4.827473520813286,22.18219823399218,-87.36298788469922,-39524411.0,-36415787.6,-1.0
2026-02-18,2289.3143418344703,2305.4500224815533,2282.780701090757,2300.1044921875,830787,2326.208837890625,2394.5261950683594,2332.685353965903,2345.812098232924,2444.169829226609,2264.9015330780785,2354.535681152344,42.70378084265383,42.58250326732632,15.678521471607516,-7.417353633268704,3.4838749019862525,-10.901228535254956,23.52788480356924,51.108593801667574,9.283778946730132,9.922905528837134,-81.51432880051229,-38693624.0,-36575564.5,-1.0
2026-02-19,2312.4783943638467,2313.864200838222,2252.686669538672,2256.349365234375,940180,2325.6703125,2394.2325354003906,2317.418156219597,2337.679122505783,2449.9452946944893,2250.345379133635,2350.145336914062,37.56537040048957,42.58250326732632,15.678521471607516,-13.480177780396843,0.09106436550963304,-13.571242145906476,24.036038564766862,51.8278036229449,6.354638556624103,6.821963674722507,-98.18629873970886,-39633804.0,-36731338.15,-1.0
2026-02-20,2261.992106805432,2307.7268660551376,2255.359618111006,2291.195068359375,1716316,2325.9237353515628,2394.1665625000005,2312.173538647553,2333.453299401564,2449.2153701197904,2243.541929684897,2346.3786499023436,43.40573372533461,42.58250326732632,15.678521471607516,-15.296919210136366,-2.9865323496195666,-12.3103868605168,24.507895628736083,51.86633536017252,11.761662117756316,9.133359873703517,-80.93133110816655,-37917488.0,-36888594.2,-1.0
2026-02-23,2301.589198978469,2326.337469935226,2297.4315377942003,2321.78369140625,1300035,2326.711713867188,2394.3308068847664,2314.095569199292,2332.3924259474443,2444.9037098993863,2241.508106506864,2343.205908203125,48.00385917207406,43.39508530916556,15.678521471607516,-14.105850181718324,-5.210395916039318,-8.895454265679007,24.335307921930625,50.67176866129243,20.362229964737978,12.826176879706132,-65.78439322965941,-36617453.0,-37049753.35,-1.0
2026-02-24,2307.627974972371,2348.116051360412,2306.835981930553,2334.85107421875,1544803,2328.6519775390625,2394.667307128907,2318.246670203184,2332.6159394266538,2441.62167573835,2240.6027627382127,2341.1122192382813,49.87736748459835,43.39508530916556,15.678521471607516,-11.969513707952501,-6.562219474421955,-5.407294233530546,23.51055045082151,50.00093300190433,35.762561294414034,22.628817792302776,-59.313659473769405,-35072650.0,-37030666.5,-1.0
2026-02-25,2345.047230959084,2356.035560709281,2325.3477025655893,2350.98681640625,1158620,2330.263583984375,2394.8434326171887,2324.794699443797,2334.2860191520717,2441.3635509884475,2240.5144275271773,2340.9389892578124,52.169171278854144,43.39508530916556,15.678521471607516,-8.872159387817646,-7.0242074571010935,-1.8479519307165528,22.511274152748328,48.621427654889146,46.724214468075076,34.28300190907569,-51.3235291510304,-33914030.0,-36863769.0,-1.0
2026-02-26,2354.055564245717,2363.261969498705,2331.485092501007,2359.30224609375,1470677,2332.287001953125,2395.170484619142,2331.696208773788,2336.560221601315,2443.0363950292744,2241.8806704004123,2342.4585327148434,53.352890585671744,43.39508530916556,15.678521471607516,-5.681010935286395,-6.755568152738154,1.0745572174517593,21.366802126175543,47.4182454650898,53.41499383550804,45.30058986599905,-47.205877411145224,-32443353.0,-36549410.85,-1.0
2026-02-27,2345.443166643118,2354.946357613014,2307.1328918130507,2314.557373046875,3053227,2333.5244140624995,2395.319981689454,2328.2684416284055,2334.55996264182,2442.012536915493,2239.449670115757,2340.731103515625,46.66114413792387,43.39508530916556,15.678521471607516,-6.685474117979538,-6.741549345786431,0.056075227806892336,20.913887140244974,47.757610380490476,49.39201488005031,49.843741061211134,-69.36273656051266,-35496580.0,-36492237.15,-1.0
2026-03-02,2279.810762828429,2330.29723651677,2267.139599527044,2297.233642578125,2273224,2334.615317382812,2395.360018310548,2322.0614818183494,2331.166660817848,2442.023960282997,2235.80521452169,2338.9145874023434,44.342244175136905,45.5027491410379,15.475150071052049,-8.778208966679358,-7.148881269965016,-1.6293276967143422,21.337126905595543,48.85761228115017,39.60178589713039,47.46959820422958,-77.94113738725288,-37769804.0,-36479970.2,-1.0
2026-03-04,2269.812432719107,2288.3243336403816,2229.4234459004774,2238.53076171875,2648737,2334.245083007812,2394.979210205079,2305.3553377984294,2322.7452154452026,2445.9738255096886,2221.2334010528107,2333.6036132812496,37.53507428206675,45.5027491410379,15.475150071052049,-15.000630367215763,-8.719231089415166,-6.281399277800597,22.37668200186131,50.21136830947141,19.854133256798917,36.282644677993204,-95.9560630300638,-40418541.0,-36677803.6,-1.0
2026-03-05,2252.5877729936083,2254.86466241023,2205.961930722778,2232.294189453125,1751288,2333.562031249999,2394.560900878907,2290.7431081293685,2314.522394900468,2448.736020879891,2206.9880269716705,2327.8620239257807,36.8871925259277,45.5027491410379,15.475150071052049,-20.20230383478338,-11.015845638488809,-9.18645819629457,23.692471378967397,50.117894265041436,8.476780882580597,22.644233345503302,-84.49877243336701,-42169829.0,-37024839.15,-1.0
2026-03-06,2222.4938661562232,2227.344430687897,2197.15153951635,2203.2890625,1674258,2332.0395166015614,2394.199737548829,2273.252299003495,2304.4102737731523,2454.551999935006,2188.4316426431183,2321.491821289062,33.95199542536206,45.5027491410379,15.475150071052049,-26.36126264654831,-14.084929040100711,-12.2763336064476,25.041238729489628,49.048233955879546,0.0,9.443638046459839,-96.30515495968444,-43844087.0,-37357484.3,-1.0
2026-03-09,2176.8580406764563,2177.8479715726257,2148.545920373073,2172.50244140625,1512817,2330.3051611328115,2393.573837890626,2253.1023274840463,2292.4186526488884,2453.458478429903,2166.796379968534,2310.1274291992186,31.121310792048863,38.20614315620756,15.475150071052049,-33.34215727126093,-17.936374686332755,-15.405782584928176,26.914576229841195,49.45501311095437,0.0,2.8255936275268656,-88.84269660757408,-45356904.0,-37836870.05,-1.0
2026-03-10,2201.606195210621,2201.606195210621,2153.0995838952795,2168.146484375,1084986,2328.4203320312495,2393.0875061035163,2236.111158862237,2281.121182805807,2446.500820672984,2149.5205172176406,2298.0106689453123,30.73091252270067,38.20614315620756,15.475150071052049,-38.7790353042692,-22.104906809920045,-16.674128494349155,27.856674413662,49.38727012555346,0.0,0.0,-90.87140244907421,-46441890.0,-38418429.3,-1.0
2026-03-11,2168.146531853464,2172.898248341201,2134.290944612132,2139.636474609375,1313256,2325.8088916015618,2392.320117187501,2216.8162220116646,2268.2589366061316,2434.685614216261,2132.4099180103017,2283.5477661132813,28.23443549245594,38.20614315620756,15.475150071052049,-44.87107402591528,-26.658140253119093,-18.212933772796184,28.984742010171864,48.61727252580456,0.0,0.0,-97.66541203198484,-47755146.0,-39105277.95,-1.0
2026-03-12,2143.2992989000727,2143.2992989000727,2088.061111223958,2115.383056640625,1791973,2322.7737597656246,2391.2618493652353,2196.529588937457,2254.3611293365398,2417.9813690289243,2116.8424102679496,2267.411889648437,26.278674238800278,38.20614315620756,15.475150071052049,-51.067433158319545,-31.539998834159185,-19.52743432416036,30.577489336267018,49.09019503654099,0.0,0.0,-90.07199847124386,-49547119.0,-39938618.05,-1.0
2026-03-13,2114.492390950521,2169.8294312879443,2098.950524241146,2138.250732421875,2298875,2319.687158203125,2390.3854724121106,2184.8738176343404,2243.8056387079337,2405.4106844485223,2104.694540160852,2255.052612304687,31.123118493109253,38.20614315620756,15.475150071052049,-53.51596337741603,-35.93519174281056,-17.58077163460547,31.22167623363182,50.646531608702226,5.964400707845134,1.9881335692817113,-81.7625491749702,-47248244.0,-40424206.2,-1.0
2026-03-16,2147.7540473535414,2164.681719709848,2132.3110295750503,2153.79248046875,1981511,2316.7708203125,2389.6752551269547,2178.6575502012224,2235.6226243225533,2404.9772837584674,2092.3083363587198,2248.6428100585936,34.28383509916822,34.70318341807588,15.475150071052049,-53.58466141567669,-39.46508567738378,-14.119575738292909,31.819849781184846,49.341114360566195,15.820224120308644,7.261541609384592,-76.11512927072017,-45266733.0,-40671142.85,-1.0
2026-03-17,2150.921837339099,2162.801007749644,2123.8966763186418,2136.46875,1705956,2313.013041992187,2388.8555773925796,2170.219790160978,2226.6086357477757,2403.0340482745687,2078.333481022306,2240.6837646484373,32.49388876855816,34.70318341807588,15.475150071052049,-54.40978326178492,-42.45402519426401,-11.955758067520911,32.49451267793691,48.59562986559736,23.472294821240887,15.085639883131554,-82.41006983789487,-46972689.0,-41105218.95,-1.0
2026-03-18,2143.2002132585976,2153.099521402979,2108.2556071724653,2113.79931640625,2441148,2308.0871435546874,2388.011975097658,2158.9356954100326,2216.3532430803643,2402.0170658546995,2061.8286860984254,2231.9228759765624,30.266974217238843,34.70318341807588,15.475150071052049,-56.24457960154996,-45.212136075721205,-11.032443525828754,33.340880073637074,48.32765017737711,22.4182239604859,20.57024763401181,-90.64748368023032,-49413837.0,-41599690.25,-1.0
2026-03-19,2090.734099450428,2112.1167039586576,2049.256090646583,2056.383544921875,2098905,2301.209106445312,2386.768056640626,2138.4252653124013,2201.810543247774,2403.6260903386965,2035.8475668878655,2219.736828613281,25.500236179933697,34.70318341807588,15.475150071052049,-61.62130973428975,-48.49397080743492,-13.127338926854833,34.824652965635835,49.48590557611212,12.562400548022389,19.48430644324972,-97.66840653906888,-51512742.0,-42240646.15,-1.0
2026-03-20,2078.55782893536,2078.656918696704,2048.166999131025,2061.72900390625,2429744,2294.9388867187495,2385.6446630859386,2123.086013031171,2189.07585785309,2405.940616204672,2014.0710048890774,2210.0058105468747,26.658324249122728,34.70318341807588,15.475150071052049,-64.70519205908704,-51.73621505776535,-12.96897700132169,36.213839972403036,48.12904943250975,6.959099577442762,13.97990802865035,-95.19299848860858,-49082998.0,-42713105.85,-1.0
2026-03-23,2041.534531517212,2075.8850852106957,2012.8265355843985,2031.5361328125,2599535,2288.3162499999994,2384.311014404298,2104.7760369874372,2174.7540646675816,2404.383835821831,1989.6618917172318,2197.0228637695313,24.355368994701763,31.09124651961232,15.475150071052049,-68.79250619500726,-55.147473285213735,-13.645032909793528,37.85771162164007,49.19544230349457,2.0487697303526184,7.190089951939255,-93.20880335156087,-51682533.0,-43401358.1,-1.0
2026-03-24,2049.1568963579134,2093.7037854091727,2045.1971728866904,2064.005859375,1702418,2282.622167968749,2383.081881103517,2096.62200146495,2164.6860460046196,2390.8878351273174,1977.38010920862,2184.1339721679688,31.23519955981602,31.09124651961232,15.475150071052049,-68.62068003787908,-57.8421146357468,-10.77856540213228,38.75218160613229,50.1220287530073,20.34839587274008,9.785421726845154,-78.85485048914225,-49980115.0,-44069491.2,-1.0
2026-03-25,2076.874939459462,2133.003970754716,2064.9957691670343,2113.304443359375,2069217,2277.248823242187,2382.034116210939,2099.958489843835,2160.014991218688,2369.2820969376794,1976.83118431232,2173.0566406249995,40.13737034417018,31.09124651961232,15.475150071052049,-63.77140577883574,-59.0279728643646,-4.743432914471143,38.33037036525717,51.47032036920079,51.632959475720796,24.676708359604497,-53.16106018731026,-47910898.0,-44711403.6,-1.0
2026-03-27,2101.920214571949,2105.582910367292,2048.6618866972776,2053.512451171875,2789151,2271.0102783203124,2380.6708691406266,2090.6692821094434,2150.332942123523,2342.3471265422772,1974.0187181842844,2158.182922363281,34.33208952016801,31.09124651961232,15.475150071052049,-64.01510873296002,-60.02540003808368,-3.9897086948763345,38.176592790423946,52.41119439012198,72.70489727910189,48.22875087585425,-78.44793466201111,-50700049.0,-45550704.55,-1.0
2026-03-30,2043.217299297621,2061.4319304866403,2025.5964816164349,2034.505859375,2482193,2265.1043505859375,2379.202868652345,2079.436597562555,2139.803207328203,2307.806430321089,1976.0797757335981,2141.9431030273436,32.71239694262118,30.721501077236727,15.475150071052049,-64.99272254425568,-61.01886453931809,-3.973858004937597,38.35353089737572,51.227212567270804,72.05623897631378,65.46469857704548,-88.51607009276007,-53182242.0,-46587649.0,-1.0
2026-04-01,2098.5542902611737,2098.5542902611737,2031.338082923151,2043.91015625,2028470,2259.386508789062,2377.8732568359383,2072.3313093000443,2131.0856572301846,2278.377638542382,1978.4438458326172,2128.4107421874996,34.36242618783822,30.721501077236727,13.901074753682696,-64.26780116371265,-61.668651864197,-2.599149299515645,37.428903925806864,52.36928362232452,59.858917845626976,68.20668470034755,-80.58144057418379,-51153772.0,-47370508.6,-1.0
2026-04-02,2034.3079361718803,2049.0578094497764,2002.13518292342,2044.5042724609373,1431905,2253.543937988281,2376.7589947509778,2066.765901932223,2123.214622251162,2247.302417358538,1984.2461300047423,2115.7742736816404,34.47175003563192,30.721501077236727,13.901074753682696,-62.920052336902245,-61.91893195873806,-1.0011203781641882,37.01840444089414,51.98023668689822,60.1538963095352,64.02301771049198,-74.73432156992186,-49721867.0,-47968111.75,-1.0
2026-04-06,2044.50420996908,2071.727308039528,2021.339804169992,2063.807861328125,1661298,2247.0282153320313,2375.8078314208997,2066.1742938114035,2117.814007621795,2226.931324827719,1987.1449324964992,2107.038128662109,38.08037733559299,30.29611461920066,13.901074753682696,-59.60719870441835,-61.45658530787412,1.8493866034557698,36.01936836953917,51.86647005708664,71.49166493618367,63.83482636378194,-63.223140324619585,-48060569.0,-48350213.15,-1.0
2026-04-07,2043.9101735971367,2098.1584324058085,2030.150231482413,2089.34814453125,2709707,2241.7122875976565,2374.943547973634,2070.809063955373,2115.226201886291,2204.400180314227,1995.381472517804,2099.8908264160154,42.58550731192187,30.29611461920066,13.901074753682696,-54.294972284366395,-60.02426270317258,5.729290418806187,34.422086893968476,53.01945083325156,83.68898606687048,71.77818243752978,-46.345850651730444,-45350862.0,-48509264.8,-1.0
2026-04-08,2108.552830795398,2170.720540058606,2108.552830795398,2123.995849609375,3794437,2237.3090795898443,2374.2466693115243,2081.4464210861734,2116.0234425883896,2189.347633196662,2002.5046983463062,2095.926165771484,48.102000547686806,30.29611461920066,13.901074753682696,-46.750305911604755,-57.369471344859015,10.61916543325426,32.48044170593508,55.04466116854472,95.6554031329145,83.61201804532288,-27.715746636146488,-41556425.0,-48394881.7,-1.0
2026-04-09,2123.896656880212,2141.1213571449207,2093.7037656964103,2111.720458984375,2506245,2232.212912597657,2373.640530395509,2087.501228665814,2115.6322622607518,2179.5282158312393,2006.2459174695414,2092.8870666503904,46.4009623105031,30.29611461920066,13.901074753682696,-41.28570893537744,-54.15271886296271,12.867009927585265,30.379205172719345,54.49987047425656,97.61223925817542,92.31887615265347,-34.997156382282725,-44062670.0,-48330170.0,-1.0
2026-04-10,2111.7205746871014,2148.1500806118274,2100.039341580484,2133.59814453125,2144484,2227.1801049804694,2373.158845825196,2096.7206118389013,2117.2655242853425,2172.7110593278057,2009.6082399886,2091.159649658203,49.80770056740403,30.29611461920066,13.901074753682696,-34.7886086518547,-50.27989682074111,15.491288168886406,28.56282480581279,54.04350394261992,97.61223925817542,96.95996054975512,-22.019940615357225,-41918186.0,-48103984.8,-1.0
2026-04-13,2109.5427916939398,2119.145073286812,2092.2190005842986,2105.781005859375,1994541,2221.7612280273443,2372.479755249024,2098.5326906429964,2116.221477155709,2168.136038041213,2010.7977144001918,2089.4668762207025,45.819914830042656,39.254879704757705,13.901074753682696,-31.52086754141692,-46.52809096487627,15.007223423459351,26.705341400102014,53.13890680007218,92.38968466172568,95.8713877260255,-38.520269673929555,-43912727.0,-47911863.85,-1.0
2026-04-15,2119.342960674532,2146.1701846556675,2119.342960674532,2135.875,1552971,2217.389699707032,2371.9860028076178,2106.0011525143973,2118.0081610506445,2171.091911431555,2009.891035345788,2090.4914733886717,50.442615381541835,39.254879704757705,13.901074753682696,-26.20079884775987,-42.46263254145299,16.26183369369312,25.524706774191433,52.22821194265934,94.77744540355025,94.92645644115045,-20.669375235634348,-42359756.0,-47552495.7,-1.0
2026-04-16,2136.270876584757,2141.9134343634555,2107.6619703228957,2117.561279296875,1845734,2213.1626977539067,2371.4596136474615,2108.313177870893,2117.9675354366655,2167.9808426435848,2010.9331588212592,2089.457000732422,47.77141993084569,39.254879704757705,13.901074753682696,-23.194992846451896,-38.609104602452774,15.414111756000878,24.152058536403533,50.9441585210808,90.14174379834921,92.43629128787504,-31.532549246909547,-44205490.0,-47400358.0,-1.0
2026-04-17,2120.431845838404,2222.3947217120526,2111.522468334881,2218.237060546875,4882697,2210.545319824219,2371.359993286133,2130.2979544060895,2127.0829468103207,2186.1796546868536,1999.1788047858017,2092.6792297363277,60.237171019864846,39.254879704757705,13.901074753682696,-12.544569778800906,-33.3961976377224,20.851627858921496,24.260725198996806,55.22473672508728,95.36429839479895,93.42782919889947,-1.887619118810302,-39322793.0,-47103161.0,1.0
2026-04-20,2218.2371672517165,2230.710151347242,2200.814287067127,2209.03076171875,1460822,2208.054655761719,2371.2040277099604,2146.0445158686216,2134.5327481656323,2201.8215694168944,1990.7930912276365,2096.3073303222654,58.85382860031922,46.314123084843274,13.901074753682696,-4.791668765889881,-27.6752918633559,22.883623097466018,24.480986425615747,53.415531550446396,93.68902891373254,93.06502370229356,-9.484586076063383,-40783615.0,-46793707.3,1.0
2026-04-21,2216.1580861785023,2312.181376055641,2204.773881708532,2287.43310546875,3217281,2206.9083129882815,2371.3118963623047,2174.3222337886473,2148.4327806477336,2240.7896610486887,1969.1883785020927,2104.9890197753907,66.0122356074934,46.314123084843274,13.901074753682696,7.591465361216251,-20.621940418441472,28.213405779657723,25.680533954149798,57.2721003216366,98.32473051893358,95.79268594248835,-7.982123675466967,-37566334.0,-46201332.15,1.0
2026-04-22,2287.136135627566,2383.753483110979,2287.136135627566,2344.9482421875,5558325,2206.8647583007814,2371.767744750977,2208.447435468418,2166.297822605894,2290.268420596293,1948.5660886810504,2119.4172546386717,70.11916702761759,46.314123084843274,13.901074753682696,21.79494072199759,-12.138564190353659,33.93350491235125,27.43844812541629,60.08247511890632,98.32473051893358,96.77949665053322,-10.16860064216173,-32008009.0,-45226095.5,1.0
2026-04-23,2312.478464472606,2375.8340388417187,2312.478464472606,2342.572265625,2063531,2207.102341308594,2372.2072943115236,2235.2724014997348,2182.3227719712672,2328.7619641769893,1938.1568712722296,2133.4594177246095,69.7442390311408,46.314123084843274,13.901074753682696,32.48510772364125,-3.213829807554678,35.698937531195924,29.07079699873518,60.31626792249249,99.64941078661127,98.76629060815947,-10.791206151733002,-34071540.0,-44475522.6,1.0
2026-04-24,2364.5490228916565,2364.5490228916565,2275.8511183860137,2303.8662109375,1676706,2205.1838598632817,2372.3963446044927,2248.991163387288,2193.372175513652,2350.2722683056804,1943.879574956039,2147.0759216308597,63.76287228393825,46.314123084843274,13.901074753682696,37.40273155072737,4.909482464101732,32.49324908662564,29.68998350487003,62.3435276784318,93.03628671130576,97.00347600561686,-22.043117248476463,-35748246.0,-43678808.25,1.0
2026-04-27,2311.3896002112174,2339.0088177903613,2301.589380811028,2304.856201171875,1099681,2203.0713500976567,2372.55940612793,2260.1641709442056,2203.507086937127,2369.9888777141573,1948.2479997272499,2159.1184387207036,63.84827227738437,52.34760132864412,13.901074753682696,40.908302356448985,12.109246442571184,28.7990559138778,30.264942403423817,60.563235485639034,85.44449444082107,92.71006397957936,-22.312374554173942,-34648565.0,-42912230.75,1.0
2026-04-28,2297.62960044326,2310.894577723764,2258.131454523486,2266.44677734375,1629120,2199.822395019532,2372.4032244873047,2261.4206922241146,2209.2288769740926,2381.723747990202,1951.8273628496422,2166.775555419922,58.12482970634529,52.34760132864412,13.901074753682696,40.12464108852919,17.712325371762788,22.4123157167664,29.784701127012035,60.006084608113255,69.34143969876695,82.60740695029793,-40.2376778042005,-36277685.0,-42330570.1,1.0
2026-04-29,2281.7906936045574,2326.0405558989446,2267.9316611922086,2291.095947265625,1778765,2196.8823022460942,2372.021112670898,2267.355743232417,2216.6713379096864,2393.5072765945383,1963.8021838546804,2178.6547302246095,60.567748043115124,52.34760132864412,13.901074753682696,41.01971614488366,22.373803526386965,18.645912618496695,29.542180812213658,59.97663417576192,62.85207690624517,72.5460036819444,-31.782702012573793,-34498920.0,-41520513.65,1.0
2026-04-30,2288.720225829817,2344.948348918507,2189.331260792845,2228.2353515625,4434979,2193.7382836914067,2371.4116241455076,2259.5316648984335,2217.7226118781236,2393.059478245429,1983.6229314225393,2188.341204833984,52.203733087663174,52.34760132864412,19.965769058171016,36.23900416833203,25.146843654775978,11.092160513556053,27.761514990192453,66.80809517218333,45.867757678475094,59.35375809449573,-53.34467820088702,-38933899.0,-40808096.5,1.0
2026-05-01,2228.2353515625,2228.2353515625,2228.2353515625,2228.2353515625,0,2192.6632202148435,2370.6513665771477,2253.272402231247,2218.678315485794,2391.1946134617624,2003.9203157374563,2197.5574645996094,52.203733087663174,52.34760132864412,19.965769058171016,32.080452002448965,26.533565324310576,5.546886678138389,26.108039584029903,62.036088374170234,37.74529013566317,48.821708240127805,-53.34467820088702,-38933899.0,-40197102.85,1.0
2026-05-04,2245.955163802939,2341.978456380622,2245.955163802939,2286.04736328125,2554255,2192.471174316406,2370.2538336181633,2259.8273944412476,2224.80277437629,2392.932432635007,2026.3368056462432,2209.634619140625,58.3399674154217,47.2921614828041,19.965769058171016,33.068522300162385,27.84055671948094,5.227965580681445,26.10094254672938,65.72944669159537,33.278221317498605,38.963756377212285,-35.389034180389366,-36379644.0,-39529991.7,1.0
2026-05-05,2278.325974165612,2311.884535117792,2265.0609967330465,2303.965087890625,1741424,2192.770134277344,2369.3997808837885,2268.6549331311235,2231.9993483321387,2395.962174327404,2047.3227866100963,2221.6424804687504,60.05177484054616,47.2921614828041,19.965769058171016,34.895136350683515,29.251472645721456,5.643663704962059,26.09435244066461,64.37902466967752,42.83806571214356,37.95385905510177,-28.89925677708036,-34638220.0,-38858874.25,1.0
2026-05-06,2306.538809728368,2315.84406275992,2265.258742886433,2293.768798828125,1196175,2192.643420410156,2368.5094793701164,2273.6777062705237,2237.614752922683,2397.2663475651543,2066.460678802033,2231.8635131835936,58.57673276049695,47.2921614828041,19.965769058171016,35.115199669033245,30.424218050383818,4.6909816186494275,26.135664283286513,63.39376004137817,45.93840329425727,40.684896774633145,-33.054530673833625,-35834395.0,-38383050.9,1.0
2026-05-07,2286.740234777716,2304.459900097216,2245.262229356629,2249.32080078125,1859012,2192.5028491210933,2367.346354370117,2268.806325172669,2238.6789390916433,2395.633291581742,2080.626229902633,2238.1297607421875,52.52050493228605,47.2921614828041,19.965769058171016,31.34173148828495,30.607720737964044,0.7340107503209055,25.75294440240424,63.09403937703595,30.76400916521733,39.84682605720605,-69.14471027378556,-37693407.0,-38189900.0,1.0
2026-05-08,2249.3208664913536,2274.16822791307,2233.2840347907604,2264.664794921875,1104526,2191.9722436523434,2366.3056219482423,2267.9780191225104,2241.0412896216644,2391.8772809006496,2099.6766741774745,2245.776977539062,54.27791842592712,47.2921614828041,19.965769058171016,29.252162144349768,30.33660901924119,-1.084446874891423,25.146115932155407,61.50762178741264,16.30615792895664,31.002856796143746,-61.25261133690705,-36588881.0,-37816210.55,1.0
2026-05-11,2254.1717310173203,2293.7689667003274,2236.4518230397666,2283.968505859375,1903862,2191.215939941406,2365.3997149658203,2271.1761164698837,2244.9437638250924,2390.2811717935106,2116.3098194174268,2253.2954956054687,56.46130357415518,49.806632742196136,19.965769058171016,28.821574361131752,30.033602087619304,-1.2120277264875519,24.87136797288479,61.208301921208935,12.370204915050925,19.813457336408298,-51.323853858807,-34685019.0,-37454552.2,1.0
2026-05-12,2262.289070470158,2283.770522059433,2233.284047579576,2239.2236328125,983506,2189.3033911132807,2364.3692864990235,2264.785619738407,2244.423751914857,2378.450363369433,2141.4848905368162,2259.9676269531246,50.44772361763569,49.806632742196136,19.965769058171016,24.58637668836218,28.94415700776788,-4.357780319405702,24.54319491527316,60.45659880396536,11.78082139674938,13.485728080252315,-73.24845638139479,-35668525.0,-37042342.1,1.0
2026-05-13,2242.193325602698,2272.683243444049,2227.3443631814885,2244.47021484375,1308559,2187.173059082031,2363.4863934326177,2260.722538759476,2244.4279758174835,2368.9478311566313,2161.8469442339933,2265.3973876953123,51.10532336515497,49.806632742196136,19.965769058171016,21.40654600491507,27.43663480719732,-6.030088802282247,24.09464754797592,59.37676176529359,9.557359695225818,11.236128669008707,-68.53118462966664,-34359966.0,-36642352.6,1.0
2026-05-14,2245.1630860930386,2262.882750990242,2222.3946773716366,2226.057373046875,1380764,2184.508161621093,2362.4387530517583,2253.7895056169555,2242.757921020155,2350.3422657282654,2191.3021190373593,2270.8221923828123,48.66448405904817,49.806632742196136,19.965769058171016,17.202445742008422,25.389796994159543,-8.187351252151121,23.55311437099658,58.02756975481587,1.6357532919392617,7.657978127971486,-76.39969189991953,-35740730.0,-36219114.6,1.0
2026-05-15,2226.0574260984463,2275.7519058077983,2223.582599004531,2249.32080078125,1038522,2183.203430175781,2361.6513238525395,2252.8957646498143,2243.354546452982,2348.720687579804,2196.032071209259,2272.3763793945313,51.796941712813414,49.806632742196136,19.965769058171016,15.568367740000213,23.42551114332768,-7.857143403327466,23.287555711912056,57.60912240113383,10.407738460484003,7.200283815883028,-61.45054459574324,-34702208.0,-35988085.35,1.0
2026-05-18,2240.312727327763,2242.193499373944,2202.299235574,2231.502197265625,1118204,2181.888801269531,2360.8366802978517,2248.6170511729765,2242.2770601632224,2346.5074299936355,2200.492472350115,2273.499951171875,49.31478573014908,48.75168327593574,19.965769058171016,12.689262839858657,21.278261482633877,-8.58899864277522,22.474477913580397,56.85286831585643,10.593058984856441,7.545516912426568,-72.90083179121909,-35820412.0,-35739925.2,1.0
2026-05-19,2219.424971337065,2259.022205437637,2207.0508356806363,2210.41650390625,1145022,2181.3265161132813,2360.026616821289,2240.976941719631,2239.380645958043,2347.5245242952255,2191.773717892275,2269.64912109375,46.47649286372251,48.75168327593574,19.965769058171016,8.606897275867595,18.74398864128062,-10.137091365413024,22.055172209512246,56.50418984736673,10.593058984856441,10.531285476732295,-86.450560560304,-36965434.0,-35709880.2,1.0
2026-05-20,2202.4969749325523,2204.4768365637315,2178.83772511289,2187.05419921875,1071994,2180.421716308594,2358.971071166992,2230.192393219455,2234.623696254471,2339.501897570612,2184.0069403200127,2261.7544189453124,43.48986832847786,48.75168327593574,19.965769058171016,3.4467187845543776,15.684534669935372,-12.237815885380995,20.934081640023734,54.72380334350911,1.8210738163116995,7.66906392867486,-94.96356670586705,-38037428.0,-36011351.15,1.0
2026-05-21,2201.6062145049336,2206.5558687641624,2154.0895336163376,2157.059326171875,1581812,2179.497121582032,2357.7066180419915,2215.565779809939,2227.5723898833257,2333.811060024081,2171.1464839212317,2252.4787719726564,39.94105736882272,48.75168327593574,19.965769058171016,-3.0281883537991234,11.941990065188474,-14.970178418987597,19.566706928838734,54.56255561524595,0.0,4.138044267056046,-98.41938922644037,-39619240.0,-36288736.15,1.0
2026-05-22,2158.0493989217307,2202.101324725408,2153.4956200308816,2181.411865234375,1382889,2179.6753100585943,2356.6434881591786,2208.7349968948265,2223.375978551603,2329.8092286227675,2162.9028807522327,2246.3560546875,43.94072715158625,48.75168327593574,19.965769058171016,-6.12395933921789,8.328800184307202,-14.452759523525092,18.31086774634169,54.137066263766,6.629416691849749,2.8168301693871496,-82.8047348442473,-38236351.0,-36413141.4,1.0
2026-05-25,2192.696776899151,2215.56427562462,2170.8192089984664,2174.383056640625,780722,2179.800041503907,2355.133667602538,2201.8646088439864,2218.922076559696,2324.4214802159663,2155.2433147059087,2239.8323974609375,43.049603918313395,44.28136301314754,19.965769058171016,-9.040334906904718,4.854973166064818,-13.895308072969536,17.19649237530265,53.46620914679371,12.189623989871738,6.273013560573829,-87.13419343072798,-39017073.0,-36631566.8,1.0
2026-05-26,2177.451947396857,2197.64643962862,2167.9485147687737,2187.153076171875,2302703,2180.750373535157,2353.5280877685536,2198.922302309564,2216.0339856153487,2322.610098689197,2149.1253261154907,2235.867712402344,45.223117541095455,44.28136301314754,19.965769058171016,-10.203529763347433,1.8432725801823677,-12.046802343529802,16.08497774893256,51.768474554868895,22.847375104516694,13.888805262079394,-77.70501993835619,-36714370.0,-36653401.05,1.0
2026-05-27,2182.8966461541704,2192.3009893676626,2164.9788008323703,2176.263916015625,616538,2181.967990722657,2351.917173461913,2194.3906250507766,2212.4185247426462,2316.6779296313384,2143.5742920483494,2230.126110839844,43.69184154435574,44.28136301314754,19.965769058171016,-11.867236176006372,-0.8988291710553802,-10.968407004950992,14.969234773512504,50.02231126775628,23.786013853879297,19.60767098275591,-83.76862281727911,-37330908.0,-36795000.45,1.0
2026-05-28,2176.263916015625,2176.263916015625,2176.263916015625,2176.263916015625,0,2182.728254394531,2350.3504583740223,2190.7652832437466,2209.1317421310987,2317.3762913914143,2137.678786733587,2227.5275390625006,43.69184154435573,44.28136301314754,19.965769058171016,-13.035470702437578,-3.32615747733182,-9.709313225105758,13.93318772490817,46.44928903434512,25.79386199706964,24.142416985155208,-83.76862281727911,-37330908.0,-36714850.9,1.0
2026-05-29,2112.017544397656,2185.569457533162,2096.77270543257,2131.816162109375,17701621,2182.288728027344,2348.557084350585,2178.9754590168723,2202.1030530382145,2322.222381642673,2123.1907775370146,2222.706579589844,37.65583071047583,44.28136301314754,19.965769058171016,-17.34789156093848,-6.130504294053152,-11.217387266885327,14.794929788978166,49.47410782479134,15.136110882424685,21.571995577791206,-81.259964790535,-55032529.0,-37519782.4,-1.0
2026-06-01,2136.765811481461,2145.6751894306544,2059.3532647482757,2063.31298828125,1470488,2180.8256127929694,2346.5100848388665,2155.842964869748,2189.485774423945,2329.405480115451,2093.7342415642365,2211.569860839844,30.632045578670816,41.30264943102164,19.239403558190205,-25.99351274906212,-10.103105985054945,-15.890406764007174,16.217792388489308,52.10609474319044,7.568055441212335,16.166009440235552,-98.17017171938473,-56503017.0,-38525951.05,-1.0
2026-06-02,2058.066228961863,2075.88498419097,2044.9001003727776,2072.6181640625,2148903,2180.0019897460948,2344.602428588866,2139.1980047082984,2178.861446209268,2324.859893205029,2075.1451360918463,2200.0025146484377,32.474535564901785,41.30264943102164,19.239403558190205,-31.72863199083622,-14.4282111862112,-17.30042080462502,17.75684449287347,50.597436819976295,2.9018017610438727,8.53532269489363,-87.9931354067212,-54354114.0,-39511745.75,-1.0
2026-06-03,2070.9353670832684,2078.4589383211337,2051.334687643431,2069.549560546875,1544973,2180.2653100585944,2342.582192993163,2125.2683158760137,2168.924002058141,2318.375199769023,2059.207905699727,2188.791552734375,32.17106777354667,41.30264943102164,19.239403558190205,-36.105168064802456,-18.763602561929453,-17.341565502873003,19.09859154418869,48.920780666956745,5.3256615099437585,5.265172904066655,-89.32238795895593,-55899087.0,-40514980.35,-1.0
2026-06-04,2067.9655912455964,2089.64498066566,2052.621662732285,2058.462158203125,2142735,2180.199973144532,2340.6764410400383,2111.907084341436,2158.8820162531397,2317.8599573004276,2040.6372839105104,2179.248620605469,31.042318413103082,41.30264943102164,19.239403558190205,-40.00708833177214,-23.01229971589799,-16.99478861587415,19.955382085780474,48.07096190027233,6.057661261418122,4.761708177468584,-93.66620376432441,-58041822.0,-41532401.1,-1.0
2026-06-05,2065.688783694319,2106.07801320051,2056.284440039605,2100.138427734375,1822999,2181.5720190429693,2338.9235748291007,2109.553353020024,2153.541690024161,2307.8058740074184,2034.2387304847698,2171.022302246094,39.618252477791465,41.30264943102164,19.239403558190205,-39.28362443779724,-26.26656466027784,-13.017059777519403,20.195015579844732,48.19400556174609,22.060919713694965,11.148080828352281,-74.20241719328078,-56218823.0,-42513898.2,-1.0
2026-06-08,2084.101554867211,2103.603145099428,2070.440460223743,2088.853271484375,1601497,2182.0689672851563,2337.1854937744133,2105.4133367128943,2147.6609247023625,2291.8221936044793,2030.7108874502082,2161.2665405273438,38.23173234361833,39.47607861253032,19.239403558190205,-39.169371749494076,-28.847126078121086,-10.32224567137299,20.41753239576154,47.120339798456016,36.99855971048079,21.705713561864627,-74.24581283872999,-57820320.0,-43670663.25,-1.0
2026-06-09,2098.3565153522595,2117.066354683376,2088.8533235633454,2111.32470703125,1460636,2182.0293725585943,2335.1300518798816,2106.5956107765655,2144.3576321868068,2281.829249714414,2027.9139387621487,2154.8715942382814,42.54370877610561,39.47607861253032,19.239403558190205,-36.840889779141435,-30.445878818325156,-6.395010960816279,20.153800662769175,45.76982146992353,63.4787785634381,40.84608599587128,-61.07876385864102,-56359684.0,-44705221.2,-1.0
2026-06-10,2113.403324412981,2182.6984855334144,2112.017517863509,2147.655029296875,2325534,2183.9122241210944,2333.076027221678,2114.8074944806276,2144.6573955604495,2269.782487481354,2030.2791824405213,2150.0308349609377,48.77037070387018,39.47607861253032,19.239403558190205,-31.698595977428795,-30.696422250145886,-1.0021737272829085,19.345213517010468,47.59867554365502,77.9070516834507,59.46146331912319,-39.79115489676386,-54034150.0,-45688930.4,-1.0
2026-06-11,2142.210429407045,2143.200360289396,2113.7994614200466,2118.254150390625,1178896,2185.587189941407,2330.555779418944,2115.496825662627,2142.257100545011,2259.5922181136284,2029.689129542621,2144.640673828125,44.56160926024749,39.47607861253032,19.239403558190205,-29.653865008751836,-30.487910801867077,0.8340457931152407,18.594382595948808,46.61702499602455,86.14432063228004,75.84338362638961,-57.01848386774693,-55213046.0,-46662546.2,-1.0
2026-06-12,2129.539277901612,2157.455280606382,2123.40175473256,2146.962158203125,1156153,2187.6482299804693,2328.28613342285,2121.789892170727,2142.684833059385,2243.4350721665433,2035.6104112318944,2139.522741699219,49.1738590120265,39.47607861253032,19.239403558190205,-25.423834538178653,-29.475095549129396,4.051261010950743,18.237578446294968,46.08731822600544,92.26543536118169,85.43893589230414,-33.181994195357746,-54056893.0,-47630280.45,-1.0
2026-06-15,2177.848007096508,2188.7372471319904,2128.351461480678,2134.39013671875,1439449,2189.4459472656254,2326.042517700194,2124.3099410803316,2141.9307697556906,2229.1284978365447,2040.205779507205,2134.667138671875,47.31729942342794,43.45657553900586,19.239403558190205,-22.82287409374021,-28.14465125805156,5.321777164311349,18.584830609374066,47.10863732781308,88.92782656458883,89.11252751935018,-39.28799415241125,-55496342.0,-48614076.95,-1.0
2026-06-16,2139.2405659215237,2186.7572467009,2138.3497248298445,2177.748779296875,1337309,2191.724765625,2324.007345581053,2134.9977087236402,2145.1869524412527,2223.0029953687276,2043.064509514085,2133.0337524414062,53.796281476593215,43.45657553900586,19.239403558190205,-17.066185743930873,-25.928958155227427,8.862772411296554,18.907279046518944,47.48424251740857,96.66239120340711,92.6185510430592,-7.6395201675617415,-54159033.0,-49473756.9,-1.0
2026-06-17,2178.936926000028,2202.2003013528906,2161.0190806510564,2175.47216796875,1511401,2193.44724609375,2321.661216430662,2143.0926005726624,2147.940153852843,2221.0991929276524,2043.81010883016,2132.4546508789062,53.42476399126721,43.45657553900586,19.239403558190205,-12.543083402091725,-23.25178320460029,10.708699802508566,19.532009436259795,47.03402667343898,96.127777576085,93.90599844802696,-16.99179862301624,-55670434.0,-50355407.2,-1.0
2026-06-18,2186.460250293131,2199.230503444121,2174.68016968817,2196.16162109375,1120482,2194.8905615234376,2319.6061370849593,2153.70640467688,2152.3239236020163,2226.9772931821144,2041.8422380678855,2134.409765625,56.37341276064801,43.45657553900586,19.239403558190205,-7.2059604245582705,-20.042618648591887,12.836658224033616,20.112116226733445,45.428048607904145,99.46538637267787,97.41851838405664,-3.8389526659944107,-54549952.0,-51101942.8,-1.0
2026-06-19,2187.3514048487905,2188.34133574496,2157.950263886682,2172.50244140625,1508994,2196.1062011718755,2317.4062420654286,2157.465612022754,2154.158334311492,2225.661088488227,2042.2675003789604,2133.9642944335938,52.296112098991046,43.45657553900586,19.239403558190205,-4.82967658048392,-17.000030234970293,12.170353654486373,20.019300610490465,44.91257065070156,94.10004288650494,96.56440227842259,-18.879734267087954,-56058946.0,-51993072.55,-1.0
2026-06-22,2181.5106513903265,2185.9653403900866,2160.524164883483,2162.89990234375,765860,2196.692236328125,2315.2089178466786,2158.5524700869532,2154.9530223144247,2224.160447903417,2042.6198255340828,2133.39013671875,50.6935237744719,45.55974732672608,19.239403558190205,-3.6788911967450986,-14.335802427325255,10.656911230580157,19.93311468112198,43.52175671183741,87.16045779683057,93.57529568533778,-26.049938115670447,-56824806.0,-52883459.2,-1.0
2026-06-23,2160.10009765625,2179.699951171875,2156.0,2160.10009765625,710082,2197.7786181640627,2312.8625408935536,2158.8619956008124,2155.4209382545905,2220.2033718584535,2043.8716037274842,2132.037487792969,50.210384375482896,45.55974732672608,19.239403558190205,-2.9587002734824637,-12.060381996556698,9.101681723074234,19.672668455533444,42.105913458982954,79.05049315468261,86.77033127933937,-28.145866338190505,-57534888.0,-53924485.1,-1.0
2026-06-24,2160.0,2166.0,2140.0,2157.800048828125,942271,2198.2171191406246,2310.5650701904287,2158.649606246275,2155.637221034003,2217.7028516758587,2044.5257371913287,2131.114294433594,49.79056638690322,45.55974732672608,19.239403558190205,-2.54421042219019,-10.157147681683398,7.612937259493208,18.808671735296898,40.9554910690556,72.32058375280548,79.51051156810621,-30.428667675433207,-58477159.0,-54981797.65,-1.0
2026-06-25,2161.0,2200.89990234375,2161.0,2174.199951171875,1898262,2199.3498925781255,2308.340266723632,2161.7596752313952,2157.3247419556274,2217.37771883207,2044.6444735507428,2131.0110961914065,52.81969118384263,45.55974732672608,19.239403558190205,-0.8822194922208837,-8.302162043790895,7.419942551570012,18.99414427217316,41.10865981523913,73.26521171502688,74.87876287417166,-21.251050351199453,-56578897.0,-55944197.1,-1.0
2026-06-26,2174.199951171875,2174.199951171875,2174.199951171875,2174.199951171875,0,2198.469150390625,2306.2785125732416,2164.2477304194913,2158.858851884377,2221.6336057604426,2044.6269655286203,2133.1302856445313,52.81969118384263,45.55974732672608,19.239403558190205,0.42996393715338854,-6.555736847602039,6.985700784755427,19.166368770701112,38.17232697129348,72.80974458611789,72.79851335131674,-24.70321726001792,-56578897.0,-56021515.5,-1.0
2026-06-29,2172.0,2189.89990234375,2143.0,2151.300048828125,1423514,2197.3145361328125,2304.1489129638667,2161.658194101218,2158.171687970172,2219.9592936341055,2055.0999837096456,2137.5296386718755,48.11852222284611,45.704301064014004,19.239403558190205,-0.3736448329200357,-5.3193184446656385,4.945673611745603,18.161699436530693,38.79572521218323,61.60940015768706,69.22811881961061,-56.44120812788928,-58002411.0,-56096485.2,-1.0
2026-06-30,2151.0,2151.300048828125,2114.199951171875,2118.199951171875,2364422,2193.929873046875,2301.764922485351,2152.9665455153495,2154.5378937157816,2217.0381611930998,2062.579294861589,2139.8087280273444,42.26317740693232,45.704301064014004,19.133541094635685,-3.639458413585089,-4.983346438449528,1.3438880248644391,17.38426639021378,38.674608958188,34.80563757912881,56.408260774311245,-95.02211771384594,-60366833.0,-56397121.15,-1.0
2026-07-01,2133.5,2190.0,2120.199951171875,2182.0,2497576,2190.670908203125,2299.692565307616,2158.77323641228,2157.0344488325286,2217.3117475346776,2073.5507524653235,2145.4312500000005,53.90605845241599,45.704301064014004,19.133541094635685,-1.0672063732463357,-4.20011842540889,3.1329120521625544,16.73853780352944,41.04071180604065,37.54231160476121,44.65244978052569,-22.954796556307844,-57869257.0,-56495629.65,-1.0
2026-07-02,2186.0,2216.0,2179.199951171875,2210.60009765625,2585362,2188.0314648437497,2297.868795776366,2169.138608661074,2161.9040532710487,2218.0375579716456,2088.038735973668,2153.0381469726567,57.99524758565795,45.704301064014004,19.133541094635685,3.241741977069978,-2.7117463449131165,5.9534883219830945,16.762949733440028,40.737807307618105,60.83790892124209,44.39528603504404,-5.304420190276105,-55283895.0,-56357733.3,1.0
2026-07-03,2224.89990234375,2239.300048828125,2190.0,2201.199951171875,1536616,2185.9781396484373,2296.201835327147,2175.5508771632344,2165.4764076256693,2221.46794775436,2094.7144985347027,2158.0912231445313,56.229575919048216,45.704301064014004,19.133541094635685,5.8308864980567705,-1.0032197763191393,6.83410627437591,17.284552745808266,41.34939598765431,90.43011209486417,62.93677754028916,-30.455689779668628,-56820511.0,-56387817.7,1.0
2026-07-06,2202.10009765625,2221.39990234375,2190.300048828125,2202.0,2131061,2183.921015625,2294.5364190673818,2180.8407017305876,2168.796734205154,2221.006740198324,2106.4903789423006,2163.7485595703124,56.35137797929314,48.06637764528621,19.133541094635685,7.856791240126768,0.7687824269700422,7.088008813156725,17.768898400150203,40.61728581108079,92.77581561265166,81.34794554291929,-29.8161628383521,-54689450.0,-56231274.2,1.0
2026-07-07,2200.0,2219.39990234375,2193.699951171875,2208.800048828125,2552492,2182.7680810546876,2292.9054937744127,2186.432571150095,2172.433399170878,2223.6422765124953,2113.6023768078176,2168.6223266601564,57.435557137242924,48.06637764528621,19.133541094635685,9.896956500229862,2.5944172416220064,7.302539258607856,18.21864793632486,39.551761908280376,91.58993555563731,91.5986210877177,-24.38047657149548,-52136958.0,-56020137.9,1.0
2026-07-08,2199.0,2199.0,2130.0,2135.800048828125,1326689,2179.662163085938,2290.9645733642565,2176.3060666857014,2169.1030945942643,2224.243123529236,2111.8160317442016,2168.029577636719,44.62187734514623,48.06637764528621,19.133541094635685,5.559228923385035,3.187379577974612,2.371849345410423,17.177963466699143,42.35521097398356,66.99537925115511,83.78704347314802,-82.73374836556664,-53463647.0,-55991612.75,1.0
2026-07-09,2139.0,2166.800048828125,2137.10009765625,2144.5,2201039,2177.9874560546878,2288.983173217772,2169.944853348561,2166.8664496311494,2221.7600844259023,2116.923655808472,2169.341870117187,46.163397861121105,48.06637764528621,19.133541094635685,2.7913845743441925,3.1081805772485285,-0.31679600290433596,16.211613602046693,41.544124475841876,45.40894253848146,67.99808578175796,-75.779356374778,-51262608.0,-55794090.85,1.0
2026-07-10,2151.5,2178.0,2145.0,2150.60009765625,1665179,2176.4347509765626,2287.165853881834,2166.075902210099,2165.387690360704,2221.639366246034,2117.408167933653,2169.5237670898437,47.2717033350193,48.06637764528621,19.133541094635685,1.077652380872678,2.7020749379733586,-1.6244225571006807,15.115541467585043,40.96954415613889,23.873625006085906,45.425982265240826,-70.90318299798989,-49597429.0,-55571117.65,1.0
2026-07-13,2143.0,2143.0,2120.0,2130.60009765625,1833988,2173.325805664063,2285.1866546630836,2158.980741299329,2162.225181933026,2222.012296705884,2116.6562335675526,2169.3342651367184,44.0684760167964,44.1867439316128,19.133541094635685,-1.8727378263301944,1.7871123851126482,-3.6598502114428424,14.6569727901833,40.22886940614683,22.701070425828586,30.661212656798646,-86.89038074979021,-51431417.0,-55367871.4,1.0
2026-07-14,2125.0,2145.0,2116.10009765625,2120.199951171875,2681897,2169.6505029296877,2283.4010076904274,2151.2245832738386,2158.4047064092847,2223.320306928713,2109.593340532224,2166.4568237304684,42.45733561288031,44.1867439316128,19.133541094635685,-4.9925966788605365,0.43117057231801126,-5.423767251178548,14.333396410074283,39.419657473118484,14.848613192212293,20.474436208042263,-95.20384067445991,-54113314.0,-55365585.45,1.0
2026-07-15,2121.0,2128.5,2091.0,2102.60009765625,2029614,2165.8271289062504,2281.3932891845684,2141.499686150321,2153.331560159009,2226.208061078198,2099.418379351489,2162.8132202148436,39.80517869982557,44.1867439316128,19.133541094635685,-8.78401176765783,-1.4118658956771573,-7.372145871980673,14.66208718796503,39.28253908218145,4.236477448288865,13.928720355443248,-92.17795425698468,-56142928.0,-55389210.15,1.0
2026-07-16,2104.89990234375,2123.0,2096.0,2098.39990234375,2143092,2162.8087109375006,2279.419573364256,2132.8797293890066,2148.3377730848943,2225.4355931532414,2090.414675401447,2157.925134277344,39.176231408775124,44.1867439316128,19.133541094635685,-11.989449292155314,-3.5273825749727887,-8.462066717182525,14.967300053149295,38.40521486202564,0.41138515940630294,6.49882526663582,-95.01018212588302,-58286020.0,-55576013.55,1.0
2026-07-17,2100.0,2154.5,2092.10009765625,2143.800048828125,1059832,2160.3914160156255,2277.8030023193337,2135.0637932768304,2147.9252526979153,2223.915956185246,2089.0640731116287,2156.4900146484374,48.6254363931782,44.1867439316128,19.133541094635685,-10.742535960262558,-4.970413252030743,-5.772122708231815,14.190164076828065,40.119121110720236,16.73698011201107,7.1282809065687465,-64.39647239137555,-57226188.0,-55634375.65,1.0
2026-07-20,2153.800048828125,2153.800048828125,2128.39990234375,2139.699951171875,689849,2157.506044921876,2276.2341949462866,2135.9910248558394,2147.1774980137297,2223.0890813460373,2087.57095283365,2155.3300170898438,47.90167686843864,43.676538593494215,19.133541094635685,-9.970260815714028,-5.9703827647674,-3.999878050946627,13.468537813101209,39.067765780267,32.191995361217366,16.446786877544913,-67.16120354868077,-57916037.0,-55688937.2,1.0
2026-07-21,2139.699951171875,2147.699951171875,2127.5,2142.5,1032417,2155.5715722656255,2274.598355102537,2137.2928198846716,2146.7522709215727,2222.4051037945856,2086.494920619477,2154.4500122070312,48.465810918873615,43.676538593494215,19.133541094635685,-9.028215017419825,-6.581949215297885,-2.44626580212194,12.826676322347502,37.720064736810436,48.646237571657245,32.525071014961895,-65.27310651145716,-56883620.0,-55656373.8,1.0
2026-07-22,2139.699951171875,2159.89990234375,2130.0,2154.60009765625,819175,2153.7741699218755,2272.9159539794905,2140.7542754389874,2147.465709715634,2222.226961485154,2086.3530678117213,2154.2900146484376,50.93816305768878,43.676538593494215,19.133541094635685,-7.2220093508226455,-6.709961242402837,-0.5120481084198083,12.01366832437491,37.16148170873469,53.381265469550996,44.73983280080853,-57.113906462727826,-56064445.0,-55535738.1,1.0
2026-07-23,2150.0,2166.0,2139.89990234375,2161.800048828125,833281,2152.4890234375007,2271.2268267822246,2144.963430116815,2148.7688314531333,2221.066089545062,2086.2739495174383,2153.67001953125,52.40146459892903,43.676538593494215,19.133541094635685,-5.150233770965315,-6.398015748115333,1.2477819771500185,11.467394117700493,36.37138284784293,62.069590061813,54.69903103434041,-45.70544336644712,-55231164.0,-55468351.45,1.0
2026-07-24,2148.0,2163.0,2139.0,2145.0,1603494,2150.4026074218755,2269.4689227294903,2144.9707440934517,2148.4262104119393,2218.995858780814,2085.4241851644983,2152.2100219726562,48.74794051968563,43.676538593494215,19.133541094635685,-4.8085304878959505,-6.080118696071457,1.2715882081755066,10.925199437631425,35.48771264442558,63.08899255810219,59.51328269648872,-57.94389324733898,-56834658.0,-55481139.5,1.0
2026-07-27,2155.0,2181.300048828125,2152.39990234375,2174.60009765625,698681,2149.264565429688,2267.9798321533185,2150.8966148060113,2150.8056547068763,2220.9027899557645,2085.8472588723603,2153.3750244140624,54.73603234575405,43.799856643248276,19.133541094635685,-2.1247548207434193,-5.289045921005849,3.16429110026243,11.060879181042562,35.54573665754696,74.9503178815307,66.7029668338153,-22.592502170138886,-56135977.0,-55387817.8,1.0
2026-07-28,2174.60009765625,2213.0,2016.0,2022.699951171875,9947304,2145.5102343750004,2265.8152191162094,2125.2572820791843,2139.1596816582396,2236.9088989812312,2060.2911498468934,2148.6000244140623,33.26014850738395,43.799856643248276,19.133541094635685,-12.115258449839075,-6.654288426772495,-5.46097002306658,12.801244396807622,47.07818403915075,50.806978040062404,62.948762826565094,-96.59900955742386,-66083281.0,-55673640.2,-1.0
2026-07-29,2050.5,2123.0,2047.0,2117.800048828125,5183374,2144.1251513671878,2264.0401629638654,2123.7658354289724,2137.2178968555017,2233.253162943363,2057.526890767574,2145.3900268554685,47.221875450266474,43.799856643248276,19.133541094635685,-12.218177908035614,-7.767066323025119,-4.451111585010494,14.417297811446605,50.87974580979177,55.0037289081403,60.25367494324446,-48.324848310596444,-60899907.0,-55825172.7,-1.0
2026-07-30,2120.0,2132.60009765625,2088.0,2107.89990234375,2602039,2143.141962890625,2262.1601116943343,2120.592648811928,2134.5526246271606,2223.9781954706805,2056.5318387090074,2140.255017089844,46.139757618039035,43.799856643248276,19.133541094635685,-12.949329591609512,-8.803518976741998,-4.145810614867514,15.591629816245465,50.43119951311022,41.66120512283841,49.15730402368037,-53.350303378807105,-63501946.0,-56236075.25,-1.0
2026-07-31,2119.60009765625,2119.60009765625,2091.10009765625,2101.300048828125,1759019,2141.5397265625006,2260.4243499755844,2116.7341288151674,2131.5296631908845,2215.522309609069,2054.997734336244,2135.2600219726564,45.39296970890762,43.799856643248276,18.993847674467126,-13.901082563272666,-9.823031694048133,-4.078050869224533,16.682080963558693,48.86468526217378,60.49290380531816,52.38594594543228,-56.700482828362944,-65260965.0,-56658097.95,-1.0
2026-08-03,2107.0,2138.0,2105.300048828125,2138.0,740649,2140.812065429688,2258.825432739256,2120.987303052134,2132.117875628077,2205.970562765661,2058.1494811796515,2132.060021972656,50.218102690831934,40.33620352369803,18.993847674467126,-11.560709640599725,-10.170567283358452,-1.3901423572412739,17.042699295376952,47.995775684295296,65.14343377204021,55.765847566732255,-38.07106598984772,-64520316.0,-57149641.25,-1.0
2026-08-04,2119.10009765625,2119.10009765625,2070.199951171875,2096.5,1657094,2138.9990039062504,2256.9370013427715,2116.0898424417073,2128.8798869346156,2192.4483154363093,2060.441723626191,2126.44501953125,45.33940570403865,40.33620352369803,18.993847674467126,-12.905879463114161,-10.717629719309594,-2.188249743804567,18.07824320465318,49.41036662314027,63.90118468305599,63.17917408680478,-59.13705583756346,-66177410.0,-57851663.85,-1.0
2026-08-05,2085.300048828125,2097.800048828125,2074.199951171875,2085.300048828125,1150148,2137.1797265625,2254.7838507080064,2109.9318837189912,2124.918083470389,2192.2396185148614,2055.600420547639,2123.92001953125,44.09437670049943,40.33620352369803,18.993847674467126,-14.706155292605672,-11.51533483396881,-3.1908204586368623,19.039819691838247,47.56677598264811,61.88560134597962,63.6434066003586,-64.82231023953045,-67327558.0,-58544859.4,-1.0
2026-08-06,2081.0,2094.0,2075.199951171875,2079.5,1160270,2135.2444482421874,2252.3944537353505,2103.845506975193,2120.7891667912627,2191.0214661017208,2050.3185729607794,2120.67001953125,43.42927745801317,40.33620352369803,18.993847674467126,-16.4117182530822,-12.494611517791489,-3.9171067352907105,19.932712144224382,45.51200975732503,51.34847159940399,59.04508587614653,-67.76649746192894,-68487828.0,-59406120.4,-1.0
2026-08-07,2083.10009765625,2099.39990234375,2077.199951171875,2096.0,1054665,2134.5281250000003,2250.133230590819,2102.2764055801545,2118.5356061738753,2187.635654349022,2048.2443749478534,2117.9400146484377,45.927970423086634,40.33620352369803,18.993847674467126,-16.244718085329623,-13.244632831299116,-3.000085254030507,20.540880232615155,43.84686271550717,52.261999727788364,55.165357557723986,-59.390862944162436,-67433163.0,-60297907.1,-1.0
2026-08-10,2096.0,2097.0,2076.0,2087.199951171875,1118008,2135.005864257813,2247.841265258788,2099.2611146984987,2115.6869102646024,2186.5008322624235,2045.0391823860145,2115.770007324219,44.79164173743937,39.923842472486875,18.993847674467126,-16.630750702748628,-13.921856405589018,-2.7088942971596097,21.13420870035688,42.214943950113806,53.3442447274783,52.31823868489021,-63.857892806154815,-68551171.0,-61153894.8,-1.0
2026-08-11,2086.0,2086.5,2063.800048828125,2064.89990234375,956661,2134.8514990234376,2245.3891802978505,2092.3888722275487,2111.0699095445248,2187.2432756080443,2038.7667341575807,2113.0050048828125,41.95859909728204,39.923842472486875,18.993847674467126,-18.522594959633807,-14.842004116397977,-3.68059084323583,21.978580813432927,40.87101240680211,51.061562794882626,52.22260241671643,-75.17771454631979,-69507832.0,-61923620.7,-1.0
2026-08-12,2065.0,2072.10009765625,2050.10009765625,2063.0,995523,2134.7205078125003,2243.346018676757,2086.511097782039,2106.69991776775,2188.4746155724392,2033.575384427561,2111.025,41.71651054566377,39.923842472486875,18.993847674467126,-19.94528457909246,-15.862660208936873,-4.082624370155585,23.075179709517823,39.523082949173386,44.52483550716651,49.64354767650914,-76.14213197969544,-70503355.0,-62641642.05,-1.0
2026-08-13,2063.0,2092.0,2052.89990234375,2092.0,1186057,2135.3912646484378,2241.4704473876945,2087.6088782256315,2105.363561607045,2188.4266588730998,2032.9833508925256,2110.705004882813,46.765429821885576,39.923842472486875,18.993847674467126,-18.51924043959025,-16.39397625506755,-2.125264184522699,23.18477534864013,39.49286971396457,47.58840842660358,47.72493557621757,-61.42131979695431,-69317298.0,-63193205.95,-1.0
2026-08-14,2089.0,2090.89990234375,2066.39990234375,2077.0,1148419,2134.92849609375,2239.5920672607417,2085.4871025805055,2102.785056006405,2184.8392721455707,2029.8907327372422,2107.3650024414064,44.61270091194237,39.923842472486875,18.993847674467126,-18.38750511160879,-16.7926820263758,-1.5948230852329885,23.286542727825132,38.50052885269925,56.40239280024889,49.50521224467299,-69.03553299492387,-70465717.0,-63855182.4,-1.0
2026-08-17,2070.89990234375,2076.0,2055.0,2055.0,1024288,2134.251430664062,2237.6478875732414,2079.3896820644045,2098.4409600058225,2182.4011414621837,2023.8588683034413,2103.1300048828125,41.58886911708915,38.407970942337,18.993847674467126,-19.829735209496903,-17.40009266300002,-2.4296425464968827,23.693244643217273,37.321919648935015,43.27703150053344,49.0892775757953,-91.20879120879121,-71490005.0,-64533880.8,-1.0
2026-08-18,2055.0,2060.0,2034.9000244140625,2035.0,1234596,2132.724936523437,2235.6945623779293,2070.5117456515236,2092.6736000052933,2180.2968293676217,2015.213180398003,2097.7550048828125,39.00086283679446,38.407970942337,18.993847674467126,-22.32914927240654,-18.385903984881324,-3.9432452875252153,24.573959743626833,36.44892364443519,22.315098236003045,40.66484084559512,-99.90303044654539,-72724601.0,-65325929.85,-1.0
2026-08-19,2035.0,2041.699951171875,2008.300048828125,2020.699951171875,1449442,2130.185834960937,2233.6898724365233,2060.549386755594,2086.1305410204372,2175.878230476352,2006.2417646408344,2091.0599975585933,37.217547384343796,38.407970942337,18.993847674467126,-25.173661059865026,-19.743455399878066,-5.43020565998696,25.957646835541503,36.23113640867196,0.0,21.86404324551216,-90.43954740791077,-74174043.0,-66231409.75,-1.0
2026-08-20,2022.9000244140625,2043.5999755859373,2018.199951171875,2028.0,1401471,2128.3807519531247,2231.748693237304,2054.039509404475,2080.8459463822155,2166.7675114348745,2001.9724787994994,2084.369995117187,38.75705883967625,38.407970942337,18.993847674467126,-26.53304775537572,-21.101373870977596,-5.431673884398123,27.145482548725774,35.457485551914125,3.9472966578182334,8.75413163127376,-84.81113447315865,-72772572.0,-67108480.15,-1.0
2026-08-21,2028.0,2034.699951171875,2012.0,2015.0,857550,2125.741508789062,2229.81274230957,2046.2316075235804,2074.8599512565593,2160.6386829841085,1995.1013072502665,2077.8699951171875,37.01629496608989,38.407970942337,18.993847674467126,-28.33276043413298,-22.54765118360867,-5.785109250524307,28.380086908170245,34.54623309619704,3.9472966578182334,2.6315311052121553,-93.9531153255464,-73630122.0,-67948253.35,-1.0
2026-08-24,2019.9000244140625,2030.0,2006.199951171875,2030.0,891171,2123.653706054687,2227.999428100585,2042.9852860188644,2070.7817738695994,2142.3557725632445,1998.9242079055057,2070.639990234375,40.34567651118126,33.88650178618556,18.993847674467126,-28.223330077784794,-23.6827869624439,-4.5405431153408955,29.65082598380054,33.77864850562047,15.330807756795778,7.741800357477414,-74.46345354383924,-72738951.0,-68778402.05,-1.0
2026-08-25,2024.0,2029.199951171875,2012.0,2024.199951171875,1019583,2120.5827294921874,2226.171962280273,2039.2282190494666,2066.547062715261,2142.2225109271935,1999.2074695415563,2070.714990234375,39.47671323223149,33.88650178618556,18.993847674467126,-28.278642610207953,-24.60195809199671,-3.6766845182112426,30.8307979826001,32.65160218379044,19.795943937155407,13.02468278392314,-80.68668516059066,-73758534.0,-69162164.7,-1.0
2026-08-26,2030.300048828125,2051.89990234375,2021.0,2021.0,765343,2117.4932861328125,2224.3542352294917,2035.5825752395733,2062.406420650237,2137.066887447253,1994.683088138685,2065.874987792969,38.97792123042642,33.88650178618556,18.993847674467126,-28.25498166658417,-25.332562806914204,-2.9224188596699676,30.626927295845086,32.526480766644696,26.502953647425162,20.543235113792115,-84.12011096354391,-74523877.0,-69843363.2,-1.0
2026-08-27,2020.0,2028.0,2004.300048828125,2009.0,989046,2113.750053710937,2222.38394958496,2030.2660601916587,2057.5512915002155,2133.5558869952706,1988.304098356292,2060.9299926757812,37.085552241380356,33.88650178618556,18.993847674467126,-28.87171475443961,-26.040393196419288,-2.8313215580203206,30.899403754378852,31.89601436701829,15.356240569724676,20.551712718101747,-94.92993134035117,-75512923.0,-70443912.05,-1.0
2026-08-28,2018.0,2018.0,1997.5,2010.4000244140625,933212,2110.508005371094,2220.435512695312,2026.2928530361396,2053.2648126742015,2129.7469176680456,1983.0230652421112,2056.3849914550783,37.46700034246291,33.88650178618556,18.993847674467126,-28.914204944036783,-26.61515554594279,-2.2990493980939917,31.32975866942569,31.0820133408027,8.484817551185959,16.781337256111932,-86.34918051421958,-74579711.0,-70909849.35,-1.0
2026-08-31,2001.0999755859373,2008.5999755859373,1967.4000244140625,1967.4000244140625,1800025,2106.5980078125003,2218.3557244873036,2014.5142873117243,2045.4589228323707,2120.9324068408077,1974.7775785107551,2047.8549926757814,31.208437422869135,33.570734184887144,17.879991662025915,-32.04818779977222,-27.70176199670868,-4.346425803063543,32.418350645753634,31.933298102173936,1.7778078409162026,8.539621987275613,-100.0,-76379736.0,-71502820.35,-1.0
2026-09-01,1987.0,2003.0,1980.0,1994.800048828125,922778,2103.292006835937,2216.313449096679,2010.5714396150045,2040.8535706501666,2115.748451225331,1969.7915390090443,2042.7699951171876,38.28297209875074,33.570734184887144,17.879991662025915,-31.952609026365963,-28.551931402640136,-3.4006776237258265,33.429186052343866,32.19520363672848,16.699326831113414,8.987317407738525,-78.00960691588217,-75456958.0,-71966797.75,-1.0
2026-09-02,1983.0,1983.800048828125,1962.300048828125,1975.0,1497019,2099.6360058593746,2214.1855377197257,2003.4571516920037,2034.8668824092422,2113.306876969007,1961.2031083825561,2037.2549926757815,35.44615199808037,33.570734184887144,17.879991662025915,-33.09308414999941,-29.460161952111992,-3.632922197887421,34.72824779390482,32.21697480553359,25.696542600831698,14.72455909095377,-90.12444351631245,-76953977.0,-72448118.7,-1.0
2026-09-03,1978.9000244140625,1978.9000244140625,1959.9000244140625,1962.0,1638341,2095.3920068359366,2212.0965692138666,1995.1657213536032,2028.2426203720383,2111.7237724768365,1951.036212874726,2031.3799926757813,33.6814217157062,33.570734184887144,17.879991662025915,-34.646526663957275,-30.49743489448105,-4.149091769476225,35.981532197151815,31.272905176566905,33.63771616562047,25.344528532521856,-98.19123511840613,-78592318.0,-72953343.2,-1.0
2026-09-04,1967.0,1984.199951171875,1950.4000244140625,1973.4000244140625,2247162,2091.3760083007805,2209.87849243164,1990.812581965695,2023.256929830404,2103.515705549715,1946.9842822432538,2025.2499938964845,36.65951134785152,33.570734184887144,17.879991662025915,-34.559375385008025,-31.309822992586447,-3.2495523924215775,37.33214050342253,31.453406718084448,38.36532557129596,32.56652811258271,-79.01459386551993,-76345156.0,-73398942.85,-1.0
2026-09-07,1972.0,1974.199951171875,1958.0,1960.0,713057,2087.5500073242183,2207.658752441406,1984.650065572556,2017.5062998458218,2096.630456325899,1941.149536349882,2018.8899963378906,34.68771206460737,31.063354706339624,17.879991662025915,-35.16620324923224,-32.08109904391561,-3.0851042053166324,38.586276787816765,30.363874179069487,40.519754762048706,37.50759883298838,-90.5418845995187,-77058213.0,-73824294.95,-1.0
2026-09-08,1967.0,1990.800048828125,1956.699951171875,1980.0,1256067,2084.7860083007813,2205.512778320312,1983.7200524580448,2014.0966362234742,2091.0678160968123,1938.2221863445939,2014.645001220703,39.88490302175607,31.063354706339624,17.879991662025915,-33.6454421371659,-32.39396766256567,-1.2514744746002293,38.644809888080644,30.630747284582384,64.23097829091232,47.70535287475232,-70.83742740415666,-75802146.0,-74139010.65,-1.0
2026-09-09,1973.0,1979.5999755859373,1936.0,1945.0,1455307,2080.0460083007806,2203.2388269042963,1975.976041966436,2007.815123839522,2087.6295161411726,1929.8604863002336,2008.7450012207032,34.68351125158849,31.063354706339624,17.879991662025915,-34.86256158341416,-32.88768644673537,-1.97487513667879,39.21144114185304,31.585693907112216,57.02238177298958,53.924371608650205,-92.23467853035224,-77257453.0,-74476715.55,-1.0
2026-09-10,1940.0,1950.0,1936.0,1942.300048828125,1232506,2074.6800073242184,2201.001365966796,1969.2408433387739,2001.8592079293949,2075.132119197993,1927.3878881262256,2001.2600036621093,34.31178190558813,31.063354706339624,17.879991662025915,-35.634231766311814,-33.43699551065066,-2.197236255661153,39.737598734641686,30.329572913747057,55.650960364451606,58.96810680945116,-94.5642328416813,-78489959.0,-74935348.6,-1.0
2026-09-11,1930.5,1946.5999755859373,1926.199951171875,1927.0,1100313,2069.1960083007807,2198.632464599609,1960.7926746710193,1995.053825390359,2065.6871246782443,1921.8328826459745,1993.7600036621093,32.205322780182655,31.063354706339624,17.879991662025915,-37.05324527177936,-34.160245462876404,-2.8929998089029567,40.459026637235276,29.62031944948386,27.828407523822424,46.833916553754534,-99.36352494916163,-79590272.0,-75391576.35,-1.0
2026-09-14,1927.0,1927.0,1927.0,1927.0,0,2063.6960083007807,2196.1323974609377,1954.0341397368156,1988.8671139912353,2059.1220914998225,1915.597915824396,1987.3600036621092,32.205322780182655,28.217105883397615,17.879991662025915,-37.742748784361766,-34.876746127173476,-2.8660026571882895,41.12892397535789,27.5045823459493,18.9809218776186,34.153429921964204,-99.36352494916163,-79590272.0,-75796589.7,-1.0
2026-09-15,1944.0,1969.4000244140625,1933.800048828125,1938.0999755859373,1715702,2058.282006835937,2193.614078979492,1950.8473069066401,1984.2519195907535,2053.817231416457,1911.2127734663552,1982.515002441406,35.53522009554743,28.217105883397615,17.879991662025915,-36.96737315591872,-35.29487153292253,-1.6725016229961938,39.24209229500328,28.56854249367167,24.282365959844956,23.697231787095326,-88.31039419818572,-77874570.0,-76054088.15,-1.0
2026-09-16,1944.0999755859373,1977.0,1943.5,1962.0,1013304,2054.8060058593746,2191.2256561279296,1953.0778455253123,1982.229017809776,2049.0737048957876,1910.0863048698366,1979.580004882812,42.12658504196129,28.217105883397615,17.879991662025915,-34.032049868057584,-35.04230719994954,1.0102573318919568,37.135316241033294,29.30650548798532,53.785855040155084,32.349714292539545,-61.00214620239194,-76861266.0,-76188449.3,-1.0
2026-09-17,1962.0,1968.9000244140625,1942.199951171875,1942.199951171875,1171388,2050.760004882812,2188.6724017333986,1950.902266654625,1978.590011751785,2042.7619743087675,1907.8180305740443,1975.290002441406,38.6049195217518,28.217105883397615,17.879991662025915,-32.92395660182797,-34.61863708032523,1.6946804784972613,35.23002916788908,29.12033175614262,72.53762553512789,50.20194884504264,-80.58253002499175,-78032654.0,-76451453.4,-1.0
2026-09-18,1950.0,1959.5999755859373,1932.0,1932.0,1994635,2046.3880029296872,2186.215647583008,1947.1218133237003,1974.3545561379863,2038.5381261021637,1903.7418787806484,1971.140002441406,36.893870002763016,28.217105883397615,17.879991662025915,-32.49426189582232,-34.19376204342465,1.699500147602329,33.861592252744224,29.011734886842238,71.66747062288418,65.99698373272238,-92.44785788990156,-80027289.0,-76771311.75,-1.0
2026-09-21,1940.0,1966.5999755859373,1939.0,1947.0,864547,2042.716000976562,2183.763609008789,1947.0974506589605,1971.86777830726,2029.1454933738116,1904.8345115090003,1966.990002441406,41.03297990462283,28.972351861865526,17.879991662025915,-30.59072032392828,-33.473153699525376,2.8824333755970954,32.22393754398436,29.4108949367776,67.99318970820815,70.73276195540673,-67.8018306739934,-79162742.0,-77092501.3,-1.0
2026-09-22,1952.0,1956.800048828125,1933.800048828125,1933.800048828125,1023040,2038.9880029296871,2181.857346801758,1944.4379702927936,1968.4070756273386,2020.090702933569,1904.8493117148678,1962.4700073242184,38.63168858610116,28.972351861865526,17.879991662025915,-29.803716959956773,-32.73926635161166,2.935549391654888,30.920818379852502,28.952973869864913,67.0027987257468,68.88781968561304,-88.23516073196726,-80185782.0,-77413863.7,-1.0
2026-09-23,1938.0,1954.0,1936.0,1950.0,870342,2035.9360009765624,2180.1538470458986,1945.550376234235,1966.7337051157622,2009.6999820592714,1908.140032589165,1958.9200073242182,43.03750937243315,28.972351861865526,17.879991662025915,-27.55517158746511,-31.702447398782354,4.147275811317243,29.710779156015768,28.327757962865633,84.58360951752528,73.19319931716007,-63.15787484599511,-79315440.0,-77653441.85,-1.0
2026-09-24,1940.0,1953.0,1925.5,1933.5,1257687,2032.6380029296874,2178.40496887207,1943.1403009873882,1963.7124591961474,2001.260506072692,1909.0295085757448,1955.1450073242183,39.89580840610567,28.972351861865526,17.879991662025915,-26.795711006880765,-30.721100120402035,3.9253891135212697,29.042755560706688,28.26863239408952,78.59009486272969,76.7255010353339,-87.74886061562275,-80573127.0,-77906452.05,-1.0
2026-09-25,1933.5,1942.9000244140625,1915.0,1942.9000244140625,732074,2028.6200024414063,2176.726849365234,1943.0922456727233,1961.8204196705033,1990.0777542685541,1913.4622603798825,1951.7700073242183,42.47227568084499,28.972351861865526,17.879991662025915,-25.14546830807194,-29.60597375793602,4.46050544986408,28.843107692692872,28.242303252659017,88.592839724014,83.92218136808965,-63.1926036389169,-79841053.0,-78169519.15,-1.0
2026-09-28,1932.0999755859373,1933.199951171875,1893.199951171875,1896.0,1852879,2023.7460034179687,2174.7949255371095,1933.6737965381787,1955.836745155003,1993.1131260227241,1903.2868861843065,1948.2000061035153,34.521071465287434,30.68449472715237,17.879991662025915,-27.307297562171698,-29.146238518783157,1.8389409566114594,29.40514591765229,29.77500110905391,62.38564128315473,76.52285862329947,-96.75920366097806,-81693932.0,-78435228.95,-1.0
2026-09-29,1896.0,1898.9000244140625,1863.800048828125,1863.800048828125,2057852,2018.1720043945315,2172.9247363281247,1919.6990469961681,1947.4697727616503,1995.3065815583552,1887.993430648675,1941.6500061035151,30.32370857518675,30.68449472715237,17.879991662025915,-31.25850123009559,-29.568691061045648,-1.6898101690499416,30.699399553816505,30.15535642883131,38.72010351929302,63.232861508820584,-100.0,-83751784.0,-78849970.25,-1.0
2026-09-30,1871.4000244140625,1889.5999755859373,1865.199951171875,1879.0999755859373,1430233,2012.6620019531254,2170.9682037353514,1911.579232714122,1941.2543366547673,1994.9218029257256,1878.7882068398987,1936.8550048828122,34.40486024846744,30.68449472715237,17.165120259470577,-32.77744440542301,-30.210441729921122,-2.5670026755018895,31.901206501683276,29.84425430947281,17.82619156937434,39.64397879060736,-86.48415781153305,-82321551.0,-79118348.95,-1.0
