Date,Open,High,Low,Close,Volume,MA50,MA200,EMA9,EMA21,BB_Upper,BB_Lower,BB_Mid,RSI,RSI_W,RSI_M,MACD,MACD_Signal,MACD_Hist,ADX,ATR,StochRSI_K,StochRSI_D,Williams_R,OBV,OBV_SMA20,Supertrend_Dir
2025-07-30,208.3137463071058,209.65647722836243,205.8776711484339,208.53433227539065,3160010,222.91720123291014,208.97506683349607,212.09621095665173,216.35833139212724,228.37779684326546,206.4599045727503,217.41885070800788,35.946744011404846,46.70550665472808,81.20273265878554,-3.750860322392924,-2.3705021716516628,-1.3803581507412614,22.68374043798202,5.240556938668553,14.776217311801123,6.866720145992408,-78.44391423388574,53302442.0,56949106.9,-1.0
2025-07-31,205.7242250505649,206.8751268791904,202.3674195136093,203.58546447753903,2978420,222.62391265869135,208.93946937561034,210.3940616608292,215.19716167261922,228.90472513017482,204.13564809980568,216.52018661499025,31.081350721893788,46.70550665472808,74.37478461977138,-4.26619724942779,-2.749641187206888,-1.5165560622209022,24.521555550721413,5.30672521174804,16.082530539447077,12.227563659141435,-94.89547845799694,50324022.0,56853472.55,-1.0
2025-08-01,202.7702414708356,205.89686089695297,200.78493830848063,201.82073974609372,4284803,222.29110961914057,208.8907983398437,208.67939727788212,213.98112331566236,229.23909445220522,201.78815316742367,215.51362380981445,29.545646113017625,46.70550665472808,74.37478461977138,-4.762109381670967,-3.152134826099704,-1.6099745555712635,26.41873546195218,5.292810738656918,10.258587413270975,13.705778421506391,-95.92918317918945,46039219.0,56399970.75,-1.0
2025-08-04,201.88785668030363,210.90327055474145,201.5042276520545,209.94418334960935,4160592,221.91975097656245,208.87986381530757,208.93235449222757,213.6141287732939,228.9981519380213,201.22058280318964,215.10936737060547,43.407326878210284,43.73217560680658,74.37478461977138,-4.448351484069093,-3.4113781576935818,-1.0369733263755112,26.563258618259187,5.586113036087634,23.47401572800483,16.60504456024096,-60.86081178872956,50199811.0,56312492.45,-1.0
2025-08-05,209.08102637222893,210.605971630276,207.07653747571345,209.79075622558597,2618272,221.50906982421867,208.87312065124505,209.10403483889925,213.266549450775,228.50812654319014,200.71028013405595,214.60920333862305,43.234312073332056,43.73217560680658,74.37478461977138,-4.164075505994646,-3.561917627353795,-0.6021578786408508,26.697458691972837,5.439207401692986,49.92344906087489,27.885350734050228,-61.069654327836545,47581539.0,55925251.35,-1.0
2025-08-06,209.8003215316764,210.059279169058,202.6455246987721,203.1538543701172,2845652,221.02146911621088,208.8636038208007,207.91399874514286,212.34721353435154,228.23709723721325,199.24152367343132,213.73931045532228,36.46368733214118,43.73217560680658,74.37478461977138,-4.4233377736831585,-3.7342016566196676,-0.6891361170634909,27.503472672733153,5.58024647802105,65.28485913764078,46.227441308840156,-88.46346684767643,44735887.0,55228002.25,-1.0
2025-08-07,205.2446841598764,207.0669441934728,197.28425656696032,202.0413360595703,10067801,220.46423980712882,208.8582522583007,206.73946620802838,211.4103155820987,227.60749635100905,197.88581419586598,212.7466552734375,35.46119734903685,43.73217560680658,74.37478461977138,-4.664802973725671,-3.9203219200408683,-0.7444810536848023,28.90753568659882,5.8804208457704386,56.25255226276837,57.15362015376134,-79.11574083032279,34668086.0,53874782.5,-1.0
2025-08-08,202.3674191827292,203.2593633422396,198.33925547187087,199.1352996826172,4258867,219.81954162597648,208.86878158569326,205.21863290294613,210.29440504578218,227.11219124537143,196.1675435568747,211.63986740112307,32.915545124285515,43.73217560680658,74.37478461977138,-5.0326455283452844,-4.142786641701751,-0.8898588866435331,30.21130848518837,5.811827061813174,36.600438223088425,52.71261654116585,-91.87365604848972,30409219.0,52520610.9,-1.0
2025-08-11,199.57646229016208,203.13468242595405,198.8187898020365,201.72482299804688,2769931,219.1034869384765,208.9373555755614,204.5198709219663,209.5153521323517,225.90381900143794,195.35224484133553,210.62803192138674,37.239075099809455,42.733009050646395,74.37478461977138,-5.056917515738348,-4.3256128165090715,-0.7313046992292769,31.421954655307236,5.704974601963488,39.739499859465234,44.19749678177401,-77.74041082161838,33179150.0,51094048.5,-1.0
2025-08-12,201.7248171770862,203.71012011685528,200.49718670357936,202.0509033203125,2900680,218.40527130126944,209.00118499755848,204.02607740163555,208.83676587671175,223.93882087985125,195.1420323916332,209.54042663574222,37.78284625710058,42.733009050646395,74.37478461977138,-4.99229323495976,-4.45894890019921,-0.5333443347605504,32.34163400876036,5.526971659914376,46.41218831751682,40.91737546669016,-75.92062947466856,36079830.0,49586414.0,-1.0
2025-08-13,202.9428637077559,205.48443901327607,201.21650376697343,201.6864471435547,2130633,217.6907510375976,209.04458656311024,203.5581513500194,208.1867369009702,221.77773797843113,195.1662653174674,208.47200164794927,37.39288522049404,42.733009050646395,74.37478461977138,-4.913842872553147,-4.549927694669997,-0.36391517788314953,32.57019583733406,5.4370404875135385,57.17889636697486,47.7768615146523,-75.45464098584877,33949197.0,48043210.95,-1.0
2025-08-14,202.5158136541193,203.1233658038757,199.3334193537012,201.55145263671875,2573029,217.08094879150386,209.1362824249267,203.15681160735926,207.5835292405837,220.05806342292547,195.0549691088129,207.5565162658692,37.239569509279946,42.733009050646395,74.37478461977138,-4.807149496596907,-4.601372055055379,-0.20577744154152722,33.08103817064688,5.3193909134178945,57.180085278764295,53.59038998775199,-72.53561152509027,31376168.0,46533525.65,-1.0
2025-08-18,204.34809585093703,205.40889886722988,201.74432401956,203.4223175048828,1909830,216.4243557739257,209.1897800445556,203.20991278686398,207.20523726461087,218.69824833655127,195.06725764489414,206.8827529907227,40.85866322065061,43.97330535756174,74.37478461977138,-4.519532708326409,-4.585004185709585,0.06547147738317616,32.77547585347043,5.214966293210269,64.57653552567699,59.64517239047204,-54.930210487855376,33285998.0,45230580.0,-1.0
2025-08-19,203.86591873659924,208.446633693824,202.5158191615152,206.59506225585935,3137737,215.81184387207023,209.20072769165031,203.88694268066308,207.14976680926983,216.82135806056246,195.7738689902188,206.29761352539063,46.493693872467695,43.97330535756174,74.37478461977138,-3.9895908261753164,-4.465921513802732,0.4763306876274154,31.56617175603793,5.2660983102887355,79.03952828871623,66.93204969771917,-31.633775416835586,36423735.0,43978686.0,-1.0
2025-08-20,205.8910784089949,207.7715794608349,205.10994833476764,206.74935913085935,1880265,215.27415740966788,209.21169120788568,204.45942597070234,207.1133661112325,215.26000985774039,196.3865721735097,205.82329101562505,46.7593715089167,43.97330535756174,74.37478461977138,-3.5166201897187648,-4.276061248985939,0.7594410592671741,30.443246522707753,5.080064939987201,93.87120099711743,79.16242160383688,-30.500823536923917,38304000.0,42915605.4,-1.0
2025-08-21,207.1447527798703,207.7908729060218,204.58918721406704,205.2642517089844,2038006,214.79558044433588,209.21220687866204,204.62039111835878,206.9452648019372,213.41491101971909,197.157533133113,205.28622207641604,44.47056992229052,43.97330535756174,74.37478461977138,-3.2244538137303493,-4.065739761934821,0.8412859482044714,29.518404114538143,4.94589499369917,95.5678747937359,89.49286802652318,-41.40548538107335,36265994.0,41922457.05,-1.0
2025-08-22,205.78499996891125,208.7166510307308,203.48017769171335,204.2902374267578,3788150,214.4628701782226,209.19788879394525,204.5543603800386,206.70389867692091,211.14040228748695,198.27584679698572,204.70812454223633,42.98448592427494,43.97330535756174,74.37478461977138,-3.0365017660112983,-3.859892162750117,0.8233903967388185,28.91324752077165,4.966650589793333,86.47865942855702,91.9725784064701,-48.55735616335222,32477844.0,40871844.1,-1.0
2025-08-25,205.16779833094867,206.1996716419144,203.28729736444848,205.5149688720703,2278471,214.1951281738281,209.1857749938964,204.74648207844496,206.59581414920723,210.50680227854775,198.49145974537805,204.4991310119629,45.45281594259744,45.41642141398292,74.37478461977138,-2.756942504884421,-3.639302231176978,0.8823597262925569,28.39641248323138,4.819916567484231,83.33271906491656,88.4597510957365,-38.215820815931615,34756315.0,40081146.6,-1.0
2025-08-26,205.16780799293932,205.16780799293932,199.8156013631707,200.47137451171875,1976568,213.79659027099603,209.1363542175292,203.89146056509972,206.03904690943554,210.48393212319064,197.9995960140164,204.24176406860352,38.131657170747154,45.41642141398292,74.37478461977138,-2.9088344571932794,-3.493208676380238,0.5843742191869588,28.667266918558795,4.882734491871043,66.99092888473407,78.93410245940255,-75.05195846592787,32779747.0,39314031.75,-1.0
2025-08-28,200.39422958509823,201.54182159158435,196.82609663504468,197.5590057373047,2668169,213.43763244628897,209.03889114379874,202.62496959954072,205.26813407560547,210.45836436741166,197.0302525759477,203.7443084716797,34.65998796180779,45.41642141398292,74.37478461977138,-3.2270147271071323,-3.439969886525617,0.21295515941848464,29.4548535490201,4.870805239347374,46.9471015709488,65.75691650686647,-93.83620748141139,30111578.0,38312489.05,-1.0
2025-08-29,198.65837408574305,199.14055460536864,195.34096975632195,197.2021942138672,3592018,213.09244628906242,208.95107185363761,201.54041452240602,204.53486681544746,210.09917326307024,196.25622987413678,203.1777015686035,34.24858025796966,45.41642141398292,74.37478461977138,-3.4679897640704667,-3.4455738620345873,-0.022415902035879398,30.426983402431535,4.794289497183039,19.969406788851483,44.635812414844786,-86.08501190061817,26519560.0,36973344.95,-1.0
2025-09-01,197.69400501074503,204.1552207681,197.16360351772,203.8177032470703,2359741,212.9937014770507,208.93826316833486,201.9958722673389,204.46967012741317,210.11444385809992,196.26418315606023,203.18931350708007,46.84617452513872,42.37439552427487,72.64362200400954,-3.089533704751233,-3.3743658305779167,0.28483212582668394,29.603352294189268,4.951241479554252,40.743322175298054,35.88661017836611,-36.6257813950265,28879301.0,35901108.9,-1.0
2025-09-02,203.81769940124323,211.4843662640017,203.0462076727623,208.60092163085935,4475208,212.8085864257812,208.96745666503895,203.31688214004302,204.84523844590828,210.82521104164178,196.2314341609949,203.52832260131834,53.746488020237905,42.37439552427487,72.64362200400954,-2.376246907378345,-3.1747420459380025,0.7984951385596575,27.92293874898418,5.200306987531762,69.87636485426219,43.52969793947058,-17.861449613596704,33354509.0,35266873.4,-1.0
2025-09-03,208.67808210622525,210.7514524289016,208.0705299502398,208.72630310058597,1676598,212.53218048095698,209.018338317871,204.3987663321516,205.19806250542442,210.556238597224,196.37861858051033,203.46742858886716,53.915371906105094,42.37439552427487,72.64362200400954,-1.7803222975224742,-2.895858096254897,1.1155357987324228,26.362554742722313,5.020350951183906,99.99999999999999,70.20656234318675,-17.084776193805684,35031107.0,34508438.2,-1.0
2025-09-04,210.230706482656,210.66466600716976,205.9875237974391,206.56613159179688,1388424,212.18456573486324,209.0978493499755,204.83223938408068,205.32243242236737,209.9202319971151,196.69216271724034,203.30619735717772,50.494571381504485,42.37439552427487,72.64362200400954,-1.465462597652504,-2.6097789965344185,1.1443163988819145,24.53602259152459,4.995836041080103,94.20206985493923,88.02614490306712,-30.46592252048764,33642683.0,33811495.4,-1.0
2025-09-05,208.20553341079128,210.1149787800456,205.65962096676657,207.71371459960935,1749321,211.74270202636714,209.18234291076652,205.40853442718642,205.53982171120754,210.43429397013068,196.63408676717404,203.53419036865236,52.22862855677751,42.37439552427487,72.64362200400954,-1.11053213590435,-2.309929624408405,1.1993974885040548,22.916900090212316,4.957230453380025,91.34320099026348,95.1817569484009,-23.357238748354913,35392004.0,33344301.25,-1.0
2025-09-08,209.61315989651777,211.5513305570735,208.14983158407424,210.3593597412109,2327782,211.33802246093745,209.27246185302727,206.39869948999132,205.97796153211692,211.4481493813421,196.4520337241267,203.9500915527344,56.050666933346996,47.94307671433881,72.64362200400954,-0.6087484621459396,-1.9696933919559119,1.3609449298099723,21.501067361781715,4.877257989386035,91.34320099026348,92.29615727848872,-7.353141799331986,37719786.0,33496886.25,-1.0
2025-09-09,213.1987454214797,214.0127734460112,208.3533193891734,209.1770477294922,4562982,210.99390472412105,209.34226654052725,206.95436913789152,206.26878755006013,211.93754929200938,196.96680861814693,204.45217895507815,53.97247865781047,47.94307671433881,72.64362200400954,-0.3029912889151376,-1.6363529713477571,1.3333616824326195,20.75743438318715,4.933129137061161,93.96377735495793,92.21672644516163,-25.898546261973365,33156804.0,33634265.5,-1.0
2025-09-10,210.2914866564932,211.8904713084095,209.0510587937428,209.69065856933597,2451144,210.63090209960936,209.44065856933585,207.5016270241804,206.57986673363064,212.56889195849232,197.13204950879287,204.8504707336426,54.75724418812605,47.94307671433881,72.64362200400954,-0.019013250995584485,-1.3128850272773227,1.2938717762817382,20.06691804592077,4.78357794974727,94.84512488650108,93.38403441057416,-23.14781661432075,35607948.0,33755705.4,-1.0
2025-09-11,210.0976777032189,212.41379077706128,209.32240657331172,209.7778778076172,1992458,210.21516815185544,209.51686729431142,207.95687718086776,206.87059501308397,213.13662732381937,197.3370115921963,205.23681945800783,54.897875530413316,47.94307671433881,72.64362200400954,0.2106510000121773,-1.0081778218194226,1.2188288218316,19.552341653050235,4.662706967890291,93.08261560608496,93.96383928251464,-22.680699244565062,37600406.0,33831734.2,-1.0
2025-09-12,209.89416710580448,211.6482090119316,208.653739190298,209.78756713867188,1594741,209.92296661376952,209.540896911621,208.3230151724286,207.13577429722832,213.60568615798525,197.67806475754213,205.6418754577637,54.914641735915325,47.94307671433881,72.64362200400954,0.3889597359000163,-0.7287503102755348,1.1177100461755511,18.859258238397814,4.543547171729099,94.52309405222823,94.15027818160476,-22.628806394705904,39195147.0,34094031.7,-1.0
2025-09-15,210.3690432329876,218.51905433055884,209.93295779600135,216.16416931152344,8759008,209.81507507324216,209.61640670776356,209.89124600024758,207.95653748034607,215.37036330168854,197.37465928131934,206.37251129150394,64.31601584943692,48.99041190640111,72.64362200400954,1.0329025400749572,-0.3764197402054364,1.4093222802803935,19.684406126283776,4.842685744597518,96.50061538536083,94.70210834789134,-10.159963872307765,47954155.0,34922931.05,1.0
2025-09-16,217.06539415359975,217.88910768193912,215.3791806220116,217.2398223876953,2701642,209.7208316040039,209.66173652648914,211.36096127773715,208.80047247192326,217.16200555337568,196.96476751791343,207.06338653564455,65.61842997821176,48.99041190640111,72.64362200400954,1.6114522469712824,0.021154657229907337,1.5902975897413751,20.45061487932074,4.676060124263946,98.26312466577694,96.42894470112199,-5.519144339845217,50655797.0,35791421.0,1.0
2025-09-17,218.6256425955557,220.35061319136548,216.2416863275677,217.8115997314453,4878113,209.716477355957,209.67559478759753,212.6510889684788,209.61966585915252,218.8015328078106,196.4468940110371,207.62421340942385,66.32208590251673,48.99041190640111,72.64362200400954,2.0919796715684527,0.4353196600976164,1.6566600114708363,21.592370886278918,4.635550605659221,99.99999999999999,98.25458001704591,-10.152137780431136,55533910.0,36746929.75,1.0
2025-09-18,218.05385535487332,219.9629543803172,215.13691422854208,216.13507080078125,2098793,209.64329803466796,209.62950386047353,213.3478853349393,210.2119753993006,219.8872883646201,196.29970962121976,208.09349899291993,62.29616926246917,48.99041190640111,72.64362200400954,2.3108808482617746,0.8104318977304481,1.5004489505313265,22.261199836248654,4.649157001810356,93.10957938067052,97.12423468214914,-18.180621175035117,53435117.0,37503485.6,1.0
2025-09-19,216.20292045421343,222.2403172890941,215.71837783982667,221.9592742919922,7607031,209.67144927978515,209.615461654663,215.07016312634988,211.27991166227255,222.15511964295956,195.70138060118109,208.92825012207032,69.27403101504096,48.99041190640111,72.64362200400954,2.920658620203426,1.2324772422250438,1.688181377978382,23.285943309021466,4.782927176628718,93.10957938067052,95.40638625378034,-1.464214817564513,61042148.0,38742293.3,1.0
2025-09-22,222.8895920830313,232.91962964159427,221.04833615021545,232.54168701171875,18637185,209.8843942260742,209.66590110778802,218.56446790342366,213.21280033040404,227.0563299748194,193.62531522781734,210.34082260131837,77.44277649648316,54.745209631386835,72.64362200400954,4.209301950560956,1.8278421838922263,2.38145976666873,25.56181840387923,5.2892390562537255,93.10957938067052,93.10957938067051,-1.3864362054459511,79679333.0,41102367.75,1.0
2025-09-23,232.58045698267512,233.16191403995867,227.73503079553603,227.9579162597656,4416382,210.01813140869137,209.66263275146474,220.44315757469207,214.55326541489146,229.7534778193201,193.1724621220862,211.46296997070314,68.89837525017325,54.745209631386835,72.64362200400954,4.805296614354063,2.4233330699845936,2.3819635443694693,27.697861686122486,5.299070783980076,89.43108182300836,91.88341352811646,-18.922050486276287,75262951.0,43127699.55,1.0
2025-09-24,227.73503040504428,230.35155758419944,224.74056057542305,225.35107421875,2982315,210.0859222412109,209.6378773498534,221.42474090350365,215.5348843970604,231.23256745935498,194.18134245275445,212.70695495605472,64.53735227936501,54.745209631386835,72.64362200400954,5.009529574289246,2.9405723708455245,2.0689572034437216,28.723126335361428,5.321351228608385,72.3699934108217,84.97021820483353,-28.400685718902107,72280636.0,45102744.0,1.0
2025-09-25,225.11849616249316,228.21956586223112,220.7576127383741,221.38751220703125,2543528,210.03761230468749,209.57479316711414,221.41729516420918,216.0669414706941,231.35626244495083,196.4404981141312,213.89838027954102,58.47671888473024,54.745209631386835,72.64362200400954,4.796270911488364,3.311712078974092,1.4845588325142716,28.559001559413176,5.474251363983288,45.433738714042086,69.07827131595738,-47.07485613680813,69737108.0,47084020.5,1.0
2025-09-26,220.75760237166432,221.2033732644392,212.82079254654712,213.2471923828125,2317537,209.84145721435542,209.47185745239244,219.78327460792985,215.81060064452305,230.30415984472748,199.09710053124914,214.7006301879883,48.419696291486815,54.745209631386835,72.64362200400954,3.9251593132139533,3.4344015258220644,0.4907577873918889,26.681961222148388,5.69514195659049,22.669323557700395,46.82435189418806,-80.2734775487003,67419571.0,49129021.05,-1.0
2025-09-29,214.1678404516552,216.47426808068843,212.3750268226401,213.55731201171875,2199725,209.71538024902338,209.33897521972642,218.53808208868764,215.605756223359,229.9460817566591,200.4291394957823,215.1876106262207,48.781097142987456,50.36530315224136,72.64362200400954,3.2226721987725284,3.3920556604121574,-0.16938346163962903,24.85556691578265,5.5811490495517635,6.812151570402657,24.971737947381712,-79.99209304038145,69619296.0,51166020.8,-1.0
2025-09-30,214.2065803776965,217.7437501354168,213.0049242255296,216.71652221679688,2078810,209.71175903320312,209.22826385498036,218.17377011430952,215.70673495003518,230.0321483152959,201.15463299573923,215.59339065551757,52.43710803581944,50.36530315224136,74.59076890727928,2.887581715797353,3.291160871489197,-0.403579155691844,23.398639826182773,5.520983111004295,5.029115408501048,11.503530178868033,-67.10165862632363,71698106.0,53083200.65,-1.0
2025-10-01,218.04416614364385,227.9676037394807,218.04416614364385,225.28323364257807,17224500,209.85146667480467,209.18541381835928,219.59566281996325,216.57732574026633,231.09881586775717,201.74365849747718,216.42123718261718,60.64133812732442,50.36530315224136,74.59076890727928,3.27552391021473,3.288033479234304,-0.012509569019573785,23.594169541990283,5.930275854695689,19.065808217021576,10.302358398641761,-32.14715271826818,88922606.0,55777775.6,-1.0
2025-10-03,225.21539586178224,230.1092791073706,223.33538298409465,226.5624237060547,5360460,210.05799896240234,209.1615207672118,220.98901499718156,217.48506191897434,231.9959164117603,202.84618716489982,217.42105178833006,61.703603709010224,50.36530315224136,74.59076890727928,3.644182968907785,3.3592633771690004,0.28491959173878456,24.032633976505213,5.990534445308566,33.90745203376821,19.33412521976361,-28.410619334739796,94283066.0,58809794.75,-1.0
2025-10-06,226.5721402279651,227.347411405295,222.9768273517932,223.771484375,2277509,210.21331604003905,209.0603010559081,221.54550887274524,218.05655486952213,232.30812120908377,204.13975934511546,218.22394027709962,58.02400474794931,56.140817840530666,74.59076890727928,3.6688502281540423,3.4211807473660087,0.24766948078803352,24.359135088672218,5.874823703036655,40.32406560782536,31.09910861953838,-45.17477564959823,92005557.0,61640472.4,-1.0
2025-10-07,224.1494043484336,226.11664607434756,221.3099770911708,224.2753753662109,3872670,210.38177978515625,208.96943969726553,222.09148217143837,218.62190218740292,232.7405125318399,205.09896958485933,218.91974105834962,58.50512682024486,56.140817840530666,74.59076890727928,3.686562601755213,3.47425711824385,0.21230548351136314,24.278800117035118,5.798526937332377,37.870602947543695,37.367373529712424,-42.750694612630404,95878227.0,64548394.45,-1.0
2025-10-08,224.24630877106864,224.80837996002757,218.0441694223269,218.70314025878903,1978002,210.56194580078125,208.890761566162,221.4138137889085,218.62928746661984,232.4377174394871,206.3543739301418,219.39604568481445,51.478346309113604,56.140817840530666,74.59076890727928,3.213918924619861,3.4221894795190524,-0.20827055489919122,23.49155732295981,5.867504337358684,26.126780068564393,34.773816207977816,-69.55718588362443,93900225.0,67585565.5,-1.0
2025-10-09,218.6256516654205,223.1318924382716,217.17202370165327,222.37600708007807,2110994,210.89709167480467,208.84626693725573,221.60625244714242,218.96989834057058,232.29532056852506,207.76530565217806,220.03031311035156,55.290114268335145,56.140817840530666,74.59076890727928,3.0999804177406247,3.357747667163367,-0.2577672494227423,22.576470904624227,5.874101794448658,22.986876171040883,28.994753062382987,-51.88803329290372,96011219.0,70605729.05,-1.0
2025-10-10,222.269388783609,227.3958431402937,221.91083198062967,225.7193298339844,4408067,211.26131591796874,208.8315695190429,222.42886792451083,219.58348302179002,232.33564750156467,209.31912392177514,220.8273857116699,58.48703877967423,56.140817840530666,74.59076890727928,3.2420887540558,3.334615884541854,-0.09252713048605399,22.409310170693225,5.846309606249757,22.9661018534485,24.026586031017924,-35.80422661731427,100419286.0,73746673.05,-1.0
2025-10-13,223.75208302887876,225.21539636925652,221.33905553820523,223.28692626953125,1674737,211.55636779785158,208.82936004638665,222.60047959351493,219.92015968067557,231.80463277785327,211.20007455857245,221.50235366821286,55.38421685798854,55.69887748361444,74.59076890727928,3.1224424226192014,3.292181192157323,-0.16973876953812184,22.123420975174938,5.741592798359001,30.789421905513375,25.580799976667585,-47.505851487951944,98744549.0,76724143.15,-1.0
2025-10-14,223.3160070758456,223.85869244918555,217.3270525496183,217.9860382080078,2369411,211.84437927246094,208.82265174865714,221.67759131641353,219.7443304558876,231.72783710508952,211.4590571209847,221.59344711303712,49.25198406158433,55.69887748361444,74.59076890727928,2.570256164618627,3.1477961866495843,-0.5775400220309574,20.985846749637236,5.798024734159592,24.61994521093139,26.125156323297755,-68.7870175853609,96375138.0,79145192.3,-1.0
2025-10-15,217.99571496309295,223.80054069249985,216.84250119762729,221.68792724609372,2448221,212.24172302246097,208.8564109802245,221.67965850234958,219.92102107317905,231.74102963219087,211.89067507972317,221.81585235595702,53.152967837828236,55.69887748361444,74.59076890727928,2.403648322618011,2.99896661384327,-0.5953182912252588,19.82913945796086,5.8808829313533755,24.93469638364384,26.781354500029536,-47.48636551498604,98823359.0,81553570.4,-1.0
2025-10-16,222.6957991842181,225.6030550096333,220.5638145363272,220.94175720214844,2252561,212.4616744995117,208.8894616699218,221.53207824230938,220.0138152667217,231.7289616955939,212.2157587633904,221.97236022949215,52.28060970067863,55.69887748361444,74.59076890727928,2.1861995731276522,2.836413205700146,-0.6502136325724939,19.09745209050899,5.820765612921428,23.28667958409778,24.280440392891002,-51.6938732912668,96570798.0,83605414.8,-1.0
2025-10-17,220.95142274483712,221.41657949444763,216.474253910553,217.6177673339844,2084301,212.6182147216797,208.9122201538085,220.74921606064441,219.79599272738196,231.63746838648743,212.4555217258172,222.0464950561523,48.46468939132047,55.69887748361444,74.59076890727928,1.7257582035807957,2.614282205276276,-0.8885240016954805,17.906114284215175,5.758019896562372,21.56540412749403,23.262260031745214,-70.43720576898309,94486497.0,85657983.8,-1.0
2025-10-20,218.8291184107772,222.79267318071905,218.2961186134225,221.7363739013672,2306371,212.9898651123047,208.9125523376464,220.94664762878898,219.97239101592606,231.62726810615325,212.44343196708886,222.03535003662105,53.0384782653092,51.5032484098797,74.59076890727928,1.6738965923186981,2.4262050826847608,-0.7523084903660626,16.73364784564309,5.716368893003248,21.204219169027567,22.018767626873124,-48.95189128058022,96792868.0,87445519.8,-1.0
2025-10-21,220.9611198518861,222.68609039302015,220.53473476818905,221.14524841308597,419395,213.371943359375,208.89533729553216,220.98636778564838,220.07901441566787,229.68538163117807,213.24567458220082,221.46552810668945,52.320751323334896,51.5032484098797,74.59076890727928,1.5670332215545386,2.2543707104587165,-0.6873374889041779,15.644929009826157,5.461725088133809,21.22492978833681,21.3315176949528,-65.74267788208287,96373473.0,88280226.8,-1.0
2025-10-23,222.40505562461084,223.62609766548036,219.594714431327,221.68792724609372,4566954,213.82299591064452,208.85991622924797,221.12667967773746,220.22527921843385,228.7867303344524,213.51732697755932,221.15202865600585,52.95021935228242,51.5032484098797,74.59076890727928,1.5087410491267974,2.1052447781923327,-0.5965037290655353,14.633731015809838,5.359557812849491,32.51873090959746,24.98262662232061,-61.76264245732681,100940427.0,89564100.6,-1.0
2025-10-24,221.92051768627124,222.81207432348856,218.9163475582241,219.8369903564453,1769681,214.18523925781253,208.79786285400382,220.86874181347903,220.18998023098035,228.26690548433356,213.4857434414477,220.87632446289064,50.501269020006745,51.5032484098797,74.59076890727928,1.298223828259836,1.9438405882058334,-0.6456167599459974,13.851733745860718,5.254998452307704,27.76396683811864,27.1692091786843,-69.21019116215048,99170746.0,90908606.1,-1.0
2025-10-27,220.9417490935793,222.40506248199023,219.5074922923229,219.99203491210935,3307939,214.54406188964845,208.76798736572258,220.6934004332051,220.17198520199207,228.20315799214637,213.40994320414268,220.80655059814453,50.70692800652901,52.557478130707494,74.59076890727928,1.1308623368271924,1.7812449379301052,-0.6503826011029128,13.125593423765107,5.086610719261963,25.499086080819755,28.593927942845283,-67.79057582593339,102478685.0,92545684.95,-1.0
2025-10-28,220.4668863944917,221.6394860108553,217.5693162785343,218.93572998046875,2939875,214.88904754638676,208.73141365051262,220.34186634265785,220.05959836367177,227.6541868121321,214.5277681439226,221.09097747802736,49.20690759374022,52.557478130707494,74.59076890727928,0.9025876998550473,1.6055134903150938,-0.7029257904600466,12.924854241372948,5.014007791623324,16.67382859026452,23.31229383640097,-77.46229034861622,99538810.0,94151646.9,-1.0
2025-10-29,219.88543015713816,229.382468255606,217.94725972018827,228.3939971923828,8765779,215.42589843750005,208.74742012023918,221.95229251260287,220.81727098446368,228.16038339829194,215.5052400758291,221.83281173706052,60.48021596199971,52.557478130707494,74.59076890727928,1.4679597966266442,1.578002751577404,-0.11004295495075977,13.065151817136393,5.472664987608638,43.2459039501842,28.47293954042282,-7.6576901870397895,108304589.0,96085911.55,-1.0
2025-10-30,228.3746368189239,233.21036282162444,226.18449465898465,232.32850646972656,7489689,216.00402221679693,208.83646011352533,224.0275353040276,221.8637469376694,230.03993187078953,215.18689002862453,222.61341094970703,64.05424457419998,52.557478130707494,74.59076890727928,2.20805024446517,1.7040122501549573,0.5040379943102127,13.85472213809909,5.583608071539436,69.13521029737207,43.018314279273596,-5.269183874123251,115794278.0,98290720.15,1.0
2025-10-31,232.58045824268197,234.4701715084903,228.8010317110653,229.67320251464844,6042631,216.4655850219727,208.9733761596679,225.15666874615178,222.5736974446675,230.82931482394622,214.8365039626749,222.83290939331056,60.1037336625225,52.557478130707494,75.82131429782771,2.550911103255828,1.8733920207751313,0.6775190824806967,14.788514894334652,5.589717480531262,91.55308182233887,67.9780653566317,-26.65587329868463,109751647.0,99332172.2,1.0
2025-11-03,229.57628188343344,233.46232306548052,227.83194032331545,229.9929962158203,3311734,216.93045776367197,209.16317420959467,226.12393424008548,223.24817915113593,231.47104112826,214.5378349093377,223.00443801879885,60.42033866475002,57.01739683048247,75.82131429782771,2.815974679857618,2.0619085525916288,0.7540661272659892,15.385879209991222,5.592622142076534,83.78312331097025,81.49047181022706,-24.878838593832842,113063381.0,100271187.95,1.0
2025-11-04,230.060813744864,230.64227076245297,225.00218796786507,225.83560180664065,2955700,217.34188476562508,209.28042999267575,226.06626775339652,223.48339939254544,231.6634679856033,214.55181979515845,223.10764389038087,54.37875512999321,57.01739683048247,75.82131429782771,2.6599106952110105,2.1815089811155053,0.47840171409550525,15.188019034269882,5.596012188684489,63.09514914984213,79.47711809438374,-47.98071370830981,110107681.0,101176294.15,1.0
2025-11-06,225.79684980320576,226.3879923619844,219.4977960533309,220.48626708984372,2660105,217.66580535888673,209.3677280426025,224.95026762068596,223.21093281957252,231.53274470986042,214.30363224326464,222.91818847656253,47.76108597053054,57.01739683048247,75.82131429782771,2.08059841421678,2.1613268677357604,-0.08072845351898028,14.424535055932447,5.68845391153942,38.20873399416992,61.695668818327434,-77.70598160690294,107447576.0,101754761.6,1.0
2025-11-07,219.0132462876608,224.3432146707676,215.7958764567937,223.55825805664065,3027164,218.02667114257815,209.42311676025386,224.67186570787692,223.24250784112417,231.5459522892048,214.77593644370543,223.1609443664551,51.417540146747164,57.01739683048247,75.82131429782771,1.8480698562111684,2.0986754654308424,-0.250605609219674,14.391993942232451,5.892659933141882,20.125910294222646,40.47659781274489,-58.43279985478369,110474740.0,102583487.35,1.0
2025-11-10,223.85868248879805,229.1401939017914,223.08341136692133,226.5624237060547,4276399,218.54849212646488,209.4471542358398,225.04997730751248,223.54431837429965,231.88084475378267,214.85968564172524,223.37026519775395,54.75291911568659,53.64135201043327,75.82131429782771,1.8844772787387853,2.055835828092431,-0.1713585493536458,13.37224683717228,5.904382976122468,21.784782149759746,26.7064754793841,-42.34562954341442,114751139.0,103520483.35,1.0
2025-11-11,227.73503214961417,228.59751742457044,215.34043839552564,223.5679626464844,10810753,219.0686712646485,209.45754142761223,224.75357437530687,223.54646785358918,231.70235125110747,214.82304242565039,223.26269683837893,50.99479585387056,53.64135201043327,75.82131429782771,1.6526517015655031,1.9751990027870456,-0.3225473012215425,13.669893874753855,6.429575551331206,28.40046251393368,23.437051652638687,-56.99090937456528,103940386.0,103696538.35,1.0
2025-11-12,223.85869301286897,227.4055485809301,219.20708084999328,220.1470947265625,3675194,219.52756927490233,209.474860458374,223.83227844555802,223.23743393295038,231.65950224795273,214.5519082745082,223.10570526123047,47.023931951967555,53.64135201043327,75.82131429782771,1.1792985896375399,1.8160189201571446,-0.6367203305196047,13.946280409651031,6.555924992731607,20.919911391916237,23.70171868520322,-74.87337485236904,100265192.0,103772570.5,1.0
2025-11-13,220.17616103892567,222.02711737493888,218.0538620217978,218.422119140625,2187588,219.8196575927734,209.4928573608398,222.75024658457144,222.79967804273898,231.6284174155385,214.62660120018418,223.12750930786135,45.11617625497049,53.64135201043327,75.82131429782771,0.6573936991959499,1.5842938759649057,-0.9269001767689558,14.375208645580035,6.371448589903712,6.615680364173933,18.645351423341282,-83.89062342427121,98077604.0,103857693.8,1.0
2025-11-14,218.0441565157724,221.3874972916011,217.31734266071985,220.45718383789065,2301154,220.05678283691407,209.54926834106442,222.2916340352353,222.5867240241164,231.62835423035565,214.5035900445467,223.06597213745118,47.80647435096744,53.64135201043327,75.82131429782771,0.40334353354131736,1.348103807480188,-0.9447602739388707,14.886259944152913,6.207070449973537,4.735256082524625,10.756949279538265,-73.25239504310032,100378758.0,103935463.75,1.0
2025-11-17,221.62978769396537,233.79181020833025,220.95143099481572,231.74703979492188,10098250,220.51719757080076,209.66987312316888,224.18271518717262,223.4194800032805,232.9336636072684,214.27880892691132,223.60623626708986,59.6292137070528,51.96106605264225,75.82131429782771,1.1003201634777326,1.298547078679697,-0.19822691520196445,14.572071474582907,6.716181587149684,30.279989944224656,13.87697546364107,-14.235074255808055,110477008.0,104630774.25,1.0
2025-11-18,233.5495189099396,239.2186728978909,231.0686633156649,236.3889312744141,21167476,221.1136535644531,209.8614760589599,226.6239584046209,224.59852102792902,235.03962507570344,214.04996385251917,224.5447944641113,63.3092286989342,51.96106605264225,75.82131429782771,2.0041385509545933,1.4396653731346762,0.564473177819917,14.986326159006362,6.818597872512279,62.30200355422362,32.43908319365763,-11.850715442117455,131644484.0,106488673.6,1.0
2025-11-19,237.4204182470109,237.7512599656349,230.2780411660348,230.89108276367188,4946076,221.57720092773437,210.03007591247555,227.4773832764311,225.17057209481473,235.77647210558814,214.22858770886495,225.00252990722655,56.71501658980331,51.96106605264225,75.82131429782771,2.2508443744632416,1.6019011734003894,0.6489432010628522,15.224574097201227,6.8653565101614085,77.98213539003892,56.85470962949573,-34.87523390137635,126698408.0,107983950.6,1.0
2025-11-20,231.1051509127021,234.31629913707627,228.8184203223916,230.71592712402344,3717275,221.98433227539064,210.16790832519527,228.1250920459496,225.67469527928824,236.38305871119076,214.57906897435606,225.4810638427734,56.51305873753152,51.96106605264225,75.82131429782771,2.404509235024136,1.7624227857251389,0.6420864492989973,15.169028815744909,6.767679531913069,73.31878379896938,71.20097424774397,-35.608770711357366,122981133.0,109314333.6,1.0
2025-11-21,229.1589963203645,230.52129439328596,223.40812367722796,223.82655334472656,3724237,222.27732238769528,210.25589454650878,227.265384305705,225.50668237614627,236.3746820806046,214.80130821480554,225.58799514770507,49.10612216182927,51.96106605264225,75.82131429782771,1.9479204426989156,1.7995223171198944,0.1483981255790212,14.172354826070201,6.806259811547527,48.60715404593666,66.63602441164832,-64.46087775727169,119256896.0,110230157.05,1.0
2025-11-24,224.7898993372968,227.68967157905973,221.30629139666152,222.04583740234372,2668520,222.5244259643554,210.27099540710446,226.22147492503274,225.19206010580058,236.2804858174414,215.11638918255863,225.6984375,47.37764800181039,53.65956300303094,75.82131429782771,1.4259442431349498,1.7248067023229057,-0.29886245918795584,13.406770362159556,6.776054123751147,32.33523747708659,51.42039177399754,-71.91836353665981,116588376.0,111101038.55,1.0
2025-11-25,223.13569118940703,225.8894935589628,221.4620020118118,224.5466461181641,2672788,222.81980133056635,210.35724235534667,225.886509163659,225.13338610692455,236.1821564526665,215.670179667939,225.92616806030276,50.03740958838952,53.65956300303094,75.82131429782771,1.200233166754117,1.619891995209148,-0.4196588284550309,12.695870502813955,6.6082996539939955,20.470545045570766,33.80431218953133,-61.445190925960105,119261164.0,111940162.5,1.0
2025-11-26,225.7532526766042,233.2459223174042,225.27644089250424,232.73019409179688,5617672,223.27865386962884,210.57637496948243,227.25524614928662,225.8240050146402,236.747076562854,216.4847059688843,226.61589126586915,57.59133802674854,53.65956300303094,75.82131429782771,1.6625347752725474,1.628420551221828,0.03411422405071951,12.707907051078646,6.757655121511575,36.017168115108845,29.60765021258873,-27.173193250327266,124878836.0,113207163.8,1.0
2025-11-27,233.75192293407676,235.3672299281816,231.689010051156,233.1194305419922,3173418,223.61775909423824,210.7653674316406,228.42808302782774,226.48722551712672,237.37094038024097,216.3333854864583,226.85216293334963,57.91724126460051,53.65956300303094,75.82131429782771,2.0368408261185493,1.7101046062011722,0.3267362199173771,13.009722756514789,6.537695461191147,55.3278240101784,37.271845723619336,-25.54310435009154,128052254.0,114194547.05,1.0
2025-11-28,232.55504946233967,235.77592325733613,231.591700488998,232.8372344970703,3543356,223.92970733642574,210.9298257446289,229.30991332167628,227.06449906075795,237.4544362713638,216.30076239806985,226.87759933471682,57.57180648268655,53.65956300303094,75.82131429782771,2.284377325891711,1.8249591501392801,0.45941817575243094,13.346914755289948,6.3695902688445045,69.13235537822611,53.492449167837776,-26.724917205199915,124508898.0,114630278.05,1.0
2025-12-01,233.4016181138116,234.41360892175464,230.45320397151525,232.0977020263672,2265729,224.21542938232417,211.10860809326175,229.86747106261447,227.52206296672244,237.76446353989854,216.2331850807069,226.99882431030272,56.618769762704,57.94220323676006,76.12538480647673,2.393289345704659,1.938625189252356,0.45466415645230285,13.424716598041483,6.197505603229854,67.35041459425534,63.93686466088661,-32.51387378944668,122243169.0,115254854.15,1.0
2025-12-02,232.09771243601003,232.613440685487,228.72114304539667,229.7428741455078,1702452,224.48758544921873,211.271611404419,229.84255167919315,227.72395489206656,237.737884155394,216.23475225818027,226.98631820678713,53.57740799955067,57.94220323676006,76.12538480647673,2.2634958055385255,2.00359931250959,0.25989649302893536,13.138654596254735,6.032847891577032,59.398966684094894,65.29391221885878,-43.26585942392083,120540717.0,115628720.95,1.0
2025-12-03,228.67248907143983,229.14930088327176,218.182747994636,219.3212432861328,4436819,224.43482482910153,211.41278114318854,227.7382900005811,226.96007201879985,237.94066365412232,215.38053690740122,226.66060028076177,42.65659363300064,57.94220323676006,76.12538480647673,1.3046557177027864,1.8638105935482294,-0.559154875845443,13.27126952384122,6.427653481526659,36.57774547693252,54.442375585094254,-90.85032459803773,116103898.0,115928531.8,1.0
2025-12-04,219.38934000615825,220.35267406836164,214.6115415905613,216.34361267089844,4714312,224.11086334228514,211.5710060882569,225.45935453464458,225.9949393508088,238.34640181610607,214.56053330352287,226.45346755981447,40.13914148891088,57.94220323676006,76.12538480647673,0.30102807026062806,1.5512540888907094,-1.2502260186300813,13.85160982736686,6.378616266974779,15.502679334398962,37.15979716514212,-92.96110115923504,111389586.0,116125632.3,1.0
2025-12-05,216.45066197513643,219.67153571560684,213.6871343695057,219.1558074951172,3893777,223.93482116699218,211.74834571838386,224.1986451267391,225.3732000912005,238.50872458956636,213.95796547391026,226.2333450317383,43.52883966848263,57.94220323676006,76.12538480647673,-0.26438577660405826,1.188126115791756,-1.4525118923958142,14.505926776654384,6.350458058340947,4.876543549226662,18.985656120186047,-78.58071451694316,115283363.0,116366063.45,1.0
2025-12-08,217.96865591210863,218.8444168940096,205.2505669423704,207.06048583984372,6122357,223.56900939941406,211.8655900573731,220.77101326936003,223.7084078865317,240.2264772177528,210.29001905910275,225.25824813842777,34.484139356354284,50.33568501798554,76.12538480647673,-1.6692298538947625,0.6166549218544524,-2.285884775749215,16.03789626453687,6.8900853793699355,4.876543549226662,8.418588810950762,-94.43113752627443,109161006.0,116086556.8,-1.0
2025-12-09,205.6106232742557,209.89214468643223,202.76924781374768,207.7319183349609,4044264,223.29589752197268,212.02800399780278,218.16319428248022,222.25599974547978,241.36243482571348,207.5704570199897,224.4664459228516,35.287983114355605,50.33568501798554,76.12538480647673,-2.697307039011804,-0.046137470318798945,-2.651169568693005,17.691699402392423,6.9067147717495505,6.020002577326913,5.257696558593413,-84.96464592535258,113205270.0,116549801.0,-1.0
2025-12-10,207.73191340087072,210.86521407595365,204.68620070396256,205.3770751953125,2235122,223.13849517822268,212.18140869140632,215.60597046504668,220.72155205910093,242.59503241820056,204.8608574743775,223.72794494628903,33.72511289326155,50.33568501798554,76.12538480647673,-3.659892810126621,-0.7688885382803634,-2.8910042718462576,19.019553209771214,6.854736100338232,1.1434590281002506,4.013335051551275,-92.09909102774728,110970148.0,117085048.8,-1.0
2025-12-11,206.2917668878029,208.4325275368626,204.34561814357835,206.8074951171875,2603672,223.00349884033207,212.35765121459968,213.84627539547483,219.45663779165426,243.36834943775017,202.92607805248417,223.14721374511717,35.591181730938196,50.33568501798554,76.12538480647673,-4.2582396990256655,-1.4667587704294238,-2.7914809285962416,20.288139524391664,6.65703419269152,3.7146381172007406,3.6260332408759677,-87.76536185735651,113573820.0,117859859.6,-1.0
2025-12-12,208.04330281246516,209.0747592666992,206.07768843201853,207.93626403808597,1672572,222.82789367675787,212.5216112518311,212.66427312399708,218.40933108678442,243.83854944376588,201.20378606648802,222.52116775512695,37.09633521651764,50.33568501798554,76.12538480647673,-4.588458804056927,-2.0910987771549245,-2.4973600269020024,21.313437725614815,6.395608238547887,7.216246927571534,4.024781357624175,-84.34554175815371,115246392.0,118603241.3,-1.0
2025-12-15,207.41079466251244,210.0867491624169,205.41600409547823,209.0650329589844,1834671,222.503529663086,212.66813957214362,211.94442509099457,217.5598494388026,243.04844850762257,199.72568631903764,221.3870674133301,38.640528819478256,45.10623567638874,76.12538480647673,-4.7048431028666755,-2.6138476422972747,-2.0909954605694008,22.017055728759267,6.272403726290087,13.98899527883569,8.306626774535987,-80.92572165895103,117081063.0,118933444.05,-1.0
2025-12-16,208.7244600581934,209.0650420394212,204.3164341874567,205.33816528320312,1655063,222.07904449462896,212.79059852600105,210.6231731294363,216.448787242839,241.41950017029112,198.24955805724798,219.83452911376955,35.538482400808995,45.10623567638874,76.12538480647673,-5.039710922476587,-3.099020298333137,-1.9406906241434498,22.814680355412005,6.163561163838259,13.916383050978915,11.707208419128712,-92.2169760058205,115426000.0,118122519.85,-1.0
2025-12-17,205.31868579635815,206.72964062015825,201.09554672310364,202.3118896484375,2135640,221.64985260009772,212.93439857482917,208.96091643323658,215.16361473425704,240.68151416567088,196.12962475034482,218.40556945800785,33.20724115455705,45.10623567638874,76.12538480647673,-5.486051448050006,-3.576426528276511,-1.9096249197734947,23.959647808253845,6.125742073353713,9.27131521250787,12.392231180774157,-96.4927055387267,113290360.0,117452117.45,-1.0
2025-12-18,202.3119009449373,203.0027754502591,198.55583318786108,201.3290863037109,2684522,221.1909268188477,213.0914015960694,207.43455040733144,213.90593033148014,239.66537024623892,194.2070845877455,216.9362274169922,32.46248696265132,45.10623567638874,76.12538480647673,-5.85162960301534,-4.031467143224277,-1.8201624597910628,25.315989140107916,6.005827801142592,2.4985668612437144,8.562088374910166,-92.26596446909984,110605838.0,116833352.7,-1.0
2025-12-19,202.10755336287488,206.53504492809404,201.4361296397355,205.58143615722656,2439449,220.92849273681645,213.2932186889649,207.06392755731048,213.14915813382072,239.05130846252024,192.9966346527142,216.02397155761722,38.85255551509244,45.10623567638874,76.12538480647673,-5.73214720502375,-4.371603155584172,-1.3605440494395786,25.642841045979004,5.948694288516917,10.087761384905907,7.28588115288583,-79.3714136559498,113045287.0,116522772.25,-1.0
2025-12-22,206.77831025839689,209.8921453727006,206.29177305778887,208.9677276611328,2609267,220.66032714843755,213.55072814941414,207.44468757807496,212.76902809084908,238.42013754153245,192.31999459958084,215.37006607055665,43.44174989718146,44.0713206113521,76.12538480647673,-5.303080508792561,-4.55789862622585,-0.7451818825667118,25.15314382425967,5.83169535472814,43.15876868780501,18.581698977984875,-65.96693589320175,115654554.0,116476081.15,-1.0
2025-12-23,209.22072590713128,212.2275371523556,208.72446329769488,210.252197265625,3616892,220.35098449707039,213.80760391235358,208.00618951558496,212.54022528855597,237.39167634946475,191.91901090639467,214.6553436279297,45.124128538183236,44.0713206113521,76.12538480647673,-4.804018365132919,-4.607122574007263,-0.19689579112565525,24.187696826802295,5.665365247580468,76.49210202113834,43.24621069794975,-46.33917758133712,119271446.0,116476595.25,-1.0
2025-12-24,210.3300197000796,213.93040675707903,209.96026153508532,210.40786743164065,2843615,220.09340332031258,214.05495986938485,208.4865250987961,212.34637457429093,234.6748566946688,192.40359789517493,213.53922729492186,45.336351629521474,44.0713206113521,76.12538480647673,-4.345850480188858,-4.554868155243582,0.20901767505472435,22.931314054280886,5.544278102895699,99.73767396956576,73.12951489283637,-43.87099255539258,122115061.0,116338406.5,-1.0
2025-12-26,209.9602592311089,216.45066344343115,209.6975249959655,215.6624755859375,5995250,220.04693206787115,214.28734863281255,209.9217151962244,212.64783830262243,231.7384423526619,193.59431674157636,212.66637954711913,52.07391400883433,44.0713206113521,76.12538480647673,-3.5181906551156885,-4.347532655218004,0.8293420001023151,21.333027798262236,5.630625270364983,99.99999999999999,92.07659199690136,-15.683407743773724,128110311.0,116341309.35,-1.0
2025-12-29,216.94692206645516,221.56902520133383,216.23658195262223,220.6446075439453,10244849,220.0260656738282,214.5188551330567,212.0662936657686,213.37481732456087,229.08389512080535,195.02960127812045,212.0567481994629,57.43131324609164,49.42146160019718,76.12538480647673,-2.432210856426792,-3.9644682954597616,1.5322574390329695,20.75803008514597,5.650334152152936,99.99999999999999,99.91255798985524,-4.016903247699533,138355160.0,117033622.45,1.0
2025-12-30,221.384165269513,223.2135500074725,216.7523361805642,217.95895385742188,4062015,219.96640960693367,214.7396507263184,213.24482570409927,213.79155700936641,225.86179291601294,196.83782866601834,211.34981079101564,53.93150647056264,49.42146160019718,76.12538480647673,-1.7678946602943029,-3.52515356842667,1.7572589081323673,20.486779893244886,5.708254128921175,95.3277649286888,98.44258830956292,-21.310148820718855,134293145.0,117636121.25,1.0
2025-12-31,219.0390582247894,223.0773111349494,218.9417448434618,221.9874725341797,4000119,220.0538037109376,214.9967515563965,214.99335507011534,214.53664023889488,223.71216124465025,198.2119201762482,210.96204071044923,58.060105524816564,49.42146160019718,72.74691367475857,-0.9059087471124769,-3.0013046041638316,2.0953958570513547,20.234904715051027,5.666118639535916,95.3277649286888,96.88517661912586,-4.972388491044921,138293264.0,118523748.6,1.0
2026-01-01,223.5638401433004,224.8677562568011,220.2359275255312,221.4522705078125,2136513,220.04812164306648,215.2395908355713,216.28513815765479,215.16533389970556,224.14430732356723,197.99287681949923,211.06859207153323,57.32508334601407,49.42146160019718,72.74691367475857,-0.2629340907729443,-2.4536305014856543,2.19069641071271,20.302486043242897,5.592240788945487,94.37061576131937,95.00871520623232,-12.980753022269287,136156751.0,119526391.25,1.0
2026-01-02,221.6663637747416,225.93816003742907,219.52560294375257,225.1888885498047,6854934,220.12899444580086,215.50168533325197,218.0658882360848,216.07656614062367,225.872889510256,197.14882222070108,211.51085586547853,61.034054709046096,49.42146160019718,72.74691367475857,0.5418951742761635,-1.8545253663332908,2.396420540609454,20.54363037253061,5.650834810711988,99.04285083263056,96.2470771742129,-2.7363324225172847,143011685.0,121107496.2,1.0
2026-01-05,225.753251527025,226.08409324593055,218.4551938267979,220.2261962890625,4157442,220.09975982666023,215.73599327087405,218.49794984668034,216.45380524502718,226.05377350659123,197.07497710376046,211.56437530517584,54.285815249397636,53.908504631781284,72.74691367475857,0.7703996867850833,-1.329540355709616,2.0999400424946995,20.476043083971884,5.792125139884892,91.16994314628218,94.86113658007736,-21.27957576872316,138854243.0,122286040.2,1.0
2026-01-06,220.59595042103268,222.1528753078251,217.28750359651897,218.77630615234372,2286676,220.0785461425782,215.92794921874997,218.55362110781306,216.66494169114688,226.8190846972059,197.48124794439568,212.1501663208008,52.46084423401,53.908504631781284,72.74691367475857,0.8249872034935777,-0.8986348438689773,1.723622047362555,20.094481065903928,5.72592846641498,82.12506214723685,90.77928537538318,-26.546491053816766,136567567.0,123656368.25,1.0
2026-01-07,218.94172040183847,222.2599073723221,218.17299822774157,220.7127227783203,2076178,220.0929598999024,216.12958724975584,218.98544144191453,217.03292178998083,227.79017177792042,197.80824130801705,212.79920654296873,54.65345817255019,53.908504631781284,72.74691367475857,1.0128256189015588,-0.5163427513148701,1.529168370216429,19.762422281025085,5.608855657712518,74.68106911527005,82.65869146959635,-19.51220475351366,138643745.0,124928292.0,1.0
2026-01-08,222.25016446571928,223.5346296703748,209.7850850424105,211.6728515625,7971205,219.94770233154304,216.2236852264404,217.52292346603164,216.54564267839166,227.70787825798007,198.52011246467615,213.1139953613281,44.3659803460644,53.908504631781284,72.74691367475857,0.42732096852725476,-0.32761000734644513,0.7549309758737,19.197781694003012,6.1903334413019335,57.50596386489568,71.43736504246752,-58.46828530616788,130672540.0,125913411.6,1.0
2026-01-09,212.1302247559737,215.5067942002455,208.44227921647376,209.12342834472656,3133294,219.5622909545899,216.31486671447752,215.84302444177064,215.87089592078573,227.64868487716276,198.81089916824735,213.22979202270506,41.96680730584017,53.908504631781284,72.74691367475857,-0.23965029308155295,-0.31001806449346675,0.0703677714119138,18.920121845488588,6.252774980049777,34.1746606979771,55.45389789271428,-85.69316148879685,127539246.0,126611682.9,1.0
2026-01-12,209.2012548550038,212.519427024818,205.2505606160993,211.6631317138672,4724520,219.1489834594727,216.40066787719724,215.00704589618996,215.48837190197494,227.64201802138626,199.19025279160195,213.4161354064941,45.14896750078757,46.42812625294689,72.74691367475857,-0.5568776475948596,-0.3593899811137453,-0.19748766648111427,19.213630475188683,6.325352939240413,13.84836808016934,35.17633088101404,-69.21995317977994,132263766.0,127462551.6,1.0
2026-01-13,211.692334647307,213.5606356778792,206.9729179582498,209.2499084472656,2302407,218.74051757812504,216.4441437530517,213.8556184064051,214.92123886063771,227.6395929154994,199.2111654463169,213.42537918090815,42.750227395677804,46.42812625294689,72.74691367475857,-0.9915792526251153,-0.48582783541601937,-0.5057514172090959,19.21352446660007,6.344093280696768,6.932621510465585,18.31855009620401,-80.8033140503513,129961359.0,128106566.4,1.0
2026-01-14,209.21098241203396,212.02316665146896,208.62713187077944,210.80682373046875,1713446,218.356794128418,216.51976493835443,213.24585947121784,214.54720112153143,227.4612085071969,199.936415699346,213.69881210327145,44.788295487434944,46.42812625294689,72.74691367475857,-1.1966590145713383,-0.6279940712470832,-0.5686649433242551,19.2134260300535,6.133517673553393,11.865142920836849,10.882044170490591,-73.33019218059299,131674805.0,128919006.65,1.0
2026-01-15,210.80682373046875,210.80682373046875,210.80682373046875,210.80682373046875,0,218.05621856689456,216.6304408264159,212.75805232306806,214.207166813253,226.89491066016677,201.3522069545793,214.12355880737303,44.788295487434944,46.42812625294689,72.74691367475857,-1.3436969019699916,-0.7711346373916648,-0.5725622645783268,19.21333462468883,5.69540926829958,11.234616647649343,10.010793692983924,-73.33019218059299,131674805.0,129838228.9,1.0
2026-01-16,211.72152379046597,213.2297920377144,208.62713956440192,209.4737243652344,1562525,217.83596771240235,216.71785919189443,212.10118673150134,213.7768538634331,226.04157248404604,203.0200089368524,214.53079071044922,43.259010546835306,46.42812625294689,72.74691367475857,-1.5499288497002226,-0.9268934798533764,-0.6230353698468462,18.508905751665406,5.617355211514786,12.12407058996643,11.741276719484206,-79.7290079211626,130112280.0,130813551.0,1.0
2026-01-19,209.21098085864588,209.38612711096013,206.28203247188176,207.40106201171875,1966337,217.51282379150393,216.79841476440419,211.1611617875448,213.19723642236815,225.86026313080444,203.3832808755433,214.62177200317387,40.919602372909175,46.60211335979219,72.74691367475857,-1.8591841662969841,-1.113351617142098,-0.7458325491548861,18.368729005341077,5.444093545931775,7.191549179595166,10.183412139070313,-89.67769204661829,128145943.0,131568583.8,1.0
2026-01-20,207.7513768571743,207.80003354499516,198.79909567179203,200.2684326171875,3255149,216.9869439697266,216.80993103027333,208.98261595347336,212.02189062189717,226.9205894304033,201.45302507154992,214.1868072509766,34.08781464059281,46.60211335979219,72.74691367475857,-2.6492756148604713,-1.4205364166857728,-1.2287391981746985,19.516010095602855,5.698153855022586,2.259027769223902,7.191549179595166,-94.61485403690068,124890794.0,132030395.8,-1.0
2026-01-21,200.4533272520516,202.01025223784436,195.87988052219904,197.6703338623047,4198595,216.46899139404303,216.8112380218505,206.72015953523962,210.71720364375238,228.20878778993935,198.90664037168185,213.5577140808106,31.99253364610676,46.60211335979219,72.74691367475857,-3.445357697573428,-1.8255006728633039,-1.619857024710124,20.968187565299147,5.72902655935278,0.0,3.1501923162730225,-94.0721734531459,120692199.0,132101433.45,-1.0
2026-01-22,201.42639323293963,204.3358909248948,198.60448351812616,201.53343200683597,2896592,216.0967181396485,216.8121992492675,205.6828140295589,209.8823153131236,228.67595916685826,197.55202545228246,213.11399230957036,38.08641298041291,46.60211335979219,72.74691367475857,-3.7216380221001657,-2.2047281427106764,-1.5169098793894893,21.6556184339552,5.795921595298305,8.963858067948777,3.7409619457242265,-81.28224186358311,123588791.0,132175119.95,-1.0
2026-01-23,201.669673722312,202.14648553378868,188.73752120223423,190.6836700439453,7327876,215.5419491577149,216.7898902130126,202.68298523243618,208.1369839250165,230.30846713371275,193.42163693122873,211.86505203247074,29.965160461633157,46.60211335979219,72.74691367475857,-4.7611932133177675,-2.716021156832095,-2.0451720564856726,23.44492652535405,6.339710362173744,8.963858067948777,5.975905378632518,-94.40715356135718,116260915.0,131582650.15,-1.0
2026-01-27,190.81988729444885,194.56621465910777,188.2412313403455,192.79522705078125,7025304,214.9887100219727,216.8192835998534,200.7054335961052,206.74227875463146,230.27984453109164,190.66532148453345,210.47258300781255,32.96119285256492,39.24022490164141,72.74691367475857,-5.3529576251131346,-3.243408450488303,-2.1095491746248314,25.153703633242586,6.3386584305014955,13.009003161943294,10.312239765946948,-87.09674917713723,123286219.0,130829203.1,-1.0
2026-01-28,193.63206428258115,199.04235512612607,191.4620978584615,198.82827758789065,3826196,214.33033477783204,216.82072166442862,200.3300023944623,206.02282410310954,229.64615811491362,189.38594027375828,209.51604919433595,40.75901734168081,39.24022490164141,72.74691367475857,-5.2743193564641615,-3.649590631683475,-1.6247287247806863,25.607339961452325,6.427344061727429,27.74112782132498,16.571329683739016,-70.00275760201538,127112415.0,130470166.6,-1.0
2026-01-29,199.4802623221996,201.7183365275972,196.38589269708976,198.47799682617188,3351539,213.57211608886723,216.7924030303954,199.95960128080424,205.336930714297,228.1473713295306,188.5337794883405,208.34057540893556,40.46471906904259,39.24022490164141,72.74691367475857,-5.1805445986972245,-3.955781425086225,-1.2247631736109996,25.41978827774622,6.349136902354572,50.791031314641394,30.513720765969886,-62.45533041651681,123760876.0,129743547.2,-1.0
2026-01-30,192.5714152357417,192.5714152357417,183.5510263593463,186.4897003173828,12256692,212.68408843994143,216.68994842529287,197.26562108811999,203.62354613275934,227.6582268840999,185.52666691472822,206.59244689941406,31.959432656379555,39.24022490164141,72.74691367475857,-6.00436814703167,-4.365498769475314,-1.6388693775563556,26.625396915619184,6.961839299816786,51.12395422779813,43.21870445458816,-90.20755676342084,111504184.0,128510918.85,-1.0
2026-02-02,186.8302769032758,186.8302769032758,173.2072358790786,182.73362731933597,11857108,211.72444244384766,216.5527446746825,194.3592223343632,201.7244626042663,226.19130454710495,182.74806312867628,204.4696838378906,29.842946895771558,37.80469800754463,62.909664894104246,-6.881017854009343,-4.868602586382121,-2.0124152676272224,28.481674373791616,7.437639422986815,27.427971500467667,43.114319014302396,-76.39259272389607,99647076.0,126342688.4,-1.0
2026-02-03,191.6956482734472,192.4546450838523,183.43424163965423,186.3632049560547,5211799,210.9751754760742,216.4096156311034,192.76001885870153,200.32798463624704,224.60567275697485,180.9473957855056,202.77653427124022,34.366197066999405,37.80469800754463,62.909664894104246,-7.1998965553617325,-5.334861380178044,-1.8650351751836887,29.172393333433764,7.600737875953211,14.466491491077093,31.006139073114294,-67.12861361270805,104858875.0,124642920.0,-1.0
2026-02-04,186.36320551236923,193.25257376025056,184.9814417034573,191.83187866210935,5746523,210.37089630126954,216.2713874053954,192.5743908193831,199.5556113658709,222.41011259502838,180.44851319842863,201.4293128967285,40.58213820891525,37.80469800754463,62.909664894104246,-6.931432717415703,-5.654175647625576,-1.277257069790127,29.672949133845346,7.6486231745846425,34.0405609383266,25.311674643290452,-53.464634519571916,110605398.0,123344811.55,-1.0
2026-02-05,191.69564844014263,193.1552599764889,187.6184645062789,189.4965057373047,2210358,209.66989349365235,216.094579925537,191.95881380296743,198.64114721781942,219.403844756533,180.33315933282242,199.8685020446777,38.88835504888187,37.80469800754463,62.909664894104246,-6.828404670662735,-5.889021452233008,-0.939383218429727,30.137750948513244,7.4977783385578824,56.5146347759064,35.0072290684367,-59.29977637195145,108395040.0,121832376.3,-1.0
2026-02-06,188.9189881922841,188.9189881922841,183.2905727409596,188.1065368652344,4861093,208.7774203491211,215.9172484588622,191.18835841542082,197.6834553675844,218.06990043813767,179.3104721814912,198.69018630981444,37.87511951043098,37.80469800754463,62.909664894104246,-6.780748821313011,-6.06736692604901,-0.7133818952640016,30.944868922381833,7.4055036712569695,70.59768504666503,53.71762692029934,-58.81769595795061,103533947.0,120475446.65,-1.0
2026-02-09,189.1636953840733,191.4150644741905,188.9189816772375,190.7494354248047,2197501,207.93002044677735,215.76109199523913,191.1005738172976,197.0530899182408,216.8077184504953,178.7352548771414,197.77148666381834,41.021729911394715,38.73519803273019,62.909664894104246,-6.455308611841787,-6.1449552632075655,-0.31035334863422115,31.202598521040816,7.112862523949764,79.97888092559761,69.03040024938969,-49.28944540669521,105731448.0,119385056.75,-1.0
2026-02-10,191.0724542813176,192.29602278329344,188.91897670506796,189.8097381591797,2218744,207.06947052001954,215.60714233398429,190.842406685674,196.3946033946898,214.84662639887833,178.51100757328967,196.678816986084,40.241286503960936,38.73519803273019,62.909664894104246,-6.201730923481534,-6.156310395262359,-0.04542052821917508,31.267343331521875,6.846018492112315,88.5109836806366,79.69584988429975,-46.664890417960706,103512704.0,117947503.65,-1.0
2026-02-11,189.89783970959977,190.29917378025743,186.7850884754595,189.15391540527344,2053871,206.21059478759767,215.49676498413078,190.5047084295939,195.73635903201557,213.1230621037463,178.22497256422253,195.6740173339844,39.67398173380846,38.73519803273019,62.909664894104246,-5.984700294183426,-6.121988375046573,0.13728808086314714,31.546843700885546,6.608023264447002,93.65407492018366,87.38131317547261,-48.771704069051594,101458833.0,116522377.35,-1.0
2026-02-12,187.94013458383924,198.64880922543,187.4507071500272,197.66015625,22244997,205.5689404296875,215.39947486877432,191.93579799367512,195.91124968819597,210.9938367338415,179.03953118608044,195.01668395996097,49.59877652071888,38.73519803273019,62.909664894104246,-5.067899815875592,-5.911170663212378,0.843270847336786,30.260405688489108,6.935886036658131,93.65407492018366,91.93971117366797,-15.502576387838364,123703830.0,116123828.6,-1.0
2026-02-13,197.23925094055076,197.23925094055076,189.68249035478587,191.6304168701172,10052817,205.01512390136716,215.26800781249992,191.87472176896352,195.52208306837062,208.24667509446817,179.86905213941867,194.05786361694342,44.064608506542505,38.73519803273019,62.909664894104246,-4.772859849603691,-5.683508500490641,0.9106486508869498,29.065856105549557,7.010298883697845,86.64361989559607,91.31725657865447,-35.3824279947753,113651013.0,115222639.0,-1.0
2026-02-16,190.87669302038216,193.1672097519533,188.96792907740624,192.5309600830078,4351756,204.53887084960934,215.15907432556145,192.0059694317724,195.250162796974,205.40745552246133,181.01399528320283,193.21072540283208,45.05073798168071,40.81355776873451,62.909664894104246,-4.415473410617608,-5.429901482516034,1.0144280718984264,28.05323980709648,6.809511868758503,82.98863889019218,87.76211123532397,-32.22385749975159,118002769.0,114617163.45,-1.0
2026-02-17,192.2079401588315,193.34341537668493,188.87004151455147,189.4867248535156,4889441,203.94548919677732,215.0414895629882,191.50212051612107,194.72621389302324,202.60621506085474,182.02380202898908,192.3150085449219,42.33372287073371,40.81355776873451,62.909664894104246,-4.327995980595176,-5.2095203821318625,0.8815244015366863,27.079004268325587,6.642644868285285,70.73056319319895,80.1209406596624,-42.901225823834125,113113328.0,113865532.7,-1.0
2026-02-18,189.89784053632133,194.00902791121996,189.89784053632133,192.86376953125,3991495,203.66155487060544,214.9086605072021,191.77445031914687,194.55690076922568,201.54049984703082,182.34905093421926,191.94477539062504,46.20933527726608,40.81355776873451,62.909664894104246,-3.9407437636290865,-4.955765058431307,1.0150212948022208,26.039098427422463,6.491191881815219,74.34928706937447,76.02282971758854,-22.73852963189338,117104823.0,113476234.15,-1.0
2026-02-19,191.85554615926708,195.28153805496828,189.1245477628809,190.7494354248047,4500279,203.32190521240227,214.81724235534662,191.56944734027843,194.2107675560965,200.81681376441526,182.3806471730848,191.59873046875003,44.206143431242445,40.81355776873451,62.909664894104246,-3.7610970977039244,-4.71683146628583,0.955734368581906,24.808628215858306,6.467320339691802,72.92423166974072,72.66802731077138,-31.049077402118186,112604544.0,113071851.4,-1.0
2026-02-20,190.778798338916,193.12805886731115,189.1343294115647,191.3073883056641,3597825,203.0405114746093,214.74654884338372,191.51703553335557,193.94682398787538,199.03170819122482,183.14314837615802,191.08742828369142,44.8851439285055,40.81355776873451,62.909664894104246,-3.5329777182615203,-4.480060716680969,0.9470829984194484,23.66604873369159,6.290635276552849,74.8675023867575,74.04700704195756,-47.801197274109164,116202369.0,112702530.3,-1.0
2026-02-23,192.34497314500376,194.1950081671208,188.9189812569248,189.9957275390625,2718891,202.70427612304678,214.68262840270992,191.21277393449697,193.58763340161966,199.0106180313503,183.09544428554426,191.05303115844728,43.54356454288404,40.67732969333961,62.909664894104246,-3.4186237616949313,-4.267773325683762,0.8491495639888305,22.363763402147725,6.218163250384501,63.36988529931924,70.38720645193915,-56.34163593663325,113483478.0,112563658.45,-1.0
2026-02-24,189.89785473854516,189.89785473854516,184.3771135796743,186.0607452392578,4069852,202.26676574707022,214.6132274627685,190.18236819544916,192.90337084140492,198.9293282684721,182.5032858672701,190.7163070678711,39.70905966015825,40.67732969333961,62.909664894104246,-3.603973252555164,-4.135013311058042,0.531040058502878,21.99614213157983,6.175338301027622,44.349714164509905,60.86236728352888,-81.96295192420496,109413626.0,111870028.8,-1.0
2026-02-25,187.00041809755103,187.80308621868255,184.2204739955555,186.4228973388672,2812044,201.81392303466788,214.46891044616694,189.43047402413276,192.31423688662875,197.57006022803498,182.6220158828049,190.09603805541994,40.23073003689984,40.67732969333961,62.909664894104246,-3.6792295436870006,-4.043856557583834,0.3646270138968335,21.6820178768365,5.990143581177582,28.02878459056045,45.2494613514632,-79.60492012820046,112225670.0,111125691.55,-1.0
2026-02-26,186.79487329758732,187.73456559176256,182.76199608479428,186.1194610595703,4643171,201.42954895019525,214.3422579193115,188.76827143122028,191.75107544780525,196.01962319242423,182.9365993417555,189.47811126708987,39.91906672737446,40.67732969333961,62.909664894104246,-3.720468226612411,-3.97917889138955,0.2587106647771389,21.65019618456147,5.917459718734061,12.735096657441625,28.371198470837324,-78.86634062442504,107582499.0,110316772.7,-1.0
2026-02-27,185.49299836063005,186.1684106125171,181.17624478772225,182.8011474609375,3769121,201.03933410644527,214.2131604003906,187.57484663716372,190.93744563081728,196.37561053027628,182.21175671825893,189.2936836242676,36.581542799900404,40.67732969333961,62.909664894104246,-3.975088014816862,-3.978360716075012,0.003272701258150157,21.897193098313988,5.8513672977384035,7.5207392030570634,16.094873483686378,-90.70026223678693,103813378.0,109932232.4,-1.0
2026-03-02,171.2995926371937,180.46167430369147,171.2995926371937,177.89707946777344,4396131,200.5706939697265,214.03940162658688,185.63929320328566,189.7519577978133,197.30965840079833,180.7940540625806,189.05185623168947,32.28544180961311,37.15995394575732,61.97190102326654,-4.520484007710138,-4.086785374402037,-0.43369863330810077,23.45296275285832,6.254952121024502,0.823140423649642,7.026325428049444,-75.87687088112973,99417247.0,109920740.95,-1.0
2026-03-04,172.27845545533563,174.60813480298958,171.10383260991358,172.42527770996094,3678743,199.90757080078117,213.78006721496575,182.9964901046207,188.176805062554,199.43751739310332,177.27240234566622,188.35495986938477,28.29290796520427,37.15995394575732,61.97190102326654,-5.332770079600664,-4.335982315441763,-0.9967877641589009,24.918786189050767,6.293401745084171,0.0,2.781293208902235,-95.2025913164037,95738504.0,109464722.4,-1.0
2026-03-05,174.99966835865123,175.10734298927107,170.79058952915778,174.50045776367188,2910110,199.21822540283196,213.52674499511713,181.29728363643096,186.93350076265563,200.03932917760883,174.93744847131697,187.4883888244629,31.740494103377298,37.15995394575732,61.97190102326654,-5.742862808796019,-4.617358414112615,-1.1255043946834045,26.133337947730634,6.152212581871964,6.4141994348244875,2.412446619491376,-85.97332327406167,98648614.0,108866883.2,-1.0
2026-03-06,173.41393078027872,178.30820508586703,171.88691958671754,172.56231689453125,2905206,198.46442779541013,213.30559608459467,179.55029028805103,185.62702950191704,200.80364285708959,172.47971590755884,186.6416793823242,30.276391972239285,37.15995394575732,61.97190102326654,-6.153324329107903,-4.924551597111673,-1.22877273199623,26.352866649558578,6.171432075963216,10.104451537894315,5.5062169909062675,-92.7657870682049,95743408.0,108234301.6,-1.0
2026-03-09,169.34186986673052,171.24085045039385,163.89943990703847,170.457763671875,4568695,197.66542572021484,213.0580995178222,177.73178496481583,184.24800533554958,201.6328540840872,169.8856273612253,185.75924072265624,28.726844552910922,33.41454498284377,61.97190102326654,-6.572672223705439,-5.254175722430427,-1.3184965012750123,27.537984196852406,6.349392426786757,10.911786207447385,9.143479060055395,-79.10170399084944,91174713.0,107616339.9,-1.0
2026-03-10,172.26867945869594,176.6343639543034,171.15278546864727,175.9002227783203,2998059,196.87018066406247,212.8463511657714,177.36547252751674,183.48911601216508,201.2916450589969,168.74191512166715,185.01678009033202,37.61839041522326,33.41454498284377,61.97190102326654,-6.392162614414929,-5.481773100827327,-0.9103895135876012,27.37580512027547,6.3370501307611615,21.847553347229038,14.287930364190245,-61.75914429076024,94172772.0,107038406.1,-1.0
2026-03-11,175.75337680728398,178.24945945611648,173.13983636570498,173.80545043945312,2401982,195.93339752197264,212.6230739593505,176.65346810990403,182.60878277828218,201.06294870220052,167.37018270649082,184.21656570434567,35.7687739626208,33.41454498284377,61.97190102326654,-6.344996894972525,-5.654417859656367,-0.6905790353161576,26.882063261014945,6.249376770736187,33.17610484593954,21.978481466871987,-68.43419937787644,91770790.0,106451310.4,-1.0
2026-03-12,172.37634319144138,175.67507922062882,170.07602834441366,172.92449951171875,2582752,195.03270843505857,212.3451358795165,175.90767439026698,181.72839339041275,200.80452977853997,166.00566004079587,183.40509490966792,34.98962529511331,33.41454498284377,61.97190102326654,-6.30601132673894,-5.784736553072882,-0.5212747736660575,26.836349632400662,6.202924921127542,45.82228611544951,33.61531476953936,-70.20996758601234,89188038.0,105837770.65,-1.0
2026-03-13,172.27844153953146,172.5818841320064,168.4217513107393,169.0482177734375,3007420,193.97392333984374,212.03875289916982,174.5357830669011,180.5756501525059,199.14238466239487,164.80661130928473,181.9744979858398,31.715904201110636,33.41454498284377,61.97190102326654,-6.512822757225223,-5.93035379390335,-0.5824689633218725,27.00745211618866,6.081483726831251,35.95395640998669,38.31744912379191,-83.0048480286039,86180618.0,103961610.05,-1.0
2026-03-16,169.0482215871892,169.88025414466884,165.32857034644212,168.48048400878906,3356606,192.91448760986327,211.74348587036124,173.3247232552787,179.4760895939862,198.36125069660244,163.27275198894438,180.8170013427734,31.25465966856676,32.21442998290144,61.97190102326654,-6.645923605558494,-6.073467756234379,-0.5724558493241148,27.547782866356417,5.972212303359498,29.20509151108128,36.99377801217249,-82.37952532321715,82824012.0,102420260.0,-1.0
2026-03-17,170.1249793745424,170.61440680948863,166.3074364202777,168.84268188476562,3060254,191.78756347656253,211.43818527221669,172.4283149811761,178.50941616587522,197.04500905176653,162.22016581395607,179.6325874328613,31.93474819525492,32.21442998290144,61.97190102326654,-6.645574597986069,-6.187889124584718,-0.4576854734013516,27.867622660719167,5.853266452348887,25.920488595344903,30.359845505470958,-79.32013420346178,85884266.0,100814334.85,-1.0
2026-03-18,169.34189737061018,176.19388165728228,169.12654809813785,175.07798767089844,3236407,190.88459930419924,211.15672416687,172.95824951912056,178.19746812087732,195.79205950239853,162.03224164506238,178.91215057373046,42.48370728296705,32.21442998290144,61.97190102326654,-6.072164804578449,-6.164744260583464,0.09257945600501483,26.89993370216766,5.960261689503727,51.772185059534905,35.632588388653694,-53.10052939630905,89120673.0,99614702.1,-1.0
2026-03-19,172.27845605998834,172.76788349197693,166.91433558751245,167.67784118652344,2767574,189.86263000488282,210.80747558593742,171.90216785260114,177.24113839957243,193.8961963222003,161.40951199078796,177.65285415649413,35.45967975571788,32.21442998290144,61.97190102326654,-6.144038733800926,-6.160603155226957,0.016564421426030762,26.33283117320913,6.1176467176381735,60.3365618640392,46.009745172973,-83.0328876468664,86353099.0,98077115.9,-1.0
2026-03-20,169.6355385828571,173.18877132421773,168.3630243649639,168.83287048339844,2467871,188.8250329589844,210.46683151245108,171.28830837876063,176.47675040719298,192.01851737773856,161.0955344411091,176.55702590942383,37.204808817542784,32.21442998290144,61.97190102326654,-6.038193592172632,-6.136121242616092,0.09792765044345941,25.712976434432655,6.074309819070753,71.10116746025777,61.06997146127729,-70.21277166952216,88820970.0,96887937.2,-1.0
2026-03-23,166.40531265730917,166.41509582810264,160.5321839752865,161.61871337890625,5959076,187.8239501953125,210.0878627777099,169.35438937878976,175.12601976825783,190.26977529550481,159.87540903066707,175.07259216308594,31.479470745893753,32.13825371801498,61.97190102326654,-6.461943479948474,-6.201285690082569,-0.2606577898659044,26.19769338447009,6.233336725430838,45.25287827263094,58.89686919897596,-93.88766812966355,82861894.0,95220913.45,-1.0
2026-03-24,165.23071100188074,166.10189127015218,161.38380345725835,165.58309936523438,3053825,186.95314361572267,209.755570449829,168.6001313760787,174.25848154980116,187.87888948305135,159.8250320257377,173.85196075439453,37.19879905894836,32.13825371801498,61.97190102326654,-6.404053558584877,-6.2418392637830316,-0.16221429480184568,26.647787695219137,6.125104660249623,48.94638870027355,55.100144811054086,-71.58579325189088,85915719.0,93842525.5,-1.0
2026-03-25,167.6386577517616,176.09596212589489,167.55056440964745,173.3453826904297,7776903,186.18678863525392,209.44103752136223,169.5491816389489,174.17547256258558,186.01177694675107,160.4206083071552,173.21619262695313,46.5978002989049,32.13825371801498,61.97190102326654,-5.666504055123909,-6.1267722220512075,0.46026816692729877,25.0723529998693,6.438515953136115,61.34620341406164,51.84849012898871,-27.918634685258127,93692622.0,93056475.3,-1.0
2026-03-27,172.03425819973563,174.22276473361904,165.3208726332213,165.67576599121094,7732577,185.31530578613283,209.08331306457512,168.77449850940133,173.4027719651879,183.7739526128303,160.5837195063103,172.1788360595703,40.196466315384534,32.13825371801498,61.97190102326654,-5.635897610411291,-6.0285972997232244,0.3926996893119332,23.937704200564163,6.61447139222623,75.25457162132847,61.84905457855455,-70.96854975535165,85960045.0,91743194.05,-1.0
2026-03-30,163.64500529965142,164.62096586697382,156.74431230508782,157.3160858154297,7604721,184.24549102783203,208.70172508239742,166.48281597060702,171.9403459515735,182.19752326674882,159.2798113279777,170.73866729736326,34.61475889866641,30.981589894227564,61.97190102326654,-6.214560522617148,-6.06578994430201,-0.14877057831513874,23.963083187618224,6.77997012750458,62.02664017130687,66.20913840223233,-97.34122484107476,78355324.0,90281835.3,-1.0
2026-04-01,164.1379165518678,168.583929176567,162.5606092347427,165.64620971679688,4149865,183.3422787475586,208.38399063110347,166.315494719845,171.36815174841198,180.0315300124548,159.73031080785765,169.88092041015622,43.094454539073965,30.981589894227564,55.78455430545339,-5.9325963902178955,-6.039151233485187,0.10655484326729159,23.307964377042637,7.100532501335491,54.41553923650492,63.898917009713415,-58.60573587712814,82505189.0,89216425.85,-1.0
2026-04-02,161.67337597401047,166.45457634138805,158.71593616960783,165.59690856933594,3227020,182.46474243164062,208.10734642028805,166.1717774897432,170.84349327758687,178.84598876719514,159.68583496327358,169.26591186523436,43.05886246168544,30.981589894227564,55.78455430545339,-5.648009239671552,-5.96092283472246,0.3129135950509081,23.149790743237542,7.146111620652971,58.66703465810226,58.369738021971344,-54.48435847630066,79278169.0,88209471.95,-1.0
2026-04-06,164.82798761555446,167.50940110660335,162.659201273702,167.11508178710938,2812074,181.65902282714845,207.8484114837646,166.36043834921645,170.50454677845255,178.50585166750338,159.4949524706802,169.0004020690918,44.57686336983751,30.95162542149379,55.78455430545339,-5.239569486233989,-5.816652165024767,0.5770826787907772,22.817940226045252,6.982117921527856,80.30994056893195,64.46417148784637,-46.67866781918519,82090243.0,87527058.9,-1.0
2026-04-07,165.7743614701608,170.09221332170677,164.0393205048669,169.73731994628906,3520596,181.04840057373048,207.59510673522945,167.035814668631,170.4347988846195,177.91978482186988,159.60470553457543,168.76224517822266,47.19536832857231,30.95162542149379,55.78455430545339,-4.650675245216036,-5.5834567810630205,0.9327815358469849,22.05794073301849,6.915744699764428,87.9210415037339,75.63267224358935,-33.1964250420009,85610839.0,86875170.15,-1.0
2026-04-08,177.44637978411012,182.3852986062008,174.39035278201294,179.5658721923828,5212278,180.68631134033203,207.41540161132806,169.54182617338137,171.26489645805253,179.3533403651671,158.8715055210633,169.1124229431152,55.65267092215497,30.95162542149379,55.78455430545339,-3.3522476664370515,-5.137214958137827,1.7849672917007755,21.333933515638776,7.325189982632093,95.60946706249658,87.94681637838747,-10.99577988423791,90823117.0,86629155.6,-1.0
2026-04-09,179.289852634657,182.10927915762224,177.44638665352005,179.3489990234375,3109409,180.24262268066406,207.2398390960693,171.50326074339262,171.9998148730875,180.76964386929413,158.34432555209256,169.55698471069334,55.4416638239018,30.95162542149379,55.78455430545339,-2.3140592729911873,-4.572583821108499,2.258524548117312,20.661641099500468,7.135025877022814,99.70903438971726,94.4131809853159,-11.841586540809068,87713708.0,86456105.35,-1.0
2026-04-10,180.19678977650472,183.9231775438425,180.19678977650472,181.35020446777344,2516656,180.0559533691406,207.10281539916988,173.4726494882688,172.8498502907862,181.92163822180027,157.7373293685318,169.82948379516603,57.05955076770579,30.95162542149379,55.78455430545339,-1.3146524418487502,-3.9209975452565495,2.6063451034077993,20.260463255346554,6.952108208692971,99.70903438971726,98.34251194731036,-9.466815680002117,90230364.0,86258984.95,-1.0
2026-04-13,175.4747695433371,187.0482232419353,175.19874301935093,185.30332946777344,5610880,179.90611541748044,206.94004867553707,175.83878548416973,173.9819847614214,184.25749802404755,156.55125746911648,170.404377746582,60.138525460489426,42.84422047094679,55.78455430545339,-0.20131059475028223,-3.177060155155296,2.975749560405014,19.105577279122844,7.3019204953995,99.70903438971726,99.70903438971726,-5.7579821224995165,95841244.0,86462507.65,1.0
2026-04-15,187.40310062964195,189.9859264730462,185.33288683424783,186.5947265625,4379685,179.66144439697263,206.76028930664057,177.9899736998358,175.12859765242854,186.70164887050717,155.47412932773497,171.08788909912107,61.11931843489263,42.84422047094679,55.78455430545339,0.7762773510713998,-2.386392653909957,3.162670004981357,18.422562629711074,7.114825960390447,99.99999999999999,99.80602292647816,-10.201670392453366,100220929.0,87014152.2,1.0
2026-04-16,187.30452192606936,192.9236545753881,186.8116152894218,190.9224548339844,5571862,179.51033355712892,206.59516723632808,180.5764699266655,176.5644028507518,190.0897039335711,154.27349797072574,172.18160095214841,64.29030894380105,42.84422047094679,55.78455430545339,1.8785792522059808,-1.5333982726867696,3.4119775248927504,18.16102254848049,7.058690392711708,99.99999999999999,99.90301146323908,-5.531332566668812,105792791.0,87994760.85,1.0
2026-04-17,190.9224453339244,194.6488181181749,190.1042185527253,194.11648559570312,6502717,179.6628692626953,206.41671516418455,183.28447306047303,178.16004673665645,193.7658841189202,153.16091794406805,173.46340103149413,66.4641800744843,42.84422047094679,55.78455430545339,2.9755922639760968,-0.6316001653541965,3.6071924293302935,18.132446161247927,6.879112476478698,100.0,99.99999999999999,-1.4044043341358337,112295508.0,89468335.65,1.0
2026-04-20,194.20520600207624,198.92724474767007,189.34515400619387,196.57115173339844,7287259,179.93961975097656,206.24660423278803,185.94180879505814,179.8337835545421,197.47761408854555,152.222034959306,174.84982452392578,68.07277570911965,50.31290976431979,55.78455430545339,3.996979332455709,0.2941157342077846,3.7028635982479243,18.61062834808461,7.072182352549949,99.99999999999999,99.99999999999999,-5.58541779303432,119582767.0,91153260.7,1.0
2026-04-21,196.57115284102133,200.00179372578012,195.1910203303594,195.54591369628903,3218467,180.12327392578126,206.0924191284179,187.86262977530433,181.26215902197364,200.3225641016113,151.42387754877933,175.87322082519532,66.63510959837983,50.31290976431979,55.78455430545339,4.669876373660884,1.1692678620984045,3.500608511562479,19.17660462532627,6.910653141326432,98.56769144558635,99.52256381519544,-10.30083093871389,116364300.0,92515442.05,1.0
2026-04-22,194.4023699667776,198.8878232644769,194.2446362365606,197.0443572998047,3203269,180.22752349853516,205.9384369659423,189.69897528020442,182.6969043199583,203.20492246518552,151.47817079653316,177.34154663085934,67.70853698853087,50.31290976431979,55.78455430545339,5.263390908519057,1.988092471382535,3.275298437136522,19.511564972992616,6.748691276082851,98.08230994744997,98.88333379767877,-7.163315965888883,119567569.0,94176165.55,1.0
2026-04-23,196.1768401501221,203.37328000831357,195.3191874212986,201.55938720703125,7148636,180.4687811279297,205.79341102600088,192.0710576655698,184.41167549151038,206.65228581754275,151.30345911653927,178.977872467041,70.76099992370814,50.31290976431979,55.78455430545339,6.028586836878787,2.7961913444817856,3.2323954923970017,20.35104053623686,6.8419342268637156,98.08230994744999,98.24410378016209,-4.06180181211353,126716205.0,96070927.3,1.0
2026-04-24,202.56489855984125,211.41751220756493,202.091712420656,208.371337890625,28775240,180.87407714843752,205.71327949523916,195.33111371058087,186.5898266187026,210.66365881557198,151.96734856968192,181.31550369262695,74.65386979068595,50.31290976431979,55.78455430545339,7.102800945403118,3.6575132646660524,3.4452876807370654,21.906381787223975,7.057376424982998,99.51461850186361,98.55974613225453,-6.247497623680687,155491445.0,99702404.85,1.0
2026-04-27,209.58390796592963,213.6553065567656,208.4206404811788,211.87098693847656,9276510,181.29650817871092,205.6648406982421,198.63908835616002,188.88811392050025,214.98606283740565,152.2737333051724,183.62989807128903,76.39282752127087,57.06017136065572,55.78455430545339,8.14265236820205,4.554541085373252,3.588111282828798,23.537480218459322,6.930704442208541,99.99999999999999,99.19897614977118,-3.5962595128566477,164767955.0,103645016.65,1.0
2026-04-28,211.5555325473165,215.35090458968975,209.7810656630158,211.9991455078125,8860387,181.74029632568357,205.61507644653315,201.3110997864905,190.98911679207407,218.94893814000517,152.17623428431125,185.5625862121582,76.45652990410485,57.06017136065572,55.78455430545339,8.874780492812562,5.418588966861114,3.456191525951448,25.192472465459954,6.8334997625275,99.99999999999999,99.83820616728785,-8.182895332110885,173628342.0,107641802.65,1.0
2026-04-29,211.94985287273997,217.1746662078336,209.7810666890171,213.625732421875,4480936,182.22973266601556,205.5930585479736,203.7740263135674,193.0469909402378,222.20894143091334,153.71122763646952,187.96008453369143,77.29399504681314,57.06017136065572,55.78455430545339,9.477004270278059,6.230272027544503,3.2467322427335557,26.879888858161756,6.873506887976714,99.99999999999999,99.99999999999999,-8.454689060733667,178109278.0,112249264.3,1.0
2026-04-30,211.949853180698,221.058773216349,210.47113327478613,217.736572265625,4802433,182.63126098632807,205.58277122497557,206.56653550397894,195.2914983334548,224.50008305606087,157.46213465634145,190.98110885620116,79.29820088083777,57.06017136065572,64.76614087954889,10.168762211437354,7.017970064323073,3.150792147114281,28.75098769360581,7.138802106090012,99.99999999999999,99.99999999999999,-7.244218846897921,182911711.0,117477083.65,1.0
2026-05-01,217.736572265625,217.736572265625,217.736572265625,217.736572265625,0,183.15338409423825,205.56869552612304,208.80054285630817,197.3319596000157,226.91036147866396,160.2608924886212,193.58562698364258,79.29820088083775,57.06017136065572,64.76614087954889,10.594854476317863,7.7333469467220315,2.8615075295958317,30.488436612232434,6.628887669940726,99.99999999999997,99.99999999999997,-7.244218846897921,182911711.0,122497409.75,1.0
2026-05-04,218.4364962402558,222.79378889046933,216.65217670945225,218.3773498535156,4829238,183.67031188964842,205.5511100769043,210.71590425574968,199.2451768957884,228.56177966560566,163.88751843009746,196.22464904785156,79.62334846760034,60.824117377234025,64.76614087954889,10.859064525884236,8.358490462554473,2.500574063329763,32.47592108759688,6.594082277874752,99.99999999999996,99.99999999999997,-11.789462598432676,187740949.0,127920548.75,1.0
2026-05-05,217.33239307926328,218.3576322282168,215.2621792624304,216.85919189453125,2661166,184.2177612304687,205.52905075073244,211.944561783506,200.84645098658322,229.22232284014916,168.2013862662962,198.71185455322268,76.55543704820053,60.824117377234025,64.76614087954889,10.821210060572724,8.851034382158124,1.9701756784146003,33.95976758795562,6.345588585961211,93.33049955155566,97.77683318385185,-16.493158700577524,185079783.0,133070025.75,1.0
2026-05-06,218.2196232957056,220.2306757225136,215.5579305087504,219.25473022460935,3044347,184.74558044433593,205.51551673889162,213.4065954717267,202.51993091731288,229.7740986918091,172.6013514424683,201.1877250671387,77.99613269127546,60.824117377234025,64.76614087954889,10.85933044529989,9.252693594786479,1.6066368505134108,35.48574033176375,6.226099773661355,89.20861857419311,94.17970604191623,-10.580577288443326,188124130.0,138195690.3,1.0
2026-05-07,220.04339203478776,228.01861797535432,219.04771098048235,224.77528381347656,7799198,185.42609741210936,205.520378112793,215.68033314007667,204.54314481696412,231.98545644954982,174.91093484683688,203.44819564819335,80.90784953733657,60.824117377234025,64.76614087954889,11.205829831359836,9.64332084210115,1.562508989258685,37.43149815904569,6.422157432319256,89.20861857419311,90.58257889998062,-8.386458902321504,195923328.0,143450700.85,1.0
2026-05-08,223.5824591762788,232.15903186737444,222.16288561923625,228.68896484375,8461676,186.1737289428711,205.5485482025147,218.28205948081134,206.73821936485373,234.210203716755,177.62018416166293,205.91519393920896,82.65968965765643,60.824117377234025,64.76614087954889,11.661804420216555,10.047017557724232,1.6147868624923234,39.46897044052272,6.677442347734894,95.8781190226374,91.4317853903412,-9.152373302778539,204385004.0,149284265.65,1.0
2026-05-11,228.11717985563604,229.69448707133571,223.18811360947004,225.05130004882807,5131782,186.8748403930664,205.5744989013672,219.63590759441468,208.40304488157867,235.1290776102231,181.07141982630029,208.1002487182617,75.70634388629468,64.71903736471528,64.76614087954889,11.595967326190674,10.35680751141752,1.2391598147731546,41.36090898760853,6.66522314160138,84.49763723854201,89.8614582784575,-18.74678918202184,199253222.0,154735408.55,1.0
2026-05-12,226.7370410061587,227.2299476170417,214.90728234496785,215.82408142089844,4289913,187.4701071166992,205.56913139343266,218.87354235971145,209.07768456697139,234.60430110304307,184.6482715287929,209.62628631591798,61.56033709373578,64.71903736471528,64.76614087954889,10.676163361108308,10.420678681355678,0.25548467975263023,41.133923099211366,7.0693261509208405,51.16430390520868,77.1800200554627,-44.340443593311626,194963309.0,159691511.8,1.0
2026-05-13,216.38601238541744,222.8923859729307,215.74523977796815,216.37615966796875,2660815,188.06917236328124,205.55952293395998,218.3740658213629,209.7411823034257,233.75343565392689,188.47728028845597,211.11535797119143,62.01763384206594,64.71903736471528,64.76614087954889,9.87789397955811,10.312121740996165,-0.43422776143805564,40.92315048855685,7.074884725495249,18.553420462134273,51.40512053529499,-52.491783404151235,197624124.0,164561671.55,1.0
2026-05-14,217.8647444168273,223.58246469957865,211.07249122199545,220.1814117431641,8888115,188.7504113769531,205.57925094604497,218.73553500572316,210.69029407067464,233.4333333890808,191.72327824422004,212.5783058166504,65.09952541177248,64.71903736471528,64.76614087954889,9.443453530159076,10.138388098828747,-0.6949345686696713,39.753141748440285,7.463105350644388,6.313756238506166,25.34382686861637,-50.456747171063896,206512239.0,169597643.95,1.0
2026-05-15,221.80797774682955,223.76975149857975,202.09171305822247,203.6000061035156,14546781,189.16638854980468,205.51722282409673,215.70842922528166,210.04572243729655,232.5255511445129,193.57941253956912,213.052481842041,47.14740572017372,64.71903736471528,64.76614087954889,7.672729041225949,9.645256287308188,-1.9725272460822385,37.157523475923846,8.47845771419531,6.313756238506166,10.393644313048867,-94.98361308879318,191965458.0,173581141.45,-1.0
2026-05-18,202.09171741172227,202.09171741172227,194.3136514262028,198.3061981201172,3998133,189.5745709228516,205.42949287414555,212.22798300424878,208.9784929539166,232.3163595452068,193.96210877754714,213.13923416137698,43.06433259653392,51.97204148317892,64.76614087954889,5.77567270459727,8.871339570766004,-3.0956668661687345,35.26866014629896,8.536164640132274,5.591306348247252,6.07293960841986,-89.45037241699667,187967325.0,177000369.35,-1.0
2026-05-19,199.4300284865868,201.2340685844229,197.2612422906415,199.2427215576172,2281328,190.11091979980472,205.37723228454595,209.6309307149225,208.09342282698026,231.84731727146394,194.8008318374228,213.32407455444337,43.988481291909586,51.97204148317892,64.76614087954889,4.298263795362857,7.956724415685375,-3.6584606203225185,33.514715625933,8.210211901107211,0.7779941588850724,4.227685581879496,-86.97576804895294,190248653.0,180694587.0,-1.0
2026-05-20,196.76832979817212,207.71084779668925,195.21074306536687,203.00851440429688,3242204,190.68108093261722,205.3641812896729,208.30644745279739,207.63115842491814,231.2104243623517,196.03414045698432,213.622282409668,47.66686198718831,51.97204148317892,64.76614087954889,3.3921717568617282,7.043813883920646,-3.651642127058918,31.277295697583842,8.516632817551152,4.6526314331068646,3.673977313413063,-77.02529905437278,193490857.0,184390751.4,-1.0
2026-05-21,203.8661832102406,205.542062727614,201.5988097256453,203.17611694335935,2334800,191.2933569335938,205.3425212860108,207.2803813509098,207.22615465386733,231.0713066571698,196.334931135799,213.7031188964844,47.831072171432645,51.97204148317892,64.76614087954889,2.656983362213566,6.16644777957923,-3.509464417365664,29.19969147840248,8.189962830723832,8.66550897624945,4.6987115227471286,-76.58243776692186,195825657.0,187846224.0,-1.0
2026-05-22,203.57043599968583,204.06334262438244,200.4552625214476,202.4466094970703,1518491,191.9331338500977,205.31208267211917,206.31362698014192,206.79165054870396,231.35055011086453,195.46321484274884,213.4068824768067,47.13776433131614,51.97204148317892,64.76614087954889,1.9925077198398071,5.331659767631346,-3.339152047791539,27.127663258729015,7.862685493024619,11.316731470631872,8.21162395999606,-78.5100374839415,194307166.0,189787010.05,-1.0
2026-05-25,204.0633356288058,207.02077527560007,203.47184168252056,204.5858154296875,1824309,192.50684570312507,205.31708442687992,205.96806467005104,206.59112008333884,231.40838610525756,194.67686169747688,213.04262390136722,49.451592081425375,51.47014757386017,64.76614087954889,1.6198494109541741,4.589297696295912,-2.9694482853417377,25.61260697876668,7.6277912277035576,12.819205688742858,10.933815378541393,-72.85754857332677,196131475.0,191355186.05,-1.0
2026-05-26,204.3097970043476,205.82794279772688,203.077530436167,203.7084503173828,1205683,193.10490570068364,205.32652297973638,205.5161417995174,206.32905919552462,231.46132946073482,193.79484882295674,212.62808914184578,48.513679919479735,51.47014757386017,64.76614087954889,1.239431588356183,3.9193244747079663,-2.6798928863517832,24.14011787179712,7.27940702297901,13.39385871097588,12.509931956783536,-75.1758370991047,194925792.0,192420058.55,-1.0
2026-05-27,203.7084519785364,205.73922489268747,201.20449291019392,203.3141326904297,1313515,193.71269836425785,205.29337272644045,205.07573997769987,206.05497496778872,231.39009367054592,192.83492464000108,212.1125091552735,48.0723858611596,51.47014757386017,64.76614087954889,0.895803323049762,3.3146202443763255,-2.4188169213265636,22.45403036468695,7.083358805801478,14.180669420794466,13.464577940171068,-76.21775455998494,193612277.0,193195208.5,-1.0
2026-05-28,203.3141326904297,203.3141326904297,203.3141326904297,203.3141326904297,0,194.39801666259768,205.26098960876465,204.72341852024584,205.80580748802882,230.8612073411976,191.92156701182978,211.3913871765137,48.0723858611596,51.47014757386017,64.76614087954889,0.6163703137863195,2.774970258258324,-2.1585999444720048,20.88837767951322,6.577404605387087,13.917676275489546,13.830734802419965,-74.5611399501667,193612277.0,193730236.8,-1.0
2026-05-29,203.31412950590908,204.5266755880458,197.7541433937179,200.6228485107422,1720084,195.04086395263676,205.24833457946775,203.90330451834512,205.3346293991846,230.3328676444067,190.7385343331324,210.53570098876955,44.843545748950476,51.47014757386017,64.76614087954889,0.17572781853317565,2.2551217703132944,-2.0793939517801188,20.274808107537197,6.591342290311431,12.021617737512655,13.37332114459889,-80.83260325535855,191892193.0,194179260.9,-1.0
2026-06-01,201.10591305184144,202.2297396113208,198.14847315402025,199.8834991455078,1386017,195.6616802978516,205.23754539489744,203.09934344377768,204.83907210339578,229.59275753411887,189.62925937261943,209.61100845336915,43.969809653043136,50.637448845182575,60.98726035445195,-0.23048693843350065,1.7580000285639354,-1.988486966997436,19.705064933559463,6.4120511593820835,9.17533416579627,11.704876059599489,-81.09102119554431,190506176.0,194317522.25,-1.0
2026-06-02,197.91187254696035,201.1157657696,196.1768465554728,199.8834991455078,1749395,196.1577905273438,205.2412863922119,202.45617458412372,204.3885654708605,228.88925970232825,188.63518792950768,208.76222381591796,43.96980965304313,50.637448845182575,60.98726035445195,-0.5461197316303696,1.2971760765250744,-1.843295808155444,19.48848151770059,6.306827449006735,5.430959610138093,8.87597050448234,-81.09102119554431,190506176.0,194588841.9,-1.0
2026-06-03,200.12008665949776,201.20448723467769,196.8964731699322,199.75534057617188,1796078,196.79934051513678,205.23143898010252,201.91600778253337,203.967363207707,227.66177343179424,187.91273523519794,207.7872543334961,43.798254231911,50.637448845182575,60.98726035445195,-0.7974102705022403,0.8782588071196116,-1.675669077621852,19.267272678347748,6.1640550644166465,6.569620767470178,7.058638181134846,-81.5261044856643,188710098.0,194618140.3,-1.0
2026-06-04,199.6271901752692,204.06334995694183,198.9864175570655,201.7664031982422,2000702,197.45801116943363,205.23001647949218,201.88608686567514,203.76727593411928,224.97526855749638,188.29835204797237,206.63681030273438,47.27467062461033,50.637448845182575,60.98726035445195,-0.8247763778805393,0.5376517701195814,-1.3624281480001206,18.419911702324917,6.086403445520911,27.172461817510808,13.057680731706359,-44.3708103849434,190710800.0,194357513.9,-1.0
2026-06-05,203.4718478330188,204.53652794312555,200.63271591505048,203.00851440429688,1295995,198.28580718994147,205.2366268157959,202.11057237339952,203.69829761322634,220.51029922423217,190.1952763372913,205.35278778076173,49.35825095492282,50.637448845182575,60.98726035445195,-0.7377321050827845,0.28257499507910827,-1.0203071001618929,17.528921001564452,5.930504058560493,58.58569138343205,30.775924656137676,-37.61835195355934,192006795.0,193738603.45,-1.0
2026-06-08,201.1059046102894,203.1761184687925,198.2273317023181,201.2241973876953,1662466,198.99862915039068,205.23499053955075,201.9332973762587,203.47337941090532,216.23088568988257,192.0919796055276,204.16143264770508,46.51459894422442,51.73739055708846,60.98726035445195,-0.803466501165758,0.06536669583013502,-0.868833196995893,17.166352032546673,5.860381394840058,70.77172884938301,52.17662735010862,-51.89276848809025,190344329.0,193293158.8,-1.0
2026-06-09,202.19031342187907,206.82363291367537,201.21435284169652,206.0152587890625,2250936,199.65202667236335,205.24795524597167,202.74968965881948,203.70445935437417,214.47595338201134,192.86602965021527,203.6709915161133,54.15254102218192,51.73739055708846,60.98726035445195,-0.4636185629317424,-0.040430355922240466,-0.42318820700950194,16.014317225436905,5.842445586064256,82.13247734130601,70.49663252470702,-9.272621689879301,192595265.0,193174756.6,-1.0
2026-06-10,205.916675505472,205.916675505472,199.9426496453281,202.64376831054688,1591409,200.39138671875006,205.2281987762451,202.72850538916498,203.6080328958444,211.98442066757391,193.98432322891048,202.9843719482422,48.8643392360891,51.73739055708846,60.98726035445195,-0.46102333823762365,-0.1245489523853171,-0.33647438585230655,15.20409489482235,5.858885840183554,65.65864275520916,72.85428298196607,-40.36366411122834,191003856.0,192843743.2,-1.0
2026-06-11,199.62719247063976,203.40285919997737,196.1965664118821,200.44541931152344,1879558,201.25397338867194,205.19667907714845,202.27188817363668,203.32052256999702,205.99722490195174,197.99791975136864,201.9975723266602,45.72862344880004,51.73739055708846,60.98726035445195,-0.6291030870377199,-0.2254597793157977,-0.4036433077219222,15.162079258372025,5.95512919360582,55.85686831223417,67.88266280291644,-60.636289058892466,189124298.0,191974346.15,-1.0
2026-06-12,203.0775218918525,205.08857422789072,199.4891623979804,202.76205444335935,3768859,201.99629028320317,205.18416809082032,202.36992142758123,203.2697527403027,205.9018475513159,198.00950193598882,201.95567474365237,49.412725288453295,51.73739055708846,60.98726035445195,-0.5688174314264813,-0.29413130973793444,-0.2746861216885469,14.729101222278855,5.929720810484712,40.59808120394119,54.037864090461504,-38.14839833981332,192893157.0,192020731.1,-1.0
2026-06-15,205.443479989502,209.682480070075,205.04916069739528,206.5673065185547,3252979,202.81569824218755,205.1955534362793,203.20939844577595,203.5695303565074,206.43410388461604,198.30335644253245,202.36873016357424,54.8360229804127,51.60944573735879,60.98726035445195,-0.2115499581379936,-0.2776150394179463,0.0660650812799527,13.99137357501222,6.000485440215494,57.62227576608046,51.35907509408527,-23.065734370418145,196146136.0,192429671.65,-1.0
2026-06-16,207.3953989434781,213.11310383116503,206.27157242610943,209.8106384277344,3722427,203.66960937500005,205.21703178405764,204.52964644216763,204.13690381752804,207.89250338694944,197.90174862721074,202.8971260070801,58.88219828788306,51.60944573735879,60.98726035445195,0.32949861292729565,-0.1561923089488979,0.48569092187619356,13.924422987974307,6.060560151989788,84.74121289170702,60.98718995390956,-19.49938141392369,199868563.0,192910667.15,-1.0
2026-06-17,210.96404396416847,213.80319105162027,209.97823067461636,210.61900329589844,2812799,204.48724304199223,205.26776992797852,205.7475178129138,204.72618558828896,209.3517461214056,197.2035547819147,203.27765045166015,59.84772304728587,51.60944573735879,60.98726035445195,0.814127042841335,0.03787156140914866,0.7762554814321863,13.981687515413391,5.912845328553794,99.99999999999999,80.78782955259582,-18.0649354516916,202681362.0,193370192.4,-1.0
2026-06-18,213.4285702229947,214.90729010906625,207.81929038172595,208.54879760742188,3833874,205.06690155029304,205.3227188873291,206.30777377181545,205.0736957718465,210.06073691785747,197.03183205186906,203.54628448486326,56.207574377104066,51.60944573735879,60.98726035445195,1.0193992672790841,0.23417710258313576,0.7852221646959484,13.536214367863039,5.996784928467116,92.43973178166357,92.39364822445685,-33.947367468639,198847488.0,193521283.95,-1.0
2026-06-19,208.4994998934481,209.593753189617,204.07319303839589,205.6899261474609,2550460,205.5937200927735,205.36515754699704,206.18420424694455,205.12971671508416,210.2689523719418,197.14794826282383,203.7084503173828,51.545018947047346,51.60944573735879,60.98726035445195,0.9405498763171636,0.37545165732994135,0.5650982189872222,12.801867370534882,5.962768872949544,75.19574654296457,89.21182610820938,-49.21060163488215,196297028.0,193620777.05,-1.0
2026-06-22,207.0799384766078,212.09772454128927,207.0799384766078,208.4009246826172,3151248,206.13473449707035,205.38807365417475,206.62754833407908,205.42709925758714,210.78110702337307,197.01730453668551,203.8992057800293,55.32920260694197,53.093472787592276,60.98726035445195,1.084316762256151,0.5172246783151833,0.5670920839409677,12.159853934692425,5.99455669586946,65.8111775117966,77.81555194547491,-34.77345682480591,199448276.0,193786617.1,-1.0
2026-06-23,209.4853094419029,210.362682606814,205.2463095835565,205.84765625,1513378,206.5456210327149,205.37430732727046,206.47156991726328,205.46533171144284,210.94186994821743,197.07046220510287,204.00616607666015,51.268196049900524,53.093472787592276,60.98726035445195,0.9809182165892594,0.6099633859699984,0.37095483061926093,11.398730479934128,5.9318292906828916,53.11631322318137,64.70774575931418,-48.419473269383296,197934898.0,193937072.4,-1.0
2026-06-24,205.0491546808233,206.2222748475467,202.5846215716788,205.0294342041016,1174411,206.91431518554694,205.355822982788,206.18314277463097,205.42570466532092,211.0340224254557,197.14983987923182,204.09193115234376,50.00164426938124,53.093472787592276,60.98726035445195,0.8234581305211179,0.6526623348802224,0.17079579564089553,11.21358004054681,5.767959575338962,47.11500412559339,55.34749828685712,-52.79248448552105,196760487.0,194094482.9,-1.0
2026-06-25,206.23213727421876,211.55553806598792,204.24079021642817,205.3153381347656,2588017,207.20217285156255,205.34956901550288,206.0095818466579,205.41567134436136,211.14456022579913,197.239422623322,204.19199142456057,50.46216120032987,53.093472787592276,60.98726035445195,0.713514979147277,0.6648328637336334,0.048682115413643645,10.855454058214344,5.878444452069018,34.34149860087743,44.85760531655073,-51.264462719548256,199348504.0,194381294.25,-1.0
2026-06-26,205.3153381347656,205.3153381347656,205.3153381347656,205.3153381347656,0,207.4261499023438,205.33757713317868,205.87073310427945,205.40655014348903,211.1860718974861,197.6671599140373,204.4266159057617,50.462161200329874,53.093472787592276,60.98726035445195,0.6192459576532485,0.6557154825175564,-0.03646952486430788,10.522908503191339,5.4585555626355164,32.43855655194513,37.965019759471986,-51.264462719548256,199348504.0,194754109.8,-1.0
2026-06-29,204.65484172704117,206.22228122275737,202.78178748079745,205.00973510742188,1414878,207.59492156982424,205.31082901000974,205.69853350490794,205.3704760493011,211.09697263080793,198.2688827769069,204.68292770385742,49.89248003073837,52.870075617007004,60.98726035445195,0.5139529391145174,0.6273629738369486,-0.11341003472243116,9.864123391478978,5.3144082897301175,32.18083417174799,32.98696310819018,-52.89776687330321,197933626.0,195125482.3,-1.0
2026-06-30,205.00974375022196,206.005409783838,201.10591640145637,202.1114501953125,1350096,207.72623229980468,205.27550102233886,204.98111684298885,205.07420097166576,210.92869199052737,198.65995852216807,204.79432525634772,44.734531348037045,52.870075617007004,61.19932734231078,0.1943991801581717,0.5407702151011933,-0.34637103494302157,9.590063584613391,5.284771510633797,21.00557539429861,28.54165537266391,-68.38773379823593,196583530.0,195429350.0,-1.0
2026-07-01,205.64065634523155,208.7952558346137,204.16193642436647,205.8082427978516,3981114,207.90151000976564,205.25608894348142,205.14654203396142,205.14093204677357,210.76403947436984,199.42990126049358,205.0969703674317,51.606728373685634,52.870075617007004,61.19932734231078,0.23672200761535578,0.47996057360402583,-0.24323856598867005,9.073417887301662,5.384702519824326,24.987487831694054,26.057965799246883,-59.01525452193733,200564644.0,196022077.3,-1.0
2026-07-02,206.85319164003764,208.0065913128556,201.4509393571257,203.895751953125,2960381,207.9482373046875,205.22667831420895,204.89638401779416,205.02773385644187,210.68398685475015,199.7228887556016,205.20343780517587,48.26311498684236,52.870075617007004,61.19932734231078,0.11461985909093642,0.40689243070140796,-0.29227257161047154,8.815741083956432,5.468341765246153,22.93974004394862,22.977601089980425,-79.78581255190305,197604263.0,196366750.45,-1.0
2026-07-03,205.7490954340317,213.72432122599668,205.0590141070404,212.5019073486328,7505306,208.03084869384767,205.24025001525877,206.4174886839619,205.70720417391377,211.9461001372709,199.41011476751441,205.67810745239265,60.62586864625491,52.870075617007004,61.19932734231078,0.7041804881326357,0.4663500421876535,0.23783044594498215,8.90991446174192,5.779786587219405,56.273073377281946,34.73343375097487,-17.42857494763109,205109569.0,197021889.15,-1.0
2026-07-06,213.91161503938497,214.7594150063791,208.58821465047444,211.545654296875,4807189,208.02434204101561,205.21715744018553,207.44312180654453,206.23797236691024,212.6158688097847,199.7724917859185,206.1941802978516,58.94056723833488,56.639565495561705,61.19932734231078,1.0817798202828044,0.5894359978066837,0.49234382247612074,9.17727974848483,5.807744713554066,70.91418287287794,50.04233209803617,-24.357255179154336,200302380.0,197519791.7,-1.0
2026-07-07,209.98808303417627,210.75701619533032,206.33072415987223,207.7010040283203,2027662,207.93837921142577,205.16946334838863,207.4946982508997,206.37097524522025,212.73442871999254,199.82250639963644,206.2784675598145,52.60851691912308,56.639565495561705,61.19932734231078,1.0585960298002988,0.6832680042054067,0.3753280255948921,8.928536241282336,5.765400815228974,79.64791980064098,68.94505868360028,-52.21426673471276,198274718.0,197803764.35,-1.0
2026-07-08,204.5562459380884,209.2290060798116,199.6271797709056,200.9481658935547,4087819,207.68482788085933,205.0851461791992,206.18539177943072,205.877992576887,212.89065670991258,199.4967181680171,206.19368743896484,43.723484873578656,56.639565495561705,61.19932734231078,0.48968037659420816,0.644550478683167,-0.1548701020889588,9.129258922500632,6.039431207634475,46.31458646730765,65.62556304694219,-91.27038337632773,194186899.0,197962916.5,-1.0
2026-07-09,201.1059125815389,203.62959221500708,198.7399666857418,201.9044189453125,3440513,207.36818481445312,205.01399291992186,205.32919721260708,205.51675861038024,212.7275880020959,199.80568683921268,206.2666374206543,45.13653430826106,56.639565495561705,61.19932734231078,0.11465063104199658,0.5385705091549329,-0.4239198781129363,9.460451464061933,5.957302230608105,19.302992442971384,48.42183290364,-80.24618453624241,197627412.0,198388072.2,-1.0
2026-07-10,203.66901716175505,205.98566920214645,202.6339102728365,204.0239105224609,1975862,207.09393157958982,204.9243161010742,205.06813987457787,205.38104514784212,212.67010294372352,199.98935750549526,206.3297302246094,48.23879359640878,56.639565495561705,61.19932734231078,-0.011406401410624767,0.4285751270418214,-0.43998152845244615,9.267091384492245,5.823298518195666,11.691365031197732,25.769647980492255,-67.01544440883153,199603274.0,198723578.05,-1.0
2026-07-13,204.5661042229076,209.3965982236091,204.22107860720388,207.25738525390625,4766154,206.87153228759766,204.79789459228513,205.50598895044357,205.55162152112067,212.71754809907492,200.01092022367902,206.36423416137697,52.63867674689102,51.41519851508118,61.19932734231078,0.14790195802424932,0.372440493238307,-0.2245385352140577,8.791320063015748,5.791112031263703,29.27308997842939,20.089149150866167,-46.830762222992675,204369428.0,199134742.65,-1.0
2026-07-14,205.83781047654097,206.0349701189092,203.1071035506762,204.9012908935547,1384175,206.63237426757814,204.68261146545407,205.3850493390658,205.4925005549783,212.28811813561214,199.9494154337239,206.11876678466803,49.34708369751824,51.41519851508118,61.19932734231078,0.08308016008305685,0.31456842660725703,-0.23148826652420018,8.196446916139548,5.6739098649755855,37.576749876121426,26.18040162858285,-61.538474456230354,202985253.0,199290577.15,-1.0
2026-07-15,205.03930177596203,206.103981883216,201.60866086070493,202.01284790039065,1653081,206.28753662109375,204.5659203338623,204.71060905133078,205.17616849547034,211.73550965965984,199.64140837012536,205.6884590148926,45.58379563829664,51.41519851508118,61.19932734231078,-0.1990700361641018,0.21184073405298526,-0.41091077021708705,7.939362411411912,5.589724947656691,32.34080605143222,33.06354863532768,-79.5693263017521,201332172.0,199223117.65,-1.0
2026-07-16,203.856310506386,203.856310506386,198.9075389394092,199.784912109375,2036958,205.78772918701173,204.457907333374,203.72546966293964,204.68605427855258,211.6824608432687,198.8180686367118,205.25026473999026,42.868201944156304,51.41519851508118,61.19932734231078,-0.5955863494739333,0.05035531734760157,-0.6459416668215349,8.209091703199134,5.543942563322413,14.75908110420056,28.225545677251397,-93.47701991530482,199295214.0,199245503.95,-1.0
2026-07-17,200.5045518705576,200.9974584846297,197.95129921982,200.0510711669922,1677153,205.21497131347655,204.3919267272949,202.99058996375018,204.26469217750162,211.80122881262798,198.13541516930565,204.9683219909668,43.30275174102276,51.41519851508118,61.19932734231078,-0.878227908303046,-0.13536132778252793,-0.742866580520518,8.63397521802917,5.365529470571507,4.484438152636781,17.19477510275652,-87.5073924178264,200972367.0,199479270.9,-1.0
2026-07-20,200.05108594059595,200.1201000919744,197.95131383835732,199.055419921875,930485,204.6950537109375,204.3194172668457,202.20355595537518,203.79112197244464,211.61787116210547,197.384222343754,204.50104675292974,42.0153320902338,49.128345057744546,61.19932734231078,-1.1690876003488313,-0.3421065822957886,-0.8269810180530427,9.028509910371344,5.137190669360476,0.815703632232833,6.686407629690058,-93.43102632040446,200041882.0,199508951.2,-1.0
2026-07-21,199.62717533917663,199.98206869702784,195.7825098310522,197.45838928222656,1692046,204.32773986816406,204.2231266021728,201.25452262074546,203.21541900060663,211.82551587538435,196.33765093369774,204.08158340454105,39.96297403614983,49.128345057744546,61.19932734231078,-1.5110446454239082,-0.5758941949214125,-0.9351504505024957,9.810715229500023,5.070216969118701,0.815703632232833,2.038615139034149,-91.16884741905507,198349836.0,199529698.1,-1.0
2026-07-22,197.55696324544752,199.4300173885941,190.9717381570134,195.5064849853516,4806191,203.9103463745117,204.0742428588867,200.1049150936667,202.51460681740164,212.22548468819735,194.98538719900966,203.6054359436035,37.54878552217251,49.128345057744546,61.19932734231078,-1.917447292507859,-0.8442048144387018,-1.0732424780691572,11.333954330193784,5.312221416437417,0.0,0.5438024214885553,-80.93657124630428,193543645.0,199368856.0,-1.0
2026-07-23,193.21938615837217,195.74306552999676,193.21938615837217,194.03761291503903,1417592,203.38747039794922,203.91161880493158,198.8914546579412,201.74397100809594,212.61354842238535,193.46955094284908,203.04154968261722,35.79627224379001,49.128345057744546,61.19932734231078,-2.331177653609842,-1.14159938227293,-1.189578271336912,12.748390637980847,5.113039841807929,0.0,0.27190121074427764,-87.1114998852551,192126053.0,199007733.45,-1.0
2026-07-24,192.03643794530157,194.7079836215977,189.0297043076935,192.76593017578125,1792361,203.17078887939454,203.75659103393545,197.66634976150922,200.9277854778855,212.95476606664892,191.87339250268707,202.414079284668,34.303533625176655,49.128345057744546,61.19932734231078,-2.730204022236137,-1.4593203102655714,-1.2708837119705656,14.668972120174299,5.153414089814805,0.0,0.0,-82.80401235362334,190333692.0,198556992.85,-1.0
2026-07-27,197.06405990532824,202.09171342702464,194.3037948777389,199.29200744628903,3848410,203.19050506591796,203.63167419433586,197.9914812984652,200.779078384104,212.6826048267248,191.57378097649791,202.12819290161136,46.60840272798767,45.161570701586335,61.19932734231078,-2.491119326250555,-1.665680113462568,-0.8254392127879868,14.559203253631217,5.451440458488276,22.37028097922384,7.456760326407946,-49.61282176377361,194182102.0,198369416.65,-1.0
2026-07-28,199.1638575251012,200.31725726787408,190.7548713753509,191.6913909912109,4480058,203.03947845458984,203.49661544799798,196.73146323701437,199.9529249847501,213.1477529556892,190.06662692712337,201.6071899414063,37.74210360322366,45.161570701586335,61.19932734231078,-2.881730414686899,-1.9088901737074344,-0.9728402409794648,15.012352449548185,5.745079418062199,28.621609289417933,16.997296756213924,-86.93130776589622,189702044.0,198025342.35,-1.0
2026-07-29,193.4362787687296,196.1571179467091,191.98713207548053,192.44061279296875,2302330,202.82812042236327,203.34693847656243,195.87329314820525,199.26998751276997,212.99193155406053,188.88568532826375,200.93880844116214,38.974459273762605,45.161570701586335,61.19932734231078,-3.095157529251111,-2.1461436448161697,-0.9490138844349412,15.4331338457568,5.653697099307626,37.113363108079895,29.368417792240557,-83.25268202722938,192004374.0,197597328.85,-1.0
2026-07-30,191.9871396842233,195.2797524876503,191.1491923644385,194.31365966796875,1397122,202.65087127685547,203.18991012573233,195.56136645215796,198.81941225415167,212.77680957362648,188.14259808018213,200.4597038269043,42.06210362860595,45.161570701586335,61.19932734231078,-3.0776832098441105,-2.332451557821758,-0.7452316520223525,15.95895095586609,5.544901601015068,28.84818064908668,31.527717682194833,-74.05615514034696,193401496.0,197387190.5,-1.0
2026-07-31,195.5537871595602,196.41691353290264,192.8651763611047,193.5596618652344,1461868,202.47313232421877,203.04127380371088,195.16102553477327,198.34125312788646,210.80099432635086,188.22418877911792,199.5125915527344,41.159307248956594,45.161570701586335,59.208144285984275,-3.0890671636909985,-2.4837746789956063,-0.6052924846953922,16.15105047149047,5.402532713213846,37.78780037711456,34.583114711427044,-73.46911143089878,191939628.0,196728693.45,-1.0
2026-08-03,194.35332677851247,198.8078828379239,194.35332677851247,197.8058624267578,2281853,202.33753326416016,202.94037292480465,195.6899929131702,198.29258124596566,208.60164580308145,189.04955811537565,198.82560195922855,47.936464778592935,45.67622516620717,59.208144285984275,-2.724054921327678,-2.5318307274620206,-0.19222419386565726,15.727495448626325,5.391510446033535,62.629379891785916,43.088453639329046,-48.60012038432756,194221481.0,196424648.5,-1.0
2026-08-04,196.9328082937717,203.53029934249264,195.09740830724297,201.80404663085935,2681603,202.29944519042968,202.8409535217285,196.91280365670804,198.6118053718651,207.5023123453929,189.55919583331814,198.53075408935553,53.381212437210706,45.67622516620717,59.208144285984275,-2.0880898385639455,-2.443082549682406,0.3549927111184603,14.907305155275875,5.608751916691831,81.85761470488862,60.75826499126303,-13.841764244791433,196903084.0,196356066.8,-1.0
2026-08-05,202.38938588864397,203.0640099085466,199.7206214663147,201.2385406494141,2167517,202.25793334960937,202.74243743896483,197.77795105524928,198.8505994880059,207.53422611403644,189.55631954026055,198.5452728271485,52.544207469306656,45.67622516620717,59.208144285984275,-1.6111422897496652,-2.276694497695858,0.6655522079461926,14.145699882879027,5.446940239944694,98.53754925472366,81.00818128379939,-15.804583795207638,194735567.0,196383500.2,-1.0
2026-08-06,200.40518060461528,202.62750092844135,199.38331381556813,200.51431274414065,2002727,202.2019369506836,202.6569201660156,198.32522339302758,199.00184614765453,207.37642061506455,189.5751144191152,198.47576751708988,51.43197507621742,45.67622516620717,59.208144285984275,-1.2768780056036064,-2.0767311992774076,0.7998531936738011,13.358410597833709,5.289600730868161,95.13175867925854,91.84230754629026,-20.79905404650011,192732840.0,196138771.6,-1.0
2026-08-07,200.30595426893572,201.08972554310589,198.4209611929301,199.45274353027344,1224833,202.1785348510742,202.54550201416012,198.55072742047676,199.0428368188017,206.77494144330396,189.71947689165702,198.2472091674805,49.768994027384466,45.67622516620717,59.208144285984275,-1.0851223014033167,-1.8784094197025896,0.7932871182992729,12.41674744212827,5.102398132247277,88.82033675451214,94.16321489616476,-28.119920613145254,191508007.0,195734008.25,-1.0
2026-08-10,199.45274497481023,200.90122466286917,197.4487041518363,198.03404235839844,1555950,202.14154571533203,202.42994598388668,198.44739040806112,198.9511282314923,205.18503482287042,190.38704922253976,197.7860420227051,47.55596849746769,49.468065852421354,59.208144285984275,-1.035693027761738,-1.7098661413144194,0.6741731135526814,11.782162337219876,4.984549730731962,80.10467307063948,88.01892283480339,-37.903665131700116,189952057.0,195013139.7,-1.0
2026-08-11,197.52807610810916,198.21261571907613,193.28186868117405,194.224365234375,1327575,202.0283630371094,202.2926281738281,197.6027853733239,198.52142250448165,204.00182554080834,190.50256593868386,197.2521957397461,42.13748120282438,49.468065852421354,59.208144285984275,-1.2890694867651007,-1.6257068104045558,0.3366373236394551,12.118800363403334,4.980706681244114,63.864937330303775,77.59664905181846,-64.17622232594498,188624482.0,194295101.15,-1.0
2026-08-12,194.2541278450835,195.24623267050444,189.74004786175456,191.20835876464844,2361586,201.8574234008789,202.1494850158691,196.32390005158885,197.85659852813316,203.58565019919692,189.8382923667211,196.711971282959,38.40662934354457,49.468065852421354,59.208144285984275,-1.7134866646317732,-1.6432627812499994,-0.07022388338177388,13.084699966889461,5.018240833208812,44.01212959656523,62.66057999916949,-84.97541341078406,186262896.0,193541637.35,-1.0
2026-08-13,191.20835205426437,193.02390563766667,190.9801721911545,192.3790435791016,886718,201.66967620849613,202.01142005920406,195.5349287570914,197.3586389873121,203.31552971798163,189.36782599490908,196.34167785644536,40.60490628515154,49.468065852421354,59.208144285984275,-1.9330923696178672,-1.701228698923573,-0.23186367069429425,13.98160674155515,4.805776019873337,26.958713363955155,44.94526009694138,-80.86332420381804,187149614.0,192934357.35,-1.0
2026-08-14,192.4683404832552,192.56755702336784,187.81536632469917,188.4900054931641,3880141,201.37930603027343,201.8591914367675,194.12594410430594,196.55239957875318,203.33393562356792,188.19331352193996,195.76362457275394,36.00735531902861,49.468065852421354,59.208144285984275,-2.3933552351419394,-1.8396540061672464,-0.553701228974693,15.355867748627752,4.801948496930146,13.270906346422647,28.080583102314343,-95.70701849189524,183269473.0,192049212.65,-1.0
2026-08-17,189.6000061035156,191.8699951171875,186.1499938964844,189.00999450683597,2296433,201.13502197265623,201.66227142333977,193.10275418481197,195.86672639039705,203.23434347656118,187.28836312744275,195.26135330200196,37.03393170699484,43.399254086646096,59.208144285984275,-2.685204735699614,-2.00876415207372,-0.6764405836258938,16.892462301239956,4.867523691485357,8.07138332942349,16.10033434660043,-83.54458948241084,185565906.0,191325413.85,-1.0
2026-08-18,187.8999938964844,189.3999938964844,186.3999938964844,188.00999450683597,1134421,200.7749166870117,201.44067886352533,192.0842022492168,195.15247803734601,203.31434261498302,186.26352451148185,194.78893356323243,35.843081684202346,43.399254086646096,59.208144285984275,-2.9630332078095023,-2.1996179632208763,-0.763415244588626,18.319300100094146,4.734129142093546,1.969580657849233,7.770623444565122,-89.29822829564395,184431485.0,190629496.3,-1.0
2026-08-19,187.2100067138672,192.0,187.0,188.32000732421875,2510381,200.48844146728516,201.23391288757315,191.3313632642172,194.5313443361526,203.42074216791244,185.4384771924392,194.42960968017582,36.524521592177734,43.399254086646096,59.208144285984275,-3.122207960266053,-2.384135962629912,-0.738071997636141,18.764500459121706,4.753119917658292,3.2647394133102905,4.435234466861004,-87.51452651695062,186941866.0,190299407.35,-1.0
2026-08-20,189.0,189.9900054931641,184.47999572753903,186.0500030517578,1804933,200.20053314208985,201.01419792175284,190.27509122172532,193.76031331029856,203.7728782531583,184.2875801208652,194.03022918701174,33.7017950305265,43.399254086646096,59.208144285984275,-3.3924197685663273,-2.585792723817195,-0.8066270447491322,19.640615477607934,4.807183478227347,1.2951587554610575,2.17649294220686,-91.75862308574234,185136933.0,189949951.35,-1.0
2026-08-21,186.0,188.1999969482422,185.6699981689453,186.08999633789065,876000,199.8670919799805,200.8154698944091,189.4380722449584,193.06301176735238,204.05918657430288,183.3336784159315,193.6964324951172,33.79886721295047,43.399254086646096,59.208144285984275,-3.5622737748244333,-2.781088934018643,-0.7811848408057904,20.454150851916573,4.644527428303742,1.4595812760705018,2.0064931482806165,-91.54868792176181,186012933.0,189733913.4,-1.0
2026-08-24,186.1000061035156,188.3999938964844,186.08999633789065,187.52999877929688,892018,199.48634582519534,200.65068855285637,189.0564575518261,192.56001058662005,203.4690259609566,182.74763816257857,193.10833206176758,37.35548267775757,42.1792640599692,59.208144285984275,-3.5398825732925445,-2.9328476618734234,-0.6070349114191211,21.136191094349,4.4777752947530285,6.628010377882795,3.127583469804785,-83.58802881847308,186904951.0,189370055.85,-1.0
2026-08-25,187.0,187.8300018310547,185.75,186.22000122070312,901822,199.01453308105468,200.46399726867665,188.48916628560153,191.9836460988094,203.6327006836582,182.0368244628262,192.8347625732422,35.48763894771491,42.1792640599692,59.208144285984275,-3.5865002967289854,-3.0635781888445357,-0.5229221078844497,21.840270574502437,4.306505761631719,9.985456857249748,6.0243495037343475,-90.41187494423434,186003129.0,189185110.1,-1.0
2026-08-26,187.0,188.58999633789065,186.25999450683597,186.9499969482422,737037,198.54115295410156,200.26593513488763,188.18133241812967,191.526041630576,203.67490903433514,181.44555452767662,192.56023178100588,37.36705753242963,42.1792640599692,59.208144285984275,-3.5239190784583627,-3.155646366767301,-0.3682727116910618,22.185806704841607,4.168183572742849,17.425061445160985,11.34617622676451,-85.12919085301294,186740166.0,188921899.7,-1.0
2026-08-27,186.9499969482422,187.3999938964844,181.7899932861328,182.6300048828125,1437057,198.02277709960939,200.06124534606926,187.07106691106625,190.71731101714295,203.90130527472158,180.05079280877456,191.97604904174807,31.51572026166145,42.1792640599692,59.208144285984275,-3.7793443391243784,-3.280385961238717,-0.49895837788566144,23.410863464725143,4.271170504000616,10.961473587887635,12.790663963432788,-95.60461814249074,185303109.0,188516980.35,-1.0
2026-08-28,182.5,184.2700042724609,181.6000061035156,183.22999572753903,1015334,197.57357849121095,199.87665985107412,186.30285267436082,190.03664599081532,203.97613383629394,178.94299763343267,191.4595657348633,33.083008928670594,42.1792640599692,59.208144285984275,-3.8885318766580497,-3.4020151443225837,-0.486516732335466,24.582389595427276,4.156801051496666,12.522510574337755,13.636348535795456,-90.18823856249125,186318443.0,188235921.1,-1.0
2026-08-31,182.5,189.5800018310547,177.32000732421875,182.0500030517578,4500235,197.04656005859377,199.69479927062977,185.45228274984024,189.3105875418101,203.4863064466268,177.8572390855998,190.6717727661133,31.553590707363647,40.71060991675747,56.54175231188651,-4.023894384455787,-3.5263909923492243,-0.49750339210656236,23.76347029378152,4.7356005840209,5.057368090558036,9.513784084261141,-73.61410092661188,181818208.0,187615757.45,-1.0
2026-09-01,180.0,183.88999938964844,177.3000030517578,178.5800018310547,1726314,196.50120697021487,199.4854133605956,184.07782656608313,188.33507974992324,202.28656684311395,176.73457420913215,189.51057052612305,27.523944396778614,40.71060991675747,56.54175231188651,-4.360900499231377,-3.693292893725655,-0.6676076055057223,23.007848764063567,4.868057423583023,5.057368090558036,7.545748918484608,-91.85953504670043,180091894.0,186775197.95,-1.0
2026-09-02,177.8000030517578,180.2700042724609,175.1300048828125,178.35000610351562,1558842,195.96761840820315,199.21842819213856,182.93226247356966,187.42734578206802,200.8151349084158,175.91715268924048,188.36614379882815,27.275309176918036,40.71060991675747,56.54175231188651,-4.593586994779685,-3.8733517139364606,-0.720235280843224,22.82042275327215,4.887481849730551,0.13888462474096283,3.417873601952345,-81.53409839438291,178533052.0,185965072.2,-1.0
2026-09-03,181.82000732421875,184.69000244140625,179.14999389648438,181.07000732421875,5301907,195.48271179199224,198.94183357238757,182.5598114436995,186.84940592226354,198.84537386423924,175.94248319142483,187.39392852783203,34.77897693698189,40.71060991675747,56.54175231188651,-4.506562505084503,-3.9999938721660695,-0.5065686329184333,21.322986120476024,4.991232884599128,24.784829135398656,9.99369395023255,-64.78954261608261,183834959.0,185520178.15,-1.0
2026-09-04,181.9600067138672,181.9600067138672,179.82000732421875,180.5200042724609,946223,194.98680511474615,198.68997817993153,182.15185000945178,186.27400577228147,196.77668229447158,176.1179008354112,186.4472915649414,34.014720159161854,40.71060991675747,56.54175231188651,-4.430898974493914,-4.086174892631639,-0.34472408186227543,19.932509247165335,4.787573349245507,47.04529628416282,23.989670014767476,-68.04978690149727,182888736.0,185089214.6,-1.0
2026-09-07,180.6000061035156,181.0500030517578,178.5399932861328,179.24000549316406,716189,194.47141052246099,198.43259857177722,181.56948110619425,185.6345512014526,194.76233386488448,176.2528455784749,185.5075897216797,32.239160147108116,39.313754248416195,56.54175231188651,-4.423232020106212,-4.153586318126553,-0.269645701979659,18.985907147613577,4.624890236129756,63.44103795126151,45.09038779027432,-75.63721517521834,182172547.0,184700239.1,-1.0
2026-09-08,178.10000610351562,178.99000549316406,177.0,178.25999450683594,1157634,193.99438140869145,198.20476577758774,180.9075837863226,184.96413695648747,193.54281574102166,175.8759266295838,184.70937118530273,30.90883687654867,39.313754248416195,56.54175231188651,-4.444995459080985,-4.21186814631744,-0.23312731276354537,18.50598823193275,4.454541325917922,50.65785468741687,53.714729640947056,-78.93681362406497,181014913.0,184319760.65,-1.0
2026-09-09,177.57000732421875,178.5,175.0,175.35000610351562,1174950,193.38521667480478,197.9712866210936,179.7960682497612,184.09012506076274,193.13231842740348,174.7005886770887,183.91645355224608,27.30576581975267,39.313754248416195,56.54175231188651,-4.64352719462147,-4.298199955978246,-0.34532723864322357,18.54453235186122,4.38635980263807,28.49798670066675,47.532293113115045,-97.59940974239024,179839963.0,183998614.0,-1.0
2026-09-10,174.6300048828125,177.22999572753906,173.1999969482422,174.0800018310547,1349166,192.78890167236332,197.71895339965806,178.6528549660199,183.18011385806201,192.3127893704749,173.69021355921262,183.00150146484376,25.887434216786552,39.313754248416195,56.54175231188651,-4.8474651949748875,-4.4080530037775745,-0.439412191197313,18.9831819433321,4.360905443827985,12.102245033568067,30.41936214055056,-94.62756641949547,178490797.0,183565673.15,-1.0
2026-09-11,173.60000610351562,173.60000610351562,171.60000610351562,172.75999450683594,1180108,191.99406341552742,197.41910240173326,177.47428287418313,182.23283028067783,192.20677139994322,172.22323043111143,182.21500091552733,24.46502386388306,39.313754248416195,56.54175231188651,-5.057303640545882,-4.537903131131236,-0.5194005094146465,19.72684079129741,4.226554749807347,0.10059916201404563,13.566943632082953,-93.54845006140009,177310689.0,183267733.95,-1.0
2026-09-14,172.75999450683594,172.75999450683594,172.75999450683594,172.75999450683594,0,191.2183502197266,197.11730522155747,176.5314252007137,181.37166339214676,191.70570022443275,171.0993016066219,181.40250091552733,24.465023863883065,35.55202684845922,56.54175231188651,-5.164073891172222,-4.663137283139433,-0.5009366080327897,20.417381150122342,3.924657981963965,9.178691695872056e-15,4.067614731860707,-93.54845006140009,177310689.0,182854973.1,-1.0
2026-09-15,173.0,174.75,168.5,168.9199981689453,1454761,190.44273010253912,196.79771903991684,175.00913979436,180.23969382640118,191.66990736549462,169.22609483177098,180.4480010986328,20.638994731900148,35.55202684845922,56.54175231188651,-5.495200446210674,-4.829549915753681,-0.6656505304569933,21.874691430196446,4.09075384039511,9.178691695872056e-15,0.03353305400468799,-98.0075989921093,175855928.0,182426195.25,-1.0
2026-09-16,169.02000427246094,171.1999969482422,167.11000061035156,169.72999572753906,985174,189.81836669921879,196.4858805084227,173.95331098099584,179.28426672650463,191.06976690466144,167.9672341329362,179.51850051879882,23.361611869377487,35.55202684845922,56.54175231188651,-5.627391526581306,-4.9891182379192065,-0.6382732886620994,23.45533944727198,4.090699733073362,6.418247439516736,2.1394158131722514,-88.34003126455765,176841102.0,181921157.05,-1.0
2026-09-17,169.72999572753906,173.02999877929688,167.0500030517578,169.5500030517578,2067656,189.17127838134772,196.18491615295392,173.07264939514826,178.39933366516402,190.63104635861265,166.755954678985,178.69350051879883,23.171378329920884,35.55202684845922,56.54175231188651,-5.68118860896729,-5.127532312128824,-0.553656296838466,24.194058715221825,4.225649446963769,12.38804184069739,6.268763093404711,-88.90368337570757,174773446.0,181402982.7,-1.0
2026-09-18,170.1999969482422,176.5,169.7100067138672,174.9199981689453,3438429,188.5892001342774,195.96290992736797,173.44211914990768,178.08303043823503,189.65332906955234,166.61667215115074,178.13500061035154,39.10369607554891,35.55202684845922,56.54175231188651,-5.230218751243683,-5.148069599951796,-0.08214915129188682,23.67170873378961,4.420245697055084,45.72137517403072,21.50922148474828,-55.38551366500728,178211875.0,181012929.8,-1.0
2026-09-21,175.4499969482422,177.0,173.0,173.22999572753906,1093890,187.90865234375005,195.74734184265122,173.39969446543398,177.64184546453538,188.23675216191108,166.60324875361627,177.42000045776368,36.535826409658796,37.349024632431934,56.54175231188651,-4.952106165717794,-5.1088769131049965,0.15677074738720265,23.02602716205245,4.390228147265436,68.00082391690512,42.036746977211074,-64.96602670288179,177117985.0,180523581.5,-1.0
2026-09-22,173.5,174.49000549316406,171.99000549316406,172.39999389648438,970859,187.2586264038086,195.51356277465803,173.19975435164406,177.16531350380347,186.92673854170428,166.53126164140124,176.72900009155276,35.30945345238466,37.349024632431934,56.54175231188651,-4.743988403857514,-5.035899211255501,0.29191080739798636,22.671448102748386,4.255211851032191,88.51482048432423,67.41233985842003,-69.67125266531437,176147126.0,180030781.35,-1.0
2026-09-23,172.39999389648438,179.1999969482422,172.39999389648438,177.9199981689453,2918388,186.7767694091797,195.36786033630352,174.1438031151043,177.23392120063454,185.3019527342336,167.25304757094224,176.27750015258792,47.84735874459286,37.349024632431934,56.54175231188651,-4.086528410250935,-4.846025051054588,0.7594966408036532,21.177765318615155,4.436982651084021,88.51482048432423,81.67682162851786,-27.095959440900096,179065514.0,179647048.75,-1.0
2026-09-24,176.0,176.39999389648438,171.14999389648438,174.32000732421875,2632690,186.2674713134766,195.2008007812498,174.17904395692722,176.96901993914219,184.4074600694593,167.3165404798572,175.86200027465824,42.11460179948878,37.349024632431934,56.54175231188651,-3.812033059166964,-4.639226652677063,0.8271935935100991,19.872175315869644,4.6036270526109435,86.12717986373295,87.71894027746046,-48.071398053850444,176432824.0,179203534.5,-1.0
2026-09-25,174.61000061035156,175.3000030517578,173.24000549316406,173.99000549316406,836257,185.74625,195.04386543273907,174.1412362641746,176.69820044405327,183.23805008039182,167.56195144548718,175.4000007629395,41.62230016943056,37.349024632431934,56.54175231188651,-3.5798555591235868,-4.427352433966369,0.8474968748427818,18.659841741891668,4.4219392316097155,85.35031909711286,86.66410648172334,-42.880609648583004,175596567.0,178667440.7,-1.0
2026-09-28,173.25,174.0,168.0,168.66000366210938,1537626,185.13834167480474,194.85312797546368,173.04498974376156,175.96745528205838,182.4636387489471,166.99736283796702,174.73050079345705,34.58936174085233,36.87232098173888,56.54175231188651,-3.7823393668760446,-4.298349820548304,0.5160104536722594,18.79694694292325,4.534657857923308,69.10776834132852,80.19508910072477,-86.74895951332601,174058941.0,178279477.35,-1.0
2026-09-29,168.0,169.6999969482422,164.0,165.57000732421875,3647277,184.50057403564452,194.64129669189435,171.549993259853,175.02223274043658,182.59858437066336,165.56141776556714,174.08000106811525,31.288613868943454,36.87232098173888,56.54175231188651,-4.1443723786291855,-4.26755433216448,0.12318195353529493,19.662837983900204,4.617896364374657,55.84470466785051,70.10093070209729,-89.67100237213985,170411664.0,177795465.85,-1.0
2026-09-30,166.47000122070312,169.25,164.27999877929688,166.5800018310547,2274257,183.9220443725586,194.42887153625472,170.55599497409335,174.25475720322004,182.38597149128347,164.5970302177009,173.4915008544922,33.521650077713446,36.87232098173888,53.08157072381683,-4.300217798931726,-4.27408702551793,-0.026130773413796327,20.466879664807376,4.643046711255262,45.92048909950768,56.9576540362289,-83.0263003351915,172685921.0,177503109.3,-1.0
2026-10-01,167.94000244140625,167.94000244140625,159.50999450683594,161.5399932861328,3136559,183.2720919799805,194.20988067626936,168.75279463650125,173.09886957439392,182.16262149013178,162.86737881504396,172.51500015258787,28.53760929210365,36.87232098173888,53.08157072381683,-4.7753655443598575,-4.374342729286315,-0.4010228150735422,21.96639974198222,4.913543941492051,38.506405638596505,46.75719980198489,-89.69020554802992,169549362.0,176788829.45,-1.0
2026-10-02,161.5399932861328,161.5399932861328,161.5399932861328,161.5399932861328,0,182.6475732421875,194.00602119445787,167.31023436642758,172.04806263909745,181.62343970764988,161.50855949889308,171.56599960327148,28.537609292103653,36.87232098173888,53.08157072381683,-5.093212176312278,-4.518116618691508,-0.5750955576207701,23.358811242216,4.562576517099762,35.13611286691245,39.85433586833888,-89.69020554802992,169549362.0,176121860.75,-1.0
2026-10-05,163.5,164.99000549316406,161.33999633789062,162.08999633789062,1688872,181.9035330200195,193.8098257446288,166.2661867607202,171.14278388444228,180.93406681924773,160.48293147176793,170.70849914550783,29.857507940653843,31.141869654485703,53.08157072381683,-5.240320123983054,-4.662557319749817,-0.5777628042332363,23.505233180954686,4.497393134112167,28.38529821370825,34.00927223973907,-86.8968943059693,171238234.0,175575145.1,-1.0
2026-10-06,162.9499969482422,165.8000030517578,155.8000030517578,161.0399932861328,9805265,181.29050506591793,193.58711853027333,165.22094806580273,170.22434837550506,180.2933405027715,159.40165766617378,169.84749908447264,28.76521091428048,31.141869654485703,53.08157072381683,-5.3796178178940295,-4.80596941937866,-0.5736483985153695,24.515174511187045,4.890436481675584,26.26497914811202,29.9287967429109,-77.606873499389,161432969.0,174596047.9,-1.0
2026-10-07,160.69000244140625,164.0,159.3800048828125,161.7899932861328,2375175,180.67749267578122,193.3512298583983,164.53475710986876,169.45758882192575,179.86874812474778,158.4702487624592,169.1694984436035,30.714974527613983,31.141869654485703,53.08157072381683,-5.367618941979373,-4.918299323898802,-0.44931961808057075,25.452977174974237,4.871119241355007,20.346943051015444,24.999073470945234,-74.40174445825416,163808144.0,173794456.95,-1.0
2026-10-08,161.5,161.89999389648438,156.39999389648438,156.99000549316406,3281875,179.9310195922851,193.08491889953604,163.02580678652782,168.32417215567466,180.04328058491086,156.58671666850705,168.31499862670896,25.840249963367064,31.141869654485703,53.08157072381683,-5.67995367576475,-5.070630194271992,-0.6093234814927584,26.737272295406854,4.916039295543936,11.315043070582806,19.308988423236755,-94.9145181547033,160526269.0,172896230.55,-1.0
