Date,Open,High,Low,Close,Volume,MA50,MA200,EMA9,EMA21,BB_Upper,BB_Lower,BB_Mid,RSI,RSI_W,RSI_M,MACD,MACD_Signal,MACD_Hist,ADX,ATR,StochRSI_K,StochRSI_D,Williams_R,OBV,OBV_SMA20,Supertrend_Dir
2025-07-24,853.8670209978496,859.4080342025928,843.6335957242711,846.5289306640625,2006984,832.3308789062502,926.4719030761721,854.9059618813399,852.6421723731783,882.3663085618642,835.5461975416516,858.9562530517579,48.763793233463446,49.14473907299354,22.70938436523226,5.292405949693034,8.780105166532246,-3.4876992168392125,17.000296504980014,22.027667068968046,9.902090724955853,14.43796300067996,-71.31003369612246,65477863.0,76015285.1,1.0
2025-07-25,845.0313469760935,847.0281128612578,820.0717734115404,822.3680419921875,2805230,833.1994726562502,923.8404156494144,848.3983779035094,849.8899787021791,885.8292975521267,828.6887078189675,857.2590026855471,40.663795288138864,49.14473907299354,22.70938436523226,2.268536887286132,7.477791510683024,-5.209254623396892,16.529625253768344,22.379715096164425,9.902090724955853,10.660147111609403,-96.69066458201605,62672633.0,75291898.35,-1.0
2025-07-28,823.6658904067161,827.4098262722013,796.7095521752236,800.7529907226562,5922408,833.5588903808596,921.0574227905277,838.8693004673388,845.4229797949497,891.1653250960992,816.3590096206981,853.7621673583986,35.05393268004358,43.66012014455681,22.70938436523226,-1.8507211618817792,5.612088976170063,-7.462810138051842,17.064468043009878,22.974040739079655,3.6955579688846267,7.83324647293211,-95.64048934522158,56750225.0,74054733.25,-1.0
2025-07-29,798.7063144953812,817.5258076560963,788.7224855641889,806.89306640625,16766666,834.0770507812503,918.394985046387,832.474053655121,841.9202603959769,891.3118410025104,809.1339597787398,850.2229003906251,37.68387888477382,43.66012014455681,22.70938436523226,-4.567162642602511,3.5762386524155483,-8.143401295018059,17.848520364480017,23.39041797856735,3.08987983425557,5.56250950936535,-81.96233736389716,73516891.0,73369427.75,-1.0
2025-07-30,809.6885314952509,813.4823743260632,794.2635035106704,800.603271484375,3218643,834.7150170898441,915.6269680786136,826.0998972209719,838.1641704949221,893.9839498678847,800.8958658059433,847.439907836914,36.072428876132285,43.66012014455681,22.70938436523226,-7.145131344711672,1.4319646529901044,-8.577095997701775,18.57656894870229,23.092450324054884,4.286493990050934,3.6906439310637102,-88.20612229500038,70298248.0,73032347.45,-1.0
2025-07-31,794.3134418491932,804.6966487887933,787.8239527460577,797.608154296875,4480429,834.9925683593754,912.8879049682621,820.4015486361526,834.4772599314633,895.3393915352453,793.2006963553797,844.2700439453125,35.29836317881181,43.66012014455681,21.12789987761964,-9.322408122350339,-0.7189099020779843,-8.603498220272355,19.49512073406818,22.648182161103506,4.573671297199868,3.983348373835457,-90.37323698108824,65817819.0,72278492.2,-1.0
2025-08-01,791.2184971333259,797.3585767222569,778.4392074110827,782.4327392578125,4739250,834.7988818359378,909.9588992309574,812.8077867604846,829.7459398702223,898.3912898904712,782.9055362814038,840.6484130859375,31.59854056582234,43.66012014455681,21.12789987761964,-12.132587901424358,-3.001645501947259,-9.1309423994771,20.68570763921978,22.39966535572413,1.4837914629442988,3.447985583398367,-96.4028772261055,61078569.0,71420615.05,-1.0
2025-08-04,781.7338080723085,804.2972371618821,779.7370422790204,802.749755859375,2980888,834.8777539062503,907.1791513061527,810.7961805802628,827.2917413237816,897.9446411020124,778.3203308218158,838.1324859619141,40.57849303680728,39.55722643899547,21.12789987761964,-12.57530192648403,-4.916376786854613,-7.658925139629417,21.285129665226766,22.55398889337681,9.874506580542322,5.310656446895496,-78.10258417224654,64059457.0,70876535.55,-1.0
2025-08-05,818.6739795099513,847.3275809800909,808.7400574493381,817.8253784179688,18982770,834.8468041992189,904.5476635742192,812.202020147804,826.4311628777986,896.8237323202081,776.3312786661202,836.5775054931642,46.22040377488305,39.55722643899547,21.12789987761964,-11.576235594702894,-6.24834854842427,-5.327887046278624,20.065661318450648,24.127120052472463,28.2462439780984,13.201514007195005,-64.523409817956,83042227.0,71398814.55,-1.0
2025-08-06,820.6707693598112,820.6707693598112,794.1138077672765,802.0509033203125,5249912,834.8108618164064,901.8320617675785,810.1717967823057,824.2147756452998,896.8734704140143,772.5475867148921,834.7105285644532,41.753191674912074,39.55722643899547,21.12789987761964,-11.919931090759178,-7.382665056891252,-4.537266033867926,18.973628913125843,24.300680162476905,41.204563050809455,26.441771203150054,-77.46551198581987,77792315.0,71778905.05,-1.0
2025-08-07,800.5533274826138,808.6901727309717,787.8239451340708,806.04443359375,2553303,834.4754040527346,899.1369268798832,809.3463241445946,822.5629263678861,895.338892637047,769.539525331703,832.439208984375,43.24862137399792,39.55722643899547,21.12789987761964,-11.734796302714017,-8.253091306055804,-3.4817049966582125,18.220888379741485,24.05536212207862,49.89093342738782,39.78058015209855,-73.65417372248638,80345618.0,72158620.4,-1.0
2025-08-08,805.2956651604203,807.1926171448683,777.7403200443443,781.1847534179688,2490574,833.7865197753906,896.512178039551,803.7140099992696,818.8012742815299,894.324500587855,762.9262745586293,828.6253875732422,36.89795366807987,39.55722643899547,21.12789987761964,-13.439126197297014,-9.290298284304047,-4.148827912992967,17.928714621325323,24.440857477681863,40.82853112700835,43.974675868401874,-96.7344889043677,77855044.0,72221329.85,-1.0
2025-08-11,783.2313770497527,788.8222968580621,776.5921064579863,781.9833984375,1629229,833.1984716796876,894.0606484985352,799.3678876869158,815.4541946593453,890.7662814266127,758.0631314151842,824.4147064208985,37.21691110590875,39.43251760884562,21.12789987761964,-14.557565387252225,-10.343751704893684,-4.213813682358541,17.703838650272072,23.568666972138576,38.044312759348585,42.92125910458158,-93.49003008679719,79484273.0,72185212.25,-1.0
2025-08-12,782.782135385827,790.070318692807,779.5373908164595,781.7837524414062,1462522,832.8430480957031,891.6083703613283,795.8510606378139,812.3932453668053,883.116854224684,755.933396019457,819.5251251220704,37.166336728091686,39.43251760884562,21.12789987761964,-15.28386340314762,-11.331774044544472,-3.952089358603148,17.423020022253855,22.63754275101064,30.58275837764004,36.485200754665655,-93.73110206598149,78021751.0,71899331.05,-1.0
2025-08-13,785.727356130997,786.526050277765,765.4601950915296,772.1992797851562,4114205,832.0263720703125,889.0794662475587,791.1207044672824,808.7392484957462,874.7904398447823,753.6469991200617,814.218719482422,34.72659041940371,39.43251760884562,21.12789987761964,-16.443298545978564,-12.354078944831292,-4.089219601147272,17.756001065428084,22.525279353526688,28.117233793532968,32.2481016435072,-91.76829134033919,73907546.0,71550911.9,-1.0
2025-08-14,772.1992779972007,778.5389851345358,764.4618104039151,768.5052490234375,1859573,831.3584533691406,887.7224142456055,786.5976133785134,805.0816121800818,868.6028957313911,750.3149631553279,809.4589294433595,33.805506236630244,39.43251760884562,21.12789987761964,-17.45898040188365,-13.375059236241764,-4.083921165641886,18.105875200010267,21.921843309033402,22.974333374548994,27.224775181907333,-95.12049596424696,72047973.0,71318770.0,-1.0
2025-08-18,776.2427011660334,794.6129708157991,776.2427011660334,787.3746948242188,3029689,830.6755603027344,886.3938159179687,786.7530296676546,803.471892420458,858.2513535309326,752.5396681975833,805.395510864258,42.23404787073745,38.11767116739649,21.12789987761964,-16.550524864403542,-14.01015236187412,-2.540372502529422,17.44537446366993,22.220834629271135,36.407860842722954,29.166476003601638,-72.34939799511,75077662.0,71106976.85,-1.0
2025-08-19,785.9769675038106,789.4214008252885,779.5872923295772,784.2297973632812,2807872,829.6542138671875,885.1326083374023,786.2483832067799,801.7226110516237,849.2976760979406,754.1751998786223,801.7364379882814,41.290396334960775,38.11767116739649,21.12789987761964,-15.901036991587716,-14.38832928781684,-1.512707703770877,16.832052351353898,21.336068476874008,51.37131162805031,36.91783528177409,-76.14456871405781,72269790.0,71093082.9,-1.0
2025-08-20,785.1782483269895,788.9221842231353,775.7435176814108,776.9415893554688,2332155,828.3193762207032,883.743857421875,784.3870244365178,799.4697908974279,843.3095519308316,753.6738342996376,798.4916931152346,39.109523131575756,38.11767116739649,21.12789987761964,-15.792366083405454,-14.669136646934565,-1.12322943647089,16.459464092670878,20.753396910077615,63.46283243063124,50.4140016338015,-84.93976600376708,69937635.0,71346919.3,-1.0
2025-08-21,779.7370607578348,780.5856618655107,765.2605084134192,766.208984375,3324022,826.9446032714844,882.3054376220703,780.7514164242142,796.4460812135708,834.3245625840567,754.3023539198497,794.3134582519532,36.08679719071449,38.11767116739649,21.12789987761964,-16.38341729528406,-15.011992776604465,-1.3714245186795964,16.628609251561507,20.365665234507183,49.448998962828725,54.76104767383676,-97.89156130578822,66613613.0,71303357.6,-1.0
2025-08-22,766.2090007927239,771.4505112366336,757.5230570126674,758.870849609375,2483587,825.5508593750001,880.7958825683592,776.3753030612464,793.0301510677348,824.7224050943419,755.1387033040958,789.9305541992188,34.14371044725419,38.11767116739649,21.12789987761964,-17.24516426828393,-15.45862707494036,-1.7865371933435696,17.138813523692676,19.905793019468536,28.26262050459617,47.058150632685376,-98.4991929836447,64130026.0,71235965.75,-1.0
2025-08-25,766.708180664598,773.746768109789,760.2685986007798,769.6034545898438,2790762,824.6323474121093,879.3335006713864,775.0209333669659,790.9004513879264,819.6441457373876,754.9405039208157,787.2923248291016,39.292338286159485,37.1052460821116,21.12789987761964,-16.867633843921226,-15.740428428736534,-1.127205415184692,17.44376619458328,19.546516268107492,25.87174888046747,34.52778944929746,-86.54811913310908,66920788.0,71448373.5,-1.0
2025-08-26,769.603464610766,771.7500123054746,752.930518268728,755.1768798828125,3306397,823.3374450683593,877.6676992797849,771.0521226701352,787.6528539783706,819.708869150636,750.318169423583,785.0135192871095,35.29765077664478,37.1052460821116,21.12789987761964,-17.530462019765878,-16.098435146942403,-1.4320268728234744,18.073081251336486,19.494586108724572,20.907043455938698,25.013804280334114,-96.68385992389649,63614391.0,71791581.8,-1.0
2025-08-28,755.1768402032403,761.1671375260484,743.6454691076706,745.3926391601562,3085661,822.088466796875,876.0151257324214,765.9202259681394,783.8110162676238,819.2702372572941,744.6067585923157,781.9384979248049,32.85780660428043,37.1052460821116,21.12789987761964,-18.630503730627993,-16.60484886367952,-2.0256548669484715,19.065732498970252,19.353663416556945,19.99898330862543,22.259258548343865,-97.31389343765142,60528730.0,71142173.75,-1.0
2025-08-29,741.798539580164,749.1366299645493,736.806624778144,738.30419921875,2538543,819.8720568847655,874.4311914062497,760.3970206182616,779.6740328995443,819.8149391692857,737.8321494537618,778.8235443115237,31.17648183557512,37.1052460821116,21.12789987761964,-19.84550593553945,-17.25298027805151,-2.59252565748794,20.26892840205942,18.851973542974687,5.267133844105882,15.391053536223337,-97.87234023383049,57990187.0,70526770.7,-1.0
2025-09-01,741.1995154361371,752.7807331093904,740.3009464199112,751.632568359375,1436082,818.1817944335937,872.9288745117185,758.6441301664843,777.124808850438,818.2310021466909,734.8185278826064,776.5247650146487,37.63812859840248,34.96996367718178,19.915853779071377,-19.508039401838573,-17.703992102808925,-1.8040472990296479,21.073901062269044,18.539442139236524,19.478809779897166,14.914975644209491,-74.35239450773568,59426269.0,70207193.2,-1.0
2025-09-02,751.7823676651477,757.5230696758709,746.2912613940211,749.9852905273438,1330606,816.4036755371093,871.3833773803708,756.9123622386562,774.6575799119748,818.1373594807576,731.6674256754927,774.9023925781252,37.173596795093815,34.96996367718178,19.915853779071377,-19.1527354842367,-17.99374077909448,-1.15899470514222,21.416071480826307,18.01746829228033,37.55727581376714,20.76773981259006,-77.20204328324938,58095663.0,70058047.9,-1.0
2025-09-03,748.7872033564967,767.7564791748612,747.9885091935414,766.85791015625,1933362,814.9699963378905,869.9284835815427,758.901471822175,773.9485190250907,814.4123764403867,731.8032241455512,773.1078002929689,44.70191348024249,34.96996367718178,19.915853779071377,-17.310134718177437,-17.85701956691107,0.5468848487336331,20.914670287905892,18.14250412721172,70.89060914710046,42.642231580254915,-48.01386450108692,60029025.0,69856526.3,-1.0
2025-09-04,770.5519364178466,772.14938567442,751.6325676277207,753.6293334960938,1401421,813.430489501953,868.5215124511717,757.8470441569588,772.1013203406364,806.2515697011894,733.5444263925609,769.8979980468752,40.594759877953386,34.96996367718178,19.915853779071377,-16.72450621944631,-17.63051689741812,0.9060106779718069,20.118819170877938,18.31209797860369,74.6230808745396,61.023655278469064,-70.89816279515165,58627604.0,68635795.15,-1.0
2025-09-05,755.1269254066352,758.2718560968281,748.7872180021344,755.8258056640625,2873689,811.977843017578,867.2231155395506,757.4427964583796,770.6217280973115,801.0999600866915,734.0735262414337,767.5867431640626,41.55495565932136,34.96996367718178,19.915853779071377,-15.899870656107396,-17.284387649155974,1.3845169930485781,19.55653238917141,17.681565129752972,82.12229225214094,75.878660757927,-67.09845511852741,61501293.0,67821244.05,-1.0
2025-09-08,758.2718616832386,759.2702446479302,745.2928831422483,749.5360107421875,2330647,810.273604736328,865.9559182739255,755.8614393151412,768.704844701391,793.860316435334,735.662327607635,764.7613220214845,39.581952782031394,38.231213822326154,19.915853779071377,-15.574343577104287,-16.942378834745636,1.368035257641349,19.253764414964643,17.416979156605038,69.50418429886729,75.41651914184928,-75.80644275167583,59170646.0,66762495.45,-1.0
2025-09-09,752.4312921119143,753.8788985584229,743.8950696227454,744.9434204101562,1347461,808.046212158203,864.6877221679686,753.6778355341442,766.5447152203697,792.2549685738984,733.6435421682893,762.9492553710938,38.15736512178328,38.231213822326154,19.915853779071377,-15.508176079276836,-16.65553828365188,1.1473622043750424,19.062458358592203,16.886039855110212,63.49724167353749,71.70790607484857,-84.38701278722586,57823185.0,65760902.5,-1.0
2025-09-10,748.9868663886224,754.6276932314906,744.8934599224224,750.03515625,1350420,805.6331213378905,863.5385833740233,752.9492996773154,765.0438462230634,789.7581389684153,732.9455475550226,761.351843261719,40.70536949643509,38.231213822326154,19.915853779071377,-14.873425738150672,-16.299115774551638,1.4256900364009653,18.81407839808569,16.37519653039293,61.40344241397441,64.80162279545972,-69.7834115321981,59173605.0,64745369.1,-1.0
2025-09-11,750.2847390416779,753.0801989359792,746.2912074965459,747.389404296875,975314,803.0273413085938,862.2926010131836,751.8373206012272,763.4388969570462,786.9747742452308,732.289477463754,759.6321258544924,39.78802489424028,38.231213822326154,19.915853779071377,-14.417673623977521,-15.922827344436815,1.505153720459294,18.583439863329644,15.690467595324385,61.911305718260984,62.27066326859095,-71.35154722135262,58198291.0,63754196.1,-1.0
2025-09-12,751.7823377528116,753.130130318423,738.0545726212032,739.3025512695312,1853165,800.6881298828125,860.9797274780273,749.330366734888,761.2446837127266,786.0940239930361,729.8805548643862,757.9872894287112,37.040316705376895,38.231213822326154,19.915853779071377,-14.54140399113453,-15.64654267377636,1.1051386826418295,18.95884845569977,15.646545459745486,59.15834757306,60.82436523509846,-93.2433221252581,56345126.0,62876075.1,-1.0
2025-09-15,739.8017490914845,743.1962754187141,736.9064142278793,738.7035522460938,1499071,798.2420922851563,859.633408203125,747.2050038371292,759.1954899430326,785.404582983353,727.5898261963349,756.4972045898439,36.837390407925874,36.378447584126015,19.915853779071377,-14.520413129766666,-15.42131676497442,0.9009036352077544,19.386139216675936,14.97821086910901,49.625739692521535,56.898464327947494,-94.63276942761546,54846055.0,62015979.2,-1.0
2025-09-16,739.5022622691929,747.738921595743,733.4120897204135,741.0497436523438,2892657,795.965780029297,858.3370080566406,745.9739518001721,757.545876643879,779.92127186889,728.4406421936101,754.18095703125,38.26406099243887,36.378447584126015,19.915853779071377,-14.151331936688962,-15.16731979931733,1.0159878626283678,19.264769390637714,14.931683798124759,45.869941130133924,51.55134279857182,-80.28346134175563,57738712.0,61149031.7,-1.0
2025-09-17,743.795310273405,744.6938793181181,735.8581534999738,737.8549194335938,2280605,793.661512451172,857.0663165283202,744.3501453268565,755.7557896247621,774.3555025242673,729.3689237452642,751.8622131347657,37.03726933615531,36.378447584126015,19.915853779071377,-13.955754792193034,-14.925006797892472,0.9692520056994383,19.152068837887935,14.496258228126154,45.86243090963069,47.11937057742871,-88.53087288680325,55458107.0,60308447.55,-1.0
2025-09-18,741.2494227368255,741.7985211641237,731.3155003401355,734.2607421875,2280312,791.3682275390627,855.7664221191405,742.3322646989852,753.8016944031928,770.2118343726571,729.2445071800774,749.7281707763673,35.652409421984856,36.378447584126015,19.915853779071377,-13.930199889017672,-14.726045416117513,0.795845527099841,19.41833829895276,14.209598413544873,31.911160638260924,41.21451089267518,-92.78726032741328,53177795.0,59470455.55,-1.0
2025-09-19,736.8066138362201,745.7421533864309,734.9596297614853,743.1962890625,8190278,789.4443444824221,854.5356655883787,742.5050695716882,752.8375666449479,767.7035794710806,729.4514925504037,748.5775360107422,41.507987536478204,36.378447584126015,19.915853779071377,-13.038622366427148,-14.388560806179441,1.349938439752293,19.176738502792247,14.014727898215305,36.01255935198185,37.928716966624485,-70.90458420720186,61368073.0,59208178.55,-1.0
2025-09-22,743.1962526462369,747.0899093813265,732.2140407830071,733.112548828125,1884250,787.0771789550784,853.2175503540037,740.6265654229755,751.0443832070548,766.9585402333707,727.6207017099887,747.2896209716797,37.37465902717324,37.151402086623314,19.915853779071377,-12.995905609687497,-14.110029766881054,1.1141241571935563,19.192801712089285,14.076237948222738,27.91249727019384,31.94540575347887,-95.59912442012788,59483823.0,58975868.4,-1.0
2025-09-23,733.8114327636234,755.7758566014461,727.8710423111028,754.0286865234375,4501893,785.0085290527347,852.0015200805663,743.3069896430679,751.3156835085441,763.5123963841752,729.5093687525439,746.5108825683595,48.77021042278677,37.151402086623314,19.915853779071377,-11.145812772049567,-13.517186367914757,2.3713735958651903,18.182931605350205,15.063993401231352,61.24583060352717,41.723629075234285,-40.924519244761925,63985716.0,58829114.8,-1.0
2025-09-24,754.0286758942979,757.7227047658776,737.7051400558755,739.5521240234375,2993982,782.4756311035159,850.7163513183591,742.5560165191418,750.2462690098981,762.4886967105699,728.9705928402118,745.7296447753909,42.94553299901566,37.151402086623314,19.915853779071377,-10.724117525785687,-12.958572599488944,2.2344550737032574,17.033689994690377,15.4178199232864,58.20952529916501,49.12261772429534,-62.79815777793105,60991734.0,58697981.95,-1.0
2025-09-25,739.7518127882577,744.3942566539362,734.2107999491161,739.5521240234375,3037406,779.6751660156252,849.470369262695,741.955238020001,749.274074011129,762.4234041739606,728.4518338631491,745.4376190185549,42.94553299901567,37.151402086623314,19.915853779071377,-10.271517346795122,-12.421161548950181,2.1496442021550592,16.32786010172537,15.04393683625309,70.39810039596813,63.28448543288677,-62.79815777793105,60991734.0,58721132.15,-1.0
2025-09-26,740.8001119398896,741.4490851995946,709.4508644993872,711.597412109375,5779485,776.3405664062502,848.1233010864256,735.8836728378759,745.8489229291513,766.7160461461826,721.4885131799895,744.102279663086,33.8828610081825,37.151402086623314,19.915853779071377,-12.029867247034872,-12.34290268856712,0.31303544153224827,17.547795976050104,16.254957112249826,37.0647670626348,55.22413091925597,-95.55320949411181,55212249.0,58582235.25,-1.0
2025-09-29,716.5893367687614,733.6616602294218,711.3977334268932,722.230224609375,41100690,773.5111499023441,846.8209106445311,733.1529831921757,743.7017685364444,766.9438370272147,718.3204879239573,742.632162475586,39.143327793419836,33.5853389087947,19.915853779071377,-12.42219774155842,-12.358761699165381,-0.06343604239303957,18.680593573637353,16.68416923298403,30.310765831475546,45.92454443002615,-73.52626284923498,96312939.0,60426568.75,-1.0
2025-09-30,728.8195217243422,736.5070822914656,721.3815568838367,734.3605346679688,3965781,770.8254992675783,845.5764263916013,733.3944934873343,742.8525654574921,766.171883382144,717.5299659830907,741.8509246826173,44.56237888764405,33.5853389087947,19.83436793566834,-11.620355614456116,-12.21108048222353,0.5907248677674133,19.386387764139112,16.572837531172954,35.69022311220827,34.355252002106205,-48.39709853391791,100278720.0,62535721.6,-1.0
2025-10-01,731.0159978867587,744.2445717880397,724.8260114966034,741.9483032226562,4127017,768.516240234375,844.3044866943358,735.1052554343987,742.7703597997798,761.8969234149969,719.3139652568783,740.6054443359376,47.699612156390465,33.5853389087947,19.83436793566834,-10.254413942256178,-11.819747174230061,1.5653332319738826,19.158966389061078,16.776103442620336,66.62644679989381,44.209145247859205,-32.67826844001983,104405737.0,64754557.2,-1.0
2025-10-03,741.9981858691352,757.7227165950355,740.5505184721579,746.19140625,4112610,766.603338623047,843.1101708984373,737.322485597519,743.081364022527,760.8151891546261,719.6519067926397,740.2335479736329,49.4232550233728,33.5853389087947,19.83436793566834,-8.728891149123342,-11.201575969208719,2.4726848200853766,17.90130863365783,16.80439591978157,88.18139783306901,63.49935591505702,-23.88826996359452,108518347.0,67249094.35,-1.0
2025-10-06,740.8001383012247,754.3781218523781,732.9128887344855,738.1044921875,5118797,764.3699548339844,841.8120236206054,737.4788869155152,742.6289211284336,758.5846771449828,720.1102874546266,739.3474822998047,46.291906697974866,40.33730753957895,19.83436793566834,-8.079316394257262,-10.577124054218428,2.4978076599611665,17.130452537088857,17.137312862503787,90.88631177782204,81.89805213692829,-40.641126362135374,103399550.0,69344007.2,-1.0
2025-10-07,741.7486137895582,751.1833447131598,739.2526564519102,747.788818359375,4348518,762.3951525878905,840.6806060791014,739.5408732042872,743.0980026948828,758.3175335600217,720.2027118013064,739.260122680664,50.348864447391506,40.33730753957895,19.83436793566834,-6.705779482639855,-9.802855139902714,3.0970756572628595,16.41465759027481,16.847422838443507,93.28342142346983,90.78371034478695,-20.5790700053874,107748068.0,71772878.3,-1.0
2025-10-08,745.8419424451241,752.8805297895354,737.9547539998421,739.7518310546875,4238626,760.7428283691406,839.5611691284178,739.5830647743674,742.7938052730468,757.872536351197,720.128550074584,739.0005432128905,47.16476253369163,40.33730753957895,19.83436793566834,-6.1943546276709185,-9.081155037456355,2.8868004097854367,15.585447047795002,16.710162334961357,86.8376113731738,90.33578152482188,-37.228498100175635,103509442.0,74057191.15,-1.0
2025-10-09,742.7969021532704,752.0818512428947,741.7985192202688,747.9385986328125,3506978,759.6865405273437,838.4866595458984,741.2541715460563,743.2615137602982,757.5314420046412,720.2599886594211,738.8957153320312,50.59240013842982,40.33730753957895,19.83436793566834,-5.0699992264895855,-8.278923875263,3.208924648773415,14.815465829778036,16.397295038764632,93.55418994970395,91.22507424878252,-20.268785094129548,107016420.0,76449331.9,-1.0
2025-10-10,748.3878350220322,765.5101269908688,746.5408509389268,762.1156005859375,5386722,758.7909912109374,837.6575024414061,745.4264573540327,744.9755216535381,760.6873719710746,718.5766783218938,739.6320251464842,55.92479386569522,40.33730753957895,19.83436793566834,-3.000387297947327,-7.223216559799867,4.22282926185254,14.647846504570989,16.581007968277298,93.55418994970395,91.3153304241939,-6.055246277003922,112403142.0,79159574.45,-1.0
2025-10-13,756.7742516948721,766.708173914306,755.8257757356675,758.6712036132812,2906803,757.9523498535154,836.7300048828123,748.0754066058824,746.2205836498783,763.308818250586,717.8920972767573,740.6004577636717,54.388930939246954,43.19988416901593,19.83436793566834,-1.6194707329715357,-6.102467394434202,4.482996661462666,14.589669770532819,16.173964411874525,97.67736199848918,94.92858063263236,-14.036583945613568,109496339.0,81817135.1,-1.0
2025-10-14,756.7742704615393,761.8160921341826,742.098029018595,749.1865844726562,1833516,756.9839184570311,835.8070001220701,748.2976421792372,746.4902200883126,764.1306012448737,718.118617505126,741.1246093749999,50.29304916117942,43.19988416901593,19.83436793566834,-1.2757083330776595,-5.1371155821628935,3.861407249085234,13.871273216968437,16.4271143192826,89.16064866407412,93.46406687075574,-30.60148934816066,107662823.0,84457973.5,-1.0
2025-10-15,751.1333894015652,751.7823626948099,732.0143924367402,738.9031982421875,2333738,756.1133276367185,834.8493011474608,746.4187533918273,745.800490829574,764.0447625928084,717.9898016161758,741.0172821044921,46.22819678028349,43.19988416901593,19.83436793566834,-1.8121679374936548,-4.472126053229045,2.6599581157353906,13.975982424708334,16.665746886338823,74.49678479440027,87.11159848565451,-48.561442995212985,105329085.0,86837492.15,-1.0
2025-10-16,741.6987256587075,743.6455236823274,733.811475896932,738.30419921875,3056360,754.8244165039061,833.7815307617186,744.7958425572119,745.1190097740445,764.055110583153,718.0243816043471,741.0397460937501,45.995000248423544,43.19988416901593,19.83436793566834,-2.25960295778043,-4.029621434139322,1.7700184763588922,14.073212403323954,16.177768379128576,61.80290302355783,75.15344549401073,-49.60759593107104,102272725.0,89178223.05,-1.0
2025-10-17,738.8033712211842,759.7694128369205,733.3122650837295,749.7855834960938,4770012,753.4636206054686,832.720748901367,745.7937907449883,745.5432437487761,764.915735276865,718.7162410414944,741.8159881591797,51.088103261871694,43.19988416901593,19.83436793566834,-1.668513097330674,-3.557399766777593,1.888886669446919,13.401652515031234,16.91200976299018,60.71240925025737,65.67069902273849,-30.595652952833387,107042737.0,91871470.15,-1.0
2025-10-20,741.7985094327133,769.4038215405594,725.1255024842827,758.5214233398438,9184006,752.5930310058594,831.7203689575193,748.3393172639594,746.723078257055,766.8613905800353,718.3030991660585,742.5822448730469,54.596681626204536,41.53803680447879,19.83436793566834,-0.48951799864687473,-2.94382341315145,2.4543054145045753,13.46184871629993,18.866746141082075,71.48005844474639,64.66512357285386,-22.661151610625286,116226743.0,94614403.65,-1.0
2025-10-21,760.7179121538553,761.6663881576291,754.7775213264936,757.2235717773438,350896,751.6166137695312,830.6673245239257,750.1161681666363,747.6776685770812,768.478052318097,719.0975397229187,743.7877960205078,53.97719486211306,41.53803680447879,19.83436793566834,0.33624234432363664,-2.287810261656433,2.6240526059800695,13.517745188906575,18.011183333228747,79.95868132937868,70.71704967479414,-27.323571416373582,115875847.0,97434004.85,-1.0
2025-10-23,757.7726376878763,764.7613181408607,750.5842684632295,758.3716430664062,5363491,751.1603515625001,829.5104483032226,751.7672631465903,748.6498480761109,769.1466947559155,718.8631929393972,744.0049438476564,54.46934565786029,41.53803680447879,19.83436793566834,1.0709577888630974,-1.616056651552527,2.6870144404156244,13.175959798690307,17.73731664354321,84.68009300859921,78.70627759424143,-24.91553136904663,121239338.0,100296685.95,-1.0
2025-10-24,758.7211413979236,758.7211413979236,749.6358199149124,753.8290405273438,2001556,750.5972644042969,828.2981619262694,752.179618622741,749.1206837534955,770.1374112675284,719.300168078175,744.7187896728517,52.09553448109781,41.53803680447879,19.83436793566834,1.2720120481200183,-1.038442911618018,2.3104549597380366,12.768378091935972,17.119316989219495,75.72186333112776,80.12021255636856,-35.17473414792573,119237782.0,103208988.35,-1.0
2025-10-27,754.477978134897,770.7516073991683,751.9321138987843,768.8047485351562,3590863,750.3376843261718,827.2997790527343,755.5046446052241,750.9101441881919,773.6334200252048,718.7294217716702,746.1814208984375,58.51440535907436,42.32163838452532,19.83436793566834,2.6096807014587284,-0.3088181890026688,2.918498890461397,13.29495841488032,17.240758168588386,82.25976021884873,80.88723885285856,-4.2669845862228435,122828645.0,106300833.9,-1.0
2025-10-28,772.6485524256459,800.6531806464594,771.2008850300925,798.4567260742188,8948361,750.8628332519531,826.3820156860351,764.0950608990231,755.2325607232852,782.1108096041861,718.9379635891734,750.5243865966797,67.73345391272032,42.32163838452532,19.83436793566834,5.993371664296433,0.9516197816571516,5.041751882639281,15.313925869101652,18.28416345021087,87.14555564734368,81.70905973244005,-2.9081452332273883,131777006.0,110129071.75,1.0
2025-10-29,802.6998539071834,808.7400582822535,792.5163361106219,806.144287109375,4077629,751.615614013672,825.5154193115234,772.5049061410934,759.8608994856571,792.2210238817194,717.2191555616404,754.7200897216799,69.61848209918648,42.32163838452532,19.83436793566834,9.189363792807967,2.5991685838873146,6.590195208920653,17.491146683341952,18.136989073169495,99.99999999999999,89.80177195539747,-3.1044489181409562,135854635.0,112106156.55,1.0
2025-10-30,805.6950509286725,808.6901998168831,795.9608170419878,799.6548461914062,4103276,751.8612170410157,824.6171243286133,777.9348941511561,763.4785310043616,799.206858158712,716.7627524369913,757.9848052978516,66.1075700357966,42.32163838452532,19.83436793566834,11.070947936586663,4.2935244544271844,6.777423482159478,19.512851725136514,17.750731480435633,95.04601384112999,94.06385649615788,-10.86558674401008,131751359.0,113679788.5,1.0
2025-10-31,799.6547886260618,805.1958014830744,790.7192495655239,793.5147094726562,3511425,752.0469152832032,823.9042788696288,781.0508572154562,766.2090926832975,803.9553970031824,717.1708542175207,760.5631256103516,62.87655072916323,42.32163838452532,24.8042560686424,11.92914742281971,5.82064904810569,6.108498374714021,20.8522167546056,17.516861511658124,85.53297731725348,93.52633038612781,-18.20896931675947,128239934.0,114871498.35,1.0
2025-11-03,793.5147484245457,802.4003809640076,789.8706872558809,795.6113891601562,2640561,752.420311279297,823.1814498901366,783.9629636043962,768.8820287266483,808.556684816906,717.5115646948127,763.0341247558594,63.531999926673635,49.47909300018936,24.8042560686424,12.632837736987312,7.183086785882014,5.449750951105298,22.007765819678532,17.160635239977314,76.94479627072376,85.84126247636908,-15.70141585613236,130880495.0,115989605.75,1.0
2025-11-04,795.7610786697397,797.9575332381683,783.830390821271,788.9221801757812,3505823,752.8745751953127,822.3233398437499,784.9548069186733,770.7038606765694,810.9112371847959,720.2387811257511,765.5750091552735,59.89843006638668,49.47909300018936,24.8042560686424,12.506585981675585,8.247786625040728,4.2587993566348565,22.453972672243083,16.943957181185883,68.18354195515893,76.88710518104538,-23.70146910109302,127374672.0,117188361.85,1.0
2025-11-06,789.7208756456455,796.2103645099902,776.092924655939,784.9286499023438,2640541,753.395731201172,821.4435147094727,784.9495755154073,771.997023333458,812.7432539867614,722.1207474780824,767.4320007324219,57.77400997600705,49.47909300018936,24.8042560686424,11.946573376850438,8.98754397540267,2.9590294014477685,22.12469193387775,17.17063451496198,60.98372726034164,68.70402182874145,-28.477587607405074,124734131.0,118037665.0,1.0
2025-11-07,780.8852570974815,800.653227532338,777.8401403181341,795.9608154296875,2079256,753.9228784179688,820.5544549560547,787.1518234982634,774.1755498876606,815.296802899219,725.1880970031249,770.2424499511719,61.80422953794606,49.47909300018936,24.8042560686424,12.25173256468895,9.640381693259926,2.611350871429025,22.099405971033185,17.573666850622114,55.515256380783406,61.56084186542799,-15.28351461131139,126813387.0,119202862.25,1.0
2025-11-10,789.7208999316614,806.4937210172546,789.7208999316614,798.057373046875,1894738,754.78048828125,819.6978421020507,789.3329334079858,776.3466247203164,818.1532655342013,727.3435118095487,772.748388671875,62.536031156303025,49.89183666425332,24.8042560686424,12.51844327602248,10.215994009812437,2.3024492662100435,22.430054835784446,17.516463581691482,55.757780777906454,57.4189214730105,-12.776107142385529,128708125.0,120287447.5,1.0
2025-11-11,798.4068268096041,826.8607397978946,791.5179603431194,824.7640991210938,7150449,756.3679174804687,818.9760110473633,796.4191665506074,780.7482133022053,826.5374487151661,725.2241784820998,775.8808135986329,70.33334770338368,49.89183666425332,24.8042560686424,14.715195420155624,11.115834291881075,3.5993611282745483,23.743247401992626,18.789771858340316,72.47063199660025,61.24788971843003,-2.7149794133523364,135858574.0,121460219.1,1.0
2025-11-12,828.7077083219754,871.5882657726519,825.6626526849749,863.002197265625,11714519,758.8618774414062,818.4965374755859,809.735772693611,788.2258482079707,844.2407535519912,717.9539730105089,781.0973632812501,77.54085280464015,49.89183666425332,24.8042560686424,19.318935608198103,12.756454555144481,6.562481053053622,26.283981074853006,20.79222862928445,86.52728392268823,71.58523223239831,-7.040505376204376,147573093.0,123364056.8,1.0
2025-11-13,860.6061045051642,890.9070027195964,857.6608626098791,862.0537719726562,9325204,761.0703015136718,817.9599066162109,820.1993725494201,794.9374776411239,857.5813279376639,715.9001173748361,786.74072265625,77.0408996766843,49.89183666425332,24.8042560686424,22.630037890465132,14.731171222208612,7.89886666825652,29.012116809810426,21.681793735029654,99.3450620639406,86.11432599440968,-20.42400309398664,138247889.0,124893310.1,1.0
2025-11-14,862.6028265915119,870.5898898006926,844.4821525611007,846.8782958984375,4460991,763.0081616210936,817.3473983764648,825.5351572192237,799.6593702099706,864.0788187000652,720.2001363780595,792.1394775390623,69.33736677917874,49.89183666425332,24.8042560686424,23.75573488756902,16.536083955280695,7.219650932288324,30.543298033759406,21.997932556784097,85.51131347026312,90.46121981896398,-31.681052019352617,133786898.0,126316200.75,1.0
2025-11-17,850.6222724545667,860.3565062062474,837.144102644547,852.6689453125,4019335,764.7243823242186,816.864430847168,830.961914837879,804.4784224920187,869.9601877575893,725.7552419299105,797.8577148437499,70.54757282345125,57.64818986001817,24.8042560686424,24.82890274582269,18.194647713389095,6.634255032433593,31.44221285500047,22.08468048570669,73.71836632502513,86.19158061974295,-31.94327754098506,137806233.0,128092876.15,1.0
2025-11-18,852.6689077319503,857.1117238459914,843.683461587962,846.5787963867188,1958051,766.5833715820311,816.4725653076172,834.085291147647,808.3057292097187,874.2052094686928,731.1895415078695,802.6973754882812,67.52884128914566,57.64818986001817,24.8042560686424,24.900929469795756,19.53590406467043,5.365025405125326,32.276919474724316,21.466364898015453,57.4897928133321,72.23982420287345,-38.60868552051638,135848182.0,129533148.4,1.0
2025-11-19,848.6255167379253,848.9250194388937,834.9476579867396,838.2423095703125,2317710,768.2317016601561,816.0005798339844,834.9166948321802,811.0272365152273,876.6949461114575,736.6718934881515,806.6834197998045,63.52196288702093,57.64818986001817,24.8042560686424,24.0085704964456,20.430437351025464,3.5781331454201357,32.40841957741356,20.93143608045393,47.683128284970245,59.630429141109154,-45.86954321061965,133530472.0,130398334.85,1.0
2025-11-20,842.6352044942597,842.6352044942597,826.1618859229857,828.058837890625,5136903,769.8021582031249,815.4070413208007,833.5451234438692,812.5755639129907,876.7832951330325,743.6670710779048,810.2251831054687,58.922614083118454,57.64818986001817,24.8042560686424,22.223470192490254,20.789043919318424,1.4344262731718302,31.919044373031472,20.61299911551251,28.079662620921365,44.4175279064079,-54.73907545913137,128393569.0,131024220.95,1.0
2025-11-21,830.8542600590276,855.4144549798606,829.2069039024356,845.1810302734375,7304707,771.8069104003905,814.8554345703125,835.8723048097829,815.5396972184858,878.1411259979851,750.9901789336553,814.5656524658202,63.68385710425684,57.64818986001817,24.8042560686424,21.937501310328003,21.01873539752034,0.9187659128076611,31.947954147572894,21.094614685064155,21.595767311618857,32.452852739170154,-39.82610252795538,135698276.0,131747167.85,1.0
2025-11-24,845.7301785705075,856.1133856987557,831.2037187322404,834.6980590820312,5082933,773.5001684570311,814.0809390258789,835.6374556642326,817.2813664788081,875.8953317813726,761.3228750057368,818.6091033935547,59.16245200921052,57.32962651825571,24.8042560686424,20.627203187264513,20.940428955469176,-0.3132257682046635,32.000541460514114,21.36711841945352,14.24421246190612,21.306547464815445,-48.95649086377782,130615343.0,132316045.9,1.0
2025-11-25,834.698059170136,843.5337849031299,827.7093784698167,838.5418701171875,3021941,775.3232177734375,813.2348095703123,836.2183385548236,819.2141395368426,874.9349601083535,769.2569588369591,822.0959594726563,60.27612574831689,57.32962651825571,24.8042560686424,19.672177296645714,20.686778623704488,-1.0146013270587737,31.78520895108069,20.971210420443498,16.52667384927855,17.455551207601175,-45.60863396331559,133637284.0,132856477.85,1.0
2025-11-26,843.5337322175819,857.3114039789632,839.6400145531574,849.3243408203125,2939823,777.5236535644531,812.4261193847655,838.8395390079214,821.9514305626126,877.5842085115625,771.6944719083596,824.639340209961,63.29962434648383,57.32962651825571,24.8042560686424,19.55989339516657,20.461401577996906,-0.9015081828303373,32.12205873909444,20.813947809110083,14.39716747871628,15.056017929966982,-36.77705475865945,136577107.0,133096482.9,1.0
2025-11-27,851.6206602274798,862.353276988846,845.1810779833681,856.0634765625,3016014,779.8708520507813,811.4791534423827,842.2843265188372,825.0525256535115,881.1056984114875,773.1649009537471,827.1352996826173,65.08817531946178,57.32962651825571,24.8042560686424,19.786611783467947,20.326443619091116,-0.5398318356231684,32.61643800215485,20.553822894564927,23.094370853529103,18.006070727174645,-34.43509058760886,139593121.0,133283407.2,1.0
2025-11-28,858.2598788385588,861.6044371574615,850.1230338813191,857.16162109375,2901007,782.1930895996094,810.4675421142576,845.2597854338198,827.9715343298968,883.944070897667,776.0772059578021,830.0106384277345,65.38421165613374,57.32962651825571,24.8042560686424,19.82635297014599,20.22642548930209,-0.400072519156101,33.075504460710945,19.90579292182046,30.443569031170988,22.645035787805455,-33.952818961693865,142494128.0,133820545.65,1.0
2025-12-01,858.6092861044751,861.0054294170234,841.287367323345,845.7800903320312,3019328,784.3515930175782,809.3773074340819,845.3638464134622,829.5904939664545,884.1215030950998,781.1263118463069,832.6239074707033,59.730965870670666,59.04982663094211,29.843906447716996,18.72361950327354,19.92586429209638,-1.202244788822842,32.754440116147535,19.892383576953165,24.054388813517022,25.864109566072372,-69.16600803536068,139474800.0,134382288.95,1.0
2025-12-02,845.7801181453434,859.1085058014983,844.0329480289546,848.9249877929688,2674933,786.6448779296877,808.235157470703,846.0760746893635,831.3481752234103,884.1733225183177,786.40585228637,835.2895874023438,60.74104230235192,59.04982663094211,29.843906447716996,17.89715496624558,19.52012242692622,-1.6229674606806412,32.45630893905294,19.54832459092392,16.3612952139082,23.619751019532067,-64.84197882986187,142149733.0,134945750.85,1.0
2025-12-03,852.6190119209174,854.9152804448884,839.9894436343911,845.530517578125,2063761,788.6915625000001,807.1314453124999,845.9669632671158,832.6374790738389,881.9988036359227,794.2412049089992,838.120004272461,59.02022762883053,59.04982663094211,29.843906447716996,16.774899884868773,18.971077918514734,-2.1961780336459604,31.826757618472328,19.21814689232201,5.072611589837038,15.162765205754086,-56.404452226902535,140085972.0,135581315.85,1.0
2025-12-04,844.6319819126594,871.5883217609357,841.5370191194781,861.6044921875,4259999,791.2614013671877,806.177240600586,849.0944690511927,835.2708439023535,879.1549555732349,804.7526372002026,841.9537963867188,64.19333708412428,59.04982663094211,29.843906447716996,16.98672764026594,18.574207862864974,-1.5874802225990337,32.03678862074616,19.991943731545984,18.738609474235876,13.390838759327037,-21.978016521153243,144345971.0,136561907.85,1.0
2025-12-05,862.2534112085531,872.9860273244162,854.7155716059217,868.6929321289062,3377823,793.5546862792971,805.3308609008789,853.0141616667355,838.3092155593129,877.7373631350767,813.4434413082827,845.5904022216797,66.21855789110556,59.04982663094211,29.843906447716996,17.524568211583755,18.36427993260873,-0.839711721024976,32.292307173801625,19.86898030204231,43.65152458336284,22.487581882478587,-9.168550809516429,147723794.0,137607428.2,1.0
2025-12-08,868.692970292711,872.1873105769721,833.150562061668,840.0394287109375,2015558,795.564432373047,804.3032754516602,850.419215075576,838.4665076640059,871.049743379391,824.3292666303748,847.6895050048829,53.135601751140015,60.69236156281815,29.843906447716996,15.460493535124897,17.783522653111966,-2.323029117987069,30.81083299921968,21.238106602989582,43.37162811837322,35.25392072532398,-70.36241910134022,145708236.0,138457433.75,1.0
2025-12-09,840.0893451485904,847.327621533366,830.8043959043771,842.984619140625,3015385,797.6330822753908,803.4044812011718,848.9322958885858,838.8772450709713,869.4863904827042,827.7146715290147,848.6005310058595,54.13858561328235,60.69236156281815,29.843906447716996,13.90209701622041,17.007237525733657,-3.105140509513248,29.27290780072011,20.901329390560964,30.81383681678428,39.27899650617345,-64.07252175023254,148723621.0,139100686.1,1.0
2025-12-10,846.4290410603115,850.2228840302986,826.8108529273112,832.5015869140625,2623610,800.0511657714845,802.334214477539,845.6461540936812,838.2976397839797,867.9878211938169,826.1631797827458,847.0755004882814,50.03395606723615,60.69236156281815,29.843906447716996,11.686449343549839,15.943079889296895,-4.256630545747056,27.56392214342039,21.08066522716285,2.5554465708720624,25.580303835343187,-87.67577153513018,146100011.0,139027032.0,1.0
2025-12-11,833.1006556806868,841.4371288472021,826.1618820669715,834.1988525390625,2810755,802.2905383300782,801.3929891967773,843.3566937827575,837.9250227617144,866.0992551500489,825.2662538831545,845.6827545166017,50.685863706895994,60.69236156281815,29.843906447716996,9.952758546231962,14.74501562068391,-4.792257074451948,25.9299115472767,20.6659924809534,3.89809651010504,12.42245996592046,-82.83584157724025,148910766.0,139560175.85,1.0
2025-12-12,838.6915658630487,849.8235598766549,837.6432759767104,844.78173828125,3492109,804.4989624023439,800.446272277832,843.6417026824561,838.5483605362176,865.9901100431168,825.1657432283675,845.5779266357422,54.65822379151371,60.69236156281815,29.843906447716996,9.325250846328572,13.661062665812842,-4.33581181948427,24.958086126595816,20.305900684999045,10.8666567176133,5.773399932863468,-60.23449843685499,152402875.0,140490974.7,1.0
2025-12-15,844.5820567485125,852.1198357267002,834.0491289628497,849.8734741210938,2458486,806.6574658203125,799.4658599853516,844.8880569701837,839.5779163166608,865.6834919746005,825.1928141777431,845.4381530761718,56.47484325257436,55.70300278917889,29.843906447716996,9.133521452188688,12.755554423088013,-3.6220329708993244,23.769568987103856,20.146243976345577,24.132119893521335,12.965624373746557,-49.36033124843375,154861361.0,141343731.1,1.0
2025-12-16,852.6190109726052,855.414470952437,840.4886341585408,843.6834716796875,2811166,808.6073071289063,798.4739666748047,844.6471399120845,839.9511486223904,865.5457888720617,825.0409848095788,845.2933868408203,53.66017535244676,55.70300278917889,29.843906447716996,8.385431031799385,11.881529744830289,-3.4960987130309036,22.88863890201073,19.773357749027767,30.257925310132784,21.752233973755803,-62.58001183709775,152050195.0,142153831.75,1.0
2025-12-17,836.8445892480855,844.7317778816057,826.461382337792,832.5015869140625,3107473,810.4952490234375,797.4990454101562,842.2180293124802,839.2739157398152,865.8340835003419,824.1786179156738,845.0063507080079,48.9172823945283,55.70300278917889,29.843906447716996,6.8117576324495985,10.867575322354151,-4.055817689904552,21.510522425534248,19.666003305798196,20.733918531752458,25.041321245135524,-86.4606074232973,148942722.0,142924444.25,1.0
2025-12-18,829.4565202117826,841.1376125977612,824.6642943688436,833.5499267578125,1537403,812.2104711914063,796.5039074707032,840.4844088015467,838.7535531050876,865.2969382470263,825.2648720557078,845.280905151367,49.36911597952771,55.70300278917889,29.843906447716996,5.584824014996798,9.81102506088268,-4.226201045885881,20.356654548816277,19.437954371735298,8.33897611617565,19.776939986020295,-81.61151960932685,150480125.0,144028772.05,1.0
2025-12-19,833.5499052053744,846.5288828683284,829.6561875319057,843.3340454101562,7000947,814.2821154785156,795.4955410766602,841.0543361232686,839.1699614964574,865.223563319797,825.1535484966091,845.188555908203,53.50278551089006,55.70300278917889,29.843906447716996,5.340406013304914,8.916901251367127,-3.576495238062213,18.939461010425287,19.254721583498682,9.70513552089982,12.926010056275976,-61.363655855476495,157481072.0,145117911.85,1.0
2025-12-22,843.6335473269753,861.404750692844,839.5402018269534,855.01513671875,2387606,816.4236462402342,794.8281222534181,843.8464962423649,840.6104319712113,866.0593002866236,826.3495192934544,846.204409790039,57.9199436478936,55.40602256464355,29.843906447716996,6.019876047840853,8.337496210661872,-2.3176201628210187,18.633193268929816,19.441137817955248,27.050024832955273,15.03137882334358,-37.19007888684123,159868678.0,146580578.6,1.0
2025-12-23,855.0151849927689,858.3098365491015,844.8316666888195,848.5256958007812,1628642,818.1518481445312,794.158706665039,844.7823361540482,841.3300014102631,866.2469091481278,827.1602930003098,846.7036010742188,54.80503701141822,55.40602256464355,29.843906447716996,5.965945590869069,7.863186086703312,-1.897240495834243,18.348801794684018,19.015211535264307,37.523088958518166,24.75941643745775,-50.61973159390616,158240036.0,147810716.2,1.0
2025-12-24,848.6255088452217,857.4611735921441,842.8348999133344,846.6786499023438,1947886,819.9119970703123,793.4620852661131,845.1615989037073,841.8162421822703,866.075710589056,827.0669224675847,846.5713165283204,53.91626213887553,55.40602256464355,29.843906447716996,5.7083617071454,7.43222121079173,-1.72385950364633,17.90749652450104,18.701715974088973,38.319709662518235,34.29760781799722,-54.442123270412644,156292150.0,148796468.35,1.0
2025-12-26,839.6899504181257,857.5111222662579,835.7463256604859,848.4757080078125,4257972,821.8977795410153,792.8530715942383,845.8244207245284,842.4216481664105,865.207979407305,827.1758767938672,846.1919281005861,54.68622652362505,55.40602256464355,29.843906447716996,5.584853479511594,7.062747664535704,-1.4778941850241099,16.88547136700925,18.920507447780615,42.334964004060225,39.39258754169887,-49.89498660041672,160550122.0,149844318.4,1.0
2025-12-29,848.4258279584596,853.1681470225833,835.2471606877081,838.2423095703125,1907670,823.8845617675778,792.1936395263672,844.3079984936853,842.0417082940379,863.8420217428296,826.6499033059987,845.2459625244142,49.60370206539735,56.2972117179275,29.843906447716996,4.608103243707205,6.5718187803700046,-1.9637155366627992,15.893813544078103,18.849113082573087,33.532922674198716,38.06253211359239,-63.04342253746263,158642452.0,150651734.6,1.0
2025-12-30,838.2422692823449,842.7349923903203,831.9025621601179,840.1392211914062,4409838,825.921262207031,791.7181594848632,843.4742430332296,841.8687549210714,863.6964760454845,826.2313620892816,844.963919067383,50.5216719478172,56.2972117179275,29.843906447716996,3.9416496755294474,6.045784959401893,-2.104135283872446,14.837754696434983,18.27649287883232,29.842114186853628,35.23666695503752,-57.880417471968634,163052290.0,151830609.1,1.0
2025-12-31,840.1392462829258,868.1937825982415,835.1972385292639,862.8025512695312,2887744,828.1816015624997,791.536953125,847.33990468049,843.771827316386,865.9696484717098,825.3459460107123,845.657797241211,59.91593761275355,56.2972117179275,30.28983097094424,5.182481334322802,5.873124234386076,-0.6906429000632741,15.47916456610189,19.327925106699837,41.81530386658951,35.06344690921395,-12.385239404375092,165940034.0,153020124.15,1.0
2026-01-01,864.050520485625,890.1581975894748,862.1036615813864,888.760498046875,4244931,830.7863830566403,792.7063092041014,855.624023353767,847.8617064737031,875.8196674389205,819.8189250903765,847.8192962646485,67.52212080343486,56.2972117179275,30.28983097094424,8.166302675053544,6.331759922519569,1.8345427525339746,17.08889046468327,19.951254456799017,72.60709364389024,48.08817056577779,-2.134091073929867,170184965.0,154525073.8,1.0
2026-01-02,894.5510797193052,908.2788446145512,888.8103780358388,900.9906616210938,6250730,833.6617248535152,793.7932986450195,864.6973510072323,852.6916114871023,886.1600732626491,813.4171362100074,849.7886047363282,70.3745005474742,56.2972117179275,30.28983097094424,11.386616743654372,7.34273128674653,4.043885456907842,19.21259170625285,19.92033246471882,99.99999999999999,71.47413250349325,-8.716405185509657,176435695.0,156129560.0,1.0
2026-01-05,903.53657270325,908.5284874695664,891.0567857874594,898.4947509765625,2521435,836.4641870117184,794.9294586181641,871.4568310010984,856.8555332588714,892.9647538054517,809.5926375519705,851.2786956787111,69.04185821711032,64.17261627741345,30.28983097094424,13.580788834377131,8.590342796272651,4.99044603810448,21.19258903280601,19.74543026596083,97.92976840261882,90.17895401550301,-11.964267611748337,173914260.0,157439083.3,1.0
2026-01-06,896.5478836072087,922.5058401481748,885.0664797525508,912.7716064453124,8308942,839.6430383300778,796.1117935180664,879.7197860899413,861.938812639457,904.4282243442657,805.4023847865941,854.9153045654299,72.27588880822876,64.17261627741345,30.28983097094424,16.283997161261254,10.129073669270372,6.154923491990882,23.457754824636424,21.00928241807963,97.92976840261883,98.61984560174588,-9.94897783485218,182223202.0,159264831.6,1.0
2026-01-07,913.0211711136644,923.2046889820488,891.4061567395072,896.3980712890625,2952528,842.194904785156,797.2122607421875,883.0554431297655,865.0714725166938,910.0627242151912,805.1092301305124,857.5859771728518,64.01636808881798,64.17261627741345,30.28983097094424,16.910171853207316,11.48529330605776,5.4248785471495555,25.58138515182762,21.77994311982691,85.91073109114153,93.92342263212637,-27.20368413198334,179270674.0,160792184.25,1.0
2026-01-08,895.5495000326438,901.29020195593,874.6832721455938,882.0214233398438,3567518,843.8661987304686,798.1644683837891,882.8486391717813,866.6123771369802,912.2273867391626,807.8965512491189,860.0619689941408,57.773424877331585,64.17261627741345,30.28983097094424,16.061200942364508,12.400474833319112,3.6607261090453953,26.08310615823978,22.124727883434712,66.65900244505004,83.49983397960347,-44.023437044743865,175703156.0,162272341.5,1.0
2026-01-09,876.6301436490041,890.5575980934755,876.6301436490041,880.8233642578125,2515780,845.3597802734372,799.1536166381836,882.4435841889876,867.9042850570557,913.8545522366223,810.9318369235341,862.3931945800782,57.27218297310899,64.17261627741345,30.28983097094424,15.117447499207515,12.943869366496793,2.1735781327107215,26.54898994990821,21.539208352080184,44.60010122347039,65.72327825322064,-46.41877051439751,173187376.0,163486172.0,1.0
2026-01-12,878.7766707584051,906.4817971789328,877.6784129690496,903.98583984375,4015935,847.4464001464842,800.2445996093751,886.7520353199402,871.1844264013007,919.3003858991478,811.4064134172586,865.3533996582032,63.809572881561294,59.721739467722486,30.28983097094424,16.053479777102893,13.565791448618015,2.4876883284848788,27.603621413536114,22.058078056208966,44.171705294828236,51.81026965444955,-21.049727763496495,177203311.0,164726193.8,1.0
2026-01-13,907.5300943107296,912.2225063255908,896.0486904773156,909.0775756835938,3958844,849.7576574707028,801.4481503295899,891.217143392671,874.6292581542364,925.1063701830442,811.520839289612,868.3136047363281,65.0746022751878,59.721739467722486,30.28983097094424,17.010071118494466,14.254647382593307,2.755423735901159,28.783163522539738,21.63777361278512,54.90611669894615,47.89264107241492,-15.47292904359997,181162155.0,166041233.5,1.0
2026-01-14,911.523594659873,947.3655654181244,903.5365313988884,942.97265625,11559313,852.7048828124997,802.9829144287111,901.5682459641368,880.8422943447604,937.8334663537322,808.7226615759549,873.2780639648436,72.07284618194839,59.721739467722486,30.28983097094424,20.269571375668534,15.457632181208353,4.81193919446018,30.83444528104729,23.222863641817327,76.6664985223112,58.58144017202852,-3.8046032444767786,192721468.0,168074797.15,1.0
2026-01-15,942.97265625,942.97265625,942.97265625,942.97265625,0,855.7858923339841,804.4265762329103,909.8491280213095,886.4905090634186,947.4419035135328,810.1613313497481,878.8016174316405,72.07284618194838,59.721739467722486,30.28983097094424,22.592318627008012,16.884569470368284,5.7077491566397285,32.739206913947164,21.564087667401804,88.81541236421606,73.46267586182447,-3.8046032444767786,192721468.0,170263734.45,1.0
2026-01-16,943.471891385382,958.6473244711476,936.5331176688536,952.3075561523438,10345071,859.1334704589841,805.8258099365236,918.3408136475165,892.4738769805936,957.3303652835792,812.1486325191546,884.7394989013669,73.7527117064306,59.721739467722486,30.28983097094424,24.899336908706005,18.48752295803583,6.411813950670176,34.8425394936738,21.603381891322673,99.4029612035708,88.29495736336602,-5.0019962980767385,203066539.0,172893055.15,1.0
2026-01-19,946.4171150666178,960.3445691919512,939.9276259915448,948.2640991210938,5455304,862.1795361328124,807.3231347656252,924.325470742232,897.5457153570027,965.1003122085053,814.8716909653222,889.9860015869137,71.73974983653113,68.15328920145802,30.28983097094424,26.10052176043564,20.01012271851579,6.090399041919849,36.829912337648324,21.51863627054294,95.63008640792171,94.61615332523618,-9.65299859524632,197611235.0,174899563.3,1.0
2026-01-20,944.4702589579028,946.467024833078,897.5961678508716,903.6863403320312,6701234,864.2921154785155,808.4335864257813,920.1976446601919,898.1039539910961,965.8993147608751,818.9398087742807,892.4195617675779,54.18218895572968,68.15328920145802,30.28983097094424,23.188118629638325,20.6457219007403,2.5423967288980265,35.721564073493,23.600728770520032,62.59527247280299,85.87610669476516,-57.67274574102872,190910001.0,176451629.45,1.0
2026-01-21,906.5317065904242,917.6637007100333,890.008481174113,905.68310546875,3567143,865.9104956054686,809.4554315185547,917.2947368219036,898.7929677617918,965.9619852017563,824.5928793001963,895.2774322509763,54.71679628539205,68.15328920145802,30.28983097094424,20.801355348556626,20.676848590303564,0.12450675825306234,34.28704984132661,23.89033525376291,30.17250471551902,62.79928786541457,-63.81115580542755,194477144.0,178263484.85,1.0
2026-01-22,909.526823241392,914.7184265163398,891.4561170993233,900.9906616210938,2338485,866.670264892578,810.4191204833984,914.0339217817416,898.9927581126375,964.8877076875433,831.0983579862846,897.9930328369139,53.1473762811221,68.15328920145802,30.28983097094424,18.320005629394018,20.205479998121657,-1.885474368727639,32.95500091145782,23.845476265423887,0.9105655760493577,31.226114254790453,-69.28906007427938,192138659.0,180055810.3,1.0
2026-01-23,898.5945216424753,913.1209807259168,886.8136155483476,891.0068359375,5907525,867.2493261718748,811.4696688842772,909.4285046128932,898.266765187625,962.9680450327969,837.2711334339999,900.1195892333984,49.8698996354703,68.15328920145802,30.28983097094424,15.370722682305768,19.23852853495848,-3.8678058526527117,31.452736902486286,24.021325473434263,0.9105655760493577,10.664545289205911,-80.94406184035209,186231134.0,181339860.9,1.0
2026-01-27,873.5850382930374,895.5494621129767,849.773630481004,893.3031005859375,8419598,868.1778222656249,812.5621490478514,906.2034238075021,897.8155229511078,958.7451191931297,847.0001383752295,902.8726287841796,50.62409263881587,57.11232955245316,30.28983097094424,13.068043790504703,18.004431586067724,-4.9363877955630215,30.083852533434733,25.575218770472723,1.0526300966356352,0.9579204162447834,-60.632087768805576,194650732.0,183140274.9,1.0
2026-01-28,897.296640551806,901.5397679202011,876.2307855209444,900.2418823242188,2982683,869.1292810058592,813.6706036376952,905.0111155108455,898.036101075936,953.3819246087515,858.3735990728893,905.8777618408204,52.92864507831761,57.11232955245316,30.28983097094424,11.66854811604469,16.73725489206312,-5.068706776018431,28.521531946366743,25.556201886814435,5.321732961294405,2.428309544659799,-54.35667596605287,197633415.0,184869331.15,1.0
2026-01-29,898.444840048281,903.0373772384256,889.2597047315325,896.947265625,4382116,870.1366503906248,814.7680764770507,903.3983455336764,897.9371160349418,950.8347081200083,864.3352869971794,907.5849975585938,51.69489965716218,57.11232955245316,30.28983097094424,10.176283812572251,15.425060676164946,-5.2487768635926955,26.9959785199426,24.7148783596772,7.868892561916347,4.747751873282128,-57.336316672397494,193251299.0,186234894.4,1.0
2026-01-30,890.6574081288139,901.2902109544248,886.7637511734122,894.6509399414062,2867342,871.2648229980467,815.7994061279295,901.6488644152225,897.6383727537113,950.667235922095,865.0918033845458,907.8795196533204,50.805979253018094,57.11232955245316,30.28983097094424,8.707979146344996,14.081644370200959,-5.373665223855962,25.692645028212887,23.987134175486872,8.12275241401669,7.104459312409147,-59.41310620712032,190383957.0,187244844.0,1.0
2026-02-02,887.5624385792879,913.0212036903924,882.9199335079735,908.778076171875,3762702,872.8792077636718,816.6697463989256,903.074706766553,898.6510730644535,950.9342097106115,865.6035710511077,908.2688903808596,55.83723889266941,57.552561303004076,32.88368473315925,8.58531280633133,12.982378057427033,-4.397065251095702,23.864348252315988,24.423858175982023,12.182288069072477,9.391311015001838,-46.63656980870945,194146659.0,188130392.2,1.0
2026-02-03,949.7616776395164,958.0482438455416,914.8681817357872,920.908447265625,9608114,874.3937561035154,817.3394119262693,906.6414548663676,900.6744707191054,952.151267120022,866.6278832706033,909.3895751953127,59.65299292288425,57.552561303004076,32.88368473315925,9.359033307459413,12.25770910743351,-2.8986757999740966,23.92237906033824,26.198594568673776,23.289429670986976,14.531490051358714,-35.665901353536945,203754773.0,189622417.85,1.0
2026-02-04,920.5090609019304,930.4928901958776,914.3190745523916,919.8101806640624,2883259,876.095998535156,817.9713882446287,909.2752000259065,902.4140807141015,952.735615409695,866.7473924028053,909.7415039062502,59.154646449073475,57.552561303004076,32.88368473315925,9.770957922093658,11.76035887036554,-1.9894009482718822,23.947412466613923,25.482538931160367,34.94169682061454,23.47113818689133,-36.65917012231685,200871514.0,190554833.45,1.0
2026-02-05,916.6153548557088,920.6588545207702,900.8409165563012,912.92138671875,2552518,877.5835888671874,818.4016912841794,910.0044373644753,903.3692903508877,953.1148773340553,868.0204620214133,910.5676696777343,55.99479330874479,57.552561303004076,32.88368473315925,9.432807514308138,11.29484859915406,-1.862041084845922,23.27042304843584,25.0779245763967,35.161596129522344,31.13090754037462,-42.88937312649046,198318996.0,191507249.55,1.0
2026-02-06,907.6299000771844,915.5670565823636,893.5527250955143,902.1387939453124,2711855,878.6398779296873,818.981252441406,908.4313086806428,903.2574270412899,952.1864231559836,870.960653260032,911.5735382080078,51.369414136366835,57.552561303004076,32.88368473315925,8.200228625833802,10.675924604490008,-2.4756959786562067,22.28268166677701,24.859096498571887,23.792807458485857,31.29870013620758,-52.64111521997607,195607141.0,192502448.8,1.0
2026-02-09,908.5284574846308,935.4348893743517,898.8940379290293,926.3995361328124,6863941,880.0465991210937,819.648671569824,912.0249541710768,905.3612551405192,952.2548087771063,875.4498848264093,913.8523468017578,59.47972718645225,58.495313027359494,32.88368473315925,9.076412877731855,10.356022259138378,-1.279609381406523,22.10426050756908,25.69350756619692,43.57702598367447,34.177143190560884,-29.23003530492855,202471082.0,193966634.1,1.0
2026-02-10,926.3995392121932,931.4912677481304,918.5122897409216,926.0999755859376,2768617,881.4253662109373,820.1870495605467,914.839958454049,907.2465933628299,953.4377484631905,876.4783587145437,914.9580535888671,59.348113742965836,58.495313027359494,32.88368473315925,9.635550548525316,10.211927917015766,-0.5763773684904496,21.938583716876003,24.78532688341206,67.32302537022021,44.897619604126845,-29.50670269497151,199702465.0,195091591.8,1.0
2026-02-11,926.3995463010508,926.7988629116844,913.52038211307,923.5042114257812,2473671,882.9798486328123,820.699469604492,916.5728090483955,908.7245586412799,954.2357371938358,877.1230335581172,915.6793853759765,58.14743412089948,58.495313027359494,32.88368473315925,9.756745023709755,10.120891338354564,-0.3641463146448096,21.509159698896045,23.963409305926515,93.24104806780203,68.04703314056556,-31.904092147120355,197228794.0,195894923.75,1.0
2026-02-12,927.198244390371,935.4848105677672,913.520385986667,921.2079467773438,3082642,884.4255078124999,821.1594747924803,917.4998365941851,909.8594121081948,951.076966868108,878.1053329365795,914.5911499023438,57.0479184750425,58.495313027359494,32.88368473315925,9.557332175916713,10.008179505866995,-0.45084732995028176,21.452223410662032,23.820624682724638,84.95529549457348,81.83978964419856,-34.02487057992478,194146152.0,195966157.95,1.0
2026-02-13,920.5090515984843,928.4462079942444,901.8891857788778,924.552490234375,2860622,886.0059472656249,821.6042541503905,918.9103673222231,911.1951464833021,948.0060174573608,879.3342657457644,913.6701416015626,58.28517809429046,58.495313027359494,32.88368473315925,9.558982759820196,9.918340156657635,-0.3593573968374386,20.745298862850092,24.016081649341924,80.94432628304025,86.38022328180524,-30.935925394065855,197006774.0,196180423.25,1.0
2026-02-16,928.496114485943,932.1901434728022,910.6750037599088,930.39306640625,2098887,887.3817187499998,822.0709982299804,921.2069071390285,912.9404119308427,942.8809838129312,882.2678504155845,912.5744171142578,60.4288523953285,61.26833201986844,32.88368473315925,9.917256584169536,9.918123442160017,-0.0008668579904806961,20.25073347971078,23.8374429395956,86.07412438729182,83.99124872163517,-33.80107131851283,199105661.0,195982379.35,1.0
2026-02-17,930.3930833230468,950.6602447559438,926.6990542690212,942.2738037109376,6284594,888.8533361816404,822.5070419311523,925.4202864534104,915.6070839108513,941.1824643103662,883.3673403771338,912.27490234375,64.43281726473431,61.26833201986844,32.88368473315925,11.032689404370899,10.141036634602195,0.8916527697687044,20.529023662783903,23.846282050118962,94.95023467030154,87.32289511354453,-20.996665656030256,205390255.0,196371330.35,1.0
2026-02-18,942.4734632599576,948.463760695932,931.2915625255142,943.1224365234376,3474257,890.9149963378903,822.9957504272462,928.960716467416,918.1084796029046,945.9338973027945,882.5595170038464,914.2467071533205,64.70751492636784,61.26833201986844,32.88368473315925,11.848572557327884,10.482543819147333,1.3660287381805514,20.787435975637518,23.36956177299745,99.99999999999999,93.67478635253111,-19.867087726369782,208864512.0,197269055.9,1.0
2026-02-19,942.9726947718206,942.9726947718206,921.7071501580116,925.8504028320312,2641817,892.5723120117185,823.4727279663086,928.338653740339,918.8122908055525,947.0780861312618,883.4320579117071,915.2550720214845,55.33947245404953,61.26833201986844,32.88368473315925,10.974944732468884,10.581024001811645,0.3939207306572392,20.43098277484291,23.229970672456634,76.58826490164894,90.51283319065016,-42.85713450607146,206222695.0,197856333.45,1.0
2026-02-20,932.489646630135,946.3671935830464,921.1580248706152,924.552490234375,6462199,894.4133300781248,823.9332321166992,927.5814210391462,919.3341271172635,947.7735885705911,885.0927383337064,916.4331634521487,54.69862130920532,61.26833201986844,32.88368473315925,10.061870705401816,10.477193342529679,-0.4153226371278631,20.2504187173645,23.371341961026243,51.57497459206766,76.0544131645722,-51.935009222873255,199760496.0,198237425.3,1.0
2026-02-23,924.5524955530082,933.138625270292,910.4753206844206,918.2626953125,4217172,896.0946069335936,824.3972305297851,925.7176758938169,919.2367242259213,946.7614917809734,888.830421060824,917.7959564208987,51.58124188182606,61.268332019868446,32.88368473315925,8.73008410119246,10.127771494262237,-1.397687393069777,19.42466769109681,23.3207678628009,18.77102133763838,48.978086943784994,-56.730794186273336,195543324.0,198703034.8,1.0
2026-02-24,918.2626746733204,932.889008571104,910.5252071781116,929.8938598632812,3079572,897.7968493652342,824.9623153686523,926.5529126877097,920.2055547384085,946.6333908180968,892.6175979514348,919.6254943847658,56.51649290226187,61.268332019868446,32.88368473315925,8.515015596518765,9.805220314713544,-1.2902047181947793,18.6578988809911,23.252413114957434,21.71252069786389,30.686172209189976,-36.36366106625337,198622896.0,198901643.0,1.0
2026-02-25,932.4896700266228,940.326951765218,930.5927180577664,935.834228515625,1173030,899.5160644531247,825.7053619384765,928.4091758532928,921.62634326361,947.7167405885602,895.0934828001118,921.405111694336,58.82486347763333,61.268332019868446,32.88368473315925,8.723352978553748,9.588846847481586,-0.8654938689278371,18.33301637152735,22.336747314027388,32.024438997159976,24.169327010887415,-25.9615832178962,199795926.0,199009768.55,1.0
2026-02-26,936.483199259732,967.2832886347888,934.7859360716496,963.0401611328124,8974624,901.9031982421873,826.6762893676756,935.3353729091968,925.3912357971739,954.4642295952142,894.9552833442392,924.7097564697267,67.36865814510344,61.268332019868446,32.88368473315925,10.95744266922793,9.862566011830854,1.0948766573970765,19.185248866694533,23.06250483182109,64.82839225158926,39.521783982204376,-6.204377819889051,208770550.0,199785731.1,1.0
2026-02-27,961.4427742540664,966.4346889698196,949.6618677121808,955.202880859375,3745120,904.3572241210936,827.5518713378905,939.3088744992326,928.1013853482831,956.9310171887971,898.5436898424532,927.7373535156252,63.29423303471842,61.268332019868446,32.88368473315925,11.957730551285522,10.281598919721787,1.6761316315637345,19.976607612206916,22.613241719379502,76.69594290931437,57.8495913860212,-18.473237261212606,205025430.0,200517804.75,1.0
2026-03-02,937.4815509340808,954.404153417786,931.6909422529828,940.9758911132812,1568186,906.505743408203,828.3605615234372,939.6422778220424,929.2717949632829,957.6770768169526,901.0174117084382,929.3472442626954,56.60197949575864,64.97918576697809,37.635017457176666,11.470244888807201,10.51932811353887,0.9509167752683307,19.530127767335298,22.677434354166124,68.66469785759844,70.06301100616736,-40.229005938766626,203457244.0,200983334.0,1.0
2026-03-04,928.496099126017,941.4251698979126,915.217618712904,926.050048828125,2527046,908.1600634765623,829.096119995117,936.923832023259,928.9789089509958,957.7041037341025,901.5045449475383,929.6043243408204,50.561906356811164,64.97918576697809,37.635017457176666,9.76693115455896,10.36884872174289,-0.6019175671839285,18.210820431369967,22.929585556369158,35.33136452426512,60.23066843039264,-63.053452843472655,200930198.0,200842105.25,1.0
2026-03-05,928.546046838106,946.0177483949518,925.4510840797626,935.6845092773438,1949212,909.7734509277342,829.8606320190427,936.6759674740761,929.5885089806637,958.2284758053333,902.5676057376354,930.3980407714844,53.97594689234851,64.97918576697809,37.635017457176666,9.08968298088837,10.113015573571985,-1.0233325926836159,17.21441583448472,22.76080546771345,17.371884943190224,40.45598244168459,-48.32053346930941,202879410.0,200942500.05,1.0
2026-03-06,933.4880138081696,941.3752631122544,910.5751140092232,916.36572265625,1153433,911.1302514648436,830.5375354003904,932.613918510511,928.3864374966262,957.9848584980169,903.155656638702,930.5702575683595,46.97143444433843,64.97918576697809,37.635017457176666,6.914389519140059,9.473290362685601,-2.5589008435455423,16.435750955896484,23.335044298807578,6.771168671858007,19.824806046437782,-89.63102856103615,201725977.0,201112849.1,1.0
2026-03-09,897.5462278618559,898.5446107627033,869.1422221454546,879.7750244140625,3362985,911.7921789550779,831.0928857421873,922.0461396912214,923.9672181254839,962.908127665763,895.9960105178307,929.4520690917968,37.140390418189554,57.46614391990826,37.635017457176666,2.212387209058761,8.021109731960234,-5.808722522901473,17.27360756802224,25.04136259966385,6.771168671858007,10.304740762302078,-89.16579710312867,198362992.0,201250641.65,-1.0
2026-03-10,890.5575872158549,902.5880895195396,883.5689065986902,897.2467651367188,4547967,912.7676000976561,831.6604666137692,917.0862647803208,921.5380860355962,964.4190658007454,891.5697952832389,927.9944305419922,43.24832865113024,57.46614391990826,37.635017457176666,-0.10297302989908985,6.396293179588369,-6.499266209487459,17.832566148764702,24.882198492936226,6.735349274306854,6.759228872674289,-71.36311638276473,202910959.0,201272635.5,-1.0
2026-03-11,895.7491943656252,906.0325265568852,871.7380966204728,875.7316284179688,2754525,913.5173864746093,832.0785394287107,908.8153375078505,917.3738626158118,968.7694909023721,882.1825354648151,925.4760131835936,38.311533463628756,57.46614391990826,37.635017457176666,-3.63213542795836,4.390607458079023,-8.022742886037383,18.72669022092346,25.554500738898806,8.026792828642,7.1777702582689535,-93.28578085787336,200156434.0,201295333.95,-1.0
2026-03-12,868.5931394235803,869.0923308830191,826.6610568307178,830.005615234375,7514347,913.3147143554687,832.2345367431639,893.0533930531554,909.4312946720448,981.6315713490976,859.9705953989492,920.8010833740234,30.37550526159822,57.46614391990826,37.635017457176666,-10.00341601740297,1.5118027629826245,-11.515218780385593,20.668392544485776,27.23422008520967,8.026792828642,7.596311643863618,-97.62160053872766,192642087.0,201065998.6,-1.0
2026-03-13,825.6626691788209,831.8027484693043,803.4985563194982,813.0830688476562,5606889,912.3203247070312,832.2030877685545,877.0593282120557,900.6723650516459,992.983647574305,837.806031380773,915.394839477539,28.05900185027007,57.46614391990826,37.635017457176666,-16.23110774633699,-2.0367793388812983,-14.19432840745569,22.8964851431951,27.310646661252274,1.291443554335146,5.781676403873049,-94.14810379901128,187035198.0,200710450.9,-1.0
2026-03-16,813.2327995970915,828.6578279799128,804.8963265456117,823.7158203125,3107008,911.0194311523437,832.3024267578123,866.3906266321446,893.6763155299054,997.901955551683,822.8040564112076,910.3530059814453,31.589197312379984,43.17075897745429,37.635017457176666,-20.077186816011704,-5.644860834307379,-14.432325981704324,24.965428270568047,27.05713628789862,2.993493028474957,4.103909803817367,-87.65619743232054,190142206.0,200367222.5,-1.0
2026-03-17,823.6658964372004,823.6658964372004,806.6933870560703,819.5225830078125,3713235,909.3900695800781,832.2859530639646,857.0170179072783,886.935067118806,1000.6622600683085,808.9567035547385,904.8094818115235,30.94429876271928,43.17075897745429,37.635017457176666,-23.19620003945272,-9.155128675336448,-14.041071364116272,26.886589745985784,26.340371785650845,5.440132679225297,3.2416897540117997,-90.21641000244911,186428971.0,199733388.0,-1.0
2026-03-18,818.2746242103419,846.5289098493978,814.2810924944565,840.7882080078125,4695600,908.2359387207032,832.4117492675778,853.7712559273853,882.7398981087157,997.9530249347981,801.5173791179363,899.7352020263672,37.87148949022957,43.17075897745429,37.635017457176666,-23.679124074462607,-12.05992775516168,-11.619196319300926,27.37492685450908,26.762332183457303,13.760808873358624,7.398144860352958,-77.23252273812034,191124571.0,199020103.8,-1.0
2026-03-19,826.8607618108783,829.9058175858565,811.6354219995288,814.97998046875,5080824,906.2801062011721,832.4297201538083,846.0130008356583,876.5799055959915,996.2352827072943,790.4208757399713,893.3280792236328,33.48182400571977,43.17075897745429,37.635017457176666,-25.846411779373284,-14.817224560004002,-11.029187219369282,27.897813728973095,26.933078885230618,15.89742943967602,11.69945699741998,-92.95342048292495,186043747.0,197879065.55,-1.0
2026-03-20,820.6707714662052,835.646515471063,811.785138982073,817.2762451171875,7872290,904.6976696777346,832.518326721191,840.2656496919642,871.188663734282,994.9544501906615,780.8442924851196,887.8993713378906,34.21247675085077,43.17075897745429,37.635017457176666,-27.06670540209882,-17.267120728422967,-9.799584673675852,28.064547264356563,26.713671571213432,20.636999741052968,16.765079351362537,-90.86999484272567,193916037.0,197263732.65,-1.0
2026-03-23,804.9961229349116,807.6917689617538,770.651787615099,777.09130859375,7448050,902.5990673828128,832.3386178588864,827.6307814723215,862.6343587215064,996.8620222131779,764.1906022985406,880.5263122558592,28.344755952657994,43.782204854811035,37.635017457176666,-30.91995938300306,-19.997688459338985,-10.922270923664076,29.23412106800353,28.135870566275937,12.683848991403904,16.406092724044296,-96.32795272810388,186467987.0,196599107.2,-1.0
2026-03-24,788.5727571458157,800.8529163117729,770.4521429707223,795.9608154296875,6347812,900.9018164062503,832.3089160156246,821.2967882637947,856.5731275131592,995.1683811611023,753.654055362335,874.4112182617187,34.06340431455348,43.782204854811035,37.635017457176666,-32.081266550554005,-22.414404077581988,-9.666862472972017,30.32437340340945,28.297649335902697,15.276356580724533,16.199068437727135,-85.47057528874915,192815799.0,196462730.95,-1.0
2026-03-25,801.651570951601,832.9508508515821,801.651570951601,817.0765991210938,3095936,899.1636315917971,832.2867022705074,820.4527504352545,852.9825340229714,989.1543349041142,748.3863755451043,868.7703552246093,39.848653924836015,43.782204854811035,37.635017457176666,-30.941074133217512,-24.119738088709095,-6.821336044508417,29.732134992114528,28.918534056330692,28.869514937293147,18.943240169807193,-72.72197224590549,195911735.0,196327172.9,-1.0
2026-03-27,807.6917828141848,814.8801520302304,784.0300954072441,791.2683715820312,6211886,896.8074475097659,832.0665585327143,814.6158746646099,847.3721556192496,982.3311061427572,740.753018613102,861.5420623779296,35.72311609368099,43.782204854811035,37.635017457176666,-31.75393213832683,-25.64657689863264,-6.10735523969419,29.650992979900764,29.213389031867763,45.32106766063768,29.822313059551785,-84.64657787453449,189699849.0,195822369.05,-1.0
2026-03-30,779.7370345618208,782.7321832221095,749.2863565155525,751.2332153320312,7093604,892.9726586914064,831.6043072509763,801.9393427980942,838.6322519567751,971.4118292694104,730.4916009063706,850.9517150878905,30.455638888611936,40.84665745458264,37.635017457176666,-35.22260620628049,-27.561782760162213,-7.660823446118275,30.34902915608211,30.125433748625692,42.85792257611972,39.01616839135018,-98.75795445849465,182606245.0,194514153.8,-1.0
2026-04-01,764.7114216204141,792.3666411205819,764.7114216204141,784.3795776367188,4336917,889.800797119141,831.3514669799802,798.4273897658192,833.7001906549517,955.7614718600703,729.0596279934452,842.4105499267578,38.53636849741309,40.84665745458264,29.944908013656622,-34.89467685964496,-29.028361580058764,-5.866315279586196,30.5657758786567,30.91171889433462,51.70161292054574,46.62686771910104,-77.61143311386014,186943162.0,193610040.4,-1.0
2026-04-02,770.9513068858236,783.4810004075019,752.7807254632131,777.4407958984375,2481604,886.3034619140628,831.0958807373042,794.2300709923429,828.5857002225413,941.0526834295415,727.4149069024897,834.2337951660156,37.55267109653443,40.84665745458264,29.944908013656622,-34.79361307305942,-30.181411878658896,-4.612201194400523,31.02692897217106,30.960799842846836,61.724348195612464,52.094627897425966,-76.49997044677401,184461558.0,192660256.1,-1.0
2026-04-06,773.34737167487,787.0252296223956,755.1768516038699,784.9286499023438,2512596,883.0367529296879,830.9428787231441,792.3697867743431,824.6168774661596,926.8654652440566,727.4899851953967,827.1777252197267,39.351820911025435,39.3365306863534,29.944908013656622,-33.720601945673025,-30.889249892061724,-2.831352053611301,31.287063920285938,31.02419828396676,88.39349048478678,67.27315053364832,-63.34702024490553,186974154.0,191962453.9,-1.0
2026-04-07,776.7418922905239,786.5260324739874,769.0543318119255,783.5308837890625,1165539,880.6336437988283,830.7609231567379,790.602006177287,820.881787131878,906.8416761252184,732.298411765407,819.5700439453127,39.1252145916232,39.3365306863534,29.944908013656622,-32.6071460578039,-31.23282912521016,-1.374316932593743,31.528617800678326,30.05616273954498,90.00755008218471,80.04179625419465,-64.7844219434012,185808615.0,191108914.15,-1.0
2026-04-08,810.6869226913586,839.4902452621524,808.6901568719219,834.5982055664062,3572416,879.2119458007815,830.894706420898,799.4012460551108,822.1287342622898,890.4549971772491,740.5083390043918,815.4816680908204,50.36986373862268,39.3365306863534,29.944908013656622,-27.28944245905518,-30.444151791979166,3.1547093329239857,29.54660118674201,31.90639122051247,96.4990699726225,91.63337017986466,-12.269015851560383,189381031.0,190491666.85,-1.0
2026-04-09,830.5048002614561,833.5499168896142,810.686923849809,813.2327880859375,2531440,877.4567883300783,830.7152468872066,802.1675544612763,821.3200118826214,880.7491374415888,743.5599751072396,812.1545562744142,46.49984592029986,39.3365306863534,29.944908013656622,-24.516523456094887,-29.258626124802312,4.742102668707425,27.70615718808686,31.335311970232816,92.04680590951514,92.85114198810744,-34.240279200763815,186849591.0,189915996.8,-1.0
2026-04-10,817.1764238438617,834.0990266043401,816.4775436092999,829.556396484375,1509168,876.2277795410157,830.6823004150386,807.6453228658961,822.0687741191445,865.3066015475091,752.2334741360847,808.7700378417969,49.68085500412159,39.3365306863534,29.944908013656622,-20.762449795711063,-27.559390858984063,6.796941063273,25.976785881767846,30.5875210093878,93.10025843062445,93.88204477092069,-11.012661334017949,188358759.0,189188386.8,-1.0
2026-04-13,805.7948383421572,820.8704571454182,799.4052241527161,817.5758056640625,1555260,874.7132336425783,830.5757232666011,809.6314194255294,821.6603224414097,853.118327054236,758.6061663539674,805.8622467041017,47.45087556632695,47.25188267278606,29.944908013656622,-18.54033152556974,-25.7555789923012,7.215247466731459,24.95218934760672,30.55635324669288,88.6825907992681,91.27655171313589,-24.294340191531827,186803499.0,188520740.05,-1.0
2026-04-15,830.6545779129303,848.6254702235466,826.8108280988534,838.741455078125,3272348,873.4832250976563,830.5767211914058,815.4534265560486,823.2131526811111,854.6436910913626,757.9543863012157,806.2990386962891,51.58540551051394,47.25188267278606,29.944908013656622,-14.899641970057132,-23.584391587852387,8.684749617795255,23.364733983584433,30.59158976903511,94.53956980693945,92.10747301227732,-9.949771823488884,190075847.0,188392428.05,-1.0
2026-04-16,844.1327872010311,855.8637869048893,839.5402499894236,846.5289306640625,3785293,872.4748583984375,830.6563424682612,821.6685273776515,825.3327688613793,859.5122518230419,756.430411751177,807.9713317871094,53.049112826837025,47.25188267278606,29.944908013656622,-11.256230254808202,-21.11875932124355,9.86252906643535,22.132938113034967,29.629499916015764,95.58233236864362,92.93483099161705,-8.758755213674885,193861140.0,188733725.15,-1.0
2026-04-17,847.6271252406489,856.0634733623148,837.1940112173561,852.5192260742188,1850548,871.6322241210937,830.7766479492182,827.838667116965,827.8042649716375,864.3053896431396,754.5176145072509,809.4115020751952,54.19624961997076,47.25188267278606,29.944908013656622,-7.7955709551013115,-18.454121648015107,10.658550692913796,20.897974600221893,28.860925789511686,99.99999999999999,96.70730072519436,-3.3192948009473144,195711688.0,189012199.25,-1.0
2026-04-20,852.5191855088973,854.6157652312605,838.142447326686,850.5723266601562,2453075,870.4681091308593,830.8557699584956,832.3853990256033,829.8740887615029,868.7423952265594,753.1855832890656,810.9639892578125,53.736710548777225,50.32729358386283,29.944908013656622,-5.150697998844748,-15.793436918181035,10.642738919336287,19.751222766895467,27.97609665487332,99.35477780192271,98.31237005685543,-5.142624997113343,193258613.0,189353681.35,-1.0
2026-04-21,856.3130222965773,864.4498063390998,853.4675944804055,855.01513671875,975223,869.1502429199218,830.8492803955073,836.9113465642326,832.159638575798,871.3199573257272,752.0307140609917,811.6753356933594,54.68105815559365,50.32729358386283,29.944908013656622,-2.665394475749167,-13.167828429694662,10.502433953945495,19.061761269997398,26.969052585164054,99.35477780192272,99.56985186794847,-8.192416634622857,194233836.0,189509144.6,-1.0
2026-04-22,849.6238432185597,871.5882668975354,849.6238432185597,868.6929321289062,2253573,868.1278979492187,830.8392965698237,843.2676636771674,835.4808470806261,879.2395999682816,749.4823665844527,814.3609832763672,57.55368000259347,50.32729358386283,29.944908013656622,0.4032617015690221,-10.453610403441926,10.856872105010948,18.687312282481106,26.611579091864883,99.35477780192271,99.3547778019227,-2.4369957779403317,196487409.0,190031327.7,1.0
2026-04-23,860.306593768671,868.2936573089414,852.7688147398326,858.958740234375,1561128,867.0486450195311,830.745698242187,846.405878988609,837.6152010036941,884.3265145980635,748.5637014663897,816.4451080322266,54.88720042775987,50.32729358386283,29.944908013656622,2.026367197037189,-7.957614883346103,9.983982080383292,18.339609651215977,25.84818897023694,95.5560915495854,98.08854905114359,-10.63023989107803,194926281.0,190081839.9,1.0
2026-04-24,866.5963614424235,866.5963614424235,837.6432572006835,846.5787963867188,1453183,865.9374450683591,830.6972766113275,846.440462468231,838.4300733112418,886.4189443002774,753.4200205434724,819.9194824218749,51.61213172144874,50.32729358386283,29.944908013656622,2.28736467490387,-5.908618971696109,8.195983646599979,17.26622597767578,26.069968632487157,84.80904316792294,93.23997083981033,-21.483692512221797,193473098.0,190432095.45,1.0
2026-04-27,863.800902229899,902.0389553322884,863.800902229899,898.6943969726562,11254307,865.3833422851561,830.8857214355464,856.8912493691162,843.9086481895522,899.1955856909358,750.9167373071109,825.0561614990233,61.91460609247873,49.522880318972,29.944908013656622,6.623152891769905,-3.402264599002906,10.025417490772812,17.574382535457087,28.16926794056448,84.80904316792294,88.39139262847709,-2.514996298891692,204727405.0,191027675.75,1.0
2026-04-28,888.7105789422741,894.2515919505684,881.0230182854311,884.1179809570312,5748485,864.543702392578,831.031984558105,862.3365956866993,847.5640420775048,906.9595953492255,749.8568658324148,828.4082305908202,58.183217511992865,49.522880318972,29.944908013656622,8.781869414942435,-0.9654377962138383,9.747307211156272,17.860527910539727,27.4194187081831,81.18408658506807,83.6007243069713,-17.461096044439696,198978920.0,191181035.0,1.0
2026-04-29,889.559188304228,923.504207835478,889.559188304228,912.2723999023438,3485256,864.3190661621092,831.3280050659175,872.3237565298282,853.4466200615811,919.3493667709209,749.5674972427508,834.4584320068359,62.84140672788015,49.522880318972,29.944908013656622,12.619029804348202,1.75145572389857,10.867574080449632,18.984125066805028,28.27419072034479,91.93113496673054,85.97475490657385,-9.05068486446795,202464176.0,191819251.35,1.0
2026-04-30,904.5349283605632,918.5122892844572,893.802311936859,914.5686645507812,3438569,864.186280517578,831.6562234497065,880.7727381340188,859.0031695605993,925.1996054244398,760.050803511107,842.6252044677734,63.20145211198187,49.522880318972,40.44017236578447,15.664723246016251,4.534109228322107,11.130614017694144,20.027465283337094,28.019604050862892,91.93113496673053,88.34878550617637,-7.2003355865822405,205902745.0,192984076.35,1.0
2026-05-01,914.5686645507812,914.5686645507812,914.5686645507812,914.5686645507812,0,863.9866040039061,832.0321145629878,887.5319234173713,864.0545781960703,932.8935534294433,765.3757641975099,849.1346588134766,63.20145211198188,49.522880318972,40.44017236578447,17.872434936827062,7.201774370023099,10.670660566803964,20.996281198688298,26.018203761515544,99.99999999999999,94.62075664448702,-7.2003355865822405,205902745.0,193932055.5,1.0
2026-05-04,923.7538020079425,940.876093558355,909.6266592346428,912.4221801757812,1973688,863.6271862792967,832.3368713378901,892.5099747690533,868.4516329214986,937.0309959776622,774.7364600770253,855.8837280273438,62.544457255266565,57.83063607717728,40.44017236578447,19.22721958846728,9.606863413711935,9.620356174755344,22.59214449964453,26.39186308738673,98.11469174422822,96.68194223698623,-24.945291862469933,203929057.0,194905430.45,1.0
2026-05-05,909.6266725712928,916.6153531536892,901.5397951291036,909.2273559570312,2006111,862.9662573242185,832.5957022094722,895.853451006649,872.1585168338197,939.3086801573031,784.8886465028531,862.0986633300781,61.519393499154845,57.83063607717728,40.44017236578447,19.81468916887229,11.648428564744005,8.166260604128286,23.599579436242596,25.583555582900935,93.27673589020176,97.13047587814333,-30.524789709792444,201922946.0,195652870.05,1.0
2026-05-06,918.9116888940334,948.2142040171092,916.4656384863237,945.2190551757812,2901974,863.0081896972654,832.9908123779292,905.7265718404756,878.8003839558162,946.6105912445543,793.755552554274,870.1830718994141,67.90177957203278,57.83063607717728,40.44017236578447,22.92028163628231,13.902799179051668,9.017482457230644,25.272885609817884,26.540933616985008,93.27673589020178,94.88938784154392,-2.697841505941423,204824920.0,196603685.3,1.0
2026-05-07,946.7165867570956,950.111112998247,932.589444320174,945.418701171875,2007411,863.3995556640623,833.3200289916987,913.6649977067555,884.8565946118215,957.1916817423426,794.2565116170326,875.7240966796876,67.93355087100521,57.83063607717728,40.44017236578447,25.108164513442603,16.143872245929856,8.964292267512747,26.866169596932846,25.89670040706272,95.16204414597354,93.90517197545901,-4.172224848687522,206832331.0,197476250.3,1.0
2026-05-08,944.4702664580184,956.3510478842408,938.979160257681,949.2125854492188,1604266,863.8927575683592,833.6744549560542,920.7745152552482,890.707139233403,964.7249744670628,800.3211986286406,882.5230865478517,68.57020523391655,57.83063607717728,40.44017236578447,26.838830875069107,18.282863971757706,8.5559669033114,28.47917908772454,25.287785208455368,99.99999999999999,96.14626001205843,-6.013474258021711,208436597.0,198555600.6,1.0
2026-05-11,937.4815392639106,939.378491140731,916.6153123647108,920.8085327148438,1584134,863.943674316406,833.959992370605,920.7813187471673,893.4436295498977,967.0072625534905,807.1641241652595,887.085693359375,59.10823168993885,61.32366359147306,40.44017236578447,25.62306007559482,19.75090319252513,5.872156883069692,28.685417899000317,25.809891485316268,81.40124124944354,92.18776179847237,-29.94118158945751,206852463.0,199480285.8,1.0
2026-05-12,918.5123103234286,920.8085789119452,888.6606358633335,891.4061889648438,1374763,863.1739208984374,834.0738079833978,914.9062927907028,893.2584076785291,963.6937729516825,817.8606520971454,890.7772125244139,51.22798398797283,61.32366359147306,40.44017236578447,22.033046300216483,20.2073318140634,1.8257144861530819,27.56270534496233,26.26260945412309,48.067907916110215,76.4897163885179,-54.709853957708944,205477700.0,200413995.85,1.0
2026-05-13,889.559188304228,905.3336263696938,888.8603080677635,891.0567626953125,1428120,862.2783715820311,834.2420355224602,910.1363867716248,893.0582581346002,962.0805715928747,824.7053842176718,893.3929779052733,51.14072361696122,61.32366359147306,40.44017236578447,18.941394137889347,19.95414427882859,-1.012750140939243,26.520186544784195,25.563374371823603,14.734574582776888,48.067907916110215,-55.00421228711525,204049580.0,201112682.5,1.0
2026-05-14,893.5527206189915,913.0211877162768,884.7669630393032,906.431884765625,1862991,861.1462060546874,834.5650125122065,909.3954863704248,894.2740423737844,961.6080567326683,831.1681944880347,896.3881256103515,54.78988527731241,61.32366359147306,40.44017236578447,17.5298086586223,19.469277154787335,-1.9394684961650341,25.81795452497918,25.75557796504861,6.978906469219178,23.26046298936876,-53.93742253529765,205912571.0,201715254.05,1.0
2026-05-15,908.5284881446236,908.5284881446236,880.5238584720729,884.9666748046875,1437283,859.7414819335937,834.7409774780268,904.5097240572775,893.427918049321,960.17854631274,835.8424497810096,898.0104980468748,49.25856185974095,61.32366359147306,40.44017236578447,14.511771278738593,18.477775979577586,-3.966004700838994,24.95928826982026,25.91622451558447,6.978906469219178,9.564129173738413,-94.14086640022336,204475288.0,202153434.05,1.0
2026-05-18,884.3176614351277,894.4512723336353,868.7928193911841,890.7073364257812,1421988,858.7361108398437,834.9618695068353,901.7492465309783,893.180592447181,958.2012211598211,841.8332759104909,900.017248535156,50.692252069275135,52.61902254060928,40.44017236578447,12.439780283888581,17.270176840439785,-4.830396556551204,23.603316669463286,25.897812260360663,9.45356244360642,7.803791794014925,-74.97149335732057,205897276.0,202785367.2,1.0
2026-05-19,897.0470516116417,902.6379715765414,887.362725122032,893.8023071289062,1303728,858.0911560058594,835.319040832519,900.1598586505639,893.2371119637014,956.282607196466,847.6306069148618,901.9566070556639,51.48808200280026,52.61902254060928,40.44017236578447,10.921553887786558,16.00045224990914,-5.078898362122583,22.674057994547205,25.13905755994272,6.322973627216184,7.585147513347261,-71.43673625180142,207201004.0,203433725.6,1.0
2026-05-20,884.1180011090719,899.3433409574933,879.7251527310748,895.6992797851562,2947978,857.2914514160157,835.7937722778315,899.2677428774824,893.4609454020155,955.4503659050962,851.1634829718565,903.3069244384764,51.99945813607586,52.61902254060928,40.44017236578447,9.758923574099299,14.752146514747174,-4.993222940647875,21.439699818994363,24.744709750405278,11.053964534667312,8.943500201829972,-69.27020925725354,210148982.0,204116804.25,1.0
2026-05-21,904.0357641798818,912.4222053618768,890.8570970095147,898.4947509765625,2144884,856.934031982422,836.2517807006831,899.1131444972984,893.9185640906106,953.1721887701702,857.3952611810013,905.2837249755858,52.78924800973767,52.61902254060928,40.44017236578447,8.95981862480869,13.593680936759478,-4.633862311950788,20.83277672576553,24.517595364830758,14.67353555344232,10.683491238441938,-66.0775096794772,212293866.0,204985183.5,1.0
2026-05-22,901.5397605321602,913.0211639054934,901.2402578488428,908.67822265625,1165558,857.5120959472657,836.7921554565423,901.0261601290888,895.2603512329415,947.4988931519476,869.278499426177,908.3886962890623,55.651883944939165,52.61902254060928,40.44017236578447,9.043989768618076,12.683742703131198,-3.6397529345131225,20.293582874771968,23.803939476552195,21.86056751038585,15.862689199498494,-54.44699607161561,213459424.0,205984499.8,1.0
2026-05-25,918.6620872442892,931.9904751278272,918.6620872442892,924.6024169921876,1193834,858.0592089843751,837.4271267700188,905.7414115017086,897.9278117565093,949.1568851007005,870.2113094793774,909.684097290039,59.7607447349026,55.14942658665429,40.44017236578447,10.27717651186424,12.202429464877808,-1.9252529530135671,20.52340864495509,23.768818976196837,35.25712565313732,23.930409572321828,-36.26001969029195,214653258.0,206480792.45,1.0
2026-05-26,924.7023077651792,933.4880656071308,919.5107041969708,930.7924194335938,2323571,859.1604248046876,838.1689251708978,910.7516130880857,900.9155033635169,950.636029923186,873.3996085045483,912.0178192138671,61.26315496791152,55.14942658665429,40.44017236578447,11.620019009598082,12.085947373821863,-0.4659283642237817,20.79105783251905,23.069429150051352,49.88371955814826,35.66713757389047,-29.19043577117805,216976829.0,207380687.9,1.0
2026-05-27,928.9953422967222,938.2802916176082,926.4993849020508,930.7924194335938,1088920,861.176160888672,838.809138488769,914.7597743571873,903.6315866426148,952.4653284939003,873.4223118869589,912.9438201904296,61.26315496791152,55.14942658665429,40.44017236578447,12.539681718539327,12.176694242765358,0.36298747577396995,21.218527155257885,22.263106119016072,59.56919084654898,48.23667868594485,-29.19043577117805,216976829.0,208106320.55,1.0
2026-05-28,930.7924194335938,930.7924194335938,930.7924194335938,930.7924194335938,0,863.5303479003909,839.373973693847,917.9663033724686,906.1007532599765,954.0748673560153,873.4351485131257,913.7550079345705,61.26315496791151,55.14942658665429,40.44017236578447,13.117312824193846,12.364817959051056,0.7524948651427898,21.615462954943943,20.672884253372068,74.77497512967969,61.40929517812564,-12.16404334523078,216976829.0,208660024.75,1.0
2026-05-29,929.0951213828612,938.6796339809182,908.8778672440386,912.8713989257812,3160610,865.3134594726565,839.9280761718744,916.9473224831312,906.7162665023224,953.9899380037341,873.3503513029068,913.6701446533204,53.97589271488541,55.14942658665429,40.44017236578447,11.99079068328058,12.290012503896962,-0.299221820616383,20.632480733719724,21.32494728790832,67.15283741229045,67.16566779617304,-36.92861837621659,213816219.0,209055698.45,1.0
2026-06-01,916.2659424751712,924.402787804451,895.349807711083,899.6928100585938,1597794,866.9168640136721,840.3963180541988,913.4964199982238,906.0777704619833,953.8354146785373,872.2319376163848,913.033676147461,49.32904339502617,55.600998537488245,40.372487241951596,9.920257236655175,11.816061450448606,-1.895804213793431,19.293157642138496,21.876949631155437,46.62772364790659,62.85184539662557,-55.78566450795337,212218425.0,209470166.85,1.0
2026-06-02,891.8554498204139,914.3190655096264,889.0100828743634,911.0244140625,1756559,868.321588134766,841.0455163574214,913.0020188110791,906.5274653347575,953.8978797593509,872.3491783461179,913.1235290527344,53.07026968723578,55.600998537488245,40.372487241951596,9.088938676372436,11.270636895633373,-2.1816982192609373,18.354868566268546,22.122094845734548,23.878416481747863,45.886325847314964,-39.57144145253485,213974984.0,210072768.75,1.0
2026-06-03,905.6331525305192,906.4319076422972,882.6204376450929,898.4947509765625,2302274,869.9918835449221,841.6280731201167,910.1005652441758,905.7972185749217,949.0985648481504,872.4760628373966,910.7873138427735,48.78140933853366,55.600998537488245,40.372487241951596,7.334525784094694,10.483414673325639,-3.1488888892309443,17.786290848752007,22.570800672282587,10.779733300963917,27.095291143539455,-57.49994936850163,211672710.0,210415158.25,1.0
2026-06-04,902.2386323643432,905.6330976378154,894.0518804565121,901.7394409179688,1798199,871.6811474609377,842.2278515624994,908.4283403789344,905.4283296970168,943.4230636584665,873.7836380016898,908.6033508300782,49.910314371397305,55.600998537488245,40.372487241951596,6.135237094199056,9.613779157500323,-3.4785420633012674,17.25832582534379,21.78583042292692,13.598842273789714,16.085664018833832,-52.85717095535749,213470909.0,210747087.15,1.0
2026-06-05,897.5462442837721,924.3028943287444,894.6509094437577,903.3368530273438,1890312,874.2060583496095,842.8835394287105,907.4100429086163,905.2381954543192,935.4457447497188,877.17338366825,906.3095642089844,50.48889100785933,55.600998537488245,40.372487241951596,5.2531351026447055,8.7416503465292,-3.4885152438844944,16.329606597556687,22.347698598788337,7.57475967013621,10.651111748296614,-59.94926968112084,215361221.0,211093318.35,1.0
2026-06-08,879.5753325769942,902.2386365344304,879.5753325769942,893.6026000976562,1864831,876.1588940429689,843.5090261840816,904.6485543464244,904.180414058259,933.7739446488494,876.1245905074007,904.949267578125,46.93138002993901,54.263154242117444,40.372487241951596,3.7256431649827846,7.738448910219917,-4.012805745237133,15.629698887226155,22.448685873899848,7.57475967013621,9.582787204687378,-76.2669261162594,213496390.0,211425514.7,1.0
2026-06-09,894.600996354522,926.4993425889212,894.600996354522,921.3077392578124,1694676,878.2435168457032,844.1786914062494,907.980391328702,905.7374436218547,935.4128362184719,877.4758539670753,906.4443450927736,56.35695503617551,54.263154242117444,40.372487241951596,4.696529321585331,7.130064992493,-2.433535670907669,15.203807048588935,23.194975632283068,26.48226894896731,13.877262763079909,-29.39192970810156,215191066.0,211911183.0,1.0
2026-06-10,921.3576904738928,922.256259512684,880.4239891044531,882.5206298828125,1993081,880.0685620117188,844.6701455688471,902.8884390395241,903.6268241910326,936.1680283677367,875.8670485365606,906.0175384521486,44.45318118298124,54.263154242117444,40.372487241951596,2.309545028933826,6.1659609997811655,-3.8564159708473396,14.124240565598766,24.5262109734222,21.922325385446232,18.65978466818325,-95.01678010591846,213197985.0,212368603.25,1.0
2026-06-11,882.420722734306,896.1484879351287,880.324142969127,887.5125122070312,1768283,882.7941479492188,845.223000183105,899.8132536730255,902.1618867379415,936.3340052641715,873.8091343842661,905.0715698242188,46.033069798991946,54.263154242117444,40.372487241951596,0.811293873615341,5.095027574548001,-4.28373370093266,13.11705365662237,23.904649115749308,25.05516512337816,24.486586485930566,-86.57089341807185,214966268.0,212821288.1,1.0
2026-06-12,899.992324764746,918.212813648809,888.510920810405,915.8665771484376,2663666,885.4238879394532,845.9712881469721,903.0239183681081,903.4077676843502,936.7284599923931,876.5046698904197,906.6165649414064,54.03084938868912,54.263154242117444,40.372487241951596,1.8900675919979903,4.454035578037999,-2.5639679860400086,13.153646862517784,24.390052853322764,22.12487452284837,23.034121677224253,-38.5979637532202,217629934.0,213479020.4,1.0
2026-06-15,924.5026095929971,951.9581406554242,921.607274670012,931.6909790039062,3037001,888.5088916015625,846.8353887939448,908.7573304952678,905.9789687134007,939.7804391578464,877.551054982779,908.6657470703127,57.7905086931358,55.769320016198314,40.372487241951596,3.976066891543269,4.3584418407390535,-0.38237494919578463,14.317258119198888,25.225875042870182,48.57212478985184,31.917388145359453,-27.999965999602583,220666935.0,214217503.35,1.0
2026-06-16,931.4912437620223,934.536299413396,920.5090318848712,924.5025634765624,1602315,891.3003698730469,847.6098843383785,911.9063770915268,907.6629318736881,941.2570650279698,879.1444547474213,910.2007598876955,55.56724275800401,55.769320016198314,40.372487241951596,4.991650666594978,4.485083605910239,0.5065670606847394,15.338796033792324,24.425974506131226,67.47791068615746,46.05830333295255,-37.931074944084116,219064620.0,214810684.15,1.0
2026-06-17,924.5025782822156,936.8825507893032,918.7119695688192,934.6860961914062,1193109,894.3234741210936,848.5074304199214,916.4623209115027,910.1195831752988,944.2505584802959,880.0496429357202,912.150100708008,58.03054766097755,55.769320016198314,40.372487241951596,6.542812636647568,4.896629412057704,1.6461832245898638,16.361086329908083,23.979160700013566,81.81920923457436,65.95641490352789,-23.862081235233322,220257729.0,215316121.5,1.0
2026-06-18,935.4848244658164,939.9775477423332,930.7425054517154,937.2319946289062,1007080,896.3761499023435,849.4666271972652,920.6162556549835,912.5843478528994,947.3710391299094,880.8028866513409,914.0869628906252,58.647769301298744,55.769320016198314,40.372487241951596,7.886640122310951,5.494631554108354,2.3920085682025967,17.411489836060667,22.926009385056727,88.7052923009042,79.334137407212,-20.344811727339398,221264809.0,215764668.65,1.0
2026-06-19,936.982368412695,949.0128703856304,929.6941852996,945.9179077148438,6521623,899.0298522949217,850.5046957397458,925.6765860669557,915.6146714767125,952.0097323557001,879.8881619314092,915.9489471435546,60.767649225496804,55.769320016198314,40.372487241951596,9.542513525372215,6.304207948361126,3.2383055770110882,18.679879212441705,22.668343363697705,99.99999999999999,90.17483384515951,-8.344844723398449,227786432.0,216481019.05,1.0
2026-06-22,945.4686577626442,945.4686577626442,912.4222063484808,919.5606079101562,3031578,900.8299365234374,851.3443359374996,924.4533904355958,915.9733929706618,951.5729494597063,879.8207639191999,915.696856689453,52.04821543876285,59.2365627161219,40.372487241951596,8.628527021694367,6.769071763027775,1.8594552586665927,18.803936924562493,23.441726078173794,82.18466013518169,90.29665081202862,-44.758601669838264,224754854.0,216986098.85,1.0
2026-06-23,921.5074481494406,922.5058310835136,901.340100693873,903.98583984375,1163601,902.558137207031,852.1143386840815,920.3598803172267,914.8836154136699,949.8590522153555,878.8540032045661,914.3565277099608,47.69331057155248,59.2365627161219,40.372487241951596,6.5716782967440395,6.7295930697710284,-0.15791477302698897,18.315977324873842,23.279154957564284,55.471482155422564,79.21871409686807,-66.27582168364361,223591253.0,217316820.05,1.0
2026-06-24,902.5880699217088,932.3898367539816,898.6944130814207,926.0999755859376,1793188,904.3053076171872,852.9105490112299,921.507899370969,915.9032845202396,949.2268849200212,879.0169261151347,914.1219055175779,53.62634928000115,59.2365627161219,40.372487241951596,6.649386810228066,6.713551817862436,-0.0641650076343705,18.25965043160129,24.02317415149261,40.880547845080365,59.5122300452282,-35.72418058369351,225384441.0,217737200.65,1.0
2026-06-25,933.0,936.9000244140624,915.5,918.9500122070312,1469160,905.7537292480464,853.7371524047846,920.9963219381815,916.1802597644934,947.8413619935767,879.2182083189231,913.5297851562499,51.58886416860241,59.2365627161219,40.372487241951596,6.064125611817417,6.583666576653433,-0.5195409648360156,18.384530179348438,23.83580631310474,39.94201224799895,45.43134741616729,-45.60216621138436,223915281.0,218084123.25,1.0
2026-06-26,918.9500122070312,918.9500122070312,918.9500122070312,918.9500122070312,0,907.0823449707026,854.5527734374995,920.5870599919515,916.4320554410878,948.2283248254745,879.4391068151502,913.8337158203124,51.58886416860243,59.2365627161219,40.372487241951596,5.536480791275494,6.374229419577845,-0.837748628302351,18.500489945113646,22.133248719311545,47.901314765858395,42.90795828631257,-46.07885852321638,223915281.0,218589076.35,1.0
2026-06-29,918.9500122070312,921.6500244140624,908.0999755859376,915.4000244140624,3346498,908.3788989257807,855.3820935058588,919.5496528763738,916.3382344386308,948.3653453802433,880.8728076959283,914.6190765380858,50.48436468865341,55.06495064913111,40.372487241951596,4.776800144502658,6.054743564562808,-1.2779434200601498,17.944525709197862,21.520163012798204,41.48168652921241,43.10833784768992,-51.034588913296155,220568783.0,219006594.25,1.0
2026-06-30,916.4500122070312,933.0999755859376,916.4500122070312,924.2000122070312,2515841,909.7625964355464,856.2783764648433,920.4797247425053,917.0529415084854,949.2423690377534,881.3133438528714,915.2778564453124,53.16139561992783,55.06495064913111,41.08132173867398,4.829165613911755,5.8096279744325985,-0.9804623605208436,17.944007821470464,21.247290738446566,43.02829875588038,44.13710001698372,-38.749936266230215,223084624.0,219462076.25,1.0
2026-07-01,927.0499877929688,949.5499877929688,927.0499877929688,941.5999755859376,2290915,911.220737304687,857.2362005615229,924.7037749111918,919.284490060981,952.3701191942947,882.4961161572677,917.4331176757812,57.99691542351755,55.06495064913111,41.08132173867398,6.203190731408313,5.888340525827742,0.3148502055805711,18.595382153634244,21.540339656124488,54.718123343478624,46.409369542857135,-16.325640579348043,225375539.0,220147217.7,1.0
2026-07-02,941.5999755859376,944.9000244140624,931.5999755859376,943.5,1177319,912.9115624999995,858.2167535400384,928.4630199289535,921.4859000554372,955.4855008076678,883.5567904520977,919.5211456298828,58.50073513410713,55.06495064913111,41.08132173867398,7.360583403714941,6.182789101405182,1.177794302309759,19.200229747786324,20.951747454124508,69.94913519605933,55.898519098472775,-15.879738502478414,226552858.0,220801315.15,1.0
2026-07-03,948.0,978.4000244140624,942.0999755859376,974.3499755859376,3819865,915.4669860839839,859.3919906616205,937.6404110603503,926.2917251036645,965.7109031467352,880.4327003688896,923.0718017578124,65.69562029865739,55.06495064913111,41.08132173867398,10.644457955497614,7.075122872223668,3.5693350832739466,20.84559075907541,22.048054695124527,87.15639843129108,70.60788565694301,-5.081259349761947,230372723.0,221551890.25,1.0
2026-07-06,968.0,1012.2999877929688,960.0,1009.7999877929688,4977371,917.6890979003902,860.7474728393548,952.072326406874,933.8833853481466,984.3494320123642,873.4139102727919,928.881671142578,71.7554953948479,61.122047936206535,41.08132173867398,15.92391098032715,8.844880493844364,7.079030486482786,23.13591843449026,24.20890705925626,94.22044930559252,83.7753276443143,-2.2005962351298924,235350094.0,222644575.45,1.0
2026-07-07,1009.7000122070312,1038.0,1004.2999877929688,1022.25,5804915,920.4517382812495,862.153474121093,966.1078611254993,941.9167139528606,1003.1576308365053,864.6999375228694,933.9287841796873,73.5243754583998,61.122047936206535,41.08132173867398,20.871928871220803,11.250290169319651,9.621638701901151,25.703602202484134,24.886843141240185,99.99999999999999,93.79228257896119,-11.30607920930371,241155009.0,223942772.6,1.0
2026-07-08,1015.9000244140624,1031.300048828125,989.7999877929688,994.6500244140624,3903183,922.099290771484,863.4374496459955,971.8162937832119,946.7106512675153,1009.393197547238,869.677310265262,939.53525390625,63.961151947132066,61.122047936206535,41.08132173867398,22.309016871518793,13.462035509759481,8.846981361759312,27.249534826968386,26.073501562234192,87.65927311016233,93.95990747191829,-31.11861953625351,237251826.0,225145464.65,1.0
2026-07-09,995.9000244140624,1022.3499755859376,995.9000244140624,1015.1500244140624,1952468,924.1109179687496,864.8418960571282,980.483039909382,952.932412462656,1019.0101337397381,872.824125293465,945.9171295166016,67.35731606079263,61.122047936206535,41.08132173867398,24.81603434330202,15.732835276467991,9.08319906683403,28.685043692560907,26.18967653435141,79.7010782975444,89.12011713590223,-16.402770406683597,239204294.0,226357365.95,1.0
2026-07-10,1019.7000122070312,1031.6500244140625,1013.7000122070312,1015.7999877929688,1084109,926.1355444335935,866.2049145507806,987.5464294860994,958.6476465835935,1028.8591700815666,872.9684300160898,950.9138000488282,67.46201159998908,61.122047936206535,41.08132173867398,26.549266941525616,17.896121609479515,8.653145332046101,30.21367857930078,25.601129082399968,71.87798636674088,79.74611259148253,-15.93619660064791,240288403.0,227490289.4,1.0
2026-07-13,1010.0,1018.2000122070312,1000.5499877929688,1012.9000244140624,862018,928.145101318359,867.6038519287102,992.6171484716922,963.579680931818,1037.0545250689963,872.8939795696757,954.974252319336,66.43813397303427,64.93097681828942,41.08132173867398,27.373320850745017,19.791561457732616,7.581759393012401,30.8461930072164,25.03319303466158,73.96663256647979,75.1818990769217,-18.01792457944127,239426385.0,228428261.9,1.0
2026-07-14,1008.9000244140624,1009.0,994.0999755859376,997.3499755859376,767488,929.9075537109373,868.8204583740228,993.5637138945414,966.6497077185561,1041.4651262731184,875.7681195764909,958.6166229248047,61.084556201839135,64.93097681828942,41.08132173867398,26.466540720958392,21.12655731037777,5.339983410580622,31.062740594557166,24.587968448480378,63.92741209881312,69.92401034401126,-31.293315453497172,238658897.0,229407975.75,1.0
2026-07-15,998.4000244140624,1022.8499755859376,992.0,1009.7000122070312,1491258,931.1971728515623,870.1711978149408,996.7909735570394,970.5633717629629,1047.4170157509889,877.3176217001833,962.3673187255861,63.59369380516832,64.93097681828942,41.08132173867398,26.439675555190433,22.189180959340305,4.250494595850128,31.639103012003723,25.03525467258447,57.383205112853744,65.09241659271555,-21.785975730659768,240150155.0,230402597.05,1.0
2026-07-16,1018.0,1019.0,1005.5499877929688,1013.5,695548,932.5587988281248,871.5409371948236,1000.1327788456316,974.4667016026935,1053.2992930294447,879.0621449588365,966.1807189941405,64.35524098445558,64.93097681828942,41.08132173867398,26.420453433811986,23.03543545423464,3.385017979577345,32.17429668534696,24.207737353616384,54.369761804175965,58.560126338614275,-18.86065850296156,240845703.0,231381641.75,1.0
2026-07-17,1013.7999877929688,1031.199951171875,1010.0,1027.199951171875,2257757,934.118546142578,873.1189498901363,1005.5462133108804,979.26063338171,1060.8953878263878,879.5942545075965,970.2448211669921,67.0327128072028,64.93097681828942,41.08132173867398,27.19717917654191,23.867784198696093,3.3293949778458156,32.99768810604117,23.992895483492,61.74060097642578,57.8311892978185,-8.885273478200828,243103460.0,232147493.15,1.0
2026-07-20,1029.0,1034.6500244140625,1017.1500244140624,1032.8499755859375,1686017,936.3593749999999,874.6720486450191,1011.0069657658919,984.1323917639126,1067.379200294401,884.4393788071613,975.9092895507812,68.09704245660127,65.91990279636761,41.08132173867398,27.94649982081046,24.683527323118966,3.262972497691493,33.85215874631411,23.52911723467115,64.4568571821763,60.18907332092601,-4.641752003102639,244789477.0,233149224.3,1.0
2026-07-21,1037.800048828125,1068.800048828125,1031.449951171875,1063.449951171875,5124543,939.8002502441404,876.3174957275387,1021.4955628470886,991.3430789828182,1076.7445675898193,891.0204226445553,983.8824951171873,73.15241939571244,65.91990279636761,41.08132173867398,30.656119462681886,25.87804575103155,4.778073711650336,35.40213573087936,24.516330121926785,76.89711279357908,67.69819031739371,-3.8994860059629377,249914020.0,234465362.65,1.0
2026-07-22,1058.0,1077.8499755859375,1055.6500244140625,1069.300048828125,5069159,943.3651159667967,877.954254455566,1031.0564600432958,998.4300762414824,1087.1707106011704,894.9142869574226,991.0424987792966,74.00064596940155,65.91990279636761,41.08132173867398,32.89635780467313,27.281708161759866,5.614649642913264,37.00668341419751,24.350874482637373,87.52368890161387,76.29255295912307,-6.298288587707191,254983179.0,235945299.55,1.0
2026-07-23,1036.5999755859375,1042.199951171875,998.1500244140624,1005.5,7505583,945.3464782714842,879.250797424316,1025.9451680346367,999.0727965831658,1085.434483798163,905.305512539727,995.369998168945,53.97313620758512,65.91990279636761,41.08132173867398,29.187180441828218,27.662802617773536,1.5243778240546817,35.53490992188963,27.693670906310604,65.84139827929292,76.75406665816195,-61.3915914926763,247477596.0,237123415.3,1.0
2026-07-24,1000.0,1003.4500122070312,984.0499877929688,996.0499877929688,1995292,947.56814453125,880.5405249023433,1019.9661319863031,998.7979957840569,1081.806226859755,916.6437670367287,999.2249969482419,51.739513461873166,65.91990279636761,41.08132173867398,25.1946652328636,27.16917514079155,-1.9745099079279491,33.628967458270196,27.247695284933506,33.33333333333333,62.23280683808003,-87.20682136282802,245482304.0,238201766.45,1.0
2026-07-27,1003.0,1015.5999755859376,1000.0999755859376,1006.6500244140624,1979222,949.8869982910156,881.8348309326168,1017.3029104718551,999.5118165686029,1076.3431883316332,931.2318055648507,1003.7874969482419,54.03723802535991,60.86893513407858,41.08132173867398,22.625094526293424,26.260359017891922,-3.635264491598498,32.22879666810534,26.69785903550746,3.44056254806397,34.205098053563404,-75.90614119164339,247461526.0,239546403.6,1.0
2026-07-28,1001.0,1006.0,989.2000122070312,991.9500122070312,1643112,951.8499523925781,883.0958218383785,1012.2323308188904,998.82437980846,1069.7210050503124,944.6289888461715,1007.174996948242,50.44998257006891,60.86893513407858,41.08132173867398,19.18141172227979,24.8445695587695,-5.6631578364897095,30.505120099995217,26.037298547759153,3.44056254806397,13.40481947648709,-91.5777980360732,245818414.0,240683093.1,-1.0
2026-07-29,995.0499877929688,1015.0,993.5499877929688,1012.2999877929688,1232625,954.1819665527345,884.4176287841793,1012.2458622137061,1000.049435079779,1065.1125369407598,956.3074581764273,1010.7099975585935,54.91227815070827,60.86893513407858,41.08132173867398,17.88813792858582,23.453283232732765,-5.565145304146945,29.194675304210335,25.82391920813127,9.756443485223766,5.5458561937839015,-69.88272529165765,247051039.0,241766868.1,-1.0
2026-07-30,1012.2999877929688,1013.5999755859376,999.0,1011.4500122070312,1237239,956.4410717773438,885.6643008422848,1012.0866922123712,1001.0858511822564,1058.3812304911128,969.8337658467777,1014.1074981689452,54.69073642391323,60.86893513407858,41.08132173867398,16.603231485889296,22.08327288336407,-5.480041397474775,27.977833708124376,25.022208949403154,12.318194307186404,8.505066780158046,-70.78888275066875,245813800.0,242729915.2,-1.0
2026-07-31,1011.4500122070312,1017.9000244140624,996.4000244140624,1012.4500122070312,2922821,958.5165075683594,886.9331948852534,1012.1593562113032,1002.1189567299632,1056.1708236269178,975.8541763730819,1016.0124999999998,54.921165345356954,60.86893513407858,46.424358661210164,15.487099868552718,20.764038280401802,-5.276938411849084,26.99788767178016,24.770622595874357,18.64665407563429,13.573763956014819,-69.72278453090442,248736621.0,243648110.1,-1.0
2026-08-03,1019.0,1028.9000244140625,1013.2999877929688,1028.9000244140625,887652,960.6024597167971,888.3317620849606,1015.5074898518551,1004.5535992466995,1057.4111844452636,976.5238192168459,1016.9675018310547,58.64687671893289,62.49816436464458,46.424358661210164,15.748398294635763,19.760910283248595,-4.012511988612832,26.466318263602997,24.176293282385565,23.93256117854623,18.29913652045564,-52.18545580188688,249624273.0,244361819.05,-1.0
2026-08-04,1028.9000244140625,1028.9000244140625,1014.5999755859376,1026.0,720413,962.5066113281251,889.7672460937496,1017.6059918814842,1006.503272042454,1057.736336826116,976.5736668359931,1017.1550018310546,57.74085244934827,62.49816436464458,46.424358661210164,15.542309378398045,18.917190102278486,-3.374880723880441,25.97271809886706,23.470847249938373,28.249659701726223,23.609624985302247,-55.277166666992,248903860.0,244749261.6,-1.0
2026-08-05,1025.0,1038.0,1013.0999755859376,1019.0,1367377,964.2707629394532,891.1707250976558,1017.8847935051874,1007.6393382204127,1057.5476713359772,979.1973298847261,1018.3725006103516,55.511597509009704,62.49816436464458,46.424358661210164,14.645318810081903,18.06281584383917,-3.417497033757268,25.835918604747363,23.57293133309009,29.08535047561397,27.08919045196214,-62.73985420534234,247536483.0,245263494.45,-1.0
2026-08-06,1016.0,1033.9000244140625,1011.0,1016.2000122070312,769423,965.9789147949219,892.5027972412105,1017.5478372455561,1008.4175813101052,1057.5847987626482,979.2652012373519,1018.4250000000001,54.603484934712796,62.49816436464458,46.424358661210164,13.552289352160415,17.16071054550342,-3.6084211933430055,25.587347670423696,23.524866553159548,23.362381068964943,26.899130415435046,-65.72491620678818,246767060.0,245641632.75,-1.0
2026-08-07,1010.2999877929688,1024.9000244140625,1004.4000244140624,1022.0,1727371,968.1614868164064,893.8201901245112,1018.438269796445,1009.6523466455501,1057.9054638762718,979.5645373444315,1018.7350006103517,56.20181937956044,62.49816436464458,46.424358661210164,13.004162286251926,16.329400893653123,-3.3252386074011966,24.968795805314056,23.308804656505302,21.184051675164742,24.54392773991455,-59.54155954604934,248494431.0,246051934.15,-1.0
2026-08-10,1022.0,1028.0,1012.0,1027.300048828125,1042293,970.713631591797,895.1705725097653,1020.2106256027811,1011.2566832076022,1058.7031723759421,980.2068312861676,1019.4550018310548,57.66853499997682,63.45241448434864,46.424358661210164,12.84931834014833,15.633384382952165,-2.784066042803836,24.524661957480486,22.78674718104064,24.236955754614492,22.927796166248058,-53.89118692572124,249536724.0,246557451.1,-1.0
2026-08-11,1023.0,1024.0,1005.0,1008.9000244140624,1400560,972.6711437988282,896.4232144165035,1017.9485053650374,1011.0424414990986,1058.2372020117155,981.8278065332067,1020.0325042724611,51.251693931917345,63.45241448434864,46.424358661210164,11.113762664556248,14.729460039272983,-3.615697374716735,23.682465648604012,22.751983012975238,21.618361247096615,22.346456225625282,-57.2656022856449,248136164.0,247031314.45,-1.0
2026-08-12,1009.0,1022.7000122070312,1006.5,1017.5,915131,975.051248779297,897.7415692138668,1017.85880429203,1011.6294922719078,1058.3412703240738,982.5037370001452,1020.4225036621095,53.837157426019125,63.45241448434864,46.424358661210164,10.313382194357473,13.846244470289882,-3.532862275932409,22.900426218933,22.283985098264953,27.251499383114876,24.368938794941993,-37.998137834208414,249051295.0,247476371.45,-1.0
2026-08-13,1015.0,1024.699951171875,1009.0,1024.699951171875,674807,977.5104589843751,899.0210452270504,1019.2270336679991,1012.8177158082684,1058.8014874423734,983.163514999033,1020.9825012207033,55.943855901662225,63.45241448434864,46.424358661210164,10.143127136609337,13.105621003553775,-2.9624938669444383,22.277171114574056,21.813696960665673,39.37572521796325,29.415195282724913,-27.254205235767117,249726102.0,247920391.4,-1.0
2026-08-14,1022.5,1026.5999755859375,1014.2000122070312,1020.7999877929688,1034094,979.8597216796875,900.1327615356441,1019.541624492993,1013.5433768977866,1058.368117083453,982.9568890200626,1020.6625030517578,54.493188933883275,63.45241448434864,46.424358661210164,9.583037039639066,12.401104210770834,-2.8180671711317675,21.800279009328452,21.14128741911143,52.557526939026,39.72825051336804,-35.24593547031477,248692008.0,248199818.8,-1.0
2026-08-17,1020.0,1020.0,1002.5,1010.5999755859376,1108193,982.1996691894532,901.1550399780269,1017.7532947115819,1013.2757949603458,1057.0539822438327,982.0460238596833,1019.5500030517579,50.78409454769822,63.23467733402734,46.424358661210164,8.221335425330494,11.565150453682767,-3.3438150283522727,20.53803004201792,20.93833744581552,38.78330630360134,43.5721861535302,-61.64233270947934,247583815.0,248339535.7,-1.0
2026-08-18,1007.0,1019.5,1007.0,1015.0,539358,984.0735144042969,902.2317657470701,1017.2026357692656,1013.4325408730416,1048.439962596509,985.8150483898191,1017.1275054931641,52.2926121349513,63.23467733402734,46.424358661210164,7.41178385256012,10.734477133458238,-3.322693280898118,19.365941715229564,20.3355990568287,22.837207409934205,38.05934688418718,-55.28849398597936,248123173.0,248249993.35,-1.0
2026-08-19,1011.9000244140624,1016.7000122070312,1007.5999755859376,1016.7000122070312,433216,986.7571020507812,903.3476922607418,1017.1021110568188,1013.7295837215861,1033.948400741278,995.0466065829407,1014.4975036621094,52.89338243795598,63.23467733402734,46.424358661210164,6.828668535964084,9.953315413959407,-3.124646877995323,18.277573983211806,19.533058882847623,15.337257638677738,25.652590450737762,-51.20192378230376,248556389.0,247928653.85,-1.0
2026-08-20,1013.0,1014.5,1002.0,1008.0,858064,989.1668518066405,904.409635314941,1015.281688845455,1013.2087124741691,1033.8609116185382,995.3840957056806,1014.6225036621094,49.460685555080225,63.23467733402734,46.424358661210164,5.599974154184565,9.082647162004438,-3.482673007819873,17.093645517015187,19.187841263146453,15.337257638677738,17.837240895763227,-83.33333333333334,247698325.0,247939690.3,-1.0
2026-08-21,1007.7999877929688,1007.7999877929688,997.0,1005.5999755859376,1043385,990.9615197753906,905.4930242919918,1013.3453461935516,1012.5170091206935,1032.8108987297176,997.3891073737979,1015.1000030517578,48.525105225731835,63.23467733402734,46.424358661210164,4.382049552475564,8.142527640098663,-3.760478087623099,16.3530437142484,18.60299545863599,8.942076075711105,13.205530451022193,-79.02444979039606,246654940.0,247998322.1,-1.0
2026-08-24,1005.0999755859376,1018.4000244140624,1004.5,1018.4000244140624,948101,992.6957006835937,906.6603811645505,1014.3562818376538,1013.0518286928179,1032.9930850484686,998.3819210550469,1015.6875030517577,53.56945698270941,60.40709481567969,46.424358661210164,4.398983750502907,7.393818862179512,-2.994835111676605,15.50099663382978,18.267068955452164,18.38971400420732,14.223015906198722,-47.804818502286864,247603041.0,248005397.85,-1.0
2026-08-25,1014.9000244140624,1022.0,1003.5999755859376,1015.0,1427222,994.5056494140624,907.7555770874021,1014.4850254701231,1013.2289351752889,1030.082550623155,1003.5974542596574,1016.8400024414062,52.10870897718237,60.40709481567969,46.424358661210164,4.090893396832712,6.733233769110153,-2.642340372277441,14.961058534426922,18.27656577392432,31.45411777074122,19.59530261688655,-51.21954446962304,246175819.0,248023268.1,-1.0
2026-08-26,1010.5,1018.5999755859376,989.4000244140624,1004.0,1098699,995.8919274902344,908.7852902221678,1012.3880203760984,1012.3899410684444,1030.7431445142324,1002.1068615892835,1016.4250030517579,47.58757891399238,60.40709481567969,46.424358661210164,2.925399320346628,5.971666879357448,-3.04626755901082,14.367535862097323,19.056807588063673,31.45411777074122,27.09931651522992,-62.176205128853645,245077120.0,247924572.15,-1.0
2026-08-27,1004.0,1005.2999877929688,994.5,1002.9000244140624,1187891,997.2052880859374,909.6759698486326,1010.4904211836913,1011.5272213725915,1031.4098225876296,1000.5851847365892,1015.9975036621095,47.147058203104564,60.40709481567969,46.424358661210164,1.8911777114539063,5.15556904577674,-3.2643913343228332,13.816407666362696,18.467034745556894,13.064403766533902,25.324213102672115,-65.02588461501982,243889229.0,247828343.6,-1.0
2026-08-28,997.0,1000.5999755859376,987.2999877929688,994.0,1026834,998.1669299316405,910.3309588623046,1007.192336946953,1009.9338376114468,1033.3281833304632,996.8218227730525,1015.0750030517579,43.627966923546566,60.40709481567969,46.424358661210164,0.34936478585552777,4.194328193792497,-3.8449634079369694,13.79571461187083,18.262249165238092,0.0,14.839507179091708,-82.9516175874488,242862395.0,247534632.3,-1.0
2026-08-31,992.0,1016.5999755859376,980.2999877929688,1016.5999755859376,1476566,1000.1077172851562,911.103689880371,1009.07386467475,1010.5398501545824,1031.5432522998738,997.3767489208296,1014.4600006103517,53.18389123245578,58.265823535087044,46.669280132269854,0.9402573862066674,3.5435140322753313,-2.603256646068664,13.059193609567572,19.550659067218863,25.863403840597886,12.97593586904393,-21.598277832631553,244338961.0,247270366.7,-1.0
2026-09-01,1004.0,1004.0,985.0,992.5999755859376,1742567,1001.8799999999999,911.8322982788085,1005.7790868569875,1008.9089524665237,1031.5692662100303,994.010732569267,1012.7899993896486,44.547700099798995,58.265823535087044,46.669280132269854,-0.5220376692013815,2.7304036919799892,-3.2524413611813707,12.375281250285978,20.41132453284163,28.35269004610234,18.07203129556674,-73.43414463094788,242596394.0,246954993.4,-1.0
2026-09-02,985.0,987.5999755859376,963.2999877929688,978.0,2673391,1002.9180004882811,912.4589535522459,1000.2232694855901,1006.0990476968396,1034.857558164287,986.6224406150102,1010.7399993896486,40.264306972958714,58.265823535087044,46.669280132269854,-2.8264317032945883,1.619036612925074,-4.445468316219662,12.652322217413218,21.046229051422145,28.35269004610234,27.522927977600855,-76.77722742204999,239923003.0,246574319.4,-1.0
2026-09-03,980.0,1004.7999877929688,977.5999755859376,1004.7999877929688,1959777,1004.6349999999999,913.2500595092772,1001.1386131470658,1005.9809513419423,1034.2830783315076,986.0569180063832,1010.1699981689454,49.80519076653033,58.265823535087044,46.669280132269854,-2.4617678125803195,0.8028757278239953,-3.2646435404043146,11.750267610201647,21.485784991108503,26.392020075671432,27.699133389292037,-29.301547921945726,241882780.0,246330105.4,-1.0
2026-09-04,1004.7999877929688,1008.5999755859376,998.0,1008.5,1321066,1006.4259997558593,914.1013479614256,1002.6108905176527,1006.2099557654021,1032.96085451368,986.0291418242108,1009.4949981689455,50.969515514047124,58.265823535087044,46.669280132269854,-1.8528504821141496,0.27173048583636633,-2.124580967950516,11.14287117864155,20.708227176453438,50.72244536845419,35.15571849674265,-22.99829163984898,243203846.0,246065576.15,-1.0
2026-09-07,1004.0999755859376,1017.9000244140624,995.0,998.0,1418742,1008.0779992675781,914.9510537719726,1001.6887124141223,1005.4635961503656,1030.4506674735305,985.6093239815476,1008.029995727539,47.59546398555799,60.166581972614196,46.669280132269854,-2.1922702319528753,-0.221069657721482,-1.9712005742313934,11.120102005981652,20.864784121996934,69.08916053069495,48.734541991606854,-40.885851804175964,241785104.0,245677995.15,-1.0
2026-09-08,991.5999755859376,1004.7000122070312,988.2999877929688,997.7000122070312,1055105,1009.5479992675781,915.7136486816406,1000.8909723727041,1004.7578157918806,1030.353869344152,984.586120890223,1007.4699951171875,47.49872042151867,60.166581972614196,46.669280132269854,-2.457144899989771,-0.6682847061751398,-1.7888601938146313,10.645522017443646,20.54587271428733,63.310770600676975,61.040792166608696,-41.39690415610856,240729999.0,245307686.9,-1.0
2026-09-09,994.0,1010.0,994.0,1004.0,996411,1010.7959997558594,916.5601583862303,1001.5127778981634,1004.6889234471641,1029.225087410837,984.364902823538,1006.7949951171876,49.80614684738902,60.166581972614196,46.669280132269854,-2.1341030079870507,-0.961448366537522,-1.1726546414495287,10.522299808177179,20.221167520409665,60.39618823769341,64.26537312302177,-30.664388853131975,241726410.0,244941442.65,-1.0
2026-09-10,1001.9000244140624,1002.7000122070312,986.7000122070312,993.2999877929688,972483,1011.7919995117186,917.3339489746093,999.8702198771246,1003.6535656604191,1026.7558698998814,983.6941239966033,1005.2249969482423,46.100272302700695,60.166581972614196,46.669280132269854,-2.71024947369699,-1.3112085879694155,-1.3990408857275747,9.905613745726317,20.01251182559246,56.65029114330628,60.11908332722555,-48.89268524478004,240753927.0,244492833.9,-1.0
2026-09-11,988.7000122070312,988.7000122070312,972.2999877929688,978.2000122070312,2504608,1011.8690002441405,917.9783273315428,995.536178343106,1001.3396062555656,1026.4865368651501,979.7034594727404,1003.0949981689453,41.41686773928714,60.166581972614196,46.669280132269854,-4.335316700425551,-1.9160302104606426,-2.4192864899649082,9.94089165264155,20.083046695192998,41.49962587882414,52.84870175327461,-74.61665874700152,238249319.0,243970699.45,-1.0
2026-09-14,978.2000122070312,978.2000122070312,978.2000122070312,978.2000122070312,0,1011.2370007324217,918.5890100097655,992.0689451158912,999.236006796608,1027.062732055987,975.8872679440127,1001.4749999999998,41.41686773928715,54.57320986572823,46.669280132269854,-5.559112200564073,-2.6446466084813287,-2.914465592082744,9.973649709062839,18.64854335982207,20.568175419187373,39.57269748043926,-73.05600777011931,238249319.0,243503974.65,-1.0
2026-09-15,978.2000122070312,984.5,955.0,956.5,1511601,1009.9220007324218,919.0857019042968,984.955156092713,995.3509152696436,1030.2681324561484,966.8318675438516,998.55,35.4195823033902,54.57320986572823,46.669280132269854,-8.185629737694285,-3.7528432343239198,-4.432786503370365,11.181074777659818,19.423647405549065,5.94735735133373,22.67171954978175,-97.61526324675853,236737718.0,242934701.9,-1.0
2026-09-16,957.7000122070312,961.0999755859376,944.5,946.5,1727406,1008.9590002441405,919.5893014526366,977.2641248741704,990.9099229724031,1033.186716492223,956.8932822870737,995.0399993896484,33.044894391315,54.57320986572823,46.669280132269854,-10.947879890856711,-5.191850565630478,-5.756029325226233,12.731913643785944,19.221956561291105,2.973678675666874,9.829737148729325,-97.27520526598514,235010312.0,242257398.05,-1.0
2026-09-17,946.0,970.7000122070312,945.2000122070312,958.2000122070312,3973540,1007.8199999999998,920.1356765747068,973.4513023407427,987.9362947210057,1033.5308381992293,951.5691618007706,992.55,38.26041660080466,54.57320986572823,46.669280132269854,-12.053939522649785,-6.56426835703434,-5.489671165615444,13.46073499213773,19.670388235484598,8.63254221089963,5.851192745966744,-81.33513944117091,238983852.0,241821674.4,-1.0
2026-09-18,963.7999877929688,969.2999877929688,955.2999877929688,966.2999877929688,6250679,1006.8299999999998,920.739523925781,972.021039431188,985.9693577275477,1032.6846944427884,948.4853067779147,990.5850006103516,41.649193966482194,54.57320986572823,46.669280132269854,-12.136991728479643,-7.6788130313234015,-4.458178697156241,14.137497672750102,19.265360504378556,24.633437508774136,12.079886131780212,-70.29975403006516,245234531.0,241750653.95,-1.0
2026-09-21,961.0,966.0,956.0,956.0,588104,1005.6919995117186,921.2115014648434,968.8168315449504,983.2448706614069,1030.1303646465583,944.7996341327383,987.4649993896484,38.73748198341859,52.508595905061476,46.669280132269854,-12.88539927233262,-8.720130279525245,-4.165268992807375,14.765920161890163,18.624976739277855,35.219598211280726,22.828525976984828,-84.33243027941451,244646427.0,241602823.25,-1.0
2026-09-22,959.0,963.5,949.2999877929688,955.0,971946,1004.8449999999999,921.6430368041988,966.0534652359604,980.6771551467336,1027.4151137603285,941.5148850189684,984.4649993896484,38.45638367749683,52.508595905061476,46.669280132269854,-13.404688381934534,-9.657041900007103,-3.747646481927431,15.6869375955039,18.308907844117382,36.65047519183604,32.1678369706303,-85.69482764642193,243674481.0,241477756.35,-1.0
2026-09-23,951.7999877929688,970.7999877929688,951.7999877929688,959.2999877929688,2626452,1003.8369995117187,922.2393395996089,964.702769747362,978.7337762963913,1025.5504462338743,938.9095513247195,982.2299987792968,40.45720347170313,52.508595905061476,46.669280132269854,-13.315759873129991,-10.388785494631682,-2.9269743784983095,15.930221852859638,18.35827156953757,34.43380259270111,35.43462533193929,-79.83653559911721,246300933.0,241538947.0,-1.0
2026-09-24,918.0,928.9000244140624,909.2999877929688,919.5,5861520,1001.9569995117187,922.6219165039058,955.6622157978896,973.3488875421739,1028.4775490762167,927.6424460409706,978.0599975585938,30.555416634687464,52.508595905061476,46.669280132269854,-16.269267789908895,-11.564881953687125,-4.704385836221769,17.867618363345066,20.61839502885632,23.847641890194524,31.643973224910553,-90.60772673344562,240439413.0,241366456.2,-1.0
2026-09-25,919.5,923.9000244140624,906.9000244140624,912.2000122070312,1426025,999.6570007324218,923.0204086303706,946.969775079718,967.7898988753427,1031.6862865247,916.2537098131908,973.9699981689454,29.146367839247777,52.508595905061476,46.669280132269854,-18.98020016642647,-13.047945596234994,-5.932254570191477,19.7385910373538,20.35993824108087,13.78422269873958,24.02188906054507,-94.85937046750207,239013388.0,241174005.85,-1.0
2026-09-28,912.2000122070312,913.0,889.4000244140625,909.7000122070312,1794894,997.1940014648437,923.3979144287106,939.5158225051807,962.5090000873143,1029.4353059736325,907.8146940263678,968.6250000000001,28.658950843148737,44.302740613294304,46.669280132269854,-21.087281656103528,-14.655812808208701,-6.431468847894827,21.963307257925678,20.591369479999198,0.0,12.543954862978033,-83.16750256843683,237218494.0,240817982.5,-1.0
2026-09-29,905.0999755859376,908.0999755859376,878.0,878.0,3205911,993.4850024414061,923.5640057373043,927.2126580041446,954.8263637157403,1034.781500480696,891.0085019607102,962.8950012207031,23.331065158833308,44.302740613294304,46.669280132269854,-25.026593977566904,-16.72996904208034,-8.296624935486562,24.30566253517268,21.384843960501488,0.0,4.594740899579859,-100.0,234012583.0,240388791.95,-1.0
2026-09-30,885.0,902.0999755859376,885.0,901.4000244140624,2428835,990.1270019531248,923.8216384887692,922.0501312861282,949.969423779224,1035.5764670885717,882.5535377942408,959.0650024414062,33.20281884331705,44.302740613294304,41.05813600908973,-25.96107782058243,-18.57619079778076,-7.384887022801671,26.480706721187754,21.578781933746928,17.963540905556734,5.987846968518911,-78.86176889456918,236441418.0,240214712.7,-1.0
2026-10-01,896.0999755859375,900.75,880.2999877929688,886.8499755859375,1761249,987.7540014648437,924.0374710083005,915.0101001460902,944.2312921252889,1032.9490865764403,873.3859170856689,953.1675018310547,30.567307496835483,44.302740613294304,41.05813600908973,-27.558058198743083,-20.372564277973225,-7.185493920769858,28.617773451750825,21.54458583998598,31.131265647872517,16.364935517809748,-91.69016376907277,234680169.0,239854582.15,-1.0
2026-10-05,891.5999755859375,900.25,880.7000122070312,886.5999755859375,2459002,985.5650012207029,924.3079629516599,909.3280752340597,938.9920815308024,1027.6765365619021,866.4684646588009,947.0725006103515,30.522477371183733,41.064381966685545,41.05813600908973,-28.515144726376207,-22.001080367653824,-6.514064358722383,30.60219255870225,21.40211455091332,44.21741341595603,31.104073323128425,-91.92490555311032,232221167.0,239305448.2,-1.0
