Date,Open,High,Low,Close,Volume,MA50,MA200,EMA9,EMA21,BB_Upper,BB_Lower,BB_Mid,RSI,RSI_W,RSI_M,MACD,MACD_Signal,MACD_Hist,ADX,ATR,StochRSI_K,StochRSI_D,Williams_R,OBV,OBV_SMA20,Supertrend_Dir
2025-07-21,1229.521369233277,1241.1074113660914,1219.333669858008,1222.9293212890625,42003.0,1203.4316870117186,1088.283010864258,1238.8589472153124,1229.949143413271,1281.6671040033461,1190.729612305247,1236.1983581542966,50.123449742859535,65.27594518044705,42.37850798561728,14.002383407360185,18.307798528026193,-4.305415120666009,27.966546651619325,32.04151568823534,10.62288263063727,22.447100821531286,-83.68417828038245,19153184.0,19090478.1,1.0
2025-07-22,1229.0219973098615,1238.210898052983,1213.5406149788555,1221.531005859375,41950.0,1206.8060888671873,1088.5370349121094,1235.3933589441249,1229.1838581810987,1272.7122595009826,1204.8782068076105,1238.7952331542965,49.73558945504379,65.27594518044705,42.37850798561728,11.66584759852276,16.979408342125506,-5.313560743602746,27.680616928762188,31.514999072941933,0.0,10.11141875077827,-83.58205101987433,19111234.0,19120227.35,1.0
2025-07-23,1221.5309823479658,1233.4167129387056,1204.551402053677,1222.7294921875,134687.0,1209.5144189453124,1089.016928100586,1232.8605855928,1228.597097636226,1268.9333599136878,1211.2140277816245,1240.0736938476562,50.09205427365491,65.27594518044705,42.37850798561728,9.797889989870328,15.54310467167447,-5.745214681804143,26.91276574691788,31.325735630948117,0.7369218116560481,3.786601480764439,-75.06857036192068,19245921.0,19153641.05,1.0
2025-07-24,1222.7294835190946,1234.7150695242103,1211.5429853504609,1216.9365234375,44614.0,1211.4726928710936,1089.4065307617188,1229.67577316174,1227.5370454363417,1269.6483926295055,1209.6400228978378,1239.6442077636716,48.308713510572154,65.27594518044705,42.37850798561728,7.7606164077085396,13.986607018881283,-6.225990611172744,26.251663790942708,30.743331955433927,0.7369218116560481,0.4912812077706987,-83.01368405224672,19201307.0,19171132.6,1.0
2025-07-25,1210.2445709371111,1243.504622872578,1193.2649897412607,1200.7559814453125,111095.0,1212.3425268554686,1089.8655535888672,1223.8918148184546,1225.102403255339,1272.144391317968,1202.9290950101565,1237.5367431640623,43.635826664930086,65.27594518044705,42.37850798561728,4.785266332191213,12.14633888154327,-7.361072549352057,24.653760969225,32.135924896568454,0.7369218116560481,0.7369218116560481,-91.10320402313856,19090212.0,19175017.0,1.0
2025-07-28,1196.2613548360564,1199.4575843662724,1159.6054851682584,1164.9990234375,67023.0,1212.4663110351562,1090.0946868896485,1212.1132565422638,1219.6384596355354,1281.7508324404193,1186.9702979306744,1234.3605651855469,35.47041254973,60.60084940234474,42.37850798561728,-0.4527882556003533,9.626513454114546,-10.0793017097149,24.01386694553124,32.77982285231743,0.0,0.4912812077706987,-95.42370797195652,19023189.0,19178470.2,1.0
2025-07-29,1158.6066270778274,1179.8810906376093,1154.611431812042,1174.2877197265625,26627.0,1212.44181640625,1090.2680535888671,1204.5481491791236,1215.515665098356,1285.1184827825189,1176.7009386041998,1230.9097106933593,38.6804693091256,60.60084940234474,42.37850798561728,-3.810538576188492,6.939103048053939,-10.74964162424243,23.59570039801906,32.243382564692425,4.00558308714261,1.5808349662662193,-83.98378753858702,19049816.0,19178548.8,1.0
2025-07-30,1173.5886708026424,1188.0712543997813,1168.9942203910466,1177.3841552734375,27761.0,1212.3226953125,1090.2721765136719,1199.1153503979863,1212.0491642051818,1283.1679067053522,1169.8521006188664,1226.5100036621093,39.756332844722486,60.60084940234474,42.37850798561728,-6.150820594833704,4.321118319476411,-10.471938914310115,22.793075548970695,31.30292909640973,9.353653583471015,4.453078890204542,-81.46333399535426,19077577.0,19164522.2,1.0
2025-07-31,1159.605403587549,1195.5621602879382,1139.130028244272,1169.19384765625,58196.0,1212.11255859375,1090.2547930908202,1193.131049849639,1208.153226337097,1282.172336953786,1161.9783222259018,1222.075329589844,37.86395774398724,60.60084940234474,38.78893635121864,-8.567637933948618,1.7433670687914056,-10.311005002740023,23.059517795755745,33.09787216407092,12.340374650120772,8.566537106911465,-78.26717914738485,19019381.0,19152890.4,1.0
2025-08-01,1159.605522000025,1178.5827010852968,1133.6367506201796,1138.231201171875,71975.0,1211.1056762695312,1090.0938146972655,1182.1510801140862,1201.7966785948042,1284.7350736644537,1147.6197847339838,1216.1774291992188,31.717529644163776,60.60084940234474,38.78893635121864,-12.83347359800382,-1.1720010645676397,-11.66147253343618,23.469741519882028,33.94416347128851,8.334791562978163,10.00960659885665,-96.8055715217976,18947406.0,19140803.55,-1.0
2025-08-04,1140.6282636456872,1178.3829081820677,1136.8327793229262,1173.48876953125,83661.0,1211.0283081054688,1090.0936682128904,1180.418617997519,1199.2232323162993,1283.003619316886,1142.7192078315518,1212.861413574219,43.05358925302739,52.86588694072593,38.78893635121864,-13.21683256997153,-3.580967365648418,-9.635865204323112,23.850663549427864,34.48744671327801,16.667638708052795,12.44760164038391,-72.29169784482585,19031067.0,19135177.55,-1.0
2025-08-05,1098.6786889044856,1168.5946054711349,1098.6786889044856,1118.5548095703125,307379.0,1208.9966894531249,1089.8445288085936,1168.0458563120778,1191.8897393393916,1289.1927663147749,1126.0526560485068,1207.6227111816409,33.673374693981216,52.86588694072593,38.78893635121864,-17.748762102499995,-6.414526313018733,-11.334235789481262,25.22111912732112,37.36763484995561,16.041328222252176,13.681252831094378,-88.88267240676231,18723688.0,19116081.5,-1.0
2025-08-06,1118.6546788394166,1148.6186434511867,1118.6546788394166,1142.8255615234375,89110.0,1207.8553344726563,1089.7735815429685,1163.0017973543497,1187.429359537941,1287.7186891443896,1117.8084104649859,1202.7635498046877,39.90327664237853,52.86588694072593,38.78893635121864,-19.161025687536494,-8.963826187922287,-10.197199499614207,26.493685021079145,36.845934780735504,28.808657757083594,20.50587489579619,-75.30729193219027,18812798.0,19098955.75,-1.0
2025-08-07,1138.7305048073215,1142.8255555648425,1123.448956089206,1130.6402587890625,51974.0,1206.4872265625,1089.7092663574217,1156.5294896412925,1182.2667140153158,1284.715645582867,1108.995658128071,1196.855651855469,37.9747484539884,52.86588694072593,38.78893635121864,-21.021187680976254,-11.37529848653308,-9.645889194443175,27.67535335099731,35.59812554169952,26.459635462888272,23.76987381407468,-77.93104521485871,18760824.0,19076195.05,-1.0
2025-08-08,1129.941214311522,1164.9990303851291,1123.648732639266,1139.7293701171875,93187.0,1205.4704199218752,1089.7469854736325,1153.1694657364715,1178.3996827518495,1282.1408365299574,1102.441451067699,1192.2911437988282,40.292752890463746,52.86588694072593,38.78893635121864,-21.51396454788369,-13.403031698803202,-8.110932849080486,27.477848779466328,36.00899498485406,39.65558787049386,31.641293696821904,-71.6551586529067,18854011.0,19059738.25,-1.0
2025-08-11,1119.7533181739284,1147.9195176863168,1106.7689336825697,1112.3621826171875,60718.0,1203.3488500976564,1089.8737274169919,1145.0080091126147,1172.3962736486983,1281.2192827997,1091.6570721807684,1186.4381774902342,35.9377357583815,53.02061892311095,38.78893635121864,-23.838007368989338,-15.49002683284043,-8.347980536148908,27.79924636228454,36.376251343346425,34.54415909920163,33.553127477527916,-90.55176560040927,18793293.0,19042619.65,-1.0
2025-08-12,1112.661857761788,1116.45734195271,1080.2008969204433,1094.283935546875,71380.0,1200.7939208984376,1089.840775146484,1134.863194399467,1165.295152003078,1274.1902072890405,1081.846401597678,1178.0183044433593,33.37175822737668,53.02061892311095,38.78893635121864,-26.829319802883447,-17.757885426849036,-9.07143437603441,28.766158312686215,36.367693749697885,26.5357729854372,33.578506651710896,-91.37616821396986,18721913.0,19014546.55,-1.0
2025-08-13,1096.9808658045602,1099.3778855931894,1063.8206696187826,1070.5126953125,72974.0,1197.8334838867188,1089.7081616210933,1121.9930945820736,1156.6785650312074,1269.990375260227,1067.9579889975855,1168.9741821289062,30.307454516557698,53.02061892311095,38.78893635121864,-30.76347469368625,-20.359003280216477,-10.404471413469771,30.014743105354878,36.309802480034236,10.979409996982472,24.01978069387377,-96.27566871023525,18648939.0,18986775.65,-1.0
2025-08-14,1070.512684156219,1088.5909194285996,1065.6185452786694,1077.304443359375,46413.0,1194.757185058594,1089.6805554199216,1113.055364337534,1149.4627357883135,1260.654740680961,1059.5849199635704,1160.1198303222657,32.22238670361227,53.02061892311095,38.78893635121864,-32.95341700389599,-22.87788602495238,-10.075530978943611,31.17414326997578,35.35712902788394,8.331386069954625,15.282189684124766,-90.05892034208046,18695352.0,18957814.95,-1.0
2025-08-18,1083.1972941586223,1097.480165709532,1063.7207176384811,1087.9915771484375,60221.0,1192.1423315429688,1089.6916772460936,1108.0426068997147,1143.8744486392338,1252.0237698108313,1053.643417689169,1152.83359375,35.237841019754946,46.213059973949704,38.78893635121864,-33.441111366284304,-24.990531093218767,-8.450580273065537,31.727955275298232,35.24300895953873,17.901685051405572,12.40416037278089,-81.59087232192364,18755573.0,18935834.25,-1.0
2025-08-19,1088.5908788047338,1106.9688018235918,1083.7965956089672,1098.0794677734375,48372.0,1189.5514477539064,1089.8153118896482,1106.0499790744593,1139.711268560525,1242.8790588655631,1050.303143282874,1146.5911010742186,38.0400550732333,46.213059973949704,38.78893635121864,-32.63738078705819,-26.519901031986652,-6.117479755071539,31.702389618491928,34.38080876347343,38.12376470286992,21.452278608076703,-73.9393399795312,18803945.0,18918372.3,-1.0
2025-08-20,1098.079531800066,1134.6355470473093,1091.1877950256917,1132.1385498046875,52900.0,1187.9793408203127,1089.9653997802734,1111.267693220505,1139.0228395827216,1231.8372255523118,1052.4057309906566,1142.1214782714842,46.46278743937361,46.213059973949704,38.78893635121864,-28.918777569649592,-26.99967633951924,-1.9191012301303516,30.309638136994266,35.028447567626586,66.4492211996919,40.82489031798913,-48.105974273872896,18856845.0,18905652.85,-1.0
2025-08-21,1143.1253348253158,1152.613924323647,1099.6775829119026,1144.723388671875,44590.0,1186.7228515625002,1090.0183666992184,1117.9588323107791,1139.541071318099,1219.5744871927357,1056.86785899867,1138.2211730957029,49.21016402380354,46.213059973949704,38.78893635121864,-24.671864511680496,-26.534113973951495,1.8622494622709986,28.27390431218024,36.307582842206436,86.88874631813101,63.82057740689761,-29.478258512834742,18901435.0,18888428.55,-1.0
2025-08-22,1136.633027818468,1155.610204908583,1115.7581086346052,1150.6162109375,42574.0,1186.1775048828126,1090.052435302734,1124.4903080361235,1140.54790219259,1207.7060098881716,1062.1043050532348,1134.9051574707032,50.49132616476487,46.213059973949704,38.78893635121864,-20.59326743924248,-25.345944667009697,4.752677227767215,26.264644766969642,36.560762373047254,99.99999999999999,84.44598917260763,-24.216088244025592,18944009.0,18875563.65,-1.0
2025-08-25,1147.6199180392614,1151.6151135763866,1131.63913589076,1145.3226318359375,32541.0,1185.4383935546878,1090.2170898437494,1128.6567727960862,1140.9819685238035,1198.2965731567033,1065.9704068237656,1132.1334899902345,49.28855199224299,53.727102447197005,38.78893635121864,-17.585384106383117,-23.793832554884382,6.208448448501265,24.398903760702662,35.376134895374356,98.01363816039935,94.96746149284344,-22.190436643611633,18911468.0,18866626.45,-1.0
2025-08-26,1135.6343315611496,1142.9256121867356,1114.9592434235765,1126.6451416015625,38423.0,1184.3277294921875,1090.2743963623043,1128.2544465571816,1139.6786206217814,1194.5664915452885,1065.8651002515867,1130.2157958984376,45.197495465227156,53.727102447197005,38.78893635121864,-16.518319358806366,-22.33872991566878,5.820410556862413,23.347640246797702,35.01808157515912,89.27096349453078,95.7615338849767,-37.869794374942344,18873045.0,18859119.25,-1.0
2025-08-28,1121.051859091781,1134.935187559223,1110.6643266163862,1128.343017578125,29459.0,1183.3828637695312,1090.27313293457,1128.2721607613703,1138.6481112541762,1188.833400724465,1067.0037208575666,1127.9185607910158,45.63921566894729,53.727102447197005,38.78893635121864,-15.358613916178001,-20.942706715770623,5.5840927995926215,22.5379156543604,34.25042295856468,81.25778250793752,89.51412805428922,-36.193348618179186,18902504.0,18851753.65,-1.0
2025-08-29,1124.247929647625,1133.936351375142,1111.6630888752832,1117.7557373046875,39393.0,1182.2941723632814,1090.2236694335934,1126.1688760700338,1136.7488045314954,1181.3269387494286,1068.5473410357279,1124.9371398925782,43.295767103711185,53.727102447197005,38.78893635121864,-15.119555213239892,-19.778076415264476,4.658521202024584,21.78602853281148,33.39491149722855,71.36079645064967,80.62984748437265,-46.64699855202241,18863111.0,18841030.35,-1.0
2025-09-01,1120.152862340161,1174.5873973357373,1114.2599249926006,1168.5946044921875,140241.0,1182.503918457031,1090.1673919677733,1134.6540217544646,1139.6438772551946,1181.198515387825,1068.615840080925,1124.907177734375,55.19328781029699,50.332930525568784,35.94609103214151,-10.704433716342692,-17.963347875480117,7.258914159137426,21.137760929480773,35.31866584336484,80.10347111651825,77.57401669170181,-5.405404815869186,19003352.0,18840228.9,-1.0
2025-09-02,1178.5825812305934,1188.3708582170657,1144.6234221103898,1150.41650390625,69321.0,1181.8786718749998,1089.9865692138671,1137.8065181848217,1140.623206950745,1182.6721247112519,1068.360761030936,1125.516442871094,51.06735918819234,50.332930525568784,35.94609103214151,-8.573409983847569,-16.085360297153606,7.511950313306038,21.00080775236457,35.92072086217277,82.59017635898788,78.01814797538526,-30.4487055807913,18934031.0,18839560.15,-1.0
2025-09-03,1149.7173228880242,1180.5802314971804,1139.6294789663982,1178.982177734375,59827.0,1181.9865429687497,1089.8433734130858,1146.0416500947324,1144.1103861128931,1183.9612786203766,1067.6209479421236,1125.79111328125,56.56252353822694,50.332930525568784,35.94609103214151,-4.5273586061864535,-13.773759958960177,9.246401352773724,20.632834012116923,36.28000883850202,94.47352425587634,85.72239057712748,-7.5320255870643615,18993858.0,18837699.7,-1.0
2025-09-04,1179.5814598106422,1187.4719952305234,1156.0098309764714,1158.9063720703125,38445.0,1181.7728002929687,1089.740897827148,1148.6145944898485,1145.4554757453857,1187.6958528235818,1067.9215299889183,1127.80869140625,52.13158097388412,50.332930525568784,35.94609103214151,-2.907270273742597,-11.600462021916663,8.693191748174065,20.533560917948492,35.93587708246987,88.4054365338694,88.48971238291121,-23.637748028192206,18955413.0,18849285.95,-1.0
2025-09-05,1159.6054492103458,1169.793148573469,1157.9075399577207,1160.604248046875,30056.0,1181.0416796875,1089.6760791015622,1151.012525201254,1146.8326368637029,1190.0335953458607,1067.3616561189829,1128.6976257324218,52.47069555663607,50.332930525568784,35.94609103214151,-1.469395915164796,-9.57424880056629,8.104852885401494,20.441378759077804,34.218000763418324,87.53583740396476,90.13826606457016,-22.275634861948255,18985469.0,18857919.5,-1.0
2025-09-08,1153.6126848313083,1207.048423912239,1153.6126848313083,1202.7535400390625,118632.0,1180.5862255859374,1089.8215081787107,1161.3607281688157,1151.91635533419,1202.0252472273073,1062.5813323625362,1132.3032897949217,60.039060651883645,54.38001399321401,35.94609103214151,3.0362257601937017,-7.052153888414291,10.088379648607994,21.51994171804212,35.590696357526355,87.53583740396476,87.82570378059964,-3.484641106181907,19104101.0,18875083.35,1.0
2025-09-09,1205.749883605909,1208.946112975826,1178.5826045418748,1180.4803466796875,39632.0,1179.3377270507813,1089.8376226806636,1165.1846518709901,1154.5130818201442,1207.2839584104993,1061.397718835594,1134.3408386230467,55.050462998921205,54.38001399321401,35.94609103214151,4.754891411533663,-4.690744828424701,9.445636239958365,22.571878908042574,35.2173257915567,83.6723911685902,86.24802199217324,-24.17304084471773,19064469.0,18885606.25,1.0
2025-09-10,1178.5825986087991,1201.155427383858,1178.5825986087991,1180.7799072265625,38305.0,1178.3828735351562,1090.0417053222652,1168.3037029421048,1156.9009750389093,1212.7533671407568,1062.7700825662737,1137.7617248535153,55.10449291354207,54.38001399321401,35.94609103214151,6.071134100379368,-2.538369042663887,8.609503143043256,23.548677368539146,34.31414743323544,80.24449737093465,83.81757531449654,-25.777051940559627,19102774.0,18901080.3,1.0
2025-09-11,1180.0808006309455,1190.368477201095,1161.6030225423526,1168.09521484375,40449.0,1176.8786816406252,1090.3017749023434,1168.2620053224339,1157.9186332029856,1214.678963086655,1068.2256145500635,1141.4522888183592,52.24097227292619,54.38001399321401,35.94609103214151,6.021307366226438,-0.8264337608858221,6.8477411271122595,23.46274254140474,33.91781223505736,64.71969763241762,76.21219539064748,-41.56507491904413,19062325.0,18918100.9,1.0
2025-09-12,1168.594610288137,1178.5825984102578,1139.729300230471,1168.294921875,108676.0,1174.9370141601564,1090.5070019531247,1168.268588632947,1158.8619321731687,1212.3242136933907,1080.3585865995776,1146.3414001464841,52.28301437359616,54.38001399321401,35.94609103214151,5.9295814845113455,0.5247692881936115,5.404812196317734,22.299321253266477,34.27034694539518,59.210131235255346,68.05810874620254,-41.361876504925334,19171001.0,18944204.0,1.0
2025-09-15,1170.5922921516833,1232.417967461498,1168.5946943835063,1220.0328369140625,304200.0,1174.1799243164062,1090.9330255126947,1178.6214382891703,1164.4229235132498,1218.893063872565,1088.0625757758717,1153.4778198242184,61.69158006216351,55.087397919002996,35.94609103214151,9.91738398503594,2.403292227562077,7.514091757473863,22.85910672726627,36.40268256261681,69.03409990693919,64.32130959153739,-10.172287630553178,19475201.0,18983196.45,1.0
2025-09-16,1224.627192924392,1230.520130270652,1198.5585684454404,1199.8570556640625,66281.0,1173.05328125,1091.2713830566402,1182.8685617641488,1167.6442082542328,1219.8777303409925,1098.2644571590072,1159.0710937499998,56.97385981870702,55.087397919002996,35.94609103214151,11.319248021229669,4.1864833862955955,7.132764634934073,23.378907524551792,36.08545965280216,76.01035972478397,68.08486362232617,-26.743275660115696,19408920.0,19015863.8,1.0
2025-09-17,1201.6548410101743,1248.498530249887,1198.5585890398916,1242.5057373046875,234231.0,1173.1072143554688,1091.7377258300776,1194.7959968722566,1174.449801804274,1230.792570332787,1101.7922441203377,1166.2924072265623,63.35353180465729,55.087397919002996,35.94609103214151,15.690754299879018,6.487337569012281,9.203416730866737,24.297871500061248,37.075065478315956,91.45146007932773,78.83197323701695,-4.379561965085799,19643151.0,19057824.1,1.0
2025-09-18,1252.3938681201623,1261.982312432977,1240.4082822482228,1255.090576171875,152596.0,1173.7424487304686,1092.352002563476,1206.8549127321803,1181.7807812922379,1246.0307062341246,1098.8493108557188,1172.4400085449217,65.00256322812422,55.087397919002996,35.94609103214151,19.940830361731514,9.178036127556128,10.762794234175386,25.451564681656738,35.96784867163298,91.45146007932773,86.30442662781314,-4.665329595951551,19795747.0,19104769.2,1.0
2025-09-19,1255.0906685553564,1255.0906685553564,1226.6249000142193,1231.71875,52513.0,1173.5766479492188,1092.884569702148,1211.8276801857442,1186.3205966293071,1253.6921819696481,1099.887371253008,1176.789776611328,59.635560877802455,55.087397919002996,35.94609103214151,21.1789969222732,11.578228286499542,9.600768635773658,25.843733596363887,35.43198580516899,87.16200510366309,90.02164175410618,-24.734664147556252,19743234.0,19146859.15,1.0
2025-09-22,1235.4143574641769,1246.401145130014,1210.4443854963654,1214.139892578125,44516.0,1172.8834814453126,1093.292597045898,1212.2901226642205,1188.8496235337452,1257.5608838563642,1102.3710375303542,1179.9659606933592,55.89725798470019,60.52376206253778,35.94609103214151,20.505412331524667,13.363665095504565,7.141747236020102,25.470559343942288,35.46946965006039,63.581040668659284,80.73150195055004,-39.10201218831636,19698718.0,19184594.6,1.0
2025-09-23,1214.8390830265455,1226.8246691575043,1204.8510945840803,1210.0447998046875,31552.0,1172.4639868164065,1093.5983807373043,1211.841058092314,1190.7764577401945,1260.1090475648753,1106.295090618718,1183.2020690917966,55.0318104130665,60.52376206253778,35.94609103214151,19.41732113654416,14.574396303712486,4.842924832831674,24.87840082148483,34.505477144586365,37.75873584346994,62.833927205264104,-42.48362612305833,19667166.0,19222379.5,1.0
2025-09-24,1211.44314838508,1223.7283010740568,1205.1506668666543,1209.7451171875,54438.0,1172.0704589843751,1093.8425872802732,1211.4218699113512,1192.500881326313,1260.2741987913294,1114.4399369508576,1187.3570678710935,54.96474216752895,60.52376206253778,35.94609103214151,18.319641716467004,15.32344538626339,2.996196330203613,24.328539336345763,33.36777407764466,24.377896698829407,41.90589107031955,-42.72875923821715,19612728.0,19259363.65,1.0
2025-09-25,1210.544226606729,1221.1314702104655,1202.5538356720308,1208.646484375,47598.0,1170.9897607421879,1093.9135266113278,1210.8667928040811,1193.9686634216482,1259.2784640044658,1123.4660184174088,1191.3722412109373,54.701546674707494,60.52376206253778,35.94609103214151,17.163225402686066,15.691401389547927,1.4718240131381393,23.691402694413032,32.311335539129665,21.05255927439582,27.729730605565052,-43.62741424287272,19565130.0,19292494.95,1.0
2025-09-26,1203.6525129663028,1245.9017546076982,1174.5874897724873,1182.577880859375,143741.0,1169.6134155273442,1093.9271655273437,1205.20901041514,1192.933137734169,1253.2851694897647,1135.9415272875788,1194.6133483886717,48.73791169025833,60.52376206253778,35.94609103214151,13.982062193745833,15.349533550387509,-1.3674713566416763,22.12840736686231,35.097259060278326,13.541530766251832,19.65732891315902,-64.9508998944521,19421389.0,19320408.85,1.0
2025-09-29,1183.6765046890014,1193.5646377884725,1154.6114822455847,1159.2059326171875,51842.0,1167.7097045898443,1093.7666076660155,1196.0083948555496,1189.8670281780796,1253.8336741360326,1134.454155453811,1194.1439147949218,44.096235933015635,54.97169717968638,35.94609103214151,9.465929196552679,14.172812679620545,-4.706883483067866,21.399097845321556,35.37268023760757,6.4270314738959335,13.673707171514527,-84.06858691182637,19369547.0,19338718.6,1.0
2025-09-30,1161.1036983751417,1183.3769621758145,1160.6042989349803,1176.6849365234375,52745.0,1166.5690771484378,1093.7290924072265,1192.143703189127,1188.6686562094758,1252.1779776887622,1138.7366951627998,1195.457336425781,48.07876831904057,54.97169717968638,41.25770479933984,7.214111015244043,12.781072346745246,-5.5669613315012025,20.72188186103372,34.5725623319661,6.34980394501066,8.772788728386141,-69.77118548886848,19422292.0,19363131.65,1.0
2025-10-01,1171.291382319294,1173.888356911909,1153.6126911465246,1158.806396484375,36585.0,1165.286618652344,1093.7093804931642,1185.4762418481766,1185.9539053253757,1253.088134095018,1135.8089606315446,1194.4485473632812,44.58042427019538,54.97169717968638,41.25770479933984,3.941445587852286,11.013146994966654,-7.071701407114368,20.34540888952237,33.75111112089086,7.121800432557326,6.632878617154639,-84.39539778185278,19385707.0,19382724.1,1.0
2025-10-03,1158.6067067553945,1217.8355294133153,1158.6067067553945,1213.7403564453125,88008.0,1165.1308056640628,1093.966831665039,1191.1290647676037,1188.479946336279,1253.9296226027673,1140.4508705612952,1197.1902465820312,55.33453658508292,54.97169717968638,41.25770479933984,5.714670955436532,9.95345178706063,-4.238780831624098,19.549515557028414,35.570947659250145,25.040300245923543,12.837301541163843,-44.51612492042125,19473715.0,19408639.2,1.0
2025-10-06,1213.4407354364598,1215.4383331170125,1186.2733338267317,1204.052001953125,43784.0,1164.7572558593752,1094.2513763427735,1193.713652204708,1189.8955877559922,1253.4699502342557,1145.255318320432,1199.362634277344,53.367632833263514,57.62629571316123,41.25770479933984,6.265965446840028,9.21595451901651,-2.949989072176482,18.810471748284023,35.11337991860948,33.4729379502361,21.87834620957232,-53.4562267470931,19429931.0,19430862.3,1.0
2025-10-07,1203.5526620560331,1205.4504043311506,1180.580287593553,1188.5706787109375,34204.0,1164.1899389648438,1094.4949114990236,1192.6850575059539,1189.775141479169,1252.945136735883,1144.3618456859922,1198.6534912109375,50.291372666601234,57.62629571316123,41.25770479933984,5.391506964125938,8.451065008038396,-3.0595580439124586,17.88174218761081,34.381718262822915,42.57855195214648,33.6972633827687,-67.74189376189778,19395727.0,19445443.6,1.0
2025-10-08,1188.5706410689413,1197.5598307913117,1169.59346276616,1171.790771484375,22612.0,1163.610634765625,1094.6390905761723,1188.5062003016383,1188.1401987523693,1253.256961595721,1143.181063306623,1198.219012451172,47.120894214463135,57.62629571316123,41.25770479933984,3.306380146614174,7.422128035753552,-4.115747889139378,16.64824248892089,33.923478960132115,29.482608549178845,35.178032817187145,-83.22585229877255,19373115.0,19460875.9,1.0
2025-10-09,1168.59464539061,1191.1674748399134,1163.700506679023,1178.982177734375,29008.0,1163.8902978515625,1094.9301617431643,1186.6013957881858,1187.307651387097,1253.2927239966914,1142.9655279564333,1198.1291259765624,48.61598747037561,57.62629571316123,41.25770479933984,2.2087276668357845,6.379447961969999,-4.170720295134214,15.743269040289588,33.462299617329144,24.39546480462137,32.15220843531556,-75.00000765127348,19402123.0,19475843.35,1.0
2025-10-10,1173.5886958926533,1203.1531186555085,1173.5886958926533,1194.76318359375,45799.0,1164.2998071289062,1095.4574414062502,1188.2337533492987,1187.985427042247,1252.8293617774893,1146.0956870506357,1199.4625244140625,51.834295704655894,57.62629571316123,41.25770479933984,2.5824565028931374,5.620049670154627,-3.0375931672614893,14.84744651904771,33.18387984200958,36.374887086704874,30.084320146835026,-55.65127914023908,19447922.0,19495123.2,1.0
2025-10-13,1177.5838618436585,1202.354122465316,1177.5838618436585,1190.06884765625,30542.0,1164.5535009765624,1095.9482867431643,1188.600772210689,1188.1748289162472,1252.0982525562722,1149.0041888499777,1200.551220703125,50.814734158651646,55.48121574823864,41.25770479933984,2.471357350910921,4.990311206305885,-2.5189538553949644,14.01561132075168,32.58290704055587,51.4797154107001,37.41668910067544,-60.4978584216941,19417380.0,19507442.15,1.0
2025-10-14,1190.4684051945474,1198.4587962059395,1164.6993454133308,1170.692138671875,50027.0,1164.5834667968747,1096.2716986083988,1185.0190455029262,1186.585493439486,1250.4221855225917,1145.7461860594392,1198.0841857910154,46.728972648694516,55.48121574823864,41.25770479933984,0.8104298644113896,4.154334937926986,-3.3439050735155966,13.370145370341797,32.66694587998822,49.59323960809856,45.81594736850117,-81.4935303438898,19367353.0,19502049.75,1.0
2025-10-15,1170.6921445560629,1223.4287742657957,1170.6921445560629,1189.070068359375,102028.0,1165.6002441406247,1096.6301611328129,1185.8292500742161,1186.8113638867485,1250.0280323655861,1145.061640485976,1197.544836425781,50.77191500256921,55.48121574823864,41.25770479933984,0.9659434057361977,3.516656631488829,-2.5507132257526313,13.123946830868288,34.100495145269115,47.53658792093954,49.53651431324606,-61.58008773404939,19469381.0,19505072.8,1.0
2025-10-16,1188.5706663313615,1193.4648052245232,1170.5922865045006,1182.9774169921875,48898.0,1165.7900170898436,1096.935225219727,1185.2588834578105,1186.46282325997,1242.9035528250076,1146.2332879953049,1194.5684204101562,49.43250505059257,55.48121574823864,41.25770479933984,0.5907531264203953,2.9314759304751425,-2.340722804054747,12.890536554186077,33.298496829180074,43.43683075760953,46.85555276221587,-68.18179235504243,19420483.0,19493939.4,1.0
2025-10-17,1182.0784606824584,1198.2589535801187,1175.3865570340447,1189.869140625,52085.0,1167.2163037109374,1097.3208673095708,1186.1809348912484,1186.7724884749728,1230.3587694739476,1152.2559277916775,1191.3073486328126,51.006961179414056,55.48121574823864,41.25770479933984,0.8398355264237125,2.5131478496648567,-1.6733123232411442,12.870973889556613,32.55377538038678,56.12554786044127,49.03298884633011,-48.0686285185374,19472568.0,19477780.45,1.0
2025-10-20,1201.1555051862597,1205.1507006945617,1173.588680563714,1195.562255859375,80599.0,1168.271037597656,1097.7800970458989,1188.057199084874,1187.571558237191,1223.7231607338151,1155.2758871177477,1189.4995239257814,52.3274487653375,54.91351046106009,41.25770479933984,1.4795664223149743,2.3064315641948805,-0.8268651418799062,13.135317683359863,32.482935719705424,60.337762355946154,53.300046991332316,-39.91418189246543,19553167.0,19468277.1,1.0
2025-10-21,1198.6584149368734,1222.5297306304894,1180.4803255548145,1194.06396484375,21816.0,1169.5395117187497,1098.2587591552738,1189.2585522366492,1188.1617770196056,1220.8002211570663,1156.1912339210587,1188.4957275390625,51.93075491746977,54.91351046106009,41.25770479933984,1.844397140956744,2.2140246795472533,-0.36962753859050945,14.033083586734719,33.16625495941753,67.2931422895213,61.252150835302906,-42.06023613768194,19531351.0,19459908.75,1.0
2025-10-23,1197.3601159679374,1213.5406086470898,1187.8715268468284,1203.153076171875,50601.0,1170.8079858398432,1098.7614270019533,1192.0374570236945,1189.5246223970844,1219.624127345584,1156.67815536926,1188.151141357422,54.1991035974317,54.91351046106009,41.25770479933984,2.834271717167894,2.338074087071382,0.4961976300965123,14.866723354154228,32.63074259090638,75.73087877343143,67.78726113963296,-31.2790055495643,19581952.0,19455648.05,1.0
2025-10-24,1206.5489705609948,1207.647624874617,1188.2709034461022,1199.2576904296875,49722.0,1172.5458959960933,1099.2568328857424,1193.4815037048932,1190.4094467636846,1217.9119526304767,1157.3415874085854,1187.626770019531,53.04381368016685,54.91351046106009,41.25770479933984,3.266772061350821,2.52381368192727,0.742958379423551,15.640817423900915,31.684026793592686,79.8964640706368,74.30682837786317,-40.4684160661326,19532230.0,19451623.15,1.0
2025-10-27,1201.4551376289664,1216.5369755852284,1186.573010669336,1204.6512451171875,51017.0,1174.7532421874998,1099.8450201416017,1195.715451987352,1191.7041557049122,1217.176380881081,1157.6776352322,1187.4270080566405,54.49029296581767,55.846880344997935,41.25770479933984,3.9986525105100554,2.8187814476438273,1.1798710628662281,16.706471985740425,31.561165230899807,90.44678989933118,82.02471091446645,-31.438261826911972,19583247.0,19452529.0,1.0
2025-10-28,1198.558672648268,1217.4359961272166,1188.9702276518203,1200.7559814453125,43494.0,1177.358107910156,1100.4134820556642,1196.7235578789441,1192.5270489540394,1218.5683284232296,1158.1034977486456,1188.3359130859376,53.2153155254676,55.846880344997935,41.25770479933984,4.215761144881299,3.0981773870913214,1.1175837577899772,17.731066890417964,31.34006546264956,89.3690719958911,86.57077532195302,-37.959903637828376,19539753.0,19458447.2,1.0
2025-10-29,1201.155513620052,1243.005211248097,1201.155513620052,1220.0328369140625,106818.0,1180.2126757812498,1101.1266906738283,1201.385413685968,1195.027575132223,1221.5090339924786,1161.2454826090834,1191.377258300781,58.40253088825781,55.846880344997935,41.25770479933984,5.875572492452648,3.6536564081635867,2.221916084289061,19.55894394565155,32.11929148694492,94.52422445213264,91.44669544911831,-28.967227680705555,19646571.0,19472298.4,1.0
2025-10-30,1216.736717117459,1225.3264848145343,1198.658482215911,1209.345703125,46069.0,1182.639758300781,1101.7293756103518,1202.9774715737744,1196.3292231315663,1223.3289654029547,1162.691627858764,1193.0102966308593,54.776475780772664,55.846880344997935,41.25770479933984,6.2565015081752335,4.174225428165917,2.0822760800093167,21.068172820382614,31.729913709207665,84.17018319903826,89.35449321568733,-42.98465736158544,19600502.0,19481208.9,1.0
2025-10-31,1211.742699492952,1217.1362375939907,1172.589833877422,1185.57421875,94554.0,1184.3896533203124,1102.258076171875,1199.4968210090196,1195.3514954605148,1220.368379133991,1168.32899635429,1194.3486877441405,47.68460718193649,55.846880344997935,42.03850739617618,4.587350256867467,4.256850393906227,0.3304998629612399,20.749192026267927,32.64537728116202,59.0413978913109,79.2452685141606,-73.3418778859844,19505948.0,19487220.95,1.0
2025-11-03,1183.576688734584,1203.552666603522,1176.784807489668,1194.5634765625,41257.0,1185.6381518554685,1103.1041992187497,1198.5101521197157,1195.279857378877,1217.7619041048968,1169.0177833951032,1193.38984375,50.30480001205574,54.08935486579058,42.03850739617618,3.944424968015028,4.194365308727987,-0.2499403407129588,20.452995574590005,32.22555455492573,35.918682691650694,59.710087927333284,-61.862204279580155,19547205.0,19490895.45,1.0
2025-11-04,1208.446695362054,1218.53453888117,1190.368461424045,1212.6416015625,99043.0,1186.9965161132807,1104.1264694213864,1201.3364420082726,1196.8581977592064,1219.2617118941043,1168.3769355668333,1193.8193237304688,55.16783816396471,54.08935486579058,42.03850739617618,4.837887491358742,4.323069745254138,0.5148177461046046,20.78807781936625,31.935591905082813,36.21265132581264,43.72424396959141,-41.93120191334654,19646248.0,19501711.3,1.0
2025-11-06,1218.9341806398093,1218.9341806398093,1163.800409169239,1201.4552001953125,121940.0,1188.013295898437,1105.0441958618162,1201.3601936456807,1197.2761070715796,1219.9986838613247,1168.9284157480508,1194.4635498046878,51.790569453158966,54.08935486579058,42.03850739617618,4.590398618631525,4.376535519929615,0.21386309870190967,19.636826075871646,33.59260473118906,46.253647768898425,39.46166059545392,-52.45895446013038,19524308.0,19508140.35,1.0
2025-11-07,1188.2709111790432,1190.5681972418529,1153.3129523674118,1173.8883056640625,122209.0,1188.5846093749997,1105.7099124145504,1195.8658160493571,1195.14994330726,1219.7259111207252,1169.4109419066192,1194.5684265136722,44.55234065996182,54.08935486579058,42.03850739617618,2.1451163355845893,3.9302516830606105,-1.7851353474760212,18.386740269077997,34.631864952382756,36.04302963522531,39.50310957664546,-77.06005673909779,19402099.0,19509589.55,1.0
2025-11-10,1168.0952964583855,1204.751166782558,1164.5995003595365,1176.3853759765625,50837.0,1189.5794140624996,1106.3968392944332,1191.9697280347982,1193.4440735499238,1219.958961805336,1168.918211046227,1194.4385864257815,45.29812192244336,52.56784789339346,42.03850739617618,0.4040476050140569,3.2250108674513,-2.820963262437243,17.551979535394835,35.02613648599981,14.564645020451072,32.28710747485827,-74.27601456682764,19452936.0,19512130.2,1.0
2025-11-11,1177.1842609655848,1203.552574110926,1173.5886096102392,1199.2576904296875,52418.0,1190.997707519531,1107.2405075073239,1193.427320513776,1193.9725841753568,1220.2747145659723,1169.0519089691838,1194.663311767578,51.70562502282201,52.56784789339346,42.03850739617618,0.8599299792606416,2.751994689813168,-1.8920647105525266,16.776844568403327,34.66455277276315,19.010727157628754,23.206133937768378,-48.77513551822291,19505354.0,19515001.8,1.0
2025-11-12,1202.6536307911688,1204.651228424548,1194.8630731752005,1199.2576904296875,35301.0,1192.6277465820312,1108.192118835449,1194.5933944969584,1194.4530483802957,1220.7167961876191,1169.5287116248808,1195.12275390625,51.70562502282202,52.56784789339346,42.03850739617618,1.207303007752671,2.4430563534010687,-1.2357533456483978,16.108471120904998,32.88766723537632,36.226578215630866,23.26731679790356,-48.77513551822291,19505354.0,19519400.5,1.0
2025-11-13,1194.663249984219,1208.0471786215635,1194.663249984219,1198.75830078125,20827.0,1193.2310205078127,1109.2521682739257,1195.4263757538167,1194.8444349622007,1219.414753860017,1173.6373701634204,1196.5260620117188,51.55271466079817,52.56784789339346,42.03850739617618,1.4258655737014578,2.2396181974611467,-0.8137526237596888,15.653351994436683,31.494543049802623,51.27954291685849,35.505616096706035,-49.33191673286689,19484527.0,19525259.2,1.0
2025-11-14,1194.26370029301,1207.4479178710933,1194.26370029301,1199.0579833984375,21742.0,1194.2038500976566,1110.3383963012693,1196.152697282741,1195.2274848200404,1219.663659669317,1174.387255858027,1197.025457763672,51.64513042110808,52.56784789339346,42.03850739617618,1.6047611766143746,2.1126467932917925,-0.5078856166774179,15.205962280915529,30.186662658965528,51.13395020725958,46.21335711324964,-48.9977935644604,19506269.0,19527103.6,1.0
2025-11-17,1213.0411738972557,1258.4865204697755,1199.5573897493653,1229.9208984375,334743.0,1195.2226245117192,1111.7055792236324,1202.9063375136927,1198.3814315125367,1225.3641159729893,1173.381147698886,1199.3726318359377,60.088803584525515,55.47310293421786,42.03850739617618,4.18863259310524,2.527843953254482,1.6607886398507579,16.752106707047492,32.275367974134994,67.2514324825908,56.55497520223629,-27.160457278080617,19841012.0,19548130.05,1.0
2025-11-18,1242.505704950764,1244.203614138218,1203.5525518212787,1206.6488037109375,54629.0,1196.1774731445319,1113.1635632324217,1203.6548307531418,1199.1330108033005,1225.9938830853735,1174.4293468950955,1200.2116149902345,52.62640987955967,55.47310293421786,42.03850739617618,4.308836173785721,2.88404239736073,1.4247937764249912,18.1878122455986,32.87363185576387,67.72643034585411,62.037271011901495,-49.2877798995896,19786383.0,19563820.8,1.0
2025-11-19,1147.0206663376612,1177.5838878983768,1113.6607591235709,1157.60791015625,681244.0,1196.1175463867191,1114.3683657836912,1194.4454466337636,1195.3580016535686,1230.36280083429,1166.2649945758665,1198.3138977050783,41.05558277208118,55.47310293421786,42.03850739617618,0.441815149457625,2.3955969477801093,-1.9537817983224843,17.994077343483536,37.16751847944978,50.656171997450926,61.87801160863194,-69.65515622070588,19105139.0,19541419.4,1.0
2025-11-20,1149.6174715466896,1156.6090634674774,1139.6294830884212,1153.8123779296875,87430.0,1195.1387231445317,1115.5564343261715,1186.3188328929484,1191.5811267695794,1234.026618348473,1158.5760183702776,1196.3013183593753,40.3167516421874,55.47310293421786,42.03850739617618,-2.895714607328273,1.337334636758433,-4.233049244086706,17.814180648662404,35.796869092905425,17.322838664117597,45.23514700247421,-72.2759138754779,19017709.0,19515737.3,1.0
2025-11-21,1154.0121884087755,1172.5898221951024,1135.3345772008608,1148.718505859375,71349.0,1194.503486328125,1116.693356018066,1178.7987674862338,1187.6845248686518,1236.6931804951148,1150.4659991923857,1193.5795898437502,39.29471345144282,55.47310293421786,42.03850739617618,-5.883937520876771,-0.1069197947686078,-5.777017726108163,17.044390867618148,35.90103880014372,0.0,22.65967022052284,-75.79315557540976,18946360.0,19483957.7,1.0
2025-11-24,1144.7233468161985,1177.284165203601,1134.2359588067663,1171.790771484375,75763.0,1194.3237036132812,1117.9827835083004,1177.397168285862,1186.2396381973538,1236.2970670662007,1148.1154207267682,1192.2062438964845,45.97511180855812,49.007754048386516,42.03850739617618,-6.317561776268121,-1.3490481910685106,-4.968513585199611,16.15683794411473,36.411550771335946,10.708809272827974,9.343882645648524,-59.86210476612316,19022123.0,19458452.35,1.0
2025-11-25,1172.5898144655864,1178.2829189690715,1153.9123253044754,1174.0880126953125,50776.0,1194.4435595703123,1119.282700195312,1176.7353371677523,1185.1349449698953,1235.0703290015742,1146.285835549207,1190.6780822753906,46.60516345022013,49.007754048386516,42.03850739617618,-6.402045164363017,-2.359647585727412,-4.042397578635605,15.294194681598512,35.551482406568816,22.427603654613456,11.04547097581381,-58.27589441957717,19072899.0,19432934.95,1.0
2025-11-26,1170.891970385503,1180.0808712695862,1163.6006898257028,1176.984619140625,57676.0,1194.617353515625,1120.6459613037102,1176.7851935623269,1184.3940062581432,1234.0183527217118,1144.9606755986006,1189.4895141601562,47.43755074380815,49.007754048386516,42.03850739617618,-6.164209752966599,-3.12056001917525,-3.043649733791349,14.419673274527623,34.18924662351985,35.48073115422348,22.872381360554968,-56.275831434658215,19130575.0,19412476.05,1.0
2025-11-27,1174.5874190181228,1199.557389660515,1169.493569391812,1192.4659423828125,55160.0,1194.0660156249999,1121.9210989379876,1179.921343326424,1185.127818633113,1230.3045858038129,1145.917753063375,1188.111169433594,51.76554637167248,49.007754048386516,42.03850739617618,-4.672646710439267,-3.4309773574280538,-1.241669353011213,13.93290885916182,33.8945733124615,44.76291105254304,34.223748620459986,-45.58621164720926,19185735.0,19389434.25,1.0
2025-11-28,1180.5801980365425,1190.5681861755995,1162.7016748828937,1168.195068359375,37891.0,1193.432775878906,1122.91284210205,1177.5760883330142,1183.5884776991368,1227.899036744499,1144.2082386461261,1186.0536376953125,45.447494513350534,49.007754048386516,42.03850739617618,-5.386931750665781,-3.8221682360755995,-1.5647635145901813,13.193597310908913,33.599551468708455,42.9071450961896,41.050262434318704,-62.344883445535395,19147844.0,19366801.35,1.0
2025-12-01,1172.5898102102003,1174.5874078425857,1146.7208964860731,1149.3177490234375,38445.0,1191.5690161132814,1123.7949917602532,1171.924420471099,1180.4729569104368,1229.1992671854296,1139.2823612325392,1184.2408142089844,41.23228313986662,51.36936178990525,40.89405676492935,-7.391050270511414,-4.535944642962763,-2.8551056275486513,12.635481480001635,33.1900486035516,32.95997971694375,40.21001195522546,-75.37938722474318,19109399.0,19346973.9,1.0
2025-12-02,1149.6174141207975,1188.4707116673922,1144.3237317328717,1150.516357421875,191028.0,1189.4775317382812,1124.7018316650383,1167.6428078612544,1177.7496296842037,1229.1324762852198,1134.9444402186866,1182.0384582519532,41.602643312813846,51.36936178990525,40.89405676492935,-8.781384620138851,-5.3850326383979805,-3.396351981740871,11.912362084871132,33.972686555763666,16.668647269734315,30.845257360955888,-74.55176623570364,19300427.0,19334635.0,1.0
2025-12-03,1149.6174365994018,1161.6030223849732,1147.619838968473,1155.6102294921875,61501.0,1187.955361328125,1125.7014495849603,1165.236292187441,1175.736956939475,1225.3765240833357,1132.9972552135393,1179.1868896484375,43.23977996165027,51.36936178990525,40.89405676492935,-9.364256385660838,-6.180877387850552,-3.1833789978102853,11.240894075107093,32.544864902959134,13.129637647976669,20.91942154488491,-71.03452453577178,19361928.0,19320419.0,1.0
2025-12-04,1157.6078800967764,1161.5032200400797,1146.2215486946932,1152.91357421875,40568.0,1186.7308349609377,1126.8025082397455,1162.7717485937028,1173.6621039648635,1223.1236691403806,1130.395947558838,1176.7598083496093,42.55955756470629,51.36936178990525,40.89405676492935,-9.929324925923538,-6.93056689546515,-2.9987580304583883,10.553890892509195,31.311779648846805,15.257284519988673,15.018523145899884,-72.89652425762456,19321360.0,19310271.6,1.0
2025-12-05,1152.6138417729355,1159.5055780365574,1129.8411798384504,1136.433349609375,48154.0,1185.2586059570315,1127.8944573974602,1157.5040687968374,1170.2776717507281,1224.6411296224164,1125.1329914713338,1174.887060546875,38.5665459393214,51.36936178990525,40.89405676492935,-11.573549535413804,-7.859163423454881,-3.714386111958923,10.399928349958486,31.19410954522253,11.557627796050571,13.314849988005303,-82.55546771728793,19273206.0,19303826.95,-1.0
2025-12-08,1136.4334253078584,1144.923215869096,1115.258815695027,1126.345458984375,68110.0,1183.5906127929688,1128.8726470947256,1151.272346834345,1166.283834226514,1226.6501306507994,1118.1199987437317,1172.3850646972655,36.32021468914859,47.505481049185505,40.89405676492935,-13.534599412816078,-8.99425062132712,-4.540348791488958,10.82211223041354,31.08484459014015,5.23360899237618,10.682840436138475,-85.23259901871418,19205096.0,19291434.95,-1.0
2025-12-09,1124.6475118684466,1158.3069845465436,1106.8688434619744,1153.213134765625,58639.0,1182.4819458007814,1130.1362463378898,1151.660504420601,1165.0955888209787,1223.4469928265642,1116.7186810015612,1170.0828369140627,45.435812657950216,47.505481049185505,40.89405676492935,-12.773503677087774,-9.750101232479253,-3.0234024446085215,10.5606561716976,32.53865148259937,19.67282230465308,12.154686364359943,-49.99998035962252,19263735.0,19279354.0,-1.0
2025-12-10,1153.213090779471,1161.5031697376355,1143.724502009282,1149.2178955078125,30220.0,1181.81474609375,1131.3930816650382,1151.1719826380433,1163.6521621561453,1219.8669166534492,1115.2947776824885,1167.5808471679688,44.417605623575675,47.505481049185505,40.89405676492935,-12.350345150549629,-10.270150016093329,-2.0801951344563,10.166102002022924,31.484366928724658,37.14820170702429,20.68487766801785,-54.31037190385348,19233515.0,19265762.05,-1.0
2025-12-11,1144.623505138761,1147.619901749072,1134.5356609354524,1139.92919921875,19903.0,1181.4292114257812,1132.6573208618154,1148.9234259541847,1161.4955291618367,1216.1538129764854,1113.1249712032022,1164.6393920898438,42.05777547608419,47.505481049185505,40.89405676492935,-12.619044639704953,-10.739928940815654,-1.879115698889299,10.192058670540787,30.284214617555765,49.53071508791754,35.45057969986497,-64.3317787227348,19213612.0,19252216.3,-1.0
2025-12-12,1139.9292050335982,1148.418995472786,1124.647533473584,1139.6295166015625,23415.0,1180.6881030273437,1133.8265771484362,1147.0646440836604,1159.5077098381753,1211.6564120830421,1111.6795254169579,1161.66796875,41.98028248377118,47.505481049185505,40.89405676492935,-12.709663711614212,-11.133875894975366,-1.5757878166388455,10.617616068695003,29.819018001959073,42.07316470914321,42.91736050136167,-64.6551008908758,19190197.0,19236412.7,-1.0
2025-12-15,1133.7365118755686,1154.2118876075183,1121.850781578139,1149.3177490234375,35078.0,1180.498330078125,1135.0343026733385,1147.5152650716159,1158.5813497641082,1196.1324680491393,1119.1431545094547,1157.637811279297,45.4777794590462,47.92992262282843,40.89405676492935,-11.862971637870942,-11.279695043554483,-0.5832765943164588,10.69650382306819,30.00059571820337,44.361178238111506,45.32168601172408,-54.20264174762565,19225275.0,19205625.85,-1.0
2025-12-16,1139.6294481257246,1147.4201276536385,1123.448956089206,1130.6402587890625,34457.0,1178.8363281250001,1136.1209692382802,1144.1402638151053,1156.0412505845586,1186.5294363925163,1121.1453316738903,1153.8373840332033,40.419204894600355,47.92992262282843,40.89405676492935,-12.554360582975278,-11.534628151438643,-1.0197324315366352,10.769756737843291,29.705466947919675,40.82489811765317,42.419747021635956,-74.35344894053111,19190818.0,19175847.6,-1.0
2025-12-17,1127.6438996135496,1134.535636050841,1110.6643191942137,1116.257568359375,30559.0,1177.0804394531253,1137.2142495727528,1138.5637247239592,1152.424552200451,1188.4453772177205,1115.0943566689982,1151.7698669433594,37.00567627603496,47.92992262282843,40.89405676492935,-14.100314570448063,-12.047765435240528,-2.052549135207535,11.39833953453215,29.288741941398797,31.10469121582825,38.76358919053098,-88.78279733985026,19160259.0,19178603.6,-1.0
2025-12-18,1113.660737914908,1132.5380609064548,1100.8760636339423,1121.3514404296875,50245.0,1175.7360546875004,1138.3095657348624,1135.121267865105,1149.5997238576542,1189.2354244199094,1111.0582157168094,1150.1468200683594,38.97148460880991,47.92992262282843,40.89405676492935,-14.744495967326884,-12.587111541657801,-2.1573844256690826,12.374370922706575,29.45826017933549,20.99186218540874,30.973817172963386,-76.62485408021018,19210504.0,19188243.35,-1.0
2025-12-19,1118.5548001741502,1137.6318328637756,1115.957947679654,1131.5391845703125,30694.0,1174.9310229492191,1139.275083923339,1134.4048512061465,1147.9578566497141,1189.2537941518635,1109.3219138559489,1149.2878540039062,42.815065791812174,47.92992262282843,40.89405676492935,-14.26847050959168,-12.923383335244578,-1.3450871743471016,12.951389092203765,28.902233393963076,35.786743369187946,29.294432256808307,-64.99429859611874,19241198.0,19202985.25,-1.0
2025-12-22,1136.433388730445,1138.2311535195695,1126.4454001563458,1134.435791015625,28543.0,1174.0400952148443,1140.16583831787,1134.4110391680422,1146.728577955706,1186.438307259478,1108.4019027014594,1147.4201049804688,43.89696244097312,46.89629511940299,40.89405676492935,-13.501844118183271,-13.039075491832318,-0.46276862635095384,13.4471920263593,27.67962767748169,60.8708726768358,39.216492743810825,-44.73669014239414,19269741.0,19215366.15,-1.0
2025-12-23,1133.0373922876895,1135.6342448040002,1114.6594698340054,1118.5548095703125,47336.0,1172.5159277343755,1141.1275109863273,1131.2397932484964,1144.1673262843067,1183.5747653580672,1105.7121242903702,1144.6434448242187,39.48612369763874,46.89629511940299,40.89405676492935,-14.014202654817609,-13.234100924429377,-0.7801017303882318,14.420462753692313,27.20070962694691,62.74414758401247,53.13392121001206,-70.84021916195205,19222405.0,19222841.45,-1.0
2025-12-24,1116.8568057765742,1123.7485421058363,1103.6727099565226,1104.6715087890625,37502.0,1170.807980957032,1141.8367868041985,1125.9261363566097,1140.5767974211026,1180.7363896761947,1101.3191889370867,1141.0277893066407,36.07359570311885,46.89629511940299,40.89405676492935,-15.363416924989451,-13.659964124541393,-1.7034528004480585,15.754249474357534,26.691789807115974,39.10303313979834,54.239351133548865,-93.7396893913612,19184903.0,19225557.85,-1.0
2025-12-26,1106.8687748387058,1108.6666614375365,1083.6966915853395,1088.0914306640625,33709.0,1169.1559667968756,1142.3736663818354,1118.3591952181005,1135.8054004431897,1174.4745495414654,1097.1435778999407,1135.809063720703,32.46509404195038,46.89629511940299,40.89405676492935,-17.56803927284477,-14.441579154202069,-3.1264601186427026,17.657784545589045,26.568802667478906,11.523838808096672,37.79033984396916,-94.35170543239234,19151194.0,19223830.8,-1.0
2025-12-29,1087.9915958825395,1113.6606766098123,1081.7989700870912,1105.7701416015625,42912.0,1167.4899682617192,1142.780559082031,1115.841384494793,1133.074922366678,1170.4125377212874,1094.963097044337,1132.6878173828122,39.42322114525814,41.69589992583354,40.89405676492935,-17.684834379166205,-15.090230199194895,-2.5946041799713093,19.05803730983437,26.946867228567633,17.823958904404428,22.816943617433147,-69.92483254386761,19194106.0,19226143.9,-1.0
2025-12-30,1115.658252568136,1115.658252568136,1089.989172339398,1106.8687744140625,208439.0,1165.967795410157,1143.322078552246,1114.046862478647,1130.6925452800765,1169.1180163820397,1092.0127209226478,1130.5653686523438,39.83805347158351,41.69589992583354,40.89405676492935,-17.487163718117245,-15.569616902979366,-1.9175468151378787,20.208096022620186,26.85559672857981,36.71055351908883,22.019450410529977,-68.54644493403418,19402545.0,19240801.2,-1.0
2025-12-31,1113.660758618411,1138.1313313414162,1108.1673647418177,1132.73779296875,127467.0,1164.8251684570316,1144.1547338867185,1117.7850485766676,1130.8784768881376,1167.09534975002,1092.257531109355,1129.6764404296875,48.73951285941654,41.69589992583354,38.586027319384335,-15.069384213296189,-15.469570365042731,0.40018615174654215,19.764845696279504,27.1703795999208,70.04388685242216,41.52613309197181,-29.655060690947344,19530012.0,19252280.45,-1.0
2026-01-01,1135.634259626405,1135.634259626405,1108.666691455857,1111.563232421875,17197.0,1163.1451879882816,1144.742909851074,1116.540685345709,1129.1225455730228,1163.62974870973,1091.3184324426143,1127.474090576172,43.11612321662186,41.69589992583354,38.586027319384335,-14.69252038034324,-15.314160368102835,0.6216399877595951,19.353256107534584,27.155893069251317,74.0354108727505,60.26328374808716,-58.89647406294942,19512815.0,19259824.8,-1.0
2026-01-02,1109.5656512408093,1133.5368233035924,1108.56685240486,1129.4417724609375,95622.0,1161.8527441406252,1145.416489868164,1119.1209027687548,1129.1515661991968,1160.4472683609022,1092.1537326156606,1126.3005004882814,48.517212707166465,41.69589992583354,38.586027319384335,-12.803612241661767,-14.812050742814623,2.008438501152856,18.976015818327845,26.99975577135712,88.02683348099859,77.36871040205708,-34.20676309526315,19608437.0,19274178.65,-1.0
2026-01-05,1134.6355023878311,1134.6355023878311,1104.8712476578298,1121.9508056640625,67902.0,1160.2286987304688,1146.1408645629883,1119.6868833478165,1128.4969516050937,1159.4313779012127,1091.721368680819,1125.576373291016,46.52397319781687,47.64624445142288,38.586027319384335,-11.775358347668544,-14.204712263785408,2.429353916116865,18.8167492547742,27.197219982688846,83.4889557919924,81.8504000485805,-38.81266794744852,19540535.0,19287545.1,-1.0
2026-01-06,1125.0471025052436,1140.6283409211794,1110.8640850068236,1138.3310546875,59035.0,1159.0101660156251,1146.99450592041,1123.4157176157532,1129.3909609762215,1160.5089238235093,1091.8423823288347,1126.175653076172,51.241172334904704,47.64624445142288,38.586027319384335,-9.528867672753904,-13.269543345579107,3.740675672825203,18.23897551703128,27.38057969209363,95.00680620059298,88.84086515786132,-3.9049988145517855,19599570.0,19307268.8,-1.0
2026-01-07,1138.3310273096097,1148.618704475694,1119.6535371454374,1139.7293701171875,32411.0,1157.7117285156248,1147.8551388549802,1126.67844811604,1130.3308163526729,1158.084189569279,1092.9187401182214,1125.5014648437502,51.633401565971454,47.64624445142288,38.586027319384335,-7.548659016560578,-12.125366479775403,4.5767074632148255,17.157378315826303,27.493764523390972,95.46212231099379,91.31929476785972,-13.303456590846075,19631981.0,19325681.1,-1.0
2026-01-08,1140.62826171875,1173.388912050724,1134.235924834013,1161.1036376953125,140539.0,1156.918681640625,1148.6314361572263,1133.5634860318946,1133.12834556564,1160.8603538833854,1091.3311500228651,1126.0957519531253,57.28921448555393,47.64624445142288,38.586027319384335,-4.2061191057148335,-10.54151700496329,6.335397899248456,17.088097174235124,28.326566144342397,99.99999999999999,96.82297617052892,-13.413344404442974,19772520.0,19352631.35,-1.0
2026-01-09,1168.5946106700878,1168.5946106700878,1119.6534688556997,1124.547607421875,61763.0,1155.0089770507814,1149.2192196655271,1131.7603103098909,1132.3482784616615,1159.4778722957594,1091.1754724308034,1125.3266723632814,47.136940094619845,47.64624445142288,38.586027319384335,-4.4555376121275,-9.324321126396132,4.868783514268632,16.143930518986807,29.799035835059954,86.3677286317845,93.94328364759275,-53.326056968397474,19710757.0,19377488.6,-1.0
2026-01-12,1124.547653568074,1124.6475090686886,1091.2876029762297,1115.9580078125,49947.0,1153.1412231445315,1149.5626266479494,1128.5998498104127,1130.8582538571923,1157.8449777886497,1090.441216059007,1124.1430969238284,45.113922570166416,47.03439751323045,38.586027319384335,-5.28538583969862,-8.516534069056629,3.231148229358009,16.0626585349082,30.053383710588452,70.0189897200369,85.46223945060713,-62.704378894603785,19660810.0,19401019.25,-1.0
2026-01-13,1122.1504961255969,1124.247949303711,1108.6667117929794,1116.7569580078125,28648.0,1151.7648779296878,1149.8748782348634,1126.2312714498928,1129.5763178708848,1154.180783024305,1090.8493317217892,1122.515057373047,45.34886901746374,47.03439751323045,38.586027319384335,-5.811585593985001,-7.975544374042304,2.1639587800573032,15.98719169254949,29.01965898202725,53.985732207158456,70.12415018632662,-61.8320667409071,19689458.0,19424228.4,-1.0
2026-01-14,1112.7617848425698,1130.6403088100817,1109.4658217608526,1121.850830078125,24708.0,1150.3106250000003,1150.3397384643556,1125.3551831755392,1128.8740007988156,1153.5096303608511,1090.6415415141491,1122.0755859375001,46.90927760908441,47.03439751323045,38.586027319384335,-5.751272693939427,-7.53069003802173,1.7794173440823027,15.544643468595092,28.459289558255954,53.68003156672335,59.228251164639566,-56.27046034493941,19714166.0,19450395.8,-1.0
2026-01-16,1118.0554062078445,1127.0445954488732,1103.173279635182,1118.7545166015625,32646.0,1148.4328833007814,1150.8260122680665,1124.0350498607438,1127.9540476899745,1153.5569214461734,1090.8439452530456,1122.2004333496095,46.048606462829945,47.03439751323045,38.586027319384335,-5.885476793812586,-7.201647389179901,1.316170595367315,15.429221376986357,28.131577147929896,49.05669649668382,52.240820090188535,-59.65108643791361,19681520.0,19476458.85,-1.0
2026-01-19,1106.6691169045348,1125.146895481009,1094.883241799795,1122.849609375,57031.0,1146.8607714843752,1151.3878552246094,1123.7979617635951,1127.4900078431585,1153.63044817975,1090.920235414,1122.275341796875,47.42258896276632,46.27687670530315,38.586027319384335,-5.5968774280966045,-6.880693396963242,1.2838159688666373,15.697646106338437,28.28386832887876,46.24378571377011,49.660171259059084,-60.59887339056117,19738551.0,19502861.2,-1.0
2026-01-20,1113.6607608500483,1118.3550668572489,1087.791845249152,1095.2828369140625,44805.0,1145.2886621093749,1151.8756832885742,1118.0949367936887,1124.5620832132406,1153.6984536314678,1087.2265951966572,1120.4625244140625,40.03180415091588,46.27687670530315,38.586027319384335,-7.506043506791684,-7.005763418928931,-0.5002800878627536,16.254458560702844,28.767718028662284,26.84842438908737,40.71630219984709,-91.24854163253528,19693746.0,19525488.6,-1.0
2026-01-21,1081.7990026528312,1110.3646251827597,1068.71476219204,1104.072265625,70057.0,1143.8423999023435,1152.3281829833986,1115.290402559951,1122.6993725234006,1152.2666006334186,1085.6220956556442,1118.9443481445314,43.07791369273993,46.27687670530315,38.586027319384335,-8.215138930460398,-7.247638521235224,-0.967500409225174,17.502257897811837,29.687871240237808,20.3708395146827,31.15434987251339,-66.22136078421028,19763803.0,19550191.7,-1.0
2026-01-22,1104.0722335382225,1116.4573632183303,1098.9783839708307,1111.9627685546875,28159.0,1142.0965014648434,1152.83409576416,1114.6248757588983,1121.723317617154,1152.0833091593568,1085.1461830281432,1118.61474609375,45.74240199615223,46.27687670530315,38.586027319384335,-8.047636377058097,-7.407638092399799,-0.6399982846582981,18.240939507088594,28.815807526470795,16.913907740229252,21.377723881333104,-58.683202661751075,19791962.0,19578669.55,-1.0
2026-01-23,1100.7761453526634,1112.462164596999,1079.7015148227288,1093.385009765625,53867.0,1139.979047851562,1153.2246835327148,1110.3769025602437,1119.1471078124694,1152.8625299421712,1083.2383123429847,1118.050421142578,40.88933412974901,46.27687670530315,38.586027319384335,-9.306677683040562,-7.787446010527952,-1.5192316725126096,19.598415004504687,29.09758197274218,18.570258958256336,18.618335404389427,-76.43138481956515,19738095.0,19606329.15,-1.0
2026-01-27,1093.7846042066217,1093.7846042066217,1066.9168905614442,1072.1107177734375,30222.0,1137.4460961914058,1153.6971154785156,1102.7236656028826,1114.8710723543757,1155.5207629537763,1078.9820080423178,1117.251385498047,36.158340456198594,43.009985660787635,38.586027319384335,-11.884141569633812,-8.606785122349123,-3.2773564472846886,21.24055982343921,28.938305663630416,12.686584481114803,16.056917059866795,-95.12188541238864,19707873.0,19634163.1,-1.0
2026-01-28,1068.7148140874208,1091.687188595842,1068.7148140874208,1088.8905029296875,24419.0,1135.2427465820308,1154.3514181518553,1099.9570330682436,1112.5092024066766,1156.446501640667,1076.3683054882395,1116.4074035644533,41.87115333177642,43.009985660787635,38.586027319384335,-12.429531934761144,-9.371334484831527,-3.058197449929617,22.765408583878408,28.512167723972613,10.668145788760407,13.97499640937718,-79.3620783555277,19732292.0,19661072.4,-1.0
2026-01-29,1083.696718887544,1117.3561903268355,1077.3043820595997,1099.1781005859375,74249.0,1132.6278906249995,1154.9671643066406,1099.8012465717825,1111.2972840593366,1156.5919030256593,1075.4538367204343,1116.0228698730468,45.11395245409922,43.009985660787635,38.586027319384335,-11.894521929906432,-9.875971973846507,-2.0185499560599247,22.496235427677266,29.33642776277713,23.139009541364054,15.497913270413088,-69.69982388496163,19806541.0,19681272.2,-1.0
2026-01-30,1103.6727621957075,1116.6571476333042,1086.2936373021862,1114.4598388671875,22240.0,1130.7841113281247,1155.7353533935545,1102.7329650308634,1111.5847890418684,1154.9087893415171,1075.3091549944202,1115.1089721679687,49.6108105506516,43.009985660787635,38.586027319384335,-10.120748394494285,-9.924927257976064,-0.1958211365182212,22.246288925490493,29.40979080337291,56.47234287469738,30.093166068273945,-53.24152798180055,19828781.0,19696210.65,-1.0
2026-02-02,1089.5896755666238,1118.954385756428,1080.7003415334138,1110.664306640625,40407.0,1129.8452392578124,1156.3140487670896,1104.3192333528157,1111.5011088235735,1154.882728840685,1075.245322917127,1115.064025878906,48.546928234393526,46.39538211357745,37.413778966466786,-8.91848111964373,-9.723638030309598,0.8051569106658683,22.24640660095284,30.04152319049015,78.15773053446819,52.58969431684321,-31.347976487252915,19788374.0,19709988.6,-1.0
2026-02-03,1134.6355314024063,1164.5994979007094,1123.648743686362,1132.9376220703125,134591.0,1129.4277441406248,1156.9205978393552,1110.042911096315,1113.4498827550951,1155.3528611747338,1075.1247755440158,1115.2388183593748,54.68779072552766,46.39538211357745,37.413778966466786,-6.098110016812598,-8.998532427610199,2.900422410797601,21.345058850549727,31.748213766889737,97.3638488971708,77.33130743544544,-32.41301260564311,19922965.0,19725715.0,-1.0
2026-02-04,1135.5344326504382,1140.6282823814145,1115.8580222257233,1128.8424072265625,35815.0,1129.0302221679688,1157.4737646484373,1113.8028103223646,1114.8492031615922,1156.056990074773,1075.1098068002268,1115.5833984375,53.4252621014306,46.39538211357745,37.413778966466786,-4.145607231283066,-8.027947388344773,3.882340157061707,20.149960640455205,31.249788508946985,95.0926381025601,90.20473917806636,-36.60538108893589,19887150.0,19743045.75,-1.0
2026-02-05,1123.7486010165212,1147.6199187503753,1121.5512922392174,1132.837646484375,54587.0,1128.2511596679685,1158.0678475952145,1117.6097775547669,1116.4845161909361,1155.202731083361,1075.414724971327,1115.308728027344,54.52818196288966,46.39538211357745,37.413778966466786,-2.2499166496177168,-6.872341240599361,4.622424590981645,19.328637420682487,30.879705509104905,97.44166292745867,96.63271664239653,-32.51535998217277,19941737.0,19760154.1,-1.0
2026-02-06,1125.0470234605905,1127.444165030858,1107.5680439827604,1117.4561767578125,21507.0,1127.1185229492185,1158.4693521118163,1117.579057395376,1116.572848969743,1152.427635210322,1075.962501508428,1114.195068359375,49.653123404358844,46.39538211357745,37.413778966466786,-1.9660607401799552,-5.8910851405154805,3.9250244003355252,17.97851775652639,30.478983865712742,88.38460826044845,93.63963643015575,-48.261735048862505,19920230.0,19774566.55,-1.0
2026-02-09,1121.6511545860717,1167.496048067427,1120.152956249581,1163.6007080078125,39775.0,1126.8508447265622,1159.1050692749022,1126.7833875178633,1120.8481088822948,1153.2081696789103,1075.4316740710894,1114.3199218749999,60.93645917418127,46.87854342499956,37.413778966466786,1.9597839693817605,-4.320911318536033,6.280695287917793,18.133803797096274,31.876190111705725,90.65581905505913,92.16069674765541,-3.872909811739822,19960005.0,19783940.8,-1.0
2026-02-10,1163.6006473979985,1175.7859444639362,1156.70891102438,1166.6968994140625,25456.0,1126.3354638671872,1159.7906698608394,1134.766089897103,1125.0161807488191,1161.6945913240525,1071.1601816251664,1116.4273864746094,61.55897752090001,46.87854342499956,37.413778966466786,5.260244136409938,-2.404680227546839,7.664924363956777,18.527130677356126,30.96196463512361,90.94294533298977,89.99445754949912,-8.348602953796435,19985461.0,19797676.0,1.0
2026-02-11,1168.5946709914117,1170.991812649978,1156.309396193565,1165.19873046875,29339.0,1126.2755371093747,1160.5430685424801,1140.8526180114325,1128.6691398142673,1169.1320140088417,1068.6468312060017,1118.8894226074217,61.05198910058253,46.87854342499956,37.413778966466786,7.666616896861115,-0.3904208026652485,8.057037699526363,18.872386488053557,29.799139765215724,99.33467755286864,93.64448064697251,-9.724723064709062,19956122.0,19812441.6,1.0
2026-02-12,1165.6981455182834,1165.6981455182834,1142.72577133632,1145.72216796875,19404.0,1126.203625488281,1161.2115460205075,1141.8265280028959,1130.2194151010383,1171.9720456028374,1068.7033206080998,1120.3376831054686,54.7402424186419,46.87854342499956,37.413778966466786,7.910896929729006,1.2698427438136024,6.6410541859154035,18.51900975579511,29.311513652126276,90.38643072361367,93.5546845364907,-27.614620884014162,19936718.0,19824804.6,1.0
2026-02-13,1140.7281048465302,1192.5657878488162,1140.2287054378835,1167.995361328125,256811.0,1126.553205566406,1162.0123300170894,1147.0602946679417,1133.6535920307733,1178.5141345955108,1066.7756847404266,1122.6449096679687,59.85198193645046,46.87854342499956,37.413778966466786,9.788910705746957,2.973656336200274,6.815254369546683,19.052239658057015,30.956197134898165,88.14633522246355,92.62248116631528,-19.5548286146086,20193529.0,19848772.75,1.0
2026-02-16,1176.3853674188206,1200.6561070029138,1167.595888521891,1170.59228515625,74241.0,1126.852846679687,1162.9203311157223,1151.7666927656035,1137.0116550421803,1185.018800038,1065.4547961534056,1125.2367980957029,60.41337415083161,54.35218208341783,37.413778966466786,11.35589649711278,4.650104368382776,6.705792128730005,19.77713425377867,31.106484373907062,86.87204369115557,88.46826987907758,-22.78575659094031,20267770.0,19878085.25,1.0
2026-02-17,1170.5921912327874,1180.180635308661,1159.1060050560152,1162.9014892578125,22554.0,1127.0526049804682,1163.8048358154292,1153.9936520640454,1139.3652763345106,1189.3236972144564,1065.155086965231,1127.2393920898437,57.834182389429316,54.35218208341783,37.413778966466786,11.840669207884503,6.088217336283121,5.752451871601382,20.01823432533676,30.38992336524555,88.27029669484054,87.76289186948654,-30.607288031400714,20245216.0,19903418.5,1.0
2026-02-18,1166.5970035417777,1175.38648178999,1142.7256877318284,1150.0169677734375,41211.0,1127.3242773437496,1164.6089633178706,1153.1983152059238,1140.3336119198675,1190.944588785472,1069.0076084801524,1129.9760986328122,53.698082578471606,54.35218208341783,37.413778966466786,11.057715410357787,7.082116951098055,3.975598459259732,19.462334673346053,30.552128414739556,70.37291610404215,81.83841883001274,-42.21484397292422,20204005.0,19928931.45,1.0
2026-02-19,1154.1120508870226,1166.597036292551,1123.648686497534,1129.6414794921875,38857.0,1127.3901977539062,1165.2683349609372,1148.4869480631767,1139.3615998809876,1190.9959474836812,1071.5131711686624,1131.2545593261718,47.86798323814161,54.35218208341783,37.413778966466786,8.692881143018212,7.404269789482087,1.2886113535361252,18.14400898271123,31.43757279904508,38.979196749148144,65.87413651601028,-59.20067887756719,20165148.0,19948998.7,1.0
2026-02-20,1123.6486516338864,1141.3273416501202,1122.649852832434,1131.4393310546875,20506.0,1126.9547216796875,1166.0394042968749,1145.0774246614787,1138.641393624051,1191.2766336576065,1073.1801412447376,1132.228387451172,48.40032996856123,54.35218208341783,37.413778966466786,6.884444948316059,7.300304821248882,-0.4158598729328231,16.87937445967575,30.52613822894802,14.491956753772609,41.2813565356543,-74.3562318331202,20185654.0,19968683.3,1.0
2026-02-23,1135.2347382285543,1158.007400571479,1129.74134460338,1141.6270751953125,28525.0,1126.8029052734373,1166.7995877075193,1144.3873547682456,1138.9128192214384,1190.8823847401538,1078.3985967051588,1134.6404907226563,51.427188922063095,48.98394863345848,37.413778966466786,6.20182130900298,7.080608118799701,-0.8787868097967211,16.35680917554403,30.364703781744517,9.961663679152345,21.144272394024366,-63.41203145973896,20214179.0,19992487.5,1.0
2026-02-24,1138.6306842425945,1157.6078623133044,1129.941183053376,1153.8123779296875,23354.0,1127.0805688476562,1167.6433837890622,1146.272359400534,1140.267324558552,1187.172606648345,1090.278540812593,1138.725573730469,54.839488038125765,48.98394863345848,37.413778966466786,6.568373133833347,6.978161121806431,-0.40978798797308347,15.871569983136004,30.17198774447193,26.935119991631762,17.129580141518904,-50.32195058466811,20237533.0,20018970.5,1.0
2026-02-25,1147.619823203228,1160.504352130455,1135.1348381814348,1143.92431640625,27143.0,1127.16646484375,1168.4798693847654,1145.8027508016773,1140.5997783628882,1183.8809704376986,1099.0735583708956,1141.477264404297,51.66750493728328,48.98394863345848,37.413778966466786,5.991913124251369,6.780911522295419,-0.7889983980440505,15.538056413540353,29.828953901939656,34.88967975854982,23.928821143111307,-60.944216429104856,20210390.0,20042875.4,1.0
2026-02-26,1143.624663980136,1161.902731396629,1139.629468647454,1148.3189697265625,43731.0,1127.1464892578124,1169.0907812499997,1146.3059945866544,1141.301523032313,1181.4287320825472,1106.4398836401094,1143.9343078613283,52.96951714123857,48.98394863345848,37.413778966466786,5.822557391592454,6.589240696154826,-0.7666833045623722,15.287569343235837,29.289261676742186,38.644771578573895,33.48985710958516,-65.01253278485441,20254121.0,20065254.4,1.0
2026-02-27,1143.7245040858809,1174.587412000215,1141.3273625337963,1161.60302734375,78052.0,1127.7657446289063,1169.6347418212886,1149.3654011380736,1143.1471143333529,1181.8620541621003,1110.720880408212,1146.2914672851562,56.76126646461874,48.98394863345848,37.413778966466786,6.683214249807861,6.608035406885434,0.07517884292242716,15.580047924055574,29.572889376004788,43.32370720297713,38.952719513366944,-50.064036626876984,20332173.0,20090424.0,1.0
2026-03-02,1111.6631254712572,1147.3201958206712,1091.68714837384,1128.343017578125,31990.0,1128.0074536132813,1169.839891967773,1145.160924426084,1141.801287355605,1179.772600068451,1114.578205595612,1147.1754028320315,46.62543497121377,53.100145338634455,42.28413619519228,4.628135918105727,6.212055509129493,-1.5839195910237658,15.303682947104251,32.45453148985516,34.073047923671275,38.680508901740765,-66.3611824271349,20300183.0,20116014.45,1.0
2026-03-04,1110.964054294776,1150.316633028138,1103.0735186777713,1132.5380859375,80862.0,1128.2311865234376,1169.9074682617183,1142.6363567283672,1140.9591781357772,1179.7898304890973,1114.5210215616844,1147.1554260253909,47.88939907245887,53.100145338634455,42.28413619519228,3.29993885021986,5.629632177347566,-2.329693327127706,14.914209382320653,33.51085883703456,24.708115940253094,34.0349570223005,-62.5113995053261,20381045.0,20138918.45,1.0
2026-03-05,1136.6330568505482,1176.5850096396712,1132.3381731562438,1161.60302734375,42257.0,1128.832463378906,1169.9291619873043,1146.4296908514439,1142.8358917001383,1180.8410344900144,1116.7458795724856,1148.79345703125,55.714302293369926,53.100145338634455,42.28413619519228,4.540293295534639,5.411764400984981,-0.8714711054503423,14.211066804226613,34.27771438320548,25.028713594137486,27.93662581935395,-35.8387197147575,20423302.0,20165726.05,1.0
2026-03-06,1154.611457714568,1213.5405892069202,1124.9471809700954,1179.181884765625,144150.0,1129.727385253906,1170.0310223388667,1152.98012963428,1146.1400728879096,1184.9522613195054,1117.26907657112,1151.1106689453127,59.659758792800176,53.100145338634455,42.28413619519228,6.862641748788064,5.701939870545598,1.1607018782424667,14.715417479741316,38.15740680132115,56.54012766838997,35.42565240092685,-28.196745374109856,20567452.0,20197011.8,1.0
2026-03-09,1173.5886684823952,1178.5826628163627,1131.639116077067,1158.806396484375,80737.0,1130.5324169921873,1169.947492065429,1154.145383004299,1147.2915568512244,1183.199438620093,1123.1569212431884,1153.1781799316407,53.68910366627272,55.36061285613183,42.28413619519228,6.9785437025616375,5.957260636948806,1.021283065612831,15.183743107004968,38.82778979326664,71.54867967899187,51.03917364717311,-44.91805266091941,20486715.0,20225336.05,1.0
2026-03-10,1158.706517943395,1208.546604790139,1150.716127167923,1191.16748046875,79660.0,1132.262336425781,1169.9866284179684,1161.5498024971894,1151.2802771800903,1188.823649927537,1120.2893871818376,1154.5565185546873,60.45774690198846,55.36061285613183,42.28413619519228,9.571333486151389,6.680075206789323,2.8912582793620656,16.396309501039873,40.185124638191596,82.90902342155816,70.33261025631333,-18.36067047857748,20566375.0,20255654.55,1.0
2026-03-11,1191.5670088160869,1207.048390741191,1185.47436031417,1191.966552734375,49391.0,1134.3398388671876,1170.0479577636713,1167.6331525446267,1154.979029503207,1193.6501379970546,1117.9898644443515,1155.820001220703,60.61083551415032,55.36061285613183,42.28413619519228,11.557390124271024,7.655538190285663,3.901851933985361,17.52226400978657,38.85576076596512,84.730942680639,79.72954859372967,-17.70490543808133,20615766.0,20287169.8,1.0
2026-03-12,1179.381772481867,1202.5538578503708,1163.7005568291047,1195.0628662109375,48137.0,1136.125693359375,1170.080395507812,1173.1190952778888,1158.623014658455,1198.8755011176675,1115.7509148979573,1157.3132080078124,61.2370765849564,55.36061285613183,42.28413619519228,13.228708620936459,8.770172276415822,4.4585363445206365,17.58241214495548,38.85558506991519,99.99999999999999,89.21332203406571,-15.163891039641852,20663903.0,20322558.85,1.0
2026-03-13,1190.5682236100415,1192.9653652235245,1125.146899242208,1135.1348876953125,70228.0,1136.691015625,1169.8692840576168,1165.5222537613736,1156.4877303890783,1199.2280765032813,1114.339611485,1156.7838439941406,45.99498285776832,55.36061285613183,42.28413619519228,9.606812192622556,8.93750025965717,0.6693119329653854,16.418269467314538,41.074183776973356,66.66666666666666,83.79920311576855,-64.34426551730374,20593675.0,20355406.7,1.0
2026-03-16,1137.1324532196256,1154.5115770211578,1115.658278652896,1143.025390625,52526.0,1136.896767578125,1169.4837322998042,1161.022881134099,1155.2638813196165,1198.059909492053,1113.010781425915,1155.535345458984,47.83601217148585,48.98917768475274,42.28413619519228,7.289106538703436,8.607821515466423,-1.3187149767629869,15.634442452504137,40.91554910492254,37.359528480074864,68.0087317155805,-57.868861231842295,20646201.0,20378040.3,1.0
2026-03-17,1142.3262436400266,1185.8739728560415,1141.127733739493,1151.11572265625,83571.0,1137.6878173828125,1169.239844360351,1159.041449438529,1154.8867759865832,1196.5225591724195,1112.600475495549,1154.5615173339843,49.728339113601926,48.98917768475274,42.28413619519228,6.035556156630719,8.093368443699282,-2.057812287068563,15.11126492540643,41.18916982003869,12.19076956513707,38.738988237292865,-51.22946559726809,20729772.0,20401140.4,1.0
2026-03-18,1157.607809379788,1192.5657673852172,1151.9147049883763,1187.771484375,54663.0,1138.8544116210937,1169.1834735107416,1164.7874564258234,1157.8762949309846,1200.2095779013816,1111.4004562783057,1155.8050170898437,57.28849645547979,48.98917768475274,42.28413619519228,7.908754870101802,8.056445728979787,-0.1476908588779846,14.816051892836732,41.20780374210502,36.88884976297469,28.81304926939554,-21.14762181169738,20784435.0,20428101.35,1.0
2026-03-19,1178.5825908490206,1212.5417502463652,1168.1950588839195,1181.179443359375,173216.0,1140.0389843750002,1169.1365222167965,1168.0658538125338,1159.994762969929,1203.0800934970064,1111.6461882412748,1157.3631408691406,55.66717504265631,48.98917768475274,42.28413619519228,8.76037161735735,8.1972309066553,0.5631407107020507,15.085919582949419,41.432010000700785,54.01502462087633,34.36488131632936,-26.557432950846948,20611219.0,20448462.05,1.0
2026-03-20,1182.5778232133969,1228.5225697233768,1172.5898348416622,1179.28173828125,248088.0,1140.8579980468749,1168.9407275390622,1170.309030706277,1161.7481243618674,1204.6051347287757,1115.0851728884122,1159.845153808594,55.18300209541999,48.98917768475274,42.28413619519228,9.176375539973833,8.393059833319006,0.7833157066548271,15.735668070819592,42.467776063630346,65.9439697283067,52.28261470405257,-35.98544218776838,20363131.0,20458361.2,1.0
2026-03-23,1162.6018281469635,1177.5838104684449,1149.7172989657524,1161.503173828125,106173.0,1141.2934741210936,1168.6380914306637,1168.5478593306468,1161.7258561315273,1204.0642545302328,1118.6324373642985,1161.3483459472657,50.73126335304548,54.62573684208278,42.28413619519228,7.979497397159321,8.31034734608707,-0.33084994892774944,15.490277165409157,41.546109153049436,51.60378519329572,57.18759318082624,-53.423597338243475,20256958.0,20461926.4,1.0
2026-03-24,1190.5682737566383,1205.5502570673343,1158.606709360487,1201.155517578125,98259.0,1142.0945117187498,1168.551196289062,1175.0693909801425,1165.3103708084907,1209.4808311071788,1119.1687050256337,1164.3247680664062,58.728368992371124,54.62573684208278,42.28413619519228,10.11398784199514,8.671075445268684,1.4429123967264559,15.963352310244767,41.93164047832071,58.29839028825152,58.61538173661798,-24.247750892407392,20355217.0,20468978.3,1.0
2026-03-25,1207.348047488464,1260.4840952873649,1203.8522516615974,1237.31201171875,203621.0,1144.349799804687,1168.5821594238278,1187.517915127864,1171.8559745276052,1223.8524002164534,1113.1470992952657,1168.4997497558595,64.40231610108236,54.62573684208278,42.28413619519228,14.55532902974278,9.847926162163503,4.707402867579276,17.467435109239183,43.174278851957794,71.53820409575894,60.480126525768725,-15.999967483076393,20558838.0,20485043.55,1.0
2026-03-27,1227.523787772824,1250.4961613438368,1188.4707770868392,1197.1602783203125,419891.0,1145.9738452148435,1168.474289550781,1189.4463877663536,1174.1563657814875,1226.658102847606,1115.6649928555191,1171.1615478515625,55.30882308606389,54.62573684208278,42.28413619519228,14.666152321353138,10.811571394001431,3.854580927351707,18.330054524684847,44.520786380889206,78.04648545267807,69.29435994556285,-43.72412214797146,20138947.0,20481471.4,1.0
2026-03-30,1183.576611328125,1205.4503300487995,1147.5199980175496,1173.588623046875,263715.0,1147.110478515625,1168.2041143798824,1186.274834822458,1174.1047528056135,1226.8725924033486,1117.977468631808,1172.4250305175783,50.77610125015443,56.71184961703028,42.28413619519228,12.705484082752946,11.190353931751734,1.5151301510012125,17.87929705588503,45.478611070200685,58.85750610797336,69.48073188547012,-59.99998775067048,19875232.0,20462526.95,1.0
2026-04-01,1196.5609706957714,1250.4961062697043,1188.770291232286,1243.6043701171875,125662.0,1149.545549316406,1168.3684167480467,1197.740741881404,1180.4228998339386,1239.260502501156,1113.7896928113444,1176.5250976562502,61.000056839463774,56.71184961703028,43.48819207789258,16.609857917575255,12.274254728916437,4.335603188658817,18.328725257754076,47.72353050967416,52.69644841673254,63.20014665912799,-11.655190740460808,20000894.0,20445963.0,1.0
2026-04-02,1225.5261901388258,1246.5009660091723,1207.5478108213858,1240.807861328125,58762.0,1151.9866162109374,1168.5347167968748,1206.354165770748,1185.9124417879555,1246.8306666590747,1117.466013028425,1182.14833984375,60.45990538033778,56.71184961703028,43.48819207789258,19.256470814475733,13.670697946028298,5.585772868447435,18.746051445203907,47.09707512953933,62.02440162281845,57.85945204917478,-13.586137068987792,19942132.0,20428060.45,1.0
2026-04-06,1252.393853949849,1257.4877035030515,1210.8438477819827,1218.3348388671875,106983.0,1153.8963208007813,1168.7369732666014,1208.750300390036,1188.8599324315219,1248.5980688383206,1124.2782861421479,1186.4381774902342,56.15647176085529,61.38008112750009,43.48819207789258,19.3178612261097,14.800130602044579,4.51773062406512,19.337226134830402,47.06470231464858,71.76756655167478,62.162805530408576,-29.10341360377714,19835149.0,20400765.65,1.0
2026-04-07,1221.5309590289444,1230.5201484249055,1212.5417696329832,1223.9281005859375,32670.0,1156.469226074219,1168.9452227783202,1211.7858604292164,1192.0479477182869,1252.7130224371222,1126.395839867565,1189.5544311523436,56.97726542450396,61.38008112750009,43.48819207789258,19.591998680297365,15.758504217695137,3.8334944626022285,19.886174060912147,44.98710777731099,62.98855732931116,65.59350850126813,-25.24135237137475,19867819.0,20372991.5,1.0
2026-04-08,1265.4781081717829,1267.4757058168846,1201.2552951122968,1230.12060546875,301556.0,1158.9901928710942,1169.184934082031,1215.4528094371233,1195.5090984228743,1257.5650147435854,1126.6377196314143,1192.1013671874998,57.91661038933709,61.38008112750009,43.48819207789258,20.07749709026666,16.622302792209442,3.4551942980572186,21.062708013500224,46.50377227211647,55.394863514870075,63.38366246528534,-29.565255171055306,20169375.0,20353087.65,1.0
2026-04-09,1231.5189767517847,1254.0918062799349,1216.53699406624,1222.429931640625,175945.0,1161.199536132813,1169.4191522216795,1216.8482338778235,1197.956446897215,1260.1142166877657,1130.4508712028596,1195.2825439453127,56.27332719861108,61.38008112750009,43.48819207789258,19.615568905631108,17.220956014893776,2.3946128907373314,22.155203826617722,45.86456083937208,50.506594992652595,56.296671945611266,-37.552005654965,19993430.0,20328423.4,1.0
2026-04-10,1224.527384353319,1323.4084700392718,1224.527384353319,1303.5323486328125,780326.0,1165.4024829101566,1170.0758624267576,1234.1850568288214,1207.5542561459058,1281.7316514338397,1120.069923273192,1200.9007873535159,66.92955327371793,61.38008112750009,43.48819207789258,25.49982859048555,18.876730530012132,6.623098060473417,24.159257446919483,49.80127352217742,65.44666190625702,57.11604013792656,-11.30041166313881,20773756.0,20338792.45,1.0
2026-04-13,1297.539549382667,1423.2883477935118,1285.5539632959849,1409.9044189453125,1379554.0,1172.158356933594,1171.3348480224606,1269.3289292521197,1225.9497254913065,1335.1393862386824,1088.4559750894425,1211.7976806640625,75.39803112162863,66.90370762781889,43.48819207789258,38.304928498528625,22.76237012371543,15.542558374813193,26.918148029891395,56.08221002041667,80.17955882819977,65.37760524236978,-4.853323036915791,22153310.0,20415669.65,1.0
2026-04-15,1466.33653808495,1488.2102568488754,1442.5651990827832,1466.8359375,725287.0,1179.7172656250002,1172.7606335449216,1308.8303309016958,1247.8484720375511,1392.9283263932489,1057.8443420637823,1225.3863342285156,78.56217266267083,66.90370762781889,43.48819207789258,52.44243641946582,28.69838338286551,23.74405303660031,29.879265071491083,57.66961201206997,99.99999999999999,81.87540691148558,-6.273827558849487,22878597.0,20526404.35,1.0
2026-04-16,1469.2331125811625,1532.0575848118249,1448.2583366707584,1496.300537109375,359861.0,1187.659714355469,1174.3741931152342,1346.3243721432318,1270.435023407717,1444.5265148158594,1042.3627185825778,1243.4446166992186,79.99611856944131,66.90370762781889,43.48819207789258,65.27164930163758,36.01303656661993,29.25861273501765,32.85136351642957,59.53601459271258,99.99999999999999,93.39318627606659,-9.298713293683726,23238458.0,20658643.5,1.0
2026-04-17,1493.204288115734,1552.9325084098389,1481.5183902825645,1489.908203125,384300.0,1195.1686816406252,1175.9757666015623,1375.0411383395854,1290.3871306547428,1484.0210227253267,1037.5564919231108,1260.7887573242188,78.76519817556346,66.90370762781889,43.48819207789258,74.06926068006555,43.62428138930906,30.444979290756493,35.70906246521065,60.384450559467,98.59580234509833,99.53193411503277,-15.545722854939692,22854158.0,20769041.35,1.0
2026-04-20,1503.092459479576,1503.092459479576,1461.2427620066103,1475.525634765625,165942.0,1202.4659082031253,1177.367593383789,1395.1380376247935,1307.217903755732,1513.4418283626223,1040.5766774967528,1277.0092529296876,75.93407081336441,77.29503447067405,43.48819207789258,78.97055461819946,50.69353603508714,28.277018583112316,37.77154658759639,59.06053962471691,93.96193815570729,97.51924683360187,-19.093360875645573,22688216.0,20866963.55,1.0
2026-04-21,1477.2234404644569,1512.1813988256847,1467.3353078575444,1480.819091796875,153392.0,1209.4235375976566,1178.6440576171872,1412.2742484592097,1322.9998299412905,1540.7897757747232,1042.5334908268396,1291.6616333007814,76.27211363610255,77.29503447067405,43.48819207789258,82.33292046261249,57.02141292059221,25.31150754202028,39.74385382538042,58.045221863532866,89.71370324121176,94.09048124733913,-17.7876643577636,22841608.0,20969822.2,1.0
2026-04-22,1491.706065397776,1602.4728809794422,1478.22228107714,1590.9866943359375,601226.0,1218.666423339844,1180.3844647216795,1448.0167376345553,1347.3622721589857,1588.9000392473456,1035.4039524518732,1312.1519958496094,81.95356901065071,77.29503447067405,43.48819207789258,92.81728455508232,64.18058724749024,28.636697307592087,42.056517671747336,62.77417743773068,91.11790089611341,91.59784743101082,-2.7764357604153966,23442834.0,21111402.95,1.0
2026-04-23,1600.075695723434,1613.9590235854214,1560.5232871801757,1568.2139892578125,292536.0,1227.3739501953128,1182.0829217529292,1472.056187959207,1367.4397009861516,1623.2905338665582,1039.906682930317,1331.5986083984376,77.80631351293366,77.29503447067405,43.48819207789258,98.15715704802074,70.97590120759634,27.1812558404244,44.25570878424401,62.10714593541032,90.39295092958238,90.40818502230252,-11.084230931678585,23150298.0,21250761.3,1.0
2026-04-24,1569.013182773277,1583.196078079883,1489.4088389948558,1506.7879638671875,331013.0,1235.1605859375002,1183.4003375244138,1479.002543140803,1380.1077248844276,1639.0343493364787,1058.6913464643023,1348.8628479003905,67.83466261082488,77.29503447067405,43.48819207789258,96.32213595522421,76.04514815712191,20.276987798102297,44.4754739149424,64.37000973181152,76.39765213288645,85.96950131952741,-25.96803768037994,22819285.0,21378877.65,1.0
2026-04-27,1515.5773739920671,1542.0455430737825,1494.90216498912,1510.28369140625,145472.0,1242.094245605469,1184.624864501953,1485.2587727938926,1391.9419036591387,1654.29524400471,1074.3432691788832,1364.3192565917966,68.08533835669076,77.96967719901046,43.48819207789258,94.0656146639244,79.64924145848242,14.416373205441985,44.67954153630519,63.13953604272945,58.39648382164138,75.0623622947034,-25.121006917659283,22964757.0,21509354.65,1.0
2026-04-28,1522.5689639243074,1553.1321837995486,1478.6218153151883,1485.41357421875,159853.0,1248.4685791015627,1185.7624957275389,1485.2897330788642,1400.439328255467,1665.0458373952058,1088.4028320383875,1376.7243347167966,64.24901156755986,77.96967719901046,43.48819207789258,89.24177108838853,81.56774738446364,7.674023703924888,44.47216047860685,63.951738359988795,40.77452080696006,58.522885587162634,-31.14715000086129,22804904.0,21621657.95,1.0
2026-04-29,1488.1104670953605,1514.1790933279435,1470.7313422990746,1500.89501953125,148547.0,1255.1825048828127,1186.9860247802733,1488.4107903693414,1409.5716638259928,1672.296705193294,1111.5254383613935,1391.9110717773438,65.55027754931119,77.96967719901046,43.48819207789258,85.68039331381306,82.39027657033353,3.2901167434795298,44.08410687332209,62.48716783633737,37.72633981987692,45.63244814949278,-28.44935500705916,22953451.0,21762383.15,1.0
2026-04-30,1496.2006294706052,1497.1994282886765,1442.6650372067277,1455.2498779296875,175234.0,1261.3730590820317,1188.0632287597655,1481.7786078814106,1413.7242287445106,1667.892849734599,1144.0954193083696,1405.9941345214843,58.759439036696136,77.96967719901046,63.01494061576973,78.27251745595777,81.56672474745838,-3.294207291500612,43.039963498560255,62.18308315692201,22.394174797788658,33.631678474875216,-40.75404504078898,22778217.0,21907532.4,1.0
2026-05-01,1455.2498779296875,1455.2498779296875,1455.2498779296875,1455.2498779296875,0.0,1267.1181494140628,1189.2228338623047,1476.472861891066,1417.499287761345,1667.730777423567,1165.4220424006517,1416.5764099121093,58.75943903669613,77.96967719901046,63.01494061576973,71.57663161341088,79.56870612064888,-7.9920745072380015,42.07040179342426,57.74143435999901,12.041618635058713,24.054044417574765,-48.327253397331084,22778217.0,22046398.55,1.0
2026-05-04,1479.021383191844,1523.1682435130422,1459.0454062277386,1502.892578125,364440.0,1273.7641552734378,1190.537252807617,1481.756805137853,1425.2623141580407,1669.3051022865338,1190.0561892173723,1429.680645751953,63.354964628141815,71.02996762497136,63.01494061576973,69.31543637783989,77.5180521720871,-8.202615794247208,41.985996257608186,58.46835801881013,6.60443769839775,13.680077043748373,-64.8018945739272,23142657.0,22206424.8,1.0
2026-05-05,1511.182601634539,1526.064728309001,1476.224643235855,1511.981689453125,284788.0,1280.7457592773442,1191.8531701660156,1487.8017820009075,1433.145893730321,1664.6687178905077,1224.0572586719923,1444.36298828125,64.1751365684412,71.02996762497136,63.01494061576973,67.47898248010256,75.51023823369019,-8.03125575358763,41.93879141309983,57.85205280840556,14.387581591308775,11.011212641588411,-59.533516784907256,23427445.0,22386039.6,1.0
2026-05-06,1538.1502730398818,1572.1094349121909,1486.4124423590638,1506.7879638671875,467329.0,1287.881179199219,1193.2320123291015,1491.5990183741635,1439.840627379127,1654.1664131924736,1262.8455496981514,1458.5059814453125,63.30325387742712,71.02996762497136,63.01494061576973,64.85685977866547,73.37956254268525,-8.522702764019783,42.36522817042286,59.84097707588567,20.91770343080492,13.969907573503814,-62.56557044641487,22960116.0,22540654.45,1.0
2026-05-07,1506.787920895095,1562.8205120016733,1493.703680343358,1552.6328125,239815.0,1296.3410058593754,1194.8480688476561,1503.8057771993308,1450.0944623901155,1642.179571287929,1307.083612305821,1474.631591796875,67.50049763907263,71.02996762497136,63.01494061576973,65.72051954991548,71.8477539441313,-6.127234394215819,42.76120515936567,60.503538117487786,26.87543643708132,20.726907153065003,-35.80173033619668,23199931.0,22692182.25,1.0
2026-05-08,1556.6280618193316,1577.3031499633355,1406.3088296705928,1481.41845703125,843810.0,1303.3405883789064,1195.9417541503908,1499.3283131657147,1452.9420982665822,1605.8404804804961,1369.3215556523162,1487.5810180664062,56.65946205229203,71.02996762497136,63.01494061576973,59.96730703073945,69.47166456145293,-9.504357530713477,41.036241162142474,68.3957368442917,19.09229254417029,22.295144137352175,-63.828770903308296,22356121.0,22810316.8,1.0
2026-05-11,1489.90824711462,1492.1056778145517,1443.963498431461,1456.5484619140625,146904.0,1309.6390161132813,1196.967520751953,1490.7723429153843,1453.2699495072623,1577.7559349307305,1412.707712530207,1495.2318237304687,53.43202160912823,72.37447337888293,63.01494061576973,52.79248499604523,66.13582864837139,-13.343343652326155,39.43448887900664,66.94905416849164,12.562170704674148,19.50996656197525,-75.80564154730509,22209217.0,22882089.85,1.0
2026-05-12,1467.235500907311,1470.2318974374143,1398.6180691374173,1409.7047119140625,189577.0,1314.7568627929688,1197.7440869140626,1474.55881671512,1449.3094733624257,1577.7894582189772,1412.654218538835,1495.221838378906,47.89773776213084,72.37447337888293,63.01494061576973,42.832738558651954,61.475210630427505,-18.64247207177555,37.04486289100921,67.28225232074203,0.0,10.551487749614813,-94.85158649683508,22019640.0,22875406.35,1.0
2026-05-13,1383.336378880063,1437.2715156739428,1366.4566542765006,1423.1884765625,285700.0,1320.3421459960937,1198.6914477539062,1464.284748684596,1446.9348372897052,1580.9035913835787,1405.175339280484,1493.0394653320313,49.518561317348755,72.37447337888293,63.01494061576973,35.617023987821085,56.303573301906226,-20.68654931408514,34.541134908601954,67.53458154050634,2.676269108234506,5.079479937636218,-73.82487168671983,22305340.0,22846743.5,1.0
2026-05-14,1447.259536599062,1506.7879237956247,1404.6108743866323,1427.782958984375,402402.0,1325.93142578125,1199.715715942383,1456.9843907445518,1445.1937574437661,1582.1606341233196,1397.0665387282434,1489.6135864257815,50.0883206606632,72.37447337888293,63.01494061576973,29.92430576811398,51.02771979514778,-21.1034140270338,33.01716911386994,70.0090435311125,6.293312630026579,2.989860579420361,-70.91424047238571,22707742.0,22820207.7,1.0
2026-05-15,1443.4641062756643,1445.3618485503737,1392.225796400669,1431.27880859375,141805.0,1331.32494140625,1200.7644549560546,1451.8432743143917,1443.9287620937646,1582.833894074287,1390.5303393241506,1486.6821166992188,50.54568756023867,72.37447337888293,63.01494061576973,25.402052365181362,45.9025863091545,-20.50053394397314,31.377297958061938,68.80382986101195,10.795994590339973,6.588525442867018,-69.25623349532535,22849547.0,22819977.15,1.0
2026-05-18,1402.313639805074,1426.0851021268022,1376.4447242017093,1400.2161865234375,190534.0,1336.7624047851561,1201.6518884277343,1441.5178567562011,1439.954891587371,1586.5179496346352,1379.315338939584,1482.9166442871096,46.47082482062999,66.04936253159919,63.01494061576973,19.091564293284137,40.540381905980425,-21.44881761269629,29.56573040194355,67.80599089894258,8.119725482105466,8.403010900824004,-83.98857323335403,22659013.0,22818517.0,1.0
2026-05-19,1408.3063929765276,1440.1681010037842,1393.5241210751,1427.1837158203125,128235.0,1342.6553173828122,1202.7031243896483,1438.6510285690235,1438.7938756085475,1586.799179418233,1373.6705715583298,1480.2348754882814,50.22269646662521,66.04936253159919,63.01494061576973,16.08113792111203,35.64853310900675,-19.567395187894718,28.112513918674995,66.29441868678126,10.449630792069021,9.788450288171486,-71.19844873589535,22787248.0,22815799.0,1.0
2026-05-20,1405.210110785791,1459.2451035837223,1400.3159720906085,1447.459228515625,94001.0,1348.37244140625,1203.9366406249999,1440.4126685583437,1439.5816349637364,1566.7759247492945,1379.3410796452372,1473.0585021972659,52.8958969346941,66.04936253159919,63.01494061576973,15.156700745718808,31.550166636349164,-16.393465890630356,27.070417753893786,65.76832674437644,16.131085899308154,11.566814057827546,-61.58220511312857,22881249.0,22787719.75,1.0
2026-05-21,1453.1524257711592,1494.1031773395443,1441.2666954434037,1461.4423828125,211019.0,1354.0176513671875,1205.4188574218747,1444.6186114091752,1441.5689756772604,1550.0918592798869,1385.347984470114,1467.7199218750004,54.70261857682755,66.04936253159919,63.01494061576973,15.375165971064916,28.315166503292318,-12.940000532227401,26.62969062198044,64.84462354093102,29.178988621120702,18.58656843749929,-54.950292995583204,23092268.0,22784818.25,1.0
2026-05-22,1471.630251582336,1487.6110331997934,1424.2871616558812,1446.5604248046875,111177.0,1359.7727319335938,1206.7802209472654,1445.0069740882777,1442.0227437797537,1545.4543330529343,1383.9627567908162,1464.7085449218753,52.399078532942625,66.04936253159919,63.01494061576973,14.183947876669208,25.488922777967698,-11.30497490129849,25.850549368659436,64.73599839828682,32.62868893284527,25.97958781775804,-62.00848856071903,22981091.0,22792908.55,1.0
2026-05-25,1448.1585190289034,1466.736153793335,1425.3858558185088,1438.2703857421875,100767.0,1364.7147900390628,1208.0846520996092,1443.65965641906,1441.6816203217932,1539.690089227582,1382.5256700497628,1461.1078796386723,51.10798532328028,66.99608115844168,63.01494061576973,12.427703257821804,22.87667887393852,-10.448975616116716,25.127061062004216,63.065591225182494,29.794738341777187,30.534138631914384,-65.94027743655266,22880324.0,22788686.9,1.0
2026-05-26,1438.2703011316585,1508.0863630504946,1434.674649763566,1486.3125,293825.0,1370.6017089843751,1209.6702453613277,1452.190225135248,1445.738973019812,1539.7945760535838,1382.5110758018852,1461.1528259277345,57.62428702569843,66.99608115844168,63.01494061576973,14.742521252136385,21.249847349578094,-6.507326097441709,25.10491847612977,63.80459994387864,34.425763709432346,32.2830636613516,-43.15492636808232,23174149.0,22807149.15,1.0
2026-05-27,1499.696442381717,1543.9432792947205,1463.439996104113,1523.068359375,371484.0,1377.1618188476561,1211.5944311523435,1466.3658519831984,1452.7689172339199,1543.83290377629,1380.6900820635542,1462.2614929199221,61.81723764484632,66.99608115844168,63.01494061576973,19.320210499794484,20.86391997962137,-1.5437094798268873,25.57602733847381,64.99736303293069,58.362447899285485,40.860983316831664,-25.72240549299386,23545633.0,22836758.25,1.0
2026-05-28,1523.068359375,1523.068359375,1523.068359375,1523.068359375,0.0,1384.92048828125,1213.3423291015624,1477.7063534615586,1459.1597756103815,1551.52177494858,1379.7830590357953,1465.6524169921877,61.817237644846315,66.99608115844168,63.01494061576973,22.6865458305831,21.22844514981372,1.4581006807693804,26.013485567793275,60.35469424486422,84.34559475613435,59.04460212161739,-11.761404510101848,23545633.0,22875129.05,1.0
2026-05-29,1546.8396993550718,1553.1321807539673,1478.2222684989529,1491.805908203125,226271.0,1391.8960986328125,1215.2085845947263,1480.526264409872,1462.1276058460853,1553.971254410544,1380.9891826011751,1467.4802185058595,56.32015365869819,66.99608115844168,63.01494061576973,22.571581157739956,21.497072351398966,1.0745088063409902,25.316866489537073,61.394352674160665,88.06000236208543,76.92268167250175,-32.85180104112088,23319362.0,22902186.3,1.0
2026-06-01,1498.1983070464807,1508.1862957601238,1431.5784710959567,1445.062255859375,166046.0,1397.7750292968751,1216.719768066406,1473.4334626997727,1460.576210392748,1549.954336009166,1379.2230687759904,1464.5887023925782,49.26586551519427,69.69094035497875,64.7188633679246,18.495444760908413,20.896746833300856,-2.4013020723924434,23.706118004389804,62.48102924487541,60.797665829067896,77.73442098242921,-57.891854885239724,23153316.0,22902719.25,1.0
2026-06-02,1435.2739942312066,1458.4460795370007,1423.4881186475836,1450.4556884765625,78084.0,1403.0287133789063,1218.3188452148433,1468.8379078551307,1459.656162945822,1544.0753079728747,1378.9494967146256,1461.5124023437502,50.0433821504425,69.69094035497875,64.7188633679246,15.521361641560816,19.82166979495285,-4.300308153392034,22.054651786423257,60.5150957909141,35.22414227611331,61.360603489088874,-58.11193068311369,23231400.0,22892917.0,1.0
2026-06-03,1455.9489721093787,1482.9165398968034,1429.7804921369802,1474.8262939453125,82867.0,1408.901650390625,1219.994329833984,1470.035585073167,1461.0352657639573,1539.9870678808663,1379.841569814446,1459.9143188476562,53.51036219339281,69.69094035497875,64.7188633679246,14.958451808906148,18.849026197743513,-3.890574388837365,20.98025775505285,59.988020931550466,29.121105912958388,41.7143046727132,-44.31887149017544,23314267.0,22910624.55,1.0
2026-06-04,1478.2222896335134,1547.139409893454,1467.335357845394,1503.1922607421875,198069.0,1415.3798608398436,1221.948480224609,1476.666920206971,1464.8677198528874,1527.9432911568247,1386.9412913627066,1457.4422912597656,57.23088941901038,69.69094035497875,64.7188633679246,16.609771065591985,18.401175171313206,-1.7914041057212202,21.0088088583219,61.403451725586876,46.42161775471697,36.922288647929555,-28.264553118975545,23512336.0,22926244.8,1.0
2026-06-05,1509.2849306507396,1592.0853804027206,1503.192281998805,1576.9036865234375,454358.0,1423.6878710937501,1224.361578979492,1496.7142734702645,1475.0528077320282,1550.2950514147383,1374.1380540540117,1462.216552734375,65.05677087484193,69.69094035497875,64.7188633679246,23.59436831117955,19.439813799286476,4.154554511893075,21.621044131219136,63.36699943522589,71.99514130767156,49.179288325115635,-7.645848908640196,23966694.0,23006773.45,1.0
2026-06-08,1552.0335899089905,1695.3612278861642,1541.646057266673,1663.0999755859375,1354829.0,1432.9267602539064,1227.324515380859,1529.991413893399,1492.1480048096564,1598.2325486018276,1346.85570823411,1472.5441284179688,71.60082901672455,73.99225267643683,64.7188633679246,35.67380666742429,22.686612372914038,12.98719429451025,23.221439727653603,69.82044023410198,90.03817530874103,69.48497812370985,-10.934340297469946,25321523.0,23162388.75,1.0
2026-06-09,1675.0999755859375,1753.0,1655.800048828125,1686.699951171875,594115.0,1441.9145190429685,1230.3714929199216,1561.3331213490942,1509.83454538804,1640.71147550546,1332.0763052562588,1486.3938903808594,73.08695173003369,73.99225267643683,64.7188633679246,46.61383412527016,27.47205672338526,19.141777401884898,25.146380193308623,71.77611958680006,99.99999999999999,87.34443887213752,-20.120685347068378,25915638.0,23357188.65,1.0
2026-06-10,1699.0,1980.0,1692.0,1891.5999755859373,4034181.0,1455.8033129882813,1234.3895349121092,1627.386492196463,1544.5404935878487,1744.8251869930145,1274.8037436710483,1509.8144653320314,81.92891050698522,73.99225267643683,64.7188633679246,70.99917001700874,36.17747938210996,34.82169063489878,28.064463061992107,87.59925738975184,99.99999999999999,96.67939176958033,-15.884660754993407,29949819.0,23739412.6,1.0
2026-06-11,1843.5999755859373,1895.0,1791.0,1848.800048828125,914863.0,1469.3075415039061,1238.1431378173827,1671.6692035227954,1572.2004531551465,1806.7989407289856,1254.9316989194522,1530.865319824219,76.29068056430343,73.99225267643683,64.7188633679246,85.8811436379242,46.11821223327281,39.76293140465139,30.774111440055343,88.77073900476957,94.24606621530148,98.08202207176714,-23.57540882200705,29034956.0,24055773.3,1.0
2026-06-12,1880.0,1930.300048828125,1795.0,1808.199951171875,715519.0,1480.5994531249999,1241.5234448242188,1698.9753530526116,1593.654952974849,1847.6182935637858,1251.8044603424642,1549.711376953125,71.27951150611761,73.99225267643683,64.7188633679246,93.32335285964791,55.55924035854783,37.76411250110008,33.421810867254486,92.09426113500925,83.37812763869903,92.5413979513335,-30.8708680955063,28319437.0,24329267.8,1.0
2026-06-15,1838.800048828125,1849.0,1755.4000244140625,1786.4000244140625,239242.0,1491.5112963867186,1244.7318280029297,1716.4602873249019,1611.1772321965957,1876.0509387235543,1261.9901989717578,1569.020568847656,68.67122670614862,81.62512489797601,64.7188633679246,96.35160407137619,63.7177131011135,32.633890970262684,35.14379387391089,92.2018121672184,69.84837885158238,82.49085756852762,-34.78811182170224,28080195.0,24600326.9,1.0
2026-06-16,1808.5999755859373,1890.0,1792.0,1839.5999755859373,566883.0,1503.9365991210939,1248.176746826172,1741.0882249771091,1631.9429361410814,1911.5967537129823,1267.6860099588926,1589.6413818359374,71.41973718134072,81.62512489797601,64.7188633679246,101.87001233277874,71.34817294744656,30.521839385332186,36.93727450112887,93.01596669712691,64.87747734889344,72.70132794639161,-25.22857626558975,28647078.0,24893318.4,1.0
2026-06-17,1839.0,1924.4000244140625,1820.0999755859373,1915.0999755859373,415966.0,1517.760036621094,1252.025633544922,1775.8905750988747,1657.6844851815229,1958.5620925187202,1267.4847458601855,1613.0234191894529,74.79879563068872,81.62512489797601,64.7188633679246,111.05543177025606,79.28962471200846,31.765807058247603,38.758115816734346,93.8219725636268,68.46898177992611,67.73161266013398,-11.661929706935437,29063044.0,25202408.15,1.0
2026-06-18,1934.9000244140625,1947.0,1771.0,1812.4000244140625,402619.0,1529.405625,1255.4544079589841,1783.1924649619123,1671.7495342026627,1979.3288816666243,1281.8137208724381,1630.5713012695312,63.756444682071795,81.62512489797601,64.7188633679246,108.79380779707321,85.19046132902142,23.603346468051797,39.54815537884929,99.69183166622489,63.45334200995362,65.59993371292438,-30.116154066404064,28660425.0,25480816.0,1.0
2026-06-19,1801.4000244140625,1945.0,1801.4000244140625,1917.800048828125,566528.0,1543.31302734375,1259.4016931152344,1810.1139817351548,1694.1177628049775,2014.0421301574754,1294.2244347839303,1654.1332824707029,68.8405232609364,81.62512489797601,64.7188633679246,114.19004386482288,90.99037783618172,23.19966602864116,40.2817635436703,102.82812766049008,60.49549435761264,64.13927271583078,-11.17675170217728,29226953.0,25793109.1,1.0
2026-06-22,1940.0,2063.0,1895.0,2040.9000244140625,868685.0,1558.060380859375,1264.0174145507813,1856.2711902709364,1725.643422951258,2068.1841355925335,1300.3453932160594,1684.2647644042966,73.51363128451167,84.01859121792116,64.7188633679246,126.93649417701135,98.17960110434765,28.7568930726637,41.60061238637173,107.4832613990265,57.901286825063394,60.61670773087655,-3.490097085056676,30095638.0,26153874.8,1.0
2026-06-23,2030.0,2099.0,1932.0,1968.199951171875,627800.0,1569.2262915039064,1268.0154412841796,1878.6569424511242,1747.6940164258594,2100.370203535082,1316.348070390699,1708.3591369628905,67.11217824161086,84.01859121792116,64.7188633679246,129.6770235455656,104.47908559259125,25.197937952974343,42.98797731116417,111.73445701338176,56.449483147469884,58.28208811004863,-20.707198107838753,29467838.0,26468559.25,1.0
2026-06-24,1968.199951171875,2008.4000244140625,1952.5999755859373,1988.300048828125,321589.0,1579.655573730469,1272.2048590087888,1900.5855637265245,1769.5672920987927,2132.4507623650406,1330.790680506053,1731.6207214355468,67.94332397336896,84.01859121792116,64.7188633679246,131.94978769526688,109.97322601312638,21.9765616821405,44.27624474132858,107.73914214300629,44.47872850317526,52.94316615856951,-18.5798115444441,29789427.0,26780748.95,1.0
2026-06-25,2008.0,2008.0,1866.0999755859373,1872.9000244140625,357052.0,1587.187563476563,1275.6744482421873,1895.0484558640321,1778.961176854726,2142.077837437658,1356.146771937341,1749.1123046874998,58.761529320709855,84.01859121792116,64.7188633679246,123.02104213057487,112.5827892366161,10.438252893958776,43.938644964036854,110.17920516236747,21.01603684796097,40.6480828328687,-40.56667733919986,29432375.0,27075086.05,1.0
2026-06-26,1872.9000244140625,1872.9000244140625,1872.9000244140625,1872.9000244140625,0.0,1594.847399902344,1279.2444165039062,1890.6187695740384,1787.501072087393,2145.2358311824282,1391.098189813665,1768.1670104980467,58.76152932070986,84.01859121792116,64.7188633679246,114.62363700575247,112.99095879044337,1.6326782153090988,43.62515945655168,102.30926193648408,7.679895749310289,24.39155370014884,-51.01534307215094,29432375.0,27380736.7,1.0
2026-06-29,1872.5,1900.0,1839.199951171875,1868.800048828125,170731.0,1602.712888183594,1282.7853955078124,1886.2550254248558,1794.891888154732,2136.4052064861726,1442.3025938067956,1789.3539001464842,58.43613720734509,79.45263692537878,64.7188633679246,106.41115759334389,111.67499855102348,-5.263840957679591,42.76757220574057,99.34431814302987,1.0223321172226899e-14,9.56531086575709,-56.56018456311425,29261644.0,27686153.1,1.0
2026-06-30,1890.4000244140625,1975.5999755859373,1861.0999755859373,1958.4000244140625,493633.0,1612.2645068359377,1286.5636279296873,1900.6840252226973,1809.7562641783074,2130.291127147644,1499.2111067390747,1814.7511169433594,63.22837206360013,79.45263692537878,78.39845839444547,105.91179248684966,110.52235733818873,-4.610564851339063,42.560901744373965,100.42686684709916,8.946807469758859,5.5422344063563855,-40.919669841702934,29755277.0,28012346.95,1.0
2026-07-01,1961.0999755859373,1975.0,1870.0,1905.0,244636.0,1618.5447729492187,1290.186226196289,1901.5472201781579,1818.414785616643,2110.132465866231,1562.3871386259561,1836.2598022460936,58.87177337028182,79.45263692537878,78.39845839444547,100.0537490172569,108.42863567400238,-8.374886656745474,42.36899345881926,100.75351921516351,9.834267505623671,6.2603583251275134,-56.461005175909506,29510641.0,28322165.65,1.0
2026-07-02,1921.699951171875,1922.0999755859373,1868.0,1907.0,196739.0,1625.3204931640623,1293.8173266601564,1902.6377761425265,1826.467986924221,2082.2571744549673,1630.6432039630008,1856.450189208984,58.98575726112548,79.45263692537878,78.39845839444547,94.48344431581222,105.63959740236436,-11.156153086552138,42.15392267710394,97.42112324164735,10.95393082593165,9.911668600438059,-55.878932957601165,29707380.0,28631917.85,1.0
2026-07-03,1919.0,1919.0,1814.699951171875,1871.0,365674.0,1632.6047338867188,1297.3318505859374,1896.3102209140213,1830.5163517492915,2054.6517950645407,1687.6582147010834,1871.1550048828121,55.97842536857902,79.45263692537878,78.39845839444547,86.17071619569674,101.74582116103085,-15.575104965334106,41.000909705970294,97.91247506925289,2.0071233561728015,7.59844056257604,-69.51219512195121,29341706.0,28900668.45,1.0
2026-07-06,1860.0,1898.0,1827.0,1872.699951171875,250096.0,1639.8530590820312,1300.8538757324218,1891.588166965592,1834.3512244240717,2036.8641898680607,1726.4058174561578,1881.6350036621093,56.092265100385106,79.25635173685441,78.39845839444547,78.81150119569088,97.15895716796285,-18.347455972271973,39.93025480420333,95.99015542144912,1.3212883507415851,4.760780844282012,-68.99391732564786,29591802.0,29114182.4,1.0
2026-07-07,1878.699951171875,1880.800048828125,1788.4000244140625,1806.4000244140625,465934.0,1646.2727880859377,1303.7857116699217,1874.5505384552864,1831.8102062413434,2018.528330588727,1756.7116840597105,1887.6200073242187,50.59670672069029,79.25635173685441,78.39845839444547,66.85871464582442,91.09890866353517,-24.24019401771075,38.26597468565852,95.73371749235008,0.20162503043360627,1.1766789124493309,-89.20730962985898,29125868.0,29274693.9,1.0
2026-07-08,1799.0,1908.0,1790.0,1875.9000244140625,1113841.0,1653.772888183594,1307.1659265136718,1874.8204356470417,1835.8183715297723,2017.8311058531795,1755.8389136780706,1886.835009765625,55.51667731036656,79.25635173685441,78.39845839444547,62.276232709082024,85.33437347264454,-23.05814076356252,37.03901690441702,97.32416624289651,7.357865354005578,2.9602595783935897,-71.82871639479885,30239709.0,29289188.4,1.0
2026-07-09,1899.0,2026.800048828125,1890.0999755859373,2006.199951171875,848551.0,1664.7918896484377,1310.9843975830076,1901.0963387520085,1851.3076060426906,2034.684316266853,1754.725693498772,1894.7050048828125,62.96363679482237,79.25635173685441,78.39845839444547,68.37056457739618,81.94161169359488,-13.571047116198699,37.0325136372002,101.15101325512265,25.14429981746464,10.901263400634608,-29.87767421844142,31088260.0,29391853.6,1.0
2026-07-10,2006.199951171875,2034.0,1970.0,1978.0,204863.0,1675.246892089844,1314.5989447021484,1916.4770710016069,1862.825096402446,2041.6723018634525,1764.717712784985,1903.1950073242188,60.599148536465556,79.25635173685441,78.39845839444547,70.11660552515787,79.57661045990747,-9.460004934749605,37.08478661235847,98.49736945118532,44.365034461910824,25.62239987779368,-38.95686075690674,30883397.0,29520051.6,1.0
2026-07-13,1970.0,1989.0,1881.699951171875,1890.699951171875,319918.0,1683.0030395507813,1317.8938507080077,1911.3216470356606,1865.3591741087578,2035.7776438537874,1781.042363470431,1908.4100036621091,53.85642032772005,81.95932243794617,78.39845839444547,63.72143022984824,76.40557441389562,-12.684144184047383,35.696341282352684,99.12613226382388,43.47267364012162,37.660669306499024,-58.34693121864058,30563479.0,29644215.8,1.0
2026-07-14,1900.0,1900.0,1820.0,1851.800048828125,221284.0,1689.7994067382815,1321.0821514892577,1899.4173273941537,1864.1265263559728,2035.1105135247808,1782.9295011236568,1909.0200073242188,51.1265958893667,81.95932243794617,78.39845839444547,54.88166899692919,72.10079333050234,-17.21912433357315,33.575069833005195,97.75997995926502,26.88292322185118,38.240210441294536,-74.18565524576842,30342195.0,29728971.65,1.0
2026-07-15,1883.9000244140625,1979.5999755859373,1857.4000244140625,1964.4000244140625,446595.0,1698.9516479492193,1324.8539276123045,1912.4138667981356,1873.2422989067084,2039.9806212976323,1782.989398233618,1911.4850097656251,57.795181609314135,81.95932243794617,78.39845839444547,56.31283224868389,68.94320111413866,-12.63036886545477,32.41724748585713,99.90569044487555,26.65803405306206,32.337876971678284,-28.338755091440916,30788790.0,29815258.95,1.0
2026-07-16,1963.5,2003.9000244140625,1926.300048828125,1994.4000244140625,228462.0,1707.7869921875001,1328.7772021484375,1928.811098321321,1884.2566375891952,2045.2561102882303,1795.9139092430203,1920.5850097656253,59.38523862157837,81.95932243794617,78.39845839444547,59.185534713748666,66.99166783406066,-7.806133120311998,31.567806624202046,98.31242509780856,43.58595511044858,32.37563746178727,-16.123770163845606,31017252.0,29933100.3,1.0
2026-07-17,2008.4000244140625,2008.4000244140625,1927.0,1980.199951171875,171843.0,1717.7626220703128,1332.6349694824219,1939.0888688914317,1892.9787570058024,2051.1744592564864,1796.235550509139,1923.7050048828128,58.2662599320861,81.95932243794617,78.39845839444547,59.628979124736134,65.51913009219577,-5.890150967459633,30.82199898696151,97.10439647754099,62.42660635977599,44.223531841095536,-21.905559517981267,30845409.0,30014023.1,1.0
2026-07-20,1970.0,2088.0,1965.199951171875,2003.4000244140625,466071.0,1728.6996533203128,1336.7390802001955,1951.951099995958,1903.017054042917,2042.9880179133709,1800.6719918522547,1921.8300048828128,59.605471845802995,82.01122296697123,78.39845839444547,61.14759264981808,64.64482260372023,-3.497229953902149,30.839291719049633,98.9398002168684,67.71262946726968,57.90839697916474,-28.237644352434454,31311480.0,30074815.2,1.0
2026-07-21,2010.0,2106.89990234375,1975.5999755859373,2093.800048828125,535037.0,1742.381560058594,1341.4120507812502,1980.3208897623915,1920.360962659754,2070.5409787859494,1785.679040745301,1928.1100097656254,64.39931895329693,82.01122296697123,78.39845839444547,68.85194886745944,65.48624785646807,3.3657010109913728,31.00903307070225,101.25123782693586,77.85416224143373,69.33113268949313,-4.112985411729719,31846517.0,30193749.15,1.0
2026-07-22,2100.0,2119.800048828125,2023.300048828125,2042.199951171875,268475.0,1754.7617895507815,1345.7396258544923,1992.6967020442883,1931.437234342674,2079.9144125428325,1781.6955972227936,1930.805004882813,60.02077327531996,82.01122296697123,78.39845839444547,69.98724069083983,66.38644642334242,3.600794267497406,31.27363580763766,100.91186369644045,80.37433957296987,75.31371042722442,-23.415839450661537,31578042.0,30283179.9,1.0
2026-07-23,2033.800048828125,2087.89990234375,1995.0,2011.9000244140625,282974.0,1766.4441308593753,1350.0050939941407,1996.5373665182433,1938.7520334400729,2088.4495644396347,1787.0604453259907,1937.7550048828127,57.54652403882377,82.01122296697123,78.39845839444547,67.66205077473569,66.64156729362108,1.02048348111461,31.035146674655813,100.33958074267686,72.8762922960391,77.03493137014756,-32.55884624777472,31295068.0,30376314.55,1.0
2026-07-24,2004.0,2015.0,1968.0999755859373,2004.0,162161.0,1777.8985546875,1353.9563922119141,1998.0298932145947,1944.6836667637026,2094.530830262684,1794.089177061535,1944.3100036621097,56.88805631461475,82.01122296697123,78.39845839444547,64.43904190402009,66.20106221570089,-1.7620203116808,30.366049214887674,96.52246957634728,54.73657953225292,69.32907046708729,-34.94267963101911,31132907.0,30461341.15,1.0
2026-07-27,2041.0,2041.0,1965.0999755859373,1985.9000244140625,121889.0,1789.6122314453128,1357.865632324219,1995.6039194544883,1948.430608368281,2097.0858661166776,1803.2441387661354,1950.1650024414064,55.32606219130782,82.59460404327683,78.39845839444547,59.73567175168591,64.9079841228979,-5.172312371211987,30.0161951493782,95.04943777904124,42.52405008799737,56.71230730542979,-40.60036524853409,31011018.0,30548809.85,1.0
2026-07-28,2014.0,2014.0,1882.5,1896.0999755859373,144649.0,1798.9905566406253,1361.403278808594,1975.703130680778,1943.6732781153405,2095.8652599754823,1798.2347400245185,1947.0500000000004,48.247907497194944,82.59460404327683,78.39845839444547,48.20641008192479,61.56766931470328,-13.361259232778494,28.415532376529093,97.65304936625257,25.740228781777375,41.000286134009215,-74.61642321827462,30866369.0,30604364.45,1.0
2026-07-29,1914.4000244140625,1927.9000244140625,1866.0,1881.800048828125,209899.0,1807.677373046875,1364.9533251953126,1956.9225143102476,1938.04843908923,2096.436973148871,1795.3430317339426,1945.8900024414068,47.21208487379677,82.59460404327683,78.39845839444547,37.48341706559813,56.750818864882255,-19.267401799284123,26.70081256845574,95.09926186966757,10.546608212230225,26.270295694001653,-79.38624457544539,30656470.0,30661655.9,1.0
2026-07-30,1888.0,1927.9000244140625,1876.0,1897.5,129327.0,1816.398525390625,1368.5459143066405,1945.0380114481982,1934.3622173538454,2096.537470654971,1794.2925342278422,1945.4150024414066,48.51886991112994,82.59460404327683,78.39845839444547,29.90746802018566,51.38214869594294,-21.474680675757277,25.10857274667334,92.01360205141006,2.534410193225566,12.940415729077722,-74.14943716555875,30785797.0,30715576.75,1.0
2026-07-31,1908.0,1947.0,1870.199951171875,1908.0,209318.0,1825.627316894531,1372.1120983886717,1937.6304091585585,1931.9656521398595,2095.4287395450046,1799.1012653378084,1947.2650024414065,49.42068657088626,82.59460404327683,75.01504384782395,24.46867639748143,45.99945423625064,-21.53077783876921,23.891992445207325,90.92691967831827,6.817825210971735,6.632947872142509,-70.6471028460538,30995115.0,30798247.2,1.0
2026-08-03,1908.0,1980.0,1879.0,1920.4000244140625,133526.0,1835.2699096679687,1375.763754272461,1934.1843322096595,1930.9142314375142,2094.2528065704005,1805.0472056366318,1949.650006103516,50.5229661520403,72.39594632913656,75.01504384782395,20.91784529138522,40.98313244727756,-20.065287155892342,23.199749503738154,91.64642541558125,13.239027643212879,7.530421015803393,-75.99085589238088,31128641.0,30875089.15,1.0
2026-08-04,1850.0,1949.0,1824.0,1901.4000244140625,418512.0,1843.57166015625,1379.417293701172,1927.6274706505403,1928.2311217081094,2084.7264064807514,1824.0736057262807,1954.400006103516,48.76916677121103,72.39594632913656,75.01504384782395,16.38180558955628,36.06286707573331,-19.68106148617703,21.68571243289337,94.02882360018259,13.724459367176015,11.260437407120207,-73.83366746533707,30710129.0,30954302.2,1.0
2026-08-05,1920.9000244140625,1973.300048828125,1920.9000244140625,1937.5,191903.0,1851.86029296875,1383.159443359375,1929.6019765204323,1929.0737470073723,2082.810931673963,1832.149078091663,1957.4800048828129,52.1666685491153,72.39594632913656,75.01504384782395,15.521011219314232,31.954495904449495,-16.433484685135262,20.618339389957026,92.44819508688829,19.050082570086197,15.337856526825028,-61.62948571183322,30902032.0,30987418.35,1.0
2026-08-06,1928.0999755859373,1967.9000244140625,1924.0,1954.4000244140625,130519.0,1860.4869262695313,1387.0165563964845,1934.5615860991584,1931.3761358625259,2078.104786573272,1831.6752305165726,1954.8900085449222,53.71420576112854,72.39594632913656,75.01504384782395,16.017872150653147,28.767171153690228,-12.74929900303708,19.62720727865899,88.98046861025787,25.239249084269634,19.337930340510617,-55.91615859068651,31032551.0,30984632.9,1.0
2026-08-07,1947.9000244140625,1991.9000244140625,1947.4000244140625,1954.699951171875,125150.0,1869.7448071289061,1390.8407104492187,1938.589259113702,1933.4964827088302,2076.4594280282686,1830.9905841787634,1953.7250061035159,53.742808149556744,72.39594632913656,75.01504384782395,16.248536585793772,26.26344424011094,-10.014907654317167,19.056503658671105,85.80329228095374,34.88524827052605,26.391526641627294,-55.81476348984027,31157701.0,30998348.1,1.0
2026-08-10,1956.0,1993.800048828125,1934.199951171875,1984.0999755859373,142077.0,1880.5255615234373,1394.7833990478514,1947.691402408149,1938.0968002431125,2078.1025984642524,1838.6874161841854,1958.3950073242188,56.575544299982845,74.07309620279344,75.01504384782395,18.58938916959505,24.728633226007766,-6.139244056412714,18.28613262448211,83.93163552204634,49.64367878843985,36.58939204774518,-45.87560880391756,31299778.0,31035163.05,1.0
2026-08-11,1975.0999755859373,2010.0,1912.300048828125,1938.0,279065.0,1890.276447753906,1398.503079223633,1945.7531219265193,1938.0880002210113,2072.008069419693,1853.4019403459317,1962.7050048828125,51.27334332582812,74.07309620279344,75.01504384782395,16.534054660935908,23.089717512993396,-6.5556628520574876,17.175458987839868,84.91508663989124,50.13274170983301,44.88722292293297,-56.80180288528254,31020713.0,31069088.95,1.0
2026-08-12,1925.0,1951.300048828125,1897.699951171875,1911.199951171875,92266.0,1899.0039208984372,1402.043313598633,1938.8424877755906,1935.6436321256351,2071.7376195353254,1848.3523829060807,1960.0450012207032,48.4316557146228,74.07309620279344,75.01504384782395,12.59743193810823,20.991260398016365,-8.393828459908136,16.012947941303533,82.6783017124883,41.668273213729016,47.14823123733396,-59.81569070420507,30928447.0,31076071.8,1.0
2026-08-13,1911.199951171875,1947.0,1908.4000244140625,1941.9000244140625,76425.0,1907.778076171875,1405.7565252685547,1939.453995103285,1936.2123950609466,2068.1767805052737,1846.6632219361322,1957.420001220703,51.73180983071464,74.07309620279344,75.01504384782395,11.818631579849352,19.156734634382964,-7.338103054533612,14.933473398091223,79.5298498463061,33.39074428336656,41.73058640230953,-45.66819151425692,31004872.0,31075452.8,1.0
2026-08-14,1932.0999755859373,1974.5999755859373,1911.199951171875,1943.0,130161.0,1915.1000024414059,1409.4482690429686,1940.163196082628,1936.8294500554061,2065.9548674300736,1845.1651398941447,1955.5600036621092,51.85070638593588,74.07309620279344,75.01504384782395,11.16152243901115,17.557692195308604,-6.3961697562974535,14.321578336027432,78.37771945828868,36.804516567305775,37.28784468813378,-37.36842105263158,31135033.0,31089934.0,1.0
2026-08-17,1956.0,1990.0,1943.0999755859373,1950.800048828125,72477.0,1920.8540039062495,1413.1984893798826,1942.2905666317276,1938.0995044892895,2061.007973773738,1844.8520359918869,1952.9300048828125,52.73971014329814,72.87841985782431,75.01504384782395,11.14172262049533,16.27449828034595,-5.132775659850619,14.030834254047425,76.13645378269663,52.28114620929956,40.82546901999063,-31.8279307375672,31207510.0,31084735.5,1.0
2026-08-18,1949.9000244140625,1978.0,1920.0,1958.0999755859373,139702.0,1926.2820043945308,1416.888825073242,1945.4524484225697,1939.9177291344392,2031.6720468416333,1860.6179555997733,1946.1450012207033,53.603103050984984,72.87841985782431,75.01504384782395,11.581569083871045,15.335912441050969,-3.7543433571799234,13.266279028521378,74.8409927982183,57.358192672075866,48.814618482893735,-27.903238932291785,31347212.0,31059770.25,1.0
2026-08-19,1946.9000244140625,1964.199951171875,1879.800048828125,1930.300048828125,133025.0,1927.0560058593744,1420.4935968017576,1942.4219685036808,1939.043394561138,2013.306396279059,1867.7936159279723,1940.5500061035157,49.86686935973066,72.87841985782431,75.01504384782395,9.576536468127642,14.184037246466303,-4.607500778338661,12.858252259094836,75.52377205147056,46.71938799613315,52.119575625836184,-42.84943611391129,31214187.0,31041577.5,1.0
2026-08-20,1929.5,1950.0,1914.0,1923.5999755859373,49691.0,1928.5520043945303,1424.1837255859373,1938.6575699201321,1937.6394473815742,2000.9435832915226,1871.3264240326969,1936.1350036621097,48.980754231537084,72.87841985782431,75.01504384782395,7.362028872733845,12.819635571719811,-5.457606698985966,12.479370258913049,72.70064547636552,29.28887276793038,44.45548447871313,-46.451626029065984,31164496.0,31035048.9,1.0
2026-08-21,1923.5999755859373,1958.800048828125,1900.0,1930.199951171875,109892.0,1930.9920043945306,1427.8619079589841,1936.9660461704807,1936.9631295443287,1988.8420275127496,1876.0479749286574,1932.4450012207035,49.92470432011044,72.87841985782431,75.01504384782395,6.069611813423535,11.469630820060557,-5.400019006637022,12.396950263690101,71.70774571577691,14.233007287456035,30.080422683839853,-42.90325205813173,31274388.0,31042122.95,1.0
2026-08-24,1934.0,1949.5,1913.0,1941.5,117152.0,1934.0940039062493,1431.5061999511715,1937.8728369363846,1937.375572313026,1980.9750627309425,1879.4749372690583,1930.2250000000004,51.57663801153996,71.51939973430503,75.01504384782395,5.8892933764532245,10.35356333133909,-4.464269954885866,12.32041741098308,69.19290673607857,21.231173801680747,21.584351285689053,-52.611386858028986,31391540.0,31061149.05,1.0
2026-08-25,1942.300048828125,1942.300048828125,1880.300048828125,1900.0,97315.0,1935.3020043945307,1434.998923950195,1930.2982695491078,1933.9777930118416,1980.6452306606282,1880.1947717807782,1930.4200012207032,45.62393411864632,71.51939973430503,75.01504384782395,2.370362482799237,8.75692316163112,-6.3865606788318825,12.879684054194815,68.67912768350153,18.983686780548613,18.14928928989513,-84.48543875011953,31294225.0,31082541.85,1.0
2026-08-26,1906.9000244140625,1938.0,1896.0999755859373,1926.699951171875,116625.0,1935.5340039062496,1438.762982177734,1929.5786058736612,1933.31617102639,1977.4601179791866,1887.8698746965956,1932.6649963378911,49.65023092977852,71.51939973430503,75.01504384782395,1.7162633008231296,7.348791189469522,-5.6325278886463925,13.399003080034284,66.76633459282733,25.127375235635007,21.780745272621452,-63.97855611955019,31410850.0,31120260.85,1.0
2026-08-27,1935.9000244140625,2224.0,1916.9000244140625,2177.89990234375,4484559.0,1942.8440014648434,1443.7705548095698,1979.2428651676792,1955.5510556916047,2063.2171110644654,1830.1528718456916,1946.6849914550785,71.23240885705057,71.51939973430503,75.01504384782395,21.222976419244105,10.12362823542444,11.099348183819666,15.313904970062156,83.93302323519235,45.58814257892939,29.89973486503767,-13.393406216153148,35895409.0,31375741.45,1.0
2026-08-28,2175.0,2267.89990234375,2115.199951171875,2126.199951171875,733868.0,1947.0119995117184,1448.405266113281,2008.6342823685184,1971.0645916443566,2097.408603320865,1817.7813747064793,1957.5949890136721,65.05204550781454,71.51939973430503,75.01504384782395,32.139943852510214,14.526891358841596,17.61305249366862,17.41949255166618,88.84494665924112,70.87679094973933,47.19743625476791,-36.511209650886954,35161541.0,31584062.75,1.0
2026-08-31,2139.10009765625,2165.199951171875,2082.0,2134.199951171875,325080.0,1948.8779980468746,1453.0799774169918,2033.7474161291898,1985.8950788741308,2127.475436582682,1809.0945341204438,1968.284985351563,65.55013619757814,78.21764327899696,79.32719142741377,40.96503293723413,19.814519674520103,21.150513262714025,18.766805058341067,88.44173269585782,84.55897103089545,67.00796818652138,-34.44988447193326,35486621.0,31801961.75,1.0
2026-09-01,2130.0,2200.0,2088.199951171875,2165.89990234375,387635.0,1952.8319970703121,1457.9156854248042,2060.177913372102,2002.2591537350052,2160.073043161361,1802.9469153347338,1981.5099792480473,67.52522275407397,78.21764327899696,79.32719142741377,49.94120957359496,25.839857654335077,24.101351919259884,20.301060155850553,90.11018384816262,79.73350323706774,78.38975507256751,-26.281896031659656,35874256.0,32060168.1,1.0
2026-09-02,2145.0,2168.89990234375,2076.39990234375,2099.39990234375,226228.0,1955.0539941406246,1462.4173950195307,2068.022311166432,2011.0901308812545,2174.339904694114,1804.8700440363557,1989.6049743652347,59.782078193770836,78.21764327899696,79.32719142741377,51.099852698110226,30.89185666309011,20.207996035020116,21.503178627614147,90.2808850018653,72.87383748464595,79.0554372508697,-43.416661581712276,35648028.0,32297467.9,1.0
2026-09-03,2119.0,2195.0,2087.89990234375,2176.199951171875,224172.0,1961.1199926757806,1467.1487902832027,2089.6578391675203,2026.1001145440382,2202.383506133948,1799.0064352723025,2000.6949707031251,64.80196874857775,78.21764327899696,79.32719142741377,57.55178664579307,36.223842659630705,21.327943986162367,22.845123991233862,91.48225733432136,71.8999835077326,74.83577474314876,-23.62792728242633,35872200.0,32539450.35,1.0
2026-09-04,2223.0,2320.0,2208.0,2247.800048828125,1027233.0,1968.617993164062,1472.3545465087886,2121.286281099641,2046.2546540244098,2243.7871164233065,1786.912834748569,2015.3499755859377,68.72168615982719,78.21764327899696,79.32719142741377,67.66254853583496,42.51158383487156,25.1509647009634,24.96917777225635,95.21924244102163,73.4573630054384,72.74372799927231,-16.40162634722435,36899433.0,32826536.95,1.0
2026-09-07,2260.0,2265.0,2214.10009765625,2231.39990234375,154701.0,1975.8699902343744,1477.7235064697263,2143.309005348463,2063.0860402352587,2275.0225368387087,1780.407407008948,2027.7149719238284,66.88438676940241,81.17562153583107,79.32719142741377,73.50472866134942,48.710212800167135,24.794515861182283,26.94151342606295,92.05357529121652,82.70210021084026,76.01981557467042,-20.12723931940108,36744732.0,33098784.65,1.0
2026-09-08,2243.39990234375,2253.10009765625,2137.699951171875,2215.89990234375,203200.0,1981.019987792968,1483.0339440917965,2157.8271847475207,2076.978209517849,2298.726886776738,1784.4930473052939,2041.6099670410158,65.11256679050287,81.17562153583107,79.32719142741377,76.007807350441,54.16973171022191,21.83807564021909,27.38514550866829,93.72118751929926,83.10639090639832,79.75528470755899,-23.675257952338992,36541532.0,33374825.6,1.0
2026-09-09,2208.10009765625,2235.89990234375,2174.89990234375,2185.5,100850.0,1986.6299877929682,1488.2178515624998,2163.3617477980165,2086.843826834408,2312.415499503075,1798.2344394617696,2055.324969482422,61.662397350687634,81.17562153583107,79.32719142741377,74.67765961389796,58.27131729095713,16.40634232294083,27.79708958537325,91.38395983934932,73.91765048452416,79.90871386725425,-30.589041377315297,36440682.0,33650437.35,1.0
2026-09-10,2192.10009765625,2339.5,2192.10009765625,2295.800048828125,853734.0,1994.405988769531,1493.8378979492186,2189.849408004038,2105.839847015655,2345.495793767146,1800.5441476391043,2073.019970703125,68.23845269005403,81.17562153583107,79.32719142741377,81.58335790786532,62.93372541433877,18.649632493526553,28.97627641258436,95.85653413653866,75.68017367848459,77.56807168980235,-9.516540901268177,37294416.0,33964914.55,1.0
2026-09-11,2272.0,2313.39990234375,2236.89990234375,2246.60009765625,245450.0,2001.917990722656,1499.2004583740234,2201.1995459344807,2118.636233437527,2363.984337937949,1812.4156132339258,2088.1999755859374,63.043799732942496,81.17562153583107,79.32719142741377,82.13929798307072,66.77483992808516,15.364458054985562,30.071235609280393,94.47392455535731,72.98735801401773,74.19506072567549,-20.23081712153281,37048966.0,34260611.2,1.0
2026-09-14,2246.60009765625,2246.60009765625,2246.60009765625,2246.60009765625,0.0,2009.3959936523436,1504.5485357666016,2210.279656278835,2130.2693120028657,2379.474599971287,1826.5053560834006,2102.9899780273436,63.043799732942496,81.05864364742283,79.32719142741377,81.63880319318196,69.74763258110451,11.891170612077445,31.08798343478385,87.72578708711751,72.79700912139117,73.82151360463116,-20.95171340292863,37048966.0,34552684.0,1.0
2026-09-15,2250.0,2265.0,1982.0,1992.800048828125,531067.0,2013.1239941406247,1508.5502062988282,2166.783734788693,2117.7721062597075,2377.7957445445904,1831.6542188343158,2104.724981689453,43.316204152402044,81.05864364742283,79.32719142741377,60.07016317272746,67.81213869942911,-7.741975526701651,29.283133155263002,101.6739451523234,43.360766103640735,63.04837774634987,-82.03974708970898,36517899.0,34811218.35,1.0
2026-09-16,2006.0,2043.9000244140625,1930.800048828125,1978.9000244140625,707394.0,2015.183994140625,1512.6037310791016,2129.206992713767,2105.1473715464667,2374.495119435529,1839.8148415019712,2107.15498046875,42.531242588532926,81.05864364742283,79.32719142741377,41.37826191372551,62.525363342288394,-21.147101428562884,28.061269818714635,102.49009018329583,20.686155722710694,45.61464364924753,-88.23098083373407,35810505.0,35041034.25,-1.0
2026-09-17,1995.0,2063.10009765625,1990.0999755859373,2014.800048828125,339125.0,2015.3559960937498,1516.931142578125,2106.325603936639,2096.933978572072,2368.7864191961617,1854.6435490655576,2111.7149841308596,45.28888185696076,81.05864364742283,79.32719142741377,29.125882397239366,55.84546715327859,-26.719584756039225,26.714061672035083,101.1836604017881,3.509727076495323,22.518882967615582,-79.44702470378458,36149630.0,35290290.95,-1.0
2026-09-18,2030.0,2104.60009765625,2016.0,2098.800048828125,229005.0,2017.7719970703126,1521.6725610351564,2104.820492914936,2097.1036213226225,2362.807835764738,1877.482142262606,2120.144989013672,51.190598520122016,81.05864364742283,79.32719142741377,25.89537556925461,49.8554488364738,-23.960073267219187,25.009322672096538,100.3705452893836,14.530739261107676,12.908874020104564,-58.894049407569135,36378635.0,35545503.3,-1.0
2026-09-21,2098.800048828125,2139.0,2075.0,2089.199951171875,182791.0,2021.7419970703124,1526.340509643555,2101.696384566324,2096.385105854373,2355.8685031179507,1899.19147002658,2127.5299865722654,50.51987112178472,68.05075552604158,79.32719142741377,22.3034279500298,44.345044659185,-22.0416167091552,23.382197417603003,97.77264919728478,24.698097330098964,14.246187889233987,-61.24298476435678,36195844.0,35785718.5,-1.0
2026-09-22,2130.699951171875,2175.5,2097.699951171875,2133.699951171875,376256.0,2027.3799951171875,1531.2444415283205,2108.0970978874343,2099.7773645196003,2340.88963690844,1937.5403313532793,2139.2149841308596,53.55753781489211,68.05075552604158,79.32719142741377,22.78491140562255,40.03301800847251,-17.24810660284996,22.24420549208945,96.9531777423448,35.22185438347208,24.81689699155957,-50.35480142290931,36572100.0,36049612.25,-1.0
2026-09-23,2154.800048828125,2189.0,2144.0,2168.89990234375,144053.0,2031.4699926757814,1536.4067742919926,2120.2576587786975,2106.0612315945227,2326.6326365437353,1976.0173268351707,2151.324981689453,55.86562904890618,68.05075552604158,79.32719142741377,25.71045823604436,37.16850605398688,-11.458047817942521,21.32517429566485,93.97795424847196,41.171900648830956,33.69728412080066,-41.742138007867226,36716153.0,36314877.4,-1.0
2026-09-24,2160.0,2165.89990234375,2055.0,2064.800048828125,166493.0,2032.8779931640627,1541.0990472412116,2109.166136788583,2102.310214979396,2324.6268697628607,1966.7131082644842,2145.6699890136724,48.23147347574827,68.05075552604158,79.32719142741377,19.405294837139536,33.61586381061741,-14.210568973477876,20.138489289681623,95.40095054099183,38.3957645557035,38.26317319600218,-67.21311083698967,36549660.0,36347589.95,-1.0
2026-09-25,2073.0,2174.300048828125,2059.39990234375,2156.800048828125,377035.0,2036.4099951171875,1546.116981811524,2118.6929191964914,2107.263836238371,2325.9791355649336,1968.4208522280358,2147.1999938964846,54.18951583842524,68.05075552604158,79.32719142741377,21.58324038116416,31.20933912472676,-9.6260987435626,18.939904369468707,96.79375025123349,39.47901642305436,39.68222720919627,-44.70270932208705,36926695.0,36435847.65,-1.0
2026-09-28,2150.0,2153.60009765625,2043.0999755859373,2051.10009765625,200260.0,2037.3639965820314,1550.626392822266,2105.1743548884433,2102.1580418218145,2326.8872229151916,1959.202779526215,2143.0450012207034,47.43480795363822,70.07988088335641,79.32719142741377,14.611740182501762,27.88981933628176,-13.278079153779998,18.008459443305647,98.00134475058736,28.86618114048827,35.58032070641538,-70.56519128930996,36726435.0,36497838.35,-1.0
2026-09-29,2056.5,2092.39990234375,2032.199951171875,2070.39990234375,363480.0,2036.895993652344,1555.2787463378913,2098.2194643795046,2099.2709382328994,2324.5574266538556,1951.982575787551,2138.2700012207033,48.692388780124645,70.07988088335641,79.32719142741377,10.52280860383462,24.416417189792334,-13.893608585957715,17.268470356114573,95.30124520925078,29.463828392700346,32.603008652080995,-65.84294832545316,37089915.0,36558621.3,-1.0
2026-09-30,2087.199951171875,2099.0,2040.0999755859373,2052.5,179895.0,2037.1019946289066,1559.8430987548834,2089.075571503604,2095.019034757181,2325.425680527888,1946.424331679144,2135.925006103516,47.55600392509779,70.07988088335641,74.3368188625038,5.771399247214504,20.68741360127677,-14.916014354062266,16.489263187104136,92.7011580095945,22.512434403939995,26.9474813123762,-68.19132311379599,36910020.0,36621720.9,-1.0
