Date,Open,High,Low,Close,Volume,MA50,MA200,EMA9,EMA21,BB_Upper,BB_Lower,BB_Mid,RSI,RSI_W,RSI_M,MACD,MACD_Signal,MACD_Hist,ADX,ATR,StochRSI_K,StochRSI_D,Williams_R,OBV,OBV_SMA20,Supertrend_Dir
2025-07-24,109.62926203645236,110.75592706687009,108.15970090318775,109.443115234375,2460811,105.48372665405273,98.10148426055909,109.75896938399801,109.01479262422076,114.23389513224075,106.59117734700729,110.41253623962402,52.4913875474198,58.25425220852498,44.26276374319837,1.2385115427741482,1.7080367519510355,-0.46952520917688734,21.539612199267943,3.2636107142450537,19.59572827323026,20.78471033560348,-59.367099810944964,75679937.0,68075446.25,1.0
2025-07-25,109.52149443337936,110.20728664415336,106.69014056028097,107.15060424804688,2752632,105.59110260009767,98.10148426055909,109.23729635680779,108.8453209536595,114.371158923976,106.24131742490093,110.30623817443846,47.50659637198672,58.25425220852498,44.26276374319837,0.9428109698991705,1.5549915955406626,-0.6121806256414921,20.239501774167664,3.2817203835041493,19.59572827323026,19.59696062677918,-88.98729863114416,72927305.0,69932441.9,1.0
2025-07-28,107.76781691608022,107.9637554115524,102.03652996591268,102.6439437866211,4035049,105.61618316650392,98.10148426055909,107.91862584277045,108.28155939301965,114.81295514215294,104.71400561224156,109.76348037719725,39.554480523863774,54.07097462909135,44.26276374319837,0.34088676949990315,1.3121706303325107,-0.9712838608326075,20.60124327769125,3.4706850307995474,9.549759941985247,16.247072162815254,-94.93881436584223,68892256.0,70651012.75,1.0
2025-07-29,102.64394158466092,104.94625996722831,101.30174722286344,104.01553344726562,2852610,105.70866760253907,98.13484329223634,107.1380073636695,107.89373885249655,114.43289243011702,104.06047686309583,109.24668464660643,42.698250149105505,54.07097462909135,44.26276374319837,-0.025176454687397154,1.0447012133285292,-1.0698776680159263,21.135641344957314,3.483101296054214,4.81702941345406,11.320839209556523,-78.69233362446525,71744866.0,70852884.0,1.0
2025-07-30,103.84898979448808,104.5347820202822,102.68313553606345,103.02603912353516,1748119,105.77274063110353,98.16247108459473,106.31561371564264,107.45122069531824,114.55825883757814,103.06904981720697,108.81365432739256,41.03993506142081,54.07097462909135,44.26276374319837,-0.3906252350213464,0.7576359236585541,-1.1482611586799005,21.631868121704375,3.3665688094945376,7.093111649985898,7.153300335141735,-86.4614846139389,69996747.0,71183279.2,1.0
2025-07-31,101.6544458377118,103.57467151882634,100.9098660921124,102.00714111328124,2844762,105.84249588012696,98.18696376800538,105.45391919517037,106.9563043696785,114.82977702226172,101.95400364790426,108.39189033508299,39.345390757444584,54.07097462909135,36.10442102037603,-0.7537735482374615,0.4553540292793511,-1.2091275775168127,22.577102055165522,3.3164428535816377,7.093111649985898,6.334417571141952,-91.64176914805935,67151985.0,71498771.9,-1.0
2025-08-01,102.10510937746344,102.45780464963158,99.44030397644838,99.84198760986328,1914706,105.85444839477537,98.20303100585939,104.33153287810896,106.30954830060439,115.04578244344884,100.53001940591636,107.7879009246826,35.948584914998854,54.07097462909135,36.10442102037603,-1.2024202435001143,0.12379917472345803,-1.3262194182235723,23.816007044265522,3.295089840696036,2.2760822365318383,5.487435178834544,-97.24829736258383,65237279.0,71557296.45,-1.0
2025-08-04,99.93015788234216,101.39971902767071,99.40111497307494,100.64534759521484,1962232,105.89833938598632,98.23203037261963,103.59429582153014,105.79462096375079,115.26485727249685,99.47231542647769,107.36858634948727,38.08449263028267,47.92661378291384,36.10442102037603,-1.4761355729399526,-0.19618777480922406,-1.2799477981307286,24.975965018208427,3.2024837131174455,2.8074000357084863,4.058864640742073,-91.49930181412047,67199511.0,71847351.65,-1.0
2025-08-05,101.15479339999789,101.69363548299962,99.53827462556724,99.91056823730467,1543764,105.9308657836914,98.25583728790284,102.85755030468505,105.25970707952841,115.34009331810114,98.40267706764101,106.87138519287107,36.87334326391371,47.92661378291384,36.10442102037603,-1.7323777248649606,-0.5034257648203714,-1.228951960044589,25.876496076590417,3.1276892234256555,4.230549287194039,3.104677186478121,-96.51937398042185,65655747.0,71747949.1,-1.0
2025-08-06,99.58726239642478,100.51798147109504,97.96094446434462,99.35213470458984,2110803,105.94105484008787,98.27690101623536,102.15646718466601,104.72265504544308,115.28878851248352,97.37826394723324,106.33352622985838,35.93793358604351,47.92661378291384,36.10442102037603,-1.9579424536283057,-0.7943291025819583,-1.1636133510463473,27.125392097706424,3.086928350805996,4.230549287194039,3.756166203365521,-90.21360693729675,63544944.0,71431019.7,-1.0
2025-08-07,99.44030578702969,101.30175142968211,98.06871386746607,100.51798248291016,1767255,105.99101989746092,98.30717399597168,101.82877024431484,104.3404120852128,115.10922213947215,96.69078930461963,105.90000572204589,39.394586736215956,47.92661378291384,36.10442102037603,-2.019352119732133,-1.0393337060119934,-0.9800184137201398,27.80179126721946,3.0973647230495707,7.998938071096298,5.486678881828125,-81.35712810709944,65312199.0,71348133.95,-1.0
2025-08-08,100.0379255280373,101.28215066603084,99.44030340223526,100.13589477539062,1499487,105.95986511230467,98.34401096343996,101.49019515053,103.95818323886533,115.13396855626623,96.02531412805992,105.57964134216307,38.658372308366545,47.92661378291384,36.10442102037603,-2.074932477310952,-1.2464534602717852,-0.8284790170391669,28.42987621033871,3.0076849045314287,11.918766400926408,8.049417919738914,-83.02752881526723,63812712.0,71389081.8,-1.0
2025-08-11,100.11630191364652,102.86927732446604,99.66563740517395,102.35983276367188,2295187,105.93713592529295,98.40916152954102,101.66412267315837,103.81287865021137,114.69027766135699,95.75283909889694,105.22155838012696,45.090564931869466,48.18162306964126,36.10442102037603,-1.917424228744153,-1.380647613966259,-0.5367766147778941,28.039561580414784,3.0216816913000475,29.894655249117974,16.604119907046893,-65.62020882733358,66107899.0,71278886.45,-1.0
2025-08-12,102.3794276461618,103.60406194814938,102.0267323692234,102.66354370117188,1493255,105.95653411865233,98.46142890930177,101.86400687876107,103.70839365484414,114.09991358244787,95.6035249856674,104.85171928405764,45.92448959025616,48.18162306964126,36.10442102037603,-1.7479416887987185,-1.454106428932751,-0.2938352598659675,27.260882003210167,2.918513683273329,43.42857893525578,28.41400019510005,-63.24653668619247,67601154.0,71035183.75,-1.0
2025-08-13,102.86927548934372,103.37872004104976,100.8608723590078,101.58586120605467,1427041,105.92851440429688,98.50938556671144,101.80837774421981,103.51543615949964,112.7520839055563,95.79529997505898,104.27369194030764,43.40542703092882,48.18162306964126,36.10442102037603,-1.681205633593862,-1.4995262698649732,-0.18167936372888893,26.981201198366083,2.889894683185374,59.60204217070381,44.308425451692514,-70.40000443816876,66174113.0,70343540.45,-1.0
2025-08-14,102.43820430217276,102.8986679803751,101.41930769977436,101.91896057128906,1062916,105.92616302490234,98.54073619842531,101.83049430963366,103.37030201511686,111.60550428008105,95.98176607514361,103.79363517761233,44.42022378286518,48.18162306964126,36.10442102037603,-1.583188482761173,-1.5162587124442133,-0.06692977031695979,26.721497593868005,2.7891422258578995,69.93851710853139,57.65637940483032,-60.430961578362165,67237029.0,69824160.55,-1.0
2025-08-18,103.06521487673662,104.00574055276408,102.71251961686988,103.79999542236328,1875528,105.9081362915039,98.58399024963381,102.22439453217959,103.40936505213926,110.3118769838881,96.49946411108264,103.40567054748537,49.88508343777377,49.788150958868755,36.10442102037603,-1.3382983225329355,-1.480666634461958,0.14236831192902244,25.808893384627375,2.738973494116265,83.16213793611618,70.90089907178378,-16.409631667915793,69112557.0,69260451.25,-1.0
2025-08-19,103.9000015258789,105.68000030517578,102.6500015258789,105.08999633789062,1800730,105.91061920166015,98.63638851165773,102.79751489332179,103.5621497144803,109.45502031090078,96.8867193436403,103.17086982727054,53.27791496201503,49.788150958868755,36.10442102037603,-1.0282754935082465,-1.3901884062712155,0.361912912762969,24.06279614328445,2.7597610144863083,94.9790304526858,82.69322849911111,-7.643473236250442,70913287.0,68907862.5,-1.0
2025-08-20,104.9800033569336,105.54000091552734,104.0999984741211,104.29000091552734,1056555,105.8197053527832,98.66666221618654,103.09601209776291,103.62831800548457,108.94726568470358,97.05550912608749,103.00138740539553,50.973189199518565,49.788150958868755,36.10442102037603,-0.8374791740505572,-1.2796465598270839,0.4421673857765267,22.441420133466025,2.6654925449805895,95.56953433700494,91.23690090860231,-18.007375750487732,69856732.0,68614950.35,-1.0
2025-08-21,104.4499969482422,105.1999969482422,103.8000030517578,104.13999938964844,1086902,105.7440138244629,98.69540214538574,103.30480955614001,103.67483449495401,107.8319279067665,97.6219203598351,102.7269241333008,50.53179197897824,49.788150958868755,36.10442102037603,-0.6904168896560918,-1.1618006257928855,0.47138373613679363,21.093892448829585,2.575099784373719,90.29055330564472,93.61303936511182,-19.950638358920358,68769830.0,68146404.45,-1.0
2025-08-22,103.98999786376952,104.63999938964844,102.5,102.81999969482422,1000265,105.69894134521486,98.70926353454591,103.20784758387686,103.59712224039676,106.40885770140687,98.38267901123965,102.39576835632326,46.69946521660002,49.788150958868755,36.10442102037603,-0.6726282733825286,-1.0639661553108142,0.39133788192828556,20.49526787148153,2.544021184750485,77.64453867471985,87.83487543912317,-37.051171403931804,67769565.0,67750885.85,-1.0
2025-08-25,103.25,103.69000244140624,102.5999984741211,102.91000366210938,725744,105.70367462158204,98.73836853027343,103.14827879952337,103.5346569150979,105.53210942704168,98.8353672270111,102.18373832702639,46.9946473493759,50.621266758614766,36.10442102037603,-0.6438462401838194,-0.9799421722854154,0.33609593210159594,19.93940219251548,2.4401628120743895,69.99643001785623,79.31050733274026,-35.885174303495425,68495309.0,67529286.05,-1.0
2025-08-26,102.5999984741211,103.1999969482422,100.5,101.0,2316150,105.66589721679688,98.75302497863768,102.7186230396187,103.3042335591799,105.48289457784898,98.72018769754166,102.10154113769532,41.71496694843184,50.621266758614766,36.10442102037603,-0.7663238995817778,-0.9372185177446879,0.17089461816291007,20.363218729831267,2.4587223932292335,53.04749787585651,66.89615552281086,-60.629180584757314,66179159.0,67393631.2,-1.0
2025-08-28,100.9000015258789,101.30999755859376,99.02999877929688,99.29000091552734,1584251,105.63291213989258,98.75320419311524,102.03289861480044,102.93930331884785,105.34253587447225,98.38799314774457,101.8652645111084,37.63804279566437,50.621266758614766,36.10442102037603,-0.9899593272209302,-0.9477666796399363,-0.042192647580993836,21.29711822621021,2.4459564208054947,32.36017917344803,51.80136902238692,-83.95426242257196,64594908.0,67036133.3,-1.0
2025-08-29,99.29000091552734,100.83000183105467,98.5,98.91999816894533,1490250,105.5927229309082,98.72875518798828,101.41031852562942,102.57391194158399,105.32827468530041,97.99165024145739,101.6599624633789,36.79996961758387,50.621266758614766,36.10442102037603,-1.1834065699450917,-0.9948946577009675,-0.18851191224412422,22.345525914296992,2.4376739501090077,11.105420159973402,32.171032403092646,-94.15044357807942,63104658.0,66691528.85,-1.0
2025-09-01,99.0,100.56999969482422,99.0,100.18000030517578,1129172,105.58282821655273,98.7228525543213,101.1642548815387,102.35628361100143,105.29111948420336,97.8460913617439,101.56860542297363,41.571225457084644,46.987264988354816,34.27670046392807,-1.2209686943180742,-1.040109465024389,-0.18085922929368525,23.319047338949005,2.381411634092571,9.651801726022947,17.705800353148128,-76.60166805334624,64233830.0,66545621.1,-1.0
2025-09-02,100.4499969482422,103.44000244140624,100.22000122070312,102.69000244140624,1564409,105.59217483520507,98.73910106658937,101.4694043935122,102.38662168649277,105.37281589034475,98.04919643875678,101.71100616455077,49.71525212988862,46.987264988354816,34.27670046392807,-1.0362554453461144,-1.039338661088734,0.003083215742619716,22.347168391620887,2.4441680985309913,35.778203293577526,18.845141726524623,-41.64342251648894,65798239.0,66573669.1,-1.0
2025-09-03,102.5,103.4000015258789,102.0,102.83999633789062,950287,105.64527709960937,98.76545574188233,101.7435227823879,102.42783756389258,105.4796198282354,98.1618573751337,101.82073860168455,50.16230056166769,46.987264988354816,34.27670046392807,-0.8677625839494283,-1.0050234456608729,0.13726086171144458,21.444709369101922,2.369584771912985,62.80894178428326,36.07964893462791,-39.55437112221163,66748526.0,66551119.85,-1.0
2025-09-04,103.5,103.66999816894533,100.0,100.12000274658205,2012898,105.55933273315429,98.79599212646485,101.41881877522674,102.21803439868252,105.46820633107433,98.19421432322252,101.83121032714843,42.74155422604795,46.987264988354816,34.27670046392807,-0.9428430208062792,-0.9925873606899542,0.04974433988367499,21.477460331097618,2.462471443129581,65.1764067897809,54.58785062254722,-77.4372886110569,64735628.0,66505113.9,-1.0
2025-09-05,100.5,101.41999816894533,100.0,101.0500030517578,921214,105.4247804260254,98.83553821563723,101.34505563053295,102.11184973078028,105.3848239907941,98.44738349821958,101.91610374450684,45.69939442437698,46.987264988354816,34.27670046392807,-0.916734016554102,-0.9774166918627839,0.06068267530868188,21.50787193866505,2.3880090664021343,57.052704427684276,61.679351000582805,-64.48463867167804,65656842.0,66610708.8,-1.0
2025-09-08,101.0500030517578,101.0500030517578,101.0500030517578,101.0500030517578,0,105.32432205200195,98.88360774993899,101.28604511477792,102.0153182145055,105.37424058844313,98.5111689574553,101.94270477294921,45.69939442437699,49.13495721505764,34.27670046392807,-0.885831132692104,-0.959099580028648,0.07326844733654403,21.536111288549098,2.2174369902305533,48.024665142436504,56.75125878663389,-64.48463867167804,65656842.0,66627940.95,-1.0
2025-09-09,101.0500030517578,101.0500030517578,101.0500030517578,101.0500030517578,0,105.15979080200195,98.91928398132326,101.2388367021739,101.92756229061933,105.34208547000152,98.63473490353367,101.9884101867676,45.69939442437699,49.13495721505764,34.27670046392807,-0.8515245298635676,-0.937584569995632,0.08606004013206436,21.562333542012855,2.059048633785514,56.93554006608932,54.00430321207003,-63.778370452572794,65656842.0,66720147.45,-1.0
2025-09-10,100.23999786376952,102.44000244140624,100.23999786376952,101.12999725341795,1693613,104.91240875244141,98.9624140930176,101.21706881242271,101.85505637814649,105.29697848615038,98.55685833635945,101.92691841125492,45.999079957355654,49.13495721505764,34.27670046392807,-0.8085608502516095,-0.9117798260468275,0.103218975795218,20.61083336314953,2.0691169154891718,61.263235418298024,55.40781354227461,-60.746291770954386,67350455.0,66782275.25,-1.0
2025-09-11,101.58999633789062,103.3000030517578,101.23999786376952,101.70999908447266,1607586,104.65957977294921,99.00619091033938,101.3156548668327,101.84186935144886,105.23235985836128,98.52612250247863,101.87924118041995,48.23005320950819,49.13495721505764,34.27670046392807,-0.7194175267079572,-0.8733073661790535,0.15388983947109625,19.190076241286583,2.0763232642642198,71.7737340966394,63.324169860342245,-47.71987942076239,68958041.0,66850119.6,-1.0
2025-09-12,102.1500015258789,102.9000015258789,100.73999786376952,101.06999969482422,1114953,104.44724685668946,99.03515815734865,101.26652383243102,101.7716993826648,105.22396008978134,98.48293611993554,101.85344810485844,45.973053847440724,49.13495721505764,34.27670046392807,-0.6924314834852368,-0.8371321896402902,0.14470070615505348,18.166454566909,2.082300435538875,73.72653671279774,68.92116874257839,-50.4817247421588,67843088.0,66933568.35,-1.0
2025-09-15,101.5,102.5,101.01000213623048,101.76000213623048,1221657,104.27359848022462,99.06826122283938,101.36521949319092,101.77063599662532,105.21611138237388,98.47488898383712,101.8455001831055,48.75726243965896,49.15578267394902,34.27670046392807,-0.6083546852528627,-0.7913766887628048,0.18302200350994202,17.21594872641553,2.0399931089839205,81.2245028708169,75.57492456008467,-36.943843504387175,69064745.0,67024954.15,-1.0
2025-09-16,102.01000213623048,103.02999877929688,101.5,101.87999725341795,1095426,104.07276290893557,99.10024978637698,101.46817504523634,101.78057792906101,104.99268464477315,98.50631590454329,101.74950027465822,49.247097496481764,49.15578267394902,34.27670046392807,-0.5259774728991147,-0.7382968455900668,0.21231937269095214,16.004310202376196,2.003564942577703,83.76159586561826,79.57087848307764,-34.622853955333795,70160171.0,67077334.85,-1.0
2025-09-17,102.31999969482422,104.5500030517578,102.12999725341795,104.0500030517578,2993491,103.97313018798829,99.14416606903079,101.98454064654064,101.98688930385163,104.74246134315037,98.6525398775528,101.69750061035158,57.21263498810385,49.15578267394902,34.27670046392807,-0.2823370009834605,-0.6471048766687455,0.364767875685285,15.811666490850719,2.0511678608464274,94.21198492761985,86.39936122135167,-8.264458641136185,73153662.0,67189353.6,-1.0
2025-09-18,105.0,105.5,103.0500030517578,104.55999755859376,2365952,103.8672383117676,99.18955463409426,102.49963202895128,102.22080823610092,104.806333734392,98.6156671506178,101.7110004425049,58.847347266957684,49.15578267394902,34.27670046392807,-0.04754975319956145,-0.5271938519749088,0.4796440987753473,16.134092716378664,2.0796556528032686,97.71695754526736,91.89684611283516,-14.461576021634393,75519614.0,67472497.7,-1.0
2025-09-19,104.75,106.08999633789062,104.08999633789062,105.61000061035156,2383159,103.77725204467774,99.23475582122805,103.12170574523135,102.52891663376006,105.1781258011131,98.39087520596696,101.78450050354003,62.06115324609369,49.15578267394902,34.27670046392807,0.22070317444313048,-0.37761444669130095,0.5983176211344314,16.72580500565589,2.073965963317321,99.99999999999999,97.30964749096239,-7.881707983182751,77902773.0,67929144.85,-1.0
2025-09-22,105.70999908447266,106.29000091552734,103.7300033569336,104.27999877929688,1520919,103.67908416748045,99.2503818511963,103.35336435204447,102.68810591971794,105.40426958322745,98.31073133229988,101.85750045776366,56.08632824901427,53.78242425410566,34.27670046392807,0.3222606990426726,-0.23763941754450624,0.5599001165871789,16.985096205925558,2.108682505837066,89.69125430453633,95.80273728326789,-31.955514207774215,76381854.0,68359759.3,-1.0
2025-09-23,104.3000030517578,105.87000274658205,102.83999633789062,105.29000091552734,2216599,103.65402053833007,99.25214954376221,103.74069166474104,102.92464182842788,105.81930741915689,98.13369322171225,101.97650032043457,59.29145811826901,53.78242425410566,34.27670046392807,0.47872604457873535,-0.09436632511985792,0.5730923696985932,16.53832562100865,2.1744913560409485,84.9125230880294,91.53459246418856,-15.89824887833361,78598453.0,68864916.5,-1.0
2025-09-24,105.29000091552734,106.9499969482422,104.0999984741211,104.3499984741211,2278892,103.5505906677246,99.25396881103515,103.86255302661705,103.05421970530908,106.09802168835928,98.18997879992197,102.14400024414063,55.24972725041369,53.78242425410566,34.27670046392807,0.5208713365580024,0.028681207215714155,0.4921901293422883,16.72682788728423,2.2227418644752457,71.03580386344478,81.87986041867018,-37.41006641418312,76319561.0,69371936.6,-1.0
2025-09-25,104.3499984741211,104.6999969482422,102.2699966430664,102.77999877929688,1132283,103.40498413085938,99.24539081573486,103.64604217715302,103.02929053021707,106.04360795564608,98.59339231901214,102.31850013732911,49.21536669990764,53.78242425410566,34.27670046392807,0.42271315562634015,0.10748759689783936,0.3152255587285008,15.648419090003223,2.2375460388109993,55.17420384371952,70.37417693173123,-62.146031861538354,75187278.0,69901555.1,-1.0
2025-09-26,102.5999984741211,102.5999984741211,99.1999969482422,99.5500030517578,2219503,103.13305603027344,99.22850051879882,102.82683435207399,102.71299166853895,105.9630745762882,98.73692618665129,102.35000038146974,39.6263824169033,53.78242425410566,34.27670046392807,0.08332787713686685,0.10265565294564487,-0.019327775808778022,15.93963274746138,2.333435738256976,26.619601726893116,50.9432031446858,-95.48379221270199,72967775.0,70394710.95,-1.0
2025-09-29,99.5500030517578,102.01000213623048,99.5500030517578,100.45999908447266,1608800,102.91185409545898,99.21924629211426,102.35346729855372,102.50817416089656,105.94368669328064,98.78431394758853,102.36400032043458,42.99613795884184,47.56116922355888,34.27670046392807,-0.11092959915127665,0.05993860252626057,-0.17086820167753722,16.21004542938681,2.3424759772723838,12.169732977233876,31.321179515948835,-83.74190791960704,74576575.0,70911848.2,-1.0
2025-09-30,100.62000274658205,105.6999969482422,100.62000274658205,105.02999877929688,7966151,102.78126831054686,99.23230319976808,102.88877359470236,102.7374309443875,106.25332945443823,98.70867082021998,102.4810001373291,56.21368697615806,47.56116922355888,40.67755092955072,0.1026969076078359,0.06849026354257565,0.03420664406526025,15.58062905652286,2.5494418263078953,29.651978251584843,22.813770985237277,-24.77416992187519,82542726.0,71749072.55,-1.0
2025-10-01,105.16000366210938,105.26000213623048,103.4000015258789,104.1500015258789,1653035,102.6685481262207,99.24135204315186,103.14101918093768,102.8658464517958,106.38989820671961,98.70310258673743,102.54650039672852,53.63473861220542,47.56116922355888,40.67755092955072,0.19869855613383436,0.09453192206082739,0.10416663407300697,14.996170996006335,2.5001960251681585,50.4654383071927,30.76238317867047,-36.12897319178445,80889691.0,72456130.8,-1.0
2025-10-03,104.30999755859376,105.63999938964844,103.75,105.41999816894533,1836092,102.62335510253905,99.26821342468263,103.59681497853921,103.09804206244576,106.68122633726067,98.94177399843271,102.81150016784669,56.7206751640224,47.56116922355888,40.67755092955072,0.3729594254385944,0.1502174227363808,0.2227420027022136,14.627713679014338,2.456610551202464,70.85720325942368,50.32487327273374,-19.7419197328629,82725783.0,73355638.55,-1.0
2025-10-06,105.38999938964844,105.9000015258789,104.0,104.18000030517578,1788520,102.5143698120117,99.2879930496216,103.71345204386654,103.19640190269394,106.79065505632953,99.14534500470565,102.96800003051759,53.010780921529914,53.207471428838275,40.67755092955072,0.4063211381779297,0.2014381658246906,0.2048829723532391,14.408210966985552,2.416852763679353,66.098361015519,62.47366752737846,-35.74189216859898,80937263.0,74119659.6,-1.0
2025-10-07,104.18000030517578,104.88999938964844,103.75,104.0999984741211,1138637,102.40750747680661,99.3164839553833,103.79076132991746,103.27854704555094,106.8635036286288,99.37749597464268,103.12049980163575,52.77096454135744,53.207471428838275,40.67755092955072,0.42144687943454073,0.24543990854666065,0.1760069708878801,14.050305890327813,2.3256489512485734,64.81497509428628,67.25684645640965,-36.774173859627204,79798626.0,74826748.8,-1.0
2025-10-08,104.16000366210938,104.4000015258789,101.6999969482422,102.0199966430664,1613728,102.304895324707,99.32972530364991,103.43660839254726,103.16413337259779,106.82312403946219,99.51487492294018,103.16899948120118,46.838124835457286,53.207471428838275,40.67755092955072,0.26256864598239815,0.24886565603380817,0.013702989948589983,13.515184927543475,2.3523886388477258,50.13159157351993,60.34830922777506,-63.61290716355865,78184898.0,75453151.6,-1.0
2025-10-09,102.18000030517578,103.38999938964844,102.0999984741211,102.97000122070312,1012946,102.31141647338865,99.3500189971924,103.34328695817844,103.14648499515282,106.78946331891193,99.73253604021893,103.26099967956543,49.62385579010046,53.207471428838275,40.67755092955072,0.2108830032204594,0.2412691254711384,-0.03038612225067902,13.018286890672304,2.282218217971605,45.099335829053466,53.34863416561989,-51.35478358114938,79197844.0,76045521.05,-1.0
2025-10-10,103.4000015258789,108.0,103.02999877929688,107.51000213623048,6359344,102.38130584716794,99.41623176574709,104.17662999378886,103.54316837161443,107.47405400267837,99.62794566162827,103.55099983215332,60.323845835889166,53.207471428838275,40.67755092955072,0.5301506438539434,0.2990454291476994,0.231105214706244,13.717394323340514,2.4784882580662675,58.90259502801167,51.37784081019502,-5.568155611851067,85557188.0,76875478.4,1.0
2025-10-13,107.51000213623048,108.1999969482422,105.5999984741211,106.2300033569336,2260740,102.4453851318359,99.47104804992676,104.58730466641782,103.78742609755254,107.7237386415506,99.89426138896698,103.80900001525879,56.66921159299141,55.062760405825884,40.67755092955072,0.6721393412285153,0.37366421156386254,0.2984751296646527,14.436653019642398,2.487167559213042,75.63500102780367,59.87897729495626,-21.888817681206753,83296448.0,77648146.4,1.0
2025-10-14,106.76000213623048,107.22000122070312,103.29000091552734,103.56999969482422,1652372,102.47664230346676,99.50795967102052,104.3838436720991,103.76766006094087,107.69671555510266,100.10228423127433,103.89949989318849,49.90309137222828,55.062760405825884,40.67755092955072,0.5635303152286042,0.4116374322968109,0.15189288293179332,13.897405185617915,2.590227041067523,77.33153990640349,70.6230453207396,-51.444413926866474,81644076.0,78277112.95,1.0
2025-10-15,104.36000061035156,106.45999908447266,103.66999816894533,105.79000091552734,2203109,102.59560256958004,99.53720989227297,104.66507512078476,103.95150922953964,107.85687863812133,100.33312151446655,104.09500007629394,54.75809021763499,55.062760405825884,40.67755092955072,0.6491098900685017,0.4591319238511491,0.18997796621735263,13.396675054023753,2.611639351680446,68.36787206365923,73.77813766595546,-26.777733696831753,83847185.0,78961463.65,1.0
2025-10-16,106.1999969482422,107.9000015258789,105.5,106.87999725341795,3035987,102.7202955627441,99.57974773406983,105.10805954731141,104.21773541352857,108.19880799661841,100.27419157613546,104.23649978637694,56.963414792212696,55.062760405825884,40.67755092955072,0.795713425628719,0.526448224206663,0.269265201422056,13.529200039557981,2.596522364123193,68.84168728965355,71.51369975323875,-14.666663275824964,86883172.0,79647939.15,1.0
2025-10-17,106.9000015258789,107.06999969482422,104.0,104.6500015258789,1824697,102.81508422851559,99.61671997070313,105.01644794302491,104.25703233283315,108.20505925512325,100.27694071435917,104.24099998474121,51.43898276118967,55.062760405825884,40.67755092955072,0.7236143891770013,0.5658814572007307,0.15773293197627059,12.898587285435543,2.6303421734589807,68.53252462168273,68.58069465833182,-41.04043846558218,85058475.0,80124882.2,1.0
2025-10-20,104.1999969482422,109.0,103.0999984741211,106.69000244140624,10680854,102.96184158325191,99.65629947662354,105.3511588427012,104.47821143361253,108.36557531413283,100.22442483845504,104.29500007629393,55.67405334362304,52.023034467088216,40.67755092955072,0.821615338048332,0.617028233370251,0.20458710467808094,13.079330803048945,2.863889270060404,66.00306702674561,67.79242631269396,-27.56561235925924,95739329.0,81016710.0,1.0
2025-10-21,107.3000030517578,108.5,107.0199966430664,107.3000030517578,721282,103.09748199462885,99.70044750213624,105.74092768451251,104.73473794435301,108.73255981564535,100.15944076418862,104.44600028991698,56.88489381309694,52.023034467088216,40.67755092955072,0.937694587841122,0.6811615042644252,0.2565330835766968,13.247164069404247,2.7886112906699303,62.91482205650334,65.81680456831056,-23.287619692608928,96460611.0,82020647.85,1.0
2025-10-23,107.4000015258789,110.0,106.8000030517578,107.13999938964844,4431528,103.23756408691402,99.74085639953614,106.0207420255397,104.95339807574351,108.97882936386382,100.09817106338225,104.53850021362304,56.44930985045621,52.023034467088216,40.67755092955072,1.0051900659111652,0.7459672165937732,0.25922284931739203,13.959511630390903,2.817995980496521,70.4297592490403,66.44921611076307,-34.45782600942374,92029083.0,82692179.35,1.0
2025-10-24,107.54000091552734,107.8000030517578,105.1999969482422,105.66000366210938,1937573,103.30356750488276,99.7755797958374,105.94859435285365,105.01763494723131,109.07118881449313,100.1368121315518,104.60400047302247,52.44871129523813,52.023034467088216,40.67755092955072,0.9285536437873105,0.7824845020324807,0.14606914175482988,13.778699177440323,2.8024252749978835,62.457519454861895,65.26736692013517,-52.28909327896558,90091510.0,83380776.8,1.0
2025-10-27,106.1999969482422,108.4499969482422,105.75,107.62999725341795,2508062,103.4028965759277,99.83342819213867,106.28487493296652,105.25512242961192,109.42202948428515,100.27097130917188,104.84650039672852,56.83399072600264,53.009601118994176,40.67755092955072,1.0150795409309978,0.8290035098121842,0.18607603111881366,13.865033704806422,2.801537275793237,62.33169974008687,65.07299281466302,-28.554239459949592,92599572.0,84251391.5,1.0
2025-10-28,108.0,110.0,107.0999984741211,108.58999633789062,5681278,103.54297927856443,99.89793807983396,106.74589921395135,105.55829278490998,109.43608820550985,101.16091191656047,105.29850006103516,58.826688638779906,53.009601118994176,40.67755092955072,1.1478837515179379,0.892779558153335,0.2551041933646029,14.513232553286256,2.8085704365136417,68.20798619212397,64.33240179569091,-16.98798968285633,98280850.0,85517045.25,1.0
2025-10-29,109.0,109.3499984741211,107.25,107.5500030517578,1960600,103.6556001281738,99.96141174316405,106.90671998151265,105.73935735462341,109.22078109870918,102.08521942008963,105.6530002593994,55.82035904518063,53.009601118994176,40.67755092955072,1.1558889107590176,0.9454014286744715,0.21048748208454604,15.115131484017532,2.757958153485603,73.64378450714031,68.06115681311705,-31.012613607940153,96320250.0,86604229.0,1.0
2025-10-30,107.61000061035156,107.8000030517578,105.5500030517578,105.73999786376952,1719658,103.69440017700194,100.02230144500732,106.67337555796404,105.7394155827276,109.2442892181191,102.13271120912698,105.68850021362304,50.94099132270224,53.009601118994176,40.67755092955072,1.0046003577236604,0.9572412144843094,0.047359143239350976,14.740265407591217,2.7216754282366313,52.25647816370645,64.70274962099023,-61.11910172378333,94600592.0,87207122.3,1.0
2025-10-31,105.9000015258789,109.0999984741211,105.73999786376952,106.12999725341795,4370487,103.7152001953125,100.10502918243408,106.56469989705482,105.77492300733581,109.27248102785006,102.30251897214995,105.78750000000001,51.91629010645298,53.009601118994176,41.77693365736463,0.9057320654004002,0.9469393846675277,-0.04120731926712751,14.910561610759459,2.767270084101985,30.143874856937327,52.01471250926136,-56.08698392409548,98971079.0,88111191.7,1.0
2025-11-03,106.56999969482422,108.94000244140624,106.5500030517578,107.55999755859376,2849971,103.78060012817383,100.20945560455321,106.76375942936262,105.93720251199562,109.46239484524271,102.32660509372216,105.89449996948244,55.41617025248802,53.48889800976253,41.77693365736463,0.9320235180910856,0.9439562113522394,-0.01193269326115376,15.068693799415684,2.7703225915224348,31.4337424334876,37.94469848471046,-35.36234640318335,101821050.0,89065955.05,1.0
2025-11-04,108.0,108.01000213623048,105.04000091552734,105.22000122070312,2310202,103.80220016479491,100.27597484588622,106.45500778763073,105.8720023946054,109.43869462396896,102.45430540654866,105.9465000152588,49.11613320462159,53.48889800976253,41.77693365736463,0.7553345094205355,0.9062318709658986,-0.15089736154536315,14.396879746332463,2.784585350749628,28.113765445598325,29.897127578674414,-69.27532930781504,99510848.0,89994634.3,1.0
2025-11-06,105.75,105.79000091552734,102.51000213623048,102.75,2616553,103.80080017089844,100.3389614868164,105.71400623010459,105.58818399509582,109.5681072361743,102.18989294693121,105.87900009155275,43.49512921687769,53.48889800976253,41.77693365736463,0.41125801482859003,0.8072370997384369,-0.3959790849098469,14.096636539573131,2.819972024217287,20.593633993040186,26.71371395737537,-96.79575524406448,96894295.0,90849417.75,1.0
2025-11-07,102.8000030517578,105.8000030517578,101.27999877929688,105.20999908447266,2465141,103.8468000793457,100.399454498291,105.61320480097821,105.55380354867553,109.2729212939988,102.80407913324733,106.03850021362307,49.6726757661135,53.48889800976253,41.77693365736463,0.3332349558346692,0.7124366709576835,-0.37920171512301426,14.285135723977104,2.9414028990918326,13.431002851131474,20.71280076325666,-54.93119546996014,99359436.0,91908144.65,1.0
2025-11-10,105.66000366210938,107.81999969482422,104.93000030517578,107.55999755859376,5073421,103.97800003051758,100.4740977859497,106.00256335250133,105.73618482230447,109.22516415841233,103.3108359026229,106.26800003051761,54.76084916404844,52.362998326697536,41.77693365736463,0.4557724949478512,0.6611038357557171,-0.20533134080786586,13.508502215861618,2.937731219845876,37.92453204181265,23.9830562953281,-27.981675456801025,104432857.0,93169895.3,1.0
2025-11-11,107.4000015258789,107.77999877929688,106.7300033569336,107.41999816894533,2619692,104.14059997558594,100.53133708953857,106.28605031579013,105.88925876290818,109.21296968358335,103.31402998072333,106.26349983215334,54.40793947142746,52.362998326697536,41.77693365736463,0.5354156583842524,0.6359662002814241,-0.10055054189717172,12.787342529754381,2.8028929485971195,61.650777481573215,37.66877079150578,-29.587172819760667,101813165.0,93982694.15,1.0
2025-11-12,107.69000244140624,108.0500030517578,106.72000122070312,107.61000061035156,2116927,104.31440002441407,100.60799388885496,106.55084037470242,106.0456898399485,109.34261393053772,103.32238545911078,106.33249969482425,54.83337016633925,52.362998326697536,41.77693365736463,0.6068694352242687,0.630146847269993,-0.02327741204572431,11.989275948104487,2.69768644020123,72.87097641505186,57.48209531281257,-27.408246044439466,103930092.0,95014376.35,1.0
2025-11-13,107.4000015258789,108.5500030517578,106.0500030517578,106.33000183105467,2334969,104.43740005493164,100.69524860382079,106.50667266597287,106.07153638459451,109.18600929272527,103.75499031054626,106.47049980163577,51.35663794127612,52.362998326697536,41.77693365736463,0.5538276832863716,0.6148830144732688,-0.06105533118689721,11.56021209468618,2.6835659801868563,65.4696609778473,66.66380495815746,-42.08712907323884,101595123.0,96011928.7,1.0
2025-11-14,106.2300033569336,107.6500015258789,106.05999755859376,107.23999786376952,2024091,104.52839996337892,100.78337940216062,106.65333770553221,106.1777601554286,109.25943636333966,103.82656293475608,106.54299964904787,53.60868575357662,52.362998326697536,41.77693365736463,0.5785516046537538,0.6076167325093658,-0.029065127855611994,11.161795659369181,2.605454407836734,63.731951860210614,67.3575297510366,-31.65139621400115,103619214.0,97000530.15,1.0
2025-11-17,107.23999786376952,110.0,107.23999786376952,108.08000183105467,5698314,104.6332000732422,100.88075569152831,106.93867053063671,106.35069121684916,109.40251836212428,103.80348139373513,106.6029998779297,55.64983959633992,54.63222074096337,41.77693365736463,0.6583378811249503,0.6177609622324827,0.04057691889246762,11.095229889317245,2.6164935312934303,65.50709076929053,64.90290120244947,-22.018324543198975,109317528.0,98122247.95,1.0
2025-11-18,108.26000213623048,108.8000030517578,106.88999938964844,107.0999984741211,1782566,104.772799987793,100.98038383483885,106.9709361193336,106.41881005841934,109.37561883170515,104.07538061897849,106.72549972534182,52.734654866605965,54.63222074096337,41.77693365736463,0.635169164631904,0.621242602712367,0.013926561919537006,10.844864115404038,2.566029969208854,73.4029861719644,67.54734293382184,-33.256893576960636,107534962.0,99246072.3,1.0
2025-11-19,107.02999877929688,109.6500015258789,106.01000213623048,108.87000274658205,4943611,104.92919998168948,101.05589485168454,107.3507494447833,106.64164575734321,109.65248284370242,104.01651663749877,106.83449974060059,57.10522407479506,54.63222074096337,41.77693365736463,0.7509755633065254,0.6471891948311987,0.10378636847532663,10.144404625579453,2.6427420706688234,84.74778318317382,74.55262004147625,-12.958682284758194,112478573.0,100083034.5,1.0
2025-11-20,109.08999633789062,109.9000015258789,106.61000061035156,107.43000030517578,2096618,105.05679992675785,101.12846759796139,107.3665996168618,106.71331435260072,109.66409865740597,104.017900549137,106.84099960327148,52.82553088512895,54.63222074096337,41.77693365736463,0.7182769565342113,0.6614067471718013,0.05687020936241005,9.623262151569234,2.688974845301575,81.17311194429172,79.77462709980998,-29.472469438679628,110381955.0,100779101.7,1.0
2025-11-21,107.43000030517578,108.16000366210938,104.8499984741211,105.0500030517578,2578778,105.13679992675783,101.16768474578855,106.903280303841,106.56210423434227,109.66572935350936,103.8072702192446,106.73649978637698,46.608287705220775,54.63222074096337,41.77693365736463,0.49461556683556296,0.6280485111045536,-0.13343294426899066,9.627048418791526,2.7333341554934822,63.80963367387449,76.57684293378,-56.76601210203805,107803177.0,101567806.4,1.0
2025-11-24,105.23999786376952,106.3499984741211,103.6500015258789,103.9499969482422,1850885,105.19319992065432,101.19993232727047,106.31262363272126,106.3246399356059,109.80382210695007,103.49817679441713,106.6509994506836,44.02902053129446,51.76725286022977,41.77693365736463,0.22599586503240232,0.5476379818901234,-0.32164211685772104,10.160106120887548,2.730952926404104,31.783886902795924,58.9222108403207,-69.38075922964109,105952292.0,102360845.5,1.0
2025-11-25,103.95999908447266,105.9499969482422,103.70999908447266,105.29000091552734,1522370,105.26479995727541,101.23256080627438,106.10809908928249,106.23058184287149,109.70745804961842,103.36054121795974,106.53399963378908,47.817408907212695,51.76725286022977,41.77693365736463,0.11985828562495726,0.46208204263709013,-0.34222375701213287,10.655088272833853,2.6958847076444927,19.5181825850363,38.3705677205689,-54.013743407399105,107474662.0,103104600.0,1.0
2025-11-26,105.54000091552734,107.93000030517578,105.4000015258789,106.45999908447266,2392595,105.37259994506839,101.27211696624754,106.17847908832053,106.25143795574432,109.44980252598242,103.40519701625391,106.42749977111816,50.93978232209046,51.76725286022977,41.77693365736463,0.1286693433198849,0.3953995027736491,-0.2667301594537642,9.979403631694344,2.691892899216203,29.5101883319107,26.93741927324764,-40.59633509136024,109867257.0,103683920.35,1.0
2025-11-27,107.88999938964844,108.4499969482422,106.51000213623048,108.16999816894533,3089657,105.50079986572267,101.30670314788814,106.57678290444551,106.42585252058078,109.5413914904943,103.37560756346079,106.45849952697755,55.16253486191209,51.76725286022977,41.77693365736463,0.27051645972461813,0.37042289416384294,-0.09990643443922481,9.448444104275493,2.641757539541442,56.58370972039453,35.20402687911384,-28.818933398373215,112956914.0,104515753.55,1.0
2025-11-28,108.58000183105467,108.58000183105467,106.33999633789062,106.9800033569336,1751843,105.60279998779299,101.34464660644528,106.65742699494312,106.47622986934012,109.59240644435006,103.44859315892141,106.52049980163574,51.81984456666268,51.76725286022977,41.77693365736463,0.2836390706535923,0.35306612946179283,-0.06942705880820055,8.861285702847962,2.6130609648001997,65.85780057347745,50.65056620859423,-47.55901368124983,111205071.0,105345977.5,1.0
2025-12-01,107.22000122070312,108.58999633789062,106.8499984741211,107.18000030517578,1371989,105.66539993286133,101.3794752502441,106.76194165698966,106.54020899987063,109.65268629696577,103.49331361148153,106.57299995422365,52.34253654278162,54.053997199637365,42.66122002579127,0.30664213696024945,0.34378133096148417,-0.03713919400123472,8.321802357569052,2.5506993147265806,69.43364534122578,63.95838521169925,-44.409454684389296,112577060.0,106026276.55,1.0
2025-12-02,106.8000030517578,109.48999786376952,106.8000030517578,107.16999816894533,2628005,105.71759994506837,101.42654922485347,106.8435529593808,106.59746256069559,109.61173685130669,103.49526311817573,106.55349998474121,52.31197095162703,54.053997199637365,42.66122002579127,0.3203720938606551,0.3390994835413184,-0.018727389680663287,8.335970049994284,2.5606489931040906,62.167102212449684,65.8195160423843,-44.56696867862438,109949055.0,106432676.8,1.0
2025-12-03,107.16999816894533,107.27999877929688,103.41999816894533,104.16000366210938,2775175,105.68860000610351,101.4712604141235,106.30684309992652,106.37587538809683,109.6899658739448,103.31103433967829,106.50050010681154,43.9873663288174,54.053997199637365,42.66122002579127,0.08736469665484492,0.28875252616402375,-0.20138782950917883,8.900216758846417,2.6534598229074806,42.307046222318476,57.96926459199798,-88.75371903892865,107173880.0,106815828.4,1.0
2025-12-04,104.5,104.98999786376952,103.37999725341795,103.5999984741211,1200002,105.675,101.5146901321411,105.76547417476544,106.12352294137176,109.53881536557527,103.5471846954599,106.54300003051759,42.62820621416023,54.053997199637365,42.66122002579127,-0.1408593440342969,0.20283015212435965,-0.3436894961586565,9.441505016960754,2.5789270220106295,21.114564821962496,41.86290441891022,-96.67672009929713,105973878.0,107269807.55,1.0
2025-12-05,103.5999984741211,104.1500015258789,102.61000061035156,103.1500015258789,1511477,105.63220001220702,101.54195800781248,105.24237964498815,105.8532028126906,109.75358266485608,103.12641764031972,106.4400001525879,41.5180556860094,54.053997199637365,42.66122002579127,-0.3539593108837522,0.09147225952273728,-0.4454315704064895,10.282326376338057,2.5047180144046806,0.0,21.140537014760323,-92.59258096419208,104462401.0,107524955.8,1.0
2025-12-08,103.45999908447266,103.4800033569336,99.5999984741211,100.0500030517578,2619708,105.54620010375976,101.5665600967407,104.2039043263421,105.32563919806034,110.3909638169388,101.73803703755338,106.06450042724609,34.79536923289244,49.08103025877599,42.66122002579127,-0.7641775756001437,-0.07965770750183891,-0.6845198680983048,12.147361483093327,2.6029527907195247,0.0,7.038188273987498,-95.63102481256152,101842693.0,107395447.6,-1.0
2025-12-09,100.0,102.38999938964844,98.83000183105467,101.8499984741211,2578320,105.52760009765625,101.61015518188474,103.7331231558979,105.00967185952041,110.44907518374353,101.12292570126624,105.78600044250489,40.790414589651235,49.08103025877599,42.66122002579127,-0.9332756971626424,-0.2503813054339996,-0.6828943917286427,14.108180064441534,2.6713131312819707,9.811617819838583,3.2705392732795273,-72.71909009646662,104421013.0,107525840.0,-1.0
2025-12-10,101.70999908447266,102.9000015258789,100.0,100.3000030517578,1323104,105.54260009765625,101.63826057434078,103.0464991350699,104.5815201497238,110.59905251102637,100.24194861812401,105.42050056457519,37.58576107838913,49.08103025877599,42.66122002579127,-1.1787707184367378,-0.43605918803454724,-0.7427115304021905,15.582889495047704,2.687648016610323,14.378432034970661,8.06334995160308,-86.21011474871298,103097909.0,107484230.85,-1.0
2025-12-11,100.20999908447266,102.5500030517578,100.20999908447266,102.26000213623048,1263551,105.5786001586914,101.68130943298337,102.88919973530201,104.37047305758804,110.56225847092907,99.87174268873892,105.217000579834,43.61793776352786,49.08103025877599,42.66122002579127,-1.2013236347085154,-0.5891120773693409,-0.6122115573391745,16.952262537753434,2.6628162988013817,28.817633986018123,17.669227946942453,-67.8236249371073,104361460.0,107622547.7,-1.0
2025-12-12,102.54000091552734,103.22000122070312,102.18000030517578,102.52999877929688,1294659,105.5286001586914,101.72007495880123,102.817359544101,104.20315721410702,110.36635697862745,99.59664427259325,104.98150062561035,44.41489674753069,49.08103025877599,42.66122002579127,-1.1837648068738957,-0.7080426232702519,-0.4757221836036438,17.740437491348683,2.546900914281808,34.749538018711476,25.981868013233417,-65.2908224647819,105656119.0,107724392.95,-1.0
2025-12-15,102.18000030517578,102.62000274658205,100.54000091552734,100.66999816894533,2853655,105.45900009155272,101.73219966888423,102.38788726906986,103.88196093727414,110.11654131134166,99.10545957366811,104.61100044250489,40.199354033708744,48.30626430868876,42.66122002579127,-1.3048938103149936,-0.8274128606792003,-0.47748094963579335,19.073661824374526,2.513550979765586,39.026999436965475,34.198057147231694,-82.73923993739001,102802464.0,107398639.75,-1.0
2025-12-16,101.02999877929688,101.56999969482422,99.6999969482422,100.01000213623048,2179498,105.35080017089842,101.73710552215572,101.912310242502,103.5299646826338,109.9953401935652,98.51766105765552,104.25650062561036,38.792385934134195,48.30626430868876,42.66122002579127,-1.437574122625719,-0.949445113068504,-0.48812900955721505,20.58683432751075,2.4675832488239027,31.129399418567726,34.96864562474823,-88.93057463103679,100622966.0,107053039.95,-1.0
2025-12-17,100.05999755859376,101.37999725341795,99.23999786376952,100.38999938964844,3338237,105.27500015258788,101.74905487060542,101.60784807193129,103.2445132923624,109.38621396510548,98.27878695042189,103.83250045776369,40.092466984101776,48.30626430868876,42.66122002579127,-1.494830151968273,-1.0585221208484579,-0.4363080311198151,22.13911707716217,2.4441844017399412,25.44846612645832,31.868288327330507,-85.36587111471493,103961203.0,106627171.45,-1.0
2025-12-18,100.5500030517578,100.97000122070312,99.08999633789062,99.7699966430664,1434442,105.18840011596679,101.76907283782954,101.24027778615832,102.9286481424264,109.01510677142161,97.88389377789483,103.44950027465822,38.64997940107083,48.30626430868876,42.66122002579127,-1.5721126715284583,-1.161240230984458,-0.4108724405440003,23.62983299851948,2.4038858646736956,23.92656927574528,26.834811606923772,-91.1820341290283,102526761.0,106234411.75,-1.0
2025-12-19,99.91000366210938,100.36000061035156,98.0199966430664,98.45999908447266,3718035,105.11720016479492,101.78685153961176,100.6842220458212,102.52240731897605,109.05469715698264,97.18530299560528,103.12000007629396,35.725247229207525,48.30626430868876,42.66122002579127,-1.7192470699146867,-1.272841598770504,-0.4464054711441827,25.356824482970843,2.399322872003086,19.154484839023535,22.843173413742377,-96.1638849644405,98808726.0,105784689.2,-1.0
2025-12-22,99.6999969482422,100.48999786376952,99.0999984741211,100.16000366210938,1314362,105.06100021362303,101.82327022552482,100.57937836907884,102.30764335016998,108.99424029230758,96.86676053166704,102.93050041198731,41.87252172197548,43.45673693524473,42.66122002579127,-1.679317847985132,-1.3541368486134298,-0.3251809993717023,26.84541833678284,2.3729425796669275,33.61545864800559,25.565504254258137,-76.88977834389446,100123088.0,105493229.0,-1.0
2025-12-23,100.48999786376952,100.86000061035156,99.75,100.02999877929688,1198949,104.91140014648437,101.87216697692864,100.46950245112245,102.10058475281788,108.756571746239,96.57842886411261,102.6675003051758,41.54528787310862,43.45673693524473,42.66122002579127,-1.639267504099621,-1.411162979710668,-0.228104524388953,27.89017766093352,2.282732439001544,49.68272012207309,34.15088786970074,-71.16209778758538,98924139.0,105065702.85,-1.0
2025-12-24,100.43000030517578,100.47000122070312,99.1500015258789,99.3000030517578,1487025,104.77280014038085,101.91574825286857,100.23560257124953,101.84598641635786,108.3008709806188,96.3181300264613,102.30950050354005,39.670541302119894,43.45673693524473,42.66122002579127,-1.647441195798109,-1.4584186229281564,-0.1890225728699526,29.083663785340242,2.2139658144174494,64.80652045216377,49.36823307408081,-79.11899854630924,97437114.0,104444195.7,-1.0
2025-12-26,99.86000061035156,99.86000061035156,98.4499969482422,98.5199966430664,1152603,104.67180007934569,101.93353302001945,99.89248138561291,101.543623709695,107.36856112455881,96.2854397299334,101.8270004272461,37.712299378053224,43.45673693524473,42.66122002579127,-1.6972935601207837,-1.506193610366682,-0.19109994975410172,30.440823813523807,2.156539946395443,50.39062758011589,54.95995605145092,-90.84250210297155,96284511.0,103610575.55,-1.0
2025-12-29,98.5500030517578,99.0,97.6999969482422,98.08999633789062,1087773,104.51779998779296,101.94755126953117,99.53198437606846,101.2296575849855,106.60043272196414,96.16456743062373,101.38250007629394,36.63857679058723,43.546709294643975,42.66122002579127,-1.7513113222096024,-1.555217152735266,-0.19609416947433633,31.95198061666951,2.0953587396356115,30.504502470730998,48.567216834336875,-92.93479913423049,95196738.0,102810158.9,-1.0
2025-12-30,98.0,99.58000183105467,97.3499984741211,99.26000213623048,2278514,104.36540008544921,101.97094650268548,99.47758792810087,101.05059799873504,105.5074472100388,96.46555312565454,100.98650016784667,41.51765509125545,43.546709294643975,42.66122002579127,-1.6803411710189096,-1.580241956391995,-0.10009921462691462,32.77750708167805,2.104976212299752,35.830753070473534,38.9086277071068,-67.46162234384744,97475252.0,102055068.5,-1.0
2025-12-31,99.69000244140624,101.23999786376952,99.27999877929688,100.3000030517578,2490987,104.27840011596679,102.01080841064446,99.64207095283227,100.98236209446438,104.1059124620963,97.1800883618783,100.6430004119873,45.532602663437714,43.546709294643975,37.80214681820987,-1.5226255530807862,-1.5687186757297533,0.046093122648967144,32.09652319502351,2.096049034816844,59.05641690645013,41.79722414921822,-49.74440890416235,99966239.0,101555927.7,-1.0
2026-01-01,100.30999755859376,101.66999816894533,99.73999786376952,101.04000091552734,1950480,104.16540008544922,102.06264877319327,99.9216569453713,100.98760198728829,103.53960696226356,97.43439358705284,100.4870002746582,48.25472255085403,43.546709294643975,37.80214681820987,-1.3226761589757814,-1.519510172378959,0.19683401340317763,31.130537403669514,2.0841884112710556,88.88623509242782,61.25780168978383,-37.13797760052405,101916719.0,101293069.65,-1.0
2026-01-02,101.04000091552734,102.6999969482422,100.88999938964844,102.36000061035156,2428998,104.0666000366211,102.1225587463378,100.40932567836735,101.11236549847585,103.25353650206947,97.59646426087,100.42500038146973,52.78741690841108,43.546709294643975,37.80214681820987,-1.0456482972383156,-1.4247377973508306,0.37908950011251497,29.479249650663583,2.0646033503655348,99.99999999999999,82.64755066629264,-6.355073548810564,104345717.0,101211661.6,-1.0
2026-01-05,103.1999969482422,105.3000030517578,102.01000213623048,103.48999786376952,5189892,103.99360000610352,102.19409492492667,101.02546011544779,101.32851389532073,103.3426617285487,97.54133866817983,100.44200019836427,56.31521828840453,49.12632318014917,37.80214681820987,-0.7265452252654825,-1.285099282933761,0.5585540576682786,28.305089765646894,2.1521317478770907,99.99999999999999,96.29541169747593,-22.767347745683196,109535609.0,101465322.0,-1.0
2026-01-06,103.75,106.1500015258789,103.52999877929688,104.4499969482422,3943165,103.96939987182617,102.2574009704589,101.71036748200667,101.61228508194995,104.06194125816012,97.26205852821684,100.66199989318848,59.11056443210054,49.12632318014917,37.80214681820987,-0.39167485472752617,-1.1064143972925142,0.7147395425649881,27.613676780555796,2.188408313179398,99.99999999999999,99.99999999999999,-19.31822713739998,113478774.0,102047126.05,1.0
2026-01-07,104.6500015258789,105.4000015258789,103.79000091552734,104.18000030517578,1597101,103.90039993286133,102.3193570327758,102.20429404664051,101.84571373860685,104.49479828302628,97.06220168645615,100.77849998474122,57.986720004743,49.12632318014917,37.80214681820987,-0.14638669144835603,-0.9144088561236826,0.7680221646753266,26.97165043725692,2.147093477263124,98.39807685365568,99.46602561788521,-22.386369744606107,111881673.0,102420159.05,1.0
2026-01-08,104.20999908447266,104.38999938964844,101.5500030517578,102.12000274658205,1648215,103.77100006103517,102.37409919738762,102.18743578662884,101.87064910296823,104.62538510167072,97.11361483729415,100.86949996948243,50.15201730178885,49.12632318014917,37.80214681820987,-0.11687142071633616,-0.7549013690422134,0.6380299483258772,25.10491149042887,2.196586538736518,85.62860124268926,94.67555936544831,-45.79542479240235,110233458.0,102776936.5,1.0
2026-01-09,102.08000183105467,102.9000015258789,100.30999755859376,100.58000183105467,1511522,103.6316000366211,102.41134429931633,101.86594899551402,101.75331753279427,104.48516964629559,97.08583026215169,100.78549995422364,45.23187641518661,49.12632318014917,37.80214681820987,-0.2152641286952388,-0.6469739209728186,0.4317097922775798,24.002580958323474,2.2246877836328482,65.04195170918244,83.02287660184246,-63.29542912728443,108721936.0,102994960.3,1.0
2026-01-12,100.58000183105467,100.8499984741211,98.6500015258789,100.0999984741211,1820680,103.51880004882814,102.43972328186027,101.51275889123544,101.60301580018762,104.28113114444723,97.04686873348247,100.66399993896485,43.78985850948533,46.81646043408313,37.80214681820987,-0.3281901462837311,-0.5832171660350011,0.25502701975126996,23.713395631791908,2.2229241525335155,43.918239474832134,64.86293080890127,-68.75001083720437,106901256.0,103057217.15,1.0
2026-01-13,100.5,101.45999908447266,99.5,100.44000244140624,1345822,103.4050001525879,102.46064201354973,101.29820760126961,101.49728731302567,104.2710132303842,97.03398707479158,100.65250015258789,45.12439292975016,46.81646043408313,37.80214681820987,-0.3858020641404778,-0.5437341456560965,0.15793208151561866,23.075545972126875,2.2041437905291685,35.94163226561339,48.30060781654265,-64.8863307306705,108247078.0,103329447.85,1.0
2026-01-14,100.33999633789062,103.38999938964844,100.16000366210938,102.66000366210938,1979553,103.30700027465821,102.50314361572258,101.57056681343757,101.602988799306,104.49731023416308,97.0726902236006,100.78500022888184,52.97491598366991,46.81646043408313,37.80214681820987,-0.24944888742923865,-0.48487709401072493,0.23542820658148628,21.433312605112086,2.277418928887018,47.42710133345159,42.42899102463237,-39.659052880355524,110226631.0,103809631.1,1.0
2026-01-15,102.66000366210938,102.66000366210938,102.66000366210938,102.66000366210938,0,103.25580032348633,102.56181041717522,101.78845418317194,101.69908105956085,104.69774919717919,97.09925168783057,100.89850044250488,52.97491598366991,46.81646043408313,37.80214681820987,-0.13977675311211613,-0.4158570258310032,0.2760802727188871,19.908381621455497,2.114746148252231,61.05155624847758,48.14009661584752,-39.659052880355524,110226631.0,104122902.5,1.0
2026-01-16,102.86000061035156,104.0500030517578,102.0999984741211,102.70999908447266,3587714,103.25500030517576,102.61617156982415,101.97276316343209,101.7909826981892,104.88816160831824,97.20283952083211,101.04550056457518,53.14997138329091,46.81646043408313,37.80214681820987,-0.048270155460173214,-0.3423396517568372,0.294069496296664,19.171123473751933,2.102978893208265,70.50408715459503,59.66091491217473,-39.09092327779483,113814345.0,104687281.7,1.0
2026-01-19,102.75,103.3000030517578,101.6500015258789,102.8000030517578,2099728,103.20680038452147,102.67803661346427,102.13821114109724,101.88271182124089,104.97848013694998,97.5465213889289,101.26250076293944,53.485669419746394,49.85485933193284,37.80214681820987,0.031152938728169488,-0.2676411336598359,0.29879407238800537,18.231416635954602,2.0706233669704526,67.36715657245368,66.3075999918421,-44.66664632161478,115914073.0,105542549.05,1.0
2026-01-20,102.8000030517578,103.56999969482422,98.5,98.91999816894533,4323601,103.0340003967285,102.71202716827385,101.49456854666687,101.61337421648673,105.03346898823331,97.36753198832916,101.20050048828124,40.13466625656801,49.85485933193284,37.80214681820987,-0.21649206859908077,-0.2574113206476849,0.04091925204860414,17.993044761016552,2.2848645332457216,43.13500370478897,60.33541581061256,-94.50982895200046,111590472.0,106115918.25,1.0
2026-01-21,99.5,103.87999725341795,99.5,102.9499969482422,11842581,102.94460037231443,102.763963356018,101.78565422698195,101.73488537391904,105.21403517186057,97.47896562159643,101.3465003967285,53.20139078786896,49.85485933193284,37.80214681820987,-0.08656740455431589,-0.22324253742901112,0.13667513287469524,17.60366745445517,2.475945572619072,44.048416929996364,51.51685906907967,-41.83011685437614,123433053.0,107341363.95,1.0
2026-01-22,103.75,109.8000030517578,103.75,107.08999633789062,10150584,102.93420028686523,102.81553585052485,102.84652264916369,102.221713643371,106.25065606234645,97.22134405972383,101.73600006103514,62.30401255953872,49.85485933193284,37.80214681820987,0.34646830809720086,-0.10930036832376874,0.45576867642096963,17.832390032424705,2.78837846768311,56.28652797780633,47.82331620419722,-23.982353822865665,133583637.0,109148690.1,1.0
2026-01-23,107.9499969482422,108.05999755859376,103.7699966430664,104.0999984741211,3245025,102.88960021972656,102.86783367156977,103.09721781415517,102.39246680980283,106.38002993699926,97.64997036817648,102.01500015258787,54.11704761922126,49.85485933193284,37.80214681820987,0.44327459744545195,0.0012146248300753948,0.44205997261537655,18.04477528339642,2.8956372139576994,77.31012391002619,59.21502293927629,-50.442504763306474,130338612.0,110851395.15,1.0
2026-01-27,104.0999984741211,105.1999969482422,101.58000183105467,103.69000244140624,3956011,102.81860031127928,102.94218227386469,103.2157747396054,102.51042459449404,106.30383355070335,98.28616736482398,102.29500045776366,53.08692728144888,51.79048153460588,37.80214681820987,0.48136218224591687,0.09724413631324369,0.3841180459326732,17.268734308792265,2.947377064188401,73.83165929423436,69.14277039402229,-54.0707872587796,126382601.0,112410688.3,1.0
2026-01-28,104.0199966430664,105.5,103.1999969482422,105.1999969482422,2617210,102.76100021362303,103.01031597137445,103.61261918133276,102.75493117210752,106.53367072381208,98.65032967291641,102.59200019836425,56.380131157976024,51.79048153460588,37.80214681820987,0.6261726759284159,0.20302984423627812,0.42314283169213773,16.656637465077925,2.901136063300501,64.92464369319416,72.02214229915157,-40.708007621290264,128999811.0,113986916.25,1.0
2026-01-29,106.4000015258789,106.5,104.0999984741211,104.3499984741211,3929193,102.70600021362304,103.0842906570434,103.76009503989043,102.8999372904724,106.65569217409534,98.93330776486947,102.7944999694824,54.07879934267673,51.79048153460588,37.80214681820987,0.6646861738873326,0.295361110166489,0.3693250637208436,16.45015296792788,2.8653407391989587,64.8671344399189,67.87447914244913,-48.23011598026884,125070618.0,115242135.2,1.0
2026-01-30,104.0,105.63999938964844,102.7300033569336,104.70999908447266,2562277,102.62280014038083,103.16128997802727,103.95007584880689,103.06448836265425,106.83694029687952,99.11905945897986,102.97799987792969,54.9181143852064,51.79048153460588,37.80214681820987,0.7160037930696461,0.3794896467471205,0.33651414632252563,15.64346151883654,2.8685304030215217,67.62046641872746,65.80408151728017,-45.04427073135484,127632895.0,116527944.0,1.0
2026-02-02,101.75,102.5999984741211,98.61000061035156,101.88999938964844,2647009,102.51200012207029,103.21444122314446,103.53806055697521,102.95771663783553,106.83495088688146,99.07404874690762,102.95449981689454,47.58172370340724,52.65420261575912,42.46149479167087,0.5230930769664752,0.40821033279099145,0.11488274417548378,15.636284532341072,3.0993495509572058,54.39137772672908,62.29299286179181,-70.00001350334946,124985886.0,117559952.45,1.0
2026-02-03,105.0,105.0,102.3499984741211,103.16000366210938,1805400,102.47420013427732,103.24900897979728,103.46244917800205,102.97610636731497,106.81166439326549,99.06433582035757,102.93800010681153,50.77125178393453,52.65420261575912,42.46149479167087,0.46730190999400634,0.42002864823159447,0.04727326176241187,14.72249113881782,3.1001103409139454,49.41822318330292,57.14335577625316,-58.761040676139665,126791286.0,118422736.3,1.0
2026-02-04,102.9000015258789,105.6999969482422,102.5,105.37000274658205,3181979,102.50260025024413,103.2754244232177,103.84395989171806,103.1937333108847,106.95391987430546,99.01408091915158,102.98400039672852,55.81017323612417,52.65420261575912,42.46149479167087,0.5945617271103316,0.45493526400734197,0.13962646310298965,13.71294929531102,3.1072450985802496,50.75950292264318,51.52303461089172,-39.203531936096546,129973265.0,119247460.85,1.0
2026-02-05,103.31999969482422,105.3499984741211,103.31999969482422,104.05999755859376,1420128,102.47800018310545,103.26535980224601,103.88716742509321,103.27248460613097,106.94066475921554,99.01533575958328,102.97800025939941,52.387154985757434,52.65420261575912,42.46149479167087,0.5829892414546975,0.4805460594968131,0.10244318195788443,12.775517583483278,3.0317278095215054,57.9848419360692,52.72085601400509,-50.79649507060208,128553137.0,120081034.05,1.0
2026-02-06,103.5999984741211,104.2699966430664,101.9000015258789,103.1999969482422,1413399,102.41280014038084,103.22224075317375,103.74973332972301,103.26589481905017,106.9748195758599,99.08918036310496,103.03199996948243,50.20996566352196,52.65420261575912,42.46149479167087,0.49867468985652863,0.48417178556875623,0.0145029042877724,12.343961798792304,2.984461188640505,57.14090467732475,55.295083178679036,-58.40711788559134,127139738.0,120926348.05,1.0
2026-02-09,104.0,105.8000030517578,104.0,105.5199966430664,1995734,102.35980010986326,103.24440967559808,104.1037859923917,103.470813166688,107.19389248322882,99.3641069369372,103.27899971008301,55.573899678619604,50.25402409317295,42.46149479167087,0.6120045787629635,0.5097383442075978,0.10226623455536576,11.575101036112944,2.957000111131583,56.7856490399902,57.303798551128054,-37.87615267967212,129135472.0,121947024.85,1.0
2026-02-10,105.55999755859376,106.52999877929688,105.0999984741211,105.3000030517578,1539650,102.32620010375975,103.2664583206176,104.34302940426494,103.6371031562398,107.25034056887428,99.82765930905542,103.53899993896485,54.969162173890545,50.25402409317295,42.46149479167087,0.6762720447959509,0.5430450843252684,0.1332269604706825,11.131688465784238,2.847928696420454,55.08928106442873,56.33861159391456,-40.21446843790402,127595822.0,122981753.15,1.0
2026-02-11,105.9000015258789,105.9000015258789,103.70999908447266,105.0199966430664,1057516,102.28300003051757,103.31336311340324,104.47842285202523,103.76282074595132,107.23111301684735,100.30488628124836,103.76799964904785,54.16131748093429,50.25402409317295,42.46149479167087,0.6965805505980143,0.5737521775798177,0.1228283730181966,10.5036531958383,2.80093396391944,54.83741222066919,55.57078077502938,-42.71675930117754,126538306.0,123896314.55,1.0
2026-02-12,104.68000030517578,104.77999877929688,102.63999938964844,103.52999877929688,1689795,102.21020004272458,103.36006774902336,104.28873803747958,103.7416551126191,107.23767195635304,100.38532685346141,103.81149940490722,49.954213535537704,50.25402409317295,42.46149479167087,0.585693304750805,0.5761404030140151,0.00955290173678991,10.319257587857614,2.7708670560264776,40.611656648569245,50.17944997788906,-47.93651049950356,124848511.0,124627408.55,1.0
2026-02-13,102.66000366210938,103.02999877929688,101.20999908447266,101.73999786376952,1537122,102.1617999267578,103.39233600616447,103.77899000273757,103.5596862718146,107.2803243432316,100.25067388674887,103.76549911499023,45.392477035354304,50.25402409317295,42.46149479167087,0.34934916953213246,0.5307821563176387,-0.18143298678550623,10.648029807314316,2.7386622445120308,23.885456570409946,39.77817514654946,-60.47982352204547,123311389.0,125281646.45,1.0
2026-02-16,101.6500015258789,102.95999908447266,100.5999984741211,102.75,1327666,102.14479995727541,103.44376209259026,103.57319200219005,103.48607842892237,107.2798401394063,100.2551581821269,103.7674991607666,48.263325705849496,47.97682143671479,42.46149479167087,0.24076804688594677,0.4727793344313004,-0.2320112875453536,11.158386949151343,2.7116149849291404,17.697646886019296,27.398253368332828,-47.72726834860176,124639055.0,125822881.95,1.0
2026-02-17,102.5,105.5999984741211,102.5,104.5500030517578,2484616,102.17279998779297,103.5065884780883,103.76855421210361,103.58279884918014,107.35301964104336,100.35697868048986,103.85499916076661,53.00513280347518,47.97682143671479,42.46149479167087,0.2965435583787439,0.43753217922078913,-0.14098862084204522,10.488826255768837,2.7393566627285657,33.06740736801284,24.883503608147358,-24.999951834619527,127123671.0,126383361.85,1.0
2026-02-18,105.0,106.0,104.8000030517578,105.18000030517578,1671641,102.27539993286135,103.56051445007317,104.05084343071805,103.72799898154338,106.8262025186164,101.50979601653985,104.16799926757812,54.57439737372263,47.97682143671479,42.46149479167087,0.3871190983294923,0.4274495630425298,-0.04033046471303747,9.769882841097697,2.6472595402652543,62.44664874542276,37.73723433315163,-17.04543922010615,128795312.0,127243603.85,1.0
2026-02-19,105.22000122070312,105.77999877929688,102.5500030517578,103.2699966430664,1792039,102.30379989624025,103.620320777893,103.89467407318773,103.68636240531819,106.81504749495782,101.55295100968085,104.18399925231934,49.209349581210546,47.97682143671479,42.46149479167087,0.3013062623012104,0.40222090289426593,-0.10091464059305555,9.874954670849696,2.6888835536419564,65.95011748957913,53.82139120100491,-41.161652650540894,127003273.0,127422114.85,1.0
2026-02-20,102.75,104.27999877929688,102.5,103.56999969482422,1496479,102.36919982910159,103.68824016571038,103.82973919751504,103.67578397709147,106.26487794165395,101.75112089867808,104.00799942016602,50.04012219134945,47.97682143671479,42.46149479167087,0.25457216113949244,0.37269115454331125,-0.11811899340381882,9.99009690213215,2.623963212617308,56.463021190538086,61.619929141846654,-49.91566496023838,128499752.0,127167920.6,1.0
2026-02-23,104.0,106.81999969482422,104.0,106.54000091552734,4830563,102.45479980468753,103.77468345642082,104.37179154111752,103.9361673351311,106.65561631065917,101.6043827738135,104.12999954223633,57.458760147042945,50.975485166726045,42.46149479167087,0.45197919166842837,0.3885487619683347,0.06343042970009366,9.504648530459988,2.668680126001786,60.41711314646149,60.94341727552623,-4.501587208132785,133330315.0,127317505.75,1.0
2026-02-24,106.0,115.5,105.25,110.0500030517578,29853896,102.60519989013673,103.88337932586661,105.5074338432456,104.49197058209717,108.09359905432878,100.80240009117905,104.44799957275391,64.22068405248359,50.975485166726045,42.46149479167087,0.8814922299682451,0.48713745556831684,0.3943547743999282,11.311007099324705,3.210202974144516,81.53766138701465,66.13926524133808,-36.57715698066496,163184211.0,129157586.25,1.0
2026-02-25,111.05999755859376,113.9800033569336,109.5,112.30999755859376,9317903,102.8379998779297,103.96835063934319,106.86794658631524,105.20270030723323,109.86828589476602,99.73871331177699,104.8034996032715,67.77265459891181,50.975485166726045,42.46149479167087,1.3882442607488201,0.6673588166044175,0.7208854441444026,12.988340056127656,3.300903001486593,99.99999999999999,80.6515915111587,-21.40941016593666,172502114.0,131332701.4,1.0
2026-02-26,114.66000366210938,122.25,113.1999969482422,121.2300033569336,33891865,103.26239990234377,104.07676029205314,109.74035794043893,106.659727857206,114.55905260833242,96.73594708649179,105.6474998474121,77.33610033615325,50.975485166726045,42.46149479167087,2.481019171789214,1.0300908876413768,1.450928284147837,15.780498793942375,3.775124390052282,99.99999999999999,93.84588712900486,-4.711300559712073,206393979.0,135398869.45,1.0
2026-02-27,120.62999725341795,123.5999984741211,119.26000213623048,121.38999938964844,24570081,103.68239990234375,104.1869986343383,112.07028623028083,107.9988434510644,117.81622697194767,95.14677275339413,106.4814998626709,77.46527309174822,50.975485166726045,42.46149479167087,3.321671344908779,1.4884069790948573,1.8332643658139218,18.52562657750812,3.8154723863264484,99.99999999999999,99.99999999999999,-9.608691671620239,230964060.0,140565427.7,1.0
2026-03-02,116.1999969482422,120.9499969482422,116.1999969482422,119.93000030517578,12938307,104.08559997558595,104.29130855560294,113.64222904525982,109.08349407416544,119.98065405201724,94.78634576487731,107.38349990844728,73.35658257895814,69.44496117453001,55.91375833452904,3.82598099694016,1.955921782663918,1.8700592142762422,19.994822925845025,3.9136531045464333,95.7298281638581,98.57660938795269,-15.956513778023096,218025753.0,145217421.05,1.0
2026-03-04,117.0,118.4499969482422,112.87000274658205,116.23999786376952,8093449,104.44119995117188,104.36359951019278,114.16178280896176,109.73408532776581,121.06229146476367,95.01270777229688,108.03749961853028,64.10256101540081,69.44496117453001,55.91375833452904,3.883135304522753,2.341364487035685,1.541770817487068,20.33524467133726,4.138391994121241,81.84192967521203,92.52391927969003,-32.00000265370251,209932304.0,149374471.95,1.0
2026-03-05,118.8000030517578,121.5,117.23999786376952,120.9499969482422,7367676,104.85699981689453,104.46139991760246,115.51942563681786,110.75371365690002,122.98313878668247,94.6498598705441,108.81649932861329,69.40755042962822,69.44496117453001,55.91375833452904,4.259388488945433,2.7249692874176348,1.5344192015277982,21.14721539088386,4.218507004271901,73.46751932035136,83.67975905314049,-11.521745764690838,217299980.0,153740807.7,1.0
2026-03-06,121.5500030517578,122.79000091552734,117.8000030517578,118.62000274658205,5573159,105.22879989624025,104.55754337310782,116.1395410587707,111.46883084687111,124.17093299084155,94.91806618518385,109.5444995880127,64.3419170710915,69.44496117453001,55.91375833452904,4.31976522431286,3.0439284747966804,1.2758367495161798,22.097939283481658,4.273613494236018,62.757690168620954,72.68904638806144,-21.6521553371263,211726821.0,157899491.9,1.0
2026-03-09,113.0999984741211,114.75,108.6999969482422,111.94000244140624,8355183,105.48159988403322,104.61813144683829,115.29963333529781,111.51166462819248,124.32940245862088,95.63359726672093,109.9814998626709,52.50954947611625,65.32514457266886,55.91375833452904,3.7849633234122138,3.192135444519787,0.5928278788924266,20.728271428443037,4.676927230243434,47.205480159515446,61.143563216162576,-55.26064870106844,203371638.0,161711086.9,1.0
2026-03-10,114.0,121.48999786376952,112.88999938964844,120.8499984741211,11812144,105.92819992065431,104.72978454589835,116.40970636306247,112.36060406873145,125.71684317901746,95.77915672942983,110.74799995422364,62.433129682084676,65.32514457266886,55.91375833452904,4.033594414223302,3.3604272384604905,0.6731671757628113,20.549187457861862,5.025003529680566,37.84656649819535,49.269912275443914,-13.033176297964399,215183782.0,166013502.4,1.0
2026-03-11,121.01000213623048,125.8000030517578,120.5999984741211,125.41000366210938,16449824,106.4746000671387,104.86061275482167,118.20976582287186,113.5469131226749,127.84133682093858,95.66566314854384,111.75349998474121,66.31283762497178,65.32514457266886,55.91375833452904,4.54618506259888,3.5975788032881684,0.9486062593107119,20.95476999874785,5.037503604534575,39.6701102655521,41.57405230775429,-1.6738169037235462,231633606.0,171215391.6,1.0
2026-03-12,123.51000213623048,128.47999572753906,120.72000122070312,127.51000213623048,12157742,107.0396000671387,105.00590877532949,120.0698130855436,114.81628485117994,130.0889216529242,95.66707886587466,112.87800025939943,67.95419636201584,65.32514457266886,55.91375833452904,5.063500291454375,3.8907631009214096,1.172737190532965,21.655586341526643,5.231967240413244,57.550176955604115,45.02228457311719,-3.7336172087217734,243791348.0,177078043.7,1.0
2026-03-13,126.20999908447266,127.73999786376952,119.62000274658205,120.80999755859376,7643168,107.44979995727539,105.1185375213622,120.21784998015363,115.3611678245812,130.7102470380458,96.77375335868277,113.74200019836428,58.20939539252561,65.32514457266886,55.91375833452904,4.876627239020223,4.087935928541173,0.7886913104790505,22.059053238220883,5.438254945897117,49.56344573074865,48.92791098396829,-31.33169733488492,236148180.0,182643027.15,1.0
2026-03-16,121.13999938964844,125.61000061035156,116.48999786376952,123.66000366210938,12077833,107.90220001220703,105.24262413024891,120.90628071654479,116.11560744617466,131.36817101509288,98.30782996146965,114.83800048828127,60.785473584845924,66.99239078521747,55.91375833452904,4.9019935425044565,4.2507474513338295,0.651246091170627,21.751338142715937,5.701236931660326,40.44071259557057,49.184778427307776,-20.749001084471175,248226013.0,188888758.35,1.0
2026-03-17,124.1999969482422,124.1999969482422,119.12999725341795,121.0999984741211,7246547,108.27699996948242,105.35802547454824,120.94502426806005,116.56873390326069,131.47794695112327,100.03305387285135,115.75550041198731,57.36484478210611,66.99239078521747,55.91375833452904,4.6617873146539495,4.332955423997854,0.32883189065609564,21.465602696889917,5.656148557600607,25.152633815479163,38.38559738059946,-37.31040297708407,240979466.0,194705778.9,1.0
2026-03-18,121.0999984741211,124.48999786376952,120.80999755859376,123.51000213623048,7321538,108.67740005493164,105.46710731506337,121.45801984169415,117.19975828807613,131.8572585745371,101.54974215788481,116.70350036621095,59.66596523402996,66.99239078521747,55.91375833452904,4.612716775114222,4.388907694221128,0.22380908089309415,21.24727057618873,5.514995110998832,27.0981725943961,30.897173001815275,-25.126359444018398,248301004.0,200764645.55,1.0
2026-03-19,120.80999755859376,123.22000122070312,117.5,118.58000183105467,5399441,108.96000015258788,105.54252586364737,120.88241623956627,117.32523497380144,131.5344180775733,103.2125828074365,117.37350044250489,53.32550989495495,66.99239078521747,55.91375833452904,4.128428245146111,4.336811804406125,-0.20838355926001384,20.28739271267641,5.550352755658236,17.133907075205215,23.12823782836016,-50.05052834910395,242901563.0,206469958.1,1.0
2026-03-20,120.0,123.6999969482422,118.11000061035156,118.81999969482422,5729608,109.25280014038084,105.62815769195547,120.46993293061786,117.4611226757126,130.66304494140883,105.63895624877674,118.15100059509278,53.58409630727078,66.99239078521747,55.91375833452904,3.7210974231054763,4.213668928145995,-0.4925715050405186,19.48686915397776,5.553184440103407,12.36683942630341,18.866306365301575,-48.837192259211236,248631171.0,212551353.0,1.0
2026-03-23,115.68000030517578,116.30999755859376,108.0,109.33000183105467,8331744,109.3970001220703,105.65987346649162,118.24194671070524,116.72192987165279,129.74492840564878,107.13307299815983,118.4390007019043,43.35554381085781,63.98190583559095,55.91375833452904,2.6025210529084717,3.89143935309849,-1.2889183001900184,19.302562910312115,5.929385529726322,2.8080225550893845,10.76958968553267,-93.5058490795179,240299427.0,218141336.75,1.0
2026-03-24,113.0,114.83000183105467,111.16000366210938,113.0999984741211,6462824,109.64740005493161,105.71519081115714,117.21355706338841,116.39266338096809,128.94366197399873,108.59033918566925,118.76700057983399,47.63217989471133,63.98190583559095,55.91375833452904,1.997225668264747,3.5125966161317415,-1.5153709478669946,19.131421398336872,5.8987151347458715,7.190066634758857,7.4549762053838835,-75.09765850554733,246762251.0,223812933.55,1.0
2026-03-25,114.37000274658205,119.6999969482422,114.37000274658205,118.06999969482422,5012379,110.00680007934568,105.78203414916985,117.38484558967556,116.54514850040955,128.4949824747535,109.84101834922112,119.16800041198731,52.70195073141219,63.98190583559095,55.91375833452904,1.896698319916041,3.1894169568886017,-1.2927186369725607,17.99166615083845,5.948806801844103,18.137123288656717,9.378404159501653,-50.830069357469256,251774630.0,228242454.5,1.0
2026-03-27,117.9000015258789,118.30999755859376,113.3499984741211,114.33000183105467,4024683,110.28460006713865,105.82885490417473,116.77387683795139,116.34377153046819,128.32304688204565,110.21495436917503,119.26900062561035,48.86798843798806,63.98190583559095,55.91375833452904,1.4979753733032055,2.851128640171523,-1.3531532668683175,17.111826166426095,5.878177679174716,25.60696960871561,16.97805317737706,-69.0917814863465,247749947.0,232004846.15,1.0
2026-03-30,114.0,114.0,109.33000183105467,110.01000213623048,4185654,110.43160003662108,105.83472644805902,115.42110189760722,115.76797431281021,128.60190011625951,108.81410101289089,118.7080005645752,44.81272094555363,57.683367236538714,55.91375833452904,0.8238992956199525,2.445682771261209,-1.6217834756412564,16.96003627473116,5.815450702090807,22.109650990635718,21.951247962669346,-90.18553439673002,243564293.0,233863361.85,1.0
2026-04-01,114.0,115.1999969482422,111.86000061035156,114.2699966430664,4660577,110.6637998962402,105.86645355224601,115.19088084669906,115.63179452465167,128.3513895534663,108.35261130102592,118.35200042724611,49.282280871145,57.683367236538714,47.71702289290735,0.6262164684006706,2.0817895106891013,-1.4555730422884308,16.566426191772575,5.770775281370873,17.47569817126174,21.73077292353769,-69.38477562944381,248224870.0,234726402.35,1.0
2026-04-02,112.0,114.4000015258789,109.77999877929688,113.55999755859376,3274914,110.88079986572264,105.90888542175286,114.86470418907801,115.44344934591913,128.2252031060866,107.84179747374743,118.03350028991701,48.57615463562226,57.683367236538714,47.71702289290735,0.4075622868504212,1.7469440659213655,-1.3393817790709444,16.544412343408432,5.68857724317167,17.080237753583884,18.888528971827114,-72.8515687573248,244949956.0,236072612.5,1.0
2026-04-06,113.3499984741211,116.79000091552734,110.8000030517578,115.8000030517578,5086673,111.14079986572263,105.97451873779289,115.05176396161397,115.4758633191772,128.22138749214997,107.80161360648287,118.01150054931642,50.96335187031141,56.65336069195771,47.71702289290735,0.4102973430751291,1.4796147213521182,-1.0693173782769891,16.00108218091167,5.71010728750009,29.65495346363208,21.403629796159233,-60.48630245257625,250036629.0,238077828.75,1.0
2026-04-07,115.8000030517578,117.80999755859376,114.04000091552734,116.8499984741211,3401497,111.49939987182614,106.0443243789672,115.4114108641154,115.60078469689937,127.932260747208,107.68074050401276,117.80650062561038,52.086165530030904,56.65336069195771,47.71702289290735,0.49152475878928215,1.281996728839551,-0.7904719700502689,15.277704692806203,5.571527955754828,38.320313626484015,28.35183494789999,-49.74447377975182,253438126.0,239884736.05,1.0
2026-04-08,122.0,123.9000015258789,119.43000030517578,123.38999938964844,5455788,111.90819992065427,106.15657810211174,117.00712856922202,116.30889512351291,128.47167036101604,107.61833055451136,118.04500045776369,58.46544412002294,56.65336069195771,47.71702289290735,1.071272524945968,1.2398518880608345,-0.16857936311486643,14.925071750653649,5.677133319755041,62.125776292778525,43.367014460964874,-6.670701131732148,258893914.0,242243090.7,1.0
2026-04-09,123.55999755859376,127.3000030517578,121.0999984741211,121.56999969482422,7070969,112.19779998779295,106.25978080749503,117.91970279434246,116.78717735726849,128.6511564318198,108.40184420904939,118.5265003204346,56.22210002248139,56.65336069195771,47.71702289290735,1.3680974655107292,1.2655010035508134,0.10259646195991579,15.137606339958857,5.7144812667465885,73.8716217131317,58.10590387746475,-29.689131869912867,251822945.0,244665656.05,1.0
2026-04-10,123.0,124.63999938964844,122.0,123.22000122070312,3126707,112.58020004272458,106.37250713348381,118.97976247961459,117.37197952667162,128.93823382941224,108.35176708611513,118.64500045776369,57.80290013458387,56.65336069195771,47.71702289290735,1.7166858174134916,1.355737966323349,0.3609478510901425,15.334959887170836,5.525589725894991,89.04673475298631,75.01471091963218,-21.13990251769974,254949652.0,246653949.55,1.0
2026-04-13,120.0,124.38999938964844,117.62000274658205,123.87999725341795,4252428,112.98399993896483,106.48079376220694,119.95980943437527,117.96361750183038,128.67101134177165,108.46598893288657,118.56850013732911,58.449213218201244,65.07809394895158,47.71702289290735,2.0228822345634114,1.4891668199713615,0.53371541459205,14.57603460292806,5.6144759342643775,91.46441318870393,84.7942565516073,-17.720234495135777,259202080.0,248032373.25,1.0
2026-04-15,125.38999938964844,129.6999969482422,124.3499984741211,127.16000366210938,8282582,113.42320007324217,106.61566936492912,121.39984827992211,118.79965260731029,128.5893040113541,108.51269641589198,118.55100021362304,61.59725617468964,65.07809394895158,47.71702289290735,2.5013798562766283,1.691609427232415,0.8097704290442134,14.73880224802076,5.629156202875796,98.50258247159746,93.00457680442923,-11.705039831070419,267484662.0,249217038.95,1.0
2026-04-16,128.6999969482422,133.0,127.08000183105467,132.3699951171875,7825564,113.98360000610349,106.75543323516837,123.5938776473752,120.03332010820822,130.89716145450453,107.36083872860094,119.12900009155274,66.00326722308688,65.07809394895158,47.71702289290735,3.2633772559581473,2.0059629929775618,1.2574142629805856,15.356717474038247,5.64993062902362,99.96419367105982,96.6437297771204,-2.6616177927679674,275310226.0,251175141.25,1.0
2026-04-17,133.0,133.1999969482422,130.8000030517578,131.25,4667032,114.51440002441404,106.87279514312735,125.12510211790016,121.05301828018929,132.3339183139333,106.68308150296119,119.50849990844725,64.29550370681562,65.07809394895158,47.71702289290735,3.7338499414491224,2.351540382671874,1.3823095587772483,15.958423168187927,5.417792290985102,97.31363930892479,98.59347181719401,-8.169238990912476,270643194.0,252296000.3,1.0
2026-04-20,131.1999969482422,135.0,129.13999938964844,131.22999572753906,5114455,115.10119995117188,106.99858051300039,126.34608083982793,121.97819804813017,133.86429161236927,106.16570792986705,120.01499977111816,64.26352078563369,70.25365270039235,47.71702289290735,4.058307118415854,2.6928937298206703,1.3654133885951838,16.77375938039727,5.449378599511278,94.57696857115384,97.28493385037947,-14.686422054450155,265528739.0,253523463.95,1.0
2026-04-21,131.5,134.9499969482422,131.32000732421875,132.1999969482422,3872436,115.68199981689453,107.11319766998281,127.51686406151079,122.9074524935949,135.27158130013885,105.62741772329863,120.44949951171874,65.16830768409565,70.25365270039235,47.71702289290735,4.343641959931162,3.023043375842769,1.3205985840883931,17.530857291734517,5.325851643882125,93.26355341571025,95.05138709859628,-10.90768699448198,269401175.0,254578472.5,1.0
2026-04-22,133.5,134.88999938964844,131.8000030517578,132.82000732421875,3998518,116.23099990844725,107.2098022079467,128.5774927140524,123.80859384183344,136.94251816266996,105.38048141008395,121.16149978637695,65.76495380088495,70.25365270039235,47.71702289290735,4.567154222336654,3.3318655451415458,1.2352886771951086,18.233876780833388,5.16614769345416,95.49408525388768,94.44486908025058,-8.643903926506125,273399693.0,256103379.0,1.0
2026-04-23,132.19000244140625,132.3800048828125,127.4499969482422,127.88999938964844,4874062,116.70759994506835,107.27749496459953,128.43999404917162,124.17963070981662,137.63222345607048,105.59777608616587,121.61499977111818,57.352411339428876,70.25365270039235,47.71702289290735,4.296946339442613,3.5248817040017593,0.7720646354408536,17.753529466540726,5.18070931363433,81.68401818059866,90.14721895006552,-28.19191223716102,268525631.0,257098102.0,1.0
2026-04-24,129.08999633789062,129.5500030517578,124.3000030517578,126.0500030517578,3325717,117.16460006713868,107.34931175231925,127.96199584968886,124.349664559084,137.48352293792522,107.41847672638147,122.45099983215334,54.54785326611376,70.25365270039235,47.71702289290735,3.889496622592006,3.5978046877198087,0.29169193487219713,16.60236560750343,5.185658648374736,57.60851837591663,78.26220727013433,-36.98346312763604,265199914.0,258343126.35,1.0
2026-04-27,126.0500030517578,129.75,125.5,129.22000122070312,3848924,117.63860015869142,107.44319965362541,128.2135969238917,124.79242243741301,137.90209971304103,108.61190022592385,123.25699996948244,58.328599974772885,63.6727536573427,47.71702289290735,3.7788222354301126,3.6340081972618696,0.144814038168243,15.57570097844673,5.118825887776541,39.68248531153671,59.658340622683994,-27.57633125842428,269048838.0,259457455.7,1.0
2026-04-28,128.6999969482422,129.99000549316406,125.37000274658205,128.52000427246094,5203590,118.10300018310548,107.52619079589836,128.27487839360558,125.13129351332645,138.39102491097552,109.167975485753,123.77950019836426,57.19719078870822,63.6727536573427,47.71702289290735,3.5932078195839097,3.625848121726278,-0.03264030214236824,14.676253951341687,5.083195663405504,30.605017637881346,42.632007108444895,-37.28421606202904,263845248.0,260060986.6,1.0
2026-04-29,128.5,135.67999267578125,128.2100067138672,134.63999938964844,11378465,118.69540023803712,107.654232597351,129.54790259281415,125.99572132026482,139.46427862044527,110.1257215321426,124.79500007629395,63.807172699324816,63.6727536573427,47.71702289290735,3.8950399211372115,3.679686481608465,0.21535343952874664,14.98151699880012,5.253680684727544,49.60366585888937,39.96372293610247,-5.75854853856459,275223713.0,261434674.9,1.0
2026-04-30,132.8000030517578,133.11000061035156,128.3000030517578,129.02000427246094,3966446,119.20520034790042,107.75005966186517,129.44232292874352,126.27065613410083,138.750173181985,112.74082718422594,125.74550018310546,55.35354726727304,63.6727536573427,58.6277971454697,3.638811445243661,3.6715114743355044,-0.03270002909184333,15.264975542868667,5.331274659953479,36.99662885665614,39.06843745114229,-36.87703276374763,271257267.0,262819323.6,1.0
2026-05-04,130.00999450683594,133.0,130.00999450683594,131.63999938964844,3801850,119.80320037841797,107.85771308898919,129.88185822092453,126.75877824824151,138.67785942817886,114.55014121269026,126.61400032043457,58.13801713308616,65.65181103159344,58.6277971454697,3.605597162136945,3.6583286118957927,-0.05273144975884758,15.528187048075175,5.2347547362095925,39.734275725090896,42.111523480212135,-22.36985348259244,275059117.0,264161035.95,1.0
2026-05-05,131.99000549316406,137.25,131.99000549316406,134.75,7171630,120.44320037841798,107.98552112579338,130.85548657673962,127.48525295294682,138.5762861919896,116.77071469302017,127.67350044250487,61.22907016257777,65.65181103159344,58.6277971454697,3.7865763660883687,3.6839781627343084,0.10259820335406022,16.54313125590063,5.261558012934019,32.23242973788497,36.32111143987733,-19.305023854382785,282230747.0,266025075.5,1.0
2026-05-06,137.9199981689453,138.63999938964844,129.60000610351562,136.88999938964844,12926302,121.09000030517579,108.1372552108764,132.0623891393214,128.34022990173787,138.8468780471785,118.60912247162032,128.7280002593994,63.2404526903255,65.65181103159344,58.6277971454697,4.055929524300481,3.7583684350475433,0.2975610892529379,16.794337435323992,5.531446246733933,55.18200174135252,42.38290240144279,-12.203629336891575,295157049.0,268281096.5,1.0
2026-05-07,138.0,145.0,137.5800018310547,139.6300048828125,13313342,121.77900039672853,108.2877977752685,133.57591228801962,129.36657308183555,139.47161416747895,120.26238699218902,129.86700057983398,65.69445647608389,65.65181103159344,58.6277971454697,4.439315718658676,3.89455789176977,0.5447578268889064,18.033230576923984,5.71562870127805,77.85906675280913,55.09116607734887,-25.942009221617347,308470391.0,271032709.75,1.0
2026-05-08,142.5,142.50999450683594,139.10000610351562,141.75999450683594,5838443,122.54880035400392,108.44629611968989,135.2127287317829,130.4932477568356,141.2565107870866,120.3144898843001,130.78550033569334,67.51023304601316,65.65181103159344,58.6277971454697,4.859012727338211,4.087448858883458,0.771563868454753,19.183631351266833,5.550940108566783,91.75117947913265,74.93074932443143,-15.652202757639522,314308834.0,273803455.75,1.0
2026-05-11,140.0,140.0,136.0,136.9199981689453,3590316,123.21580032348635,108.56516407012936,135.5541826192154,131.07749779430011,141.41227613057956,121.69372438821925,131.5530002593994,59.76874466579325,72.55800456293188,58.6277971454697,4.746365231658956,4.219232133438558,0.5271330982203981,19.384328908756622,5.565872565586009,79.88292637856892,83.16439087017022,-39.033831025471834,310718518.0,276748234.4,1.0
2026-05-12,135.10000610351562,136.6999969482422,129.66000366210938,130.0500030517578,3269886,123.68600036621095,108.65781360626217,134.45334670572387,130.98408918134172,140.98136715762857,122.80763354427573,131.89450035095214,50.854573757976226,72.55800456293188,58.6277971454697,4.05598521593339,4.186582749937524,-0.1305975340041341,18.121896436296886,5.686881275675289,46.75908665005958,72.79773083592038,-72.22221812700175,307448632.0,279373183.4,1.0
2026-05-13,130.69000244140625,135.99000549316406,129.5399932861328,134.1199951171875,3245566,124.16740020751953,108.77061714172359,134.3866763880166,131.26917153914587,140.7123719017151,124.10062858656616,132.40650024414063,55.12465771194013,72.55800456293188,58.6277971454697,3.79353887018911,4.107973973987841,-0.31443510379873096,16.925097388389563,5.741390627915001,21.971565243908923,49.53785942417914,-52.56041781076883,310694198.0,281947789.3,1.0
2026-05-14,132.0,134.5399932861328,130.10000610351562,132.0500030517578,3346453,124.56220031738282,108.88193710327145,133.91934172076486,131.34015622211058,140.58621689721434,124.71578353003177,132.65100021362306,52.62046476038475,72.55800456293188,58.6277971454697,3.379559729469861,3.962291125084245,-0.5827313956143843,15.813783986761337,5.648433238965157,12.079928013232552,26.93685996906702,-62.56038095378498,307347745.0,283940943.45,1.0
2026-05-15,133.39999389648438,133.8699951171875,130.3000030517578,130.6999969482422,1594313,124.75160018920899,108.99703884124752,133.27547276626035,131.28195992448616,140.5501711193692,124.5848294909824,132.5675003051758,50.99346263333714,72.55800456293188,58.6277971454697,2.909010802079223,3.751635060483241,-0.842624258404018,14.781850113820841,5.499973155141195,12.357889341489448,15.46979419954364,-72.84770785827752,305753432.0,285463103.75,1.0
2026-05-18,130.0,130.0,126.12000274658205,127.52999877929688,2317805,124.87440017700193,109.08654251098629,132.12637796886764,130.94087254765077,140.66125491151965,124.10174557676166,132.38150024414065,47.29551021502899,61.076925947484916,58.6277971454697,2.2543186454660997,3.452171777479813,-1.1978531320137131,14.556022156656816,5.434260372749692,3.812077414306779,9.416631589676259,-88.99645270027364,303435627.0,287102725.4,1.0
2026-05-19,127.0999984741211,134.8000030517578,127.0999984741211,133.32000732421875,3403813,125.1422003173828,109.2059269714355,132.3651038399379,131.15715752733877,140.7573149547307,124.21468669321854,132.48600082397462,53.874945037440696,61.076925947484916,58.6277971454697,2.177573977680737,3.197252217519998,-1.0196782398392612,13.776733668209285,5.596099244527337,11.127206995095097,9.099057916963774,-61.864376985895774,306839440.0,289168260.45,1.0
2026-05-20,132.5,135.47000122070312,129.6199951171875,134.3300018310547,2818958,125.50400039672849,109.34182395935053,132.75808343816124,131.44559791858566,140.90306787813364,124.28193425809684,132.59250106811524,54.931848240643575,61.076925947484916,58.6277971454697,2.173200093463379,2.9924417927086746,-0.8192416992452958,13.191755330214058,5.614235448740786,23.44128578443336,12.793523397945078,-56.5148290316285,309658398.0,291181121.6,1.0
2026-05-21,136.00999450683594,141.2899932861328,135.60000610351562,140.05999755859375,6759325,125.88620040893552,109.52890422821041,134.21846626224774,132.2287251585864,141.9123209814601,123.99668017820787,132.954500579834,60.46642456730623,61.076925947484916,58.6277971454697,2.602101124339356,2.914373659034811,-0.31227253469545513,13.717918976505215,5.710360877764881,45.15963839703095,26.576043725519803,-26.165270974877565,316417723.0,293332023.1,1.0
2026-05-22,140.39999389648438,142.14999389648438,139.22999572753906,140.02999877929688,2924950,126.31440032958983,109.70897655487059,135.38077276565758,132.93793185137827,142.71742032958824,124.40558076904458,133.5615005493164,60.42458739779364,61.076925947484916,58.6277971454697,2.906088056456781,2.9127165385192053,-0.006628482062424279,14.346161912691318,5.51104925570634,55.95975739134791,41.520227190937405,-26.32416283748864,313492773.0,295580380.2,1.0
2026-05-25,141.0,142.77000427246094,139.83999633789062,140.77999877929688,2776408,126.89120025634764,109.8977463531494,136.46061796838544,133.6508470266436,143.27788547963002,125.31811519175666,134.29800033569333,61.148356050750785,65.96890574927943,58.6277971454697,3.1709657034837733,2.964366371512119,0.20659933197165437,15.03331206296896,5.326689161339482,66.21054978341382,55.776648523930895,-22.35170463247368,316269181.0,298133843.55,1.0
2026-05-26,140.6199951171875,141.60000610351562,139.39999389648438,140.16000366210938,2203961,127.27740036010739,110.08851066589355,137.20049510713022,134.24258853895864,143.85522771125696,125.83477320427042,134.8450004577637,60.168737709535996,65.96890574927943,58.6277971454697,3.292896264273594,3.030072350064414,0.26282391420917994,15.546279690897286,5.103355093174608,65.71967512032924,62.62999409836365,-25.635577552927945,314065220.0,300384662.65,1.0
2026-05-27,140.14999389648438,144.6999969482422,139.75999450683594,143.8800048828125,4222221,127.64680038452147,110.30870075225829,138.5363970622667,135.1187172974908,144.96522143798214,126.26077953858034,135.61300048828124,63.90516612288596,65.96890574927943,58.6277971454697,3.64765225669467,3.1535883313904653,0.4940639253042045,16.560526845764606,5.091687046619726,71.45902122991734,67.7964153778868,-4.413306358063451,318287441.0,303106772.3,1.0
2026-05-29,143.60000610351562,144.36000061035156,139.5,140.36000061035156,3114207,127.90380035400389,110.50727401733397,138.9011177718837,135.59519759865995,145.47314921406507,126.32485188456775,135.8990005493164,58.32939592208453,65.96890574927943,58.6277971454697,3.603228237492715,3.2435163126109154,0.3597119248817995,17.421989694128516,5.075138015457715,70.75970525518963,69.3128005351454,-23.358437525792354,315173234.0,305104248.35,1.0
2026-06-01,140.36000061035156,144.9499969482422,138.91000366210938,141.77000427246094,4686837,128.32300048828122,110.71657119750975,139.47489507199916,136.15654365991458,145.8771361926258,127.19586490600699,136.5365005493164,59.840917709402845,66.13104888733622,63.51862018043546,3.639839588799134,3.3227809678485594,0.3170586209505748,18.221919481895007,5.144056249077365,74.70916366921968,72.30929671810888,-16.887911072754804,319860071.0,307534388.55,1.0
2026-06-02,141.6699981689453,143.19000244140625,139.64999389648438,141.9199981689453,2547071,128.68820037841795,110.92941051483153,139.9639156913884,136.68049406982647,146.38800727620347,127.71299370035902,137.05050048828124,60.00710792697282,66.13104888733622,63.51862018043546,3.6390093675900914,3.386026647796866,0.2529827197932253,18.96471142767817,5.029481413066259,72.83091055527991,72.7665931598964,-16.09134207290269,322407142.0,309901789.8,1.0
2026-06-03,141.9199981689453,149.30999755859375,141.9199981689453,148.64999389648438,13152376,129.2392002868652,111.1700705718994,141.7011313324076,137.76863041770446,148.34583146028322,127.14516890592769,137.74550018310546,66.67153568074635,66.13104888733622,63.51862018043546,4.133754473197655,3.535572212877024,0.5981822603206308,20.68993541421381,5.198089839964986,84.02072735367986,77.18693385939315,-2.8460707622388615,335559518.0,312568228.35,1.0
2026-06-04,149.0,151.0,147.10000610351562,147.67999267578125,4046091,129.72260009765623,111.40779106140135,142.89690360108233,138.66966335025688,149.76389968335158,126.8061000114727,138.28499984741214,64.99051820373016,66.13104888733622,63.51862018043546,4.396887954592529,3.7078353612201256,0.6890525933724034,22.523350185173616,5.1053687011449425,89.28520430614347,82.04561407170108,-13.344082358219133,331513427.0,314386047.25,1.0
2026-06-05,148.9499969482422,149.8000030517578,146.75,147.52000427246094,2304188,130.30140014648438,111.6335919189453,143.82152373535806,139.47423979772998,150.87309680378422,126.48590283000487,138.67949981689455,64.70075580327637,66.13104888733622,63.51862018043546,4.540177072177272,3.874303703411555,0.665873368765717,24.094667363574345,4.958556869045862,93.71767039126537,89.0078673503629,-13.987122635477744,329209239.0,315422989.65,1.0
2026-06-08,145.92999267578125,151.9499969482422,145.1999969482422,148.16000366210938,3852913,130.88820022583005,111.86107421875,144.68921972070834,140.26385469449173,151.85161937323284,126.14738117608357,138.9995002746582,65.36598396092623,69.52389174835156,63.51862018043546,4.651754798551224,4.029793922439489,0.6219608761117348,25.857391357952675,5.086517092685443,90.3168903027473,91.10658833338537,-15.251482973247377,333062152.0,316360655.55,1.0
2026-06-09,148.3000030517578,157.88999938964844,148.3000030517578,156.97999572753906,10294037,131.84120010375975,112.13804489135745,147.1473749220745,141.78350387931422,155.10526600530582,124.89973429987,140.0025001525879,72.93564205378354,69.52389174835156,63.51862018043546,5.389750905077307,4.3017853189670525,1.0879655861102542,28.173541426004594,5.41819413803213,93.20881032007398,92.41445700469555,-3.2189724958614496,343356189.0,317992539.1,1.0
2026-06-10,156.97999572753906,158.39999389648438,153.0,154.30999755859375,4052951,132.6654000854492,112.40000007629396,148.57989944937836,142.92227603197597,156.84050827180937,125.59049148405008,141.21549987792972,68.08444658336253,69.52389174835156,63.51862018043546,5.693540013179586,4.58013625780956,1.113403755370026,30.37454003678282,5.41689412077872,85.52816755328847,89.6846227253699,-17.938590033596125,339303238.0,319585269.4,1.0
2026-06-11,153.10000610351562,155.9499969482422,151.39999389648438,153.07000732421875,2502629,133.36540023803713,112.64635013580326,149.47792102434644,143.8447970585435,158.26724788858837,126.0587530879742,142.16300048828128,65.8924659671469,69.52389174835156,63.51862018043546,5.767751175894432,4.817659241426535,0.9500919344678973,31.805726112298434,5.354973330134369,72.85551343397753,83.86416376911332,-27.34730242637572,336800609.0,320890589.95,1.0
2026-06-12,157.0,158.8300018310547,154.47000122070312,157.39999389648438,3788279,134.2268000793457,112.90790012359624,151.06233559877404,145.07708768017446,160.16155766058495,126.69944240045028,143.4305000305176,69.57595000181357,69.52389174835156,63.51862018043546,6.1055765008700575,5.075242693315239,1.0303338075548183,33.4700056742315,5.3839034141844815,65.18826381652644,74.52398160126415,-7.178755351492216,340588888.0,322552647.1,1.0
2026-06-15,160.55999755859375,163.49000549316406,159.25999450683594,159.91000366210938,6242841,135.22480010986328,113.18600013732913,152.8318692114411,146.42553458762308,162.03746835513763,127.74453237728424,144.89100036621093,71.49755505097676,73.47283398730883,63.51862018043546,6.500903941902294,5.36037494303265,1.1405289988696437,35.46949055342613,5.434339712934139,72.97741656857401,70.34039793969266,-14.564693101575232,346831729.0,324606561.95,1.0
2026-06-16,161.0,163.0,157.67999267578125,161.99000549316406,3578791,136.1792002868652,113.4752501678467,154.6634964677857,147.8404864881268,163.33526657218772,129.89273483162083,146.61400070190427,73.01840946251025,73.47283398730883,63.51862018043546,6.90247511508116,5.668794977442353,1.2336801376388067,36.759162045956856,5.426173113740182,89.05085077640302,75.73884372050117,-6.10252192131605,350410520.0,326955306.6,1.0
2026-06-17,162.5,163.7899932861328,160.25,162.9499969482422,2602084,137.1670002746582,113.7759001541138,156.32079656387702,149.2140783481373,165.10534982275016,131.08565054346082,148.0955001831055,73.71550686800516,73.47283398730883,63.51862018043546,7.215016234471619,5.978039228848206,1.2369770056234133,38.04232506112729,5.291445983196798,96.71810039385412,86.24878924627706,-3.376192476702433,353012604.0,329263964.8,1.0
2026-06-18,162.9600067138672,167.14999389648438,162.02000427246094,162.89999389648438,3378870,138.10900009155273,114.07585010528567,157.6366360303985,150.4582524888961,166.4648445085207,132.58315506423318,149.52399978637695,73.60883014616994,73.47283398730883,63.51862018043546,7.373673378190347,6.257166058716635,1.1165073194737118,39.5754925679009,5.2799133861129866,99.743711998446,95.17088772290104,-15.049580275090557,349633734.0,331262731.6,1.0
2026-06-19,162.89999389648438,166.22999572753906,162.02000427246094,163.55999755859375,3046354,139.0432000732422,114.38865009307864,158.82130833603756,151.64932022250497,168.12881356572558,133.26918600702828,150.69899978637693,74.14076805877518,73.47283398730883,63.51862018043546,7.4665968071047075,6.49905220839425,0.9675445987104574,40.999148109904965,5.203490391039068,99.74371199844599,98.73517479691536,-13.054532137784092,352680088.0,333075849.85,1.0
2026-06-22,164.9499969482422,165.99000549316406,161.0,162.35000610351562,2161544,139.82240020751954,114.70395011901857,159.52704788953318,152.6221098480514,169.22674252547145,134.40325777970432,151.81500015258788,71.30328999093668,75.5960337401209,63.51862018043546,7.357787106195417,6.670799187954484,0.6869879182409333,41.91254056813557,5.188241469762282,89.72438154618,96.40393518102398,-19.024925112172987,350518544.0,334927138.4,1.0
2026-06-23,162.89999389648438,163.49000549316406,159.0,160.1999969482422,2167200,140.59500015258791,115.01035011291506,159.661637701275,153.31100867534147,169.76730103837286,135.80469908369741,152.78600006103514,66.4377292113566,75.5960337401209,63.51862018043546,7.01717721296896,6.740074792957379,0.27710242001158125,41.98743737783239,5.138367471433838,62.78070892998672,84.08293415820424,-31.66286065838729,348351344.0,336531246.55,1.0
2026-06-24,159.5,161.49000549316406,157.61000061035156,159.5500030517578,3291038,141.32160018920902,115.30720012664796,159.63931077137158,153.8781899822884,169.89482184676697,137.6161782142681,153.75550003051754,64.99379020037807,75.5960337401209,63.51862018043546,6.6184984135652485,6.715759517078953,-0.09726110351370476,41.5459016481623,5.0484844293894575,30.48210023178655,60.995730235984425,-34.62410889007066,345060306.0,338081000.85,1.0
2026-06-25,160.33999633789062,161.30999755859375,157.60000610351562,158.39999389648438,3072094,142.01200012207036,115.58575008392334,159.39144739639414,154.2892630653971,170.0464637216524,138.91653524074985,154.48149948120113,62.40938460581125,75.5960337401209,63.51862018043546,6.1389801234286665,6.600403638348896,-0.4614235149202299,41.13214619776468,4.9528777883672195,7.168097350719211,33.476968837497495,-39.863331282607405,341988212.0,339266039.4,1.0
2026-06-29,158.39999389648438,161.49000549316406,157.91000366210938,159.63999938964844,3676077,142.66160003662114,115.86975009918214,159.441157795045,154.77569364032905,169.6572884803316,141.23371036000037,155.445499420166,64.06848012672832,70.5053535187853,63.51862018043546,5.79224708504492,6.438772327688102,-0.6465252426431816,40.78217030231141,4.854815219987753,5.748847590222199,14.466348390909321,-39.84083901524503,345664289.0,340790592.15,1.0
2026-06-30,159.89999389648438,161.75,153.5399932861328,154.74000549316406,3388083,143.10900024414067,116.14285011291507,158.5009273346688,154.77244926331406,168.780075660627,143.40792330177533,156.09399948120117,53.93773726777984,70.5053535187853,68.58945614785762,5.063698928357553,6.163757647821993,-1.1000587194644398,38.869400613548194,5.094471755264855,4.7141229550890404,5.877022632010149,-78.7935771639385,342276206.0,341911398.9,1.0
2026-07-01,155.30999755859375,157.60000610351562,150.67999267578125,156.1999969482422,4829636,143.6080001831055,116.41860008239749,158.04074125738347,154.90222632558024,167.60138448939176,146.0146143509403,156.80799942016603,56.162004757169164,70.5053535187853,68.58945614785762,4.551659674624602,5.841338053182516,-1.2896783785579133,36.25336613954593,5.2248675890126774,8.383980731049897,6.282317092120378,-66.48449384738248,347105842.0,343146333.9,1.0
2026-07-02,160.0,165.60000610351562,157.64999389648438,164.6999969482422,7874666,144.27740020751958,116.73685005187991,159.37259239555522,155.79293274582224,168.23531617214138,146.98568297336647,157.61049957275392,66.34984471141578,70.5053535187853,68.58945614785762,4.7766812316756955,5.628406688881151,-0.8517254572054558,35.47938829774545,5.523091986602731,24.148810615664036,12.41563810060099,-14.875511637257755,354980508.0,344117383.4,1.0
2026-07-03,165.89999389648438,166.60000610351562,162.10000610351562,165.1999969482422,4551951,144.93740020751957,117.05760002136233,160.53807330609263,156.6481204005877,168.5374220546834,148.43557751807052,158.48649978637695,66.8380552855378,70.5053535187853,68.58945614785762,4.938431098520027,5.490411570808926,-0.551980472288899,34.925434542885114,5.450013987559679,45.433270607854496,25.988687318189477,-11.83968915430924,359532459.0,345518335.0,1.0
2026-07-06,165.00999450683594,167.0,162.9600067138672,163.72000122070312,1986101,145.5554000854493,117.37055004119875,161.17445888901474,157.29101865696182,168.1681392610033,150.4248600065748,159.29649963378904,63.88355312066675,73.07825844644412,68.58945614785762,4.89081744785625,5.370492746218391,-0.4796752983621406,34.4789142542513,5.349298223172046,58.17318810402729,42.5850897758486,-20.825697762970897,357546358.0,346935190.95,1.0
2026-07-07,164.16000366210938,166.89999389648438,162.1999969482422,163.7100067138672,2997822,146.27180023193364,117.68055007934572,161.68156845398525,157.8745630257714,167.43278720694354,152.71521236581032,160.07399978637693,63.86302280772154,73.07825844644412,68.58945614785762,4.796980211630114,5.255790239300735,-0.45881002767062107,33.82353716005144,5.302919560677057,54.070137214582466,52.55886530882141,-20.88638086008794,354548536.0,348009510.15,1.0
2026-07-08,165.0,171.0,163.49000549316406,165.9600067138672,10594010,147.07000030517582,118.00500011444095,162.53725610596163,158.60960336105282,168.17684023883385,152.86916043255286,160.52300033569335,66.47506553098346,73.07825844644412,68.58945614785762,4.848281747787638,5.174288540998115,-0.3260067932104773,33.91967629419606,5.4605677711169776,53.47123407919062,55.23818646593345,-24.803107625486977,365142546.0,349098828.0,1.0
2026-07-09,166.3000030517578,169.77999877929688,166.3000030517578,168.41000366210938,4246600,147.85380035400394,118.33825012207033,163.71180561719117,159.50054884296705,169.06749470826495,153.38850657347334,161.22800064086914,69.09463566794058,73.07825844644412,68.58945614785762,5.028665536969839,5.14516394019246,-0.11649840322262062,34.008948347330346,5.343383792139314,62.06909018171239,56.536820491828486,-12.746040375702494,369389146.0,350603123.4,1.0
2026-07-10,169.0800018310547,201.75,169.0800018310547,192.6499938964844,22820672,149.1364001464844,118.79210010528568,169.49944327304982,162.51413475692317,178.6607268761569,147.75327306280792,163.2069999694824,83.1353818051841,73.07825844644412,68.58945614785762,7.046359572410665,5.525403066636101,1.5209565057745644,36.61237024055616,7.343141831121551,79.02652156478737,64.85561527523012,-17.818689638605424,392209818.0,353373583.85,1.0
2026-07-13,188.9900054931641,191.6499938964844,181.94000244140625,182.6000061035156,10888625,150.09560028076174,119.18485012054447,172.119555839143,164.34012306115883,181.90862830641436,147.0253728532536,164.46700057983398,69.11536048413113,80.48054764715084,68.58945614785762,7.7451651657253535,5.969355486453951,1.7758096792714024,39.02983342712299,7.5836310899755945,75.66841635328349,72.25467603326108,-37.49753505009381,381321193.0,355410199.1,1.0
2026-07-14,181.75,182.1999969482422,176.72999572753906,177.39999389648438,3442411,151.06320007324223,119.54905010223392,173.1756434506113,165.52738404618844,183.55774733131315,147.12525285179234,165.34150009155275,63.178515518527846,80.48054764715084,68.58945614785762,7.789582646357161,6.333400918434593,1.4561817279225675,40.138915961594144,7.461229610404233,61.2104696046258,71.96846917423221,-47.679660488257284,377878782.0,356962551.75,1.0
2026-07-15,179.1999969482422,188.38999938964844,178.99000549316406,182.6300048828125,11185388,152.0830001831055,119.93415012359623,175.06651573705153,167.0821677586088,186.06886315283404,146.6781369692363,166.37350006103517,66.31273763446694,80.48054764715084,68.58945614785762,8.152821347797357,6.697285004307147,1.45553634349021,41.51486909991408,7.713285030601364,42.00498866344217,59.62795820711715,-37.43879454687349,389064170.0,358895234.25,1.0
2026-07-16,183.8999938964844,184.3000030517578,177.10000610351562,177.72999572753906,3303895,152.9426000976563,120.30140010833743,175.59921173514903,168.05015211942063,187.3681659094826,146.85683409051748,167.11250000000004,61.068029134219174,80.48054764715084,68.58945614785762,7.953616507789377,6.948551305003593,1.0050652027857838,42.40687720932324,7.676621596147137,32.817796251850254,45.344418173306074,-47.033485074653626,385760275.0,360532617.8,1.0
2026-07-17,178.39999389648438,185.1999969482422,177.0,182.69000244140625,6437349,153.85860015869144,120.68840011596683,177.0173698764005,169.3810476032375,189.39800034595177,146.80600050854045,168.1020004272461,64.15821160989287,80.48054764715084,68.58945614785762,8.102574886578367,7.179356021318549,0.9232188652598179,43.29126574163675,7.7140055498682125,33.93626100803971,36.253015307777375,-37.321313540432946,392197624.0,362660812.3,1.0
2026-07-20,183.0,186.83999633789065,181.1100006103516,182.25,4482958,154.7110000610352,121.07790012359621,178.06389590112042,170.55095236657954,191.1190654834901,146.95393561514277,169.03650054931643,63.675367761384884,72.6726316239265,68.58945614785762,8.091843223505123,7.361853461755864,0.729989761749259,44.217178071936516,7.572290562558988,29.093320661869377,31.949125973919777,-38.18288075857116,387714666.0,364412541.2,1.0
2026-07-21,183.25,192.0,182.3000030517578,186.92999267578125,9197714,155.61440002441412,121.49865009307864,179.8371152560526,172.03995603105244,193.48775561565034,147.04324414020905,170.2654998779297,66.55819693739808,72.6726316239265,68.58945614785762,8.364553236846177,7.562393416773927,0.8021598200722506,45.38622417232476,7.727841236661917,29.246108454151056,30.758563374686712,-33.60545413402405,396912380.0,366732233.0,1.0
2026-07-22,187.0,188.52999877929688,177.3000030517578,179.82000732421875,5189606,156.4724002075196,121.90000011444094,179.83369366968586,172.7472334213403,194.33568465124105,148.157316142216,171.24650039672852,58.90912928228858,72.6726316239265,68.58945614785762,7.91571406555741,7.633057546530623,0.28265651902678623,45.39797664396027,7.977995128867428,17.577959071963875,25.305796062661436,-55.30894338353405,391722774.0,368900804.5,1.0
2026-07-23,178.0,180.05999755859375,171.85000610351562,173.41000366210938,3879020,157.33960021972663,122.26475013732912,178.54895566817055,172.80748526141022,194.37322623978062,149.5057746147116,171.93950042724612,52.99591516498237,72.6726316239265,68.58945614785762,6.962512553005553,7.498948547825609,-0.5364359948200565,44.37953906030173,7.994566295025335,8.293047025984505,18.372371517366478,-71.6561166905676,387843754.0,371039976.9,1.0
2026-07-24,172.89999389648438,174.99000549316406,170.1199951171875,172.57000732421875,2341658,158.10860046386728,122.60245018005374,177.3531659993802,172.78589635802916,194.1572749542239,151.13872724304173,172.64800109863282,52.2556655614746,72.6726316239265,68.58945614785762,6.069349123875298,7.213028663035548,-1.1436795391602494,43.127181645843265,7.771383729378994,0.0,8.623668699316125,-73.78000107255195,385502096.0,373215671.1,1.0
2026-07-27,174.0,178.0500030517578,172.0,177.50999450683594,3410387,159.01780029296881,122.96925014495851,177.38453170087135,173.2153598261025,194.2451548858661,152.8378468231183,173.5415008544922,56.136065461817466,65.69827431355085,68.58945614785762,5.694483886288282,6.909319707686095,-1.2148358213978128,42.27100365105585,7.6484279666917665,4.188725774677783,4.160590933554095,-63.35600881707677,388912483.0,375378080.8,1.0
2026-07-28,177.38999938964844,180.0,173.72999572753906,177.3000030517578,3784227,159.94980041503914,123.32865016937257,177.36762597104865,173.5866910284348,193.42683510225976,155.912166362584,174.66950073242188,55.9279787968363,65.69827431355085,68.58945614785762,5.319140192203491,6.591283804589574,-1.272143612386083,41.66644953013461,7.549969131389565,8.15283089185675,4.113852222178178,-68.97037814682959,385128256.0,377520683.3,1.0
2026-07-29,178.6999969482422,182.2899932861328,153.1999969482422,154.6300048828125,36982212,160.49180053710944,123.58090019226076,172.82010175340145,171.86335592428733,193.68392704571042,155.49807521259035,174.59100112915038,39.084240032684434,65.69827431355085,68.58945614785762,3.156017612794386,5.904230566230537,-2.748212953436151,39.1915501439821,9.088542503282497,8.15283089185675,6.831462519463761,-97.05456674627638,348146044.0,377572693.4,-1.0
2026-07-30,155.0,155.72000122070312,146.6999969482422,153.74000549316406,13733288,160.90020050048832,123.829100227356,169.00408250135396,170.21577861236702,194.88067053368172,153.20533257911126,174.0430015563965,38.59283571220786,65.69827431355085,68.58945614785762,1.3543003401481144,4.9942445210140525,-3.639944180865938,37.51924662438491,9.083646915366671,3.9641051171789674,6.756588966964156,-84.45914333189279,334412756.0,376544305.8,-1.0
2026-07-31,154.39999389648438,157.24000549316406,153.1999969482422,156.0,4737115,161.33360046386724,124.09900024414065,166.40326600108318,168.92343510215184,195.6146024937173,151.55140092425148,173.5830017089844,40.633997652065254,65.69827431355085,68.99610436623901,0.10754932833356179,4.016905482477955,-3.909356154144393,35.774698790483505,8.723387031763473,2.4329645085110845,4.849966839182267,-79.4701933217708,339149871.0,375525176.4,-1.0
2026-08-03,155.0,158.6999969482422,152.5500030517578,156.1199951171875,6169987,161.65480041503912,124.36475021362308,164.34661182430406,167.7594860126096,196.19223972529238,150.21376308232487,173.20300140380863,40.746616853919804,56.18966825340697,68.99610436623901,-0.8609032707578592,3.041343731830792,-3.902247002588651,33.96560363833681,8.539573236386394,5.0001655593261605,3.7990783950054037,-79.20530345619969,345319858.0,374913851.4,-1.0
2026-08-04,156.1199951171875,158.5500030517578,155.19000244140625,157.80999755859375,4665962,162.01040039062505,124.6162501907349,163.03928897116202,166.85498706224453,196.5522335226701,149.2637683694198,172.90800094604495,42.4038237557605,56.18966825340697,68.99610436623901,-1.4750365565348886,2.1380676741576563,-3.613104230692545,32.28572956848631,8.169603763098191,9.54267562247747,5.658601896771572,-75.47461399139917,349985820.0,374685715.6,-1.0
2026-08-05,158.30999755859375,158.8699951171875,155.33999633789062,156.4600067138672,3149970,162.32400054931645,124.86740020751958,161.72343251970307,165.9099888487557,197.02754731442212,147.83845457766785,172.43300094604498,41.40756657482775,56.18966825340697,68.99610436623901,-2.047077157716899,1.3010387077827454,-3.3481158654996444,30.67916818875945,7.838203407112383,10.464731681439545,8.335857621081058,-78.45472603065029,346835850.0,373770380.8,-1.0
2026-08-06,157.0,164.3000030517578,157.0,160.0800018310547,6458285,162.72240051269534,125.14995021820073,161.3947463819734,165.37999002896467,197.17359993011294,146.8594017788715,172.01650085449222,45.13029145806969,56.18966825340697,68.99610436623901,-2.1831540620272563,0.6042001538207451,-2.7873542158480014,28.55347100873126,7.8383314735965435,15.689855920971064,11.899087741629359,-70.46356736990704,353294135.0,372965630.25,-1.0
2026-08-07,160.0,161.39999389648438,158.3000030517578,159.24000549316406,2238919,163.02960052490238,125.4172002410889,160.9637982042115,164.82180961661916,194.1339448350733,146.55805803357913,170.3460014343262,44.42494834581174,56.18966825340697,68.99610436623901,-2.3318960275491634,0.016980917546763397,-2.3488769450959266,26.579609341562225,7.499878571534402,18.098936895319056,14.751174832576556,-72.31786379662225,351055216.0,370907900.15,-1.0
2026-08-10,158.5500030517578,158.89999389648438,153.9499969482422,155.14999389648438,3028250,163.32540039062502,125.65855022430424,159.8010373426661,163.94255364206145,192.95133071360297,144.99567093434635,168.97350082397466,41.059966594844354,57.48538152881528,68.99610436623901,-2.7481261731769564,-0.5360405005979806,-2.2120856725789757,25.214579444883306,7.342030712490651,18.791785384482907,17.526859400257678,-79.79919536611425,348026966.0,369243188.8,-1.0
2026-08-11,155.1999969482422,157.36000061035156,153.3000030517578,156.86000061035156,1631465,163.6272003173828,125.91960021972659,159.2128299962032,163.29868518463329,192.16299873440954,143.7300035849264,167.94650115966797,43.00380260449431,57.48538152881528,68.99610436623901,-2.906503943452293,-1.0101331891688432,-1.8963707542834498,24.034289867849342,7.107599772926587,19.38059810814161,18.75710679598119,-71.45264201307995,349658431.0,367832171.25,-1.0
2026-08-12,157.19000244140625,157.94000244140625,155.25999450683594,157.47999572753906,1408763,163.93840026855466,126.17355018615726,158.8662631424704,162.76971341580654,190.29943725056967,143.07856415323891,166.6890007019043,43.72842780216222,57.48538152881528,68.99610436623901,-2.948008239095202,-1.3977081991541151,-1.550300039941087,22.84106716930124,6.791343213043996,22.186982394558264,20.119788629060928,-69.71059317637516,351067194.0,365932322.45,-1.0
2026-08-13,157.5,158.63999938964844,155.0,157.77999877929688,1547681,164.12100036621092,126.42595016479494,158.64901026983568,162.31610299430565,189.02192831815714,142.36107339082722,165.69150085449218,44.09877660845122,57.48538152881528,68.99610436623901,-2.9229984467766883,-1.7027662486786297,-1.2202321980980586,21.610272119285035,6.5662472256586,28.600776659191734,23.3894523872972,-68.86765110661604,352614875.0,364275052.45,-1.0
2026-08-14,157.0,157.4600067138672,154.27999877929688,155.47999572753906,1261873,164.27700042724607,126.66765014648439,158.01520736137635,161.69463869732687,186.6387691645154,142.02323187308224,164.33100051879882,41.82600543449339,57.48538152881528,68.99610436623901,-3.0535693834562494,-1.9729268756341538,-1.0806425078220956,20.58493468433231,6.347229566682986,26.436623619008145,25.741460890919377,-75.33014980968314,351353002.0,362232821.35,-1.0
2026-08-17,154.0,154.8000030517578,147.1300048828125,147.97000122070312,5611294,164.2860003662109,126.87920013427735,156.00616613324172,160.44694438127016,184.38907063626883,140.84493052339914,162.61700057983398,35.40892099033097,55.436321502128735,68.99610436623901,-3.7201579197652563,-2.3223730844603745,-1.3977848353048818,20.67388014780195,6.490283943686099,16.678648295092195,23.90534952443069,-96.43156953318133,345741708.0,360134173.45,-1.0
2026-08-18,148.10000610351562,151.75,147.67999267578125,150.24000549316406,2545070,164.32760040283202,127.09225017547608,154.8529340052262,159.51904084598777,179.95688148967437,141.60812095173182,160.7825012207031,38.48126943366786,55.436321502128735,68.99610436623901,-4.018935971551571,-2.661685661878614,-1.3572503096729567,20.7564723638809,6.317407042295574,16.751673999176617,19.955648637758983,-79.88632206090682,348286778.0,357702893.35,-1.0
2026-08-19,151.3699951171875,152.1699981689453,148.5500030517578,148.9499969482422,1386238,164.16700042724608,127.29405017852784,153.6723465938294,158.55821867346543,176.86854361329432,141.60945779051428,159.2390007019043,37.392750624016315,55.436321502128735,68.99610436623901,-4.310128164180753,-2.9913741623390417,-1.3187540018417114,20.74098814352858,6.1247347619307115,17.33698656926901,16.92243628784594,-89.40016156366613,346900540.0,355461781.65,-1.0
2026-08-20,149.17999267578125,152.3000030517578,147.8000030517578,148.19000244140625,1401703,164.04460052490234,127.49725017547607,152.57587776334475,157.61565356146005,174.93469058033628,141.021310701402,157.97800064086914,36.73349872035967,55.436321502128735,68.99610436623901,-4.549778268191346,-3.3030549835095027,-1.2467232846818437,20.839917455296213,6.008682278935661,21.878793832707963,18.65581813371786,-93.82645502833586,345498837.0,353344535.8,-1.0
2026-08-21,148.19000244140625,149.5,147.25,149.00999450683594,1027348,163.96340026855466,127.7136001586914,151.862701112043,156.83332092013057,172.73083141099082,140.86916858900915,156.79999999999998,38.00353115815983,55.436321502128735,68.99610436623901,-4.6202765237415235,-3.5664992915559073,-1.0537772321856163,21.018117151691833,5.740204973297399,20.240690518319486,19.818823640098817,-89.0507290360479,346526185.0,351395740.25,-1.0
2026-08-24,149.0,149.4499969482422,146.0,146.2100067138672,1056049,163.73960052490233,127.91400020599364,150.73216223240786,155.86756508319755,168.5313691165572,141.93863210414588,155.23500061035153,35.390980269253966,52.00143297413896,68.99610436623901,-4.846218325406625,-3.822443098326051,-1.0237752270805736,21.38400724486552,5.576618685793456,13.438392974405385,18.519292441810943,-98.85242251996775,345470136.0,349223622.9,-1.0
2026-08-25,146.55999755859375,152.39999389648438,146.3000030517578,149.52000427246094,2847499,163.53180053710935,128.123800239563,150.4897306404185,155.2905141004033,162.3928271947208,145.29917414805257,153.8460006713867,40.59038652849134,52.00143297413896,68.99610436623901,-4.70396530693273,-3.998747540047387,-0.705217766885343,20.95699432662922,5.620430721280865,26.69184233790387,20.123641943542914,-80.76500718330306,348317635.0,347383091.85,-1.0
2026-08-26,151.0,153.10000610351562,150.5,152.0399932861328,3098055,163.33280029296873,128.35790019989014,150.79978316956135,154.9950122081969,162.29174904314357,145.14125113996187,153.71650009155272,44.26764099506125,52.00143297413896,68.99610436623901,-4.337882304964467,-4.066574493030803,-0.2713078119336636,20.38502879783618,5.474685800550424,50.548160816187746,30.226132042832333,-60.779248831315016,351415690.0,347546574.15,-1.0
2026-08-27,152.1999969482422,153.8699951171875,151.4499969482422,152.1699981689453,1374401,163.1172003173828,128.60500019073484,151.07382616943815,154.7381927500831,162.24104225698724,145.03495719369633,153.63799972534179,44.458639150861096,52.00143297413896,68.99610436623901,-3.9912598221158078,-4.051511558847804,0.06025173673199635,19.65550589039548,5.256493826864345,83.88149414952107,53.70716576787089,-52.17053419981217,352790091.0,348465440.9,-1.0
2026-08-28,151.92999267578125,152.38999938964844,149.0,150.00999450683594,884757,162.85940032958982,128.8290001678467,150.86105983691772,154.30835654615154,162.01208897149536,144.66490992987184,153.3384994506836,41.88995253483498,52.00143297413896,68.99610436623901,-3.8465130428201064,-4.010511855642265,0.16399881282215834,19.476775128514923,5.123172795634638,89.97690342446472,74.80218613005785,-68.27535838237513,351905334.0,349103214.05,-1.0
2026-08-31,149.0,149.85000610351562,146.25,147.67999267578125,2266184,162.54180023193356,129.0296001434326,150.22484640469042,153.70577801248152,161.83800835605675,143.99499030116985,152.9164993286133,39.2552069395767,52.491404402620155,63.17962487476354,-3.875141631970905,-3.9834378109079926,0.10829617893708754,19.819019309708533,5.0258029178633015,71.42916038642382,81.76251932013653,-86.70891806247171,349639150.0,349319178.65,-1.0
2026-09-01,146.6999969482422,148.8800048828125,146.3000030517578,147.3800048828125,2581059,162.2424002075195,129.22940017700193,149.65587810031485,153.13070772796615,161.33144776188806,143.45855162776047,152.39499969482426,38.91582628816658,52.491404402620155,63.17962487476354,-3.8773409302379207,-3.962218434773978,0.08487750453605747,20.136817477959745,4.851102840234115,51.05340175138599,70.81982185409151,-89.08223932397766,347058091.0,349172792.2,-1.0
2026-09-02,146.5,147.8800048828125,144.0,144.44000244140625,1856552,161.92720031738278,129.4135501861572,148.61270296853314,152.34064361100616,161.18457895286022,142.4034200095422,151.7939994812012,35.66179449167035,52.491404402620155,63.17962487476354,-4.069407915029501,-3.983656330825083,-0.08575158420441786,20.847883924884698,4.781738700418286,28.158267426627148,50.21360985481232,-96.73103847004076,345201539.0,349091076.65,-1.0
2026-09-03,146.10000610351562,151.97999572753906,146.0,149.86000061035156,3645652,161.73340026855465,129.6312001800537,148.86216249689681,152.11513061094664,159.8513532362358,142.7146456040963,151.28299942016605,44.82186263222843,52.491404402620155,63.17962487476354,-3.7411482011465864,-3.935154704889384,0.1940065037427976,20.312873241675465,4.9787568851121815,47.28643960875107,42.166036262254735,-45.74075042138265,348847191.0,348868729.45,-1.0
2026-09-04,150.4499969482422,152.8000030517578,149.0500030517578,150.02000427246094,1883250,161.56580047607423,129.84510021209718,149.09373085200963,151.9246645801752,158.53746644639153,143.10653227187026,150.8219993591309,45.07049115113128,52.491404402620155,63.17962487476354,-3.4285666721965526,-3.833837098350818,0.40527042615426545,19.597792439422204,4.890988536175597,67.6621982437889,47.70230175972237,-39.007018737245694,350730441.0,348852490.7,-1.0
2026-09-07,150.08999633789062,150.08999633789062,146.5,147.8800048828125,1078053,161.33060058593747,130.04410022735595,148.8509856581702,151.55696824405132,157.99844562303258,142.91855419386195,150.45849990844727,42.32363879741107,52.496631679220975,63.17962487476354,-3.3153068310573133,-3.7301310448921177,0.4148242138348044,19.46433754416576,4.798060522012386,90.54066406439651,68.49643397231215,-60.68888751468678,349652388.0,348933761.8,-1.0
2026-09-08,147.8800048828125,148.5,145.8000030517578,147.02999877929688,1322470,161.1764004516601,130.24375022888182,148.48678828239554,151.14542556543728,157.0154811539729,142.91851847981619,149.96699981689454,41.248307618815126,52.496631679220975,63.17962487476354,-3.2565959685528014,-3.6354240296242546,0.37882806107145317,19.480833044433417,4.648198838171657,77.3782099591575,78.52702408911429,-69.30090903469173,348329918.0,348867336.15,-1.0
2026-09-09,147.8800048828125,147.8800048828125,145.0,145.80999755859375,1426459,160.96860046386715,130.4284502029419,147.95143013763519,150.66038665572424,155.70824314625503,143.05875667063953,149.38349990844728,39.68962000569344,52.496631679220975,63.17962487476354,-3.2708072594836892,-3.5625006755961417,0.2916934161124525,19.660024688077094,4.521899269931717,58.84810304534537,75.58899235629978,-81.66161647393481,346903459.0,348659149.4,-1.0
2026-09-10,145.19000244140625,147.2899932861328,144.75999450683594,145.77000427246094,1192519,160.59000061035152,130.62015022277828,147.51514496460035,150.21580643906393,153.92018044356846,143.64581992264246,148.78300018310546,39.63674353928755,52.496631679220975,63.17962487476354,-3.247857652588465,-3.4995720709946063,0.2517144184061415,19.877378984610125,4.379620663457801,49.59524137043671,61.94051812497985,-82.06681714179705,345710940.0,348313952.65,-1.0
2026-09-11,145.1999969482422,146.64999389648438,142.8000030517578,145.27000427246094,1131898,160.19140075683595,130.82125022888178,147.06611682617248,149.76618806028185,152.56777695231597,143.97722426838715,148.27250061035156,38.938301953435804,52.496631679220975,63.17962487476354,-3.232750608410271,-3.4462077784777394,0.21345717006746856,20.490240441916537,4.341789962119855,41.03244340430534,49.8252626066958,-77.68741652113144,344579042.0,347975254.65,-1.0
2026-09-15,145.27000427246094,147.5,143.75,144.75,3037724,159.8120007324219,131.02525024414058,146.602893460938,149.31017096389257,152.6867826247589,143.53621847387393,148.11150054931642,38.18469815986747,49.70195759469341,63.17962487476354,-3.22555596466745,-3.4020774157156817,0.1765214510482318,20.751020245173994,4.299519250539866,35.167414482663986,41.931699752468674,-82.38483879015773,341541318.0,347765235.15,-1.0
2026-09-16,145.17999267578125,148.7899932861328,144.10000610351562,147.66000366210938,3250203,159.49100067138676,131.2371002578735,146.81431550117227,149.16015575463956,152.44929548216606,143.51570543336135,147.9825004577637,44.64155632311817,49.70195759469341,63.17962487476354,-2.9510236187215355,-3.3118666563168526,0.3608430375953171,20.531568034562543,4.327409817116818,52.359972538630615,42.85327680853331,-56.09752399435962,344791521.0,347590472.3,-1.0
2026-09-17,147.5500030517578,150.57000732421875,146.4499969482422,147.27999877929688,1641221,159.11740051269533,131.44120025634763,146.9074521567972,148.98923239324478,152.35205955604235,143.44594154259048,147.8990005493164,43.99528965331579,49.70195759469341,63.17962487476354,-2.7326180549287358,-3.1960169360392294,0.46339888111049365,19.724241076363736,4.3125955713210855,70.27597756714474,52.60112152947977,-55.200042724609375,343150300.0,347402960.3,-1.0
2026-09-18,147.60000610351562,149.6999969482422,145.0,146.5800018310547,3653479,158.68080047607427,131.6332502746582,146.8419620916487,148.77021143304566,152.30747436419003,143.32952667340763,147.81850051879883,42.76707676402097,49.70195759469341,63.17962487476354,-2.5862018506212223,-3.074053918955628,0.48785206833440586,19.35878415580287,4.340267098244022,86.51052726093143,69.71549245556892,-62.20001220703125,339496821.0,347102859.5,-1.0
2026-09-21,146.25,146.85000610351562,143.42999267578125,145.9499969482422,2978836,157.7468005371094,131.82810024261474,146.6635690629674,148.51382829806352,152.19191848314398,143.1390827985943,147.66550064086914,41.64036090682275,50.48484522239534,63.17962487476354,-2.4922727142442795,-2.9576976780133584,0.4654249637690788,19.413647522526894,4.2745346932076185,75.87782744812026,77.55477742539881,-68.50006103515625,336517985.0,346602449.5,-1.0
2026-09-22,146.11000061035156,147.89999389648438,145.25999450683594,145.94000244140625,832954,157.01360046386722,132.02190025329588,146.5188557386552,148.27984412927648,152.1982635345292,143.10573731996294,147.65200042724607,41.6216271002584,50.48484522239534,63.17962487476354,-2.391076824873238,-2.8443735073853347,0.45329668251209654,19.082942924567256,4.15778217152482,67.46836458990902,76.6189064329869,-68.60000610351562,335685031.0,346113194.25,-1.0
2026-09-23,145.5,149.60000610351562,145.5,149.25,1272524,156.45060058593756,132.23230026245116,147.06508459092416,148.36804011752406,152.16295850155763,143.11404192568847,147.63850021362305,49.69369735819309,50.48484522239534,63.17962487476354,-2.0204981681292224,-2.6795984395341126,0.6591002714048901,18.185770336116455,4.153655309524163,75.62895073157583,72.99171425653503,-35.50003051757813,336957555.0,345545190.25,-1.0
2026-09-24,148.6999969482422,149.0,146.6999969482422,147.07000732421875,897539,155.73940063476567,132.4468502807617,147.0660691375831,148.2500371363145,151.41494781079928,143.3650540202554,147.39000091552734,45.2554092754458,50.48484522239534,63.17962487476354,-1.881035694182657,-2.5198858904638217,0.6388501962811648,17.35268150398357,4.03910871968371,74.9267461423129,72.67468715459924,-57.299957275390625,336060016.0,344777406.55,-1.0
2026-09-25,146.8800048828125,148.3800048828125,145.50999450683594,146.10000610351562,1214432,155.1068008422852,132.65935031890868,146.8728565307696,148.0545797696964,150.45584955033812,143.71715307417358,147.08650131225585,43.39808935449294,50.48484522239534,63.17962487476354,-1.8277129336916005,-2.3814512991093775,0.553738365417777,16.947692643492605,3.9556016951331996,68.91158561667389,73.15576083018753,-57.52894160619777,334845584.0,343880181.2,-1.0
2026-09-28,145.50999450683594,145.8800048828125,142.0,142.25,1442913,154.29800079345705,132.85485031127928,145.9482852246157,147.526890699724,150.41923913709684,142.9777640367313,146.69850158691406,36.92120798812852,50.17666715520882,63.17962487476354,-2.072230198730466,-2.319607079033595,0.2473768803031291,17.512786370271595,3.9659162957319443,35.578252283340554,59.805528014109115,-97.08284963428791,333402671.0,342955048.05,-1.0
2026-09-29,142.6300048828125,143.63999938964844,138.0,138.52000427246094,2354937,153.42340087890625,133.0472003173828,144.46262903418474,146.70808284270007,151.42118880676855,141.05981552672756,146.24050216674806,31.94667221651879,50.17666715520882,63.17962487476354,-2.53773791229699,-2.363233245686274,-0.17450466661071573,18.868152033068768,4.085493659583123,15.099462906626822,39.863100268880416,-95.86313468999306,331047734.0,342025477.25,-1.0
2026-09-30,139.0,142.25999450683594,138.0,138.64999389648438,1592541,152.45780090332033,133.2312002944946,143.3001020066447,145.97552930213502,151.95977574147875,139.64822749338455,145.80400161743165,32.28906178489707,50.17666715520882,57.51269289372236,-2.8631623000717923,-2.463219056563378,-0.39994324350841426,20.126705862809,4.0979580058154665,0.6430928857935123,17.106936025253624,-94.82900940533244,332640275.0,341304586.45,-1.0
2026-10-01,138.39999389648438,143.05999755859375,136.8000030517578,139.97999572753906,3955477,151.66100067138672,133.42960025787352,142.63608075082357,145.43048079535356,152.24683489603058,138.91516766744598,145.58100128173828,35.84558727730768,50.17666715520882,57.51269289372236,-2.9793987848816244,-2.5664550022270274,-0.41294378265459697,21.527157209753298,4.252389184459786,7.966226443228054,7.9029274118827955,-76.90637843779746,336595752.0,340874297.1,-1.0
2026-10-05,141.3800048828125,143.4600067138672,139.8300018310547,141.52999877929688,3523704,151.02340057373047,133.62595024108884,142.41486435651825,145.0758915211666,151.74500979185447,138.58399258851657,145.16450119018552,39.81323489558118,46.296187619918605,57.51269289372236,-2.9128670262889216,-2.6357374070394064,-0.2771296192495152,22.64780267910015,4.207933162913552,22.741590419751272,10.450303249590945,-65.65000537437211,340119456.0,340437910.35,-1.0
2026-10-06,141.5,142.25,139.0,139.5,1505658,150.36200042724607,133.81080024719236,141.8318914852146,144.56899229196964,151.2664614150309,138.01054053809406,144.63850097656248,36.61903992974794,46.296187619918605,57.51269289372236,-2.989483163332153,-2.706486558297956,-0.2829966050341972,23.86191476784967,4.139509365562584,30.874367810674922,20.527394891218083,-80.39218510888921,338613798.0,339832078.2,-1.0
2026-10-07,139.50999450683594,140.9600067138672,137.7100067138672,139.39999389648438,2306193,149.59980041503903,134.00445022583006,141.34551196746858,144.0990833469255,151.0510263611493,137.3779744933429,144.2145004272461,36.46383279409655,46.296187619918605,57.51269289372236,-3.0234195619988213,-2.769873159038129,-0.2535464029606924,25.251506410504383,4.075972982308114,32.03558687293732,28.550515034454506,-81.11844562077322,336307605.0,339164839.05,-1.0
2026-10-08,139.88999938964844,140.25,135.02000427246094,135.5,1889831,148.7638003540039,134.18190021514891,140.17640957397487,143.317348497205,151.3618440317234,135.91415694483916,143.63800048828128,30.953944070254536,46.296187619918605,57.51269289372236,-3.326663608970023,-2.8812312490245082,-0.44543235994551456,27.028396704577933,4.158403178396039,17.260222896414103,26.723392526675447,-96.73027270421633,334417774.0,338469231.85,-1.0
2026-10-09,135.8300018310547,139.0800018310547,135.5399932861328,138.22999572753906,1951064,148.43580017089843,134.37110019683834,139.78712680468772,142.8548618817808,151.27254785321938,135.2454529402377,143.25900039672854,38.01471084594458,46.296187619918605,57.51269289372236,-3.308559842901957,-2.966696967799998,-0.3418628751019588,28.678366263360516,4.117088796443086,21.04369045657685,23.446500075309427,-77.983600466764,336368838.0,337942500.8,-1.0
