Date,Open,High,Low,Close,Volume,MA50,MA200,EMA9,EMA21,BB_Upper,BB_Lower,BB_Mid,RSI,RSI_W,RSI_M,MACD,MACD_Signal,MACD_Hist,ADX,ATR,StochRSI_K,StochRSI_D,Williams_R,OBV,OBV_SMA20,Supertrend_Dir
2025-07-23,444.78767767386944,446.2100398187746,441.0268771792146,444.5466003417969,1250676,447.48002441406254,420.32808685302746,446.76491052997,449.2597654035691,469.6095837449433,436.07213927751775,452.8408615112305,45.30562157826847,54.741986313349635,80.88941954763168,-1.0658904014963468,0.7058127462091743,-1.7717031477055212,17.514845805375682,6.89794798101474,27.704836475359485,24.810942873259375,-76.10516502089683,89331824.0,92308181.0,-1.0
2025-07-24,444.5465764136195,446.1617826802114,438.7848226015406,442.13580322265625,963704,448.21964965820314,420.19754333496104,445.8390890685073,448.6121324780315,468.73981271014935,434.9867711521554,451.8632919311524,42.96596165815807,54.741986313349635,80.88941954763168,-1.438786161348446,0.2768929646976503,-1.7156791260460964,17.480652953325727,6.932163130847314,20.61579971934149,23.633032010288844,-83.81836840089306,88368120.0,92037970.8,-1.0
2025-07-25,444.5785408271766,444.5785408271766,430.94804396668593,433.2686462402344,2446204,448.6208917236328,420.1194566345216,443.32500050285273,447.2172700927772,468.5618333019749,432.31566303591586,450.4387481689454,35.6695868105889,54.741986313349635,80.88941954763168,-2.4218960896155295,-0.2628648461649856,-2.159031243450544,18.486111224190218,7.410615540107554,14.573976059148345,20.964870751283105,-91.8704645881378,85921916.0,91571519.9,-1.0
2025-07-28,430.45950511372456,439.15568082801786,429.9465358273094,435.1984252929688,1960922,449.07953369140625,419.9704989624025,441.69968546087597,446.12464783824913,465.8477059059499,431.64562905498775,448.74666748046883,38.1319761342485,50.54703224585437,80.88941954763168,-3.010596466933009,-0.8124111703185903,-2.198185296614419,19.534743683320343,7.539081930150477,8.825566325518409,14.671780701336079,-82.22520326244234,87882838.0,90959380.4,-1.0
2025-07-29,434.2946214653114,441.13429143215126,433.1709673630495,439.22894287109375,1060324,449.6607330322266,419.8259033203126,441.2055369429196,445.49776556850776,462.2495572386993,432.3518648804414,447.30071105957035,43.03627236709897,50.54703224585437,80.88941954763168,-3.115997394873375,-1.2731284152295474,-1.8428689796438276,20.055137428171257,7.569384940075569,22.12340266701488,15.17431501722721,-61.67310801527637,88943162.0,90490715.3,-1.0
2025-07-30,439.2045224479455,443.0884838660151,439.2045224479455,440.670166015625,1175664,450.2408636474609,419.70249618530283,441.0984627574607,445.058892881882,459.7697306591255,432.7082905811089,446.2390106201172,44.72362214627156,50.54703224585437,80.88941954763168,-3.0480971599937448,-1.628122164182387,-1.4199749958113577,20.10131257941203,7.306140402789428,43.92677683904239,24.958581943858558,-49.487562531559185,90118826.0,90152965.6,-1.0
2025-07-31,437.7144621251328,438.20300998624265,433.90379477219454,437.2503356933594,1167284,450.8307061767578,419.60128570556657,440.3288373446405,444.34902404656174,458.55439800929315,432.03682818699593,445.29561309814454,41.57650633503981,50.54703224585437,75.01409184074396,-3.2329697975765157,-1.949091690861213,-1.2838781067153027,20.843864394809938,7.267585462835215,53.76805814573951,39.939412550598924,-65.5962833912491,88951542.0,89848231.0,-1.0
2025-08-01,437.25033768165866,439.8152139641489,430.7526570630693,432.2915649414063,1765202,451.1810662841797,419.4496066284181,438.72138286399365,443.25289140063853,458.09727643501196,430.36681658256623,444.2320465087891,37.460265625894344,50.54703224585437,75.01409184074396,-3.736541527489976,-2.306581658186966,-1.4299598693030102,21.89720581283795,7.395797708424098,40.34025972694025,46.01169823724071,-88.95400770006417,87186340.0,89533939.3,-1.0
2025-08-04,429.9465264427591,438.4716923297698,428.9450093209336,437.3968811035156,1637390,451.5390313720703,419.3515396118166,438.4564825118981,442.7205268281728,456.5560518994357,430.14679233884556,443.35142211914064,43.64625086815555,50.204900664371216,75.01409184074396,-3.681234425145817,-2.581512211578736,-1.0997222135670812,23.074579395521862,7.548003801310676,37.7458001044577,43.951372659045816,-61.98195198537386,88823730.0,89255054.1,-1.0
2025-08-05,434.807597144574,439.25337076097367,434.807597144574,435.9068298339844,909364,451.8556231689453,419.25783508300793,437.9465519763154,442.10109982870114,454.3620032184994,430.27871333423496,442.3203582763672,42.33021838411203,50.204900664371216,75.01409184074396,-3.714815749082163,-2.8081729190794213,-0.9066428300027418,23.972422885695554,7.32641593095989,41.76782470648076,39.951294845959566,-68.68447210950045,87914366.0,88876651.6,-1.0
2025-08-06,434.8075859435163,440.6701601360132,433.8304902447669,436.1510925292969,1382160,451.4948510742188,419.18909805297864,437.58746008691173,441.56019007420986,451.7496778257084,430.89431936667444,441.3219985961914,42.63557191716092,50.204900664371216,75.01409184074396,-3.6793064773368656,-2.98239963073091,-0.6969068466059554,24.446104327191733,7.291648356694632,56.5388401736056,45.350821661514686,-65.41020112263128,89296526.0,88615595.1,-1.0
2025-08-07,437.2015040404547,437.8854531723816,426.9908415541137,432.3648681640625,1108424,451.03472900390636,419.09709045410176,436.5429417023419,440.7242517187419,451.43239206687497,429.77405324562494,440.60322265624995,39.173171725108475,50.204900664371216,75.01409184074396,-3.9115913963888715,-3.1682379838625025,-0.743353412526369,25.688509601776886,7.549002875378437,46.927947447602776,48.411537442563045,-76.34131821330585,88188102.0,88497648.1,-1.0
2025-08-08,442.13581393433367,452.9327097283861,441.6472660736328,446.019775390625,9063678,450.75127380371106,419.0940901184084,438.43830843999854,441.20566296164037,451.61386204853386,429.7206167112316,440.66723937988274,53.75819277555412,50.204900664371216,75.01409184074396,-2.9597241166453045,-3.126535210419063,0.16681109377375858,24.033262362260675,8.478919924588805,62.014573833342396,55.16045381818359,-26.647789169698,97251780.0,88893092.4,-1.0
2025-08-11,446.5327522462164,447.90068031563663,435.8335419881522,442.79534912109375,2641120,450.3266680908204,419.1010038757326,439.30971657621757,441.3501798852271,451.6910042109865,429.73835369916986,440.71467895507817,50.66861386045792,54.830912411395815,75.01409184074396,-2.4374492937130867,-2.9887180270778684,0.5512687333647817,23.21643287174748,8.73522123908135,70.57127220174479,59.83793116089665,-39.07721887718931,94610660.0,89240796.8,-1.0
2025-08-12,442.1358194054636,453.3724203406301,441.5984286794808,447.7541198730469,2568668,450.08561462402355,419.147296600342,440.9985972355835,441.93235624775616,451.9693536917206,429.62646845183417,440.7979110717774,54.95604728887493,54.830912411395815,75.01409184074396,-1.6049109617020463,-2.711956614002704,1.1070456523006578,21.6948226538782,8.95227626922906,94.30658371153598,75.63080991554105,-21.296301154101915,97179328.0,89675956.3,-1.0
2025-08-13,447.5098257317341,449.9281435266452,430.5083667004045,433.5862121582031,3053392,449.5650604248048,419.11563812255883,439.51612022010744,441.1736158759786,450.782436696689,429.20385175545954,439.99314422607426,43.360637499127215,54.830912411395815,75.01409184074396,-2.064551220578892,-2.5824755353179416,0.5179243147390498,21.483949786746116,9.699954880444178,74.26591009527448,79.7145886695184,-75.00009132334287,94125936.0,89904609.2,-1.0
2025-08-14,434.8076067370987,437.0549150242566,432.3648673734071,433.7083740234375,1523884,449.0146453857423,419.10568466186544,438.3545709807735,440.49495752574757,449.8196017515812,428.7815182435361,439.30055999755865,43.47138999924075,54.830912411395815,75.01409184074396,-2.3913954772234547,-2.5442595236990444,0.1528640464755897,21.28813926726632,9.34210436404456,58.07851436694889,75.55033605791978,-74.5370338762396,95649820.0,90249696.3,-1.0
2025-08-18,444.3831219231394,447.1190078327256,434.025931136819,434.8808898925781,2668168,448.45634033203135,419.07326721191424,437.6598347631344,439.984587740914,449.1132895226681,428.4658089880742,438.7895492553711,44.59129438275983,50.31642782448436,75.01409184074396,-2.5266836377147115,-2.540744346502178,0.01406070878746668,19.8090194488561,9.632713610133383,38.33136787230568,56.891930778176345,-70.0925846693563,98317988.0,90759313.4,-1.0
2025-08-19,435.29615369994326,437.8854514563248,431.3877707262064,436.9083557128906,2320288,447.90917297363285,419.00518234252945,437.50953895308567,439.70493028382094,447.7527664309868,428.7659805172555,438.25937347412116,46.56270284769182,50.31642782448436,75.01409184074396,-2.4421493545679596,-2.5210253481153346,0.07887599354737507,18.729489650095722,9.408782690132314,42.38086410485411,46.263582114702885,-62.40742739837168,100638276.0,91339111.4,-1.0
2025-08-20,436.199957616062,440.3281931173772,435.1495975775353,439.3755187988281,865994,447.56033447265634,418.9481072998048,437.8827349222342,439.6749837851852,447.3053740536505,428.83850106841993,438.0719375610352,48.943270901058895,50.31642782448436,75.01409184074396,-2.1512772984714843,-2.447075738186565,0.2957984397150808,17.430647808430944,9.106626465111573,52.80600735218541,44.5060797764484,-53.05558721510537,101504270.0,92010267.5,-1.0
2025-08-21,447.9983932951285,447.9983932951285,433.1465262355508,437.54345703125,3688914,447.00754699707034,418.9105603027345,437.8148793440374,439.48120862573654,446.43805063460223,429.00551015641344,437.72178039550784,47.259615386204715,50.31642782448436,75.01409184074396,-2.0450174832913035,-2.366664087207513,0.32164660391620936,16.995473449334288,9.517000793287723,57.88974897410792,51.025540143715816,-60.000060790411226,97815356.0,92434444.1,-1.0
2025-08-22,437.543450487028,440.0839053169319,432.8778243984266,434.3678894042969,1511960,446.5947174072266,418.83953689575213,437.1254813560893,439.0163614237875,445.91269219341666,428.754077215763,437.33338470458983,44.40802190492975,50.31642782448436,75.01409184074396,-2.1917820828552976,-2.33168768633707,0.13990560348177228,16.556078606699113,9.351935087946124,51.603563483675686,54.09977326998967,-72.03712518542065,96303396.0,92831207.9,-1.0
2025-08-25,435.2961593010432,437.5679188611975,433.5862417280312,436.7862243652344,1243254,446.28570312500005,418.7965162658693,437.0576299579184,438.81362169119177,445.8793868389125,429.1391403827673,437.5092636108399,47.02929894163755,50.55130437689521,75.01409184074396,-2.088875409471882,-2.2831252309640324,0.19424982149215042,16.14806910996645,8.968345234033277,46.31798989584725,51.93710078454362,-62.87036916787135,97546650.0,93412444.6,-1.0
2025-08-26,435.41829613453393,437.00607673754905,432.3892933281397,434.0014953613281,2061458,445.81058044433604,418.72775909423837,436.44640303860035,438.37615566120417,445.9057807205693,428.99305350794646,437.44941711425787,44.43128862274269,50.55130437689521,75.01409184074396,-2.20658929919,-2.267818044609226,0.06122874541922618,15.591693251146449,8.657519389417285,38.75317105523641,45.55824147825311,-73.42595049391967,95485192.0,93792562.3,-1.0
2025-08-28,433.34194583026346,434.61215832126834,423.08244091207234,424.7923583984375,1806666,445.17007873535164,418.57293746948255,434.1155941105678,437.1412650009526,446.84569652088084,426.60947926036937,436.7275878906251,37.126930060722465,50.55130437689521,75.01409184074396,-3.008300972798679,-2.415914630247117,-0.5923863425515621,15.104337590810578,8.862676390830051,27.697200596048383,37.589453849044006,-94.35484104438504,93678526.0,94029330.5,-1.0
2025-08-29,424.4992472063375,425.18319631873726,415.31452358941374,416.3160705566406,1852488,444.4839654541016,418.41322189331066,430.5556893997824,435.2480655060151,448.94758812244663,422.07217811290514,435.5098831176759,31.924680501184444,50.55130437689521,75.01409184074396,-4.278311132119256,-2.7883939306215453,-1.4899172014977111,15.462451653774291,8.934533272151013,11.10510962000178,25.851827090428856,-97.36835965010368,91826038.0,94114691.1,-1.0
2025-09-01,417.1221519676827,422.5694724696522,416.3160658993796,419.7359008789063,1569462,443.9308569335938,418.30688751220714,428.39173169560723,433.8378687217325,449.7698158265577,419.4985069273487,434.6341613769532,35.83136626962285,44.36853982770667,71.3393611204134,-4.951770677023035,-3.2210692799018434,-1.7307013971211913,15.794986140812025,8.74302422201684,5.6541524499339175,14.818820888661358,-88.3824970192257,93395500.0,94336889.0,-1.0
2025-09-02,421.78778775506464,424.4748010153343,418.1969728710516,422.17864990234375,1001708,443.3431909179688,418.2036061096192,427.14911533695454,432.7779397381517,450.23805268058254,418.01897856941764,434.1285156250001,38.54430448515092,44.36853982770667,71.3393611204134,-5.2281163165791895,-3.622478687237313,-1.6056376293418766,15.810521186515043,8.566938787892974,15.234744641137041,10.664668903690913,-81.96398934549468,94397208.0,94697432.4,-1.0
2025-09-03,424.27939889665134,426.4778642869424,423.0580292353786,425.3786315917969,1297360,442.7867376708985,418.10981552124025,426.79501858792304,432.1052753612104,450.0159592726186,417.03924702620964,433.5276031494141,42.003478316236794,44.36853982770667,71.3393611204134,-5.129777565316886,-3.9239384628532274,-1.205839102463658,15.516236006382167,8.26210133051481,34.97550573089745,18.621467607322803,-70.924427954564,95694568.0,95040974.3,-1.0
2025-09-04,444.5785547019176,444.5785547019176,426.6732636208253,428.9938659667969,5375836,442.2476239013672,418.0901515197755,427.2347880636978,431.8224199617182,449.7499492511419,416.61396066096773,433.1819549560548,45.72069738046357,44.36853982770667,71.3393611204134,-4.705877766574986,-4.080326323597579,-0.6255514429774065,15.69564138358087,9.043374314772375,56.34281736841796,35.51768924681748,-58.146503151090116,101070404.0,95698776.2,-1.0
2025-09-05,429.75112530861776,431.0213377826933,422.69160295956607,428.62744140625,1980504,441.64862731933596,418.0427395629884,427.5133187322083,431.53196736576655,449.4314666268331,416.18007817297183,432.8057723999025,45.403058164399305,44.36853982770667,71.3393611204134,-4.349364752258737,-4.134134009329811,-0.21523074292892552,15.36234300361919,8.992400065369152,73.1615476172102,54.82662357217521,-59.26762058255144,99089900.0,96188444.9,-1.0
2025-09-08,429.3847386966693,430.99694071831647,425.8183153590126,428.2366333007813,969786,440.9796160888672,418.0100079345704,427.657981645923,431.232391541677,449.3501383914727,415.84858292200397,432.5993606567383,45.043624895337295,48.95399285637342,71.3393611204134,-4.051655604130929,-4.117638328290035,0.065982724159106,15.052851650797626,8.71998758636449,79.1161077142731,69.54015756663375,-60.46334223053109,98120114.0,96685045.5,-1.0
2025-09-09,427.47938310323326,429.8732795760495,426.2824348668252,427.3328247070313,1166140,440.2910821533203,417.98505218505875,427.59295025814464,430.8778854658001,447.312204886075,416.01782135904233,431.66501312255866,44.172692143898814,48.95399285637342,71.3393611204134,-3.844333673855431,-4.062977397403114,0.21864372354768324,14.765466823177603,8.353620237997335,76.0841189690396,76.12059143350763,-63.228646956953895,96953974.0,96670155.2,-1.0
2025-09-10,427.3328256786756,429.9221234127835,427.3328256786756,428.7740478515625,1092362,439.48576232910153,418.0027409362794,427.8291697768282,430.68662750086935,445.7437910480171,416.1841050701471,430.9639480590821,45.966811493667855,48.95399285637342,71.3393611204134,-3.523122524088933,-3.955006422740278,0.4318838986513449,14.504377683747961,7.941882985694111,80.20798013512587,78.46940227281284,-58.819061563584164,98046336.0,96841939.0,-1.0
2025-09-11,428.9450150538544,429.5312784413371,425.7206111505913,428.50531005859375,1940056,438.6929071044922,418.00088470458996,427.96439783318135,430.4883259152079,442.51017447115987,417.4928406655588,430.00150756835933,45.672072520644946,48.95399285637342,71.3393611204134,-3.252749595088858,-3.814555057209994,0.5618054621211361,14.013878732214762,7.646796150340661,84.8508235603533,80.38097422150625,-54.92491646667268,96106280.0,96788286.6,-1.0
2025-09-12,427.577091269342,429.3602730598184,426.6977110886938,427.3572387695313,1917168,438.001968383789,417.9558006286623,427.84296602045134,430.2036816292373,442.13293127432667,417.2471865235249,429.69005889892577,44.36336540445334,48.95399285637342,71.3393611204134,-3.095434615711042,-3.6707309689102035,0.5752963531991613,13.558415420076791,7.2907794232538,88.31141799272018,84.4567405627331,-58.84806459568044,94189112.0,96791445.4,-1.0
2025-09-15,427.9679119601899,432.8289689787077,427.5526582196296,431.729736328125,2226230,437.5141973876953,417.92739578247085,428.6203200819861,430.3424138745907,441.9305100383489,417.2517439899713,429.5911270141601,50.21449917789379,48.50972805117672,71.3393611204134,-2.588103306786877,-3.4542054364855383,0.8661021296986613,13.612789182409543,7.160847336533983,91.12156771997186,88.09460309101512,-43.90652239397937,96415342.0,96829721.5,-1.0
2025-09-16,430.8992123556652,434.319047374361,429.213716275589,431.16790771484375,1754066,437.06629760742186,417.87424377441425,429.12983760855764,430.41745876915917,441.5194290445207,417.29152676602615,429.4054779052734,49.49423346859759,48.50972805117672,71.3393611204134,-2.2059456942245106,-3.204553488033333,0.9986077938088225,13.861481934053288,7.014024748122414,92.80404672021783,90.74567747763662,-45.826383028084535,94661276.0,96646885.9,-1.0
2025-09-17,431.3877521151524,433.83049136835257,430.9480471221386,432.5358276367188,1329516,436.6168267822265,417.7741711425783,429.8110356141899,430.61003775711913,440.88122326448433,417.49247973844535,429.18685150146484,51.32491104447679,48.50972805117672,71.3393611204134,-1.7722736599109226,-2.9180975224088512,1.1458238624979287,14.092410917722479,6.7189118551289555,98.68731027896337,94.20430823971768,-41.15197601759385,95990792.0,96414511.7,-1.0
2025-09-18,434.3434556951006,436.2488042183083,433.2198016151601,434.5144653320313,1292596,436.1765539550781,417.5709263610842,430.7517215577582,430.9649857184748,439.926992762175,417.9606048940749,428.94379882812495,53.926350918752554,48.50972805117672,71.3393611204134,-1.2544652281598587,-2.5853710635590526,1.3309058353991938,14.647085963476783,6.504202192733279,98.68731027896337,96.72622242604818,-35.609352878301834,97283388.0,96203467.6,-1.0
2025-09-19,434.9053077607298,439.6197766841552,434.9053077607298,436.54193115234375,2946732,435.7850268554687,417.38191726684585,431.90976347667527,431.4719807579174,439.7198356882549,418.0676093801045,428.8937225341797,56.49228368819666,48.50972805117672,71.3393611204134,-0.6727437962141494,-2.202845610090072,1.5301018138759228,15.605327500813415,6.4042814184040395,99.99999999999999,99.1248735193089,-30.463008628887987,100230120.0,96324205.8,-1.0
2025-09-22,436.5419354826138,446.43502967352447,436.273240122629,441.89154052734375,5180326,435.68804992675774,417.2535276794435,433.906118886809,432.41921346422885,441.34745234889556,417.1923578317686,429.2699050903321,62.43670469955388,51.908327328891254,71.3393611204134,0.21743692022437244,-1.7187891040271834,1.9362260242515559,17.252505142406353,6.672674856439144,99.99999999999999,99.56243675965445,-19.135776823274085,105410446.0,96779558.3,-1.0
2025-09-23,441.8671330254278,443.9190400711959,437.9587500120012,438.5450134277344,4897654,435.56416137695305,417.104548187256,434.8338977949941,432.976104370002,441.6887800886913,417.02690899822284,429.3578445434571,57.17411311026634,51.908327328891254,71.3393611204134,0.64543461410085,-1.2459443604015767,1.8913789745024268,18.78202723817122,6.621790228064544,90.39533513742558,96.7984450458085,-33.230318188030004,100512792.0,96927865.4,-1.0
2025-09-24,438.5449857360696,440.71899979513455,435.9556582982993,436.8839111328125,1106720,435.4649084472655,416.9338833618165,435.2439004625578,433.33135953025754,442.1253324164551,416.87859824760744,429.50196533203126,54.70917198397697,51.908327328891254,71.3393611204134,0.8408954776387532,-0.8285763927935108,1.669471870432264,19.728462657184913,6.489043890119596,76.29194887070908,88.89576133604487,-40.226369410684136,99406072.0,97123909.4,-1.0
2025-09-25,435.0518767897982,438.8381227697207,431.8763156453471,433.92822265625,2139186,435.22168334960924,416.73313171386735,434.98076490129625,433.38561981443866,442.52561377477105,417.3919033150727,429.95875854492186,50.534325137034664,51.908327328891254,71.3393611204134,0.7486700594581635,-0.5131271023431759,1.2617971618013395,19.71176485403719,6.522812692566311,54.569121851820334,73.75213528665165,-60.37730194274123,97266886.0,97303327.4,-1.0
2025-09-26,433.6350636461104,433.6350636461104,425.3053286921536,426.2335815429688,999840,434.75272399902326,416.48643356323254,433.2313282296308,432.73543451703233,441.43772105546657,419.47154713300995,430.45463409423826,41.628307448756814,51.908327328891254,71.3393611204134,0.054064300457127956,-0.3996888217831152,0.45375312224024317,18.489135510503655,6.672818497675605,30.84045338106141,53.90050803453027,-95.60688127279404,96267046.0,97525377.8,-1.0
2025-09-29,426.233580208226,437.9831501062532,426.1358646739312,437.2747497558594,1744730,434.54701782226545,416.38691207885756,434.04001253487655,433.14809953874385,441.4802204307971,421.18293264537465,431.33157653808587,54.12249939926841,48.07314089441531,71.3393611204134,0.3900183432886024,-0.2417473887687717,0.6317657320573741,17.99083132628445,7.042423278721776,31.625169625483608,39.011581619455114,-43.352624468000286,98011776.0,97756191.6,-1.0
2025-09-30,438.2274208217372,443.1128993147332,436.1022496047217,439.8640441894531,2154662,434.44227661132805,416.3229983520509,435.2048188657919,433.7586399615356,442.08461038087796,422.3470821240048,432.2158462524414,56.47533929877728,48.07314089441531,72.94487028376685,0.8553389488330367,-0.022330121248409995,0.8776690700814467,18.18672850984703,7.040153738099616,43.798381763856995,35.421334923467334,-31.09833636483871,100166438.0,98044653.1,-1.0
2025-10-01,439.8640514917434,444.5785502431888,437.5434491690455,441.6961059570313,2568920,434.3259613037108,416.29307586669927,436.5030762840398,434.4802277793079,443.2135326727782,422.849907268628,433.0317199707031,58.11224285096796,48.07314089441531,72.94487028376685,1.3563062998916848,0.253397162979609,1.1029091369120758,18.544526840496726,7.039792833531305,70.20428447633,48.542611955223535,-22.42778409723478,102735358.0,98396692.6,-1.0
2025-10-03,441.6961231026217,445.9464955907978,440.0350782141065,442.2579650878906,1783412,434.30863586425767,416.2577659606934,437.65405404481004,435.18729480736084,444.4794336973243,422.9104161561913,433.6949249267578,58.62615115469844,48.07314089441531,72.94487028376685,1.7781662771157016,0.5583509858068276,1.219815291308874,19.04288505013427,6.959194586614162,77.41876252438104,63.807142921522676,-19.768687636974015,104518770.0,98569110.9,-1.0
2025-10-06,439.6930890159867,445.2380954889166,438.96026720096006,443.1862182617188,2805796,434.28142822265613,416.24638351440444,438.76048688819185,435.91446966684794,445.72036326483016,423.12536427423237,434.42286376953126,59.50998404517862,53.78888490199572,72.94487028376685,2.162468036361588,0.8791743959177798,1.2832936404438082,19.281666565690532,6.910525565281475,82.2800127043376,76.6343532350162,-15.375567381052823,107324566.0,98980844.2,-1.0
2025-10-07,443.1861985442979,449.7571433384844,443.1617472966748,445.72662353515625,2372944,434.3532446289061,416.2569847106935,440.15371421758476,436.806483654876,447.26635523657393,423.32837132592607,435.29736328125,61.908245141470374,53.78888490199572,72.94487028376685,2.641569060018128,1.2316533287378495,1.4099157312802784,20.066758870802374,6.888016313604915,88.36089477124291,82.68655666665384,-16.483520187050694,109697510.0,99559714.0,1.0
2025-10-08,445.06709148629216,445.82433469030514,434.8808807381106,436.6640625,2543264,434.4211529541015,416.25505950927743,439.45578387406783,436.79353627715994,447.13841224683677,424.38943809496016,435.76392517089846,50.43226882321112,53.78888490199572,72.94487028376685,2.2638904169443776,1.438100746379155,0.8257896705652226,19.24144467091329,7.177690430647031,75.23497220461586,81.95862656006545,-53.54645873061663,107154246.0,100069727.6,1.0
2025-10-09,436.6640740427881,438.5694226361754,434.3678931226688,437.3480529785156,1386546,434.4641455078125,416.25992950439456,439.03423769495737,436.8439468863741,447.09434368794075,425.2909071665515,436.1926254272461,51.16801718517447,53.78888490199572,72.94487028376685,1.9967523681847297,1.54983107074027,0.44692129744445963,18.38965931474754,6.96510750799414,61.871830457142394,75.15589914433372,-50.74915927285117,108540792.0,100594450.4,1.0
2025-10-10,437.2503275931869,443.3083328861616,435.4426945768481,438.6182556152344,1631172,434.45193176269527,416.27922637939463,438.95104127901277,437.0052476799068,447.0214782533269,426.37506715682946,436.6982727050782,52.57580709705774,53.78888490199572,72.94487028376685,1.8660278694567864,1.6130704304835735,0.252957438973213,18.25285105552809,7.0294311366598095,46.9220356989146,61.342946120224276,-45.55444200915987,110171964.0,101297734.6,1.0
2025-10-13,435.8335453851346,440.7190241129967,434.8564496395622,438.3495788574219,1077734,434.4055200195312,416.2897065734864,438.8307487946946,437.1274596051354,446.6021011533818,427.8936782655635,437.24788970947264,52.23278786646066,52.378606905600485,72.94487028376685,1.720910211773628,1.6346383867415843,0.08627182503204356,18.017720994252485,6.946084232143717,50.24898291318109,53.01428302307936,-46.653242902666626,109094230.0,102042990.5,1.0
2025-10-14,439.2045224479455,442.6243574391976,437.2503310243729,440.670166015625,3153192,434.47391662597647,416.3459020996095,439.1986322388807,437.4495238242708,446.78969205667096,428.60013033102433,437.69491119384764,54.96571623768743,52.378606905600485,72.94487028376685,1.772720592741564,1.6622548279415805,0.11046576479998338,18.063597225294064,6.833794388049501,56.88932855625463,51.35344905611677,-37.1627932498784,112247422.0,102834594.5,1.0
2025-10-15,440.1327890585816,443.6014670164038,438.3984202610749,439.18011474609375,1149924,434.61168762207024,416.3916339111329,439.19492874032335,437.6068502717092,446.6707701019342,429.5202729888862,438.0955215454102,52.873880631843896,52.378606905600485,72.94487028376685,1.674246338748219,1.6646531301029082,0.009593208645310769,18.242493205374405,6.717312414283744,57.836243422588936,54.99151829734154,-43.25662019517157,111097498.0,103656405.6,1.0
2025-10-16,439.20452821255566,441.40299359292993,435.5404192452651,436.8350830078125,1531566,434.60045166015624,416.4374534606934,438.7229595938212,437.536689611355,446.5060549558065,430.11491367212324,438.3104843139649,49.670099176708135,52.378606905600485,72.94487028376685,1.390946356198242,1.609911775321975,-0.2189654191237329,17.816019203748066,6.656259695239535,53.62405314767619,56.11654170883992,-52.847040260919684,109565932.0,104335162.6,1.0
2025-10-17,436.8350817839148,438.5449992971929,431.92515192662574,432.609130859375,1122030,434.53449768066406,416.4177850341797,437.500193846932,437.08872972481134,446.6377338079485,429.79270137271567,438.2152175903321,44.443809174262896,52.378606905600485,72.94487028376685,0.8160234479865949,1.4511341098548989,-0.635110661868304,16.73271214940565,6.653658814905792,31.701880619301598,47.72072572985557,-72.5956148379141,108443902.0,104893188.3,1.0
2025-10-20,433.83049793766384,438.5694181243505,433.2686559734823,435.7113952636719,746990,434.5257037353516,416.44593231201173,437.14243413028,436.9635175010714,446.63902507994203,429.70835651185496,438.1736907958985,48.7102704176839,50.0456449105025,72.94487028376685,0.6037599430582645,1.2816592764955719,-0.6778993334373073,15.7311163673734,6.604132275625055,21.361117316677245,35.56235036121834,-78.76713122165259,109190892.0,105341226.9,1.0
2025-10-21,434.8075880501084,437.1037689170132,434.8075880501084,435.8335266113281,228400,434.5950769042969,416.4640826416016,436.8806526264896,436.8607910565493,446.2085663620422,429.5330138381533,437.87079010009774,48.87672166827644,50.0456449105025,72.94487028376685,0.44031884364756024,1.1133911899259696,-0.6730723462784094,14.801063141200594,6.296421460716467,16.603978801585,23.222325579187945,-78.08223100588067,109419292.0,105541669.2,1.0
2025-10-23,436.27322664202336,442.0869579390468,436.27322664202336,439.6686401367188,2899082,434.4680541992188,416.4870646667481,437.43825012853546,437.11605006383746,446.29894847089963,429.5549944001941,437.9269714355469,53.9324898427502,50.0456449105025,72.94487028376685,0.6131838037570105,1.0133497126921778,-0.40016590893516724,14.830449370622654,6.293350736930909,34.7144609385479,24.226519018936713,-56.57530316584006,112318374.0,106131948.3,1.0
2025-10-24,441.0121709770088,441.1587293752083,432.36486766008784,434.6366271972656,1135316,434.30487976074227,416.47030136108407,436.8779255422815,436.8906479850582,446.305015122954,429.3241993545851,437.81460723876955,47.32004832706311,50.0456449105025,72.94487028376685,0.34021732657856774,0.8787232354694559,-0.5385059088908881,14.05197156681924,6.471958663944448,32.06102647086517,27.793155403666024,-84.79432157623916,111183058.0,106720797.6,1.0
2025-10-27,433.4641035828415,440.0839213481135,432.6335662287691,438.5450134277344,1742184,434.12069763183604,416.5515507507325,437.2113431193721,437.0410448434833,446.3397332561626,429.75116029852495,438.0454467773438,52.220062739645655,50.841232946652006,72.94487028376685,0.43425767963486805,0.7898301243025383,-0.35557244466767024,13.329099320430357,6.541844125044445,38.442263322042656,35.07258357715191,-62.876487834632556,112925242.0,107503715.4,1.0
2025-10-28,438.5449934018882,449.75714280478405,437.5190250165562,439.6442260742188,5037718,434.2418579101564,416.63697006225595,437.69791971034147,437.277697682641,444.88586869844755,432.54608930936513,438.71597900390634,53.5292465574086,50.841232946652006,72.94487028376685,0.5906736923798803,0.7499988379180068,-0.1593251455381265,14.163319524195709,6.948720815271831,49.114387888028176,39.872559226978666,-56.71221345762436,117962960.0,108588511.1,1.0
2025-10-29,439.20452338511217,447.9495419516975,439.20452338511217,443.9678649902344,3299394,434.4470477294923,416.76208847045905,438.9519087663201,437.885894710604,445.60544151285495,432.49582801839523,439.0506347656251,58.36202651789006,50.841232946652006,72.94487028376685,1.0513961948977908,0.8102783093139636,0.24111788558382719,14.93795257054925,7.077027797508508,76.95801410418376,54.83822177141819,-32.46568402881324,121262354.0,109751040.0,1.0
2025-10-30,444.9938001495341,444.9938001495341,438.2762671681888,440.0594787597656,1512770,434.55061950683603,416.92986297607433,439.17342276500926,438.0834932605278,445.62089919345664,432.49991379482475,439.0604064941407,52.99666949053327,50.841232946652006,72.94487028376685,1.0885992973471161,0.8659425069205942,0.22265679042652198,15.444432449391767,7.051349596353994,82.59955060485919,69.55731753235705,-54.38351842640694,119749584.0,110730197.3,1.0
2025-10-31,438.3007385421975,440.18163593590594,434.9541677030256,437.1037902832031,2559480,434.5545281982422,417.0915377807618,438.7594962686481,437.9944293534983,445.3239818543809,432.3375995665175,438.8307907104492,49.30514012456402,50.841232946652006,72.43266791914174,0.8695599202543463,0.8666659895873446,0.0028939306670016096,15.18140067850041,6.921072356105878,65.45955308161538,75.00570593021945,-70.95872024631592,117190104.0,111452934.6,1.0
2025-11-03,437.1037795240252,450.9296781001035,437.1037795240252,449.4151916503906,5933338,434.75532165527346,417.38841873168957,440.8906353449966,439.03268047139755,447.1091783075189,431.2681257696294,439.18865203857416,61.37410070359548,51.846236474224895,72.43266791914174,1.6701444498831393,1.0273616816465037,0.6427827682366356,16.365896389844295,7.414274228961052,65.45955308161538,71.17288558936332,-7.9690829220801955,123123442.0,112383168.2,1.0
2025-11-04,451.906781688429,451.906781688429,440.7190234900015,442.4778137207031,3938402,434.85400878906256,417.6109555053712,441.20807102013794,439.3458744031526,447.00452007060323,431.3019435524436,439.1532318115234,53.62664476638625,51.846236474224895,72.43266791914174,1.724940990672792,1.1668775434517613,0.5580634472210306,17.571606210732973,7.683808798208656,63.0556382588035,64.65824814067808,-47.18818274648565,119185040.0,112976191.9,1.0
2025-11-06,440.7190068484507,442.94192343742486,435.9068224174554,437.7877197265625,2407054,434.9224053955079,417.7843672180177,440.5240007614229,439.20422397800803,445.9864397041606,431.5261335380268,438.7562866210937,49.11286735224645,51.846236474224895,72.43266791914174,1.3740767539733838,1.2083173855560858,0.165759368417298,17.70838930125505,7.637472528334429,60.60573980884656,63.040310383088475,-70.66021205565728,116777986.0,113330215.7,1.0
2025-11-07,444.57855197653777,457.7449227487927,437.29917694530815,451.4915161132813,15399360,435.21651123046877,418.0062882995606,442.7175038317946,440.3212505357601,448.6181716261821,430.37714697733355,439.49765930175784,59.768316362829225,51.846236474224895,72.43266791914174,2.1767044654260985,1.4019948015300883,0.7747096638960103,19.301263711814688,8.552349190845153,57.44417908796519,60.36851905187174,-24.219450585295977,132177346.0,114581370.7,1.0
2025-11-10,452.8350163386982,455.2777556008153,438.7159714762238,439.5465087890625,6409592,435.32741149902347,418.14305068969736,442.0833048232482,440.2508194678785,448.67182889020756,430.54333529436275,439.60758209228516,49.95014260162479,57.325408715364134,72.43266791914174,1.8278600144564052,1.4871678441153517,0.3406921703410535,20.780361378762926,9.12445168611275,45.60252819952833,54.55081569878002,-71.70360306991304,125767754.0,115442718.8,1.0
2025-11-11,441.6472807637595,442.0625345317295,437.2747713013283,439.9862060546875,4064832,435.63128845214845,418.27212738037116,441.6638850695361,440.22676370304293,448.7294317894612,430.6225274390545,439.67597961425787,50.27395660372932,57.325408715364134,72.43266791914174,1.5687940867157408,1.5034930926354297,0.06530099408031109,21.874039493277046,8.814688224990496,43.4158828083888,48.8208633652941,-69.97115109497355,129832586.0,116425749.9,1.0
2025-11-12,441.2320009662657,444.48082626517527,438.7892617256145,439.766357421875,4987378,436.10029418945317,418.45181594848646,441.2843795400039,440.1849085865731,448.77871754984835,430.7149195351127,439.7468185424805,50.0994225452073,57.325408715364134,72.43266791914174,1.3304064280425223,1.4688757597168483,-0.13846933167432596,23.10925896681684,8.591607961745515,19.836216500177883,36.28487583603167,-70.8373770824433,124845208.0,117213298.8,1.0
2025-11-13,439.9373431700317,443.8213045787276,433.9037890917506,441.0854187011719,6734498,436.5272845458985,418.65979690551774,441.2445873722375,440.2667731424457,448.8103201256626,430.7248422278531,439.76758117675786,51.194221199966876,57.325408715364134,72.43266791914174,1.233698405173584,1.4218402888081956,-0.1881418836346116,23.314194666538015,8.686315642119196,22.78691609203715,28.679671800201277,-65.64014139998842,131579706.0,118179913.0,1.0
2025-11-14,439.6930618574808,444.9449512074451,438.5205350984231,444.3098449707031,1660810,436.9699084472657,418.8629261779787,441.85763889193066,440.6343251268327,449.285012206414,430.7631231695627,440.02406768798835,53.859154793911564,57.325408715364134,72.43266791914174,1.4010899596956392,1.4176902229856845,-0.01660026329004527,23.62575532891639,8.524751389755108,28.6840862482033,23.769072946806112,-53.5019992543077,133240516.0,119287063.9,1.0
2025-11-17,444.3098463301258,447.8273967994669,443.699161520122,447.1922607421875,1853980,437.4061810302735,419.1190399169924,442.92456326198203,441.230501091865,450.2017620899708,430.8820910594433,440.5419265747071,56.16346135843207,54.02120346721397,72.43266791914174,1.7462066527336333,1.4833935089352743,0.26281314379835896,24.222875647763725,8.210714524725807,41.259692805436316,30.91023171522559,-44.26241704109649,135094496.0,120563492.1,1.0
2025-11-18,447.1922698587114,449.7571461130156,442.9174761015379,447.26556396484375,2577406,437.77161499023447,419.40493164062514,443.7927634025544,441.7791431712267,450.61928230006816,431.93021415989284,441.2747482299805,56.22333676741984,54.02120346721397,72.43266791914174,2.0025449838130953,1.5872238039108386,0.4153211799022567,24.977452819782386,8.112782773779516,51.40143823281275,40.448405762150784,-43.95495170110584,137671902.0,122024892.1,1.0
2025-11-19,447.2655597749569,449.95257296858034,444.8228205080265,446.5571594238281,1847726,438.1302093505859,419.66413772583024,444.3456426068092,442.2135082850995,451.06044601022626,432.5736268657503,441.8170364379883,55.43530874630854,54.02120346721397,72.43266791914174,2.1240479295770456,1.6945886290440801,0.42945930053296544,25.69896305570381,7.899709179977683,55.68636321339138,49.449164750546814,-46.92630596305546,135824176.0,123356556.3,1.0
2025-11-20,447.02129299113057,449.4396108677525,442.6487836697388,443.7480163574219,2602280,438.44043701171876,419.8862753295901,444.22611735693175,442.353009018947,451.0461578838117,433.37936396677435,442.212760925293,52.304603622987514,54.02120346721397,72.43266791914174,1.970945686008406,1.7498600404369455,0.2210856455714605,25.878286407596047,7.820503324123113,45.19569008976692,50.76116384532368,-58.70906389233913,133221896.0,124546686.5,1.0
2025-11-21,444.0900045329965,444.5785523927688,439.3266629002168,440.8656005859375,3307168,438.7110925292969,420.1019563293459,443.55401400273297,442.21779007049156,451.0494677354904,433.4957501600174,442.2726089477539,49.23223916206036,54.02120346721397,72.43266791914174,1.5985965654188021,1.719607345433317,-0.12101078001451482,25.337611095112656,7.6370309075823215,26.189723873515415,42.35725905889124,-70.79915915772503,129914728.0,125426504.2,1.0
2025-11-24,440.86559436567865,441.7449745371424,433.9282088910743,437.2747497558594,2273820,438.88110656738286,420.2501417541506,442.2981611533583,441.7684227691613,450.7677218772939,434.0413082740733,442.4045150756836,45.63586762816957,52.459505037808086,72.43266791914174,1.0022027828945284,1.5761264329255593,-0.573923650031031,23.829498829852536,7.6498691031884505,9.00156339816249,26.795659120481606,-85.86073668894898,127640908.0,126249396.7,1.0
2025-11-25,435.8335488572929,440.0839213481135,435.5404320587243,438.5450134277344,2219090,439.08190063476565,420.3980488586428,441.54753160823356,441.4753855563043,450.767721877294,434.04130827407334,442.40451507568366,47.10779978456196,52.459505037808086,72.43266791914174,0.6248531575006382,1.3858717778405751,-0.761018620339937,22.429108869253852,7.427984830774218,3.7962790605465417,12.995855444074815,-80.5327028372542,129859998.0,127096134.5,1.0
2025-11-26,438.2030082328244,440.6213260993608,436.5663550134981,437.1526184082031,1695090,439.2778082275391,420.58250839233426,440.6685489682275,441.08240672465865,450.8869471434032,433.67292224136247,442.2799346923828,45.648791092508176,52.459505037808086,72.43266791914174,0.21101378382485336,1.150900179037431,-0.9398863952125776,21.221501189540025,7.187055277566252,3.502237176796797,5.433359878501943,-86.3730082504155,128164908.0,127606231.9,1.0
2025-11-27,437.7388876353791,440.670174829366,435.4182852734728,439.8152160644531,3376454,439.43951782226566,420.7697943115237,440.49788238747266,440.96720757373083,450.7081718167491,433.4364326754385,442.0723022460938,48.90753112113699,52.459505037808086,72.43266791914174,0.09677689345124918,0.9400755219201946,-0.8432986284689454,19.87215106917084,7.048829154589603,13.802663872850735,7.033726703398024,-72.34286406224363,131541362.0,128120182.3,1.0
2025-11-28,439.693063009475,441.13428512416937,436.395365036904,436.9816284179688,2072780,439.55579223632816,420.9232643127444,439.7946315935719,440.60488219593424,450.8111802865372,433.0256391714706,441.9184097290039,45.76289915163789,52.459505037808086,72.43266791914174,-0.21986899409318994,0.7080866187175178,-0.9279556128107077,18.709861494611516,6.883835649780727,10.730851467483806,9.345250839043779,-80.82197785302712,129468582.0,128606132.2,1.0
2025-12-01,438.20301275653566,439.6197836715541,429.9954146017204,430.9480590820313,2131396,439.5240368652344,421.07995574951195,438.02531709126384,439.72698918557944,451.567476196156,431.6537701417345,441.61062316894527,39.882594475193166,50.68024882705188,72.40843491321297,-0.9467581237359468,0.37711767022682485,-1.3238757939627717,18.3135738640464,7.079588036927367,10.700369690920647,11.744628343751728,-95.22655248408107,127337186.0,129113486.3,1.0
2025-12-02,432.36484431719833,435.5892481778889,430.89920077714,431.8274536132813,2444032,439.4702966308593,421.27166107177754,436.78574439566734,439.00884958809775,450.8904174544243,430.57205507975516,440.73123626708974,41.0711202918512,50.68024882705188,72.40843491321297,-1.435317757017458,0.014630584777968303,-1.4499483417954262,17.945592492807364,6.9089065629146225,2.8244061259437263,8.085209094782726,-90.82014093447745,129781218.0,129446375.1,1.0
2025-12-03,432.389267280565,434.1236061787378,423.22899512268657,424.0839538574219,3488504,439.2211370849609,421.4420062255861,434.24538628801827,437.652040885309,452.35542285661217,427.26766369123953,439.81154327392585,34.586893973342605,50.68024882705188,72.40843491321297,-2.4194505812009766,-0.4721856484178207,-1.947264932783156,18.742703146277158,7.1935997409958095,2.424463131077018,5.3164129826471305,-96.80073252292199,126292714.0,129801758.8,-1.0
2025-12-04,425.9160169392415,428.72516712471065,424.3038149704303,428.2854919433594,1222074,438.9490161132812,421.6552972412111,433.0534074190865,436.80053643604083,452.88281790163154,425.79004586789966,439.3364318847656,40.111726380002,50.68024882705188,72.40843491321297,-2.827757298920062,-0.943299978518269,-1.8844573204017931,19.482877324499114,7.011286421445307,10.936078555789624,5.3949826042701226,-81.07851856576995,127514788.0,130338598.9,-1.0
2025-12-05,427.4793751134016,428.4076279696572,423.0824443979495,424.98779296875,2165570,438.67787170410145,421.8940470886232,431.4402845290192,435.7266506662871,451.7353062450848,424.2871852099933,438.01124572753906,37.438934143116995,50.68024882705188,72.40843491321297,-3.3784948757466964,-1.4303389579639545,-1.9481559177827419,20.33624886241867,6.8908505036069085,12.905498770692674,8.755346819186439,-92.90904557530448,125349218.0,129997192.5,-1.0
2025-12-08,425.5251985057187,427.01526355858095,417.0000321356565,418.9542236328125,2619446,438.3192779541015,422.0968434143068,428.9430723497779,434.20188457233485,453.10139817972026,420.86186475973284,436.98163146972655,33.093930192764404,45.543297676751116,72.40843491321297,-4.252793438511901,-1.9948298540735439,-2.2579635844383574,21.861242180820117,7.114020569272447,12.905498770692674,12.24902536572499,-94.06967885400964,122729772.0,129845293.4,-1.0
2025-12-09,418.1969774855104,421.44583275439567,412.04128623968063,420.61529541015625,1838812,438.0530194091796,422.36990203857437,427.27751696185356,432.9667401030458,453.63090319190235,418.3952686830977,436.0130859375,35.319488218308386,45.543297676751116,72.40843491321297,-4.756813157146496,-2.5472265146881345,-2.2095866424583614,23.76079658595953,7.27762956537549,8.255552630380116,11.35551672392182,-77.07381478784264,124568584.0,129582093.3,-1.0
2025-12-10,419.17405717046006,423.4976937348154,418.8320677102152,419.63818359375,958474,437.92111145019527,422.6234898376466,425.7496502882329,431.7550531476553,453.96998677123145,416.0433677209561,435.0066772460938,34.59058172731471,45.543297676751116,72.40843491321297,-5.175437945908072,-3.072868800932122,-2.1025691449759503,25.00315170943697,7.0910578838915415,6.952971141361989,9.371340847478258,-76.65170356253692,123610110.0,129520338.4,-1.0
2025-12-11,418.6855040735377,422.1053389959587,416.9755866123272,419.3450317382813,1981114,437.56251708984377,422.89055847167987,424.4687265782426,430.62686938316676,453.8819253820867,413.9573904138117,433.9196578979492,34.36146219333389,45.543297676751116,72.40843491321297,-5.467826313654314,-3.551860303476561,-1.915966010177753,26.348983716594493,6.950964633872964,9.624789336156775,8.277771035966293,-75.41131786241915,121628996.0,129022802.9,-1.0
2025-12-12,422.5938927345791,425.0366319989408,420.7618382863078,423.8641052246094,1027366,437.24251831054687,423.1680482482912,424.34780230751596,430.01207264147973,452.71280520996316,413.08193661132583,432.8973709106445,40.864198976114224,45.543297676751116,72.40843491321297,-5.274098217524397,-3.8963078862861282,-1.3777903312382689,26.85737842486632,6.861010035786285,22.14199293581206,12.906584471110275,-59.36197903877067,122656362.0,128493595.2,-1.0
2025-12-15,422.1053662358568,423.155756100109,417.9527092763605,418.6366882324219,1520026,436.7813299560547,423.38926620483414,423.2055794924972,428.9779467861108,451.06199941982453,411.87718515048783,431.4695922851562,36.37505659735925,45.08225138320028,72.40843491321297,-5.479215187539921,-4.212889346536887,-1.2663258410030345,27.658803714684726,6.7931804581050415,25.96694504583429,19.24457577260104,-77.3299341916324,121136336.0,127795687.2,-1.0
2025-12-16,420.15115504658246,420.15115504658246,415.4122348922218,417.4641418457031,2528974,436.28545349121094,423.5940141296388,422.05729196313837,427.9312372460737,449.0394276516634,410.9196147067349,429.97952117919914,35.43473344238128,45.08225138320028,72.40843491321297,-5.671014631506296,-4.504514403530769,-1.1665002279755265,28.682639011714024,6.646447579266156,28.229282919644625,25.446073633763653,-81.36027286993178,118607362.0,126842460.2,-1.0
2025-12-17,419.6626109055889,419.6870323348213,411.8946880195957,412.6030883789063,1411092,435.6737908935547,423.7877159118654,420.166451246292,426.5377691672403,447.1724086855379,409.3912265683683,428.2818176269531,31.768234370120965,45.08225138320028,72.40843491321297,-6.144434248700179,-4.832498372564651,-1.3119358761355278,29.990318942810447,6.728297346120401,11.850410035589292,22.015546000356064,-97.57725677006754,117196270.0,125911064.9,-1.0
2025-12-18,413.311504442371,415.2168530924161,408.32831012721897,413.9954833984375,8408104,435.03916809082034,424.033822784424,418.9322576767212,425.39756137007635,445.2372408850336,408.35114107297414,426.7941909790039,33.87871062265813,45.08225138320028,72.40843491321297,-6.334250764901469,-5.132848851032016,-1.2014019138694536,31.53015820547644,6.7397434617687395,12.496240459383227,17.525311138205716,-81.88908149950487,125604374.0,125530188.8,-1.0
2025-12-19,413.99545915609775,416.85345214521385,413.2626373826225,416.2427673339844,1487870,434.63074218750006,424.328412628174,418.39435960817383,424.56530736679525,443.3258590957135,407.800239537099,425.56304931640625,37.25214977334366,45.08225138320028,72.40843491321297,-6.231511701369925,-5.352581421099598,-0.8789302802703274,32.5187856082235,6.5148199832560705,27.211597632731827,17.186082709234782,-70.96777377192673,127092244.0,125389064.6,-1.0
2025-12-22,416.24278715854734,419.906896200436,414.728300682005,418.85650634765625,962110,434.26091125488284,424.63751754760756,418.4867889560703,424.04632545596445,441.7459065696382,407.53836772235394,424.64213714599606,41.021073813786664,41.978298311949324,72.40843491321297,-5.871500357610785,-5.456365208401835,-0.41513514920894945,32.65077951234769,6.419375378625708,60.54493096606515,33.41758968606007,-59.185596476930634,128054354.0,125409736.9,-1.0
2025-12-23,418.8809348026629,419.8580304939977,417.21986019995614,417.9038391113281,2287094,433.84662292480476,424.9691007995607,418.3701989871219,423.487917606452,439.63881379744953,407.58134306290196,423.61007843017575,40.07621073810346,41.978298311949324,72.40843491321297,-5.598524749784531,-5.484797116678375,-0.11372763310615586,32.773345280463005,6.149289301155413,82.91231279865255,56.88961379914984,-53.05389950379751,125767260.0,125205100.0,-1.0
2025-12-24,417.9038422818734,419.17405476280777,415.9984937418774,417.1710205078125,988108,433.4230517578126,425.28737701416037,418.13036329126004,422.9136542338484,437.5386807900555,407.6833162802571,422.6109985351563,39.32583336937628,41.978298311949324,72.40843491321297,-5.379312583821786,-5.463700210107057,0.08438762628527119,33.046199506778954,5.936880138282198,90.48903299299852,77.98209225257207,-55.961101617186415,124779152.0,125035812.2,-1.0
2025-12-26,415.3145345154493,415.9496706046227,412.7252367547274,415.1435546875,1407316,432.9125195312501,425.52656768798846,417.5330015705081,422.2072815478167,434.2558972026486,408.4989337299686,421.3774154663086,37.24787738694866,41.978298311949324,72.40843491321297,-5.307997617991873,-5.432559691684021,0.12456207369214756,33.70346705777812,5.830373253625262,76.89610133200064,83.43248237455057,-63.529397205843495,123371836.0,124627335.9,-1.0
2025-12-29,413.3603284679293,417.4641423801457,410.5023354416822,411.47943115234375,1280810,432.3585058593751,425.73538391113294,416.3222874868752,421.2320224209555,431.432499679294,408.7721115267608,420.1023056030274,33.77452455437889,41.53412769318368,72.40843491321297,-5.483928822861344,-5.442833517919486,-0.04109530494185787,34.56636398788736,5.911189945399421,54.19429099550417,73.85980844016777,-81.14040985493622,122091026.0,124258458.1,-1.0
2025-12-30,410.96645724713534,415.43665218199305,409.69621494640086,414.8992614746094,2164614,431.91978942871106,425.9700985717775,416.0376822844221,420.65631688037854,429.6244533302797,408.9752781150328,419.29986572265625,39.44974199827242,41.53412769318368,72.40843491321297,-5.286464768799306,-5.411559768095451,0.1250949992961452,35.45806437156461,5.898993323270334,54.64067155306361,61.91035462685614,-60.6725834117938,124255640.0,124104380.8,-1.0
2025-12-31,413.58018390387423,419.8824632098391,413.3114885452529,417.6595764160156,899758,431.62079833984393,426.2453744506838,416.36206111074085,420.3838859290728,427.0773725216117,410.1055712039742,418.59147186279296,43.64742778013512,41.53412769318368,68.50457131902643,-4.851315787882982,-5.299510972052957,0.4481951841699754,35.00663676728696,5.94699199050718,68.2336032140615,59.02285525420975,-44.151983900971736,125155398.0,123873089.8,-1.0
2026-01-01,417.70841720478586,419.8335884526004,416.0229211365564,416.6336059570313,481890,431.23924255371105,426.51021682739275,416.41637007999896,420.0429513861599,426.33573913984435,410.1021697957025,418.2189544677734,42.46893691238438,41.53412769318368,68.50457131902643,-4.536945246424409,-5.146997826927248,0.6100525805028392,34.58745399188629,5.794397370902665,91.03240387443786,71.30222621385431,-50.29245968819447,124673508.0,123792129.5,-1.0
2026-01-02,416.82903307528295,421.1282482069482,415.85193737178656,420.56640625,1155554,430.9339001464846,426.81822814941427,417.2463773139992,420.09053819196356,424.54726712410206,411.1187332421089,417.83300018310547,48.23829936529901,41.53412769318368,68.50457131902643,-3.925212801723717,-4.902640821886543,0.9774280201628258,33.8337340116221,5.757391189778304,96.69312321391206,85.3197101008038,-17.46322228955185,125829062.0,123707843.2,-1.0
2026-01-05,419.41834299362654,421.9099251829822,412.1878405399832,413.4092102050781,4168662,430.40871154785174,427.1009403991701,416.478943892215,419.48314473861035,423.3379104950245,411.17023159481937,417.25407104492194,40.314821196739,44.64588415412583,68.50457131902643,-3.972147889354062,-4.716542235380047,0.7443943460259845,33.717081175667836,6.040583579294068,80.65700319681886,89.4608434283896,-62.58986831096258,121660400.0,123523402.3,-1.0
2026-01-06,414.2885829539982,419.4671783134853,414.2885829539982,415.29010009765625,1938260,430.02178100585957,427.3804003906252,416.2411751333033,419.10195886215996,423.1598127446991,410.98191699162913,417.0708648681641,42.96613902805051,44.64588415412583,68.50457131902643,-3.8136112527407704,-4.535956038852191,0.722344786111421,33.60876068513888,6.041825331373576,73.29369270922365,83.54793970665152,-48.74107429894271,123598660.0,123566846.7,-1.0
2026-01-07,415.29010041454967,417.4397229155591,413.0916350552153,416.2183532714844,1762844,429.5752478027345,427.6645016479494,416.2366107609395,418.8398128993713,422.7144592296036,410.98757629285745,416.85101776123054,44.28161099629557,44.64588415412583,68.50457131902643,-3.571892993633014,-4.3431434298083555,0.7712504361753414,33.697672077630386,5.920844083442878,64.1750764403546,72.70859078213236,-41.90644402841218,125361504.0,123606492.7,-1.0
2026-01-08,415.3145220930327,415.9007854862594,407.9863042241854,409.3053894042969,1721098,428.9684710693361,427.8384605407717,414.850366489611,417.9730471270918,422.93795961484807,409.7307964886677,416.3343780517579,37.36899044702653,44.64588415412583,68.50457131902643,-3.893268763012202,-4.253168496449125,0.35989973343692316,34.4891751754821,6.085930152289742,55.16169852125165,64.21015589027662,-90.52627772606745,123640406.0,123608007.5,-1.0
2026-01-09,409.4030951671347,411.552717618123,403.7847949351275,405.0061645507813,2235198,428.189237060547,427.98429351806664,412.8815261018451,416.7942396201544,423.7753350263413,407.45953435842443,415.61743469238286,33.831825637443124,44.64588415412583,68.50457131902643,-4.443649268498461,-4.2912646508589924,-0.15238461763946898,35.69337395160675,6.206072475911583,32.630609004731475,50.6557946554459,-93.26145744084576,121405208.0,123596818.1,-1.0
2026-01-12,405.00617396919824,408.8168412949362,402.0993082526244,406.5206604003906,1713932,427.51846069335954,428.1091314697268,411.60935296155424,415.86027787290317,422.90434219934696,406.5961827029969,414.7502624511719,36.12551170010308,38.34021705825007,68.50457131902643,-4.7034047048108505,-4.373692661649364,-0.3297120431614866,36.9814302035709,6.242605373511599,13.833996080801805,33.87543453559498,-77.68190580177765,123119140.0,123619957.0,-1.0
2026-01-13,407.0091980740065,409.8427994321928,403.4428047663167,406.34967041015625,1309450,426.9033782958986,428.21093536376975,410.55741645127466,414.9956771944716,422.88673022252794,405.3850928975894,414.1359115600587,35.973890644160214,38.34021705825007,68.50457131902643,-4.866956972312948,-4.4723455237820815,-0.39461144853086694,37.83655750245495,6.253847465823347,10.618837702706708,19.027814262746663,-78.54502879706584,121809690.0,123653624.7,-1.0
2026-01-14,405.49473988001023,406.8870894087863,402.807726543456,403.8825378417969,1129766,425.99272521972676,428.3272836303713,409.2224407293791,413.9853917987739,423.17465531931066,403.73900740041597,413.4568313598633,33.77146196604866,38.34021705825007,68.50457131902643,-5.136440612164449,-4.605164541458556,-0.5312760707058937,38.70454174295597,6.098527137216703,10.486781159576696,11.646538314361734,-90.99861657291515,120679924.0,123757252.8,-1.0
2026-01-15,403.8825378417969,403.8825378417969,403.8825378417969,403.8825378417969,0,425.2208197021486,428.4497793579104,408.1544601518627,413.06695052995775,423.6406195328297,402.400988133186,413.02080383300785,33.77146196604866,38.34021705825007,68.50457131902643,-5.289039582279827,-4.74193954962281,-0.547100032657017,39.51052710913548,5.662918055986938,5.068677019042095,8.724765293775166,-90.99861657291515,120679924.0,123931435.5,-1.0
2026-01-16,403.882533140507,405.8855674951841,400.07186568947,400.8046875,1420378,424.48115905761733,428.5224116516116,406.68450562149013,411.9521993454161,424.2846241199716,400.4379039562003,412.36126403808595,31.023390156352008,38.34021705825007,68.50457131902643,-5.593849747587285,-4.912321589215705,-0.68152815837158,40.700698030193955,5.673688323824594,0.0,5.1851527262062636,-96.6442906213909,119259546.0,123614194.1,-1.0
2026-01-19,399.632143318009,401.6840502620894,394.1115585488508,395.60162353515625,2034722,423.36336120605483,428.5732475280765,404.4679292042234,410.4657833626652,425.24479893900354,397.4136147572856,411.32920684814457,27.020545971225943,36.82771918044552,68.50457131902643,-6.183972788854646,-5.166651829143493,-1.017320959711153,42.345529283010286,5.809317137354166,0.0,1.6895590063473649,-94.63973906842449,117224824.0,123120823.1,-1.0
2026-01-20,395.60161897793137,401.0489393976246,393.2810167054458,395.3085021972656,1948960,422.47860107421894,428.62659561157255,402.6360438028319,409.0878487112653,425.3146761452513,394.9889371359987,410.151806640625,26.810671279660458,36.82771918044552,68.50457131902643,-6.599230175333389,-5.453167498381473,-1.1460626769519164,43.93820678914317,5.949217534127357,0.0,0.0,-92.91804822593672,115275864.0,122481898.6,-1.0
2026-01-21,395.21078946725527,397.5802346137926,392.084071297871,395.50390625,2266090,421.58895507812514,428.6490985107424,401.2096162922656,407.85294485115026,425.0677172978725,392.9959026972447,409.0318099975586,27.216525020772295,36.82771918044552,68.50457131902643,-6.833781591583374,-5.729290317021853,-1.1044912745615214,45.51224178370386,5.916856518541231,0.631355835699259,0.21045194523308633,-88.53399146491441,117541954.0,122070633.3,-1.0
2026-01-22,396.06574290271294,402.6855602219883,395.33292113706784,400.2672424316406,4041946,420.7989727783205,428.68493133544945,401.02114152014065,407.1633355402857,424.1981172611266,392.17512492637337,408.18662109375,36.46550282344738,36.82771918044552,68.50457131902643,-6.5596878594366785,-5.895369825504819,-0.6643180339318597,45.22531565488161,6.019412416139747,19.052100417617744,6.5611520844390006,-72.56349754380511,121583900.0,121910870.7,-1.0
2026-01-23,401.5619313541841,404.175650554964,390.8871424066586,392.0352478027344,1554458,419.81796936035175,428.7354135131838,399.2239627766594,405.78805483687194,424.22065347349525,389.84175802552824,407.03120574951174,29.49079578842892,36.82771918044552,68.50457131902643,-6.926871112517176,-6.10167008290729,-0.825201029609886,45.466656414364294,6.538633539865867,24.16559088090129,14.61634904473943,-95.98284130986156,120029442.0,121743751.0,-1.0
2026-01-27,393.2321853925584,395.7237675571468,389.69021339899126,394.6489562988281,1921988,418.82475158691426,428.859113006592,398.30896148109315,404.77540951523156,424.0952026788681,388.2841613348038,406.18968200683594,33.819057063366785,33.82806051133598,68.50457131902643,-6.92711063461536,-6.266758193248905,-0.660352441366455,45.81569091781412,6.502556441172272,36.905745865220545,26.707812387913194,-82.13034036916493,121951430.0,121736771.2,-1.0
2026-01-28,395.1863782670941,403.0519869331392,395.0886627307853,401.6596374511719,1267534,417.91409912109395,428.97543640136735,398.9790966751089,404.49215750940795,423.0523395931746,388.00306201815346,405.52770080566404,43.786739272209196,33.82806051133598,68.50457131902643,-6.289100246503949,-6.2712266038999145,-0.01787364260403468,44.171652105147935,6.638304597825043,51.81833461663539,37.629890454252404,-54.33360243977735,123218964.0,121684937.4,-1.0
2026-01-29,401.6107781473502,404.0535175434396,398.8016278418473,401.0978088378906,1061708,416.9907440185549,429.1301747131349,399.4028391076653,404.1835803574518,421.3540792640323,388.04514558948335,404.6996124267578,43.22488536670884,33.82806051133598,68.50457131902643,-5.762382136689723,-6.169457710457877,0.40707557376815373,42.41467197280362,6.53927496237985,78.93495007708131,55.88634351964575,-47.8211858780722,122157256.0,121535030.3,-1.0
2026-01-30,399.0947569485385,407.8886183885922,397.2871239110308,402.8077087402344,1439724,416.115755004883,429.28538665771504,400.0838130341791,404.0585011195229,419.6968305479956,388.3198045838405,404.00831756591805,45.516275832751155,33.82806051133598,68.50457131902643,-5.147640809022278,-5.965094330170757,0.8174535211484795,39.94853188555778,6.829433499178533,98.89677259039613,76.55001909470428,-34.90912124314003,123596980.0,121481203.9,-1.0
2026-02-02,390.8382820645138,394.2581170325783,385.1955603309263,391.888671875,2130904,415.0785681152346,429.35406066894546,398.4447848023433,402.9521530063844,417.08910383263265,388.0597578617035,402.57443084716806,35.627816764483,40.26465511834367,65.57789009395468,-5.478377572218562,-5.867750978580318,0.38937340636175577,39.297748527563066,7.599627421330643,81.2755670666675,86.36909657804831,-72.84437613245788,121466076.0,121263054.6,-1.0
2026-02-03,402.0748760421318,411.8458329325846,401.70846515873984,409.5496520996094,4413136,414.4522491455081,429.47885559082044,400.6657582617965,403.551925651223,416.3831534758604,388.37975240792895,402.3814529418947,53.30011009896129,40.26465511834367,65.57789009395468,-4.2662170403127675,-5.547444190926808,1.2812271506140407,36.91149574146528,8.482308395348783,82.37879447627137,87.51704471111167,-8.615975030710688,125879212.0,121473995.2,-1.0
2026-02-04,410.3801957611511,411.0397234340437,405.8855495581434,408.0840148925781,1236242,413.86843444824245,429.5829425048829,402.14940958795285,403.96393376407343,414.95430348839784,389.0879938748835,402.0211486816407,52.02369415257253,40.26465511834367,65.57789009395468,-3.3848176880664482,-5.114918890354736,1.7301012022882878,34.69568958294591,8.244584501102464,80.77259970169737,81.47565374821207,-14.11549553820468,124642970.0,121526210.7,-1.0
2026-02-05,408.1817282801336,411.3572893020616,406.20311545326655,410.258056640625,1344790,413.3026953125003,429.66342575073253,403.77113899848734,404.53612675285086,413.5020232689856,389.94424443120994,401.7231338500978,53.79141179502888,40.26465511834367,65.57789009395468,-2.4822613873105297,-4.588387389745895,2.1061260024353654,32.677439429291844,8.023840883080506,98.393805225426,87.1817331344649,-5.957823830517917,125987760.0,121557523.5,-1.0
2026-02-06,414.0198778734692,443.3571700490867,414.0198778734692,440.5968627929688,31639860,413.3715802001956,429.88620086669937,411.1362837573837,407.8143754837707,424.1317096002478,382.4437054388149,403.28770751953135,70.25965775541286,40.26465511834367,65.57789009395468,0.673347161187337,-3.536040479559249,4.209387640746586,33.396766069289356,9.81493177775059,98.393805225426,92.52007005084977,-4.745926513199638,157627620.0,123256884.2,1.0
2026-02-09,440.64574539530577,443.60145396516526,431.9984423664068,437.4701843261719,4648224,413.32467956543,430.0951506042482,416.40306387114134,410.5103581058071,430.77100581380756,379.05081120279414,404.91090850830085,67.58632573095825,56.316816015511186,65.57789009395468,2.8885949250671956,-2.25111339863396,5.139708323701155,34.07771756157192,9.942651764965442,97.94906453038782,98.24555832707992,-10.497689971820046,152979396.0,124835593.6,1.0
2026-02-10,439.2045158896406,441.0609917505943,434.1724790127996,435.63812255859375,2215602,413.29780944824245,430.30832000732437,420.25007560863185,412.79470032878766,435.65919506586357,377.0743681665585,406.36678161621103,66.001639918263,56.316816015511186,65.57789009395468,4.445122064310851,-0.9118663060449981,5.356988370355849,34.71002966154859,9.72449897731039,94.65158316953955,96.99815097511777,-13.634465481242486,150763794.0,126217826.3,1.0
2026-02-11,430.4106748767425,433.3175406764624,422.6183303610552,427.6259460449219,4060706,413.23136718750027,430.53904586792004,421.7252496958899,414.14299539389077,438.2271565226829,376.6340342732158,407.43059539794933,59.438015611751034,56.316816015511186,65.57789009395468,4.974818738532974,0.2654707028705964,4.709348035662378,33.78071216237988,9.959877064469543,85.80361961635398,92.80142243876043,-27.352561404656186,146703088.0,127462496.2,1.0
2026-02-12,428.1877651639397,431.04575813275545,426.0137212876862,430.38623046875,2310858,413.20254272460966,430.75343856811537,423.4574458504619,415.6196531279689,441.1490347664332,376.3625252921608,408.755780029297,60.881330440465895,56.316816015511186,65.57789009395468,5.553323793587424,1.323041321013962,4.230282472573462,32.91777448458036,9.60788847736952,80.18667093576849,86.88062457388733,-22.626523924407817,149013946.0,128879197.3,1.0
2026-02-13,426.2091787084044,428.456487009293,418.2946971579685,421.3236999511719,1750054,413.14733764648463,430.93047393798844,423.0306966706039,416.13820283916914,442.40548918308997,376.8501870864415,409.62783813476574,54.07770407229854,56.316816015511186,65.57789009395468,5.220345846218265,2.1025022260548227,3.1178436201634425,31.219289591567378,9.785291679756089,68.68202374055414,78.22410476422553,-38.14298973577151,147263892.0,130208395.7,1.0
2026-02-16,421.32370075833165,425.4519064612251,417.00003415874016,424.6213989257813,1433834,413.07405578613304,431.1352079772951,423.3488371216394,416.90940248340655,443.9750036727296,377.66234373938005,410.8186737060548,56.00439403724148,49.073758201464095,65.57789009395468,5.163038872935317,2.714609555430922,2.448429317504395,29.49945578330084,9.690047438522436,63.80921924687704,70.89263797439989,-32.49681471915255,148697726.0,131680304.7,1.0
2026-02-17,424.4503751551411,429.6778432251813,422.1297728182229,427.0396728515625,1345064,413.1150933837893,431.36059173584,424.087004267624,417.8303361532389,445.49017127264,379.29098107111014,412.39057617187507,57.415372116064795,49.073758201464095,65.57789009395468,5.252212937827949,3.2221302319103273,2.0300827059176214,28.303375783101533,9.537049079125005,59.114409344596616,63.86855077734259,-28.35635255804706,150042790.0,133321203.0,1.0
2026-02-18,427.77250153943714,430.361829096203,425.4030563057123,429.2870178222656,1100504,413.32174926757835,431.5363401794435,425.1270069785524,418.87185266860496,446.9848245871424,381.1941793191078,414.0895019531251,58.73969040770322,49.073758201464095,65.57789009395468,5.441499761969965,3.666004137922255,1.7754956240477098,27.257701916720265,9.210029344222553,62.828507331019836,61.91737864083116,-24.508547429378204,151143294.0,135114574.5,1.0
2026-02-19,429.2870004012392,431.1434762616498,420.6152760911607,422.22747802734375,1223766,413.35399291992206,431.7565875244142,424.5471011883107,419.17690951939943,447.29739879435044,383.5539622896342,415.42568054199234,53.14829518425754,49.073758201464095,65.57789009395468,4.964635839842799,3.925730478306364,1.0389053615364352,25.69513229201808,9.304184403241594,60.079496814241395,60.67413782995261,-36.5955806988827,149919528.0,136733453.2,1.0
2026-02-20,422.2274821208505,428.4564672490435,420.9816910589308,426.6488342285156,1060254,413.4942059326174,431.9950843811036,424.96744779635173,419.85617540204635,448.1553249959344,385.33419526773764,416.744760131836,55.974824114836565,49.073758201464095,65.57789009395468,4.887148237815666,4.118014030208224,0.7691342076074417,24.244174783366052,9.173512388018104,46.33108800849822,56.41303071791981,-40.466484296411664,150979782.0,138203247.3,1.0
2026-02-23,427.96791578952025,432.7556787467344,426.8198402716322,431.5098876953125,2150666,413.7375030517579,432.26777069091804,426.2759357761439,420.91560379234323,448.51075061165415,388.9262336412757,418.7184921264649,58.909934548199956,50.95081706366959,65.57789009395468,5.1585209260252896,4.326115409371637,0.8324055166536528,23.373539849794543,8.95446468303244,36.67307437961931,47.69455306745297,-32.05959517598518,153130448.0,139858297.6,1.0
2026-02-24,430.8992004394531,432.85339182466606,426.0137219764208,430.8992004394531,2767354,413.8782049560548,432.52510864257823,427.20058870880575,421.823203487535,448.51341140750975,392.5485972594825,420.5310043334961,58.3833291042581,50.95081706366959,65.57789009395468,5.263632499784478,4.513618827454206,0.7500136723302724,22.452700001493188,8.80340790911907,30.007487769449483,37.67055005252233,-33.96475359906903,150363094.0,141278880.8,1.0
2026-02-25,433.3419660332387,437.9831708554661,426.3068646910555,427.4060974121094,2706696,414.0535931396485,432.6962739562989,427.2416904494665,422.33073929885995,448.483171755266,395.15348290782,421.818327331543,55.336249856920965,50.95081706366959,65.57789009395468,5.007348363086578,4.61236473458068,0.39498362850589785,22.158941960985057,9.008614927354177,27.047444020779388,31.242668723282726,-54.74811924440412,147656398.0,142500752.5,1.0
2026-02-26,427.9679377763088,429.4335813988304,422.7160481289397,425.451904296875,1481174,414.21334838867193,432.83127044677735,426.8837332189482,422.61448157140677,447.8787925889024,398.19327162008216,423.0360321044923,53.64930923764284,50.95081706366959,65.57789009395468,4.593602100206624,4.608612207705869,-0.015010107499245251,21.361513944991753,8.84496623753536,15.616854782959178,24.223928857729348,-68.22774799376145,146175224.0,143701650.9,1.0
2026-02-27,425.4030495930391,425.4030495930391,412.8229421833109,414.9725646972656,2177048,414.2607379150391,432.92399536132814,424.50149951461174,421.91976185557576,446.9498347078724,400.3387150968152,423.6442749023438,45.61814020432302,50.95081706366959,65.57789009395468,3.3811344663552063,4.363116659435737,-0.9819821930805306,20.283322028233822,9.115251657251699,5.418886623436775,16.027728475725112,-92.38749649180697,143998176.0,144721710.7,1.0
2026-03-02,402.5634454984951,412.8229507842577,401.6596438650448,411.3328857421875,2666370,414.2074859619141,432.9548870849609,421.86777676012696,420.9573185725405,443.5579823217586,405.6749888696478,424.6164855957032,43.19931049856037,46.87136272983255,66.8279720159074,2.102319230125147,3.9109571735736193,-1.8086379434484723,20.346325601536577,9.415085169749494,1.1566998969948068,7.397480434463586,-73.36921087070213,141331806.0,145714997.2,1.0
2026-03-04,402.123735329739,406.6916757538261,399.6321531483063,404.54205322265625,2420672,413.97347167968746,432.9115646362304,418.40263205263284,419.465021722551,444.2548804691683,404.4773308345428,424.36610565185555,39.03999298813507,46.87136272983255,66.8279720159074,0.5347215736276212,3.2357100535844197,-2.7009884799567985,20.574612056674695,9.578345700044617,0.0,2.191862173477194,-87.19747123312114,138911134.0,146366593.3,-1.0
2026-03-05,405.98326931829166,410.3557786037901,402.02604360255486,406.9359436035156,2207700,413.7350604248046,432.8849127197265,416.1092943628094,418.3260146208205,444.40093228972177,404.21647188508297,424.30870208740237,41.189629824767856,46.87136272983255,66.8279720159074,-0.508581307190866,2.4868517814293627,-2.9954330886202287,20.29746537621399,9.489159221558232,3.6061787602388353,1.5876262190778807,-80.95541945984458,141118834.0,147190386.5,-1.0
2026-03-06,405.9832826166781,407.8397585710616,400.8046870883561,401.73291015625,1434420,413.41164184570306,432.84273239135734,413.23401752149755,416.8175505785868,445.53120056361973,402.2336889627475,423.8824447631836,38.04910938366021,46.87136272983255,66.8279720159074,-1.7352448499821094,1.6424324551470684,-3.3776773051291777,20.156201520987345,9.313867240211609,3.6061787602388353,2.404119173492557,-94.52229136659523,139684414.0,147875219.2,-1.0
2026-03-09,394.2581356208103,397.2138443045581,387.5161809010509,393.4764709472656,2804324,412.93775085449204,432.7517965698242,409.2825082066512,414.6956342484667,445.63281606339183,397.42003427840507,421.52642517089845,33.662928985336,42.69686581200871,66.8279720159074,-3.3351644873588953,0.6469130666458757,-3.982077554004771,21.110547298495916,9.664071669853572,3.6061787602388353,3.6061787602388353,-88.18972549859146,136880090.0,146837842.7,-1.0
2026-03-10,398.2397888511559,402.9542576769397,394.6245228609868,401.293212890625,2057588,412.6607440185545,432.71947158813475,407.684649143446,413.4772323068447,444.2126959794032,395.22245721883905,419.7175765991211,40.639718435443754,42.69686581200871,66.8279720159074,-3.9270974443820137,-0.2678890355597022,-3.6592084088223116,21.23700011058115,9.650765602697891,9.211375493931808,5.4745776714698255,-72.70090409192558,138937678.0,146135756.8,-1.0
2026-03-11,401.09778122304897,404.2244993622132,390.8871193229417,392.01080322265625,1408504,412.2713714599608,432.6056578063965,404.5498799592881,411.5257387537366,443.77032264250477,391.3020986221437,417.53621063232424,35.82173227097863,42.69686581200871,66.8279720159074,-5.08658645893172,-1.2316285202341057,-3.854957938697614,21.645820439300103,9.91409520531029,12.061618836344962,8.293057696838535,-91.09393620331797,137529174.0,145474025.8,-1.0
2026-03-12,390.7894406831359,394.74666637655207,386.71004820751847,389.20166015625,1511420,411.7574194335936,432.45417297363286,401.4802359986805,409.49627706305597,444.25544880879085,386.97454386699036,415.6149963378906,34.48914666770801,42.69686581200871,66.8279720159074,-6.1611424105694255,-2.2175312983011697,-3.943611112268256,22.33773387758842,9.779989702719098,13.152464613830356,11.47515298136904,-95.1405106222231,136017754.0,144939759.1,-1.0
2026-03-13,387.4184618666931,389.8612012227253,376.2307036886278,377.5009460449219,2499568,410.9542468261717,432.24129150390627,396.6843780079288,406.587610606862,445.38566537385145,380.55579885954705,412.97073211669925,29.557037997826274,42.69686581200871,66.8279720159074,-7.866208827023172,-3.34726680404557,-4.518942022977602,23.663035253733963,10.055025976388984,3.9410891198985483,9.718390856691288,-97.94300954346934,133518186.0,144164971.1,-1.0
2026-03-16,376.1818596459105,383.4612348314319,370.85667593906913,379.7726745605469,2442612,410.217028198242,431.8692063903809,393.30203731845245,404.14988914810607,446.2469481119803,375.53941358235573,410.893180847168,31.602169594373105,36.320852126161206,66.8279720159074,-8.931223159727438,-4.464058075181944,-4.467165084545494,25.19509653923799,10.237135470387113,3.455737360885004,6.849763698204635,-86.71761629654249,135960798.0,143599816.4,-1.0
2026-03-17,381.53146829190257,382.2642901031482,378.795582305428,379.9681091308594,1385998,409.4050622558592,431.49219207763673,390.63525168093383,401.9515455101746,445.9507644369012,371.3702682779427,408.66051635742195,31.78564972412151,36.320852126161206,66.8279720159074,-9.64826555541407,-5.50089957122837,-4.147365984185701,26.617724875777448,9.753676350910903,5.246556777402299,4.2144610860619505,-86.4264725826395,137346796.0,143032269.9,-1.0
2026-03-18,381.0429090062422,385.9528090308268,380.0413918579192,383.9253234863281,2328366,408.81538452148425,431.1108560180664,389.2932660420127,400.3127980534613,444.3027837298002,368.70681404852036,406.50479888916027,35.55534697833105,36.320852126161206,66.8279720159074,-9.784423944699085,-6.357604445922513,-3.426819498776572,27.381357638141715,9.484463747272084,13.545634547747662,7.415976228678321,-77.68976110177698,139675162.0,142513888.5,-1.0
2026-03-19,378.13603657344856,380.0413851192797,372.51773628844256,374.2520751953125,1843922,407.9946240234374,430.6619882202148,386.2850278726727,397.94364142999325,442.5671371453052,364.9389663703199,403.75305175781256,31.039739016284656,36.320852126161206,66.8279720159074,-10.551252472969793,-7.19633405133197,-3.354918421637823,28.563517550729784,9.621829708030189,14.257951903467697,11.016714409539219,-93.77520625333771,137831240.0,141848285.8,-1.0
2026-03-20,378.1360465971496,380.7986384186909,376.108561034856,379.47955322265625,2091196,407.2598480224608,430.26035202026367,384.92393294266947,396.265087956599,440.85194877995514,362.3793622552013,401.6156555175782,35.78593875357983,36.320852126161206,66.8279720159074,-10.614795067320074,-7.880026254529591,-2.734768812790483,29.544844240967898,9.40216781626935,26.595893646697235,18.13316003263753,-79.45284084566366,139922436.0,141348431.2,-1.0
2026-03-23,374.2276656692093,375.6444664092332,360.08419897295283,361.5254211425781,2631002,406.30424865722654,429.7699095153808,380.2442305826512,393.10693642805165,439.606049701131,357.1129200254317,398.35948486328135,28.524508536668026,37.14620636451553,66.8279720159074,-11.975851282189694,-8.699191260061612,-3.276660022128082,31.301305206324933,10.115966847228927,18.29681587635187,19.71688714217227,-97.13312734509495,137291434.0,140664013.8,-1.0
2026-03-24,370.6856763112724,372.7620046464591,361.7208353091392,370.6612548828125,2055704,405.6173504638672,429.3170701599121,378.32763544268346,391.066419923939,435.22270697656177,355.4113994687508,395.3170532226563,35.67680958304836,37.14620636451553,66.8279720159074,-12.176944470890021,-9.394741902227295,-2.7822025686627256,32.93230467415646,10.196010894132646,34.0437484086096,26.312152643886236,-78.96016797655676,139347138.0,139974848.3,-1.0
2026-03-25,373.2505795253495,383.3391051533095,373.0307270160983,381.604736328125,2462134,405.11903198242186,428.911113128662,378.9830556197718,390.2062668697741,429.4572820309718,356.2473780032079,392.85233001708986,43.03076548952747,37.14620636451553,66.8279720159074,-11.32274324166002,-9.78034217011384,-1.5424010715461804,32.952845424791725,10.37328513530153,52.1574748047107,34.83267969655739,-54.93605867823519,141809272.0,139547157.2,-1.0
2026-03-27,378.62458158653936,378.62458158653936,371.345206735696,374.0566711425781,11354128,404.47317199707027,428.4600628662109,377.9977787243331,388.73812180366536,423.8445732437349,356.52514416349163,390.18485870361326,39.66255694979721,37.14620636451553,66.8279720159074,-11.126588011433341,-10.049591338377741,-1.0769966730556,33.080471080897574,10.365159739382062,77.75113977591167,54.650787663077324,-68.34531698605093,130455144.0,138687094.5,-1.0
2026-03-30,371.2963777593668,371.3207991889214,353.049126911394,354.5147705078125,6348214,403.48581665039063,427.94854949951156,373.301177081029,385.62690804949693,419.59291430158163,353.68308972673873,386.6380020141602,32.5572417705467,35.77750573623564,66.8279720159074,-12.405004471306142,-10.520673964963422,-1.884330506342721,34.17848425980001,11.125330060225066,68.19365072673558,66.03408843578597,-97.13603726513762,124106930.0,137583679.8,-1.0
2026-04-01,363.968147707369,370.343691176645,359.8399124173048,364.4566955566406,2923536,402.69729980468753,427.44491882324206,371.5322807761513,383.70234327741906,415.63561646920573,352.58880064505195,384.11220855712884,38.585121808544784,35.77750573623564,55.95245012528988,-12.472157198407615,-10.910970611652262,-1.561186586755353,35.198067925923695,11.461300817982739,57.97818831069089,67.97432627111272,-77.70887030434497,127030466.0,136735294.3,-1.0
2026-04-02,360.5483065224935,360.5483065224935,352.4872671490231,359.0093688964844,3149234,401.86139343261726,426.9649188232421,369.02769840021796,381.45752742460684,412.18117292864406,350.8108925010432,381.49603271484364,36.65214648869346,35.77750573623564,55.95245012528988,-12.817181465198644,-11.292212782361538,-1.5249686828371054,36.47325268241073,11.497595645813794,51.06068948958083,59.07750950900243,-84.5665062289561,123881232.0,135862765.6,-1.0
2026-04-06,359.5712163795596,364.94524271131934,355.3697168112579,363.9437255859375,2191042,401.2282354736329,426.52345275878895,368.01090383736187,379.86536362109143,409.08491515073507,349.8473175152804,379.46611633300773,39.603686456479124,32.228937544619335,55.95245012528988,-12.547810981443831,-11.543332422177997,-1.0044785592658343,37.06346681783549,11.360304949688627,67.25242594470969,58.7637679149938,-69.34639416251444,126072274.0,135220822.6,-1.0
2026-04-07,363.968155819335,363.992577248624,358.1055814974128,363.0887756347656,1788720,400.5838409423829,426.0501084899902,367.0264781968426,378.3402192586982,404.74448906619847,349.80302680294204,377.27375793457026,39.262345936966575,32.228937544619335,55.95245012528988,-12.261971869405272,-11.687060311623451,-0.5749115577818209,37.61152280072991,10.969354292654526,68.80859151432686,62.37390231620579,-68.32112110066598,124283554.0,134379058.6,-1.0
2026-04-08,381.06732545979577,392.5970428667825,377.8917644142974,387.7604370117188,9052266,400.4289715576172,425.7048234558105,371.1732699598179,379.196602690791,402.0661188040948,351.0841497505927,376.57513427734375,52.094043957398235,32.228937544619335,55.95245012528988,-9.930176536519525,-11.335683556602667,1.4055070200831423,35.1149206723583,12.293562359751835,83.46575869756929,73.17559205220195,-12.058421590530566,133335820.0,134061628.9,-1.0
2026-04-09,389.2260936072467,390.3497477434148,384.1451838368404,387.6138916015625,3722952,400.1759045410157,425.38978424072263,374.46139428816684,379.96181077358835,401.08007135469944,351.48393926541786,376.28200531005865,52.023738961522255,32.228937544619335,55.95245012528988,-8.00179718835625,-10.668906282953383,2.6671090945971336,32.796647267441806,11.858633898810593,91.24127396157951,81.17187472449189,-12.423782422232799,129612868.0,133698267.8,-1.0
2026-04-10,391.1069767649407,397.8733824030113,388.9329328608776,390.03216552734375,5018798,400.1358428955079,425.1029884338378,377.57554853600226,380.87729756938427,398.56005264746983,352.87785323631925,375.71895294189454,53.14743649807819,32.228937544619335,55.95245012528988,-6.2068593552502875,-9.776496897412764,3.569637542162477,30.861405932334506,11.74440939185618,99.90057080800703,91.53586782238527,-17.276686563251364,134631666.0,133482967.2,-1.0
2026-04-13,388.248981269563,395.7237573898751,381.9222806660924,392.6214904785156,4772460,400.09529357910174,424.80828613281244,380.5847369245049,381.94495147021433,398.68373181059735,352.8152427987777,375.74948730468753,54.379543437657574,44.45981008866817,55.95245012528988,-4.523279753660688,-8.72585346866235,4.202573715001662,28.820180040356995,11.891342772708079,99.90057080800703,97.01413852586451,-11.571582840049711,139404126.0,133576714.8,-1.0
2026-04-15,405.4947344450769,412.6763941393293,402.8565640043815,411.43060302734375,9442538,400.2907128906252,424.5994326782226,386.75391014507267,384.6254652481352,404.26004212578704,349.4618267706974,376.86093444824223,62.163381528026,44.45981008866817,55.95245012528988,-1.6522465319541766,-7.311132081320716,5.6588855493665395,27.799737151826783,12.474454264715623,99.99999999999999,99.93371387200467,-2.069794287240967,148846664.0,134218160.3,1.0
2026-04-16,416.0473370663035,418.36793935343394,409.40309823479936,411.1863098144531,4968048,400.4924829101564,424.37561645507805,391.64039007894877,387.04008748143684,409.95745075017123,347.13295452326633,378.5452026367188,62.015381646882105,44.45981008866817,55.95245012528988,0.5964797134480477,-5.729609722366964,6.326089435815012,27.194741053556047,12.22376761142412,99.83336803068974,99.91131294623224,-10.900965789629558,143878616.0,134736181.8,1.0
2026-04-17,411.3084586943395,413.3114930096194,408.0351820413008,411.45501708984375,2689066,400.6654290771486,424.1400051879882,395.60331548112777,389.25962653674657,414.8259750954788,345.43266443088845,380.1293197631836,62.12220449136268,44.45981008866817,55.95245012528988,2.3729401189829105,-4.10909975409699,6.4820398730799,26.510936090866135,11.727520708345157,99.78700711028537,99.87345838032502,-10.493096127102596,146567682.0,135266526.0,1.0
2026-04-20,411.4550099401068,411.4550099401068,403.61382282163504,404.56646728515625,3302870,400.91898498535176,423.8544015502929,397.3959458419335,390.6511575138747,417.7351094090562,344.9833659327408,381.3592376708985,57.64649070905116,51.03195229493995,55.95245012528988,3.1881978298516174,-2.6496402373072683,5.837838067158886,25.477187807740997,11.449925962621124,94.70147321317793,98.10728278471768,-20.94919739958825,143264812.0,135562426.8,1.0
2026-04-21,404.0534963015661,406.7160880670452,402.1237263163879,402.6122741699219,2557530,400.78023742675794,423.55866531372055,398.43921150753124,391.7385317553335,419.88660211009983,344.7005683000565,382.29358520507816,56.404961018029056,51.03195229493995,55.95245012528988,3.6347097157288886,-1.3927702467000371,5.0274799624289255,24.381745347511565,10.96009994748085,88.38474220759238,94.29107417701854,-23.915459050912958,140707282.0,135614032.8,1.0
2026-04-22,402.6122759781837,403.8825182942339,400.2672522344072,400.853515625,2255716,400.63562744140637,423.21773269653306,398.922072331025,392.5671666525759,421.89495792760164,345.3523565255235,383.62365722656256,55.25163316490454,51.03195229493995,55.95245012528988,3.8028199450608327,-0.35365220834786315,4.1564721534086955,23.189753722414093,10.435468955505554,79.40011690765748,87.49544410947593,-26.585071375852355,138451566.0,135645049.1,1.0
2026-04-23,399.6077222183434,400.90235613729095,396.0168776085957,396.5298767089844,1740374,400.3610638427735,422.8596417236327,398.44363320661694,392.9274130213403,423.1166223445314,345.83572445722655,384.47617340087896,52.414282567188856,51.03195229493995,55.95245012528988,3.5462875907520015,0.42633575147210984,3.1199518392798917,21.683390591086525,10.039041067876248,71.74734296274127,79.84406735933037,-33.14790501331204,136711192.0,135484486.9,1.0
2026-04-24,396.70085127130807,399.3390215692692,392.816889928763,396.2367248535156,1736534,399.4738610839844,422.53130447387684,398.0022515359967,393.2282595515381,423.6099659865128,348.81351118633887,386.21173858642584,52.21847926288983,51.03195229493995,55.95245012528988,3.2815018364755133,0.9973689684727906,2.2841328680027226,20.279216843261604,9.787833251635533,63.7555202695871,71.63432671332862,-35.129903046235796,134974658.0,135368648.1,1.0
2026-04-27,397.6779465643352,401.0977814856501,396.89628193832937,400.3649597167969,2168062,398.7317565917969,422.25253784179677,398.4747931721568,393.87705047565254,424.8533806052143,350.54046705103576,387.696923828125,54.78033206652254,46.79572641390338,55.95245012528988,3.365970458697518,1.471089266517736,1.8948811921797821,18.856284433916233,9.435920635956887,62.040195575809456,65.84768626937927,-29.874336612665896,137142720.0,135258427.2,1.0
2026-04-28,399.6077326695368,402.0260505682076,398.1665105021596,399.485595703125,3259634,398.00870605468754,421.98215133666986,398.6769536783505,394.3869182236046,425.9899046104531,351.19202898329684,388.59096679687497,54.11475420148976,46.79572641390338,55.95245012528988,3.323642244718826,1.8415998621579541,1.482042382560872,17.628246171955546,9.037607738106251,48.31922975097875,58.038315198791764,-46.65051398434281,133883086.0,134862117.9,1.0
2026-04-29,403.8336496687795,403.8336496687795,396.2123149703997,396.9207153320313,2186354,397.39460144042977,421.69170806884756,398.32570600908673,394.6172634152797,426.6572279694945,352.8111100432009,389.7341690063477,52.125423811432675,46.79572641390338,55.95245012528988,3.0479970076428913,2.0828792912549416,0.9651177163879496,16.459738487785483,8.936445378125793,29.795363592640335,46.71826297314284,-58.847129655120646,131696732.0,134924197.3,1.0
2026-04-30,396.187890988527,396.72528170431895,388.9573886615164,389.8123474121094,2459440,396.5831237792969,421.35812927246087,396.6230342896913,394.1804528695369,424.499964839396,358.49813086372916,391.4990478515626,46.9717659553632,46.79572641390338,60.041123109141154,2.2302513381720246,2.1123537006383586,0.117897637533666,16.10397958528283,8.86693689901073,7.208341173423926,28.44097817234767,-78.35114790020955,129237292.0,135180715.4,1.0
2026-05-01,389.8123474121094,389.8123474121094,389.8123474121094,389.8123474121094,0,395.9528967285157,421.02659957885743,395.26089691417496,393.7833523734071,423.24528933049965,362.28837155817246,392.76683044433605,46.9717659553632,46.79572641390338,60.041123109141154,1.5641514394336582,2.0027132483974186,-0.4385618089637604,15.773632032958938,8.233584263367106,0.33428150694494657,12.445995424336402,-78.35114790020955,129237292.0,135291056.7,1.0
2026-05-04,393.5253167473467,394.5024125058752,388.9818274339085,391.8153991699219,1952854,395.29677673339853,420.7519746398925,394.57179736532436,393.60444753672664,420.44344423855847,368.3708196774573,394.4071319580079,48.63155925476726,45.09394049565195,60.041123109141154,1.184240816379429,1.8390187619938207,-0.6547779456143918,14.893923960196203,8.039798606838506,3.6419064877489475,3.7281763893726065,-90.28236316162929,131190146.0,135656502.4,1.0
2026-05-05,390.83830422075386,391.66884158094217,389.3726605799261,390.4718933105469,1206994,394.56542114257826,420.4806369018554,393.7518165543689,393.3196698798012,417.60520039165095,373.86188029682563,395.7335403442383,47.55636346027917,45.09394049565195,60.041123109141154,0.7659201649038323,1.6243990425758232,-0.8584788776719909,14.07705217834509,7.640008605635454,4.92811239201345,2.9681001289024476,-94.85047163891875,129983152.0,135852046.3,1.0
2026-05-06,392.7924685225689,395.18636489747,390.0566125100484,394.3802490234375,2867990,393.86728576660164,420.24330535888663,393.87750304818263,393.4160861655863,412.9216327693039,381.6745952580399,397.2981140136719,50.953526212801364,45.09394049565195,60.041123109141154,0.7412252935235983,1.4477642927653784,-0.7065389992417801,13.259834024716788,7.46070459004875,13.688607449581067,7.419542109781155,-77.73327943245225,132851142.0,136280425.7,1.0
2026-05-07,395.72377203951095,398.5329222731248,392.4260739391817,396.2856140136719,2607670,393.3484484863282,419.99428604125967,394.35912524128054,393.6769523335941,412.7041630982065,382.7445826293327,397.7243728637696,52.56668031273658,45.09394049565195,60.041123109141154,0.8654253759249855,1.3312965093973,-0.46587113347231446,12.89679897433342,7.36400057175549,27.517610006240712,15.378109949278409,-67.42666586209583,135458812.0,136386575.3,1.0
2026-05-08,395.7237605903202,395.7237605903202,391.155850096129,391.888671875,1926806,392.65324523925784,419.70532165527334,393.86503456802444,393.5143813828128,412.42434444007836,383.4518793148045,397.93811187744143,48.59463964827017,45.09394049565195,60.041123109141154,0.602117516306464,1.1854607107791328,-0.5833431944726688,12.384022383793925,7.2044122393117345,31.96602417547205,24.390747210431275,-83.49381817583439,133532006.0,136582532.2,1.0
2026-05-11,390.83828141019006,394.1604008384578,388.3955421513764,390.03216552734375,3472092,391.8236907958985,419.4176821899412,393.0984607598883,393.19781630504286,412.42434444007836,383.4518793148045,397.93811187744143,46.980463940719616,45.78022672605634,60.041123109141154,0.2408630741563229,0.9965411834545709,-0.755678109298248,11.526398492894849,7.101586985580997,23.240545723591016,27.574726635101257,-89.43225997850999,130059914.0,136353944.6,1.0
2026-05-12,390.10547095844464,390.7649986500346,380.798640075879,381.4337463378906,2868814,390.8343817138672,419.09934539794904,390.76551787548885,392.12835539893814,413.50102876096867,381.2564205798517,397.3787246704102,40.3030643259257,45.78022672605634,60.041123109141154,-0.7308296927742504,0.6510670082088067,-1.3818967009830572,11.609862095549833,7.306213527622041,5.769636679182424,20.3254021927485,-97.24286521587835,127191100.0,135743293.3,1.0
2026-05-13,381.6780249859112,387.41846248169935,379.1375700878859,384.5115966796875,1765760,389.9764916992188,418.78434402465797,389.51473363632863,391.4359227880972,411.70398379736463,380.3615649086901,396.0327743530274,43.40397708805022,45.78022672605634,60.041123109141154,-1.2382723781432219,0.273199130938401,-1.5114715090816229,11.872906118836925,7.375833446635715,7.174744943212141,12.06164244866186,-78.23935343989055,128956860.0,134748803.1,1.0
2026-05-14,385.0490166733956,395.1619337539264,385.0490166733956,393.2810363769531,2871500,389.3330743408203,418.53512802124,390.2679941844535,391.60366038708406,409.1183231712386,381.15669819106614,395.1375106811524,51.184430407688836,45.78022672605634,60.041123109141154,-0.9221736244122667,0.034124579868267446,-0.9562982042805341,11.046933092442561,7.609726562893086,32.19364108021306,15.046007567535874,-42.72991288864537,131828360.0,134146290.3,1.0
2026-05-15,395.7237670272538,398.50849579597946,389.22608644595743,390.4230346679688,2796790,388.8420837402344,418.26451019287083,390.2990022811566,391.4963307762554,405.89400748389056,382.27781563622676,394.08591156005866,48.828472910297094,45.78022672605634,60.041123109141154,-0.8919975448620789,-0.15109984507780183,-0.7408976997842771,10.644432436874233,7.729203904830868,52.768986219441175,30.712457414288792,-54.302606844472436,129031570.0,133269484.7,1.0
2026-05-18,388.8107938592255,388.8107938592255,379.9436682873829,386.63677978515625,1886626,388.34816162109377,417.98701507568336,389.5665577819566,391.05455341342815,404.3520687852312,382.026785584886,393.1894271850586,45.81954102334369,45.349331342705604,60.041123109141154,-1.1602275296569928,-0.35292538199364004,-0.8073021476633528,10.593603912882344,7.925644081670515,60.623412687346516,48.52867999566691,-69.6340074030527,127144944.0,132463491.3,1.0
2026-05-19,387.41846508318105,395.2352310873814,387.41846508318105,392.5482177734375,1347980,388.1082849121094,417.78341293334944,390.1628897802528,391.1903410825199,402.9298723405239,382.4425763899449,392.6862243652344,50.90621290974571,45.349331342705604,60.041123109141154,-0.8855895582270819,-0.4594582172403284,-0.4261313409867534,9.896016226975657,7.973701740281561,64.38957116243402,59.26065668974057,-30.85638477986521,128492924.0,131852773.4,1.0
2026-05-20,392.2062273455803,394.5512511774325,389.0306661640775,391.1069946289063,3138790,387.7917059326173,417.56295578002914,390.3517107499835,391.1827641321914,401.7075439626369,382.69025266822246,392.1988983154297,49.681570943718626,45.349331342705604,60.041123109141154,-0.7752945373459852,-0.5226254812614598,-0.2526690560845254,9.248256232919449,7.798479116929664,69.30563798489597,64.77287394489217,-38.28715030949582,125354134.0,131197901.8,1.0
2026-05-21,394.746671993704,396.70086343921736,390.30089838259903,390.9360046386719,8147150,387.5757678222657,417.32149108886705,390.46856952772123,391.1603314509623,401.2182265174717,382.62018290635643,391.91920471191406,49.529332279593696,45.349331342705604,60.041123109141154,-0.6936860212060196,-0.5568375892503717,-0.1368484319556479,8.905980505000088,7.698585255478854,79.38910020963121,71.02810311898706,-39.16875322446926,117206984.0,130222691.4,1.0
2026-05-22,407.9374520857701,409.8916434730073,395.5527760965919,397.16497802734375,37606972,387.6495379638672,417.1039651489256,391.80785122764576,391.70620841245153,401.3641072366718,382.5671275045391,391.96561737060546,54.945568865650266,45.349331342705604,60.041123109141154,-0.12494430922276933,-0.4704589332448513,0.34551462402208194,9.917099319259977,8.502660511111467,83.90236232518953,77.53236683990556,-41.38204811535834,154813956.0,131214656.3,1.0
2026-05-25,404.4443360773424,413.5557656411749,401.3176476482354,409.0855407714844,9892270,387.80538452148437,416.96314117431626,395.2633891364135,393.28614771781815,403.99398104655677,380.80931180012294,392.40164642333986,63.10547965134174,47.78400502446573,60.041123109141154,1.273002998094114,-0.12176654697705824,1.3947695450711723,11.15850789061091,9.06609816130573,91.74428369683281,85.01191541055118,-12.98796987415962,164706226.0,132592831.6,1.0
2026-05-26,411.2107387161296,418.7343578505009,407.57105120434665,417.6595764160156,8146676,388.3183599853516,416.8899812316893,399.742626592334,395.5019139631088,409.268063050352,377.3526278676168,393.3103454589844,67.64456503791645,47.78400502446573,60.041123109141154,3.0377223586827995,0.5101312341549133,2.527591124527886,12.712700526036526,9.215898767366339,99.99999999999999,91.88221534067411,-2.7143147088815267,172852902.0,134541322.4,1.0
2026-05-27,417.70841685835137,417.70841685835137,400.0473999374288,405.4947204589844,11287600,388.64422119140625,416.73047042846673,400.8930453656641,396.4103509172793,410.54336916448193,376.93472226618206,393.739045715332,56.940803094730384,47.78400502446573,60.041123109141154,3.41530346389726,1.0911656801033827,2.3241377837938773,13.131454022342096,9.819121492620356,86.95053104322119,92.89827158001799,-33.43613999925673,161565302.0,136034750.9,1.0
2026-05-28,405.4947204589844,405.4947204589844,405.4947204589844,405.4947204589844,0,389.20409667968755,416.57840988159177,401.8133803843282,397.23620269379796,412.0058487283876,377.0404800069641,394.52316436767586,56.940803094730384,47.78400502446573,60.041123109141154,3.672208278935443,1.6073741998697948,2.0648340790656485,13.520296554625839,9.117755671718902,73.90106208644238,86.95053104322118,-33.43613999925673,161565302.0,137651151.4,1.0
2026-05-29,408.0351931944555,411.7970178143967,400.6092594937784,401.9283447265625,5247712,389.64721008300785,416.40729614257805,401.83637325277505,397.6627610604129,412.7633518677305,377.49457659906653,395.1289642333985,54.03371715906895,47.78400502446573,60.041123109141154,3.5471412433569185,1.9953276085672198,1.5518136347896987,14.43318977479923,9.265613003783148,57.307425399340325,72.71967284300129,-42.44286992341749,156317590.0,139005166.3,1.0
2026-06-01,403.93136597797456,404.8596188423856,394.35583981874447,395.57720947265625,4106271,389.9593920898438,416.223357849121,400.58454049675134,397.4731654615259,412.8827442650592,377.7513652320112,395.3170547485352,49.21490616748963,49.49593202620233,61.366748578835626,2.9020877195196135,2.1766796307576985,0.725408088761915,14.450423215188746,9.354053433773004,45.0141937740175,58.74089375326673,-58.482391341118515,152211319.0,140056224.95,1.0
2026-06-02,391.81539462875406,394.0138600599628,388.0047271783781,391.5222778320313,3873835,390.11133117675786,415.95087036132804,398.77208796380734,396.9321756770264,412.88046355500956,377.85868439420926,395.3695739746094,46.37147440239815,49.49593202620233,61.366748578835626,2.040161349517234,2.1493759745096055,-0.10921462499237133,13.71716910197025,9.226798352380513,25.5732965937204,42.631638589026075,-70.15106028004897,148337484.0,140973941.55,1.0
2026-06-03,391.5222822231999,395.52835097678974,388.3955638696411,393.671875,4244501,390.49972717285164,415.70525299072256,397.7520453710459,396.6357847063876,412.85633240488175,377.8119781419932,395.3341552734375,48.08387986888019,49.49593202620233,61.366748578835626,1.5130910462534644,2.0221189888583773,-0.5090279426049129,13.193368400245292,9.077226120578239,12.291921984957954,27.626470784231948,-64.60953164990954,152581985.0,141960483.7,1.0
2026-06-04,391.3268285686792,392.3039242704737,387.5161612953997,389.5191955566406,3174167,390.7005200195314,415.41407836914055,396.10547540816486,395.9888220564106,412.7009989025579,377.290669798614,394.99583435058594,45.08862521172267,49.49593202620233,61.366748578835626,0.7516331488271817,1.7680218208521383,-1.0163886720249566,12.59946562889206,8.8685466622941,4.30128923372625,14.055502604134867,-75.3148825733634,149407818.0,142657934.0,1.0
2026-06-05,386.8321872123246,393.7695727455053,386.0505225685556,390.7405700683594,3180615,391.284822998047,415.19985015869133,395.0324943402038,395.511708239315,412.6933867869659,377.18347173354186,394.9384292602539,46.15109419287462,49.49593202620233,61.366748578835626,0.24391529110801002,1.4632005149033127,-1.2192852237953027,12.2162564143316,8.786439770483787,5.028446491513412,7.207219236732538,-85.65025352947309,152588433.0,143610755.35,1.0
2026-06-08,385.9527973700715,390.7894329607543,383.21694136678457,386.44134521484375,3226124,391.60042480468763,414.96351501464835,393.3142645151318,394.6871297825449,412.7931671169668,376.724609372291,394.7588882446289,42.99738274992445,45.70569492781855,61.366748578835626,-0.4996071246630436,1.0706389869900415,-1.570246111653085,11.484821316818763,8.69972918644707,1.5701244540445867,3.6332867264280826,-90.92162615617755,149362309.0,144575875.1,1.0
2026-06-09,387.565012311694,395.479493626556,387.07646445051233,394.6489562988281,3137828,391.8613092041017,414.7623553466796,393.5812028718711,394.68365946584333,412.33173011788074,378.50756736747076,395.41964874267575,50.0192698290595,45.70569492781855,61.366748578835626,-0.42170719727505457,0.7721697501370223,-1.1938769474120767,11.368433768019509,8.723901988251727,11.066662431607627,5.888411125721875,-67.81293217854176,152500137.0,145841326.95,1.0
2026-06-10,394.8443973733237,396.8963044059866,385.9528201108483,386.8810729980469,2722258,392.11779724121106,414.5122189331055,392.2411768971063,393.97433342331635,412.15915434070405,378.9170907764834,395.5381225585937,44.439699402246866,45.70569492781855,61.366748578835626,-0.9755289169361845,0.4226300167223809,-1.3981589336585654,11.424445448663464,8.88244358160077,11.447155341540732,8.027980742397649,-89.6835637441642,149777879.0,146882377.9,1.0
2026-06-11,384.1940612792969,387.0276329939103,382.581829435024,384.1940612792969,2234212,392.7113830566407,414.23631164550784,390.63175377354446,393.08521777386,412.44491277671574,377.7226348307061,395.0837738037109,42.66671790256522,45.70569492781855,61.366748578835626,-1.6126661971757699,0.015570773942750749,-1.6282369711185205,10.98543471945908,8.565540722835449,11.447155341540732,11.32032437156303,-95.54047278313553,147543667.0,147668143.25,-1.0
2026-06-12,387.0276249102478,390.64286122283255,384.14518057712365,390.20318603515625,2044734,393.22631286621106,413.99961029052736,390.5460402258668,392.8232148885233,412.4466193966405,377.6989433475002,395.0727813720703,47.69270845267137,45.70569492781855,61.366748578835626,-1.6141094852472975,-0.3103652778952589,-1.3037442073520387,11.025081607865708,8.417836431612123,8.657881502037117,10.517397395039527,-78.91888359080983,149588401.0,148695984.8,-1.0
2026-06-15,393.76957499102224,400.5115294924101,393.76957499102224,396.4077453613281,2896817,393.97428039550795,413.8098095703125,391.71838125295915,393.1490812951419,412.4799030277,378.64275627405783,395.5613296508789,52.3385707147311,45.525361595871146,61.366748578835626,-1.101895254893691,-0.46867127329494535,-0.6332239815987455,12.090077435656692,8.552872647729389,29.29330656379894,16.466114469125596,-60.63974060536721,152485218.0,149962998.5,-1.0
2026-06-16,399.0458794351273,403.7359567041352,397.3848346299616,401.5863342285156,3630392,394.7271325683595,413.6338101196289,393.69197184807047,393.91610428908496,413.0751570892285,378.95131385803717,396.01323547363285,55.86227321187015,45.525361595871146,61.366748578835626,-0.2749237943578464,-0.4299217775075256,0.15499798314967916,13.36550953920914,8.46539684023494,60.10801992174681,32.68640266252762,-34.94991527451633,156115610.0,151344132.8,-1.0
2026-06-17,401.0977944800367,409.5496665242405,399.2413185691831,408.5725708007813,4156009,395.6368084716798,413.5066654968261,396.6680916386127,395.24851033560276,414.6639804498044,379.1090481146488,396.8865142822266,60.14331871515325,45.525361595871146,61.366748578835626,0.9334279744405194,-0.15725182711791663,1.090679801558436,15.025959712884163,8.597036205579402,86.73408911702072,58.71180520085548,-11.036885922981178,160271619.0,153090007.05,-1.0
2026-06-18,410.08707972046335,427.87020367784856,409.1099840144995,420.1511535644531,10970744,396.28462280273436,413.4834594726562,401.3647040237808,397.512386992771,418.68308701215216,378.0114564448791,398.34727172851564,66.0249383498315,45.525361595871146,61.366748578835626,2.7931525952512857,0.43282905735592386,2.3603235378953618,17.672983745119414,9.361364539257107,97.48138002461452,81.44116302112735,-17.044219940437454,171242363.0,155791776.0,1.0
2026-06-19,420.9328138311597,439.88849418491344,420.1999920592959,430.0686645507813,12106383,397.13371826171885,413.5522224426269,407.1054961291809,400.4720485889537,424.7653482228597,375.21956388651535,399.9924560546875,70.09558232955986,45.525361595871146,61.366748578835626,5.009511478325862,1.3481655415499114,3.661345936775951,20.634318942275133,10.102505687914478,99.99999999999999,94.73848971387841,-17.135580437266817,183348746.0,157218515.5,1.0
2026-06-22,435.88241705661056,435.88241705661056,428.4564834436962,432.2671508789063,4709990,397.9784179687501,413.6148786926269,412.137827079126,403.3625124334948,429.61077525704223,372.692297863075,401.1515365600586,70.92714746896158,58.58109355345616,61.366748578835626,6.864264367555791,2.4513853067510873,4.412879060804704,23.384130196776873,9.911321968271615,99.99999999999999,99.16046000820482,-13.299226781509454,188058736.0,158386141.0,1.0
2026-06-23,432.6579621809814,438.5205363558922,427.1862501392733,430.0686645507813,6442829,398.72736145019536,413.654328765869,415.72399457345705,405.79034444415726,432.2183023229691,371.3256796106247,401.7719909667969,68.86488732044333,58.58109355345616,61.366748578835626,8.0638152788963,3.57387130118013,4.48994397771617,26.0428838648843,10.012962271724994,97.56755272282388,99.18918424094127,-17.135580437266817,181615907.0,158824291.25,1.0
2026-06-24,430.0198411939629,432.4137078661186,423.52216048583216,426.6000061035156,6122691,399.0307495117188,413.66043563842766,417.89919687946883,407.6821318677353,435.2177830191699,370.4367274788771,402.8272552490235,65.62291768178503,58.58109355345616,61.366748578835626,8.635036939806753,4.586104428905455,4.048932510901298,27.924149693544322,9.932861208050813,91.31118428521214,96.292912336012,-23.1883815597966,175493216.0,159520686.95,1.0
2026-06-25,423.0,429.8500061035156,420.3999938964844,423.3500061035156,6397374,399.2740234375001,413.6322163391112,418.9893587242782,409.106484070988,437.37952900183785,370.06051006066224,403.72001953125005,62.64701979784334,58.58109355345616,61.366748578835626,8.724911039496703,5.413865751023705,3.3110452884729984,29.182433736825907,9.898371993692272,81.5447277968037,90.14115493494657,-28.859624187830136,169095842.0,159897213.95,1.0
2026-06-26,423.3500061035156,423.3500061035156,423.3500061035156,423.3500061035156,0,399.5119232177735,413.6058291625975,419.8614882001257,410.4013497103087,439.55573720108856,370.0264679991067,404.79110260009764,62.647019797843335,58.58109355345616,61.366748578835626,8.695896034530222,6.070271807725009,2.625624226805213,30.35084034844452,9.191345422714253,74.21071858557139,82.3555435558624,-28.859624187830136,169095842.0,160536126.55,1.0
2026-06-29,421.0,432.3500061035156,421.0,431.25,4278076,400.04559387207036,413.6208959960936,422.1391905601006,412.2966815548261,442.97111026749116,370.17837398543855,406.57474212646486,66.88103148623297,56.13911041360535,61.366748578835626,9.204263893782809,6.697070224936569,2.5071936688462397,31.94340441426488,9.345535471342922,75.69467079218603,77.15003905818703,-15.074152758000302,173373918.0,161594256.5,1.0
2026-06-30,433.3999938964844,436.25,428.25,431.6499938964844,4056374,400.62634826660155,413.6424818420409,424.0413512273774,414.05607358588594,445.89624143611536,371.26601442325966,408.5811279296875,67.08447268396708,56.13911041360535,64.47976766157969,9.52957424939791,7.263571029828838,2.2660032195690727,33.61636546533956,9.249425794818428,80.92867107008718,76.94468681594819,-14.376164315940166,177430292.0,163048896.9,1.0
2026-07-01,433.0499877929688,440.0,431.0,434.7000122070313,3542657,401.30327819824225,413.67211166381827,426.1730834233082,415.9327952787173,448.99295558468674,372.2721139953914,410.6325347900391,68.66508162747157,56.13911041360535,64.47976766157969,9.919154202366144,7.7946876643362994,2.1244665380298446,35.348701965480835,9.231609666617112,87.44985037906952,81.35773074711423,-9.488863893449428,180972949.0,164468445.1,1.0
2026-07-02,434.7000122070313,435.5499877929688,430.0499877929688,432.1000061035156,1767476,402.0146807861329,413.6900851440428,427.3584679593497,417.40254171733534,450.9140448008026,374.60910583396304,412.76157531738284,65.765864411182,56.13911041360535,64.47976766157969,9.903933972617892,8.216536925992617,1.687397046625275,36.78729989872175,8.965066119001603,82.96697122799824,83.78183089238497,-17.08830038865148,179205473.0,165958327.85,1.0
2026-07-03,432.5,434.4500122070313,429.0,430.25,1622268,402.6949462890625,413.70454895019515,427.9367743674798,418.5704924703048,452.1733716434854,377.30072198444435,414.73704681396487,63.704759160921576,56.13911041360535,64.47976766157969,9.631565112305395,8.499542563255174,1.1320225490502214,37.92736089374871,8.713990839575155,71.51879110353306,80.64520423686693,-22.879179079415145,177583205.0,167208066.45,1.0
2026-07-06,430.0,434.6499938964844,428.0499877929688,429.1000061035156,1483509,403.2696472167969,413.69140029907203,428.169420714687,419.52772098241485,452.3269434908231,381.41301622597376,416.86997985839844,62.39569385516437,58.07214088566321,64.47976766157969,9.216671875448696,8.64296842569388,0.5737034497548166,38.80175158395864,8.562991929856613,48.39293483685878,67.62623238946335,-26.742753970061163,176099696.0,168544935.8,1.0
2026-07-07,428.7000122070313,437.9500122070313,428.7000122070313,435.3999938964844,3555151,403.98793518066407,413.7125607299802,429.6155353510465,420.9706548836939,453.66454530268027,384.15051817388223,418.90753173828125,66.46162739876488,58.07214088566321,64.47976766157969,9.289142902701485,8.7722033210954,0.5169395816060849,39.82516736942431,8.612063934866855,40.20094916405123,53.370891701481014,-14.891562716169615,179654847.0,169902671.3,1.0
2026-07-08,434.7999877929688,440.75,425.3999938964844,427.8999938964844,3990127,404.60752075195313,413.68938156127905,429.27242706013413,421.60059479394755,452.4454180475275,389.4715375188788,420.95847778320314,58.37028222813883,58.07214088566321,64.47976766157969,8.641772420888742,8.74611714105407,-0.10434472016532759,40.11770403254486,9.093345518341767,22.848252165690376,37.14737872220012,-62.53041916379589,175664720.0,171197013.35,1.0
2026-07-09,427.8999938964844,440.8999938964844,427.3999938964844,438.4500122070313,3344176,405.58027404785156,413.709059295654,431.1079440895136,423.1323600133188,450.8797346539175,396.46281600526214,423.67127532958983,64.8524648752601,58.07214088566321,64.47976766157969,8.877688490726996,8.772431410988656,0.10525707973834031,40.40110199941996,9.408106552745926,33.0935918004699,32.0475977100705,-11.951130192453995,179008896.0,172770274.8,1.0
2026-07-10,440.0,446.0,437.2000122070313,443.0499877929688,3238469,406.6450268554688,413.74159957885723,433.49635283020467,424.9430534478324,449.85398836195634,402.77324247300453,426.31361541748043,67.24717812586125,58.07214088566321,64.47976766157969,9.328302398558549,8.883605608502634,0.44469679005591445,41.05183680820904,9.364669498476124,45.402648086989004,33.78149735104976,-11.52348243630329,182247365.0,174403223.0,1.0
2026-07-13,440.0,442.9500122070313,438.0,441.2999877929688,1065724,407.6347186279297,413.73864181518536,435.0570798227575,426.43004747920844,448.3554794688694,408.7609756092556,428.5582275390625,65.4210004464601,61.464973675816196,64.47976766157969,9.43544090300145,8.993972667402398,0.4414682355990518,41.65609055922747,9.056477948082744,68.23203324489137,48.90942437745009,-18.35941830648917,181181641.0,175838044.15,1.0
2026-07-14,439.7999877929688,442.75,431.7999877929688,435.3999938964844,3063959,408.53328063964847,413.72291671752913,435.1256626375029,427.2454971535062,445.63059260825565,414.86722843666615,430.2489105224609,59.54954696610194,61.464973675816196,64.47976766157969,8.941200150888108,8.98341816409954,-0.04221801321143204,40.93187318439381,9.19173039515049,54.84281237815238,56.159164570010915,-41.40626396983529,178117682.0,176938147.75,1.0
2026-07-15,437.5,447.3999938964844,436.7999877929688,439.75,3963134,409.44067565917976,413.73724716186507,436.05053011000234,428.3822701395511,443.90943107363125,419.7061328912125,431.8077819824219,62.24033543558019,61.464973675816196,64.47976766157969,8.799089505485597,8.946552432376752,-0.14746292689115492,40.69276806986663,9.39232108121117,39.17847479543902,54.084440139494255,-28.977256307256592,182080816.0,178028607.6,1.0
2026-07-16,439.75,441.5,434.7000122070313,438.2999877929688,2109431,410.2809631347656,413.7591059875487,436.50042164659567,429.2838808353163,443.81704731807474,421.6134000696205,432.71522369384763,60.788739375914155,61.464973675816196,64.47976766157969,8.47180424250979,8.851602794403359,-0.37979855189356826,40.064781797734106,9.20715441776528,24.17976560625953,39.40035092661698,-34.46972805826063,179971385.0,178465058.7,1.0
2026-07-17,438.0,447.6000061035156,432.2000122070313,433.1000061035156,5966445,411.1051898193359,413.7934381103514,435.82033853797964,429.6308013142435,443.89903201532536,421.8345495276434,432.8667907714844,55.76581383781257,61.464973675816196,64.47976766157969,7.704026032842876,8.622087442091264,-0.9180614092483879,40.03829343470971,9.64950009481664,20.361446950986036,27.90656245089486,-65.31527940064609,174004940.0,177997868.4,1.0
2026-07-20,433.1000061035156,434.7999877929688,430.0,433.0,828660,411.96454650878906,413.7720643615722,435.25627083038376,429.9370921038577,443.932156214187,421.8747102408911,432.90343322753904,55.67054114920879,57.56538675076919,64.47976766157969,7.006717535155701,8.299013460704153,-1.2922959255484514,39.589072184996226,9.303106358970366,7.830675968722879,17.457296175322814,-65.76575709670767,173176280.0,177253745.6,1.0
2026-07-21,433.0,434.3500061035156,427.5,429.7000122070313,1215548,412.92987182617185,413.7212442016601,434.1450191057133,429.9155393859644,443.9348843292769,421.8351168914264,432.88500061035165,52.48415022202199,57.56538675076919,64.47976766157969,6.117297691259068,7.8626703068151365,-1.745372615556068,38.69903669025139,9.12788491215217,0.0,9.397374306569638,-80.63055880129193,171960732.0,176770986.85,1.0
2026-07-22,429.7000122070313,430.5,422.0,423.2999877929688,1110423,413.7056396484375,413.6292636108398,431.9760128431644,429.31412560478293,444.25303213646157,421.1869672531868,432.7199996948242,46.87993742030152,57.56538675076919,64.47976766157969,4.840202729918985,7.258176791435907,-2.4179740615169214,36.91940823899686,9.083035989855588,0.0,2.610225322907626,-94.92192389442329,170850309.0,176538841.5,1.0
2026-07-23,422.7999877929688,426.7000122070313,419.0499877929688,421.3999938964844,1508641,414.2680187988281,413.5249737548828,429.86080905382846,428.59465908584673,444.5163904946594,420.72860767428597,432.6224990844727,45.332368094502726,57.56538675076919,64.47976766157969,3.6329042843641446,6.533122290021555,-2.9002180056574103,34.80228552106978,8.980678020156082,0.0,0.0,-91.76881052070135,169341668.0,176551132.8,1.0
2026-07-24,421.3999938964844,424.0,416.6000061035156,421.2999877929688,862880,414.88555786132815,413.41554260253906,428.1486448016566,427.9315071501305,444.7800497553216,420.25994658256894,432.5199981689453,45.24770023425034,57.56538675076919,64.47976766157969,2.6376368753513475,5.754025207087514,-3.1163883317361663,32.46365734676522,8.867772011322389,0.0,0.0,-84.8387687436994,168478788.0,176520280.1,1.0
2026-07-27,422.1000061035156,427.3500061035156,422.1000061035156,424.3500061035156,1064234,415.6398223876953,413.3086595153809,427.38891706202844,427.6059161458928,444.9625128409545,419.38748410728766,432.1749984741211,48.41228747257661,53.25058935998692,64.47976766157969,2.071116726392347,5.017443510948481,-2.946326784556134,30.759650672229455,8.66650388983842,4.794942943521742,1.5983143145072474,-75.0,169543022.0,176328735.3,1.0
2026-07-28,424.3500061035156,428.8999938964844,422.8500061035156,427.1499938964844,2063111,416.3318579101562,413.26108917236337,427.34113242891965,427.56446866867384,444.9332672920072,418.96672965623515,431.9499984741212,51.20075860165465,53.25058935998692,64.47976766157969,1.827020288596941,4.3793588664781735,-2.5523385778812324,29.387760278495257,8.479609882919158,13.814942413106724,6.203295118876155,-65.96778131300402,171606133.0,176037527.35,1.0
2026-07-29,427.1499938964844,427.6499938964844,423.1000061035156,423.8999938964844,870191,416.9877178955077,413.1938488769532,426.6529047224326,427.23133459847475,444.80357816613974,418.0164169510479,431.40999755859383,47.96024966942333,53.25058935998692,64.47976766157969,1.3556966374626995,3.774626420675079,-2.4189297832123793,28.113862055742075,8.198922590779844,17.924963339569054,12.178282898732505,-76.45165228074598,170735942.0,175525677.0,1.0
2026-07-30,423.8999938964844,426.6499938964844,418.8999938964844,422.8500061035156,1639813,417.6259979248046,413.1150076293946,425.89232499864926,426.8330320080239,444.8691748925056,417.0258202246821,430.94749755859385,46.92690707646737,53.25058935998692,64.47976766157969,0.8872167263091342,3.19714448180189,-2.309927755492756,26.198112965551644,8.166856691438428,15.904656217575257,15.881520656750345,-79.83870967741935,169096129.0,175020209.8,1.0
2026-07-31,423.1000061035156,425.6499938964844,420.2999877929688,424.7000122070313,1299272,418.17669860839834,413.0467597961427,425.65386244032567,426.6391211170246,444.86871327870836,416.4712830591824,430.66999816894537,49.011442204985464,53.25058935998692,63.197392427655615,0.6576421634202347,2.6892440181255592,-2.0316018547053245,24.419203096089102,7.965653078015366,14.267741490570545,16.032453682571617,-73.87094805317523,170395401.0,174660819.6,1.0
2026-08-03,426.0499877929688,431.2999877929688,422.9500122070313,428.5,2043005,418.5649877929687,412.9859089660645,426.2230899522605,426.8082919245678,444.85520612261024,416.424789604929,430.6399978637696,53.08729956791163,54.31319903951542,63.197392427655615,0.7734144846594972,2.306078111432347,-1.53266362677285,23.652086136796854,7.993104685724091,25.53614625809702,18.569514655414274,-61.612922914566525,172438406.0,174477755.1,1.0
2026-08-04,392.0,402.3999938964844,388.7999877929688,391.2999877929688,52718651,418.03779602050776,412.7465083312989,419.2384695204022,423.58026427624065,450.8548242914478,406.0151708257398,428.4349975585938,28.808947485595546,54.31319903951542,63.197392427655615,-2.1122168868354265,1.4224191117787925,-3.534635998614219,24.63614489308587,10.257883794388883,22.761510436569075,20.85513272841221,-95.74830064372347,119719755.0,171481000.5,-1.0
2026-08-05,386.0,397.3500061035156,385.8999938964844,393.0,46620081,417.78790161132804,412.52733291625987,413.9907756163218,420.8002402511279,454.1511027609777,399.22889296656143,426.6899978637696,30.375991642520397,54.31319903951542,63.197392427655615,-4.213354829333639,0.2952643235563063,-4.5086191528899455,25.72641516167687,10.343035823863339,17.31614369682827,21.871266797164786,-88.49269902947196,166339836.0,171014756.3,-1.0
2026-08-06,387.25,391.3999938964844,387.25,387.5499877929688,57401466,417.4290069580077,412.3020372009278,408.70261805165126,417.77749002765887,456.08617668604205,392.2038166000909,424.14499664306646,28.230602464309047,54.31319903951542,63.197392427655615,-6.24628889391073,-1.0130463199371011,-5.233242573973629,26.738808982511372,10.01496183644453,1.9377180028394654,14.00512404541227,-96.62577893163488,108938370.0,167511230.0,-1.0
2026-08-07,393.4500122070313,396.8500061035156,391.1000061035156,394.0,36390176,417.27044006347654,412.09348022460944,405.76209444132104,415.6159000251444,455.0238867081283,388.3611077987076,421.69249725341797,34.157528284357404,54.31319903951542,63.197392427655615,-7.25332983518183,-2.261103022986047,-4.992226812195783,26.886930697310508,9.96389444173755,9.88584534969353,9.713235683120422,-83.28172536076241,145328546.0,165665289.05,-1.0
2026-08-10,394.8999938964844,397.5499877929688,392.1499938964844,393.0,17941303,417.2188958740234,411.87931259155283,403.20967555305685,413.5599091137677,453.61122688840493,384.94376883913407,419.2774978637695,33.69295583553503,44.48169148809184,63.197392427655615,-8.039435075947779,-3.416769433578394,-4.622665642369385,26.92470643130781,9.63790154564804,15.273253647771309,9.032272333434769,-84.36121793385215,127387243.0,162975569.15,-1.0
2026-08-11,394.3999938964844,410.4500122070313,393.2000122070313,406.0,49779915,417.5084503173828,411.7109693908692,403.7677404424455,412.8726446488797,451.7500583045099,383.8649380333807,417.8074981689453,44.2990945874865,44.48169148809184,63.197392427655615,-7.526674964571271,-4.238750539776969,-3.2879244247943014,25.348068928786567,10.195909450032559,36.821426434906655,20.66017514412383,-55.726852850806054,177167158.0,162928042.95,-1.0
2026-08-12,409.0,417.0,404.7000122070313,417.0,20957554,417.9750128173828,411.6227862548828,406.4141923539564,413.2478587717088,449.0030125410273,384.3369837968634,416.66999816894537,51.385093865881345,44.48169148809184,63.197392427655615,-6.16167288341228,-4.623335008504032,-1.5383378749082475,23.8521393653325,10.346200760242283,59.92394016218577,37.33954008162124,-31.49777470361319,198124712.0,163730237.75,-1.0
2026-08-13,414.5,416.7000122070313,409.1000061035156,412.1499938964844,18983295,418.42762878417966,411.4908111572265,407.561352662462,413.14805287396115,446.08758171508015,384.63741523316213,415.36249847412114,48.45798748832411,44.48169148809184,63.197392427655615,-5.408903387816963,-4.780448684366618,-0.6284547034503447,22.46306191355372,10.17147169854529,79.7241461070176,58.823170901370005,-42.18060896692614,179141417.0,163688739.35,-1.0
2026-08-14,411.0,416.1499938964844,406.25,413.5,14993510,418.88281738281245,411.3600900268554,408.7490821299696,413.1800480672374,443.95413368065863,384.8108626572322,414.3824981689454,49.323329042990416,44.48169148809184,63.197392427655615,-4.649793998248811,-4.754317747143057,0.10452374889424654,20.86198246452196,10.15208042696951,86.4617460846855,75.36994411796296,-39.207026841356374,194134927.0,164695238.7,-1.0
2026-08-17,413.4500122070313,414.8500061035156,410.0,410.0,4621227,419.3539904785155,411.19025070190423,408.9992657039757,412.8909527883976,441.5165187394302,384.94847759846056,413.23249816894537,47.114812530896444,50.59863449028374,63.197392427655615,-4.281263348322227,-4.659706867378891,0.3784435190566642,19.37526583327819,9.77336083243709,80.73521248398708,82.30703489189673,-46.91627897909956,189513700.0,165512109.7,-1.0
2026-08-18,410.1000061035156,413.9500122070313,407.0,410.0,5374472,419.661011352539,411.03995330810545,409.1994125631806,412.6281388985432,439.4689989094318,385.02599620775595,412.24749755859386,47.11481253089645,50.59863449028374,63.197392427655615,-3.9437391827293595,-4.516513330448985,0.5727741477196258,18.348085879813134,9.571693073479533,78.9339877116728,82.04364876011513,-46.91627897909956,189513700.0,166389758.1,-1.0
2026-08-19,411.0,415.3999938964844,410.0,413.1000061035156,9495877,420.18539001464836,410.91993438720704,409.97953127124765,412.67103591717705,438.4648367121791,385.0101602360633,411.7374984741212,49.44031343954192,50.59863449028374,63.197392427655615,-3.387060341796598,-4.290622732718508,0.9035623909219099,17.205931928676613,9.273714560837021,79.09086615247276,79.58668878271088,-40.0880707846582,199009577.0,167797721.5,-1.0
2026-08-20,415.0499877929688,424.3999938964844,412.9500122070313,419.0,19032512,420.8815087890624,410.7678584289551,411.78362501699814,413.2463962883428,438.183236532338,385.0517610262559,411.61749877929697,53.620381333029115,50.59863449028374,63.197392427655615,-2.4416621887331758,-3.9208306239214417,1.479168435188266,16.859446897935243,9.429162212881025,87.10009201237132,81.70831529217229,-27.09248776775994,218042089.0,170232742.55,-1.0
2026-08-21,421.7000122070313,425.8999938964844,419.5499877929688,422.25,10062346,421.52244506835933,410.6667193603516,413.8769000135985,414.06490571667524,438.3069207237716,385.02307805552545,411.66499938964853,55.78872675391477,50.59863449028374,63.197392427655615,-1.4138811606779882,-3.419440731272751,2.005559570594763,16.6951638643254,9.248507333138408,95.10931787226986,87.1000920123713,-9.12498474121094,228104435.0,173214024.9,1.0
2026-08-24,426.0,427.25,419.25,421.8500061035156,10848478,422.0312902832031,410.58703079223636,415.47152123158196,414.7726421154789,437.95380891662563,385.1261898626714,411.53999938964853,55.445153324967976,53.095913216922455,63.197392427655615,-0.6244353536799281,-2.860439655754187,2.236004302074259,16.687845834956093,9.159328237914236,99.58442572102486,93.931278535222,-13.059233614055653,217255957.0,175599671.65,1.0
2026-08-25,421.8999938964844,428.1499938964844,420.2000122070313,424.0,11707497,422.47956359863275,410.44957321166993,417.1772169852656,415.61149283225353,437.4395540940678,385.3254452955808,411.3824996948243,56.97879614052827,53.095913216922455,63.197392427655615,0.1727018754959886,-2.253811349504152,2.4265132250001407,16.781126379884444,9.072946341595582,99.58442572102486,98.09272310477317,-10.146685857674653,228963454.0,178467537.7,1.0
2026-08-26,423.8999938964844,427.8999938964844,415.1499938964844,415.2999877929688,15185925,422.6141119384765,410.3283406066895,416.80177114680623,415.58317419231855,436.41689742833796,385.488101350959,410.9524993896485,49.54669993388746,53.095913216922455,63.197392427655615,0.10125341032369306,-1.7827983975385833,1.8840518078622763,16.091075620312576,9.335593031481613,88.94549077272336,96.03811407159101,-34.68288889950514,213777529.0,180619617.05,1.0
2026-08-27,417.4500122070313,421.25,412.7000122070313,413.9500122070313,5422128,422.4900891113281,410.1981596374512,416.23141935885127,415.4347049209288,435.40113814666404,385.6138612429846,410.50749969482433,48.48978734924377,53.095913216922455,63.197392427655615,-0.06356897705501297,-1.4389525134418693,1.3753835363868563,15.098849562511123,9.279478371587834,77.20917549120855,88.57969732831891,-39.444393581814076,208355401.0,182582580.65,1.0
2026-08-28,416.7999877929688,422.0,409.5,422.0,16058167,422.3287158203124,410.10932785034186,417.385135487081,416.0315499281171,434.9695828507339,385.77541531821146,410.3724990844727,54.695851977297195,53.095913216922455,63.197392427655615,0.45018537503102607,-1.0611249357472903,1.5113103107783163,14.306263032053897,9.50951563076013,71.20760373054566,79.12075666482585,-17.59655827899982,224413568.0,185283489.0,1.0
2026-08-31,418.0,421.8999938964844,412.3500061035156,418.0,7463242,422.0433728027343,409.993900756836,417.50810838966487,416.2104999346519,433.23390312994167,386.46109503900374,409.8474990844727,51.38307288192203,53.013455592827,61.91891918785441,0.5284808317932743,-0.7432037822391774,1.2716846140324516,13.570289825200756,9.519549792597576,62.93692609209531,70.4512351046165,-43.28358985904652,216950326.0,187509085.0,1.0
2026-09-01,418.8500061035156,418.8999938964844,409.9500122070313,412.1499938964844,3609510,421.68499938964834,409.83310150146485,416.43648549102875,415.84136302209123,432.59347312019867,389.18652565909844,410.88999938964855,46.90832075814464,53.013455592827,61.91891918785441,0.11713369898421888,-0.5711362859944982,0.688269984978717,13.230710989174407,9.478866356658683,41.75548231925192,58.633337380630955,-73.05938109219517,213340816.0,192190138.05,1.0
2026-09-02,411.9500122070313,412.5,406.7999877929688,408.25,2710302,421.31799926757805,409.6383901977539,414.799188392823,415.15123911099204,431.7194035931582,391.5855951861388,411.6524993896485,44.14804376393556,53.013455592827,61.91891918785441,-0.5175922993634003,-0.5604274886682786,0.042835189304878285,13.346455321267364,9.208948203113863,14.423720746581488,39.70537638597624,-90.8675773634756,210630514.0,194404671.95,1.0
2026-09-03,411.7999877929688,417.0,411.0,416.8999938964844,5101486,421.1889990234375,409.4865623474121,415.21934949355534,415.31021681876405,429.76658651680566,396.4734128728429,413.1199996948243,51.030799404334026,53.013455592827,61.91891918785441,-0.31895825733079164,-0.5121336424007812,0.19317538506998955,12.695817471016985,9.17616618860573,17.880883464934236,24.68669551025588,-52.693193367038596,215732000.0,199744353.45,1.0
2026-09-04,416.8500061035156,419.2999877929688,415.2999877929688,415.3500061035156,5411741,421.0289990234374,409.3305265808105,415.24548081554747,415.3138340264687,428.20158654570656,400.17341345429344,414.1875,49.84544931352534,53.013455592827,61.91891918785441,-0.2833441935554788,-0.4663757526317207,0.1830315590762419,11.84668420969245,8.80644003227675,32.68231620601969,21.662306805845137,-59.95308727738986,210320259.0,202993939.1,1.0
2026-09-07,418.7000122070313,419.6000061035156,410.25,411.5,2694855,420.6339990234374,409.1692864990234,414.496384652438,414.9671218422443,425.1027526507766,405.1222473492234,415.1125,46.92951235393559,50.75548328654286,61.91891918785441,-0.5593354373902457,-0.48496768958342573,-0.07436774780681998,11.682272119671762,8.845266180222385,39.9083632019706,30.157187624308175,-77.98589759533009,207625404.0,207005847.15,1.0
2026-09-08,414.1000061035156,416.25,409.75,410.75,6844270,420.21599914550774,409.01870849609367,413.74710772195044,414.583747129313,424.62861239767835,406.0713876023217,415.35,46.36054716299313,50.75548328654286,61.91891918785441,-0.8290227601964943,-0.5537787037060395,-0.2752440564904548,11.599588802936998,8.677747167349358,27.77539779649967,33.45535906816332,-81.49877715313266,200781134.0,208186545.95,1.0
2026-09-09,410.0,410.9500122070313,406.5499877929688,407.5,5491468,419.6719989013671,408.8698347473144,412.49768617756035,413.93977011755726,424.7513681597208,404.9986318402792,414.875,43.878022978805056,50.75548328654286,61.91891918785441,-1.2901279531620844,-0.7010485535972486,-0.5890793995648358,11.966800379705072,8.372195542114582,12.973965055414212,26.885908684628163,-95.60179658061962,195289666.0,208044793.65,1.0
2026-09-10,407.5,407.6499938964844,402.3500061035156,405.6000061035156,7670673,419.1419989013671,408.70510971069336,411.1181501627515,413.18160975264436,425.2076310987043,403.8873701219988,414.54750061035156,42.447003643541336,50.75548328654286,61.91891918785441,-1.7882568573057824,-0.9184902143389555,-0.8697666429668269,12.839529004949856,8.152752131461309,5.747918059463303,15.499093637125728,-87.40309481508469,187618993.0,208468672.45,1.0
2026-09-11,402.0,405.6499938964844,400.25,404.1000061035156,8144654,418.6189990234375,408.53984664916993,409.71452135090436,412.35600942090537,425.7160684193085,402.43893341174623,414.07750091552737,41.301778330780614,50.75548328654286,61.91891918785441,-2.277807914885045,-1.1903537544481735,-1.0874541604368717,13.898669481246547,7.956126543248671,0.0,6.240627704959172,-86.2006919506862,179474339.0,207735643.05,1.0
2026-09-14,404.1000061035156,404.1000061035156,404.1000061035156,404.1000061035156,0,418.1189990234375,408.36127059936524,408.59161830142665,411.605463664779,426.13351734701513,401.4314850943911,413.7825012207031,41.301778330780614,47.100589200451466,61.91891918785441,-2.635401388317405,-1.4793632812220197,-1.1560381070953851,14.882157066379188,7.38783179015948,0.0,1.9159726864877675,-86.07592421926306,179474339.0,207233675.0,1.0
2026-09-15,402.6000061035156,404.7000122070313,390.6499938964844,391.5,12174521,417.24099914550777,408.13386245727537,405.17329464114135,409.7776942407081,428.68347016644464,397.0315322749616,412.8575012207031,32.70545160605472,47.100589200451466,61.91891918785441,-3.8906628428446197,-1.9616231935465398,-1.92903964929808,17.1097705272241,7.863702255901441,0.0,0.0,-97.28865729496523,167299818.0,206122980.9,-1.0
2026-09-16,392.0,395.5,386.5,395.5,7015226,416.59299926757814,407.9566221618652,403.23863571291315,408.4797220370074,429.60180931618027,394.3531925148744,411.97750091552734,37.17583533824005,47.100589200451466,61.91891918785441,-4.510703437213863,-2.4714392422800047,-2.039264194933858,19.478525804091163,7.94486638047991,6.776265486630831,2.258755162210277,-74.64788732394366,174315044.0,204888254.25,-1.0
2026-09-17,395.5,406.0,392.5499877929688,400.0,7410477,415.8239990234375,407.79748489379875,402.59090857033055,407.70883821546124,429.10058183510324,392.95441999595147,411.02750091552736,41.855460447302924,47.100589200451466,61.91891918785441,-4.586111840925241,-2.894373762009052,-1.691738078916189,19.797812423063775,8.338091082376431,23.105983827282344,9.960749771304393,-61.86440020448505,181725521.0,203072425.85,-1.0
2026-09-18,400.0,407.7000122070313,398.7999877929688,407.7000122070313,6937082,415.11699951171875,407.7155651855468,403.61272929767074,407.7080358510585,427.62697954351125,392.9730235082465,410.3000015258789,48.87318988455198,47.100589200451466,61.91891918785441,-3.9786831282758044,-3.1112356352624024,-0.867447493013402,19.831892667540952,8.378229177496864,52.514681289157814,27.465643534356996,-35.95163656244883,188662603.0,201100334.25,-1.0
2026-09-21,400.2000122070313,402.2000122070313,396.0499877929688,400.0,7381704,414.29099975585933,407.57413772583,402.8901834381366,407.0073053191441,426.22069165552784,392.1943107858783,409.2075012207031,43.251423736673885,48.381539485440136,61.91891918785441,-4.071682311481425,-3.303324970506207,-0.7683573409752178,20.143127101290016,8.611928837251552,64.92126614859136,46.847310421677165,-59.21450903126531,181280899.0,199301581.35,-1.0
2026-09-22,400.8500061035156,406.7999877929688,399.5499877929688,404.5499877929688,5528988,413.67399963378904,407.4719486999511,403.2221443091031,406.78391281676454,423.8544240387322,392.6155771819707,408.23500061035145,47.12204138180228,48.381539485440136,61.91891918785441,-3.7351819922008076,-3.389696374845127,-0.3454856173556804,19.711337992633787,8.514648206019299,74.81495146798066,64.08363296857661,-45.46832488030363,186809887.0,197193903.0,-1.0
2026-09-23,404.3999938964844,407.5,401.6499938964844,407.5,3944345,413.028999633789,407.41467758178703,404.0777154472825,406.84901165160414,423.1070941698481,392.58290827155815,407.8450012207031,49.52581139479012,48.381539485440136,61.91891918785441,-3.1936473552553366,-3.3504865709271696,0.156839215671833,19.203289716692943,8.324316627269036,78.11796547734632,72.6180610313061,-36.5559029375238,190754232.0,196042738.15,-1.0
2026-09-24,400.8999938964844,417.7999877929688,398.5,406.0,14741490,412.3829998779297,407.34160110473624,404.46217235782603,406.7718287741856,422.45204217756924,392.44295904313395,407.4475006103516,48.32292780162885,48.381539485440136,61.91891918785441,-2.852631359298016,-3.250915528601339,0.3982841693033232,18.317879634368385,9.108293139104735,89.88466355896215,80.9391935014297,-41.0876241562721,176012742.0,194425605.2,-1.0
2026-09-25,404.0,410.0499877929688,403.0499877929688,409.0499877929688,11594970,411.9019995117187,407.28866012573235,405.3797354448546,406.97893413952954,420.1913157812527,393.40868421874734,406.8,50.932546451192735,48.381539485440136,61.91891918785441,-2.309641095683901,-3.0626606420178515,0.7530195463339506,17.495713129352723,8.957700772025825,96.99459323225464,88.33240742285437,-27.955282468083233,187607712.0,192585312.4,-1.0
2026-09-28,408.0,408.0,400.5,400.6499938964844,5071575,411.2549993896484,407.19518493652333,404.4337871351806,406.40357593561635,418.490879548942,393.37411984070644,405.93249969482423,44.29776642555834,48.8814215657154,61.91891918785441,-2.527985660427248,-2.9557256456997307,0.4277399852724826,16.37254357621499,8.928578416378896,85.48266687578331,90.78730788900003,-54.79233413738579,182536137.0,190864602.95,-1.0
2026-09-29,400.0,401.0,390.0,390.0,9662972,410.4609991455078,407.0258644104003,401.54702970814446,404.9123417596512,418.8909536511964,390.75904634880357,404.825,37.60858200745126,48.8814215657154,61.91891918785441,-3.519816548644542,-3.0685438262886935,-0.45127272235584837,16.333669090818432,9.076537100923261,63.49986171877565,81.9923739422712,-88.8178870127667,172873165.0,188841220.4,-1.0
2026-09-30,395.0,398.9500122070313,391.8999938964844,395.2000122070313,6311852,409.898999633789,406.9086810302734,400.27762620792186,404.02940270941303,418.7701727643817,389.57482845632165,404.1725006103517,42.19815938629533,48.8814215657154,57.64526088389402,-3.8419643727708035,-3.2232279355851157,-0.6187364371856878,16.29757135437877,9.067499608502407,47.52659565689186,65.50304141715027,-72.20442300304772,179185017.0,187268945.55,-1.0
2026-10-01,394.0,396.75,386.0,391.8500061035156,5861228,409.30799987792966,406.7806103515625,398.5921021870406,402.9221848361496,417.2151372694996,388.6248651719067,402.92000122070317,40.14912232059209,48.8814215657154,57.64526088389402,-4.317813276024594,-3.4421450036730112,-0.8756682723515832,16.87298755920832,9.187678207895093,39.93964128993765,50.32203288853505,-81.60374732971091,173323789.0,185148535.0,-1.0
