Date,Open,High,Low,Close,Volume,MA50,MA200,EMA9,EMA21,BB_Upper,BB_Lower,BB_Mid,RSI,RSI_W,RSI_M,MACD,MACD_Signal,MACD_Hist,ADX,ATR,StochRSI_K,StochRSI_D,Williams_R,OBV,OBV_SMA20,Supertrend_Dir
2025-07-23,3442.575120295206,3456.2416830424227,3425.1455078779727,3451.19091796875,1192261,3557.399790039064,3441.7124255371104,3466.496666532595,3504.4956411694648,3670.335930863822,3382.4965398393033,3526.4162353515626,40.30776541076049,48.833824719176164,73.19356749991749,-32.748625870468004,-21.59470839597203,-11.153917474495973,22.72491761749386,51.0720959625243,34.815966279243675,23.713979226544645,-76.34538834079186,-22855696.0,-16915661.4,-1.0
2025-07-24,3451.1908727811447,3459.608653274326,3427.522151400184,3443.862548828125,1083671,3555.275195312502,3441.7908337402355,3461.9698429917016,3498.9835418657062,3658.084312933527,3376.7142954649107,3517.399304199219,39.3900358912704,48.833824719176164,73.19356749991749,-33.0933416143871,-23.894435039655043,-9.198906574732057,23.46261961402576,49.71598209906842,31.48644191801194,29.17580897025479,-80.72146611533991,-23939367.0,-17470310.55,-1.0
2025-07-25,3436.435129815252,3443.3674197024875,3404.1503687716367,3409.59716796875,1338744,3552.730209960939,3441.8235046386735,3451.4953079871116,3490.8575078750737,3641.008689715568,3370.3884782531823,3505.698583984375,35.33860621389088,48.833824719176164,73.19356749991749,-35.719706649095315,-26.2594893615431,-9.460217287552215,24.650808609533406,49.0014248103127,29.10131306218977,31.801240419815127,-96.88561843314656,-25278111.0,-18227926.9,-1.0
2025-07-28,3396.9211414026654,3412.766375277788,3372.162963472787,3389.097412109375,2256080,3549.8635351562507,3441.439455566408,3439.0157288115643,3481.606590078192,3624.0381684351128,3362.8384917211374,3493.438330078125,33.14234984098314,47.807657513469636,73.19356749991749,-39.005646028043884,-28.80872069484326,-10.196925333200625,26.328630068836226,48.401566738504734,15.510365496454856,25.36604015888552,-91.45007504815233,-27534191.0,-19022903.15,-1.0
2025-07-29,3384.938115982578,3470.4033952948885,3373.549354035884,3461.78759765625,1241060,3549.086464843751,3441.641093750002,3443.5701025805015,3479.804863494379,3598.8418190624366,3371.090358671939,3484.966088867188,45.96602021200676,47.807657513469636,73.19356749991749,-35.336943890682505,-30.114365334011108,-5.222578556671397,25.699509439268205,51.862457775683296,37.072270504138416,27.22798302092768,-51.02807489651544,-26293131.0,-19703107.4,-1.0
2025-07-30,3586.964754517144,3649.652508273549,3555.274287332012,3629.64794921875,8760659,3551.250585937501,3442.813265380861,3480.7856719081515,3493.426962196594,3615.1425761349956,3361.553542029068,3488.348059082032,63.416395334694606,47.807657513469636,73.19356749991749,-18.66933503858263,-27.825359274925415,9.156024236342784,26.046219642353222,61.57691869294155,66.66666666666666,39.74976755575331,-7.209121723545353,-17532472.0,-19878769.9,1.0
2025-07-31,3589.935701355291,3627.4690013557615,3585.974392995174,3601.324462890625,1927627,3553.5860839843754,3443.7349084472676,3504.8934301046465,3503.2358258960517,3625.0880680935834,3356.916204367355,3491.002136230469,59.90114544816262,47.807657513469636,71.88584261784759,-7.657334590450773,-23.791754338030486,16.134419747579713,26.36816483093217,60.29810708798686,96.12952301858459,66.62282006312988,-17.416168028104806,-19460099.0,-20089362.05,1.0
2025-08-01,3600.8294691403003,3600.8294691403003,3543.4896246354265,3552.6005859375,1205945,3553.995366210938,3444.0572558593767,3514.4348612712174,3507.723531354365,3623.9822463062114,3357.299076935977,3490.6406616210943,54.32266949120114,47.807657513469636,71.88584261784759,-2.8292408385691488,-19.59925163813822,16.77001079956907,25.724518069244063,60.12215931421626,86.11684747952984,82.97101238826035,-34.97498343792821,-20666044.0,-20395071.55,1.0
2025-08-04,3560.4239189094,3601.621622718892,3542.4000141599004,3595.976806640625,1033049,3554.3145410156253,3444.6119384765643,3530.743250345099,3515.7465563803885,3632.4839950210953,3353.719252049218,3493.1016235351567,58.06665770772735,54.58424259184399,71.88584261784759,4.445907095360781,-14.790219891438422,19.236126986799203,25.103508352688742,60.05783426027165,80.22650198201063,87.490957493375,-19.343323969724015,-19632995.0,-20613151.65,1.0
2025-08-05,3594.887552678455,3622.3195663637375,3573.397501890162,3617.26904296875,1158433,3555.230283203125,3445.3677661132833,3548.0484088698295,3524.9758733429667,3641.52873015401,3349.2498587131786,3495.3892944335944,59.808167103013794,54.58424259184399,71.88584261784759,11.793669689767285,-9.473441975197282,21.267111664964567,24.846196275152813,59.2624221326505,80.12412788165226,82.15582578106424,-11.670156916380492,-18474562.0,-20849005.7,1.0
2025-08-06,3614.693896336181,3635.490765328801,3587.1627547425182,3593.302734375,931383,3555.5430712890625,3445.8188098144556,3557.0992739708636,3531.1874061640606,3648.8996287979353,3346.701836045816,3497.8007324218756,56.941609747935814,54.58424259184399,71.88584261784759,15.50422067004547,-4.4779094461487325,19.982130116194202,24.806942404387247,58.481392736481375,83.00772031649734,81.11945006005341,-20.30698992245207,-19405945.0,-21080985.1,1.0
2025-08-07,3575.37795772612,3613.703567928493,3564.385230265241,3606.375244140625,1211790,3555.940698242187,3446.2984216308614,3566.954468004816,3538.02266416193,3658.8770256183516,3343.3497321941495,3501.1133789062505,58.120686846904015,54.58424259184399,71.88584261784759,19.27748252284846,0.27316894765070554,19.004313575197752,24.218281240780726,57.8268888026793,83.06720927069946,82.06635248961635,-15.5959980993147,-18194155.0,-21199179.5,1.0
2025-08-08,3606.375222575065,3626.8749449533702,3565.177518977473,3572.7041015625,1337067,3555.2763525390624,3446.5714123535176,3568.1043947163535,3541.175522107437,3665.4161965963285,3343.445741880236,3504.430969238282,54.01766539881404,54.58424259184399,71.88584261784759,19.328038326957085,4.084142823511982,15.243895503445103,23.893893782305327,58.10335574362343,76.691559094927,80.92216289404126,-27.730200345493362,-19531222.0,-21312239.9,1.0
2025-08-11,3575.0810068518304,3641.333796389056,3565.177735364706,3632.916015625,1822410,3555.7279394531247,3447.5070263671896,3581.0667188980833,3549.5155669726696,3682.4038967755682,3343.5411959978696,3512.972546386719,59.520845707039804,55.4597642516821,71.88584261784759,23.950614641977154,8.057437187205018,15.893177454772136,23.834915972492205,59.39283469224673,79.53143498756222,79.76340111772956,-6.031395763240621,-17708812.0,-21266237.6,1.0
2025-08-12,3644.403732190173,3691.840303623083,3637.570571903948,3650.44482421875,2280103,3556.5459472656244,3448.807467041018,3594.942339962217,3558.69095399504,3700.5813390948815,3344.387948014494,3522.484643554688,60.984747023493064,55.4597642516821,71.88584261784759,28.697659282112454,12.185481606186507,16.512177675925948,24.53331270874992,59.359367071235035,82.68491748374196,79.63597052207706,-12.949144091624042,-15428709.0,-21026970.5,1.0
2025-08-13,3660.2489921110528,3680.055534276156,3645.691231975517,3657.97119140625,1227196,3557.8769433593743,3450.2080895996114,3607.548110251024,3567.716430123332,3717.9757714562948,3345.7998144812054,3531.88779296875,61.626444161386324,55.4597642516821,71.88584261784759,32.69020891219452,16.28642706738811,16.40378184480641,25.181823963846373,57.57400530190674,91.06258735297344,84.4263132747592,-10.59478041230868,-14201513.0,-20789691.8,1.0
2025-08-14,3664.210385345136,3672.628165960117,3606.474265241853,3641.432861328125,1769702,3558.5582861328116,3452.096329345705,3614.3250604664445,3574.4179238692222,3728.935348308332,3354.943875324481,3541.9396118164063,59.31772504924739,55.4597642516821,71.88584261784759,34.12643988209811,19.854429630330113,14.272010251767998,24.73548262285674,58.18685497450367,90.83894071167845,88.19548184946461,-15.768225008146942,-15971215.0,-20530034.45,1.0
2025-08-18,3663.220039061424,3665.695856876416,3586.6677038660705,3599.938232421875,1950151,3558.138388671874,3453.706450195314,3611.4476948575307,3576.7379519194633,3731.4755810415077,3369.26892579443,3550.3722534179688,53.86520560274768,58.41154628628483,71.88584261784759,31.55267392147198,22.19407848855849,9.35859543291349,23.842006361365172,59.675519119920956,75.27183641227471,85.7244548256422,-28.87360489526908,-17921366.0,-20276949.85,1.0
2025-08-19,3613.6046500159473,3618.655415205292,3573.2983832653463,3578.052001953125,1352944,3556.8331396484364,3455.0104150390644,3604.76855627665,3576.8574110134327,3733.135308270056,3378.522601886194,3555.828955078125,51.192314482452886,58.41154628628483,71.88584261784759,27.430705864539505,23.241403963754692,4.1893019007848125,22.696715982290453,58.652770035637,43.909334467256144,70.00670386373643,-76.1429879978865,-19274310.0,-20167593.6,1.0
2025-08-20,3578.547133180976,3584.8851301879954,3545.371173872393,3557.55224609375,1325096,3555.1000683593743,3456.0772131347676,3595.3252942400704,3575.1023960207344,3729.4660690966416,3394.8383254346086,3562.152197265625,48.752096372953424,58.41154628628483,71.88584261784759,22.25333491531819,23.04379015406739,-0.7904552387491997,21.14439933111331,57.2857119127774,15.088854986792251,44.75667528877437,-89.86067814223374,-20599406.0,-19995166.05,1.0
2025-08-21,3564.187216509058,3612.713244185897,3553.293618459156,3577.65576171875,1624009,3553.6700341796873,3456.194916992189,3591.7913877358064,3575.334520175099,3727.4851794930782,3409.465699413172,3568.475439453125,51.2083725240266,58.41154628628483,71.88584261784759,19.54709014837408,22.344450152928733,-2.797360004554651,20.144347447603398,57.438134328060535,6.359613166268623,21.785934206772335,-76.4081375340647,-18975397.0,-19801151.1,1.0
2025-08-22,3575.08090731123,3599.343921779132,3547.3517479193424,3561.018310546875,1060447,3553.5096044921866,3456.209564208986,3585.6367722980203,3574.033046572533,3722.2595430637602,3426.406912014365,3574.3332275390626,49.11051939620702,58.41154628628483,71.88584261784759,15.876849965138263,21.05093011537064,-5.174080150232378,19.07696929044695,57.04913715175547,7.287616223572031,9.578694792210968,-87.54131402324298,-20035844.0,-19605974.95,1.0
2025-08-25,3581.02292608538,3582.9044509333585,3549.629604209751,3568.247802734375,980393,3553.8205712890613,3456.5149755859393,3582.1589783852914,3573.507115314518,3708.4076904452118,3456.123828109476,3582.265759277344,50.06775940650363,53.909806734690214,71.88584261784759,13.3970845263907,19.520160997574656,-6.123076471183957,18.085832430230248,55.35097354974489,10.694036119349278,8.113755169729977,-84.38126252206095,-19055451.0,-19294841.95,1.0
2025-08-26,3564.1872355123155,3565.1775626130416,3496.8449926629582,3507.04541015625,1787363,3552.0894824218735,3456.5126562500013,3567.136264739483,3567.4651421183116,3683.562035214373,3492.7642831450034,3588.163159179688,42.73853892589201,53.909806734690214,71.88584261784759,6.4193328855117215,16.89999537516207,-10.48066248965035,17.605224360341918,56.49753330129288,4.334422953080654,7.438691765333987,-94.76889088098243,-20842814.0,-18960273.1,1.0
2025-08-28,3505.7579029732888,3542.3008759282447,3502.9849387620147,3525.66357421875,1695226,3550.8575146484363,3456.256828613283,3558.8417266353367,3563.664999581988,3672.0916109826167,3510.622305033009,3591.356958007813,45.35896368062587,53.909806734690214,71.88584261784759,2.364488329860251,13.992893966101708,-11.628405636241457,17.158945438302755,55.270276434502684,8.030939700139557,7.686466257523163,-85.22088484390018,-19147588.0,-18602995.95,1.0
2025-08-29,3541.013756545707,3580.0325484674395,3505.9560313355887,3566.16796875,1678055,3550.8476123046867,3456.198125000001,3560.30697505827,3563.8925422336256,3667.559078531184,3508.8068394375673,3588.1829589843755,50.65006225316148,53.909806734690214,71.88584261784759,2.391789870462162,11.6726731469738,-9.280883276511638,16.04017152058042,56.613579341456116,18.586758652677556,10.317373768632589,-64.44890097833283,-17469533.0,-18599849.0,1.0
2025-09-01,3566.1679648058634,3593.501090073076,3547.252620072072,3563.593017578125,1094155,3550.3979980468735,3456.059090576173,3560.964183562241,3563.8653127194893,3666.1495185864687,3506.443254851032,3586.2963867187505,50.316490853808915,54.15348480141571,70.44095432433883,2.1805138914623967,9.77424129587152,-7.5937274044091225,15.300240366461566,55.87321438856665,31.960311434091615,19.526003262302908,-65.76942051246746,-18563688.0,-18555028.45,1.0
2025-09-02,3563.5929997406147,3584.885032747986,3525.5645351739663,3540.3203125,1230950,3548.672846679686,3455.957982177735,3556.8354093497933,3561.724858154081,3666.805197186232,3504.559548907519,3585.6823730468755,47.28540335957145,54.15348480141571,70.44095432433883,0.1336230311262625,7.846117642922469,-7.712494611796206,14.319566055443008,56.119448901813286,35.360087913496,28.635719333421722,-77.70442805882026,-19794638.0,-18511458.15,1.0
2025-09-03,3559.2356978772013,3571.4167699068885,3525.564575526665,3565.969970703125,1314831,3549.0115429687485,3456.1690930175787,3558.66232162046,3562.110777476721,3665.612554126397,3502.751508373604,3584.1820312500004,50.80300083138227,54.15348480141571,70.44095432433883,0.5745374213552168,6.391801598609018,-5.817264177253802,13.408939909497207,55.38607357884258,35.629993577665665,34.316797641751094,-62.27019611889663,-18479807.0,-18453798.75,1.0
2025-09-04,3587.856084029622,3589.836738301471,3537.943693090656,3557.849365234375,1434998,3548.769907226561,3456.5525170898445,3558.499730343243,3561.72337636378,3661.8911066169035,3500.5309881096605,3581.211047363282,49.67287688162502,54.15348480141571,70.44095432433883,0.2656381464344122,5.1665689081740975,-4.900930761739685,12.79829306311583,55.136571552554905,36.19829516742706,35.72945888619624,-65.29566998526653,-19914805.0,-18525810.9,1.0
2025-09-05,3558.047337382281,3574.189717849857,3514.770090444606,3519.2265625,830812,3547.4587158203108,3456.8492834472663,3550.6450967745945,3557.8600296488908,3662.5342255969867,3492.480251942076,3577.5072387695313,44.59205197843129,54.15348480141571,70.44095432433883,-3.0604254710915484,3.5211700323209683,-6.581595503412517,12.12871684026648,55.44250411346177,33.72676416479269,35.18501763662847,-86.7447703384287,-20745617.0,-18592794.5,1.0
2025-09-08,3535.467859637405,3545.272001528127,3490.903138717606,3495.458740234375,1039999,3544.8838671874983,3456.949208984375,3539.607825466551,3552.1871851566616,3663.2954058148116,3480.6274213336255,3571.9614135742186,41.76119382412591,51.481573141965704,70.44095432433883,-7.527447739959825,1.3114464778648094,-8.838894217824635,12.062725621893142,55.36581544896601,19.494619652307783,29.806559661509176,-96.43403496045872,-21785616.0,-18772367.55,1.0
2025-09-09,3512.888289742588,3515.6612540170654,3482.386166281497,3490.903076171875,1522116,3541.829697265623,3457.204194335938,3529.866875607616,3546.6159025216807,3666.1291845433043,3469.6135400660705,3567.8713623046874,41.22102879817857,51.481573141965704,70.44095432433883,-11.304883428646463,-1.2118195034374453,-10.093063925209018,12.191922871088945,53.78790632658047,5.5527652811323245,19.591383032744265,-93.46497287645361,-23307732.0,-18961193.05,1.0
2025-09-10,3524.5743212890625,3542.796244108677,3506.847562043667,3515.661376953125,1136732,3539.456874999998,3457.692861328125,3527.025775876718,3543.801854742721,3657.8890288705375,3466.12823187165,3562.0086303710937,45.35757029218573,51.481573141965704,70.44095432433883,-12.160561089043313,-3.401567820558619,-8.758993268484694,11.552088518189317,53.65256787016772,13.805944828958745,12.951109920799619,-74.46792239442625,-22171000.0,-19184302.45,1.0
2025-09-11,3513.680701137509,3530.2191160593115,3498.825794001922,3505.4609375,1177793,3536.941445312498,3457.5418212890627,3522.7128082013746,3540.3163168115643,3644.193511955078,3465.3253601152346,3554.7594360351563,43.98417796923082,51.481573141965704,70.44095432433883,-13.506092191437801,-5.422472694734456,-8.083619496703346,11.157577250777555,52.06262174068357,23.41826388491547,14.258991331668845,-80.27084982921924,-23348793.0,-19580306.65,1.0
2025-09-12,3521.999295876212,3560.6220538086504,3513.7797741497543,3545.173095703125,1146873,3536.604736328123,3456.8559118652342,3527.204865701725,3540.7578421653425,3624.227477635686,3474.011584864314,3549.11953125,50.29433300976612,51.481573141965704,70.44095432433883,-11.23844619344709,-6.585667394476983,-4.652778798970107,10.728594469703781,52.283942781252634,54.98206647915703,30.735425064343744,-43.49370248464637,-22201920.0,-19980327.0,1.0
2025-09-15,3546.3613337803777,3572.109838298191,3540.914534747763,3551.510986328125,1177076,3536.6700976562483,3456.4489489746097,3532.0660898270053,3541.7354007255954,3605.968686732107,3483.278188267892,3544.6234374999995,51.23842214622992,52.8659005767814,70.44095432433883,-8.828140291107047,-7.034161973802996,-1.7939783173040516,10.608997840445655,50.7776114076223,74.50945498353161,50.96992844920136,-37.789796646679775,-21024844.0,-20233008.45,1.0
2025-09-16,3569.0397307325097,3638.461756993749,3558.344391500482,3632.32177734375,2928060,3538.1199316406237,3456.4651733398437,3552.1172273303546,3549.9705258727,3614.99729028613,3477.4879392060566,3546.2426147460933,61.325052920878925,52.8659005767814,70.44095432433883,-0.3926735311488301,-5.705864285272162,5.313190754123332,11.821672814945785,53.36140849747957,98.23046926090821,75.90733024119895,-3.933978158903151,-18096784.0,-20241779.35,1.0
2025-09-17,3636.4811698717945,3668.171637583096,3627.2710793373817,3649.8505859375,1610471,3540.1817919921864,3456.729217529297,3571.6638990517836,3559.0505313331364,3631.807185001945,3467.857902888679,3549.832543945312,63.107725283303104,52.8659005767814,70.44095432433883,7.619094827079607,-3.0408724628018087,10.659967289881415,13.410496255901053,52.47134776521063,99.99999999999999,90.91330808147993,-9.86140171093044,-16486313.0,-20102379.5,1.0
2025-09-18,3655.2973386419903,3664.210282572572,3636.976287229127,3650.345703125,1270148,3541.7583935546863,3456.707517089844,3587.4002598664274,3567.350092405124,3647.9793440471626,3460.965089546586,3554.4722167968744,63.159379885636916,52.8659005767814,70.44095432433883,13.848790554870448,0.33706014073264257,13.511730414137805,14.88583230821666,50.6686797350845,100.0,99.41015642030273,-9.594902299522623,-15216165.0,-19833217.45,1.0
2025-09-19,3643.413418820417,3669.161923547063,3635.490801981449,3639.84814453125,2227521,3543.653876953124,3456.735126953125,3597.889836799392,3573.94082441659,3658.2011771552775,3456.962494719723,3557.5818359375003,61.20274637426114,52.8659005767814,70.44095432433883,17.734373239480192,3.8165227604821523,13.917850478998039,16.33584977631482,49.454568437265195,97.02707296524464,99.0090243217482,-15.694638022071238,-17443686.0,-19756631.9,1.0
2025-09-22,3657.872227019285,3657.872227019285,3598.7495064736067,3609.2470703125,839430,3545.0363720703112,3456.20254272461,3600.161283502014,3577.1504831344,3663.2368618246287,3456.7496860269343,3559.9932739257815,55.7781345776419,57.6176942758552,70.44095432433883,18.1354207243362,6.680302353252962,11.455118371083238,16.52746209266232,50.14515073072329,85.81194064806897,94.27967120443786,-32.078495684733554,-18283116.0,-19668995.5,1.0
2025-09-23,3611.623765704292,3637.966562994568,3578.249791146559,3622.220458984375,1262120,3547.353735351561,3455.7208447265625,3604.5731185984864,3581.247753666216,3669.6004417074028,3455.78337176916,3562.6919067382814,57.498053650239555,57.6176942758552,70.44095432433883,19.277874451546268,9.199816772911625,10.078057678634643,16.13543250932085,50.82883795338656,77.21006926033613,86.68302762454991,-25.13252536085,-17020996.0,-19567272.75,1.0
2025-09-24,3622.220664612041,3673.321400259719,3601.918958126379,3638.263916015625,1745130,3550.877324218749,3455.115032958984,3611.3112780819147,3586.4310411525257,3677.874334917741,3460.6313291447595,3569.2528320312504,59.59109242123939,57.6176942758552,70.44095432433883,21.23308833773308,11.606471085875917,9.626617251857162,16.475035139523065,52.298381109097534,74.76130735385128,79.26110575408546,-18.36092978422873,-15275866.0,-19288925.35,1.0
2025-09-25,3648.364998684974,3668.171540480224,3600.532151893632,3609.14794921875,1999071,3553.8562255859365,3454.1912011718746,3610.878612309282,3588.4962146130915,3681.410101751076,3465.4439998114253,3573.4270507812507,54.359192867556985,57.6176942758552,70.44095432433883,20.20033732644515,13.325244333989765,6.875092992455386,16.750177315621794,53.39416735748999,72.60535420977612,74.8589102746545,-33.61006227289026,-17274937.0,-19195292.8,1.0
2025-09-26,3628.558621505899,3758.192346725248,3625.587640101828,3693.425048828125,5870301,3558.3265624999995,3453.2933386230466,3627.3878996130506,3598.035199541731,3700.2484311281014,3459.3313784422126,3579.789904785157,64.16615520977881,57.6176942758552,70.44095432433883,25.88395815736385,15.836987098664583,10.046971058699267,18.403074131561716,60.226326653847714,81.20722559750895,76.19129572037878,-23.482903027378686,-11404636.0,-18892047.95,1.0
2025-09-29,3701.8427334272105,3703.8233876452023,3644.0077269734734,3652.722412109375,2599630,3562.573081054687,3452.3104406738275,3632.4548021123155,3603.0067643206075,3708.7101318425516,3459.782617180887,3584.2463745117193,57.71593457632837,60.070924892775814,70.44095432433883,26.795029575449917,18.028595594021652,8.766433981428264,19.937906889220216,60.196993369410656,75.97548093877597,76.59602024868701,-40.664431673416665,-14004266.0,-18664076.85,1.0
2025-09-30,3659.2587099286434,3660.8433300329375,3612.7133352692,3623.60693359375,1676302,3566.4195117187496,3451.213363037109,3630.6852284086026,3604.8795069818025,3712.258021876744,3464.5633892560695,3588.4107055664067,53.567750378805094,60.070924892775814,71.45061039274891,24.880873231388705,19.399051121495063,5.481822109893642,20.462996822009497,59.33506489757687,71.84183151594047,76.34151268407513,-51.89004199591779,-15680568.0,-18458373.35,1.0
2025-10-01,3623.507733402203,3652.3263487550407,3580.032470376755,3634.797607421875,2005028,3569.7371044921874,3450.451138916015,3631.507704211257,3607.599334294536,3716.893171388263,3466.8110034164247,3591.852087402344,54.90917859096821,60.070924892775814,71.45061039274891,23.99033870046287,20.317308637288626,3.673030063174245,20.114204269519554,60.260694431913215,49.597754072862784,65.80502217585973,-50.48624872407459,-13675540.0,-18218160.0,1.0
2025-10-03,3654.30703918401,3709.7653573938487,3630.836335011733,3696.990234375,1959124,3575.0551611328124,3449.866927490234,3644.604210244006,3615.725779756396,3731.154278513868,3466.4639832048824,3598.8091308593753,61.55638646239277,60.070924892775814,71.45061039274891,27.980467486449015,21.849940407120705,6.13052707932831,20.684543535747324,61.59414642835626,53.52206578024223,58.320550456348485,-28.16767703671006,-11716416.0,-17808240.55,1.0
2025-10-06,3684.0169776057,3730.5623533980297,3667.1814161489,3700.8525390625,1581506,3580.048393554687,3449.346916503906,3655.853876007705,3623.464576056951,3742.154469011782,3473.6263903632175,3607.8904296875,61.93171085113679,60.235868127006746,71.45061039274891,31.095875114512637,23.69912734859909,7.396747765913545,21.49488018634801,61.72177434412579,63.999188508607816,55.70633612057094,-28.69171595889428,-10134910.0,-17277705.2,1.0
2025-10-07,3711.746081702309,3729.571970034924,3688.968557721745,3693.623046875,1673945,3585.0436035156245,3449.1373596191406,3663.407710181164,3629.842618858592,3746.2494920181593,3489.347798020903,3617.7986450195312,60.73640887310836,60.235868127006746,71.45061039274891,32.60564097208908,25.48043007329709,7.1252108987919875,22.247335647620073,60.213319913343874,75.4562768045167,64.32584369778891,-35.88328488644359,-11808855.0,-16778867.15,1.0
2025-10-08,3693.920185038404,3723.6299988590886,3679.0652781280623,3693.72216796875,1424633,3590.726103515625,3449.168930664062,3669.4706017386816,3635.649850595879,3745.796169168034,3510.083030050717,3627.9395996093754,60.74759484721853,60.235868127006746,71.45061039274891,33.4248387999246,27.069311818622595,6.355526981302006,22.66969133346571,59.09556282889262,71.43359086350898,70.29635205887783,-35.82820003259608,-10384222.0,-16132691.65,1.0
2025-10-09,3699.36699090069,3759.677816353653,3694.0193211149694,3732.740966796875,1827249,3597.598974609375,3449.6006616210934,3682.1246747503205,3644.47631570506,3753.0408290362866,3524.5463291668384,3638.7935791015625,64.97743742678553,60.235868127006746,71.45061039274891,36.79836134876359,29.015121724650793,7.783239624112799,23.5905902449285,59.585568940036204,78.46120301922973,75.11702356241847,-14.847127132663385,-8556973.0,-15451990.3,1.0
2025-10-10,3728.581490385608,3762.252611414323,3723.629854940209,3747.397705078125,1129678,3603.3111767578125,3450.530034179687,3695.1792808158816,3653.832805648066,3756.6106589782885,3545.17017598265,3650.8904174804693,66.44036647041676,60.235868127006746,71.45061039274891,40.191278520873766,31.25035308389539,8.940925436978375,24.481902816770795,58.088225192470325,89.24819216639854,79.71432868304575,-8.073194918741367,-7427295.0,-14655915.4,1.0
2025-10-13,3743.4365207172714,3747.397829204802,3708.7750714513695,3733.0380859375,1191248,3605.3789794921877,3451.3353613281247,3702.7510418402057,3661.033285674378,3759.6469870565993,3560.920346927776,3660.2836669921876,63.63579143621996,62.58897837933601,71.45061039274891,41.24603000893467,33.24948846890325,7.996541540031416,24.856833895632295,56.69783466111047,92.73761962541971,86.81567160368266,-15.877216139573003,-8618543.0,-13976746.55,1.0
2025-10-14,3738.484780545012,3750.1706886122,3694.1180783697487,3708.081787109375,1364583,3607.514125976563,3452.0195874023434,3703.81719089404,3665.3104221684684,3755.319791168584,3580.904622893917,3668.1122070312504,58.97633988613491,62.58897837933601,71.45061039274891,39.611546168460336,34.52190000881467,5.0896461596456675,24.767971923581346,56.65174720263482,73.40970023653517,85.13183734278448,-29.728230917009157,-9983126.0,-13424660.65,1.0
2025-10-15,3710.755608261642,3806.718206623552,3708.0817734729926,3791.665283203125,2575918,3612.2954199218757,3453.172015380859,3721.3868093558567,3676.797227717074,3777.4794893561575,3574.679275292281,3676.0793823242193,67.5469838625793,62.58897837933601,71.45061039274891,44.54718334743666,36.52695667653907,8.020226670897586,25.579407659465147,59.65065334177228,73.40970023653517,79.85234003283001,-6.640436963373142,-7407208.0,-12890181.85,1.0
2025-10-16,3793.250008284209,3848.312050975426,3792.952861793004,3824.4453125,2330283,3616.8647900390633,3454.593328857422,3741.9985099846854,3690.219780879158,3805.0192387743305,3564.598998530358,3684.8091186523443,70.17836628540817,62.58897837933601,71.45061039274891,50.521406456100976,39.32584663245146,11.195559823649518,26.85697564540081,59.43609008681004,80.67208061111543,75.83049369472859,-8.896218796140476,-5076925.0,-12319712.45,1.0
2025-10-17,3822.6627988916825,3832.070906816416,3793.0521138191575,3802.261962890625,1337364,3620.564648437501,3456.046733398437,3754.0512005658734,3700.4054337892912,3822.257692602349,3562.552170678902,3692.4049316406254,66.26274401527402,62.58897837933601,71.45061039274891,52.85671112845375,42.03201953165192,10.824691596801834,28.043288775198207,57.977711723270644,92.14232975636259,82.07470353467106,-17.164962007931873,-6414289.0,-11879618.65,1.0
2025-10-20,3824.643294384854,3849.995765083087,3808.203767666286,3835.23974609375,1223232,3625.4033886718757,3457.5242285156246,3770.288909671449,3712.663098544242,3844.2078193136167,3560.1412041238837,3702.17451171875,69.02923048477204,65.01561266233847,71.45061039274891,56.71471645629026,44.96855891657959,11.746157539710673,29.364127001132744,57.24600389964146,89.8363028815467,87.55023774967489,-5.4659352877541085,-5191057.0,-11266987.2,1.0
2025-10-21,3854.3531351462975,3857.3241164940473,3839.696245474921,3850.58984375,260327,3630.2876806640634,3458.784855957031,3786.349096487159,3725.201893562947,3863.8398645062052,3564.643436275046,3714.2416503906256,70.25201712308505,65.01561266233847,71.45061039274891,60.31555786285708,48.03795870583509,12.277599157021989,30.67978427908959,54.73445864968831,89.8363028815467,90.60497850648532,-2.428588397213649,-4930730.0,-10599367.9,1.0
2025-10-23,3852.3725812636535,3927.835461106368,3852.3725812636535,3880.794921875,2815778,3636.4494970703136,3459.9708386230463,3805.2382615647275,3739.346714318588,3887.5858058204526,3566.7549412498615,3727.170373535157,72.54876869068265,65.01561266233847,71.45061039274891,64.85889502198643,51.40214596906536,13.456749052921069,32.628028465681865,56.34239855730827,97.69397312518409,92.45552629609249,-15.838612001968965,-2114952.0,-9854065.7,1.0
2025-10-24,3891.2922999965385,3901.7896221286937,3859.7998500419208,3867.128173828125,1146636,3641.1337402343765,3461.351444091796,3817.616244017407,3750.9632106376366,3904.8709405783056,3572.356232273258,3738.6135864257817,69.91839263566666,65.01561266233847,71.45061039274891,66.58913204010605,54.4395431832735,12.149588856832551,34.43711235323184,55.31721095227004,93.53990335138192,93.69005978603757,-23.29036838394306,-3261588.0,-9253351.8,1.0
2025-10-27,3874.159794448504,3909.81157169803,3869.2081587194034,3885.845703125,1057688,3645.8417578125013,3463.103800048827,3831.262135838926,3763.225255409215,3919.3931701109923,3585.5037781311958,3752.448474121094,71.44536916981468,67.68449491594778,71.45061039274891,68.67901657610355,57.28743786183951,11.391578714264043,36.19223258692417,54.41479573210111,90.82999898875168,94.02129182177255,-16.87893519981436,-2203900.0,-8499799.95,1.0
2025-10-28,3884.162046024061,3947.4438514977546,3879.4084275510377,3934.37158203125,3391806,3651.3697656250015,3464.9020581054674,3851.884025077391,3778.7840123748547,3947.5083201006446,3581.4832814618567,3764.4958007812506,74.98988260523537,67.68449491594778,71.45061039274891,73.40473392786998,60.510897075045605,12.893836852824379,38.15100502756265,55.38769774743081,90.82999898875168,91.73330044296176,-4.870832012545778,1187906.0,-7870172.85,1.0
2025-10-29,3949.424649733679,3977.846990406787,3882.082403950858,3919.81396484375,2563641,3656.937387695314,3466.857858886717,3865.470013030663,3791.604917144754,3965.4434780423226,3590.257278793615,3777.850378417969,72.0984852096826,67.68449491594778,71.45061039274891,75.10940644859375,63.430598949755236,11.678807498838509,40.20132863306158,58.27176122660926,91.27144536892332,90.97714778214223,-20.446570874445047,-1375735.0,-7238746.3,1.0
2025-10-30,3941.501989860893,4023.303107769138,3937.144647186752,3948.929443359375,4959400,3663.9172119140644,3469.295046386717,3882.1618990964053,3805.907146800628,3981.8135340252916,3606.419473787209,3794.1165039062503,74.2379441218516,67.68449491594778,71.45061039274891,77.91163071025312,66.32680530185482,11.584825408398302,42.40211566972622,61.501574205093455,92.4161360525782,91.50586013675107,-22.59327058264484,3583665.0,-6275534.65,1.0
2025-10-31,3962.397869574173,4006.7643303770583,3941.699888048545,3991.909423828125,2328183,3672.1943603515642,3471.9066601562477,3904.111404042749,3822.816444712219,4003.7539981163163,3620.19019133681,3811.9720947265632,77.03711599371161,67.68449491594778,76.89928839876562,82.64782615823106,69.59100947313007,13.056816685100983,44.44570363234339,61.75606478533774,92.4161360525782,92.03457249135991,-9.53678968885432,5911848.0,-5296165.25,1.0
2025-11-03,3991.018262368892,4001.911860603646,3936.451141772266,3941.9970703125,1154072,3679.8832568359394,3474.6211999511693,3911.6885372966995,3833.651047039517,4016.3795357967824,3632.065337250094,3824.2224365234383,67.82115277072495,72.09468716780113,76.89928839876562,81.43505278251405,71.95981813500687,9.475234647507179,46.14155504408776,62.02068293148361,81.42561837221861,88.752630159125,-24.69919048414322,4757776.0,-4472455.65,1.0
2025-11-04,3946.453618132549,3951.405253788927,3878.913356135383,3886.439697265625,2042881,3686.0589355468774,3477.066291503904,3906.638769290485,3838.4500152418905,4018.359858093647,3648.6437307735423,3833.5017944335946,59.31516425963257,72.09468716780113,76.89928839876562,75.12491222762901,72.5928369535313,2.532075274097707,45.7559428751257,62.768626840202224,49.65749871786063,74.49975104755248,-43.41819401567917,2714895.0,-3829965.4,1.0
2025-11-06,3906.8405995609546,3939.521395450818,3834.645847170437,3844.053955078125,1749063,3691.7196484375027,3479.1091076660127,3894.121806448013,3838.9594643179116,4013.7617814521986,3668.284898235302,3841.0233398437504,53.77407268728616,72.09468716780113,76.89928839876562,65.94374674969822,71.2630189127647,-5.319272163066472,44.20056600483438,65.7762640859293,16.324165384527305,49.135760824868846,-77.81591546882247,965832.0,-3191231.05,1.0
2025-11-07,3839.597398588293,3855.2443737626,3794.0423507725736,3844.945068359375,1577294,3697.253593750003,3481.124490966794,3884.2864588302855,3839.5036101398628,4006.8032076777317,3690.365762048831,3848.5844848632814,53.8716379977627,72.09468716780113,76.89928839876562,58.07011620395724,68.62443837100321,-10.554322167045967,41.82412261334256,65.44953257907909,0.1398001531032006,22.040488085163712,-77.46244059580883,2543126.0,-2544863.65,1.0
2025-11-10,3857.324235883768,3905.652248992122,3856.3339087372,3880.596923828125,1397176,3704.72462402344,3483.0201013183564,3883.5485518298537,3843.2393659297045,4004.952403599198,3707.002161830489,3855.9772827148436,57.71677490907614,61.45662245113492,76.89928839876562,54.08357229578178,65.71626515595892,-11.632692860177144,40.40230882009631,65.1107931543411,5.789250470581621,7.4177386694040415,-62.24623254783703,3940302.0,-1919999.9,1.0
2025-11-11,3890.995147928848,3928.4295603955593,3859.304680956661,3916.74365234375,1775462,3712.5462255859397,3484.9769873046844,3890.187571932633,3849.9215737855266,4006.525847451306,3722.363312704944,3864.444580078125,61.24415700381701,61.45662245113492,76.89928839876562,53.22737438839249,63.21848700244564,-9.99111261405315,39.39791100822398,65.39751360323805,16.493043919749624,7.474031514478148,-46.47958805570239,5715764.0,-1262846.95,1.0
2025-11-12,3931.598596916837,3935.361888262145,3898.818673112524,3916.34765625,981350,3719.549819335939,3487.1865063476534,3895.419588796107,3855.9603085550243,4003.090643395299,3744.129473792201,3873.61005859375,61.18393871362371,61.45662245113492,76.89928839876562,51.918394864999755,60.95846857495647,-9.040073709956715,38.561139830370934,63.33649228512256,26.97075115627629,16.41768184886918,-46.65231543344368,4734414.0,-595199.1,1.0
2025-11-13,3916.347608764644,3983.986755621872,3887.628123140424,3963.7841796875,1834962,3727.5536425781265,3489.745554199216,3909.0925069743857,3865.7624786579768,3996.033225324574,3776.757131120739,3886.3951782226563,65.55330053118429,61.45662245113492,76.89928839876562,54.08528861957802,59.583832583880785,-5.498543964302762,38.409180299764486,65.69521658486008,38.199613919248826,27.221136331758245,-25.961236829785893,6569376.0,232426.0,1.0
2025-11-14,3963.289083138652,3972.6971906573463,3933.18323579046,3965.665771484375,1916910,3736.060551757814,3492.3873535156226,3920.407159876384,3874.844596187649,4000.620103133512,3789.570302139925,3895.0952026367186,65.71814262785372,61.45662245113492,76.89928839876562,55.31673932710919,58.73041393252647,-3.4136746054172775,38.26807502134422,63.825126462147665,44.610333796702065,36.593566290742395,-25.140515559593457,8486286.0,1027100.7,1.0
2025-11-17,3965.665808346837,3991.018279239245,3961.407595169425,3988.740478515625,1206133,3744.515961914063,3495.365535888669,3934.0738236042325,3885.198767308374,4011.2300411210126,3795.389880753987,3903.3099609375,67.75596076264964,65.90683824436644,76.89928839876562,57.491878313256166,58.48270680867241,-0.9908284954162454,38.36507317862903,61.38123771983857,54.02730468690753,45.612417467619466,-15.0756848691863,9692419.0,1765567.9,1.0
2025-11-18,3981.114929580972,3987.849202195781,3940.412389186312,3960.912353515625,1748928,3752.577221679688,3498.207276611325,3939.4415295865115,3892.081820599942,4010.8954287775714,3811.589532159929,3911.2424804687503,62.89990669657788,65.90683824436644,76.89928839876562,56.32096152675285,58.0503577522885,-1.7293962255356448,37.87309441941712,60.448869977658184,50.225288760250265,49.62097574795328,-27.213883034700082,7943491.0,2483456.9,1.0
2025-11-19,3968.24077569857,3987.55215456708,3941.799089911349,3980.718994140625,923032,3761.8070703125004,3501.3626818847624,3947.6970224973343,3900.139745467277,4016.0256680707726,3821.0072176714148,3918.5164428710937,64.83186143287186,65.90683824436644,76.89928839876562,56.34175917662378,57.70863803715556,-1.3668788605317772,37.41625700014892,59.39916959752054,48.955347157586644,51.06931353491481,-18.574532417316924,8866523.0,3186335.9,1.0
2025-11-20,3995.9699912742126,4008.844244034204,3968.934012122414,3998.3466796875,1463574,3771.864829101563,3504.430595703122,3957.8269539353673,3909.067648578206,4024.1311675346947,3827.6774018012434,3925.904284667969,66.50367653260258,65.90683824436644,76.89928839876562,57.1221794396447,57.59134631765339,-0.46916687800869283,37.30643603405198,58.007102619968364,47.16096423363337,48.780533383823425,-4.887091164470347,10330097.0,3949377.25,1.0
2025-11-21,3987.056985840705,4017.757126566254,3976.361404586955,3985.967529296875,1241149,3781.7661181640633,3507.5776574707,3963.455069007669,3916.0585468253576,4030.4765038006008,3831.8493262775246,3931.1629150390627,64.19573262851628,65.90683824436644,76.89928839876562,56.09514423632481,57.29210590138768,-1.1969616650628652,37.33334896863475,56.820575431349134,58.81497847866444,51.643763289961484,-14.209878250820973,9088948.0,4509572.25,1.0
2025-11-24,3986.0667597125935,3998.941012601106,3964.9727431625206,3974.47998046875,1584741,3790.942490234376,3509.948815917966,3965.6600512998853,3921.369586247484,4032.8303079520165,3840.2307027901716,3936.530505371094,62.043941138968016,66.60514687385498,76.89928839876562,53.734840461265776,56.5806528133633,-2.845812352097525,36.991703031043336,55.188267860437456,62.686076071818164,56.22067292803866,-19.344786657013735,7504207.0,5047862.0,1.0
2025-11-25,3974.182663333758,4016.2715652006113,3943.086489019054,3958.040283203125,1749083,3799.9940771484385,3512.825989990232,3964.136097680533,3924.703285970724,4033.81713192056,3846.4633368294403,3940.140234375,58.99625927720268,66.60514687385498,76.89928839876562,49.961807915899044,55.256883833870454,-5.29507591797141,35.996287309923176,56.47375416908886,56.89586483689919,59.46563979579393,-26.693294240968058,5755124.0,5445813.2,1.0
2025-11-26,3960.318132003266,4035.186958592229,3959.3278048884863,4022.708740234375,2058237,3809.544790039063,3516.8031079101534,3975.8506261913017,3933.6128727219652,4045.162704265677,3843.9514803046363,3944.5570922851566,66.05906717382057,66.60514687385498,76.89928839876562,51.59510026699718,54.5245271204958,-2.9294268534986188,35.415478959347254,57.95039139908995,61.425002824350415,60.33564791102259,-5.1745790505861695,7813361.0,5777085.95,1.0
2025-11-27,4031.6216040492895,4099.954173609447,4020.331971877068,4041.822021484375,2225064,3819.3510107421885,3520.140155029294,3989.0449052499166,3943.450068064002,4059.4121870393647,3841.902803195011,3950.657495117188,67.82317273551978,66.60514687385498,76.89928839876562,53.81147311737914,54.381916319872474,-0.5704432024933368,35.841228269951905,59.49837785146774,75.0426668405724,64.45451150060732,-23.861788408922468,10038425.0,6347793.95,1.0
2025-11-28,4045.486292526487,4064.500766688189,4015.479332380328,4030.2353515625,1318133,3827.3092822265635,3523.6937524414034,3997.2829945124336,3951.3396392911386,4069.136753477015,3840.3088275776727,3954.722790527344,65.59732727777347,66.60514687385498,76.89928839876562,54.01041865462412,54.307616786822805,-0.2971981321986874,36.08622435827952,58.75002474121011,87.52059027749348,74.66275331413877,-28.971107014773022,8720292.0,6604625.3,1.0
2025-12-01,4047.46685529645,4063.7081230151744,4010.8247526182095,4033.80029296875,1251770,3834.988276367188,3527.4145593261696,4004.586454203697,3958.836062352739,4075.549938746892,3838.084729221859,3956.8173339843756,65.96740286994539,68.13763573546542,77.38301691915015,53.83516710903723,54.21312685126569,-0.3779597422284624,36.16305078204595,58.330978002335456,84.58647581023988,82.38324430943524,-31.15674242259241,9972062.0,6807636.0,1.0
2025-12-02,4027.165203791548,4049.051529693834,3984.878284435106,3991.513427734375,1490917,3841.8116308593753,3531.0016906738256,4001.971848909833,3961.806731932888,4078.7871592221672,3839.799144488771,3959.293151855469,57.99762451296204,68.13763573546542,77.38301691915015,49.71104440238423,53.3127103614894,-3.601665959105169,35.41783218166135,58.7482828063635,51.25314247690655,74.45340285487995,-51.072746672171945,8481145.0,6993804.45,1.0
2025-12-03,3992.998953892929,4007.754731291664,3931.697801783636,3949.424560546875,1123990,3848.003159179688,3534.4188513183567,3991.4623912372417,3960.681079988705,4077.07296238796,3847.8118276511027,3962.4423950195314,51.348139677494096,68.13763573546542,77.38301691915015,42.555870034324926,51.16134229605651,-8.605472261731585,33.33040239873383,59.984614713625255,26.32533491902237,54.05498440205626,-89.46443539054147,7357155.0,7225917.45,1.0
2025-12-04,3951.405135410527,3970.419367405559,3923.378830079243,3945.067138671875,1026968,3854.719560546875,3538.250847167966,3982.1833407241684,3959.2616307780836,4068.2185140974634,3866.7675943009745,3967.493054199219,50.70005275079911,68.13763573546542,77.38301691915015,36.11739640511132,48.15255311786748,-12.035156712756155,31.19858762172372,59.06003775738889,0.0,25.859492465309636,-87.71724966859708,6330187.0,7494135.2,1.0
2025-12-05,3960.318141380168,4008.84417011926,3936.649419992529,3999.138916015625,1073758,3862.2579296875,3542.107908935545,3985.5744557824596,3962.8868385269507,4058.536383430776,3891.869109733287,3975.2027465820315,57.81528927576725,68.13763573546542,77.38301691915015,34.974832108732244,45.51700891604043,-10.542176807308188,29.995283627076066,59.998231498056185,13.851129411223383,13.392154776748583,-57.094753762479364,7403945.0,7737176.15,1.0
2025-12-08,4007.853784827241,4008.744982508085,3938.4317582128697,3958.040283203125,1127841,3868.65345703125,3545.8870288085914,3980.0676212665926,3962.4462425884212,4050.202326024923,3907.9475030766403,3979.0749145507816,51.70682332770138,65.85155807240926,77.38301691915015,30.402563650928187,42.494119863017985,-12.091556212089799,28.877929917760387,60.735016697853254,15.810995327015663,9.887374912746349,-80.3701624298678,6276104.0,7853966.25,1.0
2025-12-09,3951.405310081496,3981.015995016837,3910.901026546933,3958.832763671875,1788464,3875.647153320313,3549.7976647949195,3975.8206497476494,3962.1177445050985,4046.8207401092554,3915.53800012512,3981.179370117188,51.81254628639869,65.85155807240926,77.38301691915015,26.537051892025374,39.30270626881946,-12.765654376794089,27.14154847375183,61.405013252999765,17.976670617874426,15.879598452037824,-74.64642198783785,8064568.0,7971406.45,1.0
2025-12-10,3961.3084244204233,3991.018237603577,3931.5986112372702,3952.692626953125,957277,3880.832504882813,3553.755112304685,3971.195045188745,3961.260915636737,4042.8368365609963,3923.1564007436914,3982.996618652344,50.883085376211106,65.85155807240926,77.38301691915015,22.716289016266728,35.98542281830892,-13.269133802042191,25.749988389632744,61.26319990395025,4.481848206729144,12.75650471720641,-77.89425827840203,7107291.0,8090050.3,1.0
2025-12-11,3954.5742024814094,3976.1633820273128,3946.0575343270825,3965.170654296875,841371,3887.081469726563,3557.7832910156226,3969.9901670103714,3961.616346424022,4042.815589473721,3923.3162952919038,3983.0659423828124,52.738562875537966,65.85155807240926,77.38301691915015,20.45933693286588,32.880205641220314,-12.420868708354433,24.457825454379304,59.03767474654168,6.490320861940793,9.649613228848121,-71.29398341515211,7948662.0,8159014.6,1.0
2025-12-12,4021.71851229608,4074.205850673743,4009.4385524816194,4034.69189453125,2207898,3895.303168945313,3561.8855725097637,3982.930512514547,3968.2595780701336,4049.898865096829,3923.1356319734837,3986.5172485351563,61.47154333897976,65.85155807240926,77.38301691915015,24.003768716045215,31.104918256185297,-7.1011495401400815,25.03303552378555,62.60892629156499,25.293352593696838,12.088507220788923,-34.52059915015154,10156560.0,8242528.3,1.0
2025-12-15,4033.4044410018055,4056.3799823899935,4024.4914967045615,4052.7158203125,1064975,3903.6615332031256,3566.0784631347633,3996.887574074138,3975.937418273985,4059.685189583813,3919.7468416661864,3989.7160156249997,63.36173990179672,67.2062635457025,77.38301691915015,27.94500400774041,30.47293540649632,-2.5279313987559107,25.56715915966278,60.41460910541264,49.585371292626675,27.1230149160881,-24.98681139718173,11221535.0,8318984.1,1.0
2025-12-16,4044.198868331001,4064.1042986548377,4012.0132364794144,4024.491455078125,2199214,3910.211557617188,3569.937431640623,4002.4083502749354,3980.351421619816,4063.130769532564,3922.6591718736845,3992.8949707031243,58.520126700847584,67.2062635457025,77.38301691915015,28.462888516637122,30.070926028524482,-1.6080375118873604,25.70149856216743,59.82007003898483,60.84025909046693,45.23966099226348,-39.91613982832498,9022321.0,8372925.6,1.0
2025-12-17,4039.544262989653,4039.544262989653,4000.92150587845,4023.104736328125,1087334,3916.6566015625012,3574.0710644531227,4006.5476274855737,3984.2380865932982,4066.25383626152,3923.7746793634783,3995.014257812499,58.28447813768654,67.2062635457025,77.38301691915015,28.433653647349274,29.743471552289442,-1.309817904940168,25.505039995660635,58.30597625842899,56.430691511826005,55.6187739649732,-31.291858411933237,7934987.0,8326348.8,1.0
2025-12-18,4027.6603121627695,4032.413930594411,3984.48195392906,3992.107666015625,1004303,3922.6262939453136,3578.2057202148417,4003.659635191584,3984.9535029044187,4065.9350838532155,3923.4695304045954,3994.7023071289054,53.1339843694511,67.2062635457025,77.38301691915015,25.614017828564556,28.917580807544464,-3.303562978979908,24.854384630743922,57.56497628749483,37.09638909268786,51.45577989832693,-50.27296964256658,6930684.0,8156378.15,1.0
2025-12-19,4001.020583924859,4051.923299777957,4001.020583924859,4034.097412109375,1327935,3929.4337988281263,3582.630780029295,4009.747190575142,3989.42113101396,4070.3235092411182,3923.8940932979435,3997.108801269531,58.48578653932266,67.2062635457025,77.38301691915015,26.462613182253335,28.42658728248624,-1.9639741002329032,24.63115169404454,57.72573753569747,42.36999355866681,45.29902472106022,-24.560473812594086,8258619.0,8114861.7,1.0
2025-12-22,4041.524966562853,4058.8556911192977,4029.145877593964,4033.008056640625,764774,3935.4391406250015,3587.2743457031233,4014.3993637882386,3993.383578798202,4074.1152260672775,3925.955184088972,4000.035205078125,58.29978351180559,67.15828784589071,77.38301691915015,26.738998699092008,28.089069565807396,-1.350070866715388,24.55708943383402,55.72460010638577,45.818010797620204,41.76146448299163,-25.227542574692674,7493845.0,8114343.6,1.0
2025-12-23,4049.447625827489,4055.389588594661,4014.0929957186345,4019.539794921875,1867147,3940.8819824218763,3591.686468505858,4015.427450014966,3995.7614166276267,4074.921382305928,3931.2989790221973,4003.1101806640627,55.93140025101989,67.15828784589071,77.38301691915015,25.576430876326867,27.586541827911294,-2.0101109515844264,24.0223487807698,54.694028161360094,54.27610555603411,47.48803663744037,-33.47485663339529,5626698.0,8107922.3,1.0
2025-12-24,4025.679769249292,4041.227856779629,4008.943337522964,4014.39013671875,1021436,3946.509023437501,3595.9958215332026,4015.219987355723,3997.4549366359106,4074.122838527515,3931.265662449048,4002.6942504882813,55.01118884432519,67.15828784589071,77.38301691915015,23.96331889782732,26.861897241894503,-2.8985783440671824,23.366294685119374,53.09334895388186,44.806380941276686,48.300165764976995,-36.62825900877531,4605262.0,7947517.35,1.0
2025-12-26,4012.805367872498,4022.213475225605,3991.216188959028,4008.15087890625,594330,3952.5104052734387,3600.1432360839835,4013.8061656658283,3998.4272950241234,4070.105304601028,3931.9160821177225,4001.010693359375,53.85508239182952,67.15828784589071,77.38301691915015,21.928679899455346,25.875253773406673,-3.9465738739513263,22.215359147110252,51.515058761931535,32.738106369730836,43.940197622347206,-40.44887964620061,4010932.0,7646142.7,1.0
2025-12-29,4013.7957591696304,4021.817505436967,3994.3852511874034,3999.634033203125,952143,3956.6697802734384,3604.148723144531,4010.9717391732875,3998.5369984949416,4067.191782861201,3931.7694720216127,3999.480627441407,52.24113299819111,64.97805305031629,77.38301691915015,19.405283535245417,24.581259725774423,-5.175976190529006,21.146633290387495,49.79485843961955,22.593643378165858,33.37937689639113,-45.66418528622963,3058789.0,7363067.55,1.0
2025-12-30,3999.931167587476,4024.590215731732,3967.448390264869,4012.805419921875,1362208,3960.4369824218757,3608.2946362304683,4011.338475323005,3999.834127715572,4064.5336333415166,3932.3281342366104,3998.4308837890635,54.51153073934652,64.97805305031629,77.38301691915015,18.257829671502805,23.3165737149201,-5.058744043417295,19.916768504187413,50.31964179870836,21.2589425791489,25.530230775681865,-43.05561975289485,4420997.0,7085514.3,1.0
2025-12-31,4018.747391249656,4054.894330574597,4008.844120201727,4044.000732421875,1160164,3965.2717578125003,3612.9252197265623,4017.870926742779,4003.849273597963,4070.1036503020127,3932.0068477448635,4001.055249023438,59.4306616293568,64.97805305031629,77.56473069868869,19.639275878866556,22.581114147709393,-2.9418382688428366,19.04603765828054,50.01468241114848,34.87022912758118,26.24093836163198,-23.570437063065775,5581161.0,6940515.1,1.0
2026-01-01,4050.437710116081,4106.688094182946,4048.754202455465,4100.35009765625,1360716,3970.5739648437498,3617.750469970703,4034.3667609254735,4012.62207578508,4086.334268083698,3930.868783674116,4008.601525878907,66.48170446243331,64.97805305031629,77.56473069868869,24.992902175368272,23.06347175324117,1.9294304221271013,19.3651993465716,50.91987379328579,64.57590741419578,40.23502637364196,-4.551860100496108,6941877.0,6919751.2,1.0
2026-01-02,4098.072846397531,4132.338262250592,4087.179247826558,4123.1279296875,984027,3976.0247265625,3622.6984411621092,4052.118994677879,4022.6680625034815,4104.7980182467145,3930.2111126126624,4017.5045654296882,68.83930693171064,64.97805305031629,77.56473069868869,30.71955436827875,24.59468827624869,6.124866092030061,20.11840837098802,50.50838383833927,88.21683532648036,62.554323956085774,-5.585747900810933,7925904.0,6999537.05,1.0
2026-01-05,4122.632506474317,4154.422102468241,4092.8235646412822,4110.25341796875,1167460,3980.6138964843753,3627.613190917969,4063.7458793360533,4030.6303675457784,4119.134197099435,3926.9863839552536,4023.0602905273445,66.01298837783033,69.67598632440908,77.56473069868869,33.8291407142965,26.441578763858253,7.387561950438247,21.178048603612602,51.300537694669245,94.32403715974914,82.37225996680843,-23.62293820825925,6758444.0,6967262.0,1.0
2026-01-06,4112.828298731514,4144.518764794459,4089.9516468306974,4100.54833984375,1205337,3985.2822998046877,3632.54736328125,4071.106371437593,4036.986546845594,4127.090201823449,3933.2811848953015,4030.1856933593754,63.88373249883816,69.67598632440908,77.56473069868869,35.10571477354915,28.174405965796435,6.931308807752718,22.06583057835621,51.53386485674724,84.37198971822338,88.97095406815096,-28.813549236211532,5553107.0,6931112.15,1.0
2026-01-07,4066.283353473809,4139.567563935832,4054.399427452941,4116.7900390625,1213160,3989.901186523438,3637.562744140625,4080.2431049625748,4044.241409774404,4136.241694781625,3939.9254194761897,4038.083557128907,65.86790107926882,69.67598632440908,77.56473069868869,37.00144863487458,29.939814499612066,7.061634135262512,21.769905902121863,53.93631283004326,78.40465486893382,85.70022724896877,-20.126927449998167,6766267.0,6866197.1,1.0
2026-01-08,4119.760736848472,4129.5648784288605,3952.69260339988,3989.43359375,2328813,3991.002426757813,3641.224592285156,4062.08120272006,4039.2588810449124,4132.570549927293,3947.2706610102086,4039.9206054687506,44.99397245833062,69.67598632440908,77.56473069868869,27.905552761868876,29.53296215206343,-1.627409390194554,21.17188487568207,62.71745298711019,50.747284375851336,71.1746429876695,-81.78700164338919,4437454.0,6732705.25,1.0
2026-01-09,3990.027939824176,4054.399202194136,3967.448433283204,3986.2646484375,1718127,3992.331440429688,3644.7160595703126,4046.917891863548,4034.4412235351474,4130.4688705829485,3951.481739768614,4040.975305175781,44.61510198671713,69.67598632440908,77.56473069868869,20.2083332608031,27.66803637381137,-7.459703113008267,20.61657963684512,64.44840412452604,27.365998484043775,52.17264590960964,-83.35789004946515,2719327.0,6471238.5,1.0
2026-01-12,3987.057045804888,3987.94824351482,3906.147367225221,3980.124755859375,1386513,3992.955346679688,3647.8584375,4033.5592646627138,4029.5033628373494,4131.782920670195,3944.710975814179,4038.2469482421875,43.84475780349152,59.45253763996307,77.56473069868869,13.457661784951597,24.825961456039416,-11.368299671087819,21.069572789795405,65.68786642203128,0.0,26.03776095329837,-70.20341656522466,1332814.0,6030051.2,1.0
2026-01-13,3989.0376992976735,3989.0376992976735,3799.8852165355447,3849.797607421875,4978634,3990.113110351563,3650.025881347656,3996.806933214546,4013.166475981397,4153.59178952887,3902.610285666443,4028.1010375976566,31.43680521937193,59.45253763996307,77.56473069868869,-2.3811571872670356,19.384537727378127,-21.765694914645163,22.670328659995327,74.5067675891811,0.0,9.121999494681258,-85.92180592013057,-3645820.0,5286683.45,-1.0
2026-01-14,3862.2758783975337,3867.128384712603,3819.295776872643,3828.40673828125,1914244,3987.8413037109376,3652.146467285156,3963.126894227887,3996.3701361904746,4172.361029773399,3864.232573742226,4018.296801757813,29.93918844791682,59.45253763996307,77.56473069868869,-16.46974671589578,12.213680838723347,-28.68342755461913,24.15674482518097,72.60147046423674,0.0,0.0,-91.95527380157571,-5560064.0,4557564.2,-1.0
2026-01-15,3828.40673828125,3828.40673828125,3828.40673828125,3828.40673828125,0,3986.6806445312504,3654.388719482422,3936.18286303856,3981.100736380545,4184.411562305473,3832.7122414054647,4008.561901855469,29.939188447916823,59.45253763996307,77.56473069868869,-27.320126013643403,4.306919468249998,-31.6270454818934,25.536988407139063,67.41565114536269,3.0443040769319656e-15,1.0147680256439885e-15,-91.95527380157571,-5560064.0,3882811.65,-1.0
2026-01-16,3852.372500081351,3876.140350981596,3811.4719416346966,3819.097412109375,1807300,3986.1815136718756,3656.305770263672,3912.765772852723,3966.3731614468024,4195.124720904878,3804.6980574154354,3999.911389160157,29.236209153132855,59.45253763996307,77.56473069868869,-36.252419277570425,-3.804948280914087,-32.447470996656335,25.664499537437663,67.2194195883296,3.0443040769319656e-15,2.029536051287977e-15,-94.58104464270681,-7367364.0,3167909.25,-1.0
2026-01-19,3783.049581214105,3840.884588047736,3771.660819385843,3832.367919921875,1709380,3985.9299707031255,3658.3347985839846,3896.6862022665537,3954.190866762718,4198.0158965841365,3781.633932517427,3989.8249145507816,31.698212055737724,49.834373261639236,77.56473069868869,-41.77890574970661,-11.399739774672591,-30.37916597503402,26.259760543511966,67.36258737929843,2.0722309118089797,0.6907436372696618,-84.13969666755361,-5657984.0,2472079.1,-1.0
2026-01-20,3820.682141143715,3836.824522029507,3763.243166497178,3773.6416015625,1658119,3983.790864257813,3660.3424719238283,3872.0772821257433,3937.7772971990616,4205.070917147738,3748.6422664460124,3976.8565917968754,27.189890847390096,49.834373261639236,77.56473069868869,-50.317381735179424,-19.18326816677396,-31.134113568405464,26.909091089095128,67.8067851045149,2.0722309118089766,1.3814872745393196,-97.34177019539442,-7316103.0,1731581.7,-1.0
2026-01-21,3763.243097558244,3792.952911486335,3685.997581345206,3730.067138671875,2537185,3980.057333984376,3662.215183105469,3843.67525343497,3918.8945555147716,4214.649277870971,3710.11664009778,3962.3829589843754,24.41514423580025,49.834373261639236,77.56473069868869,-59.90967897165183,-27.328550327749536,-32.58112864390229,28.289587579677015,70.60310974998733,2.0722309118089766,2.0722309118089774,-90.59196191928352,-9853288.0,957582.4,-1.0
2026-01-22,3762.1535505226097,3764.530480647143,3718.777416654062,3757.10302734375,1856812,3976.872441406251,3664.221848144532,3826.360808216726,3904.186234771951,4216.433600936066,3682.603606095185,3949.5186035156253,29.240131516782206,49.834373261639236,77.56473069868869,-64.58557111219534,-34.779954484638694,-29.805616627556645,29.57147717807448,68.82810648163688,3.866376075089939,2.670279299569297,-84.82029808600315,-7996476.0,327495.5,-1.0
2026-01-23,3761.2623507419994,3762.648711979561,3684.1159658520496,3707.586669921875,1898703,3971.7484912109385,3666.765871582032,3802.605980557756,3886.313547058308,4220.656906928746,3648.3238792040665,3934.4903930664063,25.970261895351708,49.834373261639236,77.56473069868869,-71.46302428032413,-42.11656844377578,-29.34645583654835,31.071199313156463,69.52129502777078,5.116890136534073,3.685165707810996,-94.90213697142156,-9895179.0,-367810.05,-1.0
2026-01-27,3707.586739308066,3778.097982259424,3702.833120751766,3751.1611328125,2162193,3967.458398437501,3670.4679797363287,3792.317011008705,3874.0269639450526,4217.741724141323,3626.391771952426,3922.0667480468746,33.06405548711647,44.64574988905009,77.56473069868869,-72.56092332071375,-48.205439419163376,-24.35548390155038,32.063372203808925,69.93154977633417,12.0717241129374,7.018330108187137,-85.27940899921553,-7732986.0,-907398.8,-1.0
2026-01-28,3767.5014428981335,3791.170163926839,3732.6419772598138,3757.301025390625,2111741,3962.8296093750005,3673.746501464844,3785.313813885089,3863.415514985559,4210.4865679725235,3608.096488668101,3909.2915283203124,34.02340235928135,44.64574988905009,77.56473069868869,-72.10440352195792,-52.985232239722286,-19.119171282235634,32.64491029732839,69.11702383995497,23.768686597234215,13.652433615568562,-83.57049316492477,-5621245.0,-1409510.9,-1.0
2026-01-29,3822.662671754787,3922.586581151978,3806.421403747047,3894.857421875,4227139,3961.5085107421883,3678.2374902343754,3807.2225354830716,3866.2738701573267,4196.296310645718,3607.3724149402196,3901.834362792969,50.9758102465009,44.64574988905009,77.56473069868869,-59.951868877205015,-54.37855956721883,-5.573309309986186,30.559758277564605,75.98620469148341,55.851505869123415,30.563972193098344,-43.08641727754132,-1394106.0,-1758274.25,-1.0
2026-01-30,3864.751630858486,3904.2655866955392,3854.15517890676,3894.263427734375,2208465,3959.7793994140634,3682.4223254394533,3824.6307139333326,3868.8183753916037,4170.772414209771,3612.2876443839796,3891.5300292968755,50.91497251029773,44.64574988905009,77.56473069868869,-49.79482424222442,-53.46181250221995,3.6669882599955272,28.62354568778395,74.13793348414741,82.15365456002385,53.92461567546049,-31.081507537146223,-3602571.0,-2285496.65,-1.0
2026-02-02,3793.646137206122,3896.739289473399,3788.001320848518,3883.369873046875,3034613,3957.479863281251,3685.8577746582027,3836.378545756041,3870.14123881481,4136.627930152712,3622.4563227769763,3879.5421264648444,49.742484206663654,53.39403414483135,70.89237517956916,-42.13856486804025,-51.19716297538402,9.05859810734377,27.74093289260294,76.60936456562838,98.37583920082045,78.79366654332256,-34.6540815758684,-6637184.0,-3013651.05,-1.0
2026-02-03,4077.176685441057,4082.12832095896,3991.61252040333,3999.733154296875,3742190,3957.7551757812507,3690.021726074219,3869.049467464208,3881.9223220404524,4114.432296896484,3633.599929666016,3874.0161132812505,60.26782889120424,53.39403414483135,70.89237517956916,-26.37731853649302,-46.233194087605824,19.855875551112803,26.97266754803054,85.33429909037528,98.37583920082045,92.96844432055491,-20.701660540149025,-2894994.0,-3496322.95,1.0
2026-02-04,3990.028058400209,4067.273575539752,3978.0450032605168,4047.566162109375,1403373,3959.216899414063,3694.3286877441406,3904.7528063932414,3896.980852955809,4102.251863191725,3640.4821455973383,3871.3670043945317,63.63890585218174,53.39403414483135,70.89237517956916,-9.912428980734603,-38.969041066231576,29.056612085496972,26.07507929697407,85.61246146100815,98.45218986685,98.4012894228303,-8.68368994231381,-1491621.0,-3848559.35,1.0
2026-02-05,4048.457370023944,4048.952533596599,3996.861229041701,4023.996337890625,1433240,3960.536020507813,3698.3549243164066,3928.6015126927186,3908.527715222611,4079.896315577007,3653.5583230948687,3866.727319335938,60.89710230224672,53.39403414483135,70.89237517956916,1.220161519639987,-30.931200549057262,32.15136206869725,25.241604492421633,83.21809311057173,97.6699467899496,98.16599195254001,-14.605572496039777,-2924861.0,-4333115.75,1.0
2026-02-06,4015.7763741904337,4038.5538973979255,4003.1992684273296,4028.749755859375,1630836,3960.656840820313,3702.5162915039064,3948.6311613260505,3919.456991644135,4087.2828665364473,3650.1033883463665,3868.693127441407,61.25960564095237,53.39403414483135,70.89237517956916,10.307561646846807,-22.68344810987645,32.99100975672326,24.467663602480084,79.7992742434306,95.64795798080246,97.256698212534,-13.411283447531929,-1294025.0,-4619689.7,1.0
2026-02-09,4034.4936336236087,4084.80254240429,4023.1048715286006,4073.809814453125,1830267,3961.296596679688,3706.6910253906253,3973.6668919514655,3933.489066444952,4104.691031406589,3641.4497400777864,3873.0703857421877,64.60900035667949,58.484471062756676,70.89237517956916,20.904389079950306,-13.965880671911101,34.87026975186141,24.273560489331818,78.50630257430622,95.64795798080246,96.32195425051816,-2.7434729772465083,536242.0,-4728843.95,1.0
2026-02-10,4099.954341193931,4134.219756795737,4082.524486896545,4128.673828125,1890409,3963.265366210938,3711.142041015625,4004.6682791861726,3951.233135688593,4134.972624320266,3626.0230543906728,3880.4978393554693,68.21260948291399,58.484471062756676,70.89237517956916,33.34513657452635,-4.503677222623611,37.84881379714996,24.59555760189831,77.21370541489951,97.97801119085284,96.42464238415258,-1.2321444036518248,2426651.0,-4674152.1,1.0
2026-02-11,4132.53587635422,4147.193007631096,4100.251116046062,4130.06005859375,1689489,3965.1905615234377,3715.7398046875005,4029.7466350676887,3967.490128679971,4171.718530665517,3617.3033931626082,3894.510961914063,68.30043701328849,58.484471062756676,70.89237517956916,42.82274189599457,4.9616066011000255,37.861135294894545,25.02058588549609,75.05143299848059,99.99999999999999,97.87532305721842,-3.6998053221393046,4116140.0,-4286054.1,1.0
2026-02-12,4147.390810471535,4158.3835381126855,4120.651978480812,4145.41015625,2006458,3968.2684960937504,3720.1435156250004,4052.879339304151,3983.6646766408826,4207.209579280006,3613.5126863449937,3910.3611328125003,69.3115757959999,58.484471062756676,70.89237517956916,50.984716910794305,14.166228663038883,36.818488247755425,25.526860846196588,72.38572775800863,100.0,99.32600373028427,-2.7354562321954323,6122598.0,-3701921.0,1.0
2026-02-13,4133.724626039453,4158.383675198847,4094.11154030286,4133.5263671875,2234376,3971.950532226563,3724.5123364257815,4069.0087448808213,3997.2884666905748,4235.794160631682,3615.440067883943,3925.6171142578123,67.51604458130933,58.484471062756676,70.89237517956916,55.85040969619831,22.503064869670773,33.34734482652754,25.48423189321752,71.80618541072143,98.34882386492468,99.44960795497488,-5.456542148547627,3888222.0,-3229506.7,1.0
2026-02-16,4129.664070867548,4165.315847018922,4095.299526542819,4160.859375,852552,3976.266376953125,3728.926082763672,4087.378870904657,4012.1585492641584,4265.570334246432,3619.8400905582557,3942.705212402344,69.47472654648084,61.969574168827315,70.89237517956916,61.20650113765487,30.243752123267594,30.962749014387274,25.52536992685293,71.67833791539154,98.3488238649247,98.89921590994979,-1.029984089726299,4740774.0,-2624099.8,1.0
2026-02-17,4169.376344676558,4245.532404224515,4149.569802086287,4238.40185546875,1763048,3981.0516357421884,3733.7574670410163,4117.583467817476,4032.726122555485,4307.028931595686,3618.9848867636883,3963.006909179687,74.22326420081127,61.969574168827315,70.89237517956916,70.89108402932152,38.37321850447838,32.51786552484314,26.397853133556886,73.41292821702267,98.3488238649247,98.34882386492467,-1.5584840057533023,6503822.0,-2016009.5,1.0
2026-02-18,4248.998667692766,4293.068226185325,4219.883145984599,4284.05615234375,2042626,3987.5719531250006,3738.840180664063,4150.878004722731,4055.5743070816907,4348.748392917813,3628.3068805196863,3988.52763671875,76.53746921909325,61.969574168827315,70.89237517956916,81.31278280878269,46.96113136533924,34.351651443443444,27.615276891589563,73.39665335871581,99.99999999999999,98.89921590994979,-1.7843326787696734,8546448.0,-1222881.95,1.0
2026-02-19,4284.254227989648,4292.077715484829,4220.675033797088,4239.09521484375,2007080,3993.177202148438,3743.679447021485,4168.521446746935,4072.2580259691504,4369.205290364702,3658.7527906899845,4013.9790405273434,69.88341390683826,61.969574168827315,70.89237517956916,84.9646625327623,54.56183759882386,30.402824933938447,28.745741809762762,73.25422681078906,91.72226281750318,96.69036222747596,-10.686309233740632,6539368.0,-403249.15,1.0
2026-02-20,4225.824923381601,4347.536028937959,4225.824923381601,4338.22705078125,2542442,4000.8878906250006,3749.0761865234385,4202.462567553798,4096.4370282247955,4404.799413268398,3681.271070130038,4043.035241699218,75.03662648625536,61.969574168827315,70.89237517956916,94.76551632254404,62.6025733435679,32.16294297897615,30.240852309796548,76.71543243547251,88.64732753397146,93.45653011715821,-2.519405752721915,9081810.0,450665.15,1.0
2026-02-23,4353.08189805949,4388.733673664306,4329.413177077925,4375.3642578125,2122782,4009.091762695313,3754.646347656251,4237.042905605538,4121.794049096405,4431.023594331342,3721.8246478561573,4076.4241210937494,76.64862816601641,67.67829656511739,70.89237517956916,104.32681126207353,70.94742092726904,33.3793903348045,31.920504890025924,75.47293701768022,88.64732753397146,89.67230596181537,-3.2553651501174286,11204592.0,1505653.7,1.0
2026-02-24,4372.789400346814,4397.052414797838,4187.202194686123,4218.00146484375,3673070,4012.757954101563,3758.8409899902354,4233.23461745318,4130.540177800709,4424.410031161722,3775.1222442289013,4099.766137695312,59.20309874583837,67.67829656511739,70.89237517956916,98.07578750195171,76.37309424220557,21.70269325974614,30.93728526380056,85.0713143815398,63.59173138313494,80.29546215035928,-44.74135271514834,7531522.0,2268879.1,1.0
2026-02-25,4228.69657702178,4302.871977644797,4213.049602782989,4256.9208984375,2481469,4016.8420556640635,3762.5272155761727,4237.9718736500445,4142.029334222236,4413.320441648262,3836.1738210470485,4124.747131347655,61.534921468911534,67.67829656511739,70.89237517956916,95.16527313324423,80.13153002041331,15.03374311283092,30.02429561087701,85.41067584441613,37.78876843251335,63.34260911653991,-35.579636128769735,10012991.0,3050590.9,1.0
2026-02-26,4263.2590312828725,4298.0196091654025,4236.9162337408725,4245.037109375,2370148,4021.2529687500005,3766.2531213378916,4239.384920795035,4151.393677417941,4414.108725886132,3870.403505559179,4142.2561157226555,60.39971117328693,67.67829656511739,70.89237517956916,90.85245650168417,82.27571531666749,8.576741185016687,29.176519504590857,83.67444010013855,6.741813457455433,36.04077109103457,-40.651505313778394,7642843.0,3502438.35,1.0
2026-02-27,4247.414068535446,4263.061527830492,4213.247781445278,4236.91650390625,2357853,4025.5292041015628,3769.908497314454,4238.891237417278,4159.1684798259685,4407.59619853717,3911.18134052533,4159.38876953125,59.590705884780654,67.67829656511739,70.89237517956916,85.7903158953859,82.97863543241118,2.8116804629747207,28.00175033866068,81.25581912050113,7.482417978737483,17.337666622902088,-50.91309759362376,5284990.0,3946816.4,1.0
2026-03-02,4021.718464978784,4101.340669322136,3936.946366148908,4027.36328125,6542141,4026.2343164062504,3772.294852294923,4196.585646183823,4147.186189046335,4387.990907656633,3945.1859722261797,4166.588439941406,43.42629467579197,62.664685386298174,75.98369507703457,64.13008750595964,79.20892584712088,-15.078838341161244,28.039463166962896,96.87827045170404,3.0269828795574645,5.750404771916793,-80.34867931717152,-1257151.0,4215818.05,-1.0
2026-03-04,3911.7921409181713,3920.705085036719,3723.629987304386,3845.044189453125,7635350,4022.453251953125,3773.8358410644546,4126.277354837684,4119.718734537862,4413.161756034894,3904.5462273635435,4158.853991699219,34.62585526113582,62.664685386298174,75.98369507703457,31.885022755451246,69.74414522878696,-37.85912247333572,29.265528879514,111.65362927269763,0.7406045212820496,3.750001793192332,-81.97057341843286,-8892501.0,3915942.7,-1.0
2026-03-05,3886.241579607042,4033.503171860288,3871.089526534894,3999.634033203125,4996312,4021.7857714843744,3776.171855468752,4100.948690510772,4108.801943507431,4416.0299995649575,3896.8847709428546,4156.457385253906,44.834193413718744,62.664685386298174,75.98369507703457,18.590386651713743,59.51339351337232,-40.92300686165858,29.18763887733413,117.13972592515947,8.097465133718256,3.9550175115192565,-59.0147232063454,-3896189.0,3795714.3,-1.0
2026-03-06,3976.1632721469473,3976.1632721469473,3902.879067380105,3911.593994140625,2379314,4019.626855468749,3778.2266198730485,4063.077751236743,4090.8739481104485,4426.833325197357,3874.841210935457,4150.837268066407,40.91566835073304,62.664685386298174,75.98369507703457,0.9393679369427446,47.79858839808641,-46.859220461143664,29.115312446738535,115.68367163214951,13.086675074587179,7.308248243195828,-72.08824666920276,-6275503.0,3628182.2,-1.0
2026-03-09,3812.759522920217,3814.7401772178378,3706.794517997499,3804.93603515625,4248784,4015.437773437499,3779.6440905761738,4011.4494080206446,4064.8795923873395,4452.212645813414,3827.080518249085,4139.64658203125,36.727688446121086,49.88511284253009,75.98369507703457,-21.4088100399008,33.95710871048897,-55.36591875038977,30.029224788223054,122.04908624007639,14.753892664553465,11.979344290952966,-85.78190592042745,-10524287.0,3166669.1,-1.0
2026-03-10,3897.927438080496,3933.5792134287926,3813.7496351747936,3838.5078125,3330102,4012.044912109374,3781.413881835939,3976.8610889165157,4044.3003396703084,4467.4307379613665,3788.332225905821,4127.881481933594,38.84937671991746,49.88511284253009,75.98369507703457,-35.996000746019035,19.966486819187367,-55.9624875652064,29.753097597406356,122.52009281382398,10.006612178210151,12.61572663911693,-80.91824880047697,-7194185.0,2780147.75,-1.0
2026-03-11,3842.1720063386033,3859.007567059743,3794.933451965104,3801.667724609375,2066473,4008.0855859374988,3782.761538085939,3941.822416055088,4022.2428292102236,4481.086585350666,3741.9757681649608,4111.531176757813,37.36854709344975,49.88511284253009,75.98369507703457,-49.95331100851445,5.982527253647005,-55.935838262161454,29.594628088905022,118.34538011959648,7.192962172047798,10.651155671603805,-86.25539714190063,-9260658.0,2195782.3,-1.0
2026-03-12,3788.001239836608,3792.952875444238,3669.0628558297135,3683.521728515625,4255443,4001.4999121093742,3783.279056396486,3890.1622785471955,3991.4500018743506,4505.096995515787,3673.311524992026,4089.204260253907,33.02144228539757,49.88511284253009,75.98369507703457,-69.7440089252591,-9.162779982134216,-60.58122894312488,30.058203066957134,119.36391502388685,5.525744582081512,7.5751063107798196,-98.01386262923798,-13516101.0,1314170.25,-1.0
2026-03-13,3660.2489254688862,3661.239252559111,3391.3751204729983,3405.73486328125,10778730,3988.7345947265617,3782.450321044923,3793.2767954940064,3938.2031710931597,4566.891055807599,3537.5499354033414,4052.2204956054698,25.507883276885586,49.88511284253009,75.98369507703457,-106.61437393370943,-28.653098772449262,-77.96127516126018,31.488244270507636,131.70553595379684,2.1755599347065697,4.964755562945293,-98.57213214524326,-24294831.0,-206701.2,-1.0
2026-03-16,3420.0947157845285,3460.995274278437,3363.7451992550614,3435.8408203125,8459233,3975.4444091796868,3781.741208496095,3721.7896004577055,3892.533866476736,4599.018440161691,3435.6539963617483,4017.3362182617198,27.434975174904665,37.18600633280186,75.98369507703457,-131.88481861950459,-49.29944274186033,-82.58537587764425,32.89787946394322,129.24443160162392,1.7830052045425628,3.1614365737768817,-93.0228280638137,-15835598.0,-1192892.2,-1.0
2026-03-17,3444.357759455057,3515.6613128422805,3416.6285998044696,3508.531005859375,5003418,3963.1524707031244,3781.35139404297,3679.1378815380394,3857.624515511521,4604.429361172747,3365.0102384366296,3984.719799804688,32.0085366617385,37.18600633280186,75.98369507703457,-144.3819918924478,-68.31595257197783,-76.06603932046995,33.703813809159044,127.08645170420871,7.7976113735760375,3.9187255042750566,-84.58293279076024,-10832180.0,-1971539.9,-1.0
2026-03-18,3534.477591355991,3603.602474645025,3520.613011283426,3573.001220703125,4190485,3952.4074267578117,3781.1867932128916,3657.9105493710567,3831.7496705289395,4585.104068623083,3317.7954675097317,3951.449768066407,35.8691993581864,37.18600633280186,75.98369507703457,-147.38492256727568,-84.1297465710374,-63.25517599623828,33.68334834463068,124.79966721002594,17.696124106571844,9.092246894896814,-77.60229551100034,-6641695.0,-2628815.75,-1.0
2026-03-19,3492.586678462303,3494.171298598927,3388.899475195398,3401.278564453125,4898518,3938.4220312499992,3780.1415026855475,3606.5841523874706,3792.6159336129563,4565.906835860886,3248.7149414828646,3907.310888671875,30.845213431969892,37.18600633280186,75.98369507703457,-161.75671920633158,-99.65514109809624,-62.101578108235344,34.17547324257862,129.03552994557603,21.133079913364796,15.542271797837557,-95.82645571914405,-11540213.0,-3633148.8,-1.0
2026-03-20,3441.3867859706,3489.9128154706173,3377.0155223481283,3401.57568359375,4743217,3924.1177441406244,3779.101658935547,3565.5824586287267,3757.0668199748466,4541.479330325615,3189.390493893135,3865.434912109375,30.86325703913526,37.18600633280186,75.98369507703457,-171.14959061082618,-113.95403100064223,-57.19555961018395,34.676315118718804,127.88279874392695,24.355232208712827,21.061478742883153,-94.87110674157904,-6796996.0,-4299967.0,-1.0
2026-03-23,3372.16304103714,3376.916417885746,3256.294765660181,3310.0693359375,5645839,3910.530458984375,3777.694898681641,3514.4798340904817,3716.4306850623607,4495.042423926095,3133.01162880828,3814.0270263671873,28.405135991665567,37.102375447168214,75.98369507703457,-183.85790687341205,-127.9348061751962,-55.92310069821585,35.568090870130774,129.12552154318712,19.453798059725038,21.647370060600885,-93.08106167556379,-12442835.0,-5376199.25,-1.0
2026-03-24,3406.72529938431,3512.789430852937,3357.7041068495646,3482.782470703125,6037848,3900.4608154296866,3777.0719824218754,3508.140361413011,3695.1899383024297,4411.393628348291,3127.402245675146,3769.3979370117186,38.380692864437194,37.102375447168214,75.98369507703457,-177.9416321477138,-137.9361713696997,-40.00546077801408,35.24387451235965,134.38227678406213,36.4364018359946,26.748477368144155,-70.85881943167887,-6404987.0,-6256678.2,-1.0
2026-03-25,3535.36861565716,3624.597184030301,3511.6998946916524,3614.000732421875,5090205,3893.1383349609364,3777.037320556641,3529.312435614784,3687.8091014041975,4348.324115523957,3130.0716852572923,3739.1979003906245,44.68649131098486,37.102375447168214,75.98369507703457,-160.81099566257762,-142.5111362282753,-18.299859434302334,34.114117290086426,134.91316510857027,60.53297670494642,38.80772553355535,-50.30954076496054,-1314782.0,-6698993.4,-1.0
2026-03-27,3604.790732013596,3604.790732013596,3512.6903094648965,3529.625,3991388,3886.7348828124996,3776.4688732910163,3529.3749484918276,3673.42872854927,4267.000078699366,3138.6661322381324,3702.833105468749,41.72934507248251,37.102375447168214,75.98369507703457,-152.28778053935775,-144.4664650904918,-7.82131544886596,33.065057012261285,132.51296924059943,83.7295705827344,60.23298304122514,-59.64321412659989,-5306170.0,-7464951.45,-1.0
2026-03-30,3466.144884403692,3509.3232431038955,3457.33106983784,3470.205322265625,3549203,3879.570854492187,3775.5988708496097,3517.5410232465874,3654.953873432575,4175.428888263938,3152.754143962624,3664.0915161132807,39.735144824776185,41.466956169149704,75.98369507703457,-148.61460588271802,-145.29609324893704,-3.3185126337809834,32.369391907586355,128.2116093064252,86.2546633369675,76.8390702082161,-68.41643753814279,-8855373.0,-8289862.25,-1.0
2026-04-01,3619.645517287119,3647.2755464119614,3562.503692497252,3572.60498046875,4099786,3874.4548193359374,3775.216108398438,3528.5538146910203,3647.4676104358637,4066.195276643205,3195.5566032396064,3630.8759399414057,44.64467050185637,41.466956169149704,53.45362199601487,-135.87451504569708,-143.41177760828907,7.537262562591991,30.711054299117023,131.70151036641886,86.18197678075491,85.38873690015227,-47.51891546453572,-4755587.0,-8791891.1,-1.0
2026-04-02,3505.0649310073672,3593.8972280231887,3436.435211143694,3578.151123046875,4121638,3869.6358935546873,3775.261665039063,3538.4732763621914,3641.166111582319,4001.949122368197,3214.8815416943025,3608.41533203125,44.90646064971361,41.466956169149704,53.45362199601487,-123.9021075455521,-139.50984359574167,15.607736050189573,29.830527990296147,133.5415465459243,91.32163765229225,87.91942592333822,-40.02580944575607,-633949.0,-8760731.0,-1.0
2026-04-06,3581.61713670185,3700.8524244991,3542.4000862813164,3691.642333984375,3353246,3866.8213818359372,3775.9563793945317,3569.1070878866285,3645.754859073415,3980.602254150977,3220.888224364647,3600.745239257812,50.10635992469739,43.0789529878815,53.45362199601487,-104.05659643736954,-132.41919416406725,28.362597726697715,28.294562601001065,135.32088880819995,99.9273134437874,92.47697595894485,-2.0717426258675897,2719297.0,-8180141.1,-1.0
2026-04-07,3644.4037006454223,3700.060034891855,3622.616504608955,3687.284912109375,3083714,3865.094248046875,3776.424804687501,3592.742652731178,3649.5303184403206,3918.809846581316,3251.4457198249333,3585.1277832031246,49.911578460927046,43.0789529878815,53.45362199601487,-87.6698895199911,-123.46933323525202,35.79944371526092,26.86830902522706,131.18679177067855,99.71361628190483,96.98752245932816,-3.051912866636941,-364417.0,-8003552.5,-1.0
2026-04-08,3909.811522872209,3992.999002082256,3892.975961603509,3967.1513671875,7368477,3869.835932617187,3778.3242517089852,3667.624395622443,3678.4049592355186,3933.7349885301196,3242.0763151808173,3587.9056518554685,60.525528068355094,43.0789529878815,53.45362199601487,-51.50668523923241,-109.07680363604811,57.5701183968157,25.998603028037707,143.65302735655015,99.71361628190483,99.78484866919902,-3.5085497838711177,7004060.0,-7339574.35,1.0
2026-04-09,3949.424528544847,3949.424528544847,3848.015128836471,3858.512451171875,4415151,3871.8641210937494,3779.783498535157,3705.8020067323296,3694.778367593369,3944.2338675572832,3236.935077755216,3590.5844726562495,55.60019868662315,43.0789529878815,53.45362199601487,-31.25307193516346,-93.51205729587119,62.258985360707726,24.9130384150794,141.90182814187008,94.60229492363042,98.00984249581336,-18.255161876567595,2588909.0,-6683914.55,1.0
2026-04-10,3893.9661619938656,3926.646956334099,3877.7248942455017,3921.59619140625,2822017,3876.144311523437,3781.461110839844,3748.9608436671137,3715.398169758176,3962.328505599494,3227.1492776036303,3594.738891601562,57.75019679081247,43.0789529878815,53.45362199601487,-9.996374861311324,-76.80892080895923,66.8125459476479,23.905014131618113,136.63273364332392,92.00854435308185,95.4414851862057,-9.69219493331347,5410926.0,-6053659.0,1.0
2026-04-13,3788.001193506401,3933.2821321015367,3778.6922153895466,3916.050537109375,4897563,3879.4420996093745,3782.908474121094,3782.3787823555663,3733.6392940628307,3984.7817857510986,3216.1342787020253,3600.458032226562,57.48665823875998,52.95424387963378,53.45362199601487,6.329262957612173,-60.18128405564495,66.51054701325712,22.337694552383002,137.91538957680007,88.85491967924057,91.82191965198427,-10.44496029323707,513363.0,-5564957.95,1.0
2026-04-15,4006.2693514998937,4064.302619137815,3992.107866693713,4036.87060546875,4562142,3885.033491210937,3785.347651367188,3833.2771469782033,3761.205776917914,4048.281172668788,3187.9697794796484,3618.125476074218,61.59827294539894,52.95424387963378,53.45362199601487,28.685944616973757,-42.40783832112121,71.09378293809496,21.596955036422045,138.6537247519172,93.96624103751498,91.60990168994579,-3.3950181982759897,5075505.0,-4635377.65,1.0
2026-04-16,4088.0703386726873,4108.867208128145,4049.447581112553,4079.949462890625,5092608,3888.7353320312495,3787.897742919922,3882.6116101606876,3790.182475642706,4116.221366481201,3187.451045628173,3651.836206054687,62.97330217685,52.95424387963378,53.45362199601487,49.311447994948594,-24.06398105790725,73.37542905285585,21.135709495591684,133.89250174530846,96.84637532615872,93.22251201430475,-3.8497291983988435,10168113.0,-2912230.45,1.0
2026-04-17,4094.012304958997,4102.826119595728,4033.4043337058415,4056.47900390625,2796673,3891.9796435546878,3790.256207275391,3917.3850889098003,3814.3912509393917,4168.921326802646,3196.814903666103,3682.8681152343747,61.67752536195437,52.95424387963378,53.45362199601487,63.036789263896026,-6.643826993546593,69.68061625744262,20.594099151292248,129.28745061277834,98.14130871729094,96.3179750269882,-7.790855351445469,7371440.0,-1751878.55,1.0
2026-04-20,4060.3412146981454,4090.051028464229,3985.0763531574,4011.815185546875,3545024,3894.548549804688,3792.19427734375,3936.2711082372152,3832.3388813582537,4207.995415560912,3208.069232876588,3708.03232421875,59.18188786812472,56.17034076398161,53.45362199601487,69.50896811814846,8.586732028792419,60.92223608935604,19.74416062414734,127.55082380521057,92.70281912266606,95.89683438870523,-14.432986981063301,3826416.0,-1018948.75,1.0
2026-04-21,3999.931193844929,4052.220513563709,3992.9989040809,4035.97900390625,2426718,3895.2734667968753,3794.156114501953,3956.212687371022,3850.8516197717076,4247.427359231297,3214.9350675265173,3731.1812133789067,60.12200564714536,56.17034076398161,53.45362199601487,75.71523656974205,22.012432936982343,53.702803632759704,18.9549319917985,122.67016563932475,88.61285552456951,93.1523277881755,-10.839490766168902,6253134.0,-374207.3,1.0
2026-04-22,4030.6314906487546,4030.6314906487546,3972.202188941561,3982.20458984375,2178082,3893.966235351563,3795.8956250000006,3961.411067865568,3862.792798869166,4263.527387628882,3256.927641667994,3760.227514648438,56.97698415764384,56.17034076398161,53.45362199601487,75.4251490602237,32.69497616163062,42.73017289859308,18.059765852556982,118.46349773399363,79.56635372734063,86.96067612485874,-18.83649482065376,4075052.0,406555.95,1.0
2026-04-23,3971.112601997008,4024.689395633784,3940.016427295525,4014.88525390625,2229134,3893.784013671875,3797.8138891601566,3972.1059050737044,3876.619385690719,4276.612885796213,3305.1731005319125,3790.892993164063,58.40118419900679,56.17034076398161,53.45362199601487,76.94533120378992,41.54504717006248,35.40028403372744,16.972592298884177,116.04988849144118,76.56928294103989,81.58283073098335,-13.976425072477316,6304186.0,1061615.05,1.0
2026-04-24,4032.612041436581,4048.5564048149936,3944.670944632933,3975.47021484375,2162213,3892.718422851563,3799.881197509766,3972.778767027714,3885.605824704631,4259.781789279348,3388.544284939403,3824.1630371093756,55.99369130317082,56.17034076398161,53.45362199601487,74.11526758816444,48.05909125368288,26.056176334481563,16.144794418642817,115.18100075505687,62.847378760484176,72.99433847628822,-23.548938347822602,4141973.0,1890855.45,1.0
2026-04-27,4018.7474793637457,4049.942783848703,3991.2163368910456,4014.39013671875,2000348,3891.5300292968755,3802.211933593751,3981.1010409659216,3897.313489433187,4262.898956886298,3438.5878839340153,3850.743420410157,57.841769799337456,53.79193447917616,53.45362199601487,74.15808595810904,53.27889019456811,20.879195763540928,15.3871768947257,112.27325563004946,60.656974125252454,66.69121194225883,-19.429703797984576,6142321.0,2518220.85,1.0
2026-04-28,4020.728142151919,4048.358172328472,3984.977236097506,3998.643798828125,1750237,3888.929428710938,3804.406002197267,3984.6095925383624,3906.5253357418173,4271.373864412386,3468.5772830485516,3869.975573730469,56.802413266838755,53.79193447917616,53.45362199601487,72.09040859903462,57.04119387546142,15.0492147235732,14.624399179457926,108.78094710154349,41.194337054721146,54.89956331348593,-33.38333057442796,4392084.0,2803564.15,1.0
2026-04-29,4020.728098242266,4086.089688016648,4012.112300673278,4056.47900390625,2175030,3887.457807617188,3806.954609375001,3998.98347481194,3920.1574873931295,4271.997042424475,3520.639505427089,3896.318273925782,59.66896473753366,53.79193447917616,53.45362199601487,74.26252493534685,60.48546008743851,13.777064847908335,14.247694218207505,107.25701439347058,44.06750480609958,48.63960532869106,-15.86679953783503,6567114.0,3397228.35,1.0
2026-04-30,4043.505667602357,4060.341228794921,3951.40524460774,3975.173095703125,2569328,3884.0530664062503,3808.9728967285164,3994.2213989901775,3925.158906330402,4240.210256259348,3602.923068935965,3921.566662597657,54.221592689506906,53.79193447917616,61.54175373227857,68.6320875081592,62.11478557158266,6.517301936576544,13.289913488982531,107.37694080730705,23.829769187935916,36.36387034958555,-40.491895317725145,3997786.0,4039886.3,1.0
2026-05-01,3975.173095703125,3975.173095703125,3975.173095703125,3975.173095703125,0,3880.886000976563,3811.123392333985,3990.4117383327675,3929.7056508188307,4215.183874507157,3668.2062622115936,3941.6950683593755,54.2215926895069,53.79193447917616,61.54175373227857,63.43864408220679,62.37955727370748,1.059086808499309,12.400545668987913,99.70715932107083,18.39463330605951,28.763969100031666,-40.491895317725145,3997786.0,4477554.95,1.0
2026-05-04,3987.057024889628,4099.459154130804,3987.057024889628,4061.13330078125,2173027,3878.8914794921875,3813.7284472656256,4004.5560508224644,3941.653618997232,4183.834667458221,3747.8536870339667,3965.8441772460938,58.830126442931466,53.78293936475061,61.54175373227857,65.50398375093027,63.00444256915205,2.499541181778227,12.679577531636813,101.46279497154282,17.55288975290874,19.925764082301388,-28.269876580679178,6170813.0,4817793.05,1.0
2026-05-05,4045.486226723394,4050.4378622518193,3985.076273276607,4015.28125,3849402,3874.4290673828123,3816.2730920410163,4006.7010906579717,3948.3470399974835,4158.386741383429,3805.6655047103213,3982.026123046875,55.6140061843141,53.78293936475061,61.54175373227857,62.717929768081376,62.94714000893792,-0.2292102408565455,12.916496197979253,99.64809729533569,22.856285989651354,19.601269682873202,-55.42524450681432,2321411.0,4797898.75,1.0
2026-05-06,3935.560032221568,3982.10540753974,3862.2758242738087,3969.726318359375,9540104,3868.1424707031247,3818.8113012695317,3999.3061361982527,3950.290610757655,4105.721353679884,3886.5750330388655,3996.1481933593745,52.540808032019996,53.78293936475061,61.54175373227857,56.18637805784374,61.59498761871909,-5.408609560875348,12.104875754970445,103.45933504039681,22.856285989651354,21.088487244070482,-55.331381347185946,-7218693.0,4455184.95,1.0
2026-05-07,3989.037573017648,4026.471985886887,3952.395470187049,3984.0859375,3477185,3863.04228515625,3821.430716552735,3996.262096458602,3953.362913188777,4105.8842051447555,3888.1056386052433,3996.9949218749994,53.41467972884588,53.78293936475061,61.54175373227857,51.574261543287776,59.59084240363283,-8.016580860345051,11.53253438286587,101.36056223035692,9.145672620983948,18.286081533428884,-48.643054594252334,-3741508.0,3917906.55,1.0
2026-05-08,3971.21178887478,3975.173097392361,3921.6954324050193,3936.05517578125,1620273,3854.9988476562494,3823.761451416016,3984.220712323132,3951.7894825153653,4093.2736704258637,3908.4704457850726,4000.872058105468,50.09222628666252,53.78293936475061,61.54175373227857,43.54152531593445,56.380978986093155,-12.839453670158704,10.712266825508914,98.57698672068719,3.8422763842413343,11.948078331625545,-68.89353414848964,-5361781.0,3520372.05,1.0
2026-05-11,3909.811514041804,3915.258313263493,3848.510361331151,3902.0869140625,2027769,3845.53330078125,3826.0699035644534,3967.7939526710056,3947.2710672014687,4096.153472439264,3903.6397160372967,3999.8965942382806,47.82651014214641,52.53731467742002,61.54175373227857,34.042152404507306,51.91321366977599,-17.871061265268686,10.612153701060402,97.78897441564517,3.8422763842413343,5.610075129822205,-78.65040427824566,-7389550.0,2880348.25,1.0
2026-05-12,3887.133070256449,3901.8888476132015,3809.788425575631,3819.196533203125,2255075,3837.5572021484377,3828.0094592285154,3938.07446877743,3935.627927747074,4115.722123161323,3874.385664924614,3995.0538940429683,42.745594101613854,52.53731467742002,61.54175373227857,19.599340939199465,45.45043912366069,-25.85109818446123,10.844064333116492,97.396796849304,0.0,2.5615175894942226,-96.75213727171543,-9644625.0,2372448.85,1.0
2026-05-13,3810.778866691976,3914.763217264392,3810.778866691976,3877.923095703125,2486330,3829.97724609375,3830.0544848632817,3926.044194162569,3930.3820339248964,4116.779526934175,3857.4335101751985,3987.1065185546868,47.03847589338798,52.53731467742002,61.54175373227857,12.74513362661719,38.90937802425199,-26.164244397634803,10.915944143135347,97.86733640095485,8.455529504393366,4.0992686295449,-76.47857950047705,-7158295.0,1760758.85,1.0
2026-05-14,3903.86953222323,3949.424580037098,3887.0339710746266,3902.284912109375,2982228,3823.1222021484377,3832.4104724121094,3921.2923377519305,3927.827750123485,4105.434951530625,3851.011630500625,3978.223291015625,48.75500526477712,52.53731467742002,61.54175373227857,9.173177255986047,32.9621378705988,-23.788960614612755,10.593948997903253,95.98406125331331,20.292043030464242,9.582524178285869,-68.06840408242134,-4176067.0,1043549.85,1.0
2026-05-15,3911.197839728613,3911.197839728613,3855.3434867478295,3871.188720703125,1339185,3815.8076464843753,3834.5104614257816,3911.27161434217,3922.6787474489065,4099.128018433428,3838.7895352775085,3968.9587768554684,46.67549111908185,52.53731467742002,61.54175373227857,3.7894904459503778,27.127608385669117,-23.33811793971874,10.600590195883441,93.11765351956119,28.03261493349243,18.92672915611668,-78.80341744098624,-5515252.0,399215.25,1.0
2026-05-18,3836.4280596540248,3886.7367247380407,3814.7399928548766,3879.903564453125,1771638,3812.8584521484377,3836.690666503907,3904.998004364361,3918.79009444929,4096.690584317977,3828.035807283585,3962.363195800781,47.35321318936435,50.45071519581302,61.54175373227857,0.22351833898846962,21.74679037633299,-21.52327203734452,10.985316210415764,91.60901625981855,28.65254127233562,25.65906641209743,-75.7948829599677,-3743614.0,20713.75,1.0
2026-05-19,3902.780167473302,3921.695512743879,3862.2758837629112,3883.07275390625,2318170,3813.6190234375,3839.058044433594,3900.6129542727385,3915.5430634908316,4088.8089329735535,3820.6268336280086,3954.717883300781,47.61395678001175,50.45071519581302,61.54175373227857,-2.320068835037546,16.933418534058884,-19.25348736909643,10.91050195521495,89.30977431132922,26.905146441356557,27.8634342157282,-74.70081678734046,-1425444.0,-363215.15,1.0
2026-05-20,3863.8604825083903,3905.355093138585,3845.539430340757,3872.872314453125,1972259,3811.0837890625,3841.476918945313,3895.064826308816,3911.6639044874037,4087.474922311393,3811.0276167511065,3949.25126953125,46.810358310432804,50.45071519581302,61.54175373227857,-5.100178527926801,12.526699121661746,-17.626877649588547,11.00947196913443,87.20305206036484,27.58832832978401,27.715338681158727,-78.22220795585893,-3397703.0,-736852.9,1.0
2026-05-21,3931.5985745195367,3931.5985745195367,3874.8527835138552,3890.5,1624945,3810.661909179687,3843.6204809570318,3894.151861047053,3909.739913170367,4080.008957328453,3806.0550563434217,3943.0320068359374,48.430159492499605,50.45071519581302,61.54175373227857,-5.81400831744395,8.858557633840608,-14.672565951284557,10.761730683625139,85.16899548936819,30.293476921205375,28.262317230781978,-72.13678619619449,-1772758.0,-1140700.1,1.0
2026-05-22,3907.0,3960.0,3900.10009765625,3926.60009765625,1330428,3813.0951904296876,3845.1052416992193,3900.6415083688926,3911.272657214538,4076.870800458517,3804.306201494607,3940.588500976562,51.675776682480446,50.45071519581302,61.54175373227857,-3.4272402959982173,6.401398047872843,-9.82863834387106,10.170429919063785,84.04978152584188,43.33640830210793,33.7394045176991,-51.45981902388673,-442330.0,-1369915.25,1.0
2026-05-25,3970.0,4038.39990234375,3961.5,4033.39990234375,2099927,3816.9930322265623,3847.2656188964847,3927.1931871638644,3922.3751340444664,4080.232377479903,3802.8456010357218,3941.5389892578123,59.747110862302925,52.197290048398436,61.54175373227857,7.001434058222912,6.521405249942857,0.48002880828005523,10.16446539329787,86.0319260373889,68.24598784398562,47.29195768909963,-2.187116793384569,1657597.0,-1594151.45,1.0
2026-05-26,4029.60009765625,4052.89990234375,4014.199951171875,4037.800048828125,1552847,3821.7156787109375,3849.6916162109383,3949.314559496717,3932.868308115708,4086.619044257616,3800.374559258008,3943.496801757812,60.043220324028034,52.197290048398436,61.54175373227857,15.443268282554527,8.305777856465191,7.137490426089336,10.31208716958782,82.65107068985219,89.79871674266101,67.12703762958485,-6.211082140736335,3210444.0,-1653233.45,1.0
2026-05-27,4043.0,4069.89990234375,4017.89990234375,4047.5,1607028,3828.995244140625,3851.949232177735,3968.9516475973737,3943.28937101428,4084.726913294554,3801.368789830447,3943.0478515625005,60.72904605554631,52.197290048398436,61.54175373227857,22.65503458276362,11.175629201724878,11.479405381038742,10.63241512765518,80.46170849771988,99.99999999999999,86.0149015288822,-8.611654749751319,4817472.0,-1740715.55,1.0
2026-05-28,4047.5,4047.5,4047.5,4047.5,0,3841.8305468749995,3854.1003869628917,3984.661318077899,3952.7630645584363,4095.316531884545,3798.011861670143,3946.664196777344,60.729046055546306,52.197290048398436,61.54175373227857,28.047101802782436,14.54992372193639,13.497178080846046,10.929862517289159,74.71444360502561,99.99999999999997,96.59957224755365,-8.611654749751319,4817472.0,-1699731.25,1.0
2026-05-29,4045.800048828125,4128.0,4045.0,4076.5,4882940,3854.6437304687497,3856.516373291017,4003.0290544623194,3964.0118768713055,4111.001529791832,3792.4595541925437,3951.7305419921877,62.93494571448596,52.197290048398436,61.54175373227857,34.2654211141612,18.49302320038135,15.772397913779848,12.047889981550945,75.3062690618095,99.99999999999997,99.99999999999997,-16.184200745419552,9700412.0,-1414599.95,1.0
2026-06-01,4089.0,4105.7998046875,4002.10009765625,4010.800048828125,1409388,3864.689111328125,3858.5384973144546,4004.583253335481,3968.265347049198,4102.691460187831,3795.7362986012317,3949.2138793945314,55.34952101090408,56.64908517997607,62.93359153073006,33.50581283313613,21.495581126932308,12.010231706203825,12.421080071960095,77.3343717739124,84.44920223887053,94.81640074629016,-36.94582071178498,8291024.0,-1308589.4,1.0
2026-06-02,3980.0,4017.0,3923.5,4000.89990234375,2085054,3873.2470849609376,3860.679476318361,4003.846583137135,3971.2321248032486,4100.7993569422415,3796.190267081196,3948.4948120117188,54.28770138004963,56.64908517997607,62.93359153073006,31.739090240038877,23.544282949553626,8.194807290485251,11.706081573439876,78.48905950434722,66.7215794503412,83.72359389640388,-40.57335592071559,6205970.0,-1114361.45,1.0
2026-06-03,4000.89990234375,4008.0,3894.0,3953.199951171875,1872929,3884.2855126953127,3862.2808959960953,3993.7172567440834,3969.5928362913055,4099.667045489593,3795.669941815094,3947.6684936523434,49.37310021972911,56.64908517997607,62.93359153073006,26.188082528146424,24.073042865272186,2.1150396628742385,11.054140671024987,81.0255552540367,38.918585577491704,63.36312242223447,-55.80030800010347,4333041.0,-536774.75,1.0
2026-06-04,3945.0,3974.89990234375,3930.10009765625,3942.10009765625,1398297,3895.0960009765627,3863.739172363283,3983.393824926517,3967.093496415391,4096.606697975791,3794.531705344521,3945.569201660156,48.277836698821524,56.64908517997607,62.93359153073006,20.655104324953754,23.389455157208502,-2.734350832254748,10.448766975925448,78.43800164214122,24.169674683791428,43.269946570541435,-59.34364365178237,2934744.0,-202962.15,1.0
2026-06-05,3960.0,3978.0,3923.89990234375,3953.199951171875,1278243,3907.9586132812506,3865.2153161621113,3977.355050175589,3965.830446847799,4097.4311873935385,3795.421693465836,3946.4264404296873,49.484639650629944,56.64908517997607,62.93359153073006,16.970222488087074,22.105608623384217,-5.135386135297143,9.96831211505201,76.69957992886327,14.09233575595653,25.726865339079886,-61.884761132855346,4212987.0,275776.25,1.0
2026-06-08,3901.10009765625,3916.699951171875,3863.10009765625,3875.5,1678709,3915.812963867188,3866.3856518554708,3956.9840401404713,3957.6185880434537,4098.1989065899315,3791.995282863193,3945.0970947265623,42.082614184445575,52.33194536509848,62.93359153073006,7.691527251895877,19.22279234908655,-11.531265097190673,10.280595017361946,77.65674232791768,8.561996295472685,15.608002245073546,-89.3930081301659,2534278.0,771967.65,-1.0
2026-06-09,3924.89990234375,3924.89990234375,3885.0,3900.60009765625,1506501,3921.5449511718757,3867.8889611816426,3945.707251643627,3952.4350889173443,4092.1714960163017,3806.163049882136,3949.167272949219,44.94743253158475,52.33194536509848,62.93359153073006,2.336528492393427,15.845539577747926,-13.5090110853545,10.441813504702433,75.63839661476285,10.107904834492903,10.920745628640706,-85.84370939052377,4040779.0,1456237.85,-1.0
2026-06-10,3904.0,3962.800048828125,3900.0,3917.5,2033070,3929.302451171875,3869.586201171877,3940.065801314902,3949.25917174304,4091.061321008481,3811.230915319644,3951.1461181640625,46.85357628887464,52.33194536509848,62.93359153073006,-0.5374701036403167,12.568937641470278,-13.106407745110594,10.006619055412884,74.72137177286015,12.206117799613835,10.292006309859808,-79.4639779545266,6073849.0,2117845.05,-1.0
2026-06-11,3900.0,3909.800048828125,3854.39990234375,3862.0,2224659,3937.138344726562,3871.108439941408,3924.4526410519215,3941.3265197664,4093.1097386628157,3805.154006454371,3949.1318725585934,41.7421053649003,52.33194536509848,62.93359153073006,-7.210403817299721,8.613069349716278,-15.823473167016,10.1911529525899,73.89128076453086,12.206117799613835,11.506713477906857,-97.22218752063505,3849190.0,2519107.9,-1.0
2026-06-12,3930.0,4059.800048828125,3921.0,4049.300048828125,3065790,3946.6722460937494,3873.466661376955,3949.4221226071622,3951.1422951356476,4103.739419960169,3812.335457969519,3958.037438964844,58.282640379399645,52.33194536509848,62.93359153073006,2.584998493812236,7.4074551785354705,-4.822456684723234,10.444503215507904,82.74190705478759,33.64250118671624,19.351578928647967,-28.76459176953704,6914980.0,3140619.5,-1.0
2026-06-15,4130.0,4214.89990234375,4130.0,4169.7998046875,3978153,3958.5052197265622,3876.5105688476583,3993.49765902323,3971.020250549452,4141.351353910634,3803.7131480424914,3972.532250976563,65.13997603975427,55.197760675178955,62.93359153073006,19.84251645860786,9.894467434549949,9.948049024057912,11.952706291027093,88.66033180199025,59.34924993795955,35.06595630809654,-12.510429308252425,10893133.0,3872456.85,1.0
2026-06-16,4205.0,4235.39990234375,4177.10009765625,4186.39990234375,2647549,3968.4003710937495,3879.6013293457054,4032.0781076873345,3990.6002188943885,4176.049053291788,3799.3481635050866,3987.6986083984375,65.96984903055358,55.197760675178955,62.93359153073006,34.461462637693785,14.807866475178717,19.65359616251507,13.492832250319745,87.01317222015166,92.68258327129288,61.891444798656224,-12.86089238845144,13540682.0,4620763.15,1.0
2026-06-17,4200.10009765625,4214.7001953125,4172.0,4207.7001953125,1312925,3978.8086767578125,3883.104603271486,4067.2025252123676,4010.3365803869438,4208.6692920095575,3800.2107128732546,4004.4400024414062,67.0536532346797,55.197760675178955,62.93359153073006,47.22149839787289,21.290592859717552,25.93090553815534,14.850512561880027,83.84795958389083,99.99999999999999,84.01061106975081,-7.270264312664043,14853607.0,5533328.65,1.0
2026-06-18,4207.7001953125,4244.89990234375,4165.60009765625,4190.0,1485427,3983.2656494140624,3886.426285400392,4091.762020169894,4026.669618533585,4232.208843342468,3806.6211615403445,4019.415002441406,65.19549910420358,55.197760675178955,62.93359153073006,55.268559285929314,28.086186144959907,27.182373140969407,16.333955885131154,83.52309137700577,97.55295601302115,96.745179761438,-14.058873839628683,13368180.0,6290375.55,1.0
2026-06-19,4190.0,4217.5,4161.60009765625,4209.39990234375,1397746,3990.2833984374997,3889.6424450683603,4115.289596604665,4043.2814625163273,4257.663358432327,3809.446626919235,4033.5549926757812,66.29785788309024,55.197760675178955,62.93359153073006,62.49096604574879,34.96714212511769,27.523823920631102,17.64802190094954,81.55000644605893,96.55763251420049,98.0368628424072,-9.090909090909093,14765926.0,7050788.35,1.0
2026-06-22,4228.0,4235.39990234375,4190.0,4201.2998046875,1169466,3995.877470703125,3892.8309790039075,4132.491638221232,4057.6467663500703,4278.279569055334,3805.6204065306033,4041.9499877929684,65.36691943419018,59.55976624904611,62.93359153073006,66.79123744287881,41.331961188669915,25.459276254208895,19.010812966228105,78.96785615303686,94.33633572486247,96.14897475069469,-11.165197863316257,13596460.0,7647731.5,1.0
2026-06-23,4210.0,4242.39990234375,4166.0,4179.39990234375,2198497,4001.1444580078132,3896.026376953126,4141.873291045737,4068.7152332585865,4293.190483436145,3804.8694775013546,4049.0299804687497,62.79940094956616,59.55976624904611,62.93359153073006,67.65224148508423,46.59601724795278,21.056224237131453,19.863210491400658,78.78443088094495,91.18086143704642,94.02494322536978,-16.773367477592828,11397963.0,8057107.45,1.0
2026-06-24,4176.5,4215.0,4170.0,4181.7001953125,1367416,4004.041049804688,3899.1050280761733,4149.83867189909,4078.986593445306,4306.996507799272,3804.483472669477,4055.7399902343745,62.96395396039264,59.55976624904611,62.93359153073006,67.73935074089923,50.82468394654207,16.914666794357153,20.654722479060887,76.37125724659174,86.79037013527699,90.76918909906195,-16.18430397727273,12765379.0,8454502.8,1.0
2026-06-25,4207.0,4272.2998046875,4187.10009765625,4216.39990234375,3104020,4006.770058593751,3902.39778076172,4163.150917988022,4091.4787124360737,4325.430616796812,3802.9393539063126,4064.184985351562,65.44691586662127,59.55976624904611,62.93359153073006,69.8037081177099,54.620488780775645,15.183219336934258,21.90678575509725,77.38756811290662,86.89571919418961,88.28898358883767,-13.376385596225548,15869399.0,9007099.15,1.0
2026-06-26,4216.39990234375,4216.39990234375,4216.39990234375,4216.39990234375,0,4009.968476562501,3905.8836474609384,4173.800714859168,4102.835184245862,4341.159785559186,3801.2001753783125,4071.1799804687494,65.44691586662125,59.55976624904611,62.93359153073006,70.62559827768791,57.8215106801581,12.804087597529815,23.069415939988158,71.85988467627044,90.38228973855904,88.02279302267522,-13.376385596225548,15869399.0,9315548.5,1.0
2026-06-29,4225.0,4252.0,4157.7998046875,4165.2001953125,2706906,4013.0361767578133,3909.232354736329,4172.080610949834,4108.504730706466,4350.435696944802,3807.3642786411338,4078.8999877929677,58.711288015833446,59.74431262880125,62.93359153073006,66.38037207828074,59.53328295978263,6.847089118498111,23.05746260472833,73.45562115028685,84.7818605504826,87.35328982774375,-25.6280532190466,13162493.0,9559121.95,1.0
2026-06-30,4183.0,4193.7998046875,4134.10009765625,4143.39990234375,1539094,4015.184594726564,3912.4948388671887,4166.3444692286175,4111.677019037128,4356.418934133554,3815.631041452382,4086.024987792968,56.06544711432857,59.74431262880125,63.863480016230035,60.558813969235416,59.73838916167319,0.820424807562226,22.642958325225557,72.47305585606993,72.42719829571831,82.53044952825331,-30.8446835284784,11623399.0,9829993.4,1.0
2026-07-01,4130.10009765625,4142.7998046875,4081.10009765625,4092.60009765625,1437109,4017.392504882814,3915.379532470704,4151.595594914144,4109.942753457048,4356.060058595324,3829.929931639049,4092.9949951171866,50.36916765200636,59.74431262880125,63.863480016230035,51.25522916264117,58.04175716186679,-6.786527999225619,21.423528028722828,71.74639505831493,41.20981269281043,66.13962384633712,-51.15280584659092,10186290.0,10122655.85,1.0
2026-07-02,4100.0,4110.0,4012.0,4059.39990234375,2481554,4018.282797851564,3918.1492272949226,4133.1564564000655,4105.347948810384,4352.833348719835,3844.88662198329,4098.8599853515625,47.00770474206244,59.74431262880125,63.863480016230035,40.73354196260061,54.58011412201356,-13.84657215941295,20.420855864734193,73.62165255414958,18.862723348143604,44.166578112224116,-81.79026588181446,7704736.0,10361155.45,1.0
2026-07-03,4080.0,4094.0,4019.0,4026.60009765625,1505428,4019.3053955078135,3920.5563623046883,4111.845184651303,4098.189053250917,4349.670266466802,3855.3897188847595,4102.529992675781,43.89127695473602,59.74431262880125,63.863480016230035,29.409346295616615,49.54596055673417,-20.136614261117558,19.48980314103046,73.7201059431389,0.0,20.02417868031801,-94.3910454816599,6199308.0,10460471.5,1.0
2026-07-06,4027.699951171875,4068.0,4016.5,4041.0,1252054,4019.8375927734387,3923.0038073730475,4097.676147721042,4092.9900484099244,4336.05143354465,3885.5585518069106,4110.80499267578,45.596525285243274,52.71934562995486,63.863480016230035,21.35067413613524,43.906903272614386,-22.556229136479146,18.659147166834973,72.13295551862899,2.454049201598008,7.10559084991387,-88.8590004764638,7451362.0,10706325.7,1.0
2026-07-07,4044.5,4046.300048828125,3975.0,3991.89990234375,2442514,4019.702714843751,3924.801697998047,4076.520898645584,4083.800035131181,4325.89881365954,3904.841152160772,4115.369982910156,41.018819296999325,52.71934562995486,63.863480016230035,10.876770219391346,37.30087666196978,-26.424106442578434,18.44004318770805,72.073462183593,2.454049201598008,1.6360328010653387,-94.3155353359502,5008848.0,10754729.15,-1.0
2026-07-08,3950.0,3988.0,3871.0,3892.10009765625,2252308,4016.415136718751,3926.0129455566407,4039.6367384477176,4066.372768088005,4329.895212125186,3898.3047634607515,4114.099987792969,33.628605187934525,52.71934562995486,63.863480016230035,-5.414469635970818,28.757807402381662,-34.172277038352476,19.349789344055907,75.56106505217565,2.454049201598008,2.454049201598008,-94.74206131929691,2756540.0,10588863.7,-1.0
2026-07-09,3916.0,3947.300048828125,3867.800048828125,3886.0,5117653,4014.631674804688,3927.1912170410155,4008.9093907581746,4049.9752437163684,4325.383880859148,3905.216094726789,4115.299987792969,33.23446175498017,52.71934562995486,63.863480016230035,-18.603175664618902,19.28561078898155,-37.88878645360045,20.22444670307096,75.84241754844882,0.0,1.6360328010653387,-95.50062740255343,-2361113.0,10278348.55,-1.0
2026-07-10,3905.0,3953.800048828125,3905.0,3945.800048828125,1283990,4014.044213867188,3928.7209765625,3996.287522372165,4040.504771453801,4331.8317761245635,3888.4181994613755,4110.1249877929695,40.586082033087244,52.71934562995486,63.863480016230035,-23.953831186078332,10.637722393969575,-34.59155358004791,20.913236006110836,75.26796263985428,7.607430604974522,3.353826602190843,-80.71692284849813,-1077123.0,9878743.4,-1.0
2026-07-13,3895.0,3939.0,3875.60009765625,3928.5,1744547,4011.391547851563,3930.317241210937,3982.730017897732,4030.322519503455,4332.017392508487,3864.1026026087,4098.059997558594,39.239944088913475,50.02274998836484,63.863480016230035,-29.253022954866537,2.659573324202352,-31.91259627906889,21.853896150521884,74.9059618207129,13.821882436885726,7.14310434728675,-84.99382254436331,-2821670.0,9193003.25,-1.0
2026-07-14,3892.0,3897.89990234375,3843.0,3848.699951171875,2409089,4008.0599218750003,3931.4496386718747,3955.9240045525607,4013.811376927857,4336.093244355957,3826.2567556440436,4081.175,33.68928293607777,50.02274998836484,63.863480016230035,-39.43725945567758,-5.759793231773634,-33.67746622390394,23.042653112730857,75.66267883351914,14.292529782910437,11.907280941590228,-98.67226793265742,-5230759.0,8254431.2,-1.0
2026-07-15,3868.0,3868.0,3778.60009765625,3783.89990234375,3602201,4004.3433935546877,3932.177818603515,3921.519184110799,3992.910333783847,4339.854975064038,3780.1149956390873,4059.9849853515625,29.980647043402147,50.02274998836484,63.863480016230035,-52.136169333421094,-15.035068452103125,-37.10110088131797,24.69429117884507,76.64390908424993,6.685099177935914,11.599837132577358,-98.88048040118697,-8832960.0,7070102.85,-1.0
2026-07-16,3795.0,3802.0,3762.300048828125,3775.60009765625,2936753,4000.1736767578127,3933.0100793457023,3892.3353668198893,3973.154857772247,4339.243497985642,3739.2864824831086,4039.264990234375,29.53221598047239,50.02274998836484,63.863480016230035,-62.15340600093032,-24.458735961868566,-37.69467003906175,26.354355572085904,74.00505494765171,0.4706473460247107,7.149425435623686,-97.2840412182404,-11769713.0,5813208.2,-1.0
2026-07-17,3788.89990234375,3828.89990234375,3767.699951171875,3814.5,1942610,3997.742573242188,3933.6154541015617,3876.7682934559116,3958.731688883861,4324.29423949049,3714.7457507438844,4019.5199951171876,34.47876252671161,50.02274998836484,63.863480016230035,-66.19024131129027,-32.80503703175291,-33.385204279537355,27.31260223621237,73.09040467795339,6.214278390853385,4.45667497160467,-87.90266959296105,-9827103.0,4583556.75,-1.0
2026-07-20,3815.0,3850.0,3807.0,3838.800048828125,1450930,3996.4768359375003,3934.5458422851557,3869.1746445303543,3947.8288125151576,4303.75775959989,3699.032255048548,4001.395007324219,37.433355548594406,45.91296497092538,63.863480016230035,-66.66023384096616,-39.576076393595564,-27.084157447370593,27.757651058871087,70.94109005809958,18.853906446294936,8.512944061057677,-79.89486226417637,-8376173.0,3484925.1,-1.0
2026-07-21,3839.0,3859.5,3815.699951171875,3846.60009765625,1393919,3997.024907226563,3935.660808105468,3864.659735155534,3938.6262020734384,4282.46497740476,3687.045056774927,3984.7550170898435,38.39367502623611,45.91296497092538,63.863480016230035,-65.64657470452585,-44.79017605578162,-20.856398648744225,27.96922774818976,69.00244425595854,35.75655061389921,20.27491181701584,-75.75494372547271,-6982254.0,2565914.25,-1.0
2026-07-22,3835.0,3843.300048828125,3806.199951171875,3817.39990234375,1157406,3995.8144433593748,3936.5738195800773,3855.207768593177,3927.6056293707397,4258.027257112503,3675.0527477703085,3966.540002441406,36.15634275506379,45.91296497092538,63.863480016230035,-66.43364851481329,-49.11887054758796,-17.314777967225325,28.275861846727626,66.95942298655972,43.28729055098211,32.63258253705875,-83.38864587680501,-8139660.0,1520662.3,-1.0
2026-07-23,3800.0,3827.60009765625,3777.699951171875,3792.39990234375,1278355,3993.6167431640624,3937.0508679199206,3842.6461953432918,3915.314199641013,4221.588897900922,3669.09110698189,3945.340002441406,34.31274890701827,45.91296497092538,63.863480016230035,-68.28752516373015,-52.952601470816404,-15.334923692913748,28.88525184830864,65.74090323640367,40.56723603762893,39.870359067503415,-90.15379184712337,-9418015.0,256291.6,-1.0
2026-07-24,3751.0,3805.0,3720.0,3785.60009765625,1994087,3991.904970703125,3937.474605712889,3831.2369758058835,3903.5220085514893,4177.302983190196,3670.2970412238665,3923.800012207031,33.80780991746855,45.91296497092538,63.863480016230035,-69.50422177070232,-56.262925530793595,-13.24129623990872,30.027189471784265,67.11655300523198,36.07207160729516,39.97553273196873,-79.89577448981501,-11412102.0,-1107783.45,-1.0
2026-07-27,3820.0,3837.300048828125,3798.699951171875,3806.0,1454211,3990.4268994140625,3938.0364904785147,3826.1895806447073,3894.6563714104445,4137.267789459363,3674.41221542345,3905.8400024414063,36.81204575608953,45.035910316016796,63.863480016230035,-68.03806055762425,-58.61795253615973,-9.420108021464522,30.34826291860177,66.0153671599922,44.279643564562164,40.30631706982875,-67.91044776119404,-9957891.0,-2263802.65,-1.0
2026-07-28,3812.0,3837.0,3793.0,3832.0,1702441,3989.4054443359373,3938.7278796386704,3827.351664515766,3888.9603376458585,4094.7326112034416,3685.8074034449965,3890.270007324219,40.51753994483021,45.035910316016796,63.863480016230035,-64.03992216495499,-59.702346461918786,-4.337575703036201,30.709052852668844,64.44284093427846,67.4867122068137,49.27947579289034,-52.09581838781594,-8255450.0,-3257745.1,-1.0
2026-07-29,3895.39990234375,3978.199951171875,3891.10009765625,3931.39990234375,3115802,3990.57599609375,3939.721174316405,3848.161312081363,3892.818479891121,4064.608330013578,3699.81166510361,3882.209997558594,52.08591442700359,45.035910316016796,63.863480016230035,-52.24834093341951,-58.211545356218934,5.963204422799421,28.533263624185306,70.28263452267822,88.41256580287653,66.72630719141746,-18.12550645951586,-5139648.0,-4024042.0,-1.0
2026-07-30,3931.39990234375,3951.699951171875,3883.5,3937.699951171875,2141252,3991.519995117187,3940.6726855468737,3866.0690398994657,3896.898613643917,4040.902872287881,3711.347127712118,3876.1249999999995,52.71362876070403,45.035910316016796,63.863480016230035,-41.91193190323884,-54.951622665622914,13.039690762384076,26.585092901660484,70.13387142619229,99.79330885100656,85.23086228689893,-15.685518070853743,-2998396.0,-4559198.6,-1.0
2026-07-31,3962.89990234375,3973.10009765625,3923.199951171875,3938.89990234375,1753377,3991.7659912109375,3941.7019946289056,3880.635212388323,3900.716912616629,4023.837027346175,3719.642953122574,3871.7399902343745,52.84035708483816,45.035910316016796,58.99163661920479,-33.240254285788524,-50.60934898965604,17.369094703867518,24.91154378789986,68.68860535891963,99.99999999999999,96.0686248846277,-15.220780890839237,-1245019.0,-4931414.95,-1.0
2026-08-03,3974.0,4025.0,3962.5,4025.0,1890377,3991.5979931640622,3943.2865856933586,3909.5081699106586,3912.0153751060266,4019.4136604175496,3722.4663200512,3870.939990234375,60.93118086481711,50.44370346230252,58.99163661920479,-19.19901469514207,-44.327282130753254,25.128267435611185,24.064630766428234,69.93228338015751,99.99999999999999,99.9311029503355,0.0,645358.0,-5271715.15,1.0
2026-08-04,4007.199951171875,4042.39990234375,3988.199951171875,3990.0,1827982,3990.6419921875,3944.278259277343,3925.606535928527,3919.1048864600243,4018.994884443634,3722.69510579074,3870.844995117187,56.67461009039552,50.44370346230252,58.99163661920479,-10.771274107653426,-37.61608052613329,26.844806418479862,23.499253589699205,68.8085453652802,95.48119840882197,98.49373280294064,-16.25307636969444,-1182624.0,-5581288.75,1.0
2026-08-05,4025.0,4074.0,4024.800048828125,4057.0,1910224,3990.8319921875,3945.4410327148425,3951.885228742822,3931.6408058727493,4048.979836081714,3709.200144387036,3879.089990234375,62.12869589426879,50.44370346230252,58.99163661920479,1.2991354592695643,-29.83303732905272,31.132172788322283,23.364054916612076,69.89364926776018,95.48119840882197,96.9874656058813,-4.802259887005644,727600.0,-5682735.75,1.0
2026-08-06,4056.0,4070.0,4045.0,4061.800048828125,1401341,3991.1179931640627,3946.73872314453,3973.8681927598827,3943.4734643232377,4076.4407985030703,3699.319186848492,3887.879992675781,62.49298611365619,50.44370346230252,58.99163661920479,11.124113967116045,-21.641607069818967,32.76572103693501,23.238513291602597,66.68696003434874,95.48119840882197,95.48119840882197,-3.4463138903601642,2128941.0,-5458233.05,1.0
2026-08-07,4040.10009765625,4062.0,4030.0,4056.0,901290,3990.7079931640624,3947.8425244140612,3990.294554207906,3953.7031493847617,4095.061685711383,3691.7182947573665,3893.3899902343746,61.72041798605175,50.44370346230252,58.99163661920479,18.232294213845307,-13.666826813086114,31.89912102693142,22.82149032019311,64.20932003189526,99.10224463172128,96.68821381645506,-5.0847457627118615,1227651.0,-5342994.35,1.0
2026-08-10,4055.699951171875,4080.0,4025.800048828125,4080.0,1082855,3992.0919921874997,3948.989575195311,4008.235643366325,3965.184681258874,4118.913543339385,3683.0164371293654,3900.964990234375,63.719118027891156,54.15427030971069,58.99163661920479,25.508135783632042,-5.831834293742483,31.339970077374524,22.68669976542806,63.49436511332238,99.10224463172129,97.89522922408817,0.0,2310506.0,-5086385.55,1.0
2026-08-11,4075.10009765625,4075.5,4028.5,4037.39990234375,1401285,3992.8219921875,3949.7726000976545,4014.06849516181,3971.7497013574994,4135.056419475785,3685.743556110152,3910.3999877929687,57.93659418111772,54.15427030971069,58.99163661920479,27.519592063351865,0.838450977676386,26.681141085675478,22.561537107431942,62.637624748085074,92.65816688758265,96.9542187170084,-11.833360460069443,909221.0,-4779386.55,1.0
2026-08-12,4038.0,4044.10009765625,3990.0,4020.0,2226623,3994.157993164063,3950.5369592285138,4015.254796129448,3976.136092143181,4143.663156318783,3700.7468290327797,3922.2049926757813,55.712657337956614,54.15427030971069,58.99163661920479,27.393879365473367,6.149536655235782,21.244342710237586,21.61644581013499,62.02780138438257,84.63347653691858,92.13129601874084,-16.666666666666664,-1317402.0,-4403608.65,1.0
2026-08-13,4010.0,4070.699951171875,3990.0,4070.699951171875,2299928,3996.7299902343752,3951.4612304687485,4026.3438271379337,3984.732806600335,4156.606219070306,3717.3137516328193,3936.9599853515624,60.47369013102737,54.15427030971069,58.99163661920479,31.02764609890346,11.12515854396932,19.90248755493414,21.170431659915245,63.36152636920346,80.61293766882211,85.96819369777444,-3.240435131750874,982526.0,-3765996.7,1.0
2026-08-14,4068.699951171875,4072.5,4033.10009765625,4057.0,934044,3998.805991210938,3952.074372558592,4032.4750617103473,3991.3025514548503,4167.03431193046,3731.135658772666,3949.084985351563,58.63923944777642,54.15427030971069,58.99163661920479,32.42814933105501,15.385756701386459,17.04239262966855,20.785489464134184,61.64998179595678,79.75883572028506,81.66841664200858,-8.013937282229966,48482.0,-3272217.45,1.0
2026-08-17,4041.0,4086.699951171875,4026.0,4086.699951171875,1066164,4003.0299902343754,3952.9088024902326,4043.3200396026527,3999.975042338216,4181.210179172604,3741.749781764897,3961.4799804687505,61.37471399526367,54.18581808792415,58.99163661920479,35.52508501290686,19.41362236369054,16.111462649216318,20.66528794082987,61.58212246566523,81.96371646154441,80.77849661688386,0.0,1114646.0,-2797676.5,1.0
2026-08-18,4068.0,4085.0,4050.0,4064.300048828125,1355575,4006.303989257813,3953.4856555175766,4047.5160414477473,4005.822770200935,4189.689075851654,3755.0408802030342,3972.364978027344,58.24586684115289,54.18581808792415,58.99163661920479,35.759728052316405,22.68284350141571,13.076884550900694,20.553672240618717,59.80482451610878,69.40691816676173,77.04315678286372,-11.02357663698611,-240929.0,-2460610.25,1.0
2026-08-19,4064.0,4069.0,4024.800048828125,4041.300048828125,1190832,4008.7799902343754,3953.732608642576,4046.272842923823,4009.047977348861,4190.071196785131,3777.0487739179944,3983.559985351563,55.1376621660455,54.18581808792415,58.99163661920479,33.70128908829429,24.886532618791428,8.81475646950286,19.81132838951111,58.69019070580637,50.41087830395996,67.26050431075535,-27.76752436926605,-1431761.0,-2125215.3,1.0
2026-08-20,4050.5,4084.89990234375,4048.300048828125,4081.0,1056060,4013.1599902343755,3954.427623291014,4053.2182743390586,4015.5890703171463,4187.926578227443,3808.0534022413076,3997.9899902343755,59.18620123914585,54.18581808792415,58.99163661920479,34.871439405539604,26.883513976141067,7.987925429398537,19.43347659218135,57.61230947793627,39.5210315878643,53.112942686195325,-4.589334470822037,-375701.0,-1673099.6,1.0
2026-08-21,4081.0,4100.0,4061.39990234375,4093.0,1258912,4014.033989257813,3955.4604248046858,4061.174619471247,4022.626427561042,4179.145681462311,3847.5742892408152,4013.359985351563,60.35093155213315,54.18581808792415,58.99163661920479,36.348093478532064,28.776429876619268,7.571663601912796,19.37137185613196,56.25429434781582,43.01517117532415,44.31569368904947,-6.261177945245267,883211.0,-1058333.95,1.0
2026-08-24,4100.0,4107.10009765625,4077.699951171875,4090.0,1369496,4012.4379931640633,3956.690155029295,4066.9396955769976,4028.7512977827655,4164.746749509965,3890.37322119316,4027.559985351563,59.890777760722074,55.37629959869895,58.99163661920479,36.851476658472166,30.39143923298985,6.460037425482316,19.449748534377818,54.336140928998624,54.43879717495204,45.658333312713495,-14.602974718644324,-486285.0,-584753.65,1.0
2026-08-25,4085.0,4125.2998046875,4066.60009765625,4119.0,1316074,4011.089995117188,3958.060429687498,4077.3517564615986,4036.9557252570594,4149.901317990516,3933.918652712609,4041.9099853515627,62.84030614913971,55.37629959869895,58.99163661920479,39.13929565519493,32.141010517430864,6.998285137764064,19.867050771748147,54.64782422201658,68.63260052961945,55.362189626631874,-4.6561816567663,829789.0,-130491.7,1.0
2026-08-26,4114.0,4124.89990234375,4038.10009765625,4038.10009765625,1384669,4007.6979931640635,3958.8479455566385,4069.501424700529,4037.059759111531,4141.977747035158,3952.512243199217,4047.244995117188,51.469463193865806,55.37629959869895,58.99163661920479,34.03216111346501,32.5192406366377,1.5129204768273112,19.42416166368781,56.944394255265394,48.38246477170544,57.15128749209231,-64.4492482695403,-554880.0,98746.7,1.0
2026-08-27,4058.0,4067.300048828125,4023.0,4027.0,1161440,4004.4379931640633,3959.3992272949204,4061.0011397604235,4036.1452355559372,4132.02374560704,3971.396249510148,4051.709997558594,50.12914428039404,55.37629959869895,58.99163661920479,28.757536105475083,31.76689973040518,-3.0093636249300957,18.60467874449004,56.04122672475537,29.919724994221674,48.97826343184885,-72.65332342093296,-1716320.0,162850.5,1.0
2026-08-28,4045.0,4060.0,4021.300048828125,4045.800048828125,893956,4001.1659960937513,3960.0464892578107,4057.9609215739642,4037.0229458534086,4117.537875780706,3996.57213398492,4057.0550048828127,52.39050052144142,55.37629959869895,58.99163661920479,25.796992930456327,30.572918370415408,-4.775925439959082,17.797010520463616,54.80256418526392,5.930106322820695,28.077432029582603,-58.75821923246263,-822364.0,183983.25,1.0
2026-08-31,4035.10009765625,4044.89990234375,3976.0,4044.89990234375,1553171,3998.037998046876,3960.4520678710924,4055.3487177279217,4037.739032807076,4116.94646011394,3999.1535398860606,4058.05,52.268292595601245,53.416455535193386,60.6665783515923,23.11168966431751,29.08067262919583,-5.968982964878322,17.139791255436325,55.87381308832543,11.539738595348478,15.796523304130282,-53.851311133350336,-2375535.0,32938.6,1.0
2026-09-01,4038.0,4038.0,3980.10009765625,3980.10009765625,944703,3994.052001953127,3960.5242395019513,4040.2989937135876,4032.4991296115463,4118.972045529193,3996.1379642364327,4057.5550048828127,44.26369224072612,53.416455535193386,60.6665783515923,15.5752233164676,26.379582766650188,-10.804359450182588,16.52951622362527,56.51138391683789,11.539738595348478,9.669861171172549,-97.2537823041149,-3320238.0,-73942.1,1.0
2026-09-02,3966.0,4002.300048828125,3956.699951171875,3981.0,1307081,3990.0379980468765,3960.4855371093736,4028.4391949708706,4027.817390555951,4124.075791553678,3983.434218211948,4053.755004882813,44.39105789849287,53.416455535193386,60.6665783515923,9.56487609909027,23.016641433138208,-13.451765334047938,16.49497390584434,55.732006326795904,5.838173488192244,9.639216892963066,-85.58714712888349,-2013157.0,-210979.95,1.0
2026-09-03,3999.800048828125,4027.699951171875,3975.0,3975.0,940768,3985.2100000000014,3960.555975341795,4017.7513559766967,4023.0158095963193,4127.8868915666835,3970.943113316129,4049.415002441406,43.67444910397054,53.416455535193386,60.6665783515923,4.268280688334471,19.266969284177463,-14.998688595842992,15.741848121235236,55.51543095858727,0.22854121566446098,5.868817766401728,-89.14586908201018,-2953925.0,-465123.25,1.0
2026-09-04,3981.0,3994.89990234375,3964.10009765625,3964.10009765625,1319056,3980.164003906251,3960.472880859373,4007.021104312608,4017.6598357835855,4131.9529592779845,3957.687055370453,4044.8200073242188,42.33734178695004,53.416455535193386,60.6665783515923,-0.7996228055008032,15.253650866241811,-16.053273671742616,15.30214235354018,53.750029082081035,0.22854121566446098,2.098418639840389,-95.61082270828356,-4272981.0,-740154.85,1.0
2026-09-07,3962.0,4004.89990234375,3960.89990234375,3999.0,1256683,3976.840000000001,3960.4761474609354,4005.4168834500865,4015.963487075987,4128.545450405282,3952.9945642431544,4040.7700073242186,47.84332651574659,50.110541095233934,60.6665783515923,-1.9770521615050711,11.807510260692435,-13.784562422197506,14.605947604249906,53.05359843336097,8.951526279374432,3.1362029035677845,-74.9109812695034,-3016298.0,-1006495.05,1.0
2026-09-08,3988.699951171875,3988.699951171875,3946.10009765625,3946.10009765625,1200872,3972.894003906251,3960.276810302732,3993.553526291319,4009.6122698560107,4133.679182531425,3938.7308516482626,4036.2050170898438,41.391703460205974,50.110541095233934,60.6665783515923,-7.096944269426331,8.026619354668682,-15.123563624095013,14.333039775145172,53.0426201412459,8.951526279374432,6.043864591471108,-100.0,-4217170.0,-1262814.6,1.0
2026-09-09,3935.300048828125,4020.199951171875,3922.60009765625,3922.60009765625,2954721,3969.4940039062517,3960.0174108886695,3979.3628405643053,4001.702072383305,4141.167333872814,3921.5027100724988,4031.3350219726562,38.88324022207603,50.110541095233934,60.6665783515923,-12.902022766863865,3.840890930362173,-16.742913697226037,13.43014390012689,56.225279667987266,8.951526279374432,8.951526279374432,-100.0,-7171891.0,-1555539.05,-1.0
2026-09-10,3949.39990234375,3965.5,3910.0,3955.0,1376951,3967.4060058593764,3960.002209472654,3974.4902724514445,3997.456429439368,4138.787560961644,3912.312487866481,4025.5500244140626,43.92864500178805,50.110541095233934,60.6665783515923,-14.718521997926018,0.12900834470453448,-14.847530342630552,12.686069499090692,56.17347397741675,7.020064971050779,8.307705843266547,-79.09891276245425,-5794940.0,-1894412.35,-1.0
2026-09-11,3926.0,3948.0,3880.699951171875,3930.699951171875,1195489,3965.4880029296887,3959.5421655273417,3965.732208195531,3991.3876586877777,4138.987278348698,3899.482765596615,4019.2350219726563,41.182659673738286,50.110541095233934,60.6665783515923,-17.912438145327997,-3.479280953301972,-14.433157192026025,12.714547641966897,57.46822932389591,10.219426499242841,8.73033924988935,-79.55845055450698,-6990429.0,-2246357.9,-1.0
2026-09-14,3930.699951171875,3930.699951171875,3930.699951171875,3930.699951171875,0,3963.2820019531255,3958.986555175779,3958.7257567908,3985.87059436815,4132.993330181059,3889.8767137642535,4011.435021972656,41.182659673738286,48.78136730306418,60.6665783515923,-20.21066375203509,-6.8255575130485955,-13.385106238986493,12.740991631780517,53.363355800760495,15.893953631810914,11.04448170070151,-79.52497543097027,-6990429.0,-2651611.65,-1.0
2026-09-15,3959.0,3959.0,3835.699951171875,3850.699951171875,1848703,3960.4580029296876,3958.088878173826,3937.120595667015,3973.582354077579,4139.127365813583,3862.382668366104,4000.7550170898435,33.24741242473262,48.78136730306418,60.6665783515923,-28.162713287180395,-11.092988667874955,-17.06972461930544,14.509006438642444,58.35883387414367,8.873888660760135,11.66242293060463,-93.52331879312781,-8839132.0,-3081521.8,-1.0
2026-09-16,3844.199951171875,3867.89990234375,3799.89990234375,3807.699951171875,2038640,3958.7700000000004,3956.9583764648414,3911.2364667679876,3958.502135631606,4150.545698046173,3827.604326367888,3989.075012207031,29.911273495073186,48.78136730306418,60.6665783515923,-37.502208355603216,-16.374832605420607,-21.12737575018261,16.6075224379371,59.04748859741912,5.674527132568073,10.147456475046374,-97.00113575565297,-10877772.0,-3553822.35,-1.0
2026-09-17,3811.0,3875.0,3811.0,3836.199951171875,1319415,3957.7739990234377,3956.181809082029,3896.2291636487653,3947.3837552261757,4145.900518116323,3807.7695014149263,3976.8350097656244,34.595672193659,48.78136730306418,60.6665783515923,-42.118596704303854,-21.523585425197258,-20.595011279106597,18.336363379151148,59.63695718532668,6.984232673599392,7.177549488975866,-85.18365353954081,-9558357.0,-4012955.15,-1.0
2026-09-18,3846.0,3898.0,3846.0,3885.0,1547690,3956.5579980468747,3955.8596862792947,3893.9833309190126,3941.7125047510685,4130.941357813628,3801.9286617176213,3966.4350097656247,41.77193184849845,48.78136730306418,60.6665783515923,-41.36255978660574,-25.491380297478955,-15.871179489126789,19.243477364816034,59.791463731240846,29.031640072613534,13.896799959593666,-64.25868847012791,-8010667.0,-4457649.05,-1.0
2026-09-21,3885.0,3908.699951171875,3883.0,3904.800048828125,947371,3956.083999023437,3955.658350830076,3896.1466745008356,3938.3568269398916,4113.0168474158,3801.333176998262,3957.175012207031,44.435827428038905,46.94648664991717,60.6665783515923,-38.71936389287066,-28.1369770165573,-10.582386876313361,19.771205851131107,57.35635569128614,56.03087976967208,30.682250838628335,-53.950779631517065,-7063296.0,-4786499.6,-1.0
2026-09-22,3919.60009765625,3930.5,3866.0,3866.39990234375,1355288,3956.437998046875,3954.994655761717,3890.1973200694188,3931.815288340242,4085.3877131948593,3803.702301453578,3944.5450073242187,40.56024736038611,46.94648664991717,60.6665783515923,-39.270497155588146,-30.36368104436347,-8.906816111224675,19.64000234194625,57.86661599905141,68.84169204163467,51.30140396130676,-70.80773233276425,-8418584.0,-5248918.25,-1.0
2026-09-23,3870.0,3945.0,3870.0,3929.89990234375,945462,3959.3579980468753,3954.8539538574196,3898.1378365242854,3931.641162340561,4072.9854499260728,3805.2845451911135,3939.134997558593,48.551290185995896,46.94648664991717,60.6665783515923,-34.18924262175642,-31.12879335984206,-3.0604492619143606,19.123173720349943,59.34757897456559,80.12761797595387,68.33339659575354,-40.98957277062423,-7473122.0,-5594830.35,-1.0
2026-09-24,3887.300048828125,3907.0,3849.0,3858.39990234375,1649308,3961.0139941406246,3954.351789550779,3890.1902496881785,3924.9828659772147,4062.476189427846,3798.933795923717,3930.7049926757813,41.745842567676036,46.94648664991717,60.6665783515923,-35.52228544998843,-32.00749177787134,-3.5147936721170936,19.069661896897866,60.887030643793054,74.29175180449599,74.42035394069484,-73.44530774678091,-9122430.0,-5965135.85,-1.0
2026-09-25,3865.0,3887.5,3842.39990234375,3876.199951171875,1230579,3962.247993164062,3953.9693261718726,3887.392189984918,3920.5480555403656,4044.2802361428953,3800.1697394430416,3922.2249877929685,43.85573894194697,46.94648664991717,60.6665783515923,-34.74193293937924,-32.55438001017292,-2.187552929206319,19.1514269512127,59.75939257325427,79.43313919175202,77.95083632406728,-65.36539631561624,-7891851.0,-6318610.2,-1.0
2026-09-28,3857.0,3858.199951171875,3766.39990234375,3766.39990234375,1361601,3960.7999902343745,3952.9754724121062,3863.1937324566848,3906.5345870679457,4034.888635684757,3781.7113399011796,3908.2999877929683,35.35035373354198,46.58312714826655,60.6665783515923,-42.493604435141606,-34.54222489516666,-7.951379539974944,20.472579172592017,63.33372516288789,55.826335486684364,69.85040882764412,-100.0,-9253452.0,-6662506.05,-1.0
2026-09-29,3768.0,3791.800048828125,3740.199951171875,3749.10009765625,2546475,3958.8499902343747,3951.5475134277312,3840.375005496598,3892.222360757791,4037.1543337106777,3756.3456418752585,3896.749987792968,34.22413339839128,46.58312714826655,60.6665783515923,-49.46263513270287,-37.526306942673905,-11.936328190028966,22.033539572166088,62.49560891241376,42.37550853016906,59.21166106953514,-96.04964733444658,-11799927.0,-7086490.5,-1.0
2026-09-30,3756.199951171875,3786.5,3730.0,3760.0,2396040,3957.7019921874994,3950.083934326169,3824.300004397279,3880.2021461434465,4032.8118330201887,3738.588142565748,3885.6999877929684,35.61592481236611,46.58312714826655,54.25271290686521,-53.489517285618604,-40.71894901126285,-12.770568274355753,23.6086441622643,62.067351132955636,27.64051791614336,41.94745397766559,-86.8995633187773,-9403887.0,-7456027.0,-1.0
2026-10-01,3726.0,3737.300048828125,3655.89990234375,3693.39990234375,2218837,3955.7219921874994,3948.428476562497,3798.119983986573,3863.220123979838,4035.6731843020098,3707.5667815183024,3871.619982910156,31.263052773154865,46.58312714826655,54.25271290686521,-61.34774308984743,-44.844707826979764,-16.503035262867662,25.840641519071173,65.0696901703338,20.331331041188214,30.115785829166875,-87.62784958171498,-11622724.0,-7889466.95,-1.0
