Date,Open,High,Low,Close,Volume,MA50,MA200,EMA9,EMA21,BB_Upper,BB_Lower,BB_Mid,RSI,RSI_W,RSI_M,MACD,MACD_Signal,MACD_Hist,ADX,ATR,StochRSI_K,StochRSI_D,Williams_R,OBV,OBV_SMA20,Supertrend_Dir
2025-07-23,54.83736767916759,55.07022066910306,54.40076369662415,54.817962646484375,4428965,53.226782989501956,49.39297819137574,54.965627685636115,54.62934856437935,56.986633316924994,52.959758360931446,54.97319583892822,53.823387019454074,56.2580776495883,79.8310124119734,0.5456526887437221,0.7270480055688417,-0.18139531682511967,19.543483983547414,1.1877102242747222,8.443369119683064,13.728975131337748,-62.76141075415206,233741699.0,202907562.75,1.0
2025-07-24,54.91498083800919,55.778488085889386,54.91498083800919,55.545631408691406,11104622,53.35815200805664,49.39936285018921,55.08162843024718,54.712647004771355,56.69801211718439,53.57922787304997,55.13861999511718,58.57479966438471,56.2580776495883,79.8310124119734,0.5542403245874681,0.6924864693725671,-0.138246144785099,19.442170871565878,1.1714827396411716,22.219322034961717,13.39248724591235,-31.380800003577214,244846321.0,210287821.05,1.0
2025-07-25,55.48741549750944,55.66205707755491,54.91498002983399,55.03141021728516,9900749,53.467981948852554,49.41169561386109,55.07158478765478,54.741625478636244,56.30819304479069,54.20384270655206,55.256017875671375,54.321069758685056,56.2580776495883,79.8310124119734,0.5136319063518684,0.6567155567684274,-0.14308365041655902,19.348093271981273,1.1411680473611538,28.235986816743917,19.632892657129567,-53.556514951507175,234945572.0,216546542.9,1.0
2025-07-28,55.244859940959145,55.68146390515829,54.55599796474016,55.13813781738281,10244909,53.54016708374026,49.41891391754151,55.08489539360039,54.77767205488593,56.29326404292105,54.191605341844536,55.242434692382794,55.050684563151904,56.464144622901884,79.8310124119734,0.4844767216297541,0.6222677897406927,-0.13779106811093866,18.74916482922886,1.1400464682937952,34.98411100051225,28.479806617405963,-48.953902541914054,245190481.0,220659696.1,1.0
2025-07-29,54.96349501136155,55.30307380868164,54.58510245003607,55.07021713256836,4819308,53.64436965942383,49.43699466705323,55.08195974139399,54.80426706194797,56.00399532611744,54.32854747478586,55.16627140045165,54.45458044132002,56.464144622901884,79.8310124119734,0.4506950639092153,0.5879532445743973,-0.13725818066518203,18.19301698953019,1.109898246176065,22.491579356981063,28.570559058079077,-51.8829723093317,240371173.0,222119332.45,1.0
2025-07-30,55.02170655420099,55.54563130103246,54.585102598508094,54.84706497192383,4827130,53.74701988220216,49.45631301879883,55.03498078749996,54.80815778103668,55.98253483850043,54.29664530676321,55.13959007263182,52.445259265591545,56.464144622901884,79.8310124119734,0.40129051511483027,0.550620698682484,-0.1493301835676537,17.96505418502074,1.0992289930580863,16.474914575198863,24.650201644230723,-61.50637715372358,235544043.0,224411095.55,1.0
2025-07-31,54.33284511377293,54.72093834503814,53.57606738405028,54.41046524047852,4937477,53.856267776489275,49.47307180404663,54.910077678095675,54.772003913713206,55.97163020610216,54.19985455036756,55.08574237823486,48.66195274451339,56.464144622901884,77.42122083408931,0.32318166765220013,0.5051328924764272,-0.1819512248242271,16.997559848335317,1.1114981784020477,7.076831834368204,15.347775255516044,-69.0647205941904,230606566.0,225880580.55,1.0
2025-08-01,54.410466837128745,54.604509757324095,52.40208856269742,52.65435028076172,6696783,53.91486968994142,49.48123830795288,54.45893219862889,54.57948994708125,56.28067892579302,53.5783920428349,54.92953548431396,37.07639483518446,56.464144622901884,77.42122083408931,0.11821335256700394,0.42774898449454263,-0.3095356319275387,17.291511004170143,1.189421250989521,0.0,7.850582136522355,-93.4836568592422,223909783.0,226279903.95,1.0
2025-08-04,52.65435031176101,53.70219614573236,52.4894093881401,53.58576965332031,6467047,53.99559280395509,49.49349710464477,54.28429968956717,54.48915173855753,56.253203415265226,53.39629838527187,54.82475090026855,44.60897601614941,50.22195269943782,77.42122083408931,0.03057974109391637,0.34831513581441736,-0.317735394720501,17.56446564887391,1.1910902157468592,11.065823438749456,6.047551757705887,-69.4235327702033,230376830.0,227467997.2,1.0
2025-08-05,53.605172908146834,53.99326613816061,53.36261556467106,53.479042053222656,4001138,54.07631591796874,49.50409261703491,54.12324816229827,54.39732358534527,56.283944833711566,53.20158830837827,54.74276657104492,43.95959429490798,50.22195269943782,77.42122083408931,-0.04694144102064968,0.26926382044740393,-0.3162052614680536,17.40425714235835,1.15105881272848,21.307686410086824,10.791169949612094,-70.24133203264091,226375692.0,228854666.25,1.0
2025-08-06,53.47904259728847,53.69249424608071,52.11101931421283,52.35357666015625,7342758,54.130454711914055,49.51179073333739,53.76931386186986,54.211528410328086,56.42838395747636,52.75055700626876,54.58947048187256,37.7232880919802,50.22195269943782,77.42122083408931,-0.19692317983341212,0.17602642039124072,-0.37294960022465284,18.352008707523158,1.1818028212384373,22.310696109232964,18.22806865268975,-93.38624645377595,219032934.0,229379095.55,1.0
2025-08-07,52.140126306505806,52.3535742443172,50.69448296289397,51.97518539428711,6729018,54.18051849365234,49.516090736389145,53.41048816835331,54.008224499778905,56.610201291756276,52.27281987218415,54.44151058197021,35.88029623409184,50.22195269943782,77.42122083408931,-0.34237115960126374,0.07234690439273984,-0.41471806399400357,20.128236890579306,1.2158950266687119,11.24487267048351,18.28775172993443,-74.80918290974166,212303916.0,229851887.15,-1.0
2025-08-08,52.38268282541895,54.255222015489565,52.10131543321883,54.00296401977539,16178429,54.21311820983886,49.54046087265014,53.52898333863773,54.007746274324035,56.60406190171565,52.25082205519354,54.427441978454596,49.98282909839309,50.22195269943782,77.42122083408931,-0.29066434559579335,-0.000255345604966796,-0.29040899999082653,19.656100725782085,1.2919051405639792,21.716590423832443,18.424053067849638,-34.92372692708627,228482345.0,231652019.8,-1.0
2025-08-11,54.12909579220582,54.57540040054322,53.56636099819946,53.82832336425781,5101864,54.173726882934574,49.57864280700683,53.58885134376175,53.99143510068165,56.59141795001273,52.20525181927439,54.39833488464356,48.98359834055802,53.37149867170258,77.42122083408931,-0.26077234309040165,-0.052358745102053766,-0.20841359798834788,18.923841343801335,1.2717004449768208,39.95950686815907,24.306989987491672,-38.35882683931222,223380481.0,232703580.5,-1.0
2025-08-12,53.80892154745101,54.313441278759086,53.37231757794101,54.02237319946289,4476773,54.1550984954834,49.6112526321411,53.67555571490199,53.99424765511631,56.46532554972059,52.18678054463979,54.32605304718019,50.17550024970583,53.37149867170258,77.42122083408931,-0.21890115948046684,-0.08566722797773638,-0.13323393150273047,18.393406951762312,1.2480878203940533,60.95607998041407,40.877392424135195,-34.54195745168369,227857254.0,232610063.25,-1.0
2025-08-13,53.84772935797455,54.400759795830815,53.31410395141007,53.42082977294922,3143796,54.12890228271485,49.643019847869866,53.62461052651144,53.94211875673748,56.301941010281126,52.13089323349331,54.21641712188722,46.5451888507152,53.37149867170258,77.42122083408931,-0.2315878711947832,-0.11485135662114573,-0.11673651457363746,17.812671200881944,1.2365569649673886,58.78653782458769,53.234041557720275,-45.33071528407804,224713458.0,231247304.8,-1.0
2025-08-14,53.52755256553495,53.69249348302071,52.39238597919542,52.770774841308594,3944961,54.099407272338865,49.676149368286126,53.453843389470876,53.83563294624394,56.15424607974107,51.998191893281415,54.07621898651124,42.93038522492627,53.37149867170258,77.42122083408931,-0.2907446584386477,-0.15003001698464613,-0.1407146414540016,17.990065343246883,1.241096289171525,51.79925570685491,57.18062450395222,-58.36575470304703,220768497.0,230120691.65,-1.0
2025-08-18,53.45963706308663,53.82832526177263,53.03273747064532,53.24618911743164,2843428,54.09630249023437,49.707937660217276,53.41231253506304,53.78204714362464,56.06018963540379,51.92342891012845,53.99180927276612,46.21994654878426,50.24351413755816,77.42122083408931,-0.2958544536718719,-0.1791949043220913,-0.11665954934978062,18.00497990334626,1.2279858699781332,49.35817612773024,53.31465655305761,-47.399956120145646,223611925.0,229534936.55,-1.0
2025-08-19,53.265591500494246,53.847727615889234,53.03273483365756,53.77981185913086,3585136,54.06874801635742,49.73199216842651,53.48581239987661,53.781843935943385,55.95561124980632,51.912550142405614,53.934080696105966,49.723018337732945,50.24351413755816,77.42122083408931,-0.25391809785099895,-0.19413954302787284,-0.05977855482312611,17.99624660532523,1.1984863637105292,58.669561639439195,53.275664491341445,-36.40002982426198,227197061.0,229128438.25,-1.0
2025-08-20,53.55666295675837,54.119394077198834,53.31410560976321,53.52755355834961,3251772,54.04332801818846,49.73915901184081,53.49416063157121,53.7587266288894,55.87109550140146,51.87966781952138,53.87538166046142,48.12709055460087,50.24351413755816,77.42122083408931,-0.23829149437444386,-0.20296993329718704,-0.03532156107725681,17.661696925795944,1.170400799690893,74.96780123035933,60.99851299917625,-29.638594580750844,223945289.0,228860066.0,-1.0
2025-08-21,53.42082907065549,54.29403326051841,53.40142403961882,53.614871978759766,7150839,54.02974472045898,49.74883340835571,53.51830290100893,53.74564893342307,55.76327258543263,51.86718166871775,53.81522712707519,48.74039497534473,50.24351413755816,77.42122083408931,-0.2163672843885962,-0.2056494035154689,-0.010717880873127306,17.139490567618715,1.1505585440629431,86.39928497810912,73.34554928263589,-25.31025567328795,231096128.0,228727787.45,-1.0
2025-08-22,53.37231493276702,53.78951384949638,53.07154620289091,53.1685676574707,3312153,54.04352195739745,49.75378170013428,53.44835585230129,53.69318699924558,55.48328737069883,51.9094605083295,53.69637393951417,45.7622054049755,50.24351413755816,77.42122083408931,-0.23232709667471596,-0.21098494214731833,-0.021342154527397628,16.97786957276182,1.1196591942445524,81.58634227821894,80.98447616222913,-36.2500044300005,227783975.0,227874670.15,-1.0
2025-08-25,52.88720043965368,53.33350875519826,52.59613237378113,52.71256256103516,4834532,54.0421636199951,49.76129791259766,53.301197194048065,53.60403932304464,55.30234868857405,51.85851442482927,53.58043155670166,42.87927588704179,51.237107960580225,77.42122083408931,-0.27856009579773655,-0.224499972877402,-0.05406012292033455,17.26959560823711,1.0923532790425936,69.34957004368226,79.11173243333677,-47.999934794707045,222949443.0,227274863.7,-1.0
2025-08-26,52.499112338875946,52.848395507823,51.51917859253767,51.64530944824219,3960852,54.01538528442382,49.757594432830814,52.97001964488689,53.42597297078987,55.17047288427722,51.64110739221205,53.40579013824463,37.003650879062945,51.237107960580225,77.42122083408931,-0.396745057432625,-0.2589489897884466,-0.1377960676441784,18.38947434678943,1.1092721102027892,41.9820135693517,64.3059752970843,-75.49995585775326,218988591.0,225964769.2,-1.0
2025-08-28,51.42215737147963,51.5482882277642,50.78180612584231,50.96614837646485,3223885,53.97832252502441,49.749271411895755,52.569245391202486,53.20235255312396,55.099692604242605,51.30148079663631,53.20058670043946,33.82706243857825,51.237107960580225,77.42122083408931,-0.5389968928446649,-0.3149585703996903,-0.22403832244497462,19.90796982958778,1.0917171967882957,18.939532188673006,43.423705267235654,-92.99996926150965,215764706.0,224734445.85,-1.0
2025-08-29,50.84001962945274,51.247514181584926,50.2287741001232,50.40341567993164,4009667,53.92922897338867,49.74109996795655,52.136079448948315,52.94790374647011,55.0938780251921,50.86293044648761,52.978404235839854,31.42026125558655,51.237107960580225,77.42122083408931,-0.6891957038699204,-0.3898059970937363,-0.29938970677618404,21.639955475384067,1.0865045456935405,2.619420806549572,21.180322188191425,-95.9821349309104,211755039.0,223544995.65,-1.0
2025-09-01,50.35490583833906,51.03406343717428,50.17055988911408,50.46162796020508,6767306,53.896435165405265,49.73910301208496,51.80118915119967,52.72187867499147,55.06412904329531,50.497795700357045,52.78096237182618,31.959573282243117,44.5738572504468,68.49323880605655,-0.7943750382539889,-0.47071980532578683,-0.3236552329282021,23.28171558265647,1.070575903005445,0.9585091163517372,7.505820703858104,-93.39208603953378,218522345.0,222940784.6,-1.0
2025-09-02,50.40341615960227,51.73262935089947,50.40341615960227,50.898231506347656,4810539,53.869074707031245,49.742489643096924,51.62059762222927,52.556092568751126,55.12693127754774,50.25938158866322,52.69315643310548,36.02329076061795,44.5738572504468,68.49323880605655,-0.8328990197656978,-0.543155648213769,-0.28974337155192875,23.795140240989305,1.0890499950262846,9.139386837104288,4.239105586668532,-82.79817424046144,223332884.0,222911939.65,-1.0
2025-09-03,50.9855542498412,51.35424245830312,50.89823345576158,51.24751663208008,3049236,53.85704391479492,49.75157636642456,51.54598142419944,52.43713111996284,55.05373103551025,50.09875652857667,52.57624378204346,39.15415969745487,44.5738572504468,68.49323880605655,-0.8257266987290848,-0.5996698583168323,-0.2260568404122525,24.271891709441224,1.043832920521226,23.22451147553455,11.107469142996857,-74.54123287989299,226382120.0,222712204.15,-1.0
2025-09-04,51.53858372275108,51.76173603642001,50.35490639377375,50.49073791503906,3629831,53.808920593261725,49.76789297103882,51.33493272236737,52.26018628315158,55.03220849911874,49.82144865114982,52.42682857513428,35.141463039876754,44.5738572504468,68.49323880605655,-0.8710671802024876,-0.6539493226939634,-0.2171178575085242,25.117485136311792,1.069761257815871,29.04312664267867,20.469008318439165,-92.23523478663964,222752289.0,222531034.0,-1.0
2025-09-05,50.63627122963373,51.22811175787234,50.296692418905735,51.02436447143555,3621899,53.77573883056641,49.78532447814941,51.27281907218101,52.14783884572285,55.04036093785771,49.68037499353879,52.36036796569825,39.82453754201441,44.5738572504468,68.49323880605655,-0.8540951577103826,-0.6939784896972473,-0.1601166680131353,25.944999851373062,1.0598796921837808,36.168278588582,29.47863890226507,-79.29404399110534,226374188.0,222898096.7,-1.0
2025-09-08,51.179601044624704,51.8102516374755,50.84002223378593,51.49007415771485,3011666,53.760797348022464,49.79901285171509,51.316270089287784,52.08804205590394,55.0394631560685,49.63276165167077,52.336112403869635,43.64865089307048,46.26386779136122,68.49323880605655,-0.7939140806961689,-0.7139656078970316,-0.0799484727991373,25.826775209699303,1.05347610014848,44.35373242566138,36.52171255230735,-67.99993234462471,229385854.0,223752193.6,-1.0
2025-09-09,51.470669716672354,51.66471633986528,50.723592623115046,50.83031845092773,2987241,53.723734664917,49.80639013290405,51.219079761615774,51.973703546360646,54.84104470374825,49.513915547106265,52.17748012542726,39.79079092301044,46.26386779136122,68.49323880605655,-0.7903462951928759,-0.7292417453562005,-0.06110454983667546,25.820731074092084,1.0454509299057482,53.68604817856102,44.7360197309348,-83.99993155311797,226398613.0,223648007.0,-1.0
2025-09-10,50.995260221861,52.6640523262837,50.995260221861,52.50881576538086,8248478,53.66571495056153,49.827666778564456,51.4770269623688,52.02235011172611,54.66603352644627,49.55697596452055,52.11150474548341,51.528520278341645,46.26386779136122,68.49323880605655,-0.6446470045978288,-0.7123227972045261,0.06767579260669732,24.462431362558554,1.1017568545807643,71.71335184523848,56.584377483153624,-43.29402264405944,234647091.0,224211337.5,-1.0
2025-09-11,52.58643244425827,53.62457757110714,52.58643244425827,52.993927001953125,8561903,53.59372383117676,49.843461666107174,51.78040697028567,52.11067528356493,54.49106871376905,49.62909615744678,52.06008243560792,54.30139036777466,46.26386779136122,68.49323880605655,-0.4844504018740281,-0.6667483181384265,0.1822979162643984,23.257970352090716,1.1027572082340156,82.77610670306217,69.39183557562055,-21.98388971655254,243208994.0,224978924.5,-1.0
2025-09-12,52.87749902374097,52.95511914747476,51.92667471478926,52.440895080566406,5277514,53.53492790222169,49.85018436431884,51.91250459234182,52.14069526511052,54.364869629108235,49.657301772869324,52.01108570098878,50.73794835367787,46.26386779136122,68.49323880605655,-0.3975359472936546,-0.6129058439694721,0.21536989667581752,21.751026320843426,1.1002211424432908,94.8087614082549,83.09940665218518,-34.26972874839821,237931480.0,225639825.6,-1.0
2025-09-15,52.440898971125726,53.26559619189064,52.39238824075873,53.13946533203125,4771869,53.48796882629395,49.85621091842651,52.15789674027971,52.2314925439215,54.4139316865836,49.64510876446624,52.02952022552492,54.77515009175939,50.0086332997455,68.49323880605655,-0.26918385088398367,-0.5441614453523744,0.27497759446839076,20.363769055908286,1.084005914492478,94.8087614082549,90.79787650652398,-14.044868432635427,242703349.0,226736568.2,-1.0
2025-09-16,53.14916303599557,53.605172018524215,52.84839430380117,53.42082977294922,5365569,53.44081565856934,49.860584907531745,52.41048334681361,52.33961411019674,54.442619761103074,49.6338847554985,52.03825225830079,56.32760423039023,50.0086332997455,68.49323880605655,-0.14311044273042484,-0.4639512448279845,0.32084080209755966,19.418990876748424,1.0606324716518043,94.8087614082549,94.8087614082549,-5.898863784633335,248068918.0,227959417.85,-1.0
2025-09-17,53.45963407785021,55.74937586635777,53.45963407785021,55.60384368896485,33088899,53.43926330566407,49.871261367797864,53.04915541524387,52.63636225372111,54.91942564636356,49.33948205322141,52.12945384979248,66.06184095175634,50.0086332997455,68.49323880605655,0.13143946798634687,-0.34487310226511825,0.4763125702514651,20.205087595771815,1.1511977303487146,99.99999999999999,96.53917427216993,-2.6086570696461364,281157817.0,230657455.65,1.0
2025-09-18,55.69116740479881,56.17628209055096,55.20605271904667,55.55533218383789,15894855,53.44799537658692,49.88061271667481,53.55039076896268,52.901723156459,55.36134106757891,49.100344494554896,52.230842781066904,65.71132479764496,50.0086332997455,68.49323880605655,0.34117492505646396,-0.2076634968008018,0.5488384218572657,21.188614003152278,1.1382714190026848,99.65738724717835,98.1553828851444,-10.339304514692815,265262962.0,232723339.3,1.0
2025-09-19,55.55533318306399,56.20538879825215,55.176944313552575,55.613548278808594,12458479,53.45187637329102,49.890584621429454,53.963022270931866,53.148252713036236,55.76059988584225,48.90095330629644,52.33077659606934,65.94484434489341,50.0086332997455,68.49323880605655,0.5062535622451705,-0.06488008499160733,0.5711336472367778,22.066167391475062,1.1304266379810344,99.5312604932769,99.72954924681841,-10.016431399526804,277721441.0,235054604.95,1.0
2025-09-22,55.32247920731041,56.03074620437278,55.03141113608539,55.55533218383789,9602416,53.464295349121095,49.899747695922855,54.28148425351308,53.36707811947275,56.1575341170739,48.74269552770149,52.4501148223877,65.46470814199056,57.202437046328114,68.49323880605655,0.6251753865150675,0.07313100930972766,0.5520443772053398,22.693198723776373,1.1210629544314885,98.88752880769019,99.35872551604848,-11.001692635392546,268119025.0,237071357.45,1.0
2025-09-23,55.55533489164302,55.7105714506048,54.623915537872406,55.48741912841797,7055472,53.4883570098877,49.89986373901368,54.52267122849406,53.55983639301322,56.53747224750462,48.64024305400904,52.58885765075683,64.8713303431261,57.202437046328114,68.49323880605655,0.7058056844535372,0.19966594433848958,0.5061397401150476,22.751327068773005,1.1186053085958392,97.9467262326838,98.78850517788362,-12.151067236147274,261063553.0,238977062.95,1.0
2025-09-24,55.69116790689194,56.93306032925189,54.54629694210459,54.65302276611328,19579429,53.493208160400386,49.89858476638795,54.54874153601791,53.659216972385956,56.76489983199234,48.71358680130844,52.73924331665039,57.924450384033804,57.202437046328114,68.49323880605655,0.6943726675040693,0.2986072889716056,0.39576537853246374,23.643380221568652,1.2091880284923717,87.7479382244947,94.86073108828955,-34.356708276887545,241484124.0,240101839.6,1.0
2025-09-25,54.6530220307716,55.10902731658508,53.508151081388185,53.68279266357422,10317833,53.45750381469726,49.89476097106934,54.375551761529174,53.66136021703944,56.83156217545859,48.91858888655312,52.875075531005855,51.075324464280335,57.202437046328114,68.49323880605655,0.6001048236231199,0.35890679590190844,0.24119802772121146,23.28333603960657,1.2371657575426946,69.37642122242247,85.02369522653365,-52.34374055066614,231166291.0,240871918.85,1.0
2025-09-26,53.83803070611338,53.83803070611338,52.24685139086835,52.38268661499024,6912771,53.392886581420896,49.88702531814575,53.97697873222139,53.54511716230769,56.76580175493747,49.18227640058008,52.974039077758775,43.630534063363726,57.202437046328114,68.49323880605655,0.4156972859532999,0.37026489391218675,0.04543239204111316,21.774460109517342,1.2624524402357187,42.19846067091033,66.44094003927583,-73.28122038165193,224253520.0,241496842.9,1.0
2025-09-29,52.634943683698,53.88654046785838,52.30506554758902,53.255889892578125,7990759,53.3465096282959,49.885867862701424,53.83276096429274,53.518823774150455,56.71696098469569,49.51054336405919,53.11375217437744,49.00673422091317,49.40557301194482,68.49323880605655,0.3361383964075628,0.363439594411262,-0.02730119800369918,20.41326404604006,1.285239760238122,27.17917411101048,46.251352001447756,-61.928161443102866,232244279.0,242182939.6,1.0
2025-09-30,53.37231476432231,55.04111042597299,53.16856748966902,54.313438415527344,10950312,53.33409072875976,49.89188085556031,53.92889645453966,53.59106146882108,56.76732214052148,49.80170289915136,53.28451251983642,54.64824284937394,49.40557301194482,71.8985812450736,0.3543381412277071,0.36161930377455104,-0.007281162546843911,20.03640723699072,1.327189987099968,29.233606740453773,32.87041384079153,-52.325612037492355,243194591.0,243176024.95,1.0
2025-10-01,54.52689344196395,54.79855649170306,53.362617412732575,54.28433609008789,9266506,53.32108978271484,49.90033702850342,53.999984381649305,53.65408643439079,56.80826548697032,50.06444149850331,53.436353492736814,54.46965613915561,49.40557301194482,71.8985812450736,0.3622376060377519,0.3617429642271912,0.000494641810560692,19.686468771444904,1.3349577793764336,40.46878343565386,32.2938547623727,-52.90691614949245,233928085.0,243553323.2,1.0
2025-10-03,54.01266657811645,55.40009485601337,54.00296591303515,54.80825805664063,10182570,53.32322425842284,49.9127777671814,54.16163911664758,53.75901112732259,56.77363022628881,50.53082877334497,53.65222949981689,57.18245911937121,49.40557301194482,71.8985812450736,0.4060929264425539,0.3706129566702638,0.03547996977229012,19.79563724027204,1.3393985767765613,52.61806054366562,40.77348357325775,-45.34160342718704,244110655.0,244621241.5,1.0
2025-10-06,55.25456614054107,55.88521304207822,55.07022018224605,55.48741912841797,11197289,53.33661338806152,49.925460796356205,54.42679511900166,53.91613912742216,56.839953041196814,50.91081142413521,53.87538223266601,60.47044615937401,54.427690391911646,71.8985812450736,0.490002759534633,0.3944909172431377,0.09551184229149534,20.226535537423143,1.3206526059666346,61.26996141739914,51.45226846557287,-30.848842205754888,255307944.0,246067929.3,1.0
2025-10-07,55.69116662544101,55.78818808078117,55.303073401817855,55.50682067871094,7069012,53.33583717346191,49.944171314239505,54.64280023094352,54.06074654117568,56.90134795018578,51.25109116724586,54.07621955871582,60.56361138623564,54.427690391911646,71.8985812450736,0.5517077067436986,0.4259342751432499,0.12577343160044874,20.626655384777735,1.2609713254663975,70.3256906524375,61.40457087116742,-30.434828435816986,262376956.0,247717484.4,1.0
2025-10-08,55.50681951778708,55.65235539888471,54.47837878861869,54.97319412231445,5883733,53.334672851562495,49.96797983169556,54.70887900921771,54.1436963212792,56.68169315407853,51.88503353049178,54.283363342285156,56.61155866514866,54.427690391911646,71.8985812450736,0.5511962710639793,0.45098667432739575,0.10020959673658353,20.067964811864492,1.2547574172377989,69.57846210735578,67.05803805906413,-41.82199796694237,256493223.0,249222214.9,1.0
2025-10-09,55.00230252498032,55.390395759586255,54.80825960880874,54.90528106689453,4363351,53.33001571655273,49.992672538757326,54.748159420753076,54.212931298153315,56.663719530813715,52.14265368390797,54.403186607360844,56.10973664487966,54.427690391911646,71.8985812450736,0.539096568933104,0.4686086532485374,0.07048791568456658,19.549180708445057,1.2067130410620646,63.195597927043764,67.69991689561235,-43.27120896698258,252129872.0,250096353.95,1.0
2025-10-10,54.924685820967376,56.41883995517304,54.924685820967376,55.81729507446289,17857975,53.34495727539062,50.01411212921143,54.961986551495045,54.358782550545094,56.786894125154184,52.301815896818475,54.54435501098633,61.09698285464637,54.427690391911646,71.8985812450736,0.596226448848185,0.49413221236846694,0.10209423647971805,19.87837582449572,1.228630601577525,64.69804176317288,65.82403393252415,-23.80954988263646,269987847.0,251435296.6,1.0
2025-10-13,56.27330112151301,56.27330112151301,55.30307179183175,55.86580657958984,10491350,53.36533210754395,50.03866537094117,55.142750557114006,54.49578473500371,56.799263989591125,52.63193718228388,54.7156005859375,61.34856865614188,56.367982786160944,71.8985812450736,0.6380615865257013,0.5229180871999138,0.11514349932578749,20.18405700368562,1.210173367870649,73.1118994423534,67.00184637752335,-22.7743526525343,280479197.0,253562682.45,1.0
2025-10-14,56.26360290549035,56.26360290549035,53.03273732049094,53.46934127807617,24764824,53.3465096282959,50.053495521545415,54.808068701306446,54.40247169346484,56.767898717780014,52.69629004869947,54.73209438323974,45.64476389481121,56.367982786160944,71.8985812450736,0.47239602547963955,0.512813674855859,-0.0404176493762195,19.233939767052355,1.3545085262369894,58.2597609436852,65.3565673830705,-73.91303069748513,255714373.0,254213233.65,1.0
2025-10-15,54.235825354398,58.44662113058143,53.69249555384382,57.53460311889648,95656124,53.444114685058594,50.09218204498291,55.353375584824455,54.68721091395862,57.230786385566795,52.64477971550743,54.937783050537114,62.963941768524954,56.367982786160944,71.8985812450736,0.6615120316146346,0.5425533462076142,0.11895868540702037,18.938475643980155,1.6132779066847227,64.92778705665779,65.43314914756546,-14.710514260601515,351370497.0,259378312.6,1.0
2025-10-16,57.92269252904254,59.56237878663697,55.710567109785856,55.9143180847168,49389136,53.49068565368653,50.12361434936524,55.46556408480293,54.798766111300274,57.26938419744917,52.63722934320025,54.95330677032471,55.38872853083746,56.367982786160944,71.8985812450736,0.6728877370380886,0.5686202243737091,0.1042675126643795,19.28076572107526,1.773173175982322,57.39541989976563,60.19432263336954,-49.867364368428866,301981361.0,260419489.8,1.0
2025-10-17,55.88521181529354,56.17628359544736,54.83736599058664,55.4098014831543,16607747,53.52930084228516,50.16014898300171,55.454411564473205,54.85431478146882,57.25504749925699,52.63701297132407,54.94603023529053,53.24081699978277,56.367982786160944,71.8985812450736,0.633885751851615,0.5816733298692902,0.052212421982324786,18.900993904644263,1.7421549209022076,68.22573823088624,63.51631506243655,-57.219210012043334,285373614.0,261425022.4,1.0
2025-10-20,56.04044638244576,58.165251056293855,55.65235685789639,57.83537292480469,48646003,53.63893676757814,50.20368116378785,55.930603836539504,55.125320067226625,57.69214105390727,52.42210188127341,55.05712146759034,61.059293163002415,55.34320705595132,71.8985812450736,0.7895977502348686,0.6232582139424059,0.16633953629246268,19.54523961701894,1.8145331103477327,64.55995875141622,63.39370562735603,-26.44870887300964,334019617.0,264239931.2,1.0
2025-10-21,58.39810688845291,58.75709443517019,58.04882740960621,58.24287033081055,7649315,53.76429046630861,50.247368125915536,56.39305713539372,55.40873372755243,58.18343307319391,52.199563676684036,55.19149837493897,62.202727232232135,55.34320705595132,71.8985812450736,0.935102980783654,0.6856271673106555,0.2494758134729984,20.397878027508767,1.7507608532061447,76.15555041373918,69.64708246534721,-20.207977155677305,341668932.0,267917426.55,1.0
2025-10-23,58.45631983714542,59.067565379643135,57.45698476537036,57.65102767944336,19151925,53.83725173950196,50.28729572296144,56.644651244203644,55.61257863226979,58.48676138503222,52.112596219948266,55.29967880249024,59.471352980994226,55.34320705595132,71.8985812450736,0.9912338418648403,0.7467485022214925,0.24448533964334784,20.715091634153968,1.7407479789966185,88.14714344554598,76.28755087023379,-29.271915113614043,322517007.0,270990099.25,1.0
2025-10-24,57.90328857164521,58.155546577055695,56.6613961736897,57.13680648803711,13536897,53.90342140197755,50.3134972381592,56.74308229297034,55.75114480097591,58.69725407119044,52.15048190598243,55.42386798858644,57.124309464838305,55.34320705595132,71.8985812450736,0.9828944061682421,0.7939776830108424,0.1889167231573997,20.40186500434525,1.7231338664515738,80.57368215144986,81.625458670245,-37.147097756831315,308980110.0,274364898.55,1.0
2025-10-27,57.24353230994853,57.854777843812194,56.13747143037799,57.13680648803711,18759687,53.965710067749036,50.351606807708755,56.821827131983696,55.877114045254196,58.847570875345,52.34556648427417,55.596568679809586,57.12430946483831,58.764753430342765,71.8985812450736,0.9651595843983358,0.8282140632883411,0.1369455211099947,19.727875561121127,1.722717619807476,70.79951195233278,79.84011251644287,-37.147097756831315,308980110.0,278255589.5,1.0
2025-10-28,57.24353511463127,58.79590068813479,57.15621431980098,58.23316955566406,29396797,54.061956863403324,50.40155229568484,57.104095616719775,56.09130090983691,58.970925544666585,52.80726010901998,55.88909282684328,60.93636940854548,58.764753430342765,71.8985812450736,1.0277249734844816,0.8681162453275693,0.1596087281569123,19.622830703628903,1.7181730898282053,73.61915392809267,74.99744934395844,-20.35654235939912,338376907.0,283961758.85,1.0
2025-10-29,58.5048286934118,58.98024270039184,57.63162450463325,58.00030899047852,13979649,54.166547546386724,50.45569913864137,57.28333829147152,56.264847098986145,59.082557545130044,53.170070018346536,56.12631378173829,59.72184007896695,58.764753430342765,71.8985812450736,1.0464557036256679,0.903784136987189,0.1426715666384789,19.624438651525924,1.6917763116803757,78.6184878708257,74.34571791708372,-23.922749882321213,324397258.0,288569407.8,1.0
2025-10-30,58.21376197568805,58.21376197568805,56.53526561619146,56.69050216674805,13004160,54.235433807373056,50.50790956497194,57.16477106652683,56.30354301423723,59.08330243887168,53.40703149972699,56.24516696929933,53.2881774520172,58.764753430342765,71.8985812450736,0.9447193415455217,0.9119711778988556,0.032748163646666106,18.78760808769538,1.6908277436672483,71.23528134529461,74.49097438140433,-43.98214871028716,311393098.0,291979333.15,1.0
2025-10-31,56.758419831256354,59.31012418648263,56.45764738521332,57.27264022827149,35420062,54.30529037475587,50.564819240570074,57.18634489887577,56.39164276096761,59.11006049841337,53.679103854003664,56.394582176208516,55.57862590194067,58.764753430342765,74.17367658017808,0.9006836970567349,0.9097136817304315,-0.009029984673696645,18.639052342094775,1.77380267635311,60.92350722285093,70.25909214632375,-35.06683437730835,346813160.0,297623586.9,1.0
2025-11-03,57.92269511557149,58.74738861366238,57.13680798008162,58.155548095703125,23641175,54.39785026550294,50.63631002426149,57.38018553824124,56.55199779139811,59.27836910051868,53.8455242558046,56.56194667816164,58.87245154847322,59.030637825510055,74.17367658017808,0.9263500311463133,0.913040951613608,0.013309079532705326,18.501107721179928,1.762143959012228,59.288732684307185,63.81584041748424,-21.5452976741186,370454335.0,303940770.9,1.0
2025-11-04,58.06822620293151,58.13614196261104,56.55467075735181,56.70020294189453,15111039,54.45955688476563,50.67157762527467,57.2441890189719,56.56547098689778,59.29174616650612,53.95342557116482,56.62258586883547,52.02462324543852,59.030637825510055,74.17367658017808,0.8198063771389315,0.8943940367186727,-0.07458765957974123,17.90978355103904,1.750624914679306,44.577846650071095,54.930028852409734,-48.7603540178173,355343296.0,308942538.5,1.0
2025-11-06,56.94276309149363,57.34055700400041,54.91498346404893,55.7105712890625,16241664,54.51039695739747,50.710133857727065,56.93746547299003,56.48775283254911,59.28550752884065,53.98003926986542,56.632773399353034,47.94104834977968,59.030637825510055,74.17367658017808,0.6480445063700344,0.8451241306489451,-0.19707962427891068,17.03596827966678,1.7988355307701756,25.458651963956463,43.10841043277824,-81.51951463061057,339101632.0,312778772.3,1.0
2025-11-07,55.59414186943749,58.068226009746006,55.20605234415003,57.84507369995117,19586973,54.61304718017578,50.754702949523946,57.118987118382265,56.61114563867657,59.3608891703022,54.191845586167545,56.77636737823487,55.96889271262033,59.030637825510055,74.17367658017808,0.6763618141134984,0.8113716673418558,-0.13500985322835746,15.900460815324633,1.8747882546863042,18.76320553142846,29.599901381818672,-32.754967346004236,358688605.0,317888541.4,1.0
2025-11-10,57.93239631594138,57.971206380032186,56.10836771725039,56.56437301635742,16252535,54.71142845153809,50.79564550399782,57.0080642979773,56.606893582102096,59.29308339484509,54.42556055657092,56.859321975708006,50.89741069329217,60.195458116912434,74.17367658017808,0.5886757549464718,0.766832484862779,-0.17815672991630715,14.846061027006925,1.8739347124074108,25.673009928417557,23.298289141267492,-62.47242906490642,342436070.0,322403851.3,1.0
2025-11-11,56.55467212838759,56.729313714977685,55.01200724759598,55.39039611816406,15588082,54.79991340637207,50.827376403808614,56.68453066201465,56.496302903562274,59.317280221223555,54.35867383456258,56.83797702789307,46.71840665662486,60.195458116912434,74.17367658017808,0.41961671665549716,0.6973893312213226,-0.27777261456582547,14.43593665647764,1.8627469806198604,25.673009928417557,23.369741796087855,-89.18322110396765,326847988.0,325246858.35,1.0
2025-11-12,55.75908434569055,56.12776884985635,55.56503772705352,55.85610580444336,7340100,54.90896720886229,50.86496589660646,56.51884569050039,56.43810316727874,59.31759965041565,54.35738432785583,56.83749198913574,48.524009448370634,60.195458116912434,74.17367658017808,0.31953172753635073,0.6218178104843283,-0.30228608294797754,14.055106883843305,1.7823631056964626,11.142953742997118,20.82965786661074,-78.58720801382428,334188088.0,327932302.9,1.0
2025-11-13,55.85610750714879,55.953128968859176,55.157541139213095,55.26426696777344,8814278,55.00501998901366,50.90505599975588,56.267929945955004,56.331390785505526,58.98873728870464,54.86573925853658,56.92723827362061,46.373280378947506,60.195458116912434,74.17367658017808,0.19026396017261504,0.5355070404219857,-0.34524308024937067,13.973069475999552,1.7118791574071497,4.233149346008023,13.683037672474232,-92.05296199182673,325373810.0,331415274.75,1.0
2025-11-14,55.06051736923581,56.39943495127145,55.06051736923581,56.28300476074219,13582210,55.11271545410155,50.949251384735135,56.27094490891245,56.326992055981584,58.92451354939679,54.80480316202899,56.86465835571289,50.44484650961223,60.195458116912434,74.17367658017808,0.16808437708830581,0.4620225077552498,-0.29393813066694396,13.517692446873575,1.6852390448806134,13.552523192197043,9.642875427067395,-68.87423217849214,338956020.0,330794550.9,1.0
2025-11-17,56.32181471820565,58.533940219388846,56.21508889432046,58.126441955566406,30529618,55.25029396057128,51.006194000244164,56.642044318243244,56.4905784104893,59.05769950362865,54.89282959488211,56.97526454925538,56.83181356999497,55.553797962309694,74.17367658017808,0.2958465383377131,0.42878731387174246,-0.13294077553402933,13.507813063864663,1.7304970648940259,33.25782346538628,17.014498667863784,-26.93161165180601,369485638.0,334169764.75,1.0
2025-11-18,58.12644264456311,59.18399282839442,57.56371152258637,58.63096237182617,22735995,55.41309844970702,51.07050718307497,57.03982792895983,56.68515877061083,59.207193737917,55.065451449460944,57.13632259368897,58.41165175098166,55.553797962309694,74.17367658017808,0.4328202700913053,0.42959390511565504,0.0032263649756502644,13.870478608606753,1.7226245106735996,63.31942222602915,36.70992296120416,-15.45256130685142,392221633.0,339512165.7,1.0
2025-11-19,58.65036727311441,59.72732248649487,57.87418450256632,59.31982421875,26939648,55.579007644653316,51.134593410491966,57.495827186917865,56.92467381135076,59.483462961099825,54.93762735567265,57.21054515838624,60.53536075712102,55.553797962309694,74.17367658017808,0.5901553893669131,0.46170620196590667,0.12844918740100647,14.505679652396417,1.7319469016203817,87.33338171317347,61.3035424681963,-8.467779718847678,419161281.0,343769248.9,1.0
2025-11-20,59.57208307910486,59.66910453285213,57.728645848856935,57.99060821533203,18468181,55.70901832580566,51.18742094039919,57.594783392600704,57.02157693898542,59.449427890234105,54.94643621499053,57.197932052612316,54.72797314061236,55.553797962309694,74.17367658017808,0.6006639026080052,0.4894977420943264,0.11116616051367878,14.967588878868126,1.74684060036144,83.0593988450171,77.9040675947399,-36.08877643620647,400693100.0,346720457.3,1.0
2025-11-21,57.72864747919891,58.000310518268414,56.58377652721841,56.93305969238281,12908844,55.83107315063476,51.23543142318728,57.462438652557125,57.013529916567,59.40599382628386,54.918073480234725,57.16203365325929,50.57112888965855,55.553797962309694,74.17367658017808,0.5176890504378875,0.4951360037630386,0.022553046674848864,14.446087743979332,1.723247271124909,62.878289387769556,77.75702331532004,-58.064545766184075,387784256.0,349983819.75,1.0
2025-11-24,56.952465026745536,57.77715851466679,56.27330372432909,56.48675537109375,10241666,55.910631942749006,51.27645654678347,57.26730199626446,56.96564132152398,59.39376946136772,54.86529273345652,57.12953109741212,48.883668261102386,57.03844809310356,74.17367658017808,0.4111780488862422,0.47834441278767936,-0.06716636390143715,13.72248868887128,1.7075763796401082,35.453663944612856,60.46378405913317,-67.33871201273047,377542590.0,353411943.75,1.0
2025-11-25,56.70990701168833,57.97120444345352,56.3024087546105,57.83537292480469,11644172,56.00746086120604,51.32827255249026,57.38091618197251,57.04470783091313,59.45061652590689,54.87830231259411,57.1644594192505,53.890508488983755,57.03844809310356,74.17367658017808,0.4306254958425271,0.4688006293986489,-0.03817513355612184,13.190808733533904,1.7048063302974596,33.482520747978874,43.93815802678709,-39.314552712634374,389186762.0,357422276.35,1.0
2025-11-26,58.21376341483296,59.11607704385337,57.85477957675828,58.16525268554688,14322935,56.12194801330565,51.385832824707066,57.53778348268739,57.146575544970744,59.440729210212595,54.881397941276674,57.161063575744635,55.05030643272064,57.03844809310356,74.17367658017808,0.467269881114305,0.46849447974178016,-0.0012245986274751486,13.469190445519471,1.6745133152082616,44.0251750837203,37.653786592104005,-33.12757942590409,403509697.0,360678915.85,1.0
2025-11-27,58.31078451336526,58.466021066801055,57.24353367113563,57.680137634277344,8692909,56.21276145935057,51.43691974639896,57.56625431300538,57.19508118945316,59.40431141568659,54.885798600182554,57.14505500793457,52.9413819108182,57.03844809310356,74.17367658017808,0.4519562201163865,0.46518682781670145,-0.013230607700314978,13.207572618156108,1.6422257495266306,53.57582852201395,43.69450811790437,-43.41565194473787,394816788.0,364199892.35,1.0
2025-11-28,57.68013870771316,57.75775513530982,56.67109924103646,56.81663513183594,12070813,56.280677566528304,51.48119457244875,57.41633047677149,57.160677002397044,59.405974870966844,54.89674844141109,57.15136165618897,49.31958383438194,57.03844809310356,74.17367658017808,0.36592444882507635,0.44533435201837646,-0.0794099031933001,12.501738579228013,1.6025421884371116,42.81722871995264,46.806077441895624,-61.72837248816965,382745975.0,367767536.2,1.0
2025-12-01,57.059193237944186,57.90329179281623,55.54563401788785,55.9337272644043,27753709,56.28727523803709,51.52072538375857,57.11980983429805,57.049136117124974,59.40248572121835,54.76634629477288,57.084416007995614,45.86462204204393,56.673318242409294,73.19033392697418,0.2239191633877624,0.40105131429225366,-0.17713215090449125,12.191023566742388,1.6564790160436311,22.394085080815888,39.595714107594155,-81.28891450943325,354992266.0,368176491.5,1.0
2025-12-02,54.71123482572944,57.049487512533695,54.42986741376231,55.85610580444336,108570765,56.293290710449206,51.5650455093384,56.867069028327116,56.9406788159721,59.29191646161257,54.646971325252665,56.96944389343262,45.562430826494264,56.673318242409294,73.19033392697418,0.1039176504882775,0.3416245815314584,-0.2377069310431809,12.598068917592183,1.725274807667042,6.934723752345622,24.04867918437138,-73.07691389357342,246421501.0,361974849.8,1.0
2025-12-03,55.34188581210825,55.46801296917474,54.6821295246396,54.95379257202149,104964314,56.280095596313465,51.60829000473024,56.48441373706599,56.76005279379477,59.372474715308286,54.391772034569655,56.88212337493897,42.09066808167088,56.673318242409294,73.19033392697418,-0.06326427873429452,0.2606468094783078,-0.32391108821260234,12.976039600524137,1.6858963413910935,0.0,9.776269611053836,-90.10987066306674,141457187.0,351280544.35,1.0
2025-12-04,54.75974333540631,55.3030731053397,54.13879714184314,55.25456237792969,30400987,56.27408020019529,51.658215751647965,56.23844346523874,56.623190028716124,59.40262413452948,54.31602172423518,56.85932292938233,43.63248785766801,56.673318242409294,73.19033392697418,-0.1695332783235841,0.17461079191792944,-0.34414407024151356,13.658350779462504,1.6486377429700552,2.786383781912675,3.2403691780860986,-80.03471099662555,171858174.0,342918371.45,1.0
2025-12-05,54.92468469099224,55.6911667740714,54.788853172701,55.283668518066406,31121551,56.27000518798827,51.704898166656506,56.04748847580428,56.501415345929786,59.32305156853058,54.13945377204559,56.731252670288086,43.7884594868524,56.673318242409294,73.19033392697418,-0.24853860553137963,0.08998091242806762,-0.33851951795944724,13.927430217515594,1.5953288757129367,5.854640208581658,2.8803413301647773,-79.51389131089981,202979725.0,335132927.45,1.0
2025-12-08,55.50682014855533,55.67176106241574,54.04177546057678,54.546295166015625,21560384,56.26787063598632,51.74634050369264,55.74724981384655,56.323677147755774,59.40050213960955,53.86019541593243,56.63034877777099,40.71479473293218,51.95706594669771,73.19033392697418,-0.3664268232448791,-0.001300634706521725,-0.3651261885383573,14.646049725643268,1.5978043561505098,5.854640208581658,4.831888066358664,-91.12627680082592,181419341.0,327082091.0,1.0
2025-12-09,54.468676472384296,55.44861021290546,53.85743093035544,55.33218002319336,17081289,56.3008583831787,51.798348751068126,55.664235855715916,56.23354104552283,59.40319394933292,53.85168199671198,56.62743797302245,45.13505596502914,51.95706594669771,73.19033392697418,-0.39192191320857006,-0.0794248904069314,-0.31249702280163866,15.425633805133597,1.5973311366076175,13.34637165237613,8.351884023179814,-74.62436479219399,198500630.0,320664723.1,1.0
2025-12-10,55.332178948705824,55.88520938513941,54.84706427105312,55.03141021728516,12247138,56.3538328552246,51.84428760528566,55.53767072802977,56.12425642477395,59.433778192717,53.73862819461209,56.586203193664545,43.78941033962824,51.95706594669771,73.19033392697418,-0.43142338515333023,-0.14982458935621118,-0.28159879579711905,15.700125893172896,1.557389277856094,17.427297552514574,12.209436471157453,-77.6752559196493,186253492.0,313267993.3,1.0
2025-12-11,55.254562749573694,56.03074549674828,54.86646952542076,55.73967742919922,13418511,56.40350860595703,51.89230871200562,55.57807206826366,56.08929469790352,59.41875827355881,53.80118915991285,56.60997371673583,47.7406071576876,51.95706594669771,73.19033392697418,-0.400955377491222,-0.20005074698321335,-0.20090463050800866,15.804474227816993,1.529309755961196,33.76391339129926,21.51252753206332,-64.20663307210552,199672003.0,306982902.95,1.0
2025-12-12,55.78818901340408,55.982235628459584,55.206052869368925,55.33218002319336,7201810,56.42388343811035,51.93466815948487,55.528893659249604,56.020466091111686,59.42616873655342,53.69869622316334,56.56243247985838,45.74811719701224,51.95706594669771,73.19033392697418,-0.4050220548448493,-0.24104500855554056,-0.16397704628930876,15.901369109986511,1.4755149704704433,35.189420539379526,28.793543827731117,-71.95572660703445,192470193.0,299658611.6,1.0
2025-12-15,55.3030727053367,55.97252962146775,55.10902609596893,55.691165924072266,7468077,56.45202003479004,51.97651622772217,55.56134811221414,55.99052971228992,59.23054253720237,53.65079481936499,56.44066867828368,47.81442906448458,52.09293317183326,73.19033392697418,-0.3749555101960098,-0.2678271088836344,-0.10712840131237539,16.071096380154387,1.4317998672581846,44.548506816747945,37.83394691580891,-65.12914248003912,199938270.0,291181243.2,1.0
2025-12-16,55.43890536723053,55.81729422769514,54.76944843726479,54.837364196777344,6302217,56.45260215759277,52.01673107147217,55.41655132912679,55.88569648360696,58.92738702276085,53.57459051630163,56.25098876953124,43.56453184732125,52.09293317183326,73.19033392697418,-0.4152356428029691,-0.29730881566750134,-0.11792682713546776,16.510907170566718,1.4043745760561965,35.98112664154329,38.57301799922358,-78.73681023026104,193636053.0,281251964.2,1.0
2025-12-17,54.85676896981164,55.30307358768637,54.75004314790001,55.05081558227539,9771956,56.443870086669925,52.0618256187439,55.34340417975652,55.80979821984954,58.337936659055664,53.737140016359355,56.03753833770751,44.883480444365446,52.09293317183326,73.19033392697418,-0.4250346601868884,-0.32285398457137876,-0.10218067561550964,16.935781587906874,1.3435642806083512,40.42620805849692,40.31861383892938,-70.50356667000894,203408009.0,270464300.6,1.0
2025-12-18,55.05081744526895,55.10902884018612,54.332846065195326,54.70153427124024,7248719,56.427764358520506,52.106068038940435,55.21503019805327,55.70904695179414,58.05269004290419,53.69347923810166,55.873084640502924,43.108083345652155,52.09293317183326,73.19033392697418,-0.4557311497846541,-0.34942941761403384,-0.10630173217062028,17.686258739204835,1.303037030207097,35.15461494563783,37.187316548559345,-79.13661963225806,196159290.0,260237610.1,1.0
2025-12-19,54.653019399032765,55.7105658052672,54.653019399032765,55.60384368896485,8998094,56.440377349853506,52.15901100158692,55.29279289623559,55.69948301880966,57.930489801189864,53.68275787947421,55.80662384033204,48.74813963923197,52.09293317183326,73.19033392697418,-0.4026084897959308,-0.36006523205041324,-0.04254325774551754,17.557151209080146,1.2855019856376213,60.718712615391134,45.43317853984196,-45.28879066994293,205157384.0,251106266.5,1.0
2025-12-22,55.46801032359509,56.10836524953558,55.32247814135237,55.953125,9605360,56.46133422851561,52.220336875915535,55.424859316988474,55.722541380736054,57.881118787501165,53.678765856053545,55.779942321777355,50.78218100107428,52.89629600035357,73.19033392697418,-0.3285371445963108,-0.35375961455959276,0.02522246996328198,16.934864620171926,1.249815208676592,77.90334215798342,57.92555657300412,-6.896702769724705,214762744.0,242967274.2,1.0
2025-12-23,56.079256410628616,56.37032447914382,55.807593373498605,55.982234954833984,7354932,56.464633026123046,52.29013923645021,55.53633444455758,55.74614988747223,57.55757379925727,53.81699704730036,55.687285423278816,50.95687546544586,52.89629600035357,73.19033392697418,-0.26443786469991437,-0.33589526458765706,0.07145739988774269,16.036173667514703,1.2007377727457793,99.99999999999999,79.54068492445818,-15.443930145666373,222117676.0,234613819.9,1.0
2025-12-24,56.12776766107068,56.16657772420237,55.47771575870584,55.55533218383789,5102637,56.458423538208,52.35418289184571,55.54013399241365,55.72880282350547,57.01872064054913,54.09485815583759,55.55678939819336,48.252017994937155,52.89629600035357,73.19033392697418,-0.2452590161460222,-0.3177680148993301,0.07250899875330791,15.563769246526357,1.1641752150851186,91.19691417805339,89.7000854453456,-32.432424194764884,217015039.0,225289087.0,1.0
2025-12-26,55.54563111416668,55.93372434039504,55.19634795078741,55.29337310791016,7175248,56.49490417480468,52.4085858154297,55.49078181551296,55.689218303905896,56.50642531981951,54.36847702393051,55.43745117187501,46.616808894878865,52.89629600035357,73.19033392697418,-0.24833489850804824,-0.30388139162107375,0.05554649311302551,15.425461804480399,1.133689584693869,77.07196345136049,89.42295920980462,-42.85702320151685,209839791.0,216040237.15,1.0
2025-12-29,55.30307099305411,56.35092043051807,55.23515523704786,56.05014801025391,10337708,56.46521507263183,52.46408979415896,55.60265505446115,55.72203009539208,56.30195583237522,54.4962977992166,55.39912681579591,51.708334713546144,51.826652898569925,73.19033392697418,-0.18754524263881933,-0.2806141618246229,0.09306891918580357,14.736901931781937,1.1324092710350364,77.07196345136049,81.78028036025812,-12.741346287600674,220177499.0,207911813.35,1.0
2025-12-30,56.050149862257285,59.0869687569559,55.58444021948464,58.70857620239258,40215113,56.52110023498535,52.53189750671389,56.22383928404744,55.99353428693758,57.26403900362942,53.81169952176123,55.537869262695324,64.51272639694653,51.826652898569925,73.19033392697418,0.07428759415456199,-0.20963381062878592,0.28392140478334793,15.747106698476893,1.3017035043519094,85.87504927330708,80.00632539200936,-7.959250930126737,260392612.0,203181830.65,1.0
2025-12-31,58.70857795773819,60.78487193290147,58.47572497995535,60.20273208618164,47410686,56.616958847045886,52.60849386215212,57.01961784447428,56.3761886323234,58.46457638536907,53.04582476819539,55.75520057678223,69.42038594583573,51.826652898569925,75.76013573712818,0.3977726211849131,-0.08815252426604614,0.4859251454509592,17.597805272984644,1.373663750680067,99.99999999999999,87.64900424155584,-9.022590092726823,307803298.0,206250920.5,1.0
2026-01-01,60.59082769439832,61.93944598878732,59.6108939128181,61.73569869995117,31800785,56.694965362548814,52.69609682083132,57.96283401556966,56.86341682028956,59.86936081862494,52.31923094773251,56.094295883178724,73.4736164952452,51.826652898569925,75.76013573712818,0.7689702198577208,0.08327202455870726,0.6856981952990135,19.800836085606985,1.4418700596292924,99.99999999999999,95.29168309110236,-2.678559289075033,339604083.0,216158265.3,1.0
2026-01-02,61.80361160506641,62.2693212584993,61.512543534312265,62.026763916015625,20256377,56.77064323425292,52.78732023239138,58.77561999565886,57.3328120108101,61.01866621811381,51.84714570205222,56.43290596008301,74.17358065053774,51.826652898569925,75.76013573712818,1.0742502335483053,0.2814676663566269,0.7927825671916784,21.973706980057447,1.3929348928119887,99.99999999999999,99.99999999999999,-3.056235124231532,359860460.0,225558379.6,1.0
2026-01-05,62.094677415895546,64.00603038946556,61.71628856757342,62.123783111572266,25139024,56.8600983428955,52.88411199569705,59.44525261884154,57.76835483815211,61.97844619920443,51.57137718031218,56.774911689758305,74.41591760539676,67.28005845701936,75.76013573712818,1.3089269865577222,0.486959530396846,0.8219674561608763,24.57363041340718,1.4569925306034281,99.99999999999999,99.99999999999999,-19.458403921557643,384999484.0,234659367.55,1.0
2026-01-06,62.57979495115009,63.10371970412892,61.8521229168344,62.521583557128906,20191411,56.967793884277334,52.98741123199465,60.06051880649902,58.20046653987727,62.85822411805509,51.489128100572856,57.17367610931397,75.4337732362481,67.28005845701936,75.76013573712818,1.5096073615062764,0.6914890966187321,0.8181182648875442,26.987845030089076,1.4423214060813636,99.99999999999999,99.99999999999999,-15.345999647832077,405190895.0,245847945.25,1.0
2026-01-07,62.52158101364813,62.52158101364813,61.17295912263018,61.44462585449219,12560054,57.05395027160644,53.085325679779075,60.33734021609766,58.49539011393317,63.399357308678006,51.559239493079815,57.47929840087891,67.5933683222297,67.28005845701936,75.76013573712818,1.5637209170361928,0.8659354607022243,0.6977854563339685,28.447533001903366,1.4356287652540323,91.91519712798734,97.3050657093291,-26.479434787019983,392630841.0,255554455.8,1.0
2026-01-08,61.31849689825044,61.66778006348349,59.960174300373325,60.17362594604492,18814269,57.09275939941406,53.162435436248806,60.304597362087115,58.64795700776151,63.65549229949801,51.817326075135796,57.7364091873169,59.70615928201551,67.28005845701936,75.76013573712818,1.4869070898739665,0.9901297865365728,0.49677730333739367,28.567233059271768,1.4550556936723276,73.72265636401076,88.54595116399935,-40.97508756635495,373816572.0,264932609.8,1.0
2026-01-09,60.17362564780659,61.997657889910215,60.06689982549975,60.619930267333984,15093484,57.145151824951164,53.243141670227075,60.36766394313649,58.827227304086286,63.95503039934209,52.00581325910517,57.98042182922363,61.409005725431584,67.28005845701936,75.76013573712818,1.4453831302357472,1.0811804552764077,0.36420267495933945,28.84425141746031,1.4890344344393371,57.499842440150466,74.37923197738286,-38.43612009514894,388910056.0,274394512.45,1.0
2026-01-12,61.03713075816278,62.24992119642278,60.328863747815454,61.87152862548828,34563048,57.24877235412596,53.326669998168974,60.66843687960685,59.10398196966828,64.38660535092099,52.22817316775578,58.30738925933838,65.77692342313085,62.750769341599366,75.76013573712818,1.4962211148706999,1.1641885871952662,0.3320325276754337,29.23002477491952,1.5198932211656222,54.4143155731466,61.87893812576927,-24.22904320144319,423473104.0,285944658.0,1.0
2026-01-13,62.28872152167428,63.69555852533305,61.79390617998333,63.11342239379883,51117690,57.365587997436506,53.41490163803103,61.15743398244525,59.46847655368015,64.98712541689632,52.3698787487531,58.67850208282471,69.46947748232904,62.750769341599366,75.76013573712818,1.6180689405910016,1.2549646578744134,0.36310428271658823,30.251383811117005,1.5471617300359146,65.70780006912622,59.20731936080776,-10.132124533204712,474590794.0,299677284.2,1.0
2026-01-14,64.03513943904849,65.72333649708074,62.36634371172942,63.93811798095703,73710924,57.48123939514159,53.515446472167994,61.71357078214761,59.874807592523496,65.58680484407134,52.68027469999605,59.13353977203369,71.65650908305363,62.750769341599366,75.76013573712818,1.7608819113919907,1.3561481085779288,0.4047338028140619,31.908855392039477,1.6764353768441576,77.56135414955016,65.89448993060765,-16.95849205376311,548301718.0,317410567.45,1.0
2026-01-15,63.93811798095703,63.93811798095703,63.93811798095703,63.93811798095703,0,57.62599769592284,53.61683851242068,62.1584802219095,60.24419944601745,66.07127188309848,53.08453790083708,59.577904891967776,71.65650908305365,62.750769341599366,75.76013573712818,1.8527053852515536,1.455459563912654,0.39724582133889963,33.447936145753204,1.5566899927838607,83.42477228033636,75.56464216633758,-17.021240116497673,548301718.0,334655252.9,1.0
2026-01-16,64.26799476230859,65.40316881038481,64.10305753731276,64.54936218261719,26360763,57.80277351379393,53.719262886047396,62.63665661405104,60.635577876617425,66.49992396146847,53.64066861360479,60.07029628753663,73.3005534325679,62.750769341599366,75.76013573712818,1.95229362290641,1.5548263757114054,0.3974672471950047,35.303909631783235,1.5501443382584263,85.80265152833125,82.26292598607259,-11.578916307267873,574662481.0,353580412.45,1.0
2026-01-19,64.83072573276088,65.57779908519689,64.41352681062419,64.78221130371094,20429133,57.94151626586912,53.82506366729739,63.06576755198302,61.01254455180774,66.92668711030984,54.13174222623802,60.52921466827393,73.92112737666572,69.02339302406034,75.76013573712818,2.0266450937157714,1.6491901193122787,0.37745497440349274,37.07429530147199,1.52258204799516,86.96598777779636,85.39780386215466,-12.98531510892953,595091614.0,373077123.95,1.0
2026-01-20,65.35350379930016,65.98389119198792,62.644805388128766,62.959999084472656,22802538,58.06942878723144,53.92198871612551,63.04461385848096,61.1895858729591,66.98252843159365,54.77658831340149,60.87955837249757,61.812926480849285,69.02339302406034,75.76013573712818,1.9164403414623266,1.7026401637422883,0.21380017772003823,36.99988834695878,1.6523323162711598,63.40467903796979,78.72443944803246,-47.44850774374052,572289076.0,390953440.55,1.0
2026-01-21,62.36901143666217,63.77753490188304,61.96516928101595,62.930450439453125,22057186,58.22022987365722,54.01914257049563,63.0217811746754,61.347846288094914,66.93436330772482,55.51957498573221,61.22696914672852,61.63661802695708,69.02339302406034,75.76013573712818,1.805900654009065,1.7232922617956437,0.08260839221342131,36.36195504219841,1.6637632665994402,38.68396501325524,63.018210609673794,-50.69030977842574,550231890.0,407359151.25,1.0
2026-01-22,63.53129130196851,65.20575643888684,63.31459422228977,64.80191802978516,18274548,58.399146118164055,54.1188290023804,63.377808545697356,61.661852810066755,66.94218696179317,56.4364099162586,61.68929843902588,67.8845617319085,69.02339302406034,75.76013573712818,1.848006283250136,1.7482350660865422,0.09977121716359383,36.37067216148981,1.7074448903733168,25.889980152564473,42.65954140126317,-19.621990599328278,568506438.0,424933721.2,1.0
2026-01-23,65.10726002323071,66.33848660277293,64.12227875959694,64.64431762695312,27511949,58.58674713134765,54.22285778045657,63.631110361948515,61.93298597523824,66.61762796820798,57.69606336174806,62.15684566497802,66.89650171513723,69.02339302406034,75.76013573712818,1.8473630115378725,1.7680606551768083,0.0793023563610642,36.79091601083687,1.7437851012877936,36.66418330268665,33.746042822835456,-26.561398932793512,540994489.0,441491456.1,1.0
2026-01-27,64.70342309241525,65.12696534605534,63.23579556537701,64.0434799194336,16194335,58.74195663452148,54.33776725769046,63.713584273445534,62.12484906107418,66.03853266329756,59.07449185757645,62.556512260437,63.12431217659775,69.15855093996127,75.76013573712818,1.7778763802627324,1.7700238001939934,0.007852580068739012,36.45849771249613,1.754312578387118,40.58812515427694,34.380762869842684,-35.98140972927785,524800154.0,456722588.85,1.0
2026-01-28,64.0730310436574,64.8610115067956,63.68888897098033,64.5950698852539,9579471,58.87132919311522,54.44809213638309,63.88988139580721,62.34941459054506,65.93586970213656,59.7658041870236,62.850836944580074,65.07152569043562,69.15855093996127,75.76013573712818,1.7471760666480805,1.765454253484811,-0.018278186836730548,36.1498235783226,1.7127275753462723,35.83619506029286,37.69616783908548,-27.333511356336825,534379625.0,470421939.5,1.0
2026-01-29,64.61476939141382,66.15134527275377,64.10258244084095,64.64431762695312,15140399,58.99159629821777,54.55734539031985,64.0407686420364,62.55804213930943,65.99021519979604,60.155617243441256,63.07291622161865,65.24797024801178,69.15855093996127,75.76013573712818,1.707140870798959,1.7537915769476407,-0.04665070614868161,36.38277875264712,1.7367300936724548,30.824199890350528,35.74950670164011,-27.01340244480224,549520024.0,482507775.8,1.0
2026-01-30,64.31927437591531,66.02328761739327,62.95014737276878,64.28971862792969,19871420,59.09099418640137,54.663884296417265,64.09055863921506,62.71546727463854,66.09496069650616,60.30627373952899,63.20061721801758,62.78848335499538,69.15855093996127,75.76013573712818,1.6280325679090382,1.7286397751399203,-0.10060720723088212,35.66840740229249,1.8321879615975996,25.934338295781096,30.864911082141493,-34.091456723497515,529648604.0,492010001.85,1.0
2026-02-02,59.57166388509226,61.16733241344688,58.89202819424248,60.42859649658203,22016296,59.139753952026375,54.74937610626224,63.35816621068846,62.50756993117886,66.23164964788006,60.00976804621172,63.12070884704589,43.54214725306301,67.96593325820962,78.44567306785565,1.2394903079543411,1.6308098817028047,-0.3913195737484636,33.598522091922824,2.0868667096040006,13.352843511093873,23.37046056574183,-79.36511267451245,507632308.0,499398594.25,1.0
2026-02-03,63.03880068889577,63.77753663446877,61.659825420864045,62.78270721435547,22400851,59.25674690246583,54.83962541580203,63.243074411421865,62.53258241146764,66.23394725629714,60.07336284807296,63.15365505218505,53.00129471583344,67.96593325820962,78.44567306785565,1.1087439187187158,1.526396689105987,-0.4176527703872712,31.890148793177897,2.177014811624196,13.504571287326808,17.59725103140059,-47.75128246662953,530033159.0,506650278.0,1.0
2026-02-04,62.67435706377825,64.51627092199692,62.28036306663603,64.33897399902344,14166921,59.41379127502442,54.933514118194616,63.46225432894218,62.69679982851817,66.35340054403738,60.13564860452218,63.24452457427978,58.009895755125854,67.96593325820962,78.44567306785565,1.1178186687359073,1.4446810850319711,-0.32686241629606383,30.592043916812802,2.181221457605389,26.253784543876616,17.703733114099098,-26.851860227392244,544200080.0,513600737.25,1.0
2026-02-05,64.58522034749853,65.04816273798174,63.71843955168165,63.97452926635742,9053574,59.536574401855475,55.01381376266483,63.56470931642524,62.812957050139914,66.37566605607142,60.366373433674646,63.37101974487304,56.49163283509149,67.96593325820962,78.44567306785565,1.083117327041137,1.3723683334338044,-0.28925100639266743,29.593025261433723,2.1204001525121536,40.462606487361896,26.740320772855107,-31.74606244637621,535146506.0,520726520.5,1.0
2026-02-06,63.9154295146872,64.86101056561822,63.80708098142124,64.53596496582031,11525371,59.66398864746095,55.09880327224735,63.75896044630426,62.96959413338359,66.2275091044338,60.95076428728982,63.58913669586181,58.302185745203104,67.96593325820962,78.44567306785565,1.0883733421714297,1.3155693351813293,-0.22719599300989968,28.665365081438868,2.044223683346784,46.27900871438638,37.66513324854163,-24.206428587416816,546671877.0,529369285.75,1.0
2026-02-09,65.69824621660165,66.42713775057362,64.77236895382163,65.27470397949219,16438283,59.81587997436524,55.185980319976835,64.06210915294184,63.179149573938915,66.16175378257725,61.4819969803622,63.821875381469724,60.624092154014065,68.37380096137174,78.44567306785565,1.1390189352624773,1.2802592551975591,-0.1412403199350818,28.41518725660063,2.033291476304393,53.7954678924613,46.845694364736524,-15.2941873302046,563110160.0,538079290.95,1.0
2026-02-10,65.60959986337322,66.68322578930412,64.48672187036958,66.03314208984375,16462825,60.00021011352539,55.278267440795936,64.45631574032222,63.43860343902117,66.37970603388531,61.68020607548969,64.0299560546875,62.90773691527731,68.37380096137174,78.44567306785565,1.2262204436637063,1.2694514928907887,-0.04323104922708243,28.00625142421308,2.044949507920832,66.10495439237735,55.39314366640834,-8.343822519305832,579572985.0,545884285.0,1.0
2026-02-11,66.05283965193078,66.25968481087378,64.74282031195844,65.24515533447266,8706342,60.18643867492676,55.369109210968055,64.61408365915231,63.602835429516766,66.5045645123447,61.76852089109767,64.13654270172118,59.07436892889876,68.37380096137174,78.44567306785565,1.2177073493198165,1.2591026641765943,-0.04139531485677783,27.626525294138922,2.0072291501347257,71.17858184551842,63.69300137678569,-18.457630387181624,570866643.0,550698077.45,1.0
2026-02-12,65.20575862381398,66.14149536152607,64.06318423105498,64.60491943359375,12840344,60.36141494750977,55.452419605255166,64.6122508140406,63.69393397534195,66.54490755376209,61.79485799494397,64.16988277435303,56.08402322175676,68.37380096137174,78.44567306785565,1.1460875898712146,1.2364996493155185,-0.09041205944430386,26.8208624187139,2.0123064344444663,65.68822557046181,67.65725393611919,-26.675056438405285,558026299.0,551184306.5,1.0
2026-02-13,64.41777605622752,65.00876331063479,63.81693688505044,64.4571762084961,8944798,60.55148262023926,55.532637920379685,64.58123589293172,63.763319632901414,66.5715407606387,61.82013061082126,64.19583568572997,55.38726125837779,68.37380096137174,78.44567306785565,1.0651286311516088,1.2022254456827366,-0.13709681453112776,25.908419974671844,1.9537007195258869,57.36029551549461,64.74236764382493,-28.5713403317993,549081501.0,551223295.65,1.0
2026-02-16,64.27002334813761,64.74281763100821,63.294894063554096,64.53596496582031,8923222,60.73711067199707,55.61687435150151,64.57218170750944,63.83356011771222,66.57045870801228,61.81987294176799,64.19516582489014,55.703312776768456,68.07514241064369,78.44567306785565,0.9958461725549697,1.1609495910571832,-0.16510341850221355,24.709285157423736,1.9175737800921888,54.76695144464095,59.27182417686579,-27.560086845247277,558004723.0,550390407.75,1.0
2026-02-17,64.94966293864269,66.624127978027,64.45717233708139,66.28923797607422,22771862,60.95722206115722,55.710536079406786,64.9155929612224,64.05680355938149,66.81388983205154,61.72714448496505,64.2705171585083,62.132241044545516,68.07514241064369,78.44567306785565,1.0700786041299182,1.1427753936717302,-0.07269678954181202,24.52775510956318,1.935386770153148,65.41466366024679,59.180636873460784,-5.0568325141647446,580776585.0,549674656.3,1.0
2026-02-18,66.75217154541039,68.17054685536984,66.38773331674196,67.95384979248047,31262092,61.22537315368652,55.80649625778203,65.52324432747402,64.41108048966322,67.46993193128408,61.570487456533314,64.5202096939087,67.02545546080626,68.07514241064369,78.44567306785565,1.2488328352580425,1.1639868819889927,0.08484595326904976,24.986065255178318,1.9315240636633242,80.55761860514599,66.91307790334457,-2.33547046466831,612038677.0,551662136.35,1.0
2026-02-19,68.288753782278,68.80094074013361,66.48623624064372,66.98857879638672,14850088,61.458501129150385,55.90577274322514,65.81631122125656,64.64539851754718,67.76912064987934,61.67711157363141,64.72311611175537,62.020706278262054,68.07514241064369,78.44567306785565,1.2976490584163827,1.1907193172744708,0.1069297411419119,25.644291827092722,1.9588940947937934,88.11123669706576,78.02783965415284,-18.290220398588687,597188589.0,554009971.3,1.0
2026-02-20,66.4862321538549,68.35769796929584,66.21043861543819,67.7568588256836,13438601,61.71301010131835,56.00474868774419,66.20442074214196,64.92825854555959,68.20590781080955,61.53581849229104,64.8708631515503,64.30526178981849,68.07514241064369,78.44567306785565,1.3823946594283143,1.2290543857052394,0.1533402737230749,26.047109867839126,1.9723487561554973,86.43052545081285,85.03312691767486,-14.620712140478542,610627190.0,556116008.9,1.0
2026-02-23,68.31829977643457,70.17006181230045,68.11145461669508,68.5940933227539,21833063,61.97009841918945,56.110546588897755,66.68235525826435,65.26151625257725,68.79204753436751,61.34465633831312,65.06835193634032,66.65893696809873,73.32939249264066,78.44567306785565,1.499824937372864,1.2832084960387644,0.21661644133409963,27.075603804720075,2.0038383440455942,85.38076782709993,86.64084332499284,-19.975014767358168,632460253.0,560689297.1,1.0
2026-02-24,68.59409448531949,71.35204502487689,67.96370707881677,70.78075408935547,48120203,62.27906990051268,56.22994592666631,67.50203502448258,65.76326514682981,69.8814617189679,60.92896957070497,65.40521564483643,71.87511152934887,73.32939249264066,78.44567306785565,1.7491711714187375,1.376401031114759,0.3727701403039785,28.39488441264262,2.1027311727609175,92.48474871751236,88.09868066514171,-7.0904832026086995,680580456.0,568478312.2,1.0
2026-02-25,71.30279409189576,73.67660257827451,70.60345828650236,72.96741485595703,61816255,62.62459487915037,56.34873283386236,68.59511099077747,66.41818784765955,71.40953668624783,60.23812910049534,65.82383289337159,75.93043578249087,73.32939249264066,78.44567306785565,2.099028809999311,1.5209265868916693,0.5781022231076416,30.21704290518806,2.1720463955474343,98.95024237628706,92.27191964029979,-6.83112727844275,742396711.0,578879166.5,1.0
2026-02-26,73.62734747590085,74.7600774015691,72.05137899944566,74.51383209228516,42042414,63.01812423706053,56.47612503051762,69.778855211079,67.15415550626187,73.0833986267378,59.55121860653857,66.31730861663819,78.31210839325676,73.32939249264066,78.44567306785565,2.4725741603892146,1.7112561015911785,0.7613180587980362,32.144606211608526,2.2103786817314353,99.99999999999999,97.14499703126647,-2.147765997491524,784439125.0,590625121.55,1.0
2026-02-27,74.48428386708565,75.84355526917547,72.71131463408983,73.63719940185547,31733355,63.389851913452134,56.59927959442143,70.5505240492343,67.74352313313402,74.2193919615394,59.349973349129534,66.78468265533446,73.8509699390065,73.32939249264066,78.44567306785565,2.667129600228634,1.90243080131867,0.7646987989099641,34.153167788440214,2.2762259641138782,93.51338683888412,97.48787640505705,-17.582400474176694,752705770.0,601777979.85,1.0
2026-03-02,69.58892938441254,73.45990614040623,69.35253597983277,70.89895629882812,38923899,63.7138003540039,56.70888847351078,70.62021049915306,68.03038069365167,74.3209976902266,60.29540360066694,67.30820064544677,61.974925298625465,79.7314486040022,83.06653423620581,2.570729089317396,2.036090458918415,0.5346386303989812,33.811411876505375,2.4196857825359372,69.75869104453338,87.75735929447248,-39.40339841299032,713781871.0,612085458.0,1.0
2026-03-04,69.44118078989325,69.44118078989325,66.23999160454356,67.39241790771484,35412738,63.9495718383789,56.798150997161905,69.97465198086542,67.97238407674831,74.22041793605527,60.85695442417418,67.53868618011472,50.72543857581701,79.7314486040022,83.06653423620581,2.186181705246085,2.066108708183949,0.12007299706213592,32.00311143126342,2.5796342762322677,36.42535771120005,66.56581186487252,-67.34692428922062,678369133.0,619502256.7,1.0
2026-03-05,67.9637054983152,70.83000451122275,67.9637054983152,70.31781005859375,25095072,64.23686553955078,56.892095642089885,70.04328359641109,68.18560462055244,74.45124008535123,61.22401588083528,67.83762798309326,57.63450212236754,79.7314486040022,83.06653423620581,2.093349006625033,2.071556767872166,0.021792238752866844,30.794265461272293,2.640916585323385,17.926949232362794,41.370332662698736,-44.0345397810754,703464205.0,627465462.95,1.0
2026-03-06,69.93366516976192,70.16021415218044,68.45619337040075,69.07672882080078,15951877,64.49875541687011,56.988178844451944,69.84997264128903,68.26661591148411,74.46825983604012,61.717216085590735,68.09273796081543,54.164633510223176,79.7314486040022,83.06653423620581,1.8977573747005607,2.036796889237845,-0.13903951453728425,29.67176563199482,2.585252306956929,12.503935837415135,22.28541426032599,-53.924688359132524,687512328.0,635083754.05,1.0
2026-03-09,65.9937456156244,66.48623625454697,62.63495960846869,64.70342254638672,36574212,64.68171722412109,57.06312318801884,68.82066262230857,67.9426892419298,74.4573758611555,61.744845818531985,68.10111083984374,44.09121424329943,66.41611893443826,83.06653423620581,1.3740214659779753,1.9042418045858711,-0.5302203386078959,28.605340697485804,2.860717800198012,12.503935837415135,14.311606969064353,-84.34002379169394,650938116.0,640297066.0,-1.0
2026-03-10,66.42714032993234,68.04250903772311,65.4421590439716,67.7371597290039,20969226,64.93059295654297,57.157068634033244,68.60396204364764,67.92400474075471,74.44390867561555,62.004558579023126,68.22423362731934,50.91137640359676,66.41611893443826,83.06653423620581,1.190036224811763,1.7614006886310496,-0.5713644638192865,27.04607152886356,2.894886992422182,10.798897042760782,11.93558957253035,-61.372122732825005,671907342.0,645736925.1,-1.0
2026-03-11,68.01295645216508,68.10160115512362,65.69824456633177,66.03314208984375,11860949,65.13025283813477,57.23861307144169,68.08979805288686,67.75210813612644,74.44390867561555,62.004558579023126,68.22423362731934,47.41280227652803,66.41611893443826,83.06653423620581,0.8963935464173431,1.5883992601883083,-0.6920057137709652,25.576587713438965,2.859777677877158,9.878711476760731,11.060514785645548,-74.27294643075457,660046393.0,649760595.5,-1.0
2026-03-12,64.5753650624132,66.99841791245407,64.46701652923652,66.10208892822266,12907665,65.27812309265137,57.32137544631962,67.69225622795402,67.60210638995336,74.41169837136856,62.12246224264511,68.26708030700684,47.569796163102,66.41611893443826,83.06653423620581,0.6616163405212632,1.4030426762548993,-0.7414263357336361,24.61107724797876,2.836322228258615,13.267072112575097,11.314893544032202,-73.7509618068781,672954058.0,654864966.25,-1.0
2026-03-13,65.99374428896515,66.07254459316324,62.84180351174247,63.12744522094727,17868529,65.33661735534669,57.389798240661655,66.77929402655268,67.19531901095282,74.5548987421355,61.83151445061351,68.19320659637451,41.775160654353414,66.41611893443826,83.06653423620581,0.2328407827229313,1.169002297548506,-0.9361615148255746,24.20612111073847,2.8666053131315845,6.623799213849242,9.923194267728356,-96.271476354268,655085529.0,659717927.75,-1.0
2026-03-16,62.9403032995381,63.29489715028112,60.97034080199269,62.37886428833008,18679362,65.34948066711426,57.45345937728885,65.89920807890816,66.75745949071438,74.76793784474887,61.41064415598357,68.08929100036622,40.44011622977954,53.79485833755212,83.06653423620581,-0.16546379744436024,0.9021090785499327,-1.0675728759942928,24.342290642211307,2.827887529928502,3.3883606358143643,7.7597439874129,-90.52979778214558,636406167.0,664084161.05,-1.0
2026-03-17,62.89104919154424,62.930449341994624,60.47784821623829,61.5416259765625,19530270,65.3397779083252,57.513807525634796,65.02769165843904,66.28329280760967,75.0724191391139,60.80672896269273,67.93957405090332,38.94118480191278,53.79485833755212,83.06653423620581,-0.5424284045261771,0.6132015819347107,-1.1556299864608879,24.597814815905103,2.8010813582019183,0.0,3.337386616554535,-93.07693582430451,616875897.0,667027719.75,-1.0
2026-03-18,61.85682033558104,63.38354048672653,61.83712026014239,63.16684341430664,14452657,65.3606391143799,57.56777685165408,64.65552200961257,65.9999792264003,75.19945277110021,60.36745587452966,67.78345432281493,43.33208595364584,53.79485833755212,83.06653423620581,-0.7019425500320438,0.35017275554135985,-1.0521153055734036,24.6189145683163,2.7325694404849266,3.7175498660797057,2.3686368339646897,-82.50002301355639,631328554.0,669555318.2,-1.0
2026-03-19,61.06883518973004,62.7925523120208,60.99988680543082,61.69922256469727,18036935,65.34419189453126,57.59728351593021,64.06426212062951,65.60900134806366,75.3683405910269,59.57310533182469,67.47072296142579,40.499750320888616,53.79485833755212,83.06653423620581,-0.9359938423484095,0.09293943596340598,-1.0289332783118155,24.879724586361306,2.692168523941419,5.205733874140495,2.9744279134067333,-92.05129744924095,613291619.0,669617965.3,-1.0
2026-03-20,62.11291547508447,65.33380443184541,62.11291547508447,64.50641632080078,32971130,65.40542770385743,57.6450466346741,64.15269296066376,65.50876634558522,75.35339255073163,59.339837124561335,67.34661483764648,47.56030007502739,53.79485833755212,83.06653423620581,-0.8847650812279255,-0.10260146747486033,-0.7821636137530652,23.947853378147983,2.7594837627418984,17.67890741181046,8.867397050676887,-68.96818572144299,646262749.0,672071673.3,-1.0
2026-03-23,63.21609506056213,63.21609506056213,60.58619324679996,61.38402938842773,21311564,65.42963577270508,57.67831357955936,63.598960246216556,65.1337902585709,75.46184993908263,58.594096792484756,67.0279733657837,41.641363503258624,55.887367607848496,83.06653423620581,-1.0836250939726568,-0.29880619277441967,-0.7848189011982372,23.564681981493848,2.842393713546107,18.77623096646068,13.886957417470544,-91.24645004994301,624951185.0,672787873.05,-1.0
2026-03-24,63.92528217850504,63.92528217850504,61.48252546558873,62.92060089111328,26031048,65.47564918518067,57.72168895721438,63.4632883751959,64.93259122516565,75.33654926566768,58.15204822273562,66.74429874420166,45.25226774763927,55.887367607848496,83.06653423620581,-1.1045025898521885,-0.4599454721899735,-0.644557117662215,22.89644840158387,2.8208836475840506,28.541770838324837,21.66563640553199,-76.40344093279887,650982233.0,673713972.05,-1.0
2026-03-25,63.08805134025074,65.88539445085425,63.05849559065101,64.526123046875,18424709,65.52874107360839,57.777312431335474,63.67585530953173,64.89563957259377,74.85894693168918,58.00418745246613,66.43156719207765,48.81590949533173,55.887367607848496,83.06653423620581,-0.9801968367072647,-0.5639957450934318,-0.4162010916138329,21.468902912175096,2.8311629270238305,37.6903399220194,28.33611390893497,-58.18919820403601,669406942.0,673155296.35,-1.0
2026-03-27,63.826787483574016,63.97452865801647,62.15231486339135,63.49188995361328,15925622,65.53631042480468,57.81898420333865,63.63906223834804,64.76802597086827,73.88885688754905,58.02672500637186,65.95779094696046,46.70681997741336,55.887367607848496,83.06653423620581,-0.9541388798686512,-0.6420243720484757,-0.31211450782017547,20.468864327677235,2.7984947310566755,54.50039235574306,40.24416770536243,-60.46511788174927,653481320.0,668709526.8,-1.0
2026-03-30,61.56132746111721,62.38871185249083,60.113403836862055,60.40890121459961,16152002,65.46572608947754,57.84703594207767,62.99303003359836,64.37174190211657,72.45518231837137,58.049906487781,65.25254440307619,41.01772264596774,53.9515094109633,83.06653423620581,-1.1687861477954087,-0.7473767271978623,-0.4214094205975464,20.21525994256914,2.839922687177715,49.02919313694615,47.07330847156953,-96.30082525550505,637329318.0,661354036.45,-1.0
2026-04-01,63.03879784820021,64.5162696727674,62.30006193591661,63.90557861328125,16041678,65.46507530212402,57.895093650817905,63.17553974953494,64.32936342131336,70.80438633119401,58.727540396100935,64.76596336364747,48.65639273769971,53.9515094109633,62.610206617948684,-1.0447003555606145,-0.8068414528704128,-0.2378589026902017,19.11999968367148,2.9304545279627194,60.20231564656149,54.57730037975023,-52.52777785358374,653370996.0,656387297.75,-1.0
2026-04-02,62.05381774237269,63.25549605022958,60.28085227264309,62.930450439453125,19177352,65.43269706726075,57.94734737396243,63.12652188751858,64.20218951387152,69.71401300895315,59.0210631324043,64.36753807067872,46.834782147570806,53.9515094109633,62.610206617948684,-1.013364727584488,-0.8481461078132279,-0.16521861977126007,18.749815120295388,2.980045371725251,65.22318698555182,58.15156525635315,-59.084374096230995,634193644.0,652407886.4,-1.0
2026-04-06,63.25549642675111,65.993743071217,62.08336634656775,65.58989715576172,20626583,65.44885078430175,58.01139446258548,63.61919694116721,64.32834475404336,69.46767786975525,59.08714619640687,64.27741203308106,52.10162855966266,52.86028589846334,62.610206617948684,-0.7651161103183526,-0.8315401083142528,0.06642399799590026,17.412641175036136,3.0464976112198223,92.77399565775713,72.73316609662348,-8.09927902594303,654820227.0,651230441.1,-1.0
2026-04-07,65.40275264837446,65.88539132828262,64.4276233724918,65.5406494140625,12305719,65.50046379089355,58.07417657852175,64.00348743574628,64.43855426859055,68.43778550301982,59.63932249868919,64.0385540008545,51.99889864869636,52.86028589846334,62.610206617948684,-0.5658286532759433,-0.778397817306591,0.21256916403064763,16.170979654438256,2.933016921546323,93.05226515947584,83.68314926759493,-7.7052299042097765,642514508.0,648182956.25,-1.0
2026-04-08,68.45619327042483,69.68741976809434,67.32346338960684,68.88958740234375,29587648,65.61964653015136,58.154528083801296,64.98070742906577,64.84319364438629,68.38387857389543,59.67451528596789,64.02919692993166,58.055464841168494,52.86028589846334,62.610206617948684,-0.1360918185989135,-0.6499366175650555,0.513844798966142,16.187556530209903,3.019713595295289,99.73980129936524,95.1886873721994,-8.333309360264495,672102156.0,647412447.65,-1.0
2026-04-09,69.2146267250382,70.04201485397914,68.35769787680435,68.97823333740234,14480468,65.70317283630372,58.235128784179715,65.78021261073309,65.21910634375138,69.12470006881051,59.361174870154336,64.24293746948243,58.20578866113093,52.86028589846334,62.610206617948684,0.20921895915670063,-0.47810550222070425,0.6873244613774049,16.29987338347955,2.9243281225723963,99.73980129936524,97.51062258606876,-10.714303488602983,686582624.0,649194673.05,-1.0
2026-04-10,69.4411785972289,70.37690778516803,68.19025570773876,69.52982330322266,17294214,65.80088294982909,58.322271308898955,66.53013474923101,65.61098970370331,69.53946929775827,59.125671998628455,64.33257064819337,59.18596489124626,52.86028589846334,62.610206617948684,0.5213788084135018,-0.27820864009386304,0.7995874485073649,16.49957254559535,2.871636976490745,99.99999999999999,99.82653419957681,-8.253365382932277,703876838.0,650793147.85,-1.0
2026-04-13,67.52046937904673,69.4411798585723,66.80142974207953,69.08658599853516,18486325,65.90174507141113,58.40637296676639,67.04142499909184,65.92695300323348,70.06761287578125,58.90287281147461,64.48524284362793,58.008669170451796,62.46934094749774,62.610206617948684,0.7246488904098385,-0.07763713399312275,0.8022860244029613,16.10970124097304,2.8614053039659146,97.84001169935152,99.19327099957223,-12.571942224914768,685390513.0,652060353.85,-1.0
2026-04-15,70.34735829339726,71.15504260887177,69.78591928769924,70.31781005859375,12896288,66.01619987487791,58.498716735839885,67.69670201099223,66.32612182644804,70.82687577062245,58.565182029670524,64.69602890014649,60.3670231866658,62.46934094749774,62.610206617948684,0.973865274082172,0.1326633476219362,0.8412019264602358,16.271672698830084,2.8047661115638216,97.84001169935154,98.56000779956769,-7.582502629957267,698286801.0,653326991.0,1.0
2026-04-16,70.90880042677745,71.19444590049486,69.25403157149752,70.17991638183594,18316236,66.12691184997557,58.58513179779057,68.19334488516097,66.67646678602875,71.5966982990786,58.50060661730324,65.04865245819092,59.9608520147671,62.46934094749774,62.610206617948684,1.1470220303908718,0.3355350841757233,0.8114869462151485,16.19528245192925,2.7430266985233582,97.1402944648803,97.60677262119445,-9.155542527796479,679970565.0,654571242.8,1.0
2026-04-17,70.72165484476758,71.8937773905214,70.1700602496025,71.63768768310547,17291825,66.2738712310791,58.67990297317509,68.88221344474988,67.12748686758118,72.55531604959064,58.467871206268725,65.51159362792968,62.80969676563096,62.46934094749774,62.610206617948684,1.3859041281084643,0.5456088929622716,0.8402952351461928,16.34596610479326,2.670218872980182,99.30028276552876,98.09352964325353,-2.173867460564316,697262390.0,657614053.95,1.0
2026-04-20,71.91348561555512,75.7943067626396,71.22399420818915,74.40548706054688,48456248,66.55340904235838,58.79074466705326,69.98686816790928,67.78912324875988,73.97827860026126,58.33129476399654,66.1547866821289,67.53309668383247,64.92842666748142,62.610206617948684,1.778061800268759,0.792099474423569,0.98596232584519,17.537272482517718,2.8059398502280573,99.30028276552876,98.5802866653126,-8.856758495772999,745718638.0,664056191.0,1.0
2026-04-21,76.2375527965575,80.27597455333358,75.82386246130963,78.97579956054688,152939074,66.87727088928223,58.922206401824994,71.7846544464368,68.8060938225587,76.5004786715343,57.389990307347546,66.94523448944092,73.51479279522103,64.92842666748142,62.610206617948684,2.429628360505234,1.119605251639902,1.3100231088653318,19.51560874835662,3.024836110410818,99.99999999999999,99.53352184368583,-6.448458438509275,898657712.0,677422648.9,1.0
2026-04-22,79.37963196304817,80.91620775793668,77.66576676489856,78.56210327148438,52387766,67.16173347473145,59.037967910766646,73.14014421144633,69.69300377246103,78.32054425348599,57.25621279607454,67.78837852478027,72.21776895825553,64.92842666748142,62.610206617948684,2.8794254959162373,1.471569300495169,1.4078561954210682,21.459354372829015,3.040950744884196,98.37953108528247,99.22660461693707,-11.408112102212264,846269946.0,689071565.25,1.0
2026-04-23,78.55225183101527,78.64089653318271,75.85340540830344,76.14889526367188,22534246,67.40522079467772,59.13574497222905,73.74189442189144,70.27990299893473,79.41348590162933,57.32751904221833,68.37050247192383,65.0122355461631,64.92842666748142,62.610206617948684,3.0065100715162743,1.7785574546993903,1.227952616816884,22.45954990482556,3.0228464863124156,87.75665020597671,95.37872709708637,-23.102642925935392,823735700.0,697945212.8,1.0
2026-04-24,76.53304074341284,77.21268021619655,74.6123302961684,76.73004150390625,26274501,67.64910232543944,59.242491722106976,74.33952383829441,70.86627922665942,80.26904528080354,58.006560874591976,69.13780307769775,65.89474373516849,64.92842666748142,62.610206617948684,3.1181747801501842,2.0464809197895493,1.071693860360635,22.86978644857399,2.992668160149254,75.95134787434613,87.36250972186843,-22.228012027454014,850010201.0,709198163.6,1.0
2026-04-27,77.51802041741718,78.90684756997616,77.33087909228583,78.55225372314453,20410069,67.91465332031248,59.357815895080606,75.18206981526444,71.56500418088534,81.40216436788151,58.436607070717145,69.91938571929933,68.57158849920168,70.03633404344627,62.610206617948684,3.3154882784191244,2.3002823915154647,1.0152058869036598,23.62522911978418,2.934392296286444,69.91359559630912,77.87386455887732,-14.336913221482483,870420270.0,720170065.45,1.0
2026-04-28,75.84355707231839,77.94156445223382,75.30181437302043,76.57244110107422,24357922,68.12543930053711,59.461785659790074,75.4601440724264,72.02022571908432,82.07685677881351,58.96654646520504,70.52170162200927,62.80394253525011,70.03633404344627,62.610206617948684,3.274361513439956,2.495098215900363,0.7792632975395932,23.50618689982226,2.956967085846277,57.51148643692338,67.7921433025262,-30.774601286555725,846062348.0,729002835.75,1.0
2026-04-29,77.12403697853209,79.83273548970286,76.01100332628121,78.41436004638672,31621563,68.38882339477539,59.57545015335087,76.05098726721847,72.60151065792999,82.83883654622517,59.69681370707071,71.26782512664794,65.69491523331682,70.03633404344627,62.610206617948684,3.3517587329434377,2.666430319308978,0.6853284136344597,23.838990059740805,3.018736019958803,52.50648906344722,59.977190365559906,-17.725023438124744,877683911.0,740212965.3,1.0
2026-04-30,78.3060116745211,78.43405653544944,76.46409397759986,77.19298553466797,14941513,68.64058471679687,59.685821437835735,76.27938692070838,73.01891746490617,82.76017785724937,61.453880828053315,72.10702934265134,62.24043493418042,70.03633404344627,72.02401454684373,3.2767693144350574,2.788498118334194,0.4882711961008632,24.148021565379455,2.943823629808145,35.9283544915,48.648776663956866,-26.37818475845586,862742398.0,751483619.3,1.0
2026-05-01,77.19298553466797,77.19298553466797,77.19298553466797,77.19298553466797,0,68.8953009033203,59.79468887329105,76.4621066435003,73.39837819852087,82.91615068032627,62.62664869711511,72.77139968872069,62.24043493418041,70.03633404344627,72.02401454684373,3.180674820567404,2.8669334587808364,0.31374136178656764,24.434979392043914,2.7335505133932774,34.71698876548976,41.050610773478994,-26.37818475845586,862742398.0,761952189.4,1.0
2026-05-04,77.81351903644503,78.91670074583783,77.74457064928363,78.10901641845703,17922648,69.16676193237303,59.910562038421666,76.79148859849165,73.82661803669689,82.80936261538427,64.2512933599575,73.53032798767089,63.891961233307384,70.4575730076104,72.02401454684373,3.142213793929855,2.9219895258106403,0.2202242681192148,25.127426706838257,2.661419420377319,27.861768806650797,32.835704021213516,-24.070904903184896,880665046.0,774275759.5,1.0
2026-05-05,77.61652543502058,80.36461650697687,76.95658228686742,80.0198745727539,28560769,69.44137466430664,60.03923973083499,77.4371657933441,74.38964135815661,83.16816145917963,65.33549225786138,74.2518268585205,67.12240082571108,70.4575730076104,72.02401454684373,3.228704935865096,2.9833326078215316,0.24537232804356446,26.099089267623725,2.714749048929615,36.37725521177268,32.98533759463774,-7.6858141298279286,909225815.0,786996038.9,1.0
2026-05-06,81.01470626738862,82.88617210965816,80.9063577307702,82.37397766113281,37582297,69.72977722167968,60.17905729293827,78.42452816690185,75.11549011297262,83.72082477359427,66.46616176815377,75.09349327087402,70.6108073533998,70.4575730076104,72.02401454684373,3.4474659921709048,3.076159284691406,0.3713067074794987,27.508291872770013,2.7255739409278035,52.02779917943435,38.755607732619275,-4.027917135066062,946808112.0,802210719.1,1.0
2026-05-07,83.07331454911548,84.6098904005159,82.45277907044891,84.02874755859375,23847379,70.07058059692383,60.32186098098758,79.54537204524024,75.92578624439273,84.83508312509356,66.86581943227948,75.85045127868652,72.79584560021551,70.4575730076104,72.02401454684373,3.711577056684618,3.203242839090049,0.5083342175945691,29.120880230190615,2.690598140817466,73.56770718588635,53.99092052569779,-4.341456362520391,970655491.0,817138385.85,1.0
2026-05-08,84.02875041934136,84.02875041934136,81.42840044667118,82.63993072509766,19633062,70.36824203491211,60.45699289321903,80.16428378121174,76.5361630153659,85.39474311906896,67.67232917707362,76.53353614807129,68.21205702980002,70.4575730076104,72.02401454684373,3.7654156982135305,3.3156774109147453,0.4497382872987852,30.10498995473128,2.6841518430926605,73.61071169267785,66.40207268599951,-19.70440442325112,951022429.0,830360376.1,1.0
2026-05-11,81.26095565899249,81.26095565899249,78.65075376213541,80.19717407226562,22177064,70.60030364990234,60.580105075836215,80.17086183942253,76.86898220235678,85.42287008026783,68.71093729277906,77.06690368652345,60.9432444720343,74.92435627049943,72.02401454684373,3.5698224712855904,3.366506422988915,0.2033160482966756,29.766750563386886,2.7773679230833452,48.86319015638459,65.3472030116496,-44.13793247745891,928845365.0,841608802.45,1.0
2026-05-12,79.7834835929083,81.21170344142493,76.82853975613392,77.19298553466797,17449726,70.72854827880859,60.691398086547885,79.57528657847162,76.8984370507487,84.93723071494057,70.00721661171957,77.47222366333007,53.40582606924122,74.92435627049943,72.02401454684373,3.136247809339565,3.320454700259045,-0.18420689091948006,28.73850222620785,2.8920676203838926,17.655468480544968,46.70979010986914,-74.18714954884481,911395639.0,852909058.75,1.0
2026-05-13,77.17327909275078,79.2712939554378,76.9565820163408,78.76895141601562,14533430,70.84457901000975,60.810570926666294,79.41401954598042,77.06848381122751,84.56955410653981,71.22000735586249,77.89478073120115,56.448821325633745,74.92435627049943,72.02401454684373,2.8865299216051454,3.2336697445282656,-0.3471398229231202,27.783700198827315,2.8508279288633998,5.231205417356655,23.916621351428738,-58.42364460465011,925929069.0,864291172.15,1.0
2026-05-14,79.29099220227285,79.48798545026725,76.13905514549808,77.32102966308594,14374430,70.90072296142577,60.92366840362553,78.99542156940153,77.09144252503282,83.86919916986267,72.63447362066464,78.25183639526365,53.02261311703771,74.92435627049943,72.02401454684373,2.5424833464045236,3.095432464903517,-0.5529491184989936,26.568760752926483,2.8864066699995266,5.231205417356655,9.372626438419426,-78.30684575307646,911554639.0,875870375.85,1.0
2026-05-15,77.51802365432226,77.78397280795642,76.60199076422502,76.84823608398438,9751597,70.96494369506834,61.033819770813025,78.5659844723181,77.06933284857386,83.25302269661306,73.77170493400216,78.51236381530761,51.91456341911233,74.92435627049943,72.02401454684373,2.206241290049448,2.917594229932704,-0.7113529398832559,25.44060269601857,2.7646620538375175,5.231205417356655,5.231205417356655,-83.38623678624981,901803042.0,886097408.45,1.0
2026-05-18,76.33604863277921,76.82853926911972,75.05556997236958,76.63154602050781,12211000,71.07959548950195,61.13924934387211,78.17909678195605,77.0295340460224,83.05261563375613,74.1947178928552,78.62366676330566,51.38455493459786,63.866755678036014,72.02401454684373,1.9003756135959122,2.7141505066653457,-0.8137748930694335,23.757014670556128,2.69523377225018,0.0,3.48747027823777,-83.50509531273912,889592042.0,893291078.65,1.0
2026-05-19,76.63154598627719,77.41952649518359,76.25724829334673,77.1634292602539,7491904,71.27501571655273,61.24990943908695,77.97596327761562,77.04170633822527,83.00561033551182,74.06048616107023,78.53304824829102,52.662066679087374,63.866755678036014,72.02401454684373,1.681509993179347,2.507622403968146,-0.8261124107887992,22.418136413708883,2.585736945792085,1.988844366336978,2.406683261231211,-77.93815579311398,897083946.0,893212390.35,1.0
2026-05-20,76.8285400390625,77.80366940464204,75.9322034648309,77.56727600097656,7838024,71.4200050354004,61.36205513000492,77.89422582228781,77.08948539847539,82.97658825491011,73.99002551462114,78.48330688476562,53.65782065507444,63.866755678036014,72.02401454684373,1.5230872671194078,2.3107153765983983,-0.7876281094789905,21.323644557728397,2.534717588222017,5.5278894990793335,2.5055779551387705,-73.7113063404522,904921970.0,896144991.55,1.0
2026-05-21,78.70000003944985,79.13338666099408,78.15825736900675,78.56210327148438,11883310,71.60971252441409,61.47951456069949,78.02780131212712,77.22335975056711,82.96083834006009,74.2470962302524,78.60396728515624,56.10717742278267,63.866755678036014,72.02401454684373,1.4609692182283993,2.1407661449243984,-0.6797969266959991,20.80871251697253,2.4655313790645526,12.880120248015327,6.798951371143879,-63.298977405187195,916805280.0,900798470.55,1.0
2026-05-22,78.30600749041821,79.2417366494739,77.82336879368079,78.83789825439453,13186459,71.89240203857423,61.59946872711185,78.18982070058061,77.37013597818778,82.97641922231053,74.4423010230508,78.70936012268066,56.7890338434979,63.866755678036014,72.02401454684373,1.4176527487228299,1.9961434656840849,-0.578490716961255,20.166884217367855,2.3907339845451645,19.305028222756,12.571012656616887,-60.41237772513372,929991739.0,904797547.45,1.0
2026-05-25,79.78348272233947,80.96545723822763,79.49783725279086,79.950927734375,11362497,72.13667739868166,61.72717103958132,78.5420421073395,77.60475341056843,83.08121534551165,74.47737230097272,78.77929382324218,59.52193637400113,65.73750351800824,72.02401454684373,1.456348433425191,1.888184459232306,-0.431836025807115,20.20173950712644,2.371935770208588,28.434348216440945,20.206498895737425,-48.762889011090095,941354236.0,908344245.75,1.0
2026-05-26,80.13807777491763,80.52221987404934,78.61135378055567,78.97579956054688,13667175,72.39553054809572,61.85877828598025,78.62879359798097,77.72939396965738,83.07421344248417,74.7247100499475,78.89946174621583,56.17015627095007,65.73750351800824,72.02401454684373,1.3922809995000165,1.789003767285848,-0.3967227677858316,19.781155601543283,2.3390022218718083,28.532394381508638,25.42392360690186,-58.96903795869572,927687061.0,912425481.4,1.0
2026-05-27,78.97579306497694,79.04474144851407,78.40450216434911,78.8772964477539,7325388,72.65103469848633,61.98523591995242,78.67849416793555,77.83374874039342,83.09116436395234,74.75405276861602,78.92260856628418,55.82815738200279,65.73750351800824,72.02401454684373,1.3183614682019424,1.6948753074690672,-0.3765138392671248,19.284180104626696,2.217662012035605,28.92090400077246,28.629215532907345,-57.409454786189464,920361673.0,914559369.5,1.0
2026-05-28,78.8772964477539,78.8772964477539,78.8772964477539,78.8772964477539,0,72.96603172302247,62.11222719192508,78.71825462389923,77.92861671378982,83.0955424808367,74.91810574304024,79.00682411193847,55.82815738200279,65.73750351800824,72.02401454684373,1.245423243188327,1.6049848946129193,-0.3595616514245923,18.822702857489865,2.0592575826044905,31.748395393175986,29.73389792515236,-38.412748725306315,920361673.0,917440333.25,1.0
2026-05-29,78.8969963826166,79.48798362786108,77.22253126862218,78.07946014404297,11912803,73.28004364013671,62.24085660934452,78.59049572792799,77.94232975290375,83.07579262460631,75.02650306020816,79.05114784240723,52.80785255923405,65.73750351800824,72.02401454684373,1.1104399914635366,1.5060759139830429,-0.3956359225195063,17.524736634730388,2.07398578093552,30.128403627759216,30.265901007235886,-50.880042044679726,908448870.0,919725656.85,1.0
2026-06-01,78.01051400249614,78.13856637777167,75.74506157805725,76.47394561767578,14202373,73.57869003295897,62.363350410461464,78.16718570587754,77.80884028606484,83.13845512225703,74.80033348247932,78.96939430236817,47.266268465291,64.36941763068347,72.41899507422681,0.8639540628924465,1.3776515437649237,-0.5136974808724772,16.902174947946857,2.096808567991156,21.32614166741774,27.734313562784312,-75.99995428846363,894246497.0,920404729.4,1.0
2026-06-02,76.24740448396257,78.23706336283847,75.91250694109587,77.7248764038086,9355862,73.86985069274901,62.48195997238163,78.07872384546376,77.80120720585971,83.02829706000485,74.68099172783697,78.8546443939209,51.533812435504544,64.36941763068347,72.41899507422681,0.7607820270038275,1.2542776404127045,-0.49349561340887704,16.27198898043436,2.113076271830545,17.437279294755516,22.96394152997749,-54.8332089706713,903602359.0,920123556.6,1.0
2026-06-03,77.81351452045185,78.78864380080181,76.86793347362611,78.50299835205078,11016774,74.20592620849608,62.60533334732059,78.16357874678116,77.86500640096799,82.4925652026221,74.82962565431151,78.66109542846681,54.026109607495854,64.36941763068347,72.41899507422681,0.7333517608311695,1.1500924644963975,-0.416740703665228,15.386886449752387,2.099335847212342,29.992612926957694,22.91867796304365,-41.66676580114641,914619133.0,918514107.65,1.0
2026-06-04,78.3060105686687,79.36979213843914,77.65591932664988,78.70000457763672,8749850,74.4897979736328,62.72872150421146,78.27086391295227,77.9409153261197,81.27839899474135,75.51091756409652,78.39465827941893,54.66179503516688,64.36941763068347,72.41899507422681,0.7192191228699016,1.0639177961710984,-0.34469867330119675,14.323924802151705,2.0718027732535504,50.107188008907784,32.51236007687366,-38.33326354089078,923368983.0,916149782.25,1.0
2026-06-05,79.19000244140625,80.7699966430664,79.0,79.19000244140625,12711478,74.84591743469238,62.85756736755374,78.45469161864307,78.05446870023665,80.35046469180654,76.0938590386622,78.22216186523437,56.2809939317543,64.36941763068347,72.41899507422681,0.7390384626269508,0.9989419294622689,-0.25990346683531806,14.03857829975272,2.0716734369804173,63.01871469084929,47.706171875571584,-34.009966148110536,936080461.0,915402683.85,1.0
2026-06-08,78.5,81.5,77.80000305175781,79.61000061035156,15828378,75.17970542907715,62.99176349639895,78.68575341698477,78.19588069206529,80.22020136446038,76.16540501981696,78.19280319213867,57.67626241532572,65.50155547984872,72.41899507422681,0.7796484720661283,0.9550832379830408,-0.17543476591691254,13.115450639874563,2.187982259213401,72.94650982754057,62.024137509099205,-32.84134861360361,951908839.0,916555857.55,1.0
2026-06-09,80.01000213623047,84.25,79.5999984741211,83.97000122070312,37941831,75.5685829925537,63.145382556915315,79.74260297772844,78.72080074012327,81.76321268592463,75.30009526695625,78.53165397644044,68.80595247906383,65.50155547984872,72.41899507422681,1.1503868646511677,0.9941439633166663,0.15624290133450136,13.465305817857184,2.3638407782609367,86.1652680789238,74.04349753243788,-3.292190553366947,989850670.0,920478609.1,1.0
2026-06-10,84.25,85.08000183105469,83.41000366210938,84.18000030517578,19378667,75.98234519958496,63.29738349914554,80.6300824432179,79.2170916096735,82.9058030259696,74.69860981582728,78.80220642089844,69.22571395502641,65.50155547984872,72.41899507422681,1.4444936591455217,1.0842139024824375,0.3602797566630842,14.098340297998345,2.3142805918812495,94.98008058414702,84.69728616353713,-9.641213564167339,1009229337.0,924643622.5,1.0
2026-06-11,83.9000015258789,84.4000015258789,82.83000183105469,83.08000183105469,13551944,76.43576721191408,63.445145740509055,81.12006632078527,79.56826526616271,83.54897267227115,74.63133738632261,79.09015502929688,64.3416388654806,65.50155547984872,72.41899507422681,1.5707085781596817,1.1815128376178865,0.3891957405417952,14.35331500932057,2.2611176706628906,92.58621976311015,91.24385614206032,-21.424882707286763,995677393.0,928849760.2,1.0
2026-06-12,84.4000015258789,87.62000274658203,83.66999816894531,87.30000305175781,36284743,76.90365570068361,63.61357139587404,82.35605366697979,80.27115051939863,85.25746037735676,73.96802637801433,79.61274337768555,72.38969892165267,65.50155547984872,72.41899507422681,1.98833337188033,1.3428769444703752,0.6454564274099548,15.680978254600767,2.4238950452960655,92.58621976311015,93.38417337012244,-2.6947476226020894,1031962136.0,935357714.9,1.0
2026-06-15,88.61000061035156,91.0999984741211,88.2300033569336,89.12000274658203,33101447,77.42744674682618,63.79332857131959,83.70884348290025,81.07559163096076,87.12041526299247,73.35391716498604,80.23716621398925,75.009390149517,72.39878978724565,72.41899507422681,2.4380583754151814,1.5619132306593366,0.8761451447558448,17.76433105577332,2.5221879293722953,92.58621976311015,92.58621976311015,-12.894847702347922,1065063583.0,944131291.95,1.0
2026-06-16,89.9000015258789,90.0,87.0999984741211,88.19000244140625,13331204,77.87944885253908,63.97071577072145,84.60507527460145,81.72235625009216,88.3664585959082,73.21053115018555,80.78849487304687,71.28729428835247,72.39878978724565,72.41899507422681,2.6884348253453823,1.7872175495965457,0.9012172757488366,19.09400252529388,2.549174614837053,95.52790549488304,93.56678167370112,-18.951533649485754,1051732379.0,951863713.6,1.0
2026-06-17,88.25,91.0,87.12999725341797,90.13999938964844,26656586,78.3714358520508,64.16318922042848,85.71206009761084,82.48759653550637,89.90169292876728,72.93256915619365,81.41713104248046,74.18035597481577,72.39878978724565,72.41899507422681,3.0095165888217394,2.0316773574415845,0.9778392313801549,20.568527021234807,2.643519481390266,94.53182175187177,94.21531566995499,-6.252054899155901,1078388965.0,960537063.35,1.0
2026-06-18,90.8000030517578,91.1999969482422,88.80999755859375,89.5,12053692,78.78364410400393,64.35585847854615,86.46964807808868,83.12508775955125,91.06164514156804,72.86640661624442,81.96402587890623,71.6293873207294,72.39878978724565,72.41899507422681,3.17572580731337,2.2604870474159418,0.9152387598974281,21.98610710349476,2.625410903408708,90.47075168766031,93.51015964480504,-10.999702732641436,1066335273.0,968013563.0,1.0
2026-06-19,89.4000015258789,90.5,88.9000015258789,90.19000244140624,14248205,79.207879486084,64.55479141235352,87.2137189507522,83.76735273062897,92.20625568522358,72.85700649129005,82.53163108825682,72.71866252548816,72.39878978724565,72.41899507422681,3.324799027300031,2.4733494433927596,0.8514495839072715,23.302431465593287,2.5521671584595924,91.69020685849364,92.23092676600857,-6.606673210342773,1080583478.0,975543149.95,1.0
2026-06-22,90.63999938964844,90.69000244140624,88.91999816894531,89.47000122070312,9397466,79.60668304443361,64.74983327865601,87.66497540474239,84.28577532063571,93.07621794719056,72.93895157795588,83.00758476257322,69.71094423287855,74.36559039112053,72.41899507422681,3.3462688427058396,2.6479333232553754,0.6983355194504641,24.576792901843998,2.496298380888259,84.2693577232422,88.81010542313204,-12.070807044659826,1071186012.0,982034738.75,1.0
2026-06-23,89.47000122070312,89.8499984741211,87.22000122070312,87.88999938964844,8839236,79.98275131225586,64.93479211807252,87.7099802017236,84.61343205418233,93.55959357392572,73.34699593413086,83.45329475402829,63.50369333715562,74.36559039112053,72.41899507422681,3.1989157731794933,2.758129813240199,0.44078595993929426,24.69717674213501,2.505848300354667,69.4818501091887,81.81380489697484,-24.43870783283817,1062346776.0,988767724.5,1.0
2026-06-24,87.80000305175781,89.30999755859375,87.58999633789062,88.52999877929688,8328152,80.34699508666992,65.12120452880859,87.87398391723826,84.96948357464728,94.04404532172084,73.82781441949005,83.93592987060545,64.86828991454462,74.36559039112053,72.41899507422681,3.0980674133438555,2.826117333260931,0.27195008008292465,24.80896173669095,2.449716366093843,54.68507023167278,69.47875935470122,-19.925368545472434,1070674928.0,996283387.25,1.0
2026-06-25,89.4000015258789,89.4000015258789,88.0,88.70999908447266,11685001,80.71759674072266,65.31230083465574,88.04118695068514,85.30953043917685,94.45588650828849,74.39924349659431,84.4275650024414,65.26169713159605,74.36559039112053,72.41899507422681,2.9981085527647764,2.8605155771617,0.13759297560307626,24.94664053274579,2.3747367346499186,44.35621726100171,56.17437920062106,-18.58208207410318,1082359929.0,1004383300.05,1.0
2026-06-26,88.70999908447266,88.70999908447266,88.70999908447266,88.70999908447266,0,81.05904296874999,65.50072900772092,88.17494937744266,85.61866395238556,94.69329363362286,75.22489026530289,84.95909194946287,65.26169713159605,74.36559039112053,72.41899507422681,2.885626726923462,2.8655378071140527,0.02008891980940941,25.074485129082426,2.2051126821749247,34.96460176398005,44.66862975221818,-21.46550164919917,1082359929.0,1013078853.0,1.0
2026-06-29,88.25,94.5,88.0,93.8499984741211,49937301,81.44793319702148,65.71252862930297,89.30995919677835,86.36696709072515,95.4746981692264,76.18109101534387,85.82789459228513,74.6593591067918,71.55360313019618,72.41899507422681,3.174643746570453,2.927358995005333,0.24728475156511998,26.8901751178034,2.5118903477338588,51.99994059329998,43.77358653942724,-5.569851138525506,1132297230.0,1024981389.65,1.0
2026-06-30,93.6500015258789,93.6500015258789,90.61000061035156,91.44000244140624,18305341,81.69721725463867,65.91557704925535,89.73596784570393,86.82815212260525,95.67271896998835,77.3545828183417,86.51365089416502,65.6866010766958,71.55360313019618,77.56103632262628,3.172652910389914,2.9764177780822494,0.19623513230766454,28.57617296447287,2.563898027450693,43.73652910037129,43.567023819217106,-26.221062885310754,1113991889.0,1035500866.15,1.0
2026-07-01,91.75,92.77999877929688,89.9000015258789,91.1999969482422,15857817,81.94997512817383,66.10903295516965,90.02877366621159,87.22559256129951,95.71036368821696,78.58663795973224,87.1485008239746,64.85071706431711,71.55360313019618,77.56103632262628,3.115791812384785,3.0042925849427564,0.11149922744202856,29.667854263180402,2.5864765435912127,42.54587235012158,46.094114014597615,-30.470937154370038,1098134072.0,1044676613.1,1.0
2026-07-02,91.25,91.88999938964844,90.5999984741211,91.04000091552734,9483390,82.24779724121093,66.29926332473751,90.23101911607475,87.5723569571384,95.5026837711706,80.0283175105677,87.76550064086915,64.26362372230453,71.55360313019618,77.56103632262628,3.0229717037894233,3.00802840871209,0.014943295077333385,30.681558326265968,2.493871141586651,12.428225547196407,32.90354233256309,-46.75673474353383,1088650682.0,1052940698.05,1.0
2026-07-03,91.4000015258789,91.4800033569336,88.18000030517578,88.52999877929688,16125073,82.48379638671875,66.47970884323118,89.89081504871918,87.65941530460735,94.83453403149534,81.63046688403202,88.23250045776368,55.738559252119956,71.55360313019618,77.56103632262628,2.715571485859698,2.9495370241416117,-0.2339655382819137,30.09790425203658,2.5514519923131624,6.104089555725572,20.359395817681186,-80.67567553635148,1072525609.0,1059762955.45,1.0
2026-07-06,89.58999633789062,90.58000183105467,86.16000366210938,86.51000213623047,17689359,82.64295135498045,66.64656152725216,89.21465246622144,87.55492319839126,93.87450108575888,83.28049998235633,88.5775005340576,49.990975453033236,71.20097053240707,77.56103632262628,2.2826448423270023,2.81615858777869,-0.5335137454516876,28.5259673354234,2.684919576358315,2.201606147928579,6.911307083616853,-95.80337376731252,1054836250.0,1064909326.0,1.0
2026-07-07,86.88999938964844,86.88999938964844,83.0,83.19000244140625,22285700,82.7753025817871,66.79540739059445,88.0097224612584,87.15811222048353,93.98763739555868,83.08936379462683,88.53850059509276,42.27508366217916,71.20097053240707,77.56103632262628,1.6526009739626772,2.5834470650154873,-0.93084609105281,27.1881020693455,2.770996705879038,0.0,2.7685652345513834,-98.34780485733695,1032550550.0,1067044320.0,-1.0
2026-07-08,83.11000061035156,84.69999694824219,79.9000015258789,80.5999984741211,20230957,82.8190153503418,66.92038816452025,86.52777766383095,86.56192006172331,94.59057132264546,82.12842968443461,88.35950050354003,37.42248663118144,71.20097053240707,77.56103632262628,0.9335337979512417,2.2534644116026383,-1.3199306136513966,26.904591256392354,2.9159251856279127,0.0,0.733868715976193,-95.20549985342154,1012319593.0,1067198832.8,-1.0
2026-07-09,81.0,82.26000213623047,80.86000061035156,82.01000213623047,12124957,82.91535568237306,67.0526615142822,85.62422255831085,86.14810934122396,94.74290783752204,81.86909320007558,88.30600051879881,41.36821652316193,71.20097053240707,77.56103632262628,0.4720024416666462,1.8971720176154399,-1.4251695759487937,26.641331215793006,2.8262165053765886,3.5320992604529136,1.177366420150971,-85.54793951457188,1024444550.0,1068637190.65,-1.0
2026-07-10,82.9000015258789,87.45999908447266,81.62000274658203,84.25,69639831,83.05649597167971,67.19584377288817,85.3493780466487,85.97555394656723,94.83078974007046,81.47621099235141,88.15350036621093,47.07726080593307,71.20097053240707,77.56103632262628,0.2837141437766775,1.5744804428476875,-1.29076629907101,25.05579578928429,3.0414864934133052,12.174764028710392,5.235621096387768,-70.20548678938844,1094084381.0,1071743302.9,-1.0
2026-07-13,83.56999969482422,84.70999908447266,81.9000015258789,82.55999755859375,29829138,83.14551559448245,67.33086709976195,84.79150194903771,85.66504882038782,94.9334775668646,80.71752264675844,87.82550010681152,43.625835526395974,63.222531719052334,77.56103632262628,-0.0018533971185661358,1.259213674854437,-1.261067071973003,23.58351289324048,3.024951569497623,17.72781622563128,11.144893171598195,-81.7808471868695,1064255243.0,1071702885.9,-1.0
2026-07-14,82.0,82.1500015258789,79.3499984741211,79.47000122070312,27947281,83.13451812744142,67.45078001022338,83.7272018033708,85.10186267496194,95.4140080397361,79.36499205181664,87.38950004577637,38.122522281309365,63.222531719052334,77.56103632262628,-0.4720629629836566,0.9129583472868182,-1.3850213102704747,22.426242935184113,3.038169249138697,14.822367919449958,14.908316057930543,-99.2079027426034,1036307962.0,1070931665.05,-1.0
2026-07-15,80.0,81.68000030517578,79.86000061035156,80.0999984741211,13776867,83.08903854370118,67.57801488876343,83.00176113752087,84.64714774761276,95.427153218556,78.347846781444,86.8875,39.79020339491555,63.222531719052334,77.56103632262628,-0.7848249449359912,0.5734016888422564,-1.3582266337782476,21.351635116988916,2.979014237376837,8.299212306430055,13.616465483837096,-95.04950544909936,1050084829.0,1069516458.25,-1.0
2026-07-16,80.1500015258789,80.38999938964844,79.12000274658203,79.48999786376953,9638994,82.9982635498047,67.70705091476441,82.2994084827706,84.17831593999064,95.43988359380056,77.33411619257639,86.38699989318847,38.70253595553939,63.222531719052334,77.56103632262628,-1.0695835271211536,0.2448046456495744,-1.314388172770728,20.596627718648733,2.856941552068949,3.892021938798905,9.004534054892972,-97.59430960167906,1040445835.0,1068221986.35,-1.0
2026-07-17,79.5999984741211,80.58999633789062,79.1500015258789,79.9000015258789,7153493,82.94346496582033,67.84463748931884,81.81952709139226,83.78937826598047,95.18134062722416,76.56365906760007,85.87249984741212,39.891847132516915,63.222531719052334,77.56103632262628,-1.2477891494954463,-0.05371411337942972,-1.1940750361160166,19.81190095122171,2.7557310706362896,6.17761565682575,6.12294996735157,-94.6318042338155,1047599328.0,1066572778.85,-1.0
2026-07-20,79.88999938964844,80.69999694824219,79.55000305175781,80.5199966430664,13436452,82.94992141723634,67.9809580230713,81.5596210017271,83.49216175480646,94.86523935097016,75.9847598860904,85.42499961853028,41.732880904580746,56.31551923692366,77.56103632262628,-1.3237308197908533,-0.30771745466171446,-1.0160133651291388,19.034508238637855,2.641035558196867,9.296497999850216,6.455378531824957,-89.75113980171388,1061035780.0,1066065267.25,-1.0
2026-07-21,80.58999633789062,82.19000244140625,80.36000061035156,81.75,9943559,83.04106170654299,68.11814083099365,81.59769680138169,83.33378341346042,94.61986116392498,75.61613813417074,85.11799964904786,45.311589875096196,56.31551923692366,77.56103632262628,-1.2700241020071985,-0.5001787841308113,-0.7698453178763872,17.6846304445137,2.5831045776867114,17.947915147145316,11.140676267940428,-79.40487122331429,1070979339.0,1066496895.4,-1.0
2026-07-22,81.19999694824219,81.5,79.0199966430664,79.16999816894531,11928863,83.04908264160159,68.24256914138793,81.11215707489441,82.95525748214087,94.36392907601535,74.93607016104522,84.64999961853029,39.79099323438689,56.31551923692366,77.56103632262628,-1.419285091953057,-0.6840000456952605,-0.7352850462577966,16.945184353192776,2.5935973476329175,19.346104362109052,15.530172503034862,-98.7961360750154,1059050476.0,1065915672.8,-1.0
2026-07-23,79.0,80.0999984741211,78.05999755859375,78.4800033569336,9836339,83.07226211547852,68.36092786788939,80.58572633130225,82.5484161980311,94.02804389832025,74.24895576598641,84.13849983215333,38.44204977339898,56.31551923692366,77.56103632262628,-1.5750955950972951,-0.8622191555756675,-0.7128764395216276,16.618719018509253,2.5540547453396623,16.8117323013175,18.035250603523956,-96.64532224430873,1049214137.0,1064258383.2,-1.0
2026-07-24,78.0999984741211,81.48999786376953,78.0199966430664,81.02999877929688,18251458,83.15589736938476,68.48864076614379,80.67458082090118,82.41037825087345,93.49189049592576,74.01710913786332,83.75449981689454,45.760259171562986,56.31551923692366,77.56103632262628,-1.4758011055192526,-0.9849355455643846,-0.490865559954868,15.687802846152419,2.6194794935799095,35.80080775577259,23.986214806399712,-68.1143923964698,1067465595.0,1063513666.5,-1.0
2026-07-27,81.54000091552734,82.29000091552734,79.94000244140625,80.62999725341797,13344525,83.23586639404294,68.61425664901734,80.66566410740454,82.24852543292295,91.67112908592166,74.5158704257971,83.09349975585938,44.85935085278406,57.611039155321016,77.56103632262628,-1.4130969849168764,-1.070567833434883,-0.3425291514819935,14.653196907029885,2.6002308493328514,57.166321287528916,36.59295378153966,-72.3516956001681,1054121070.0,1059604858.5,-1.0
2026-07-28,80.62999725341797,80.97000122070312,79.95999908447266,80.19999694824219,7527183,83.29659774780272,68.74039066314697,80.57253067557208,82.06229557067924,90.23489666251726,74.82810229988507,82.53149948120117,43.85969721675216,57.611039155321016,77.56103632262628,-1.3821681742034997,-1.1328879015886062,-0.2492802726148935,13.692491392130389,2.486643084111253,75.81849935251938,56.26187613194029,-76.90678240067243,1046593887.0,1056234958.4,-1.0
2026-07-29,80.19999694824219,81.2300033569336,80.05000305175781,80.7300033569336,9380013,83.35985229492185,68.86951427459717,80.60402521184439,81.94117809670236,88.56941107941525,75.44658852385622,82.00799980163573,45.47260073742459,57.611039155321016,77.56103632262628,-1.2999052822195978,-1.1662913777148045,-0.13361390450479327,12.921280685812016,2.3933114570444336,74.39225315134388,69.12569126379739,-71.2923091843662,1055973900.0,1054126949.8,-1.0
2026-07-30,80.7300033569336,80.7300033569336,79.0999984741211,79.26000213623047,8039880,83.3738102722168,68.986727809906,80.33522059672161,81.69743482756854,86.5187127292534,76.31928699608838,81.41899986267089,41.87883709556062,57.611039155321016,77.56103632262628,-1.3379056177046067,-1.200614225712765,-0.1372913919918417,12.255585103820012,2.3387895588850096,65.10996992991693,71.7735741445934,-81.46479759873732,1047934020.0,1052091116.7,-1.0
2026-07-31,79.80000305175781,80.19999694824219,78.95999908447266,79.33000183105469,7563638,83.38365234375,69.10404878616333,80.13417684358824,81.48221364606728,84.88192048399111,77.03607954652645,80.95900001525878,42.11344387840839,57.611039155321016,65.61943148265496,-1.3468471514153606,-1.229860810853284,-0.11698634056207657,11.70575462586221,2.2603044378053325,61.17132972418073,66.89118426848052,-69.32075228970945,1055497658.0,1051239719.15,-1.0
2026-08-03,80.0,80.76000213623047,78.97000122070312,79.56999969482422,11500933,83.376033782959,69.23455207824706,80.02134141383544,81.30837601413609,83.57871753422559,77.64528225215135,80.61199989318847,42.96351436801106,54.969865085527125,65.61943148265496,-1.3193588123249071,-1.2477604111476088,-0.07159840117729832,10.889085577318967,2.2267113290711906,54.40580662942888,60.22903542784218,-63.700199043021165,1066998591.0,1051847836.2,-1.0
2026-08-04,79.5999984741211,79.88999938964844,78.30000305175781,78.41999816894531,7746114,83.36491775512695,69.33897905349731,79.70107276485743,81.04579621002783,83.23256989281185,77.514429466319,80.37349967956543,39.93709296044844,54.969865085527125,65.61943148265496,-1.3745249497193015,-1.2731133188619475,-0.10141163085735405,10.488068198052062,2.1812316868440074,44.82183728890867,53.46632454750609,-90.63229213940873,1059252477.0,1053182932.55,-1.0
2026-08-05,79.0199966430664,80.0999984741211,78.4000015258789,79.19999694824219,9813088,83.3713717651367,69.45540744781493,79.60085760153439,80.87799627713822,83.20742248694965,77.3995767195933,80.30349960327148,42.876273878477434,54.969865085527125,65.61943148265496,-1.3398600556004112,-1.2864626662096403,-0.05339738939077088,9.990495867814287,2.1468577769438775,47.60149793546438,48.94304728460064,-72.36536008204718,1069065565.0,1056020231.15,-1.0
2026-08-06,79.58999633789062,79.58999633789062,77.75,78.16999816894531,9359746,83.35722579956054,69.5692084312439,79.31468571501658,80.63181463093888,83.04795070017394,77.17504810964053,80.11149940490724,40.086640667731245,54.969865085527125,65.61943148265496,-1.3795970348460287,-1.305089539936918,-0.07450749490911068,9.890814409543196,2.1249391027257882,34.49777477151863,42.307036665297225,-90.74894087556528,1059705819.0,1057783294.6,-1.0
2026-08-07,78.05000305175781,78.55000305175781,77.19999694824219,78.27999877929688,9248212,83.3612365722656,69.67143156051634,79.10774832787264,80.41801318988051,82.12558304965802,77.50041563808614,79.81299934387208,40.53163973465886,54.969865085527125,65.61943148265496,-1.3862331147985003,-1.3213182549092346,-0.06491485988926571,10.09677762848739,2.069586745639348,37.20584511069012,39.76837260589104,-78.78190590820452,1068954031.0,1056526777.1,-1.0
2026-08-10,78.27999877929688,79.19999694824219,78.05000305175781,78.87999725341797,9208278,83.40935760498046,69.77461719512938,79.06219811298172,80.278193559293,81.57838950203293,77.67960915519365,79.62899932861329,43.01771912215838,53.34320240333899,65.61943148265496,-1.3277716682240168,-1.3226089375721912,-0.005162730651825598,9.845049051390694,2.0039015421282786,37.85010673255823,36.517908871588986,-66.99412582045905,1078162309.0,1057222130.4,-1.0
2026-08-11,79.19999694824219,79.19999694824219,77.30000305175781,78.94999694824219,11170926,83.43386001586913,69.88111204147339,79.03975788003382,80.15744841283384,81.57505779571909,77.63094043426136,79.60299911499023,43.31545036720685,53.34320240333899,65.61943148265496,-1.2612532182639882,-1.3103377937105507,0.04908457544656253,10.03815372969195,1.9964795674394284,52.55684496958129,42.53759893760988,-65.61888730838467,1089333235.0,1059873394.05,-1.0
2026-08-12,78.8499984741211,81.98999786376953,78.75,81.87000274658203,26570514,83.50120010375977,70.0047780227661,79.60580685334347,80.31313517044731,81.90192794566227,77.48107071156429,79.69149932861328,54.091306177825736,53.34320240333899,65.61943148265496,-0.9618294320372769,-1.2406361213758959,0.27880668933861896,10.06463951681674,2.085302302891579,76.37241310667177,55.59312160293709,-8.251431072446213,1115903749.0,1063164340.05,-1.0
2026-08-13,81.87000274658203,83.0999984741211,81.13999938964844,81.6500015258789,10281635,83.56020004272462,70.12734399795531,80.01464578785055,80.43466847548653,82.1734955615945,77.42550346184296,79.79949951171874,53.269644690665686,53.34320240333899,65.61943148265496,-0.7338270822913842,-1.1392743135589936,0.4054472312676094,10.60355763746586,2.076352073004513,86.92924471445534,71.95283426356946,-24.57621310574467,1105622114.0,1066423154.0,-1.0
2026-08-14,81.94999694824219,81.94999694824219,79.80000305175781,80.12000274658203,10900006,83.57880004882813,70.2367781639099,80.03571717959686,80.40606250013158,82.1884918065854,77.43250733892236,79.81049957275388,47.82835797412517,53.34320240333899,65.61943148265496,-0.6688812455706739,-1.0451956999613297,0.3763144543906558,10.309252936347075,2.0816122032530746,83.31566348936357,82.20577377016356,-50.50838909902047,1094722108.0,1068779293.0,-1.0
2026-08-17,80.12999725341797,81.48999786376953,79.68000030517578,81.0999984741211,8038098,83.60860000610352,70.35227661132812,80.24857343850171,80.4691475886761,82.26754305126045,77.41145627735281,79.83949966430663,51.26238615394136,55.81094806922381,65.61943148265496,-0.5321988796117836,-0.9425963358914206,0.410397456279637,9.9672020983365,2.06221115720598,76.65352461373118,82.29947760585003,-33.898296317848256,1102760206.0,1070865514.3,-1.0
2026-08-18,81.0999984741211,82.12999725341797,80.20999908447266,80.48999786376953,8400426,83.53899993896484,70.47127408981324,80.29685832355527,80.47104306823003,82.0567064215213,77.4962926934689,79.7764995574951,49.096141606996426,55.81094806922381,65.61943148265496,-0.46770762870777105,-0.8476185944546908,0.37991096574691974,9.982724821953687,2.052053086615932,66.82487731846176,75.5980218071855,-44.23728703973103,1094359780.0,1072034536.35,-1.0
2026-08-19,80.72000122070312,80.7300033569336,79.5999984741211,79.81999969482422,6506548,83.4517999267578,70.58401088714601,80.20148659780907,80.41185730701133,82.07126696903276,77.54673229854535,79.80899963378906,46.75891347355799,55.81094806922381,65.61943148265496,-0.46529744129193773,-0.7711543638221403,0.3058569225302026,9.617578616364165,1.9861925006299728,64.30632333941472,69.26157509053589,-55.59318527139301,1087853232.0,1073474674.15,-1.0
2026-08-20,80.5,81.8499984741211,79.98999786376953,80.27999877929688,10855447,83.39579986572264,70.694633140564,80.21718903410662,80.3998701681282,82.08042404908977,77.71757476072469,79.89899940490723,48.569190891791806,55.81094806922381,65.61943148265496,-0.4214114992128515,-0.7012057909002826,0.2797942916874311,9.870060621530682,1.9893215205347516,57.96381782347622,63.03167282711756,-47.7965926356965,1098708679.0,1075949401.25,-1.0
2026-08-21,80.36000061035156,81.37000274658203,79.8499984741211,80.26000213623047,7791777,83.2549998474121,70.81243213653568,80.22575165453141,80.38715489250113,81.98429620625866,77.73670293924916,79.86049957275391,48.492002293949454,55.81094806922381,65.61943148265496,-0.383820689917286,-0.6377287707036834,0.25390808078639737,10.01088734942125,1.9557988599580507,56.54106286053401,59.60373467447498,-48.13551870171015,1090916902.0,1077121966.6,-1.0
2026-08-24,80.38999938964844,81.19999694824219,80.0,80.69999694824219,8239427,83.08659973144529,70.93737926483156,80.32060071327356,80.41559507938668,81.99335907732853,77.7346400376617,79.86399955749512,50.36133879997486,56.00163200408862,65.61943148265496,-0.31489587495354954,-0.5731621915536567,0.2582663166001071,10.141655025319634,1.9018130091212033,64.93101505260157,59.81196524553726,-40.67798144376555,1099156329.0,1079373729.55,-1.0
2026-08-25,80.70999908447266,82.93000030517578,80.51000213623047,81.69999694824219,19104372,82.95679962158201,71.05665388107302,80.59647996026729,80.53235888564627,82.21855671691705,77.65944239807317,79.93899955749511,54.41092568437871,56.00163200408862,65.61943148265496,-0.17753431479729898,-0.49403661620238515,0.3165023014050862,11.159605280967746,1.9388262348229255,77.93565944417246,66.46924578576935,-23.728833284841432,1118260701.0,1082957070.25,-1.0
2026-08-26,82.48999786376953,87.0,82.0,85.5999984741211,56264531,82.86599960327146,71.20183200836183,81.59718366303805,80.99305339368944,83.58275280563336,76.78224582107563,80.1824993133545,66.04523988795259,56.00163200408862,65.61943148265496,0.2432195570738287,-0.34658538154714236,0.589804938620971,13.536461544074466,2.1789102931754174,91.12208386278525,77.99625278651976,-14.285725407277194,1174525232.0,1088884636.85,1.0
2026-08-27,85.73999786376953,86.19000244140625,84.05000305175781,84.69000244140625,16185909,82.76979965209958,71.34833003997804,82.21574741871169,81.3291396707546,84.37185390660068,76.53614475062591,80.45399932861329,62.065198669660006,56.00163200408862,65.61943148265496,0.4975060175303696,-0.17776710173163995,0.6752731192620096,15.743542359816423,2.1761309429234905,94.23871801228285,87.76548710641352,-23.81441531290752,1158339323.0,1094404902.0,1.0
2026-08-28,84.88999938964844,84.88999938964844,82.94999694824219,83.80000305175781,9938458,82.64199966430661,71.48804952621461,82.53259854532092,81.55376361448216,84.82843717444244,76.52656160485445,80.67749938964845,58.36092465426851,56.00163200408862,65.61943148265496,0.6200666148103551,-0.018200358423240942,0.638266973233596,17.00148856573421,2.159264621386545,82.96963692866711,89.44347960124506,-32.98966963924751,1148400865.0,1099050062.35,1.0
2026-08-31,83.9000015258789,83.9000015258789,82.0,82.06999969482422,13734000,82.49399963378903,71.62207818984986,82.4400787752216,81.60069416724053,84.96356840383025,76.64143037546661,80.80249938964843,51.879205731391586,60.6280823441948,66.86259520497678,0.5710176227836143,0.09964323781813011,0.4713743849654842,17.535190416602067,2.1407458288502856,58.48591056180443,78.56475516758479,-59.75757945667613,1134666865.0,1102433476.05,1.0
2026-09-01,82.0,83.83000183105469,82.0,82.69999694824219,14196058,82.39019958496092,71.75416315078736,82.49206240982572,81.70063078369523,85.10118493293952,76.93181372428701,81.01649932861326,53.887658393004905,60.6280823441948,66.86259520497678,0.5763377931460525,0.19498214888371462,0.38135564426233787,18.030770706693648,2.118549829007743,43.23475566595881,61.56343438547678,-58.108137366189204,1148862923.0,1106913998.35,1.0
2026-09-02,82.19999694824219,84.30000305175781,81.30999755859375,82.4000015258789,17803645,82.26759963989258,71.87553094863891,82.47365023303635,81.76420994207557,85.21198724801239,77.14101186697782,81.1764995574951,52.75843116603025,60.6280823441948,66.86259520497678,0.5500068069663229,0.2659870805002363,0.2840197264660866,18.01865362496411,2.1807966621617663,31.539711049953546,44.42012575923892,-62.162128724355185,1131059278.0,1110013684.0,1.0
2026-09-03,83.1500015258789,87.3499984741211,82.81999969482422,86.31999969482422,48646685,82.21979965209961,72.01397613525391,83.24292012539392,82.1783726468709,85.97178006048524,77.19621920709288,81.58399963378906,63.51669368916329,60.6280823441948,66.86259520497678,0.8358156397388967,0.3799527923479684,0.4558628473909283,19.191576268873252,2.378596682596082,51.6532493632702,42.14257202639418,-13.2903068296371,1179705963.0,1116013691.2,1.0
2026-09-04,86.75,86.94999694824219,85.69999694824219,85.94999694824219,13802528,82.164599609375,72.14712699890137,83.78433548996358,82.52124758335918,86.47839858680811,77.45660049766457,81.96749954223634,62.07964715007723,60.6280823441948,66.86259520497678,1.0206990857480491,0.5081020510279846,0.5125970347200646,20.28071872393174,2.297982633839219,65.81179288447723,49.66825109923366,-18.064535817792336,1165903435.0,1120861161.4,1.0
2026-09-07,86.0999984741211,87.5,84.69999694824219,85.0,12286857,81.9875996398926,72.28217395782471,84.02746839197087,82.74658871214471,86.732545255187,77.81445410394389,82.27349967956545,58.424697741888096,63.161636555207565,66.86259520497678,1.078135657710277,0.6221087723644431,0.4560268853458339,20.607601860252213,2.333841235119119,75.60502921525017,64.35669048766586,-31.64556350793698,1153616578.0,1124633874.85,1.0
2026-09-08,84.55000305175781,85.9000015258789,84.0,84.79000091552734,10148334,81.85459960937501,72.42145866394043,84.17997489668217,82.93235345790677,86.87036838535546,78.26063137050393,82.5654998779297,57.61715812371625,63.161636555207565,66.86259520497678,1.094097310968209,0.7165064800851962,0.3775908308830128,20.456371206660588,2.3028526844591037,63.97041716833744,68.46241308935494,-35.424817567749514,1143468244.0,1127340625.3,1.0
2026-09-09,84.77999877929688,84.80000305175781,83.5999984741211,84.55999755859375,11713367,81.72179962158205,72.56182487487793,84.25597942906448,83.08032110342377,87.08079484190921,78.31920439515136,82.69999961853028,56.69289116929902,63.161636555207565,66.86259520497678,1.075786688198761,0.7883625217079092,0.2874241664908518,20.058436112337937,2.2240778196860767,53.064341429895705,64.21326260449443,-38.43139679725063,1131754877.0,1128133181.7,1.0
2026-09-10,84.55999755859375,86.25,83.75,84.3499984741211,15415768,81.58799957275393,72.69439800262451,84.2747832380758,83.1957463189417,87.24585911008286,78.42413982180194,82.8349994659424,55.812561264067405,63.161636555207565,66.86259520497678,1.0324290176015012,0.8371758208866277,0.1952531967148735,20.334367452843416,2.2437865468513567,44.48749816835267,53.8407522555286,-42.00002034505208,1116339109.0,1128669031.45,1.0
2026-09-11,83.80000305175781,84.9000015258789,83.05000305175781,84.19999694824219,21676225,81.50139953613284,72.82457172393799,84.25982598010908,83.28704183069628,87.29586203394089,78.78213631810993,83.03899917602541,55.15375923533511,63.161636555207565,66.86259520497678,0.9747278261221481,0.8646862219337318,0.11004160418841635,20.127589680170363,2.2156588273706235,34.86414072839615,44.1386601088815,-47.21035851616418,1094662884.0,1128666070.25,1.0
2026-09-14,84.19999694824219,84.19999694824219,84.19999694824219,84.19999694824219,0,81.45519943237306,72.95717102050781,84.24786017373572,83.37003775047317,87.3787302219714,79.00926797749152,83.19399909973146,55.15375923533511,59.789140513007325,66.86259520497678,0.9184123305058733,0.8754314436481602,0.042980886857713174,19.935581748402523,2.0573974825584362,26.995952288778348,35.44919706184238,-53.31182148949387,1094662884.0,1128261204.15,1.0
2026-09-15,84.19999694824219,84.61000061035156,79.55999755859375,79.55999755859375,14589564,81.3825993347168,73.0708878326416,83.31028765070732,83.02367046030231,87.47690839569292,78.81808977325242,83.14749908447267,38.7462073457147,59.789140513007325,66.86259520497678,0.4936818646179546,0.7990815278421192,-0.30539966322416456,19.671709024374547,2.2711550232155346,15.410351585836096,25.756814867670197,-100.0,1080073320.0,1127546881.15,1.0
2026-09-16,80.0999984741211,81.69999694824219,79.19999694824219,80.20999908447266,18702078,81.37479934692382,73.19226919174196,82.69022993746039,82.7678821534087,87.43640127416234,78.89759683374783,83.16699905395508,41.37718101676263,59.789140513007325,66.86259520497678,0.20714179950958567,0.6806935821756126,-0.47355178266602693,19.56669342486541,2.2875010929858535,11.245644120923213,17.883982665179218,-87.83130403769471,1098775398.0,1128092989.45,1.0
2026-09-17,80.29000091552734,83.4000015258789,80.20999908447266,80.80000305175781,16454084,81.35059936523437,73.31698867797853,82.31218456031988,82.58898405325863,87.39416218994916,78.99183634520713,83.19299926757814,43.7393632576099,59.789140513007325,66.86259520497678,0.02734985073792018,0.550024835888074,-0.5226749851501539,18.571239975679074,2.3519654750158816,10.259695721799439,12.30523047618625,-80.72282511779598,1115229482.0,1128919029.6,1.0
2026-09-18,81.5999984741211,83.54000091552734,81.12999725341797,83.54000091552734,18030197,81.33639938354493,73.45991971969605,82.55774783136137,82.6754401316467,87.32573028833528,79.38826812475068,83.35699920654298,53.17560127036495,59.789140513007325,66.86259520497678,0.10475086176465709,0.4609700410633907,-0.3562191792987336,17.576389203155948,2.3796820742125706,29.677150462874934,17.06083010186586,-47.710814800652265,1133259679.0,1131036168.45,1.0
2026-09-21,83.44000244140625,83.69999694824219,81.6500015258789,82.19999694824219,7904383,81.3291993713379,73.59464689254762,82.48619765473754,82.63221802406447,87.24286783588869,79.62113057719728,83.43199920654298,48.859571416366926,58.520055362906774,66.86259520497678,0.05730403413305396,0.38023683967732336,-0.3229328055442694,16.56761840261549,2.3561330276519072,39.74610954030173,26.5609852416587,-63.855434976440804,1125355296.0,1132346116.8,1.0
2026-09-22,82.5199966430664,83.30000305175781,82.29000091552734,82.4000015258789,6615014,81.38779937744141,73.73022855758666,82.4689584289658,82.61110743332033,87.22335841420158,79.71064045664806,83.46699943542482,49.51817728018469,58.520055362906774,66.86259520497678,0.03543233737696028,0.3112759392172508,-0.2758436018402905,15.630902659256494,2.266409675927887,47.52258721679972,38.98194907332546,-61.44574215597418,1131970310.0,1133031597.25,1.0
2026-09-23,82.6500015258789,84.69999694824219,82.31999969482422,84.11000061035156,12282011,81.46799942016601,73.87804708480833,82.79716686524296,82.74737044941408,87.02789184345909,79.75710724101361,83.39249954223635,54.86961960700173,58.520055362906774,66.86259520497678,0.15430278868122116,0.2798813091100449,-0.12557852042882373,15.032121113274432,2.2745230743200353,51.13847346112625,46.1357234060759,-40.84335112299131,1144252321.0,1131517951.7,1.0
2026-09-24,83.69999694824219,83.9000015258789,81.80000305175781,82.37999725341797,7964442,81.52579940795898,74.01328617095945,82.71373294287795,82.7139728861417,86.8855040770282,79.66849448864568,83.27699928283694,49.188485698506206,58.520055362906774,66.86259520497678,0.10767050651543286,0.2454391485911225,-0.13776864207568965,14.171731510107225,2.2770569660538724,55.2171886969985,51.292749791641484,-61.68675739821197,1136287879.0,1130415379.5,1.0
2026-09-25,82.30000305175781,84.87999725341797,81.91000366210938,84.87999725341797,12167444,81.62539932250976,74.16252910614011,83.14698580498597,82.91088419225773,87.00420088639774,79.65779709944215,83.33099899291994,56.23966084078282,58.520055362906774,66.86259520497678,0.2693384278212676,0.25021900443715156,0.01911942338411604,13.889907667862378,2.3265524392863526,71.62162868892673,59.32576361568382,-19.432654660205305,1148455323.0,1130418102.4,1.0
2026-09-28,84.5,84.5,80.48999786376953,80.8499984741211,16655515,81.63199935913084,74.28808071136471,82.68758833881301,82.7235309451544,87.06971587173669,79.47028199203288,83.26999893188479,45.32142421473218,60.35977454960928,66.86259520497678,0.07145056123297877,0.21446531579631703,-0.14301475456333826,12.988527252138745,2.473941507169359,60.80078878664362,62.54653539085628,-76.59573316826433,1131799808.0,1130274749.55,1.0
2026-09-29,80.69999694824219,80.73999786376953,79.16000366210938,79.16000366210938,23053186,81.58019943237305,74.4072198295593,81.98207140347229,82.39957391942303,87.311264392189,78.8747341429673,83.09299926757815,41.66817399907909,60.35977454960928,66.86259520497678,-0.21921844245089517,0.1277285641468746,-0.3469470065977698,12.822823130267686,2.4179453146580987,48.68037972481466,60.367599066794995,-100.0,1108746622.0,1128268934.5,-1.0
2026-09-30,80.0,81.5,79.37000274658203,79.37000274658203,19568168,81.58419952392578,74.52561401367186,81.45965767209424,82.12415835825567,87.4707440835339,78.4122545736927,82.9414993286133,42.290672906138816,60.35977454960928,64.39176262030621,-0.42770028825725603,0.016642793666048483,-0.4443430819233045,12.23151752382143,2.412377530603279,24.53412417031467,44.67176422725765,-96.34147800301189,1128314790.0,1128131710.1,-1.0
2026-10-01,79.37000274658203,81.12999725341797,78.87000274658203,80.5,9608211,81.62459945678711,74.65392719268799,81.2677261376754,81.97650759841424,87.01048027483299,78.29051841291118,82.65049934387208,45.651639085547025,60.35977454960928,64.39176262030621,-0.49602445733991374,-0.08589065653514397,-0.4101338008047698,11.939683024055551,2.4014930289056116,25.479748671678273,32.89808418893587,-72.8785566848029,1137923001.0,1126042562.0,-1.0
