Date,Open,High,Low,Close,Volume,MA50,MA200,EMA9,EMA21,BB_Upper,BB_Lower,BB_Mid,RSI,RSI_W,RSI_M,MACD,MACD_Signal,MACD_Hist,ADX,ATR,StochRSI_K,StochRSI_D,Williams_R,OBV,OBV_SMA20,Supertrend_Dir
2025-07-24,1988.897289534871,2005.6207988333251,1961.6220971973744,1971.5765380859373,296144,1889.4285083007817,1547.0684075927743,1966.5420355010478,1963.8255477543219,2160.2528474675846,1838.674960149603,1999.4639038085938,52.141186509691764,62.99697058025062,92.43257791961418,12.279792676829857,21.92999212192746,-9.650199445097602,31.986091287592494,61.56730978803682,69.01806822062105,46.76806279952897,-47.809964586406416,32705573.0,32172643.4,1.0
2025-07-25,1961.223839983535,1992.3812876922584,1953.7580095275312,1982.5263671875,220427,1893.7487353515626,1547.0684075927743,1969.7389018383383,1965.5256222482471,2093.7565256196986,1878.135027114677,1985.9457763671878,53.39863501546719,62.99697058025062,92.43257791961418,12.504651339961129,20.044923965534196,-7.540272625573067,30.52857632634095,59.92845038637186,70.44134697474772,62.594726358912375,-39.643711465456335,32926000.0,32195374.9,1.0
2025-07-28,1966.0019966002008,2004.6252743036337,1962.716982633127,1982.227783203125,282263,1898.5049682617187,1547.0684075927743,1972.2366781112958,1967.0440005168725,2046.8603868074454,1907.2027723722429,1977.0315795898441,53.35746629854226,64.43879173486745,92.43257791961418,12.514500842635698,18.5388393409545,-6.0243384983188015,29.41671834979556,58.64129619238149,69.24590196888383,69.56843905475085,-39.866391871849174,32643737.0,32264522.25,1.0
2025-07-29,1967.3956782031391,1991.8835779470303,1956.1471116410492,1973.5673828125,208843,1903.5837231445312,1550.8528369140636,1972.5028190515368,1967.6370352710205,2019.6480429818832,1923.3258583853046,1971.486950683594,52.102726222778195,64.43879173486745,92.43257791961418,11.688744144423254,17.16882030164825,-5.480076157224996,28.20672085591183,57.00523691478147,69.13448876652103,69.60724590338418,-46.32521612039615,32434894.0,32361569.05,1.0
2025-07-30,1975.3592267398556,1985.910909525226,1926.1842656297304,1928.9715576171875,180947,1907.4878564453122,1554.4068212890636,1963.796566764667,1964.1219918479446,2021.0859466849704,1917.5478179634677,1969.316882324219,46.09202334103912,64.43879173486745,92.43257791961418,7.351076981873803,15.205271637693361,-7.854194655819558,26.31185079767261,57.199623127689634,47.96842188566502,62.116270873689956,-79.58425544463456,32253947.0,32494342.75,1.0
2025-07-31,1915.2344439700948,1973.9656457342503,1901.0991863884583,1906.4744873046875,408346,1911.3203173828122,1557.8610125732434,1952.3321508726713,1958.8813096167394,2021.9607735062764,1907.6443046187237,1964.8025390625,43.37366104091403,64.43879173486745,70.348406782606,2.0742087585729223,12.579059061869275,-10.504850303296353,24.89110550309096,58.318682857554094,23.75175261287655,46.95155442168753,-96.00598750734383,31845601.0,32496073.7,1.0
2025-08-01,1910.9644697600052,1959.3572115865963,1906.9733157949256,1941.197509765625,272815,1915.8133911132809,1561.2519024658213,1950.105222651262,1957.273691448456,2016.978714451108,1906.522494044986,1961.750604248047,48.42913863171968,64.43879173486745,70.348406782606,0.6862003040550917,10.200487310306439,-9.514287006251347,23.57184201526514,57.93040010215086,19.378804987127097,30.366326495222886,-67.03610154673389,32118416.0,32490066.45,1.0
2025-08-04,1911.263866225825,1920.2439626998696,1786.1411643273996,1825.653564453125,1255491,1916.9503710937497,1564.0600958251964,1925.2148910116348,1945.3082253579714,2035.3037552484993,1872.6395797124383,1953.9716674804688,36.69062374487754,61.73635927509957,70.348406782606,-9.626271476453894,6.235135552954372,-15.861407029408266,24.405360616180715,64.86796762615619,16.20894351114042,19.779833703714687,-81.99723622892279,30862925.0,32431893.65,-1.0
2025-08-05,1838.8244222545852,1846.2080813991909,1797.5159546404957,1803.502685546875,339817,1918.3272070312498,1566.6652075195323,1900.872449918683,1932.4168126478717,2051.8764952633696,1840.822308447567,1946.3494018554684,34.94205271584361,61.73635927509957,70.348406782606,-19.36316396394409,1.1154756495746794,-20.47863961351877,25.17934217417375,63.712550421337546,16.20894351114042,17.265564003135978,-92.08968920576241,30523108.0,32368883.75,-1.0
2025-08-06,1804.400751812453,1825.952959100785,1758.40272621922,1764.688720703125,490147,1919.2920971679684,1569.1028778076184,1873.6357040755715,1917.1688042892583,2069.3896811693576,1803.7551430493918,1936.5724121093747,32.05895553493664,61.73635927509957,70.348406782606,-29.86739129679063,-5.081097739698382,-24.786293557092247,26.377418792306536,63.98667059706807,0.0,10.805962340760278,-97.4573078669224,30032961.0,32266351.75,-1.0
2025-08-07,1746.129839743066,1784.1455564654018,1732.759449752963,1773.868408203125,559734,1919.634270019531,1571.6168066406262,1853.6822449010824,1904.1414955541552,2077.9331998747653,1776.486038406484,1927.2096191406247,33.457368401564715,61.73635927509957,70.348406782606,-37.02454714108012,-11.469787619974731,-25.55475952110539,27.77262090758045,63.08663031959455,2.1469931779733886,6.118645563037935,-84.93412182094919,30592695.0,32181329.7,-1.0
2025-08-08,1775.0657628179104,1775.4649025827746,1722.1829716828067,1733.358154296875,390580,1919.5823339843746,1573.938139038087,1829.617426780241,1888.615737258039,2083.813143656039,1744.156277730679,1913.984710693359,30.476204693233708,61.73635927509957,70.348406782606,-45.44166046868759,-18.264162189717304,-27.177498278970283,29.181733537410114,62.38629464676407,2.1469931779733886,1.4313287853155923,-96.05727198574179,30202115.0,32053637.2,-1.0
2025-08-11,1723.1807016070125,1769.078971597703,1696.2404126994331,1761.6953125,461022,1920.0533447265623,1576.4765625000011,1816.0330039241928,1877.0775168254897,2077.9114072298307,1725.1677431607936,1901.5395751953122,34.84930192518068,50.30972183680641,70.348406782606,-49.25789720239095,-24.462909192252035,-24.794988010138916,30.760390585015386,63.13288495044306,8.404841571318595,4.23294264242179,-78.84322900410382,30663137.0,31928646.8,-1.0
2025-08-12,1770.3761449712115,1828.447385662001,1769.877250732286,1807.793212890625,316793,1921.3129199218747,1579.364431152345,1814.3850457174794,1870.7789437405022,2070.6695961355754,1715.6430015206743,1893.1562988281248,41.316031102295184,50.30972183680641,70.348406782606,-48.009157322109786,-29.172158818223586,-18.8369985038862,30.59680361188561,63.391398394125765,22.020904137842255,10.857579629044746,-63.94315697087707,30979930.0,31835259.45,-1.0
2025-08-13,1815.9750333578177,1835.930802955156,1795.420615032629,1826.8509521484373,273295,1923.2104760742186,1582.3495788574232,1816.878227003671,1866.7854899594054,2065.662496635995,1709.0941928171294,1887.3783447265623,43.79962033510458,50.30972183680641,70.348406782606,-44.96341146574355,-32.33040934772758,-12.633002118015966,30.26082798227557,61.757026217583,41.39554498027785,23.940430229812897,-57.64690303876282,31253225.0,31771002.45,-1.0
2025-08-14,1834.9330878857745,1835.93087640556,1797.4162639019062,1807.9927978515625,202572,1924.6611889648434,1585.2342144775405,1815.1011411732495,1861.4406997677831,2059.054959291818,1701.2645597511512,1880.1597595214844,41.9095174797702,50.30972183680641,70.348406782606,-43.56909398411676,-34.578146275005416,-8.990947709111346,29.948848705278913,60.09685380944519,51.79370239604694,38.403383838055674,-63.762039235389246,31050653.0,31682989.3,-1.0
2025-08-18,1807.9927222372232,1843.0150734569136,1799.1123804224558,1830.0438232421875,288049,1926.4075878906249,1588.2024768066422,1818.0896775870374,1858.586438265456,2052.1939488947305,1696.8391687810506,1874.5165588378904,44.903527010104916,53.62884027610887,70.348406782606,-40.221109954710755,-35.706739010946485,-4.51437094376427,29.465382083201153,58.94012803980324,58.267729172598116,50.48565884964097,-54.74158503522454,31338702.0,31620962.15,-1.0
2025-08-19,1838.9242281783704,1849.8999018137267,1818.4695636761148,1843.01513671875,242090,1927.6011303710934,1591.287608032228,1823.07476941338,1857.1708653975736,2048.829505578027,1693.7979480352544,1871.3137268066405,46.6455686789797,53.62884027610887,70.348406782606,-36.10493666340244,-35.78637854143768,-0.3185581219647631,28.822391142242587,56.975143046789576,68.91485532221108,59.65876229695204,-49.330454558654345,31580792.0,31589433.2,-1.0
2025-08-20,1842.9153905569708,1848.90212165786,1825.9529857711188,1835.0328369140625,172817,1928.189067382812,1594.377871704103,1825.4663829135166,1855.158317353618,2035.2724019464433,1693.2129129949628,1864.242657470703,45.68822518124119,53.62884027610887,70.348406782606,-33.105326956188264,-35.25016822438779,2.144841268199528,28.225328125638207,54.544713963928984,80.50311038642633,69.22856496041183,-50.02527400985939,31407975.0,31520905.15,-1.0
2025-08-21,1843.9131089800055,1850.8976283322029,1819.966185486759,1843.8133544921875,153041,1928.5265649414057,1597.2619323730485,1829.1357772292508,1854.126957093488,2018.6519478456632,1695.7331107480866,1857.192529296875,46.97735180889051,53.62884027610887,70.348406782606,-29.67749655876355,-34.13563389126294,4.4581373324993905,27.794527947289478,52.85805174118005,88.90381882886149,79.44059484583296,-43.91352341739284,31561016.0,31448870.1,-1.0
2025-08-22,1843.813404833532,1844.8111933396597,1805.9971960912192,1809.68896484375,137698,1928.398579101562,1600.0978106689467,1825.2464147521507,1850.087139616239,2002.440520294858,1695.755780974673,1849.0981506347655,42.73226161827067,53.62884027610887,70.348406782606,-29.37584289673896,-33.18367569235814,3.807832795619184,27.682607025076425,51.85490499169865,83.64004156753501,84.34899026094094,-49.35412758231027,31423318.0,31384757.35,-1.0
2025-08-25,1818.6690063440317,1848.9020458846276,1816.9728146551035,1841.718017578125,194397,1927.1472485351558,1603.2779919433606,1828.5407353173457,1849.3263103400468,1981.9456348223061,1702.169831486287,1842.0577331542966,47.525313486545635,53.70452403672429,70.348406782606,-26.249712967376354,-31.796883147361786,5.547170179985432,27.4336405369129,50.951917566640006,88.72911402753881,87.09099147464511,-5.935455850876481,31617715.0,31319343.1,-1.0
2025-08-26,1840.919761571369,1844.9109155259955,1768.0812018994395,1773.2696533203125,312063,1924.1068749999997,1606.1940734863292,1817.486518917939,1842.4120687927982,1957.97766975614,1705.241983564172,1831.609826660156,39.84943742173664,53.70452403672429,70.348406782606,-28.961592217446423,-31.229824961378718,2.2682327439322947,28.131211032441023,52.800331570919724,76.41727163637393,82.92880907714924,-50.19356820454879,31305652.0,31252438.85,-1.0
2025-08-28,1780.9526596799526,1783.7463943082394,1744.433626136102,1750.1209716796875,216906,1921.2207031249993,1608.7251440429698,1804.013409470289,1834.0219690552426,1932.6816213695856,1708.1933908374453,1820.4375061035155,37.635580958902075,53.70452403672429,70.348406782606,-32.6028557810846,-31.504431125319897,-1.0984246557647026,29.14687010257498,51.836934185292414,65.65683910441261,76.93440825610844,-65.16130284655286,31088746.0,31185131.45,-1.0
2025-08-29,1745.1320752996596,1775.165484596833,1737.3492763294685,1749.9215087890625,185646,1918.3146118164059,1611.1484552001966,1793.1950293340437,1826.376472667408,1915.54363212284,1707.4263752013783,1811.4850036621092,37.61618895954087,53.70452403672429,70.348406782606,-35.10006665804667,-32.223558231865255,-2.8765084261814167,30.196136203224412,50.835453762583285,46.28314896585643,62.78575323554765,-65.29027380326438,30903100.0,31117589.1,-1.0
2025-09-01,1750.1210011406995,1791.2298379661672,1736.7506110934655,1781.251953125,202102,1916.634387207031,1613.629372558595,1790.8064140922352,1822.2742436180984,1899.8599582386548,1710.5877956675952,1805.223876953125,42.61759208557784,50.57233069679816,60.72034409146894,-34.157275441881666,-32.610301673868534,-1.5469737680131317,30.56197790631452,51.09572327044889,48.384998529648875,53.44166219997263,-45.03228311867132,31105202.0,31080569.15,-1.0
2025-09-02,1781.451533980631,1789.932735857955,1758.9015392315796,1762.393798828125,153094,1913.987697753906,1616.0030578613294,1785.1238910394131,1816.8305668190096,1867.7907626132298,1724.7766201992702,1796.28369140625,40.512245553971795,50.57233069679816,60.72034409146894,-34.533718843874794,-32.99498510786979,-1.5387337360050068,30.901688059183908,49.66254279587223,44.12949468295592,46.26588072615374,-77.53494716289696,30952108.0,31022253.75,-1.0
2025-09-03,1770.8750265859555,1815.9750167431728,1753.114343086679,1805.1988525390625,284953,1910.566572265625,1618.644025268556,1789.1388833393432,1815.7731382481054,1865.5744818704068,1724.9474297506865,1795.2609558105466,46.92184702975746,50.57233069679816,60.72034409146894,-31.020458320416992,-32.60007975037923,1.5796214299622378,30.248711572928453,50.605266428773774,61.4731822209003,51.3292251445017,-40.03501527995413,31237061.0,31040960.55,-1.0
2025-09-04,1815.575962539376,1839.922026732568,1786.3408320494898,1833.4364013671875,274481,1907.6345458984374,1621.5458819580092,1797.998386944912,1817.3788894407492,1869.056144047102,1724.4591391560234,1796.7576416015627,50.695860675421834,50.57233069679816,60.72034409146894,-25.661826285032248,-31.212429057309834,5.5506027722775855,28.85734552519025,50.81783273265266,74.37871741812266,59.99379810732629,-15.297138188460412,31511542.0,31090382.25,-1.0
2025-09-05,1824.9551683508648,1833.0372308489905,1777.1610747923212,1781.651123046875,353412,1902.2811523437504,1624.1009649658217,1794.7289341653045,1814.1309106776696,1868.7083621241698,1726.5031613133308,1797.6057617187503,44.453389466114416,50.57233069679816,60.72034409146894,-25.30204474115135,-30.03035219407814,4.728307452926792,27.79432859936313,51.20765372138221,82.06115976465361,72.6376864678922,-60.66431428558444,31158130.0,31146640.7,-1.0
2025-09-08,1791.2298307991184,1794.9217212557894,1753.114359578508,1780.7530517578125,282442,1896.619128417969,1626.7277087402356,1791.9337576838063,1811.0965598667733,1868.6341482157911,1727.2658395771784,1797.9499938964848,44.35139408525793,52.16728209370162,60.72034409146894,-24.8034632384788,-28.984974402958272,4.181511164479474,27.372657904870106,50.53620428966073,67.92239114026941,74.78742277434856,-61.45108148352549,30875688.0,31160790.35,-1.0
2025-09-09,1780.7530768477027,1788.1367360647253,1735.1541913836952,1741.4403076171875,259623,1886.39015625,1629.1536578369153,1781.8350676704827,1804.7641732986292,1867.5603665384504,1729.1478365865498,1798.3541015625,40.02240908459288,52.16728209370162,60.72034409146894,-27.266235516964798,-28.64122662575958,1.3749911087947808,27.365587876953043,50.710942889044254,40.72127115632376,63.568274020415586,-94.56892209249939,30616065.0,31181487.85,-1.0
2025-09-10,1756.1077651277917,1785.2431406927244,1750.1210341103103,1778.458251953125,223887,1878.7490869140627,1631.7798779296888,1781.1597045270112,1802.3727259035832,1866.9193899356185,1731.465107134694,1799.1922485351563,45.42425395870731,52.16728209370162,60.72034409146894,-25.932033218131664,-28.099387944234,2.167354726102335,27.359022851030055,50.21750647379373,43.19550372546411,50.61305534068575,-62.58616323213639,30839952.0,31190328.6,-1.0
2025-09-11,1776.063518974441,1780.1544274389742,1722.2826947982342,1734.5555419921875,415354,1871.7509985351562,1634.1206359863293,1771.8388720200467,1796.2075273661835,1868.9775553471127,1722.083174633356,1795.5303649902344,40.73809011397928,52.16728209370162,60.72034409146894,-28.093406761877077,-28.098191707762616,0.004784945885539571,27.92552167213578,50.764236914289896,33.98705657743292,39.30127715307359,-90.3072894556382,30424598.0,31162562.0,-1.0
2025-09-12,1746.0301365377245,1771.7730069938182,1737.1497944461364,1760.3983154296875,219410,1867.5115063476565,1636.6727319335948,1769.550760701975,1792.9521444628656,1865.7014643496407,1718.7140019589526,1792.2077331542966,44.37578316196408,52.16728209370162,60.72034409146894,-27.405106024647694,-27.959574571139633,0.5544685464919397,28.451556291733954,49.79661034909996,45.08156050672613,40.75470693654105,-69.89747593521724,30644008.0,31132101.15,-1.0
2025-09-15,1751.6177266842474,1782.8485557206625,1748.2252213952522,1768.8795166015625,180914,1862.9538696289064,1639.22542541504,1769.4165118818923,1790.7637237482015,1864.0581528167088,1716.4459853668852,1790.252069091797,45.55690883585099,50.980642520255046,60.72034409146894,-25.876967108268218,-27.543053078565354,1.6660859702971358,28.472316258405623,48.712804918836405,45.41962933094239,41.49608213836714,-62.00155108930855,30824922.0,31120814.6,-1.0
2025-09-16,1768.8795261949392,1794.921782048142,1767.282967132385,1781.5513916015625,208138,1858.5401733398442,1641.8486950683605,1771.8434878258265,1789.9262390075978,1859.277979192726,1716.3769158268055,1787.8274475097658,47.35558389424084,50.980642520255046,60.72034409146894,-23.373951238076188,-26.70923271046752,3.3352814723913333,27.997206963050562,47.20751991861644,62.28420596560615,50.92846526775822,-49.61829871967303,31033060.0,31105532.5,-1.0
2025-09-17,1789.0347225904657,1830.742329260568,1779.4559776605925,1803.103515625,352317,1854.9775976562505,1644.6404473876962,1778.0954933856615,1791.1241732455433,1852.88664078388,1718.7770921262754,1785.8318664550777,50.35944890295318,50.980642520255046,60.72034409146894,-19.427271346590487,-25.252840437692115,5.825569091101627,26.280431802377205,47.49886503871353,77.53348202025389,61.74577243893414,-31.297790035155938,31385377.0,31095761.75,-1.0
2025-09-18,1805.997169263409,1809.988323228632,1775.7641292567037,1783.8463134765625,141857,1851.5355639648442,1647.2550341796887,1779.245657403842,1790.4625496301812,1846.2007902004152,1720.3442903659902,1783.2725402832027,47.738350632312944,50.980642520255046,60.72034409146894,-17.649936886793967,-23.732259727512485,6.082322840718518,24.796113723739538,46.55067424822887,81.39367449179299,73.73712082588433,-47.667486999421996,31243520.0,31087539.0,-1.0
2025-09-19,1790.531478516025,1794.2232472773594,1748.1254669044724,1768.8795166015625,1192184,1847.7085839843755,1649.8495361328135,1777.172429243386,1788.5004557184886,1835.8539230404126,1723.1977737369311,1779.5258483886719,45.745516165306434,50.980642520255046,60.72034409146894,-17.25023201075055,-22.4358541841601,5.1856221734095485,24.189511757854408,46.51832468570445,74.44632353085964,77.79116001430216,-60.390099946046384,30051336.0,31012055.0,-1.0
2025-09-22,1773.9682256095357,1774.0679801009885,1727.1719198845958,1735.45361328125,220456,1843.1951708984382,1652.1992639160164,1768.8286660509589,1783.6780154969215,1833.5394759579135,1718.0886856631805,1775.814080810547,41.571636634494695,51.45520026761767,60.72034409146894,-19.40694290537681,-21.830071928403445,2.423129023026636,24.136613425176233,46.545305795039326,46.80858873935384,67.54952892066882,-88.80398395124529,29830880.0,30932433.1,-1.0
2025-09-23,1743.6353673314986,1754.9104258661432,1722.2826695174117,1729.366943359375,181344,1837.825383300782,1654.2935882568368,1760.9363215126423,1778.740645302599,1822.5333319322067,1717.8597222670119,1770.1965270996093,40.84088829257904,51.45520026761767,60.72034409146894,-21.361058239317572,-21.73626919058627,0.3752109512686985,24.202331489810756,45.551195120303056,25.26772078600912,48.840877685407534,-93.97797301033656,29649536.0,30834024.15,-1.0
2025-09-24,1737.948095673101,1738.6464989180906,1711.1075600815252,1717.3935546875,241402,1831.9612939453132,1656.3574114990242,1752.227768147614,1773.1636370648628,1824.7722965107102,1710.0331478252272,1767.4027221679687,39.37463412207696,51.45520026761767,60.72034409146894,-23.603771534727684,-22.109769659414553,-1.4940018753131312,24.52648589960844,44.26460538575037,7.3943801519725785,26.49022989244518,-94.84457346074284,29408134.0,30739148.25,-1.0
2025-09-25,1725.6751877831489,1732.1608129468325,1711.2072547257012,1716.5953369140625,156942,1826.784025878907,1658.2719085693366,1745.1012819009038,1768.0210643238809,1827.045376070101,1704.407504789274,1765.7264404296875,39.27340589197791,51.45520026761767,60.72034409146894,-25.155569733460197,-22.71892967422368,-2.4366400592365167,24.827486422992003,42.59953058827758,2.556121610149764,11.739407516043821,-95.41289136076787,29251192.0,30647270.55,-1.0
2025-09-26,1723.9790372136883,1727.0721572362595,1688.757054071841,1721.1851806640625,234625,1822.3595288085946,1660.2745562744146,1740.3180616535358,1763.7632567184428,1828.4487936974615,1700.130454349413,1764.2896240234372,40.22503050550926,51.45520026761767,60.72034409146894,-25.718551501886395,-23.318854039756225,-2.3996974621301703,25.63001931256026,42.29350005800194,2.861329368796527,4.270610376972956,-77.16092281462423,29485817.0,30576406.4,-1.0
2025-09-29,1736.152004802387,1781.052487685207,1717.493408413446,1768.8795166015625,401359,1818.6898291015634,1662.709538574219,1746.0303526431412,1764.228371253272,1827.3785381458465,1699.9634662486847,1763.6710021972656,49.143438287650376,48.60548877930968,60.72034409146894,-22.06186880689961,-23.0674569931849,1.0055881862852907,24.33271852239516,43.812470001841874,32.538381814834764,12.651944264593684,-43.569879043286285,29887176.0,30515505.1,-1.0
2025-09-30,1776.06345717377,1785.9415872787952,1728.9678906250322,1733.7572021484375,246775,1814.506816406251,1665.0072332763675,1743.5757225442007,1761.4582649710142,1827.3395638254142,1697.1387809011485,1762.2391723632813,43.94387019656486,48.60548877930968,59.81013771265663,-21.74730922951676,-22.803427440451273,1.056118210934514,22.97388782352598,44.75255761983624,46.58145771956516,27.327056301065483,-68.30646838780834,29640401.0,30449919.75,-1.0
2025-10-01,1726.1740936270485,1756.8061516550863,1711.2072662256578,1727.6707763671875,271139,1810.9187963867194,1667.2015802001956,1740.3947333087983,1758.386675097939,1821.9067017226776,1694.8188353866972,1758.3627685546874,43.092982639086166,48.60548877930968,59.81013771265663,-21.738553677313348,-22.59045268782369,0.8518990105103406,22.20490239898386,44.81300960623569,55.20476942401375,44.774869652804554,-72.59312823557065,29369262.0,30356529.8,-1.0
2025-10-03,1738.047741408467,1799.0125919043917,1734.0565875717405,1749.1231689453125,477609,1806.3721752929694,1669.5385272216802,1742.1404204361013,1757.5445381749728,1807.0095563478978,1701.284657519289,1754.1471069335935,46.98914266864022,48.60548877930968,59.81013771265663,-19.772659136707716,-22.026893977600494,2.254234840892778,21.00641397445911,46.70792431559058,48.72726848919753,50.171165210925466,-57.48424278980142,29846871.0,30273296.25,-1.0
2025-10-06,1755.3094635341313,1847.904284160364,1727.1718768259127,1785.4427490234375,1659235,1802.3847119140632,1672.0224798583986,1750.8008861535686,1760.080739161197,1807.639814715146,1701.0335617496974,1754.3366882324217,52.87213755728351,50.34044087487521,59.81013771265663,-15.109810483143974,-20.64347727870919,5.5336667955652175,21.00083074324915,51.99538738836635,68.01752591780046,57.31652127700391,-39.2476420118549,31506106.0,30290695.05,-1.0
2025-10-07,1786.3407911836496,1820.964003237392,1761.0966935419158,1777.46044921875,492281,1798.5023901367194,1674.4617932128906,1756.132798766605,1761.6607128027927,1807.1510065356185,1701.1931096753185,1754.1720581054685,51.518905822839685,50.34044087487521,59.81013771265663,-11.92115456539068,-18.89901273604549,6.977858170654809,20.995646314268473,52.557667553159924,86.54916438260392,67.7646529298673,-44.263311967434696,31013825.0,30297601.9,-1.0
2025-10-08,1786.3407696996717,1789.0347498834265,1761.2961813379875,1775.9637451171875,422084,1794.3711376953129,1676.9682812499998,1760.0989880367215,1762.9609884677377,1809.377865859069,1702.4185941018682,1755.8982299804686,51.25401567888592,50.34044087487521,59.81013771265663,-9.40646145769847,-17.000502480376085,7.594041022677615,20.99083220164356,50.78487476689414,92.71659130676571,82.42776053572337,-45.203764465872766,30591741.0,30296385.7,-1.0
2025-10-09,1789.034794028709,1789.034794028709,1747.2274312024904,1770.4759521484375,242113,1790.1361010742191,1679.4114947509765,1762.174380859065,1763.6441669841647,1808.3857045585644,1702.6125254219044,1755.4991149902344,50.2341460797954,50.34044087487521,59.81013771265663,-7.766836821455854,-15.15376934859204,7.386932527136185,20.505814562411626,50.14362391398875,86.25032287719247,88.50535952218736,-48.65201359072243,30349628.0,30271869.5,-1.0
2025-10-10,1778.9570899716034,1786.041363758284,1758.402671821383,1765.98583984375,209660,1785.9844702148441,1681.8302667236328,1762.936672656002,1763.857046335036,1809.1993246959578,1704.9419350696671,1757.0706298828125,49.368557819920355,50.34044087487521,59.81013771265663,-6.751905260996182,-13.473396531072868,6.721491270076687,20.055441040267688,48.5361287727682,80.97937051721243,86.64876156705687,-51.47337108603664,30139968.0,30257638.0,-1.0
2025-10-13,1765.886149956751,1774.0679670011814,1741.2407007320337,1755.1099853515625,196429,1782.5072387695316,1684.0873999023433,1761.3713351951142,1763.0618589729022,1808.9174834459625,1704.69494331185,1756.8062133789062,47.245023562540744,51.40670071284572,59.81013771265663,-6.747375704331944,-12.128192365724685,5.380816661392741,19.042049274497,47.41406716536674,71.15249299408455,79.46072879616315,-58.307203183609424,29943539.0,30222614.55,-1.0
2025-10-14,1751.3182947693845,1760.098882130539,1728.9679302143577,1739.943603515625,275902,1779.1766210937503,1686.2953295898433,1757.0857888592163,1760.960199385877,1807.6656915364917,1703.0531439127274,1755.3594177246096,44.378318866226884,51.40670071284572,59.81013771265663,-7.87678755762613,-11.277911404104975,3.4011238464788445,17.698726455500093,46.25098750471064,56.798636674507165,69.64350006193472,-67.83698376948668,29667637.0,30164750.3,-1.0
2025-10-15,1748.6243095847258,1763.9902765226018,1739.145319033482,1744.73291015625,209890,1775.2473291015626,1688.4926141357419,1754.6152131186232,1759.4849912740926,1804.518737138098,1702.51825016659,1753.518493652344,45.502861509652725,51.40670071284572,59.81013771265663,-8.289837482093162,-10.680296619702613,2.390459137609451,16.578502600348024,44.721985360739865,47.32300711970545,58.42471226276572,-64.82762781779276,29877527.0,30106973.65,-1.0
2025-10-16,1751.118741898929,1771.0745110373784,1747.2273425568617,1760.7972412109375,173114,1773.9502026367186,1690.8386566162108,1755.851618737086,1759.6042867228966,1796.963279484192,1705.8430803790895,1751.4031799316408,49.211956736116605,51.40670071284572,59.81013771265663,-7.237495914483134,-9.991736478658718,2.754240564175584,15.774847664580562,43.40910075505334,51.469288117602346,51.86364397060498,-54.7336217545066,30050641.0,30040236.85,-1.0
2025-10-17,1768.0812089536494,1783.147790832405,1746.3293710940106,1751.5179443359375,296678,1772.9105078124996,1693.2557653808592,1754.9848838568564,1758.8691646877185,1792.718488847933,1706.8550341012863,1749.7867614746096,47.21304595003282,51.40670071284572,59.81013771265663,-7.0707620049370234,-9.40754158391438,2.3367795789773567,15.423576874642677,42.93833782529199,52.99977194314555,50.59735572681778,-70.51093087521909,29753963.0,29965759.0,-1.0
2025-10-20,1760.1986259658904,1776.0634870926874,1752.116563671213,1758.0035400390625,218113,1772.7768041992185,1695.7107769775387,1755.5886150932977,1758.7904715378406,1791.4253999517312,1707.060525341238,1749.2429626464846,48.779039546539835,50.40667328772937,59.81013771265663,-6.342182082337558,-8.794469683599017,2.4522876012614585,15.097396855414642,41.62456674896756,57.11162945771202,53.860229839486635,-65.7664267147678,29972076.0,29961796.0,-1.0
2025-10-21,1771.074609977729,1782.050283617028,1770.176575956261,1776.2630615234375,42705,1772.8246972656245,1698.059490356445,1759.7235043793257,1760.3788888092583,1794.5904652765375,1707.9764048406505,1751.283435058594,53.00601616397676,50.40667328772937,59.81013771265663,-4.2424817729165625,-7.884072101462527,3.6415903285459645,15.001447463986812,40.36900795103885,66.75858088089255,58.956660760583375,-52.4087677400148,30014781.0,29970991.05,-1.0
2025-10-23,1777.0612700278757,1782.0502123917945,1746.2295818587872,1755.908203125,210665,1773.275698242187,1700.3674005126948,1758.9604441284607,1759.972462837962,1794.6992602992086,1710.521735794542,1752.6104980468754,48.228028607815396,50.40667328772937,59.81013771265663,-4.172819445206642,-7.14182157021135,2.9690021250047085,13.945286142819075,40.04412384975089,67.58834237484237,63.81951757114898,-76.19833238354778,29804116.0,29978720.05,-1.0
2025-10-24,1764.0900062558485,1764.0900062558485,1723.2804336741358,1731.063232421875,212763,1772.6630566406243,1702.500567016601,1753.3810017871438,1757.344350981954,1793.3706508637506,1713.217313003437,1753.2939819335938,43.11894444171844,50.40667328772937,59.81013771265663,-6.0526221853390325,-6.923981693236887,0.8713595078978544,13.76628176192715,40.09879875917674,48.20678723700905,60.85123683091466,-93.75496847724244,29591353.0,29987881.0,-1.0
2025-10-27,1730.963463858421,1751.1187419689209,1721.584228002905,1745.431396484375,203819,1771.4158203124994,1704.6998504638664,1751.7910807265903,1756.2613551185377,1791.161963762093,1718.3096060621256,1754.7357849121092,46.639497780328576,48.95664487324978,59.81013771265663,-6.310248028772094,-6.801234960343928,0.49098693157183426,13.656197093498573,39.34420698823667,26.742668697524383,47.5125994364586,-76.00400239867476,29795172.0,30015080.0,-1.0
2025-10-28,1746.2296410146848,1779.056907241409,1746.2296410146848,1772.0723876953125,202256,1770.320249023437,1706.834494018554,1755.8473421203348,1757.6987217164262,1790.8346735809732,1723.7256169463703,1757.2801452636718,52.50884494320336,48.95664487324978,59.81013771265663,-4.314972703765761,-6.303982509028295,1.9890098052625333,12.897696218208345,38.935728686007906,43.52638206999931,39.49194600151091,-25.147908064859504,29997428.0,30040660.55,-1.0
2025-10-29,1771.274106494507,1803.7022329278527,1767.282952471941,1795.9195556640625,193285,1770.078784179687,1709.018195190429,1763.8617848290803,1761.1733429843932,1796.1048199133645,1721.1594745202294,1758.632147216797,57.061719203217294,48.95664487324978,59.81013771265663,-0.8002111416099069,-5.203228235544618,4.403017093934711,12.98579953770311,38.75598238385818,76.85971540333264,49.04292205695211,-9.477431010292147,30190713.0,30055837.4,-1.0
2025-10-30,1795.9194843222117,1801.4073208852385,1774.467032303107,1790.9305419921875,148237,1769.2965185546873,1711.3516516113273,1769.2755362617017,1763.8785428941926,1799.6895729896821,1723.2920554282866,1761.4908142089844,55.85529554633036,48.95664487324978,59.81013771265663,1.5646546457032855,-3.8496516592950374,5.414306304998323,13.067609762948248,37.91200425516341,95.43960733913744,71.94190160415647,-15.5528509823613,30042476.0,30075941.15,-1.0
2025-10-31,1804.9994125010307,1812.0836865537608,1728.1696973199475,1753.5135498046875,621379,1767.5064868164059,1713.588359374999,1766.123138970299,1762.9362707951466,1797.7788591366116,1727.7870466251075,1762.7829528808595,47.708455139435664,48.95664487324978,60.587764096450165,0.41480761344769235,-2.9967598047464916,3.411567418194184,12.751481915178118,41.19786032506697,74.75469576823937,82.35133950356982,-64.71877035171444,29421097.0,30078532.9,-1.0
2025-11-03,1764.090085565476,1793.0259523535976,1742.5378781109464,1781.052490234375,301933,1766.4268798828123,1716.1655841064444,1769.1090092231143,1764.5831998350764,1799.6635323517985,1729.0953055388268,1764.3794189453126,53.127312802450234,50.635140384284036,60.587764096450165,1.7060417094794502,-2.056199501901303,3.7622412113807533,12.457934627962997,41.86144703346585,65.34861396107188,78.5143056894829,-34.28881986288126,29723030.0,30072340.85,-1.0
2025-11-04,1788.0369715038555,1858.780199703002,1779.056875106794,1826.2523193359373,925703,1766.0756591796874,1718.8660278320303,1780.5376712456791,1770.1894834260636,1810.4651421579701,1722.3746527639046,1766.4198974609374,60.38375626083786,50.635140384284036,60.587764096450165,6.303934656529691,-0.38417267021510426,6.688107326744795,12.87038957687096,44.565866859376,68.23284056475173,69.44538343135432,-23.709063731236135,30648733.0,30029472.2,-1.0
2025-11-06,1839.6225364270715,1839.6225364270715,1805.597974274412,1815.875244140625,318645,1766.1993847656252,1721.5347442626944,1787.6051858246683,1774.3427344001145,1817.4700575184554,1719.2112168956066,1768.340637207031,58.15771034608122,50.635140384284036,60.587764096450165,9.006631854090529,1.4939882346460223,7.512643619444506,13.253383457999782,43.81291652318196,86.29607056673117,73.29250836418493,-31.27275169285939,30330088.0,29995285.35,-1.0
2025-11-07,1815.975107743704,1819.3676130742851,1773.8684808886903,1806.3963623046875,190620,1765.4929516601565,1724.0458209228505,1791.3634211206722,1777.2567005732576,1821.7911545508712,1717.9333815819407,1769.862268066406,56.12246143246314,50.635140384284036,60.587764096450165,10.265339861232178,3.2482585599632534,7.017081301268925,12.582078803048352,43.9333604990686,87.4748306727422,80.6679139347417,-38.181760549663025,30139468.0,29972671.7,-1.0
2025-11-10,1813.8797053957344,1829.944075592391,1790.6311850500194,1808.2921142578125,206573,1766.1934008789065,1726.6186364746084,1794.7491597481005,1780.0781018173082,1826.4558468301032,1717.0503055136467,1771.753076171875,56.45070816733664,54.43598164327601,60.587764096450165,11.285751249284885,4.8557570978275795,6.429994151457306,12.245962760478942,43.603326930733104,79.8812580065448,84.55071974867272,-36.79997657333097,30346041.0,29972492.35,-1.0
2025-11-11,1811.9838518498984,1811.9838518498984,1742.7373080413795,1754.910400390625,441446,1766.2891894531253,1728.7757250976554,1786.7814078766055,1777.790128960337,1826.3701369847172,1716.0284714137206,1771.199304199219,46.01242713640672,54.43598164327601,60.587764096450165,7.698235974173713,5.4242528730968065,2.2739831010769063,12.114069564464138,45.434985279146375,56.43224634645332,74.59611167524677,-75.70907368871649,29904595.0,29960723.7,-1.0
2025-11-12,1764.0900356010666,1783.347402017531,1731.1630157057978,1755.3094482421875,539086,1766.3969482421878,1730.9858251953117,1780.487015949722,1775.7464307132325,1826.367934832369,1716.0506198551311,1771.20927734375,46.09267334696983,54.43598164327601,60.587764096450165,4.831608325431716,5.305723963563788,-0.4741156381320719,12.261865989548056,45.91708535290258,37.067640869189816,57.793715074062646,-75.4182139450829,30443681.0,29985730.8,-1.0
2025-11-13,1759.999162373712,1795.021514420625,1753.0146428623475,1773.169921875,329567,1766.235307617188,1733.2533740234364,1779.0235971347777,1775.5122026370295,1826.0294821281955,1719.7117043952421,1772.8705932617188,49.69663720107088,54.43598164327601,60.587764096450165,3.9553810462662113,5.035655380104274,-1.0802743338380623,12.041401497082921,45.63778436757222,24.02749301039848,39.17579340868053,-62.399993795110454,30773248.0,30041011.35,-1.0
2025-11-14,1775.0656761254277,1779.056829978436,1741.340377347368,1749.6220703125,172634,1765.9798730468754,1735.3959667968738,1773.1432917703223,1773.1585542438904,1825.7717145168804,1720.4583880221821,1773.1150512695312,45.38821064034082,54.43598164327601,60.587764096450165,1.345341531435679,4.297592610370555,-2.952251078934876,12.129283261539735,45.07197495782192,18.44101896325793,26.512050947615407,-79.56365484922243,30600614.0,30077165.7,-1.0
2025-11-17,1830.9418719904124,2088.6706866697486,1825.2545263397928,2003.7587890625,13331752,1769.9510717773444,1738.9177465820303,1819.266391228758,1794.122211954673,1900.6697138316865,1669.856543492532,1785.2631286621092,72.79761151960888,49.986245970742104,60.587764096450165,19.558121851366877,7.34969845856982,12.208423392797057,14.869816319123647,66.0703064863524,46.03294614167791,29.500486038444773,-23.553859799496134,43932366.0,30771251.95,1.0
2025-11-18,2003.559330976864,2044.1692746724384,1931.519049170846,1947.3837890625,4611999,1772.2300195312505,1742.2216082763662,1844.8898707955066,1808.0550826008391,1929.9949481378464,1660.1178936590288,1795.0564208984376,65.00370701237027,49.986245970742104,60.587764096450165,29.107358605143418,11.70123048788454,17.406128117258877,17.414597015451566,69.39744355886954,57.18828302551021,40.55408271014868,-39.191819656881776,39320367.0,31249572.15,1.0
2025-11-19,1945.687549771915,2025.5106287369167,1918.4478753549672,1986.79638671875,2948398,1776.332924804688,1745.8390002441397,1873.2711739801553,1824.3042920661037,1964.951714881326,1648.040411583518,1806.496063232422,67.61421800564567,49.986245970742104,60.587764096450165,39.40127144629173,17.24123867956598,22.16003276672575,19.489245577460142,72.0878228319467,84.21794760811719,62.47972559176843,-28.25909025513049,42268765.0,31864406.6,1.0
2025-11-20,1990.588081446862,2039.4797185350303,1990.588081446862,2012.5394287109373,1192447,1780.9686523437504,1749.4153845214832,1901.1248249263117,1841.4165772156339,2000.6989551872791,1635.9208079963153,1818.3098815917972,69.22879046019872,49.986245970742104,60.587764096450165,49.070861535499034,23.607163250752592,25.463698284746442,21.530236501211526,70.7017877593991,79.87780524220659,73.76134529194465,-21.11818280890756,43461212.0,32536728.15,1.0
2025-11-21,2002.561501823348,2063.4265997860903,1978.3151927672288,2038.681396484375,1140449,1786.9134741210944,1753.117501220702,1928.6361392379245,1859.3497426037013,2036.968018365843,1627.9290641536886,1832.4485412597658,70.81973651184494,49.986245970742104,60.587764096450165,58.172938247881575,30.52031825017839,27.652619997703184,23.61980562019064,71.73104627793212,86.95084017779055,83.6821976760381,-13.98271820310516,44601661.0,33276605.4,1.0
2025-11-24,2038.9807738644736,2057.3399845911144,1962.6499545835184,1971.4305419921875,846322,1790.7729199218754,1756.0705029296864,1937.1950197887772,1869.5389061844728,2052.126659802967,1636.8071536735956,1844.4669067382813,61.946681986270484,65.46479224026932,60.587764096450165,59.27651493486883,36.27155758711648,23.004957347752345,25.176742853860894,73.37097368719384,80.05839228574634,82.29567923524783,-32.79374240039258,43755339.0,33984804.7,1.0
2025-11-25,1976.419464765916,1990.58801242494,1930.3215640295484,1952.971435546875,1897297,1795.1412377929694,1759.1051629638662,1940.350302940397,1877.1236815810548,2062.4081176757863,1647.2796997070257,1854.843908691406,59.73439795113356,65.46479224026932,60.587764096450165,57.993103392741205,40.61586674824143,17.377236644499774,25.861002975715454,72.43493616635082,68.5119979775967,78.5070768137112,-37.95701802900806,41858042.0,34587948.2,1.0
2025-11-26,1956.7630247926693,1983.104665846245,1941.9958279083417,1962.749755859375,372667,1799.188266601563,1762.1750268554679,1944.8301935241925,1884.9078701518113,2073.4450960349036,1655.3104581643156,1864.3777770996096,60.538361245447994,65.46479224026932,60.587764096450165,57.10672841010273,43.91403908061369,13.192689329489042,26.496387374580404,70.19735772146173,56.00853209049228,68.1929741179451,-35.221882224471436,42230709.0,35199612.25,1.0
2025-11-27,1982.106870740724,2001.563746642785,1938.7030706515109,1946.8848876953125,394214,1802.7483740234377,1765.2061309814444,1945.2411323584165,1890.5421444739477,2081.4868887358,1662.3651986665445,1871.9260437011724,58.497578361152094,65.46479224026932,60.587764096450165,54.495912619619276,46.03041378841481,8.465498831204464,27.302152620292226,69.67330902644832,51.81398141995059,58.77817049601319,-39.65951236574531,41836495.0,35781901.35,1.0
2025-11-28,1953.869374884612,1961.9515591041804,1927.527856155368,1941.197509765625,292348,1805.9412963867187,1768.1625103759754,1944.4324078398583,1895.1471776822818,2087.543140784509,1671.3356433951797,1879.4393920898442,57.74604426913344,65.46479224026932,60.587764096450165,51.37567166550912,47.09946536383367,4.276206301675444,27.762002652944396,67.15548002090291,49.39588930773655,52.406134272726476,-41.25035317605648,41544147.0,36356984.9,1.0
2025-12-01,1961.352754338454,1970.6322358654545,1900.78704269554,1906.3746337890625,421845,1808.0067187500003,1770.8571765136708,1936.8208530296993,1896.167855510171,2086.7711105373414,1687.3937820407846,1887.082446289063,53.236261917621476,58.84997934518478,67.10031824945126,45.56766745928098,46.793105782923135,-1.2254383236421518,27.518334104324815,67.34760238868945,40.51560359847627,47.2418247753878,-50.99080878157378,41122302.0,36942045.15,1.0
2025-12-02,1915.753939280389,1930.720766931017,1893.902346550401,1906.075439453125,340189,1810.4513012695313,1773.3945593261706,1930.6717703143845,1897.0685449595303,2086.7765094727674,1699.8906780272332,1893.3335937500003,53.19782039359937,58.84997934518478,67.10031824945126,40.47407980128605,45.529300586595724,-5.055220785309672,27.12247312105688,65.16694653096991,34.07042080529653,41.32730457050312,-52.57106630655281,40782113.0,37494999.3,1.0
2025-12-03,1911.7627170834385,1961.0534920822988,1888.8135821706412,1950.8759765625,766632,1814.0912304687502,1776.2099468994131,1934.7126115640076,1901.9601296507092,2091.935276292759,1707.1942769298976,1899.5647766113284,58.07914523300864,58.84997934518478,67.10031824945126,39.595966165698655,44.34263370241631,-4.746667536717652,27.217849504979917,65.67215820101903,34.47551413482293,36.35384617953191,-39.67252681635455,41548745.0,38039999.9,1.0
2025-12-04,1950.8759943570212,1955.8649367748744,1922.8381623287592,1933.31494140625,347289,1818.0484570312503,1779.1542877197257,1934.433077532456,1904.810567083031,2094.1866517389617,1716.6868712102576,1905.4367614746097,55.62990424773332,58.84997934518478,67.10031824945126,37.055869018051226,42.88528076554329,-5.829411747492067,27.306413290051307,63.340345075668765,29.067522213511044,32.537819051210164,-58.97730232985692,41201456.0,38583568.3,1.0
2025-12-05,1933.3149394706536,1956.6632143229,1905.776001711748,1912.6607666015625,270066,1821.7143334960936,1781.843303833007,1930.0786153462775,1905.5242215847156,2093.6532086223015,1727.8467547566056,1910.7499816894535,52.809164501946285,58.84997934518478,67.10031824945126,32.995848829428496,40.90739437832033,-7.911545548891837,26.916967600892505,62.450835613917576,19.570038986669715,27.70435844500123,-86.34283700231329,40931390.0,39123164.4,1.0
2025-12-08,1910.7650046240967,1943.8915345742,1875.842406628356,1920.34375,424265,1825.7733374023437,1784.8302966308584,1928.131642277022,1906.8714514406504,2092.7917295813136,1739.9133973718124,1916.352563476563,53.74864102813448,57.033234136729234,67.10031824945126,30.051787826486134,38.7362730679535,-8.684485241467364,25.784818432571726,62.85071363762661,5.87499122801842,18.170850809399727,-76.27660272301084,41355655.0,39673645.1,1.0
2025-12-09,1920.7428262290732,1924.7339801537053,1871.152787435664,1885.121826171875,458431,1829.1438671874998,1787.644913330077,1919.5296790559926,1904.8942127798525,2083.083534285059,1762.6427352461924,1922.8631347656258,48.938611199842654,57.033234136729234,67.10031824945126,24.59299069172107,35.907616592707015,-11.314625900985945,24.61678800984946,62.18860500051337,1.73875011793417,9.061260110874102,-92.73481990841695,40897224.0,40223276.55,1.0
2025-12-10,1885.8201917941756,1893.4033597397329,1845.908653343505,1853.4918212890625,243536,1831.7899999999997,1790.3088452148427,1906.3221075026067,1900.2212680988714,2071.549413123943,1783.9950937119957,1927.7722534179693,45.040498931118286,57.033234136729234,67.10031824945126,17.512702054837746,32.22863368513316,-14.715931630295415,22.91776441045608,61.13904081449298,1.73875011793417,3.1174971546289196,-96.5137736588741,40653688.0,40733776.9,1.0
2025-12-11,1862.5717436086568,1900.5875828862609,1849.4009841331908,1880.7315673828125,246976,1834.027041015625,1792.9046606445302,1901.203999478648,1898.4494771246843,2059.5780643284847,1806.7226070582346,1933.1503356933597,48.82127247732035,57.033234136729234,67.10031824945126,13.938863613991089,28.570679670904745,-14.631816056913657,21.50673455767463,60.42815209581991,7.454419750589146,3.6439733288191616,-83.5299178064929,40900664.0,41240147.7,1.0
2025-12-12,1890.7094133570847,1890.7094133570847,1861.6737929761064,1866.06396484375,168262,1836.673176269531,1795.3945379638662,1894.1759925516685,1895.5053396445992,2037.4491243414984,1840.4957364983463,1938.9724304199224,46.948436352848866,57.033234136729234,67.10031824945126,9.809935133129102,24.818530763349617,-15.008595630220515,20.196492551520425,58.18582840190266,11.558076936837457,6.917082268453591,-87.05129972104918,40732402.0,41746737.1,1.0
2025-12-15,1858.879996759696,1903.780479773215,1841.318943318924,1895.9976806640625,253852,1840.0397143554683,1797.8837713623038,1894.5403301741474,1895.5500979190958,2028.8765190882434,1838.2922309117573,1933.5843750000004,51.07341555794277,54.096572920056026,67.10031824945126,8.851100290391514,21.625044668757997,-12.773944378366483,19.056663128571458,58.491236119930385,24.533880748709635,14.515459145378745,-65.87799653344727,40986254.0,41599431.5,1.0
2025-12-16,1894.2017039118653,1927.7273729951887,1876.6406507539675,1888.7138671875,311367,1842.8315283203121,1800.3751586914054,1893.3750375768182,1894.9286223980416,2027.7494680874813,1833.5522897250191,1930.6508789062502,50.05355367762933,54.096572920056026,67.10031824945126,7.4179642212800445,18.78362857926241,-11.365664357982364,18.013159522873323,57.962342271451156,29.496852583902463,21.862936756483187,-70.42342535577333,40674887.0,41667157.5,1.0
2025-12-17,1888.0152761769757,1889.71158963998,1849.9995601932235,1870.4542236328125,203584,1844.5317578125,1802.7929174804678,1888.790874788017,1892.7036770557481,2021.7093723869648,1827.958169116942,1924.8337707519534,47.49322186617315,54.096572920056026,67.10031824945126,4.7539918696502355,15.977701237339975,-11.22370936768974,17.08605995483506,56.65874849825869,31.663587988688867,28.564773773766987,-77.46923016177571,40471303.0,41577284.4,1.0
2025-12-18,1871.3523577844312,1878.736017147224,1819.666864045236,1832.9375,260271,1845.641298828125,1804.6632397460928,1877.6201998304136,1887.2703882324981,2011.790045678344,1819.9173029544686,1915.8536743164063,42.664369183931456,54.096572920056026,67.10031824945126,-0.3801295716475579,12.70613507554247,-13.086264647190028,16.904579947585436,56.83092025566793,18.68778417681669,26.616074916469337,-91.2094834764043,40211032.0,41414775.4,1.0
2025-12-19,1842.0173482207608,1941.6964449608895,1835.631477381887,1894.4012451171875,646192,1848.010048828125,1806.7142102050773,1880.9764088877685,1887.918647949288,1985.4863482770609,1831.7929852190334,1908.6396667480471,51.38523004206396,54.096572920056026,67.10031824945126,0.5048333491815811,10.265874730270292,-9.761041381088711,16.15485238426256,60.54006487746946,25.12862063224929,25.159997599251614,-47.141832216013555,40857224.0,41227553.55,1.0
2025-12-22,1895.9976538787023,1910.5654633797917,1878.3368461963605,1892.4056396484373,150198,1850.4486425781247,1808.986643676757,1883.2622550399024,1888.326556285574,1975.8580663383823,1833.5187769233362,1904.6884216308592,51.113392260850844,55.59402855132761,67.10031824945126,1.033233681677757,8.419346520551786,-7.386112838874029,15.458676789748464,58.517818613609585,37.12862662938218,26.981677146149387,-48.55328497958544,40707026.0,41075137.9,1.0
2025-12-23,1883.824642084388,1895.6983493050536,1864.667152071467,1872.4498291015625,113243,1852.577922363281,1810.3076953124992,1881.0997698522347,1886.883217450664,1969.4001391038246,1831.924543513363,1900.6623413085938,48.358385464572905,55.59402855132761,67.10031824945126,-0.15646870750379094,6.70418347494067,-6.860652182444461,14.477544104986508,56.554488515036525,51.767478150284504,38.008241803971984,-61.47126186256349,40593783.0,41011924.95,1.0
2025-12-24,1865.8644194503129,1880.53186108628,1861.474125868007,1872.0506591796875,118927,1854.9167358398436,1811.9042315673819,1879.2899477177255,1885.5348030623934,1959.3657293054803,1832.8890436437382,1896.1273864746092,48.30230276304819,55.59402855132761,67.10031824945126,-1.1186312146476212,5.139620537023012,-6.258251751670633,13.486890770383173,53.876148993839145,49.864005635223634,46.25337013829677,-61.76263453129952,40474856.0,40924132.3,1.0
2025-12-26,1880.831301782233,1882.6273697825904,1850.997401600789,1855.3876953125,130093,1857.2256176757812,1813.194970703124,1874.5094972366805,1882.7941569033121,1952.5278967131635,1830.5771569977737,1891.5525268554686,45.908809074377274,55.59402855132761,67.10031824945126,-3.188953587545484,3.4739057121093126,-6.662859299654796,12.747908916911769,52.287136078693585,41.350494812737665,47.660659532748596,-71.24497805857703,40344763.0,40849545.7,1.0
2025-12-29,1855.3876349541288,1872.3500387154736,1843.1147882184289,1854.58935546875,116005,1859.422746582031,1814.6078912353507,1870.5254688830946,1880.2300840456246,1945.5985433750193,1828.8456949062306,1887.222119140625,45.79173202815061,53.029157330048704,67.10031824945126,-4.838344908974932,1.811455587892464,-6.649800496867396,12.264509705998345,50.64057282286152,38.665214141830745,43.29323819659734,-71.38194594993135,40228758.0,40783776.25,1.0
2025-12-30,1861.8732888959776,1870.7536306575344,1799.0126151551167,1825.8531494140625,692196,1860.7238647460936,1815.9418347167962,1861.5910049892884,1875.2867263518463,1946.8765450538287,1819.5155447899213,1883.196044921875,41.67219496759215,53.029157330048704,67.10031824945126,-8.367812154810736,-0.22439796064817585,-8.14341419416256,12.823692771059504,52.14774729997268,21.710458615677037,33.90872252341515,-81.18880443881955,39536562.0,40704489.25,1.0
2025-12-31,1835.631409902669,1897.793680654772,1821.3631077813216,1887.8157958984373,404432,1863.4498217773437,1817.501476440429,1866.8359631711185,1876.4257326742634,1945.1001466370578,1819.4659788512233,1882.2830627441406,51.75149585380397,53.029157330048704,63.8677200598753,-6.0948154095772225,-1.3984814504339853,-4.696333959143237,12.569411217067273,53.88223484093538,45.28690418332873,35.220858980278834,-37.76226720000214,39940994.0,40662433.3,1.0
2026-01-01,1875.842352352444,1935.709661470075,1850.8976402200976,1930.1220703125,555904,1866.8921923828123,1819.2751379394526,1879.493184599395,1881.307217914103,1939.8348944725133,1822.6558403907677,1881.2453674316405,57.19088947311268,53.029157330048704,63.8677200598753,-0.8696614204857269,-1.2927174444443337,0.42305602395860675,11.945278108547049,56.091505298724094,66.66666666666666,44.554676488557476,-8.111903545163468,40496898.0,40609840.95,1.0
2026-01-02,1930.5212157990145,1934.0134755079123,1906.3746613029928,1916.8514404296875,257083,1869.703959960937,1821.0292321777338,1886.9648357654535,1884.538510870065,1936.3327973120388,1824.5115874535861,1880.4221923828125,55.092758521488456,53.029157330048704,63.8677200598753,2.17540512072037,-0.5990929314113929,2.7744980521317633,11.365725936349698,54.0591702205952,95.493325913298,69.14896558776445,-17.41262802170509,40239815.0,40561758.9,1.0
2026-01-05,1925.7318414626864,1934.412552856909,1883.924478161016,1896.9954833984373,975191,1872.525705566406,1822.8385894775386,1888.9709652920503,1885.670962918099,1934.0671678635113,1825.2106885818012,1879.6389282226562,52.01778376216826,56.43892102012484,63.8677200598753,2.952399085033221,0.11120547187752988,2.841193613155691,10.844180813837532,53.80409196883077,84.38176901203038,82.18058719733168,-31.32868077854445,39264624.0,40478420.6,1.0
2026-01-06,1910.7649775209447,1940.4991235414127,1897.793727020803,1932.11767578125,584369,1876.5467944335935,1824.6443774414056,1897.6003073898903,1889.8933913602034,1936.724970881427,1823.7302781420099,1880.2276245117184,56.629062006367455,56.43892102012484,63.8677200598753,6.329279798892912,1.3548203372806065,4.974459461612306,10.198441292431363,53.06834540984111,83.1749933893658,87.68336277156472,-6.713282922583808,39848993.0,40403087.5,1.0
2026-01-07,1936.7074717963867,1948.8804427341104,1909.7671823896364,1916.2528076171875,192372,1879.9632226562496,1826.3708410644524,1901.3308074353497,1892.2897019290199,1940.520277257412,1823.048069910557,1881.7841735839845,54.09989793393601,56.43892102012484,63.8677200598753,7.6372819884143155,2.6113126675073484,5.025969320906967,9.568045218840775,52.07155361945774,81.04238146723269,82.86638128954294,-21.770940197104814,39656621.0,40341057.35,1.0
2026-01-08,1916.2528175219093,1937.1066215675871,1885.9200227100469,1906.674072265625,291028,1882.655256347656,1827.7169329833976,1902.399460401405,1893.5973719596202,1942.5987930396348,1826.2877792259903,1884.4432861328125,52.5731818244235,56.43892102012484,63.8677200598753,7.810919835482537,3.651234101102386,4.159685734380151,9.418466791769191,52.008342565035065,82.23534706980033,82.15090730879959,-28.162395592368796,39365593.0,40276652.6,1.0
2026-01-09,1914.7561335490805,1926.430210291432,1878.636238530568,1892.904541015625,255446,1884.5949560546876,1828.791106567382,1900.500476524249,1893.534387328348,1943.2986082424998,1826.8052613864058,1885.0519348144528,50.372530313696934,56.43892102012484,63.8677200598753,6.759523406997914,4.272891962281492,2.486631444716422,9.46399607214999,51.70731607902285,68.79664857952707,77.35812570552002,-37.35017890279426,39110147.0,40187126.75,1.0
2026-01-12,1890.8092039075536,1892.9045353935016,1846.2081067624351,1868.5584716796875,276975,1886.1475146484374,1829.8527996826165,1894.112075555337,1891.263849542106,1943.2625969997005,1827.0907233127994,1885.17666015625,46.65400830401503,54.770679174727924,63.8677200598753,3.9166115754667317,4.201635884918541,-0.285024309451809,10.264399073881869,51.349395948606215,52.80327227399608,67.94508930777448,-53.595206090570734,38833172.0,40092165.25,1.0
2026-01-13,1872.7492260304232,1897.793692565939,1862.571710434874,1883.5252685546875,146804,1888.7477490234373,1830.948264770507,1891.9947141552072,1890.5603421796134,1942.417201418967,1826.6888776825951,1884.553039550781,49.13966146966736,54.770679174727924,63.8677200598753,2.838557765002406,3.9290202609353138,-1.0904624959329077,10.845590920866629,50.19743781878184,45.42825252274332,55.67605779208882,-43.608541763224586,38979976.0,39991851.35,1.0
2026-01-14,1870.8534057906152,1945.68754202224,1868.7580743362,1941.796142578125,417229,1891.9626220703126,1832.4587683105462,1901.954999839791,1895.2181422158417,1950.4906670891244,1823.9236395514997,1887.207153320312,57.45203227935618,54.770679174727924,63.8677200598753,6.609969285568013,4.465210065861854,2.1447592197061596,10.156238765637996,52.106868523585995,60.07372663568115,52.76841714414017,-4.72703199240766,39397205.0,39927967.25,1.0
2026-01-15,1941.796142578125,1941.796142578125,1941.796142578125,1941.796142578125,0,1894.2734985351565,1834.055626831054,1909.923228387458,1899.45250588514,1958.0014812514928,1823.547017283663,1890.774249267578,57.45203227935618,54.770679174727924,63.8677200598753,9.489451596147319,5.470058371918947,4.019393224228372,9.516126050068552,48.38494934332985,82.70638895004726,62.736122702823906,-4.72703199240766,39397205.0,39874262.35,1.0
2026-01-16,1941.696410478228,1944.1908817147107,1904.0798329522083,1912.56103515625,170366,1896.207214355469,1835.2895507812493,1910.4507897412166,1900.6441903643317,1956.791421564517,1832.7194304862637,1894.7554260253903,52.462947571162566,54.770679174727924,63.8677200598753,9.305169035498238,6.237080504634806,3.0680885308634327,9.700188198839738,47.79395644469932,89.46105588284655,77.41372382285832,-24.234292419243097,39226839.0,39825052.7,1.0
2026-01-19,1898.0931042034956,1909.2682866358607,1850.897659633928,1857.98193359375,201529,1897.23892578125,1836.157754516601,1899.9570185117234,1896.7658033851878,1957.1152142719095,1828.7537066265274,1892.9344604492185,44.66486423643267,55.92238057167721,63.8677200598753,4.70085785581,5.929835974869845,-1.2289781190598452,10.914971810644555,48.78462923595808,56.12772254951322,76.098389127469,-71.28325664429393,39025310.0,39733457.0,1.0
2026-01-20,1855.8865297619343,1857.882106675657,1803.003741548288,1815.3763427734373,231650,1897.3806103515624,1836.8888330078119,1883.0408833640663,1889.3667615113923,1962.0420466338223,1816.1239445771148,1889.0829956054686,39.703624305049324,55.92238057167721,63.8677200598753,-2.3588160724127647,4.272105565413323,-6.630921637826088,12.7698676522822,49.22702657949407,22.794389216179894,56.12772254951322,-91.51845282723477,38793660.0,39637788.7,1.0
2026-01-21,1806.296512637932,1818.2699742559037,1753.114338564636,1809.98828125,287311,1898.4821679687498,1837.540958862304,1868.4303629412532,1882.1505360330839,1966.8348694011304,1805.08496702465,1885.9599182128902,39.111947840191185,55.92238057167721,63.8677200598753,-8.292835413232979,1.7591173696840627,-10.051952782917041,15.099835067523022,50.364784373192194,0.0,26.30737058856437,-70.94801322902747,38506349.0,39533417.0,1.0
2026-01-22,1825.8531269110936,1829.5448954921396,1753.1143238330778,1771.3739013671875,313984,1898.8034570312495,1838.1184710693353,1849.0190706264402,1872.0799328816388,1976.6210964247996,1785.2310642197315,1880.9260803222655,35.07750106342918,55.92238057167721,63.8677200598753,-15.92784001092923,-1.7782741064385958,-14.149565904490634,16.933572202859125,52.22662632218288,0.0,7.598129738726631,-90.6727590879295,38192365.0,39419292.45,-1.0
2026-01-23,1779.4560699471529,1812.9817398406003,1732.7595185167515,1742.837158203125,342904,1898.1968017578122,1838.4836187744133,1827.7826881417773,1860.3305897290466,1988.882518829355,1761.7145881042384,1875.2985534667966,32.416298158656495,55.92238057167721,63.8677200598753,-24.004602725791074,-6.223539830309091,-17.78106289548198,18.882346598345443,54.226311679444734,0.0,0.0,-95.33703655818255,37849461.0,39294527.35,-1.0
2026-01-27,1751.4181350079143,1773.5689901307578,1701.3290811656434,1722.0831298828125,267296,1897.6460229492186,1838.9139727783197,1806.6427764899845,1847.7626388339345,2001.21873133379,1736.1277530412099,1868.6732421875,30.59815820717928,45.21618225512875,63.8677200598753,-31.714585998305438,-11.32174906390836,-20.392836934397078,21.043262770978927,55.51299719984971,0.0,0.0,-91.61626557588978,37582165.0,39162197.7,-1.0
2026-01-28,1729.865899704734,1775.4649079196404,1720.1873998295478,1757.7042236328125,222376,1892.7249316406248,1839.333546752929,1796.85506591855,1839.575510179287,2005.7145546544502,1724.8170371424249,1865.2657958984375,37.117220763795174,45.21618225512875,63.8677200598753,-34.552182667673605,-15.967835784661409,-18.584346883012195,22.989157731247015,55.49617654915277,8.092019968384182,2.697339989461394,-76.92932658458132,37804541.0,39075596.65,-1.0
2026-01-29,1756.1077296112371,1756.1077296112371,1715.2981563073604,1738.3470458984375,349754,1888.5441967773434,1839.6162683105463,1785.1534619145277,1830.3729225173915,2008.7058065534932,1706.8789102433818,1857.7923583984375,35.18316695637385,45.21618225512875,63.8677200598753,-37.92577620034626,-20.35942386779838,-17.566352332547883,24.853577097293794,54.56116874745987,13.783326353540064,7.291782107308082,-84.85095846363252,37454787.0,38951286.3,-1.0
2026-01-30,1735.5532634007222,1773.7684881561213,1726.174027561417,1763.990234375,217003,1884.0880737304683,1839.9751934814446,1780.9208164066222,1824.338132686265,2001.9172102854416,1697.0543229176835,1849.4857666015625,39.668088574079235,45.21618225512875,63.8677200598753,-38.09109198194096,-23.9057574906269,-14.185334491314062,25.976619086678387,54.06354673654876,25.041702385892183,15.63901623593881,-74.356871871881,37671790.0,38810030.9,-1.0
2026-02-02,1788.9350424315692,1788.9350424315692,1718.3913217538018,1760.3983154296875,303235,1879.0452514648434,1840.138721313476,1776.8163162112353,1818.525422026576,1995.5888954708107,1687.7373252323146,1841.6631103515626,39.258320654728195,46.58863864499331,57.00716765872357,-38.07306121977467,-26.739218236456455,-11.333842983318217,26.51568982175413,55.24070201806438,27.699419338485626,22.174816025972625,-75.82681031097619,37368555.0,38666467.9,-1.0
2026-02-03,1796.0192721355938,1805.89740249241,1734.1563860953677,1750.5201416015625,403177,1873.2820263671874,1839.9656726074213,1771.5570812893006,1812.3431238061203,1991.0926309798326,1677.586055543605,1834.3393432617188,38.09291868011145,46.58863864499331,57.00716765872357,-38.41305598533768,-29.073985786232704,-9.339070199104974,26.472793973665176,56.4192959022771,31.311252918396505,28.017458214258102,-79.86930337362568,36965378.0,38551505.6,-1.0
2026-02-04,1759.2008462851954,1763.391630985116,1743.3359850790814,1756.906005859375,175656,1868.9915356445315,1839.5204455566402,1768.6268662033158,1807.3033858109616,1978.869285937476,1672.2882335937743,1825.5787597656251,39.346429551058364,46.58863864499331,57.00716765872357,-37.73226435391257,-30.80564149976868,-6.92662285414389,26.432962114725434,53.82189233111693,30.911982131425106,29.97421812943574,-77.11582283912823,37141034.0,38416107.65,-1.0
2026-02-05,1755.2097361088142,1760.9969581623195,1721.1851724227315,1729.16748046875,215772,1864.515456542969,1839.0898242187495,1760.7349890564028,1800.2001216889423,1969.0496336360325,1663.399353180374,1816.2244934082032,35.942042718798454,46.58863864499331,57.00716765872357,-38.98164314274436,-32.440841828363816,-6.540801314380545,26.816375746277096,52.82117043172201,28.30911005123403,30.177448367018545,-88.53734953781579,36925262.0,38279539.7,-1.0
2026-02-06,1716.1961488322654,1722.4822648417326,1684.566303414043,1711.506591796875,376494,1859.4905932617191,1838.5121667480462,1750.8893096044974,1792.1370735169362,1959.8963242527038,1653.0359145168277,1806.4661193847658,33.929150916761266,46.58863864499331,57.00716765872357,-40.92511173867115,-34.137695810425285,-6.7874159282458635,27.77601961906747,52.23402804764951,26.899295651405705,28.70679594468828,-88.01065838558375,36548768.0,38138698.45,-1.0
2026-02-09,1721.1850841488665,1756.107680059133,1711.1074451176871,1741.739501953125,259062,1855.3876855468752,1838.2588812255854,1749.059348074223,1787.5554761020444,1949.2718627762727,1648.543872087009,1798.9078674316409,40.11226999944151,43.665686712552095,57.00716765872357,-39.569647159042006,-35.22408608014863,-4.345561078893375,27.573572042754222,51.717328540063534,49.37352373935832,34.86064314733268,-67.0121261517156,36807830.0,38023582.6,-1.0
2026-02-10,1751.1188407566235,1822.7601047282333,1739.544518362976,1790.0325927734375,468522,1852.3643872070315,1838.265974121093,1757.253997014066,1787.7806685267165,1941.745666937613,1648.2174800350435,1794.9815734863282,48.41648174070194,43.665686712552095,57.00716765872357,-34.204297042224425,-35.020128272563795,0.81583123033937,25.699029657831407,53.96720409900594,74.5599922319051,50.27760387422304,-27.253887730829774,37276352.0,37945741.6,-1.0
2026-02-11,1786.540335839356,1870.8534653442011,1786.540335839356,1860.4764404296875,517163,1851.4464233398442,1838.6690863037102,1777.8984856971904,1794.3893750633501,1938.0049020619892,1649.653362098167,1793.8291320800781,57.64283707963399,43.665686712552095,57.00716765872357,-23.991430362256324,-32.8143886905023,8.822958328245974,24.695169228754775,56.13477019942303,99.99999999999999,74.64450532375446,-5.570445546002867,37793515.0,37886418.55,1.0
2026-02-12,1863.868876757424,1895.798108050913,1836.32993912686,1860.7757568359373,403724,1850.5404296875004,1839.022927246093,1794.47393992494,1800.42450067904,1920.3606128795525,1659.1956127063852,1789.7781127929688,57.67747588570635,43.665686712552095,57.00716765872357,-15.692612932583643,-29.39003353891857,13.697420606334926,24.184269723682064,56.37287010832518,99.99999999999999,91.51999741063503,-16.580055865726706,38197239.0,37826420.25,1.0
2026-02-13,1852.4940554378773,1867.860022289,1809.5891510797435,1815.7755126953125,250560,1847.838420410157,1839.263256835937,1798.7342544790145,1801.8200472259737,1893.757415735272,1673.1967468623843,1783.4770812988281,50.93360155673499,43.665686712552095,57.00716765872357,-12.601620314484308,-26.03235089403172,13.430730579547411,23.109169868480812,56.508441615534565,91.69861613079094,97.23287204359697,-37.883781513474204,37946679.0,37753893.95,1.0
2026-02-16,1783.0479779716552,1838.8243772442129,1768.8794305601791,1832.837646484375,361518,1845.8288745117193,1839.6650482177727,1805.5549328800867,1804.6398289767374,1874.884092790146,1684.097730940323,1779.4909118652345,53.16941695907709,50.33265232258021,57.00716765872357,-8.675212344885722,-22.560923184202522,13.8857108393168,21.62454176667266,57.46819197757022,85.37106961607282,92.35656191562124,-29.806336065145945,38308197.0,37707961.85,1.0
2026-02-17,1832.8377307061853,1843.913158760749,1814.0792580765728,1825.054931640625,154897,1844.0767578125003,1840.0343969726557,1809.4549326321944,1806.4957474007272,1868.5556243162248,1687.133499218932,1777.8445617675784,52.005338773226214,50.33265232258021,57.00716765872357,-6.120947315272588,-19.272928010416535,13.151980695143948,20.14410375506355,55.49431402804207,77.40961392056951,84.82643322247775,-33.49077878300717,38153300.0,37664361.35,1.0
2026-02-18,1829.9440891350932,1852.2945756525392,1813.5803335526589,1840.021728515625,153454,1842.470317382813,1840.3780395507806,1815.5682918088805,1809.5435638657177,1872.5618209602108,1685.5918411491648,1779.0768310546878,54.087129769738596,50.33265232258021,57.00716765872357,-2.8560556203876786,-15.989553532410765,13.133497912023087,18.81491538025711,54.2957374617448,80.67156010219044,81.15074787961092,-26.40529423643071,38306754.0,37640016.05,1.0
2026-02-19,1839.7224946250103,1853.89104267884,1827.349892800344,1833.5361328125,253266,1841.4386035156253,1840.6091210937495,1819.1618600096044,1811.7247064972432,1875.9455349942948,1684.562912271331,1780.254223632813,53.014028536439746,50.33265232258021,57.00716765872357,-0.7829138571757994,-12.948225597363772,12.165311740187972,17.615298792495125,52.313266920084175,80.45345570557785,79.51154324277927,-29.475663167981725,38053488.0,37617373.0,1.0
2026-02-20,1833.5361284968155,1842.316716042132,1807.9927671836515,1822.9595947265625,212578,1840.8279589843753,1840.6564190673823,1819.9214069529962,1812.7460599726357,1880.2817542050352,1685.3852623965277,1782.8335083007814,51.229016592670924,50.33265232258021,57.00716765872357,0.006552165347784467,-10.35727004482146,10.363822210169245,16.652967929772732,51.02831562996962,79.36380386477018,80.16293989084616,-34.48273968475897,37840910.0,37599800.25,1.0
2026-02-23,1845.9087020346292,1875.7426021735296,1832.5383119409023,1865.46533203125,354084,1840.522634277344,1841.0760144042963,1829.0301919686472,1817.5387210688732,1891.1342190175837,1686.7956149667916,1788.9649169921877,57.43226983749691,50.76499714734449,57.00716765872357,4.015776074361611,-7.482660820984846,11.498436895346458,15.918829355004391,51.15365075975515,84.0590684390544,81.29210933646748,-14.359947391354389,38194994.0,37617076.9,1.0
2026-02-24,1865.4652729203565,1865.4652729203565,1807.394033503076,1816.9727783203125,268737,1839.5408105468753,1841.3059051513665,1826.6187092389805,1817.4872717280948,1891.5215226459813,1695.8972761821442,1793.7093994140628,49.67037703780842,50.76499714734449,57.00716765872357,3.2427902247179645,-5.337570611844284,8.58036083656225,14.901045162614258,51.64776845749936,79.36589323195564,80.92958851192674,-37.31697973518223,37926257.0,37634281.5,1.0
2026-02-25,1823.9573755759573,1872.8490120109805,1809.9883365945225,1860.0772705078125,346453,1838.8224023437504,1841.74235961914,1833.3104214927469,1821.3590897989782,1899.3828956433897,1698.2732078722358,1798.8280517578128,55.435785443818425,50.76499714734449,57.00716765872357,6.038754645513109,-3.0623055603728058,9.101060205885915,13.887039162860486,52.448690383139265,85.27054665719518,82.8985027760684,-16.910728762890813,38272710.0,37657689.95,1.0
2026-02-26,1867.8600829226243,1873.846813957633,1837.5272879851775,1847.3056640625,213861,1837.9942382812505,1842.1433270263667,1836.1094700066976,1823.71786927748,1902.8202199013992,1705.7317454306328,1804.275982666016,53.48093703290784,50.76499714734449,57.00716765872357,7.141689735734872,-1.0215065011512705,8.163196236886142,12.969490041496323,51.29660721094757,77.65098570826413,80.76247519913832,-26.25603439733456,38058849.0,37687893.05,1.0
2026-02-27,1848.9020531934264,1853.6914866169284,1801.0082061598137,1826.8509521484373,336426,1837.122172851563,1842.4216131591793,1834.2577664350456,1824.0026949930216,1904.5528990639673,1710.285138045408,1807.4190185546877,50.41465430171059,50.76499714734449,57.00716765872357,6.292710981530718,0.44133699538512716,5.851373986145591,12.818902753507718,51.395655299959515,62.74855215097623,75.22336150547851,-44.12516604589635,37722423.0,37690424.7,1.0
2026-03-02,1785.8418300340777,1819.8663920762904,1771.074512142273,1783.0479736328125,199676,1836.1243823242191,1842.4241448974603,1824.0158078745992,1820.2795385057298,1903.8886395156208,1713.2143634140673,1808.551501464844,44.52712833747643,51.01373857091227,59.391922893612744,2.061590184466013,0.7653876332013043,1.2962025512647086,13.278785437753877,51.708568493259854,32.56167292871433,57.65373692931823,-88.83651850716157,37522747.0,37698134.3,1.0
2026-03-04,1774.1676283790089,1774.1676283790089,1716.295897959535,1740.14306640625,274166,1833.0392187500004,1842.2922851562494,1807.2412595809294,1812.9944046785042,1904.8017685527404,1711.263526857416,1808.0326477050783,39.64356572896458,51.01373857091227,59.391922893612744,-4.699498084122297,-0.327589510263416,-4.371908573858881,14.608779083267773,52.78310472040396,7.192073657615944,34.1674329124355,-86.71483296246035,37248581.0,37712294.45,1.0
2026-03-05,1747.3271098480382,1766.0855816957944,1726.174043126398,1763.3916015625,245011,1830.4589379882814,1842.3871624755852,1798.4713279772436,1808.4850589406856,1904.4457399256648,1712.2681150548042,1808.3569274902345,43.27407043544243,51.01373857091227,59.391922893612744,-8.08850747771271,-1.879773103753275,-6.208734373959436,15.843773182673536,51.86370713818915,6.8030151500027545,15.518920578777674,-70.46304353851211,37493592.0,37729922.35,1.0
2026-03-06,1754.710841879439,1763.3916749598131,1731.16305750344,1751.418212890625,270851,1828.0383056640626,1842.5461053466788,1789.06070495992,1803.2971638452254,1902.152657788517,1716.7862704341396,1809.4694641113283,41.87697864787937,51.01373857091227,59.391922893612744,-11.606679660445025,-3.825154415091625,-7.7815252453534,16.99055341783603,50.46120073234515,10.988092199063967,8.327727002227554,-77.9723794830202,37222741.0,37744796.3,1.0
2026-03-09,1734.0566125745845,1763.491372544852,1701.7282416708983,1754.3116455078125,282204,1825.683525390625,1842.6488391113273,1782.1108930694986,1798.8439349054604,1896.4096365129571,1726.8097970807935,1811.6097167968753,42.36125436046146,46.14676640750804,59.391922893612744,-13.999997376480223,-5.860123007369345,-8.139874369110878,18.51794353393492,51.26848145674576,16.080628479233173,11.290578609433297,-69.78214689579079,37504945.0,37792605.15,1.0
2026-03-10,1765.985905605217,1775.8640361997236,1735.253970822388,1746.6287841796875,315877,1823.5083471679686,1842.8077258300773,1775.0144712915364,1794.0971030212993,1895.8301859406677,1727.8781758757389,1811.8541809082033,41.37547038037091,46.14676640750804,59.391922893612744,-16.328437546255827,-7.953785915146642,-8.374651631109185,19.52836882988236,50.507166022502176,12.522939953061748,13.197220210452961,-74.19722005753069,37189068.0,37811667.05,1.0
2026-03-11,1746.129881634963,1753.014646671195,1718.990083051979,1732.3603515625,422181,1821.0637670898434,1842.8868084716787,1766.4836473457294,1788.4846710704992,1899.7840127582244,1718.1571249370882,1808.9705688476563,39.53538945452684,46.14676640750804,59.391922893612744,-19.104857517151913,-10.184000235547696,-8.920857281604217,20.732081220369803,49.329837279410306,8.337862904000534,12.313810445431816,-82.39679196411007,36766887.0,37786193.8,1.0
2026-03-12,1746.1298593360634,1747.1276478271127,1691.2514923283586,1701.728271484375,340895,1818.58126953125,1842.5514270019523,1753.5325721734587,1780.597725653579,1900.2528995813675,1701.8134212194138,1801.0331604003907,35.84934854561074,46.14676640750804,59.391922893612744,-23.505980890699675,-12.848396366578093,-10.657584524121582,22.268080644815804,49.79743143793486,3.245326623831329,8.035376493631203,-94.32125528172672,36425992.0,37717817.65,-1.0
2026-03-13,1706.2183345390654,1706.2183345390654,1656.3289095525429,1665.1094970703125,445574,1814.1271435546873,1842.2036700439444,1735.8479571528296,1770.098795782373,1903.4089864381933,1679.0907083860254,1791.2498474121094,32.00751861329857,46.14676640750804,59.391922893612744,-29.607435841573533,-16.200204261577184,-13.407231579996349,24.152140545703418,49.80400240569112,0.0,3.861063175943954,-95.99815881457448,35980418.0,37606976.6,-1.0
2026-03-16,1656.3289159722915,1668.6017632866858,1609.4328563031966,1636.472900390625,375623,1808.2541601562496,1841.8038134765616,1715.972945800389,1757.9509871103958,1913.2731597996135,1651.2962737941375,1782.2847167968755,29.35789569093576,41.29251260594264,59.391922893612744,-36.3347722380272,-20.22711785686719,-16.10765438116001,26.40881040989716,50.47292416124813,0.0,1.0817755412771097,-89.77359428099209,35604795.0,37489882.4,-1.0
2026-03-17,1647.9474889416883,1662.5151769176584,1629.5881558841406,1653.3355712890625,296827,1802.9838427734371,1841.286692504882,1703.4454708981239,1748.4404947630019,1913.955941878432,1632.6632841957876,1773.3096130371098,32.881321315274455,41.29251260594264,59.391922893612744,-39.84623558536737,-24.150941402567227,-15.69529418280014,28.504289569505634,49.219645366410255,4.503720275077363,1.5012400916924542,-83.39621880201855,35901622.0,37369553.65,-1.0
2026-03-18,1656.3289180958766,1704.222766329974,1645.0538592706243,1686.2625732421875,179741,1798.7691845703125,1841.0382305908192,1700.0088913669367,1742.7879564429277,1909.9322279683552,1622.8077622660207,1766.369995117188,39.252773706943366,41.29251260594264,59.391922893612744,-39.516638501291936,-27.22408082231217,-12.292557678979765,29.061584756535275,49.93030691590593,18.1765098095536,7.560076694876987,-70.94339587042528,36081363.0,37265956.8,-1.0
2026-03-19,1651.3399191905366,1683.9675534658834,1634.377515186767,1644.65478515625,247209,1793.0199267578125,1840.5707806396474,1688.9380701247994,1733.8667590532298,1905.5485810680293,1607.654714830409,1756.6016479492191,34.76213048299848,41.29251260594264,59.391922893612744,-42.12721489525279,-30.204707636900295,-11.922507258352496,29.730404399821012,50.06993199729983,26.73153782052415,16.47058930171837,-85.58006781262405,35834154.0,37142326.8,-1.0
2026-03-20,1649.4441766054088,1679.1783231954753,1640.2645709496016,1648.546142578125,291013,1787.6657934570312,1840.089439086913,1680.8596846154646,1726.1103393736748,1899.1315310340487,1595.572765840952,1747.3521484375003,35.505275501237854,41.29251260594264,59.391922893612744,-43.38203438512687,-32.84017298654561,-10.541861398581261,30.351451211443482,49.27306201505511,35.73625697136154,26.88143486714643,-81.41299763308473,36125167.0,37045910.75,-1.0
2026-03-23,1640.3643237596875,1647.3488433864015,1596.7610142387728,1621.0072021484375,258931,1781.9524560546877,1839.534609374999,1668.8891881220593,1716.555508716835,1894.6230073861573,1579.886050231031,1737.2545288085942,32.66904797879069,40.41391413207784,59.391922893612744,-46.06761146263716,-35.48566068176392,-10.581950780873242,31.525589294045595,49.452495323933476,29.994651469484936,30.820815420456874,-86.46243505877247,35866236.0,36947177.05,-1.0
2026-03-24,1650.3421844325733,1669.6993057563636,1626.395260353745,1651.8388671875,266200,1777.131142578125,1839.1165179443349,1665.4791239351475,1710.6721776687136,1876.1051015475991,1577.0413095852136,1726.5732055664064,38.5841604773447,40.41391413207784,59.391922893612744,-45.18720299930669,-37.425969145272475,-7.7612338540342165,31.88292148120119,49.39818162993295,43.53924244097688,36.42338362727445,-69.24794883654411,36132436.0,36844049.15,-1.0
2026-03-25,1651.8388878458902,1717.9923151611292,1644.1559649946564,1697.8369140625,317722,1773.7167114257813,1838.892083129882,1671.950681960618,1709.5053355226942,1864.3654748400913,1576.8673498669405,1720.616412353516,46.18066309797296,40.41391413207784,59.391922893612744,-40.31311054371395,-38.00339742496077,-2.30971311875318,30.850382682012068,51.14376509682865,63.36413634839545,45.63267675295242,-43.565497266838726,36450158.0,36770244.2,-1.0
2026-03-27,1689.255894156269,1694.8434852759833,1611.5281473184828,1631.883056640625,1063249,1768.6838671875,1838.1348083496084,1663.9371568966194,1702.4487647152332,1842.1678468229197,1576.2455564973934,1709.2067016601566,38.7749048214267,40.41391413207784,59.391922893612744,-41.29624484670444,-38.6619669093095,-2.634277937394941,30.43650924763063,53.655550928770694,74.09220716695599,60.33186198544277,-80.39003361455858,35386909.0,36625954.15,-1.0
2026-03-30,1601.4504926688617,1632.7810749540422,1596.0624105764475,1601.7498779296875,315645,1761.8829418945313,1837.1153778076161,1651.499701103233,1693.2943204620017,1821.266675960039,1572.5911487469928,1696.928912353516,35.93916258934396,39.50327961485405,59.391922893612744,-43.9996806240315,-39.7295096522539,-4.2701709717775955,30.29328887854528,52.4457733179724,65.03298504503057,67.49644285346066,-96.83680982664947,35071264.0,36476574.9,-1.0
2026-04-01,1644.954130771055,1648.3466361013109,1600.153401834138,1631.583740234375,389423,1755.6786938476562,1836.1386041259755,1647.5165089294617,1687.6842677140357,1798.5380592990057,1575.7930442166191,1687.1655517578124,40.573081589582785,39.50327961485405,48.92614195985551,-43.23642698225831,-40.43089311825479,-2.8055338640035217,29.733330075858326,52.14202052862957,53.92188904694795,64.34902708631151,-77.36806397808547,35460687.0,36363488.1,-1.0
2026-04-02,1625.3974038461538,1630.3863461538465,1585.4858653846154,1621.40625,273270,1749.8555981445309,1835.165194091796,1642.2944571435694,1681.6589933763962,1784.4576488951502,1573.709282257194,1679.083465576172,39.522767783820775,39.50327961485405,48.92614195985551,-42.95759298552275,-40.93623309170838,-2.0213598938143704,29.463183684251447,51.71029583728172,55.40373592802102,58.11953667333317,-77.77778488172575,35187417.0,36246721.6,-1.0
2026-04-06,1621.4062877758884,1690.0541842492482,1605.4416720193258,1682.171630859375,278879,1746.3393920898434,1834.0546295166005,1650.2698918867306,1681.7055967839399,1777.6021044917634,1574.7676831058934,1676.1848937988284,48.152700911573795,38.90963231280885,48.92614195985551,-37.402207272967416,-40.22942792796019,2.8272206549927716,27.72802937665797,54.060454151041775,75.69667240081728,61.674099125262074,-27.033162809938393,35466296.0,36157607.35,-1.0
2026-04-07,1674.2891311465992,1706.2183636833638,1651.4397497524058,1696.240478515625,162003,1743.956674804687,1832.9093902587879,1659.4640092125096,1683.0269496686385,1766.2168934702077,1579.4377818227613,1672.8273376464845,49.93403389847139,38.90963231280885,48.92614195985551,-31.50115988145899,-38.48377431865995,6.982614437200958,25.77183151019664,54.11175127817865,86.8077683988999,72.63605890924606,-16.415681411879202,35628299.0,36064342.7,-1.0
2026-04-08,1756.1077779771117,1764.888365587139,1706.218352466398,1714.3004150390625,301334,1742.0429174804683,1832.0087445068345,1670.4312903778205,1685.8699919750406,1759.1127784395567,1582.8301170682557,1670.9714477539062,52.20416731242375,38.90963231280885,48.92614195985551,-25.078165879045855,-35.80265263073713,10.724486751691273,24.997369251569612,55.15004669198833,99.99999999999999,87.50148026657239,-28.198018695931736,35929633.0,35999687.3,-1.0
2026-04-09,1722.182965759142,1745.9303809827995,1707.4156471124445,1724.3780517578125,224665,1741.103000488281,1831.15450439453,1681.220642653819,1689.3707246825652,1752.527222156396,1586.4223139764163,1669.474768066406,53.4719669861999,38.90963231280885,48.92614195985551,-18.956200516353874,-32.433362207860476,13.477161691506602,24.27822572570166,53.96181006187167,99.99999999999999,95.60258946629995,-22.580685209846774,36154298.0,35932154.95,-1.0
2026-04-10,1724.378017243458,1761.5955765876254,1723.9789992883082,1751.01904296875,156341,1741.2666381835936,1830.5832836914053,1695.1803227168052,1694.9751172540366,1753.623933212286,1585.7646287994326,1669.6942810058592,56.73886010371702,38.90963231280885,48.92614195985551,-11.81855655421191,-28.310401077130766,16.491844522918857,23.883925239091123,52.79429343597492,100.0,99.99999999999999,-7.730841322017435,36310639.0,35888233.5,-1.0
2026-04-13,1721.185114725933,1778.059057647312,1699.2337683352257,1764.389404296875,194050,1742.112763671875,1829.9315893554678,1709.0221390328193,1701.2855069852035,1761.264994981307,1581.326472303849,1671.295733642578,58.32054410560909,49.10052585803943,48.92614195985551,-5.02511942317642,-23.6533447463399,18.62822532316348,22.914530302150176,54.6536502842686,99.99999999999999,99.99999999999999,-7.098419665697698,36504689.0,35875123.6,1.0
2026-04-15,1775.9637046931202,1814.6778238691736,1769.9769739318424,1793.62451171875,246688,1742.8311694335937,1829.018436279296,1725.9426135700055,1709.6799619609806,1780.5852572991348,1571.1958340094588,1675.8905456542968,61.624414562781546,49.10052585803943,48.92614195985551,2.686785695171011,-18.38531865803772,21.07210435320873,22.666522576907177,54.34184809055646,99.99999999999999,99.99999999999999,-9.185886053607796,36751377.0,35891392.85,1.0
2026-04-16,1795.5203267938211,1811.8840818343124,1766.1853218237272,1777.7596435546875,333265,1743.6194213867186,1828.0070458984367,1736.306019566942,1715.8690239240448,1795.486340597774,1567.5597653592572,1681.5230529785156,58.89604282289203,49.10052585803943,48.92614195985551,7.432684430701329,-13.22171804028991,20.654402470991236,22.34047114316684,53.72448465627279,96.459223964124,98.81974132137466,-16.107973664779983,36418112.0,35913277.55,1.0
2026-04-17,1777.759690456756,1825.7534139027675,1764.988070961638,1822.0615234375,331917,1744.780847167969,1826.870749511718,1753.4571203410537,1725.522887516177,1818.6927623295342,1562.9122059321844,1690.8024841308593,63.72573771756697,49.10052585803943,48.92614195985551,14.600331300407333,-7.657308172150461,22.257639472557795,22.28540314273914,54.22740310519114,96.459223964124,97.63948264274933,-1.5365747426305476,36750029.0,35970539.25,1.0
2026-04-20,1823.258914902404,1833.9352027817004,1787.0391448215591,1796.21875,245262,1745.4972558593752,1825.5325720214835,1762.0094462728432,1731.9497841056154,1832.7983549094215,1563.0949312233906,1697.946643066406,59.34523866629772,53.66320996237691,48.92614195985551,17.988091721254932,-2.528228193469382,20.516319914724313,22.381017688730694,53.70373559483043,91.20428936464549,94.70757909763117,-15.180741947973042,36504767.0,36000696.5,1.0
2026-04-21,1797.2165195775235,1818.6689713976436,1794.5225394644388,1800.0103759765625,144350,1746.487060546875,1823.2681793212882,1769.6096322135872,1738.1371106393378,1845.8068226973949,1561.4612437088556,1703.6340332031252,59.782055774602526,53.66320996237691,48.92614195985551,20.73979336282696,2.125376117789886,18.61441724503707,22.469802624294278,51.59249961900003,90.01414537317486,92.55921956731478,-13.654625591098835,36649117.0,36029084.2,1.0
2026-04-22,1800.9084409303075,1821.8619988825349,1788.2364542313692,1807.2943115234373,178421,1747.4948266601561,1821.5020922851556,1777.1465680755573,1744.4241289015285,1858.2738183086556,1565.2582007343128,1711.7660095214842,60.65660713727622,53.66320996237691,48.92614195985551,23.240388728335574,6.348378639899025,16.89201008843655,22.35083884726208,50.30914569272615,85.78721153173271,89.00188208985101,-10.722866696836542,36827538.0,36078753.4,1.0
2026-04-23,1798.3142208118527,1811.8841197389415,1780.0546429626668,1794.023681640625,123691,1748.7919506835935,1820.0499108886713,1780.521990788571,1748.9331791505372,1866.7721784915348,1571.3075944576835,1719.0398864746091,58.174567336519054,53.66320996237691,48.92614195985551,23.87607116105005,9.85391714412923,14.022154016920819,21.973046918780764,48.98916934155105,83.39684420305417,86.39940036932057,-16.06424937945664,36703847.0,36107687.4,1.0
2026-04-24,1794.02367320419,1803.003769454934,1758.103288201214,1764.389404296875,143611,1749.8496069335938,1819.0099932861324,1777.2954734902319,1750.338290527477,1867.694492786895,1584.723500377168,1726.2089965820314,52.96275594784097,53.66320996237691,48.92614195985551,21.738033037765717,12.230740322856528,9.50729271490919,20.935270550117686,48.697120192420265,65.09012144689449,78.09139239389378,-30.436659739461337,36560236.0,36142387.4,1.0
2026-04-27,1766.5845362811112,1807.9927589615213,1766.0856420319496,1786.4405517578125,219363,1750.7436279296874,1817.9583892822263,1779.1244891437482,1753.6203142756892,1872.3190878272403,1593.5590737938537,1732.939080810547,56.11346538401624,49.763348510614854,48.92614195985551,21.57427096611923,14.099446451509069,7.474824514610161,20.101942446178406,48.333279797579266,50.91886356042019,66.46860973678962,-26.025114727797572,36779599.0,36174745.55,1.0
2026-04-28,1795.0214965333976,1806.4960641877244,1748.6243316702498,1753.1143798828125,253236,1750.005263671875,1816.7127801513668,1773.9224672915611,1753.5743202399733,1874.3424607834575,1597.063447419668,1735.7029541015627,50.59735189289252,49.763348510614854,48.92614195985551,18.54160866963116,14.987878895133488,3.553729774497672,18.78834016543355,49.01459784900036,25.230832155243924,47.0799390541862,-59.99997196095417,36526363.0,36178555.8,1.0
2026-04-29,1761.4957988339297,1776.063486214722,1755.1099282312898,1766.4847412109375,166613,1748.1254296874997,1815.639042358398,1772.4349220754364,1754.7479948736973,1872.6655449812984,1612.2005316788582,1742.4330383300783,52.610121632186384,49.763348510614854,48.92614195985551,17.02087234762189,15.394477585631169,1.6263947619907206,17.568566619027614,47.15277702635101,20.045619431032794,32.06510504889897,-50.074048467215974,36692976.0,36243859.15,1.0
2026-04-30,1757.704172803733,1774.0679283363097,1743.1364852663287,1762.693115234375,173382,1746.1637768554685,1814.6727679443354,1770.4865607072243,1755.4702785428499,1862.7636622670345,1638.1967381235906,1750.4802001953126,51.96356020255671,49.763348510614854,55.02805201758663,15.332976321163642,15.382177332737665,-0.04920101157402357,16.570178042560876,45.99411031518173,8.579318366790007,17.95192331768891,-52.8888855861697,36519594.0,36316275.65,1.0
2026-05-04,1764.0900460100725,1809.1900369277453,1762.094469034948,1790.2320556640625,263914,1745.6529077148436,1813.8227856445308,1774.4356596985922,1758.6304400993238,1856.8973064499146,1659.9279254836802,1758.4126159667974,56.17622313348428,49.649060098729464,55.02805201758663,16.032654439313774,15.512272754052887,0.5203816852608867,16.176374862806707,46.072785856439985,22.74422616047174,17.123054652764846,-32.44445561936749,36783508.0,36382416.7,1.0
2026-05-05,1763.0922885587634,1786.041424176676,1737.3492964063544,1759.8994140625,576577,1744.194143066406,1812.8166613769527,1771.528410571374,1758.7458013687035,1839.8091850334872,1690.8653633063577,1765.3372741699225,50.883153490486826,49.649060098729464,55.02805201758663,13.978429082875664,15.205504019817443,-1.2270749369417793,15.042085052150396,46.55921252795914,18.3594064657972,16.56098366435298,-76.65278662032449,36206931.0,36433392.4,1.0
2026-05-06,1768.6798479078484,1859.378845747076,1752.9148628915727,1836.3299560546875,749527,1744.4196435546876,1812.009029541015,1784.4887196680368,1765.7989063401565,1843.0512177702258,1703.0391630891504,1773.045190429688,60.88425923614257,49.649060098729464,55.02805201758663,18.306718218001834,15.825746859454322,2.480971358547512,15.670992188491635,50.83812469421229,41.00930710278093,27.37097990968329,-18.88795772574158,36956458.0,36507900.5,1.0
2026-05-07,1847.904307710317,1870.2547945394545,1840.9197881887335,1852.094970703125,324353,1744.6611083984376,1811.216514282226,1798.0099698750546,1773.6440031004263,1849.5315617327178,1712.144268345408,1780.8379150390629,62.57691726674689,49.649060098729464,55.02805201758663,22.74681237596178,17.209959962755814,5.536852413205967,16.45271668831295,49.63003282210905,57.260845864519325,38.87651981103248,-13.66371150284772,37280811.0,36590526.1,1.0
2026-05-08,1837.1280957990884,1879.8334913503295,1809.988297934978,1816.2744140625,365040,1744.3158740234376,1810.4205926513666,1801.6628587125438,1777.5194950060693,1848.719369811992,1723.1538601684776,1785.9366149902348,56.585301733964776,49.649060098729464,55.02805201758663,23.108815390200107,18.389731048244673,4.719084341955433,16.272533602329485,51.073972864483515,73.19675447717361,57.15563581482462,-44.607808825969066,36915771.0,36639833.0,1.0
2026-05-11,1815.9750899948224,1900.1884646821256,1797.7155115236335,1882.228271484375,548123,1745.5012475585938,1810.1196838378899,1817.7759412669102,1787.0384746859152,1863.3534416760685,1724.3048102770567,1793.8291259765626,63.51261820278952,53.29768384313007,55.02805201758663,28.39036403740033,20.389857646075807,8.000506391324524,16.512781253430315,54.74532859976985,80.41134663234911,70.28964899134735,-11.029406123798612,37463894.0,36705312.8,1.0
2026-05-12,1883.82470396164,1890.210574775818,1831.0416675043384,1842.5162353515625,307391,1745.042265625,1809.570442504882,1822.7240000838408,1792.0819074737012,1868.1084585330716,1728.699512658335,1798.4039855957033,57.55742028701558,53.29768384313007,55.02805201758663,29.036880875325096,22.119262291925665,6.917618583399431,16.735868358023946,55.06129850489198,67.95831439896415,73.85547183616228,-35.41668134345547,37156503.0,36747606.0,1.0
2026-05-13,1826.052648769678,1860.6759816485887,1813.9794326812096,1820.06591796875,236639,1745.1041284179685,1808.9562329101554,1822.1923836608228,1794.6259084277965,1869.607788686607,1732.7678338719875,1801.1878112792972,54.44919384398498,53.29768384313007,55.02805201758663,27.421598026918446,23.179729438924223,4.241868587994222,16.425635954582592,54.463816395069635,61.2380627333776,69.86924125489695,-49.20348559978307,36919864.0,36768364.75,1.0
2026-05-14,1833.4362894825565,1852.294515677304,1800.209885148937,1815.3763427734373,281926,1744.210109863281,1808.4977557373038,1820.8291754833458,1796.5123115501276,1870.8804464290179,1733.6703592350455,1802.2754028320317,53.79568053236064,53.29768384313007,55.02805201758663,25.469469021539,23.63767735544718,1.8317916660918172,15.736247044367241,54.29387454744801,36.159375652846755,55.118584261729495,-52.08336716941307,36637938.0,36762692.8,1.0
2026-05-15,1823.3586670490356,1849.8998158834088,1807.9927003132348,1837.0283203125,319184,1744.0045629882811,1807.8006262207023,1824.0690044491766,1800.1955850739796,1874.5021801325654,1735.9754932072785,1805.238836669922,56.39775986842902,53.29768384313007,55.02805201758663,25.376996139852963,23.985541112328338,1.391455027524625,15.096100199167271,53.409106049071305,33.16637912000739,43.52127250207724,-38.78682569949186,36957122.0,36789643.3,1.0
2026-05-18,1834.9330771178008,1869.855675105361,1804.2011421686057,1862.0728759765625,273327,1744.7090014648431,1807.1869110107414,1831.669778754654,1805.8207933378508,1880.7309159706274,1733.7478926231229,1807.2394042968751,59.25602061881413,54.66792924452545,55.02805201758663,27.013205631507617,24.591074016164196,2.422131615343421,15.017816988666734,54.283779398191584,45.57243837704252,38.29939771663222,-23.40689227852949,37230449.0,36813664.3,1.0
2026-05-19,1870.753622356824,1897.5941564966756,1859.3788094655447,1879.9332275390625,346115,1746.646706542968,1806.7286944580069,1841.3224685115358,1812.5582873561427,1891.5136217259728,1731.336634621684,1811.4251281738284,61.20894740967583,54.66792924452545,55.02805201758663,29.412050735293633,25.555269359990085,3.856781375303548,15.58375759212861,53.13603422911582,64.57097652122766,47.76993133942585,-12.43879918912415,37576564.0,36867254.15,1.0
2026-05-20,1874.8445957803735,1914.1574871301984,1861.773590760603,1898.19287109375,370212,1749.8077026367184,1806.3070269775383,1852.6965490279786,1820.343249514107,1905.0486341571534,1727.6198717022219,1816.3342529296876,63.15344064274276,54.66792924452545,55.02805201758663,32.41291745931426,26.92679897985492,5.486118479459339,16.454195902148403,53.08231009629294,81.98590372162886,64.04310620663301,-9.029341893658927,37946776.0,36932137.1,1.0
2026-05-21,1917.5499101211203,1934.512313932036,1888.4144140245155,1926.6297607421875,394613,1753.0724658203121,1806.0290368652338,1867.4831913708204,1830.0056596257505,1923.6134425177781,1720.9886082634723,1822.3010253906252,66.01095435394963,54.66792924452545,55.02805201758663,36.66311571978349,28.874062327840637,7.789053391942854,17.65757037350471,52.58342365423777,92.97186271991797,79.84291432092482,-3.9979877001130704,38341389.0,37007829.65,1.0
2026-05-22,1930.7207700771164,1930.7207700771164,1839.622630241708,1851.496337890625,508668,1755.0740283203122,1805.4186816406243,1864.2858206747812,1831.9593576498298,1926.3702277403136,1723.9790886659375,1825.1746582031255,54.078004739450684,54.66792924452545,55.02805201758663,33.581680446012115,29.815585951474937,3.766094494537178,17.203348772194797,55.33447481003567,72.7583691936199,82.57204521172224,-42.105247263522784,37832721.0,37064273.35,1.0
2026-05-25,1925.7318316587468,1963.647795183634,1891.906776680421,1935.709716796875,1592052,1758.7019897460932,1805.4523724365229,1878.5705998992003,1841.3912084813794,1942.0270390663577,1725.4543085898931,1833.7406738281254,62.30355239358279,55.6449347625434,55.02805201758663,37.502629697589555,31.35299470069786,6.149634996891695,17.46020849087704,59.392830701676615,63.5895097981636,76.43991390390049,-13.257575872402638,39424773.0,37207500.2,1.0
2026-05-26,1934.8116250548228,1942.0955297085045,1880.8312924279685,1887.2171630859373,445589,1761.5137573242182,1805.356085815429,1880.2999125365477,1845.5572043545208,1947.1772489276293,1730.381759861434,1838.7795043945316,56.07493701530058,55.6449347625434,55.02805201758663,36.278866226042965,32.33816900576688,3.9406972202760855,17.376440499562175,59.52650260016657,36.475866437209035,57.60791514299751,-46.06133924746374,38979184.0,37317479.45,1.0
2026-05-27,1895.798090790258,1923.5366589440664,1870.2547303481012,1915.953369140625,278363,1765.1856176757808,1805.2298651123037,1887.4306038573632,1851.956855698712,1952.6562784402963,1741.186629274548,1846.9214538574222,58.709268017144616,55.6449347625434,55.02805201758663,37.19898973017939,33.310333150649384,3.888656579530007,16.991400772860665,59.08046159986647,42.84449140822638,47.63662254786634,-28.74330720400138,39257547.0,37454038.65,1.0
2026-05-29,1922.7384215599632,1940.1997201470413,1863.8689006092432,1889.8114013671875,537699,1768.9472802734372,1805.5506542968742,1887.9067633593281,1855.3981780322097,1953.3120742528795,1752.8634994775898,1853.0877868652346,55.45118383404772,55.6449347625434,55.02805201758663,35.410564963970046,33.73037951331352,1.6801854506565235,17.005123764995506,60.31263002400444,24.145583086241388,34.4886469772256,-44.497907331727625,38719848.0,37555382.25,1.0
2026-06-01,1908.270516048801,1934.7119114345755,1885.820274683521,1900.2882080078125,262266,1773.6508544921871,1806.0345819091788,1890.3830522890253,1859.4790898481735,1952.6734995083589,1767.2615834994544,1859.9675415039067,56.49323200311201,58.21340004067503,59.17660148409539,34.44159492230051,33.872622595110926,0.5689723271895843,17.01786654340643,59.49684479022231,25.28703652101731,30.75903700516169,-38.76676296360528,38982114.0,37678508.25,1.0
2026-06-02,1902.3835468637485,1934.4125336419784,1870.8534543400092,1929.9224853515625,246722,1779.519846191406,1806.860750732421,1898.2909389015329,1865.883034893936,1958.5787196029676,1775.3254063735956,1866.9520629882816,59.38701918728689,58.21340004067503,59.17660148409539,35.65392148776118,34.22888237364098,1.425039114120203,16.544623720078075,59.78700439820423,27.136500233527872,25.523039946928854,-20.634937038115396,39228836.0,37800774.65,1.0
2026-06-03,1928.7251411164511,1984.6012962651944,1916.252785056464,1976.2198486328125,428361,1785.9775317382812,1807.8725079345695,1913.8767208477889,1875.9136543247428,1967.2317648255193,1788.3044046080745,1877.768084716797,63.474472997408796,58.21340004067503,59.17660148409539,39.890674454785994,35.36124078986998,4.529433664916013,17.212881462121338,60.398540598956096,49.030644893581545,33.81806054937557,-4.5454653129680995,39657197.0,37973287.95,1.0
2026-06-04,1976.619005030484,1997.8719486557995,1936.7074653024583,1944.8892822265625,366512,1791.1500659179685,1808.9301635742179,1920.0792331235436,1882.184165952181,1975.2105728329643,1791.1815292178171,1883.1960510253907,59.13693329399876,58.21340004067503,59.17660148409539,40.256168781674205,36.34022638823083,3.9159423934433732,18.081990048499872,60.45325079569789,55.80104123694895,43.98939545468612,-27.357074300581495,39290685.0,38089999.3,1.0
2026-06-05,1930.02237108,1974.62346892941,1930.02237108,1964.8450927734373,224931,1797.553872070312,1809.9459124755851,1929.0324050535223,1889.6987956632042,1986.4691334548081,1791.1979808030048,1888.8335571289065,60.966578129305404,58.21340004067503,59.17660148409539,41.67568148845453,37.407317408275574,4.268364080178955,18.659406086945047,59.32095415667732,59.785705538872655,54.872463889801054,-17.053089457004,39515616.0,38201739.55,1.0
2026-06-08,1940.698663522597,1978.51487263717,1906.7738539803,1917.15087890625,268635,1802.9259667968747,1810.4927008056632,1926.656099824068,1892.1944395943901,1985.9969717423955,1801.7577889997924,1893.877380371094,54.66660175184581,62.76116498367142,59.17660148409539,38.508232144094336,37.62750035543933,0.8807317886550052,18.428390379429544,60.20810162097679,35.01816220851808,50.201636328113224,-51.00879457712827,39246981.0,38318300.05,1.0
2026-06-09,1918.9467891079091,1950.477003059926,1904.1795924294613,1930.0223388671875,294870,1809.1062695312496,1811.0085577392572,1927.329347632692,1895.6333395282809,1989.5861554486303,1802.9480120318392,1896.2670837402347,55.98838784061112,62.76116498367142,59.17660148409539,36.61455516583442,37.42491131751835,-0.8103561516839335,18.13038409261834,59.21448083594021,26.22305969795341,40.342309148448045,-42.87513555734235,39541851.0,38422197.9,1.0
2026-06-10,1922.040005319498,1946.6853321524925,1893.004262996778,1902.5831298828125,253997,1814.1211547851562,1811.4815093994134,1922.3801040827161,1896.26513865142,1989.1070879419933,1809.4337689916013,1899.2704284667973,52.47577546513237,62.76116498367142,59.17660148409539,32.52476245572802,36.444881545160285,-3.920119089432262,17.487465724651123,58.81923714449552,6.980615841812248,22.740612582761244,-60.214362834501756,39287854.0,38528765.45,1.0
2026-06-11,1881.9288303031533,1902.882388411381,1845.9086904867,1854.389892578125,407695,1817.2522143554688,1811.6032397460933,1908.7820617817981,1892.4582980993023,1985.6127048486999,1816.360549545832,1900.986627197266,46.909184115260764,62.76116498367142,59.17660148409539,25.105381573581553,34.176981550844545,-9.071599977262991,16.905071152640872,58.687412914508776,5.336437239957427,12.846704259907694,-90.66835643628151,38880159.0,38626780.2,1.0
2026-06-12,1865.3656060920807,1903.7804634520944,1865.3656060920807,1889.711669921875,264296,1822.408786621094,1811.836722412109,1904.9679834098135,1892.208604628627,1979.45095279382,1829.9558343155556,1904.7033935546879,51.01094787265983,62.76116498367142,59.17660148409539,21.824066749480153,31.70639859057167,-9.882331841091517,16.337236055556765,58.02335276875596,8.253732219986462,6.856928433918712,-71.17528278682168,39144455.0,38752106.05,1.0
2026-06-15,1905.7759773790492,1913.9577941115317,1863.868861646107,1868.2591552734373,355399,1827.7389721679688,1812.0028540039061,1897.6262177825383,1890.0313819599733,1976.2103085306037,1836.319562074865,1906.2649353027343,48.55722535553073,56.16912031729302,59.17660148409539,17.293217023605393,28.823762277178417,-11.530545253573024,15.494435353970912,57.45660846137516,11.569986370446863,8.38671861013025,-85.29219164157003,38789056.0,38843702.75,1.0
2026-06-16,1872.2502884229805,1885.6206781307603,1840.9197064570828,1858.28125,260733,1832.2729223632814,1812.075193481445,1889.7572242260308,1887.1450063272482,1976.5436589319486,1835.607049075864,1906.0753540039063,47.41481541928304,56.16912031729302,59.17660148409539,12.750374031109004,25.609084627964535,-12.85871059685553,15.322990162704917,56.54549154796819,12.58743779677882,10.803718795737382,-88.93832716264367,38528323.0,38908596.45,1.0
2026-06-17,1861.2746576374936,1868.758071248291,1829.5449352075736,1839.02392578125,279615,1836.6252758789065,1812.2218682861328,1879.6105645370749,1882.7703626412483,1979.8638754633323,1828.1959023686989,1904.0298889160156,45.20432155391662,56.16912031729302,59.17660148409539,7.509666346818676,21.989200971735364,-14.479534624916688,15.447213903124418,55.30746615459312,4.333705576792359,9.497043248006015,-94.36870507026973,38248708.0,38942203.65,1.0
2026-06-18,1832.239064116284,1875.642863696817,1830.9418903512071,1864.86669921875,254576,1840.279177246094,1812.337611694336,1876.66179147341,1881.1427568755666,1980.1763409629525,1824.550819681579,1902.3635803222658,48.66317466798531,56.16912031729302,59.17660148409539,5.3796503288210715,18.667290843152507,-13.287640514331436,15.320907763520118,54.54985952538002,7.3280232986498355,8.083055557407004,-79.01598603361388,38503284.0,38970029.05,1.0
2026-06-19,1864.8666664933971,1884.8224360652905,1852.9929592380508,1874.545166015625,265396,1843.8452709960939,1812.8439892578122,1876.2384663818532,1880.5429758882992,1977.6388777585146,1821.8798234133603,1899.7593505859375,49.93770075913018,56.16912031729302,59.17660148409539,4.421599229242247,15.818152520370456,-11.396553291128209,14.880089162274626,52.92697504694143,14.94647767356141,8.8694021830012,-73.26618592808781,38768680.0,38991393.6,1.0
2026-06-22,1877.5385883984604,1905.7760519192916,1859.378886257382,1900.787109375,279080,1847.5750048828127,1813.597319946289,1881.1481949804827,1882.3833516598174,1976.7187599987644,1827.729018321548,1902.2238891601562,53.32154458975451,54.915231712379196,59.17660148409539,5.71397519722359,13.797317055741082,-8.083341858517493,13.859201342276627,52.46056009086773,29.756103200282194,17.343534724164478,-57.67632734163667,39047760.0,39052145.55,1.0
2026-06-23,1905.7760290364445,1947.6831459053087,1905.6762745468277,1923.1375732421875,269082,1851.5501953125001,1814.4634002685546,1889.5460706328238,1886.0882808945782,1975.106091858003,1828.0844721068408,1901.595281982422,56.0465520730157,54.915231712379196,59.17660148409539,8.444346931375094,12.726723030867886,-4.282376099492792,14.055708350016832,52.06309412225637,46.37420795757025,30.358929610471286,-44.39832554659973,39316842.0,39046749.0,1.0
2026-06-24,1922.738364645496,1966.6410569363115,1900.886772986133,1954.168701171875,267959,1855.6131884765625,1815.3279840087891,1902.4705967406342,1892.277410010696,1981.721892113441,1828.163825659996,1904.9428588867186,59.57509895476652,54.915231712379196,59.17660148409539,12.962712803732302,12.77392098544077,0.18879181829153246,14.671827279536956,53.04103625282224,68.12899596787238,48.08643570857494,-16.34300979471176,39584801.0,39077029.85,1.0
2026-06-25,1954.168725864944,1983.6034858409544,1931.917994179888,1952.4725341796875,258281,1859.374851074219,1816.278377685547,1912.4709842284449,1897.7496940260587,1986.336730477218,1827.2009038001254,1906.7688171386717,59.294893898094564,54.915231712379196,59.17660148409539,16.219713054165595,13.463079399185736,2.7566336549798596,15.605969152411822,52.9442116391254,86.00276200061964,66.83532197535408,-20.207220912619405,39326520.0,39080478.5,1.0
2026-06-29,1958.559082821993,1967.239794104204,1883.8246993612047,1898.6917724609373,922012,1861.4761962890627,1816.7458422851564,1909.7151418749434,1897.8353375201384,1986.4808588586482,1827.9448125280708,1907.2128356933595,51.0897207540414,59.87199432874058,59.17660148409539,14.29645062831787,13.629753645012162,0.6666969833057088,14.951559049197778,55.120703289402115,76.72539788288175,76.95238528379124,-55.11652097914701,38404508.0,39064711.5,1.0
2026-06-30,1905.67622317452,1975.222030811973,1905.67622317452,1967.3394775390625,310036,1865.2677929687502,1817.4153576660156,1921.2400090077672,1904.1538957036769,1994.1542571057182,1826.9765412341255,1910.5653991699219,58.90649238344127,59.87199432874058,61.50872998162485,18.102868783777012,14.524376672765133,3.5784921110118795,14.537331295380593,56.64995722237594,78.11718979989587,80.28178322779908,-10.557030580273318,38714544.0,39051333.0,1.0
2026-07-01,1975.3218822931865,1990.5880953536348,1949.6787660756904,1955.266357421875,216981,1867.9318896484374,1818.2834338378907,1928.045278690589,1908.8004831326039,1997.4019857926028,1826.2631997542726,1911.8325927734377,57.17580838998531,59.87199432874058,61.50872998162485,19.915706830315003,15.602642704275107,4.313064126039896,14.520057528059784,55.52562665491654,73.20192449215656,76.01483739164473,-21.933087937248676,38497563.0,39014769.35,1.0
2026-07-02,1955.2663450406092,1985.5991401854224,1949.179859473479,1981.8074951171875,203345,1871.6436645507813,1819.2887060546877,1938.7977219759089,1915.4374842221116,1998.5980944636285,1825.6258557316842,1912.1119750976563,59.96080486328687,59.87199432874058,61.50872998162485,23.226303670615835,17.127374897543252,6.098928773072583,14.487888978837027,54.16088765898989,92.88394531362185,81.4010198685581,-5.452327331681495,38700908.0,38966954.9,1.0
2026-07-03,1981.8074631263717,2044.967523678093,1981.8074631263717,1998.370849609375,700460,1875.6108740234372,1820.5733587646484,1950.7123475026024,1922.9768810754993,2008.5410641916692,1821.0310427419245,1914.7860534667968,61.637506354430734,59.87199432874058,61.50872998162485,26.876682138369233,19.07723634570845,7.799445792660784,15.698025435134586,54.80368572275642,94.43479291839537,86.84022090805793,-21.630356593312726,39401368.0,38972489.05,1.0
2026-07-06,1999.468388572066,2019.5239129522824,1966.4416137628084,1994.678955078125,285269,1879.3585668945311,1821.6544622802735,1959.505669017707,1929.4952514393742,2014.2411930577687,1818.314300106294,1916.2777465820313,61.024087139765385,62.487950661477825,61.50872998162485,29.135868187382812,21.088962714043323,8.04690547333949,16.321267425973787,54.68072954180768,98.75573071174419,95.35815631458713,-23.34414833514542,39116099.0,38952513.2,1.0
2026-07-07,2014.5349208874648,2015.532709357444,1985.798564231932,1998.0714111328125,195048,1883.4395214843748,1822.9720416259765,1967.2188174407283,1935.7294477751414,2024.9001211175043,1815.7474252692148,1920.3237731933596,61.40419083694283,62.487950661477825,61.50872998162485,30.84447633627269,23.040065438489197,7.8044108977834945,16.899992131753045,52.89883065492942,98.28246980640708,97.15766447884887,-21.769357093997677,39311147.0,38955721.5,1.0
2026-07-08,1989.59020996822,2021.5194410208696,1952.6720365635945,1974.2242431640625,221747,1887.6362182617188,1824.0411712646485,1968.6199025853953,1939.2289746286797,2029.8067792568572,1815.2609575595493,1922.5338684082033,57.18259256505266,62.487950661477825,61.50872998162485,29.92928725500383,24.417909801792124,5.511377453211704,16.392122647802438,54.038014497954116,86.83701504994045,94.62507185603056,-33.05364848797468,39089400.0,38933098.95,1.0
2026-07-09,1974.623444188352,2009.5460417358968,1963.647770673409,1988.7919921875,192019,1891.6832470703125,1825.140733642578,1972.6543205058165,1943.7347034976633,2037.6129430903982,1816.0756799564767,1926.8443115234375,59.035390399146756,62.487950661477825,61.50872998162485,30.033283911093122,25.540984623652324,4.492299287440797,15.92052955556259,53.456604252563665,80.66772538604532,88.59573674746427,-29.26196585180313,39281419.0,38932777.2,1.0
2026-07-10,2005.4551063398,2028.2046107854048,1986.6966340457404,2022.816650390625,158548,1897.0772924804687,1826.3470599365232,1982.6867864827784,1950.9239713970233,2048.424777823996,1822.1065210041288,1935.2656494140624,63.056381412766186,62.487950661477825,61.50872998162485,32.48672087538853,26.930131873999567,5.556589001388961,15.94235054608097,52.60313085878514,81.14098629138243,82.88190890912273,-11.935468461495347,39439967.0,38960767.6,1.0
2026-07-13,2020.5217154921947,2038.481908518792,2000.765454442796,2033.29345703125,170207,1902.4134667968751,1827.4980096435545,1992.8081205924727,1958.4121064546803,2061.4999618394086,1823.3895156996537,1942.444738769531,64.22097040405774,63.84003301463854,61.50872998162485,34.87446693697575,28.518998886594808,6.355468050380942,16.205575256453123,51.53979680287163,92.58644104784906,84.79838424175894,-7.244546380722349,39610174.0,38984053.55,1.0
2026-07-14,2032.4951317224577,2034.989602919957,1990.5880156044689,2002.760986328125,185540,1907.2148242187498,1828.5925830078122,1994.7986937396033,1962.4438228068116,2065.750234885926,1832.5894257586046,1949.1698303222654,58.43926817124915,63.84003301463854,61.50872998162485,33.91213964210738,29.597627037697325,4.3145126044100515,16.095351984933504,51.02992469662995,85.32330030294972,86.35024254739373,-26.19200546402769,39424634.0,39015832.45,1.0
2026-07-15,2012.5393776211577,2040.3777007594288,1997.0736560777127,2032.894287109375,120756,1912.0680688476561,1829.9126568603513,2002.4178124135578,1968.8484104706808,2071.9473524630866,1843.8536118923814,1957.9004821777341,62.06875630572936,63.84003301463854,61.50872998162485,35.17551245469349,30.71320412109656,4.46230833359693,16.13390766021342,50.4780761241361,79.85996118014276,85.92323417698051,-7.492258262133856,39545390.0,39066685.8,1.0
2026-07-16,2040.477442609017,2040.477442609017,2011.5415766747085,2030.300048828125,140773,1917.4760815429688,1831.3868890380857,2007.9942596964713,1974.4349230486303,2071.1464999516684,1863.782076708488,1967.464288330078,61.57023827665429,63.84003301463854,61.50872998162485,35.55752613494269,31.682068523865787,3.8754576110769037,16.17245218606474,48.93934682486271,73.13114709655667,79.43813619321638,-9.10215823270184,39404617.0,39124481.25,1.0
2026-07-17,2038.0,2043.0,2004.0,2029.5,167206,1921.339482421875,1832.8875543212887,2012.2954077571771,1979.4408391351183,2070.8738619367173,1880.518044801564,1975.6959533691406,61.40643859649821,63.84003301463854,61.50872998162485,35.387789070387726,32.42321263317017,2.964576437217552,15.90696644031456,48.22939348022966,74.49122941401316,75.8274458969042,-11.104443437726497,39237411.0,39161187.6,1.0
2026-07-20,2020.0,2047.5,2010.0,2025.9000244140625,163839,1924.8155834960937,1834.4300866699214,2015.0163310885544,1983.6644014332041,2068.083027670376,1898.4443649077484,1983.2636962890622,60.624881229122714,64.21974160392142,61.50872998162485,34.564347003606144,32.85143950725737,1.7129074963487767,15.80240968232098,47.46300823164183,62.94010685019515,70.18749445358833,-21.969024322245634,39073572.0,39176432.2,1.0
2026-07-21,2025.9000244140625,2030.0,1990.0,1997.699951171875,191207,1928.4440942382812,1835.8356097412106,2011.5530551052186,1984.940360500356,2063.6556688922706,1912.563007865542,1988.1093383789062,54.74673312677082,64.21974160392142,61.50872998162485,31.275725900584348,32.536296785922765,-1.2605708853384172,14.904109176826601,46.929936215095985,36.335587600447916,57.922307954885405,-50.650912988363594,38882365.0,39168162.45,1.0
2026-07-22,2010.300048828125,2010.4000244140625,1952.0,1968.0,289372,1930.1595288085937,1837.0696838378901,2002.842444084175,1983.4003277275965,2060.227312681508,1920.4776067520854,1990.3524597167968,49.32265144817564,64.21974160392142,61.50872998162485,25.973525502447956,31.223742529227806,-5.2502170267798505,14.840788149286103,47.74922822930788,16.318871646708374,38.53152203245048,-83.24607329842932,38592993.0,39131970.0,1.0
2026-07-23,1971.5,1992.5,1959.300048828125,1982.5,145986,1932.9592041015624,1838.1377862548825,1998.7739552673402,1983.3184797523604,2059.6762605047184,1923.8617888116883,1991.7690246582033,51.831794538920136,64.21974160392142,61.50872998162485,22.68008045544684,29.515010114471615,-6.834929659024773,14.781990052284213,46.70999415377696,5.613928878317832,19.422796041824707,-68.06282722513089,38738979.0,39089678.9,1.0
2026-07-24,1980.0999755859373,1982.9000244140625,1953.0999755859373,1961.5,160451,1935.7878857421874,1839.2765002441402,1991.3191642138722,1981.3349815930549,2059.140680712592,1925.3001151858462,1992.220397949219,48.116116401486096,64.21974160392142,61.50872998162485,18.16606988636704,27.2452220688507,-9.07915218248366,14.915579814640362,45.50214091623041,5.613928878317832,9.182243134448012,-90.05235602094241,38578528.0,39052279.3,1.0
2026-07-27,1970.699951171875,2064.0,1965.0999755859373,2054.0,398068,1940.5603588867186,1840.9081463623043,2003.855331371098,1987.9408923573226,2056.43349974767,1943.538118904674,1999.985809326172,61.28226847749552,57.59311662769699,61.50872998162485,21.801348558611153,26.156447366802794,-4.3550988081916415,15.172917018476028,49.57341656507109,32.864827011073416,14.69756158923636,-8.92857142857143,38976596.0,39080883.7,1.0
2026-07-28,2065.0,2091.699951171875,2050.60009765625,2072.800048828125,365357,1945.275793457031,1842.5265307617183,2017.6442748625034,1995.6553611273953,2068.1959948872577,1942.3216808939928,2005.2588378906253,63.319603008007476,57.59311662769699,61.50872998162485,25.900771942714073,26.10531228198505,-0.20454033927097726,15.992886615384164,48.96816206153923,58.71860884923413,32.39912157954179,-13.52892551873347,39341953.0,39112254.15,1.0
2026-07-29,2075.10009765625,2092.89990234375,2059.39990234375,2070.60009765625,152505,1949.4463378906248,1843.9523175048823,2028.235439421253,2002.4685189936547,2075.784666933505,1946.2663828711834,2011.0255249023442,62.9024849494852,57.59311662769699,61.50872998162485,28.64191071777077,26.612631969142196,2.029278748628574,16.77857334527013,47.863293342857865,89.32298138941778,60.30213908324177,-15.826699888759133,39189448.0,39146848.4,1.0
2026-07-30,2070.60009765625,2088.800048828125,2058.39990234375,2080.300048828125,110198,1953.453674316406,1845.4665155029293,2038.6483613026273,2009.5441126149701,2086.1086543538354,1945.7916508219469,2015.9501525878911,64.02768661689927,57.59311662769699,61.50872998162485,31.23690830489909,27.53748723629358,3.69942106860551,17.47055812777879,46.61592571010909,95.00536372989177,81.01565132284789,-8.94241465468546,39299646.0,39176785.3,1.0
2026-07-31,2080.300048828125,2088.5,2012.0,2029.199951171875,268301,1956.0738159179684,1846.7326965332027,2036.7586792764769,2011.3310070292341,2087.3780216786618,1947.6051936533709,2017.4916076660163,54.6275505449318,57.59311662769699,63.309806793757296,28.83768884297797,27.79752755763046,1.0401612853475086,16.563743435272855,48.7505024451013,77.17853206199852,87.16895906043602,-45.209365026008186,39031345.0,39158284.15,1.0
2026-08-03,1999.0,1999.0,1914.0,1919.699951171875,1188916,1955.935219726562,1847.4788165283196,2013.3469336555565,2003.0009110422016,2095.771182691836,1931.7141322495715,2013.7426574707038,40.80336908472026,61.81740367376771,63.309806793757296,17.89428112958717,25.816878272021803,-7.922597142434633,17.139826304959307,53.49689163987085,46.57415952181488,72.91935177123506,-96.81388804733793,37842429.0,39094600.65,-1.0
2026-08-04,1919.699951171875,1925.0999755859373,1891.4000244140625,1919.4000244140625,866179,1957.2932934570308,1848.2458874511713,1994.5575518072578,1995.4008304396434,2101.9265304606483,1917.6916458088838,2009.8090881347662,40.77293323497696,61.81740367376771,63.309806793757296,9.092536984516983,22.47201001452084,-13.379473030003858,18.025537668495478,52.08282446358542,13.6408790485853,45.79785687746623,-86.10420994410207,36976250.0,38977855.8,-1.0
2026-08-05,1919.4000244140625,1930.800048828125,1900.0,1903.0999755859373,267772,1956.6410986328121,1848.9858374023433,1976.2660365629938,1987.009843634761,2109.0294136981984,1903.4763358135208,2006.2528747558597,39.06739207543555,61.81740367376771,63.309806793757296,0.7926761440046448,18.136143240417603,-17.343467096412958,18.68707942041877,50.56262620390967,0.0,20.071679523466727,-94.19356910183468,36708478.0,38858809.7,-1.0
2026-08-06,1912.5,1913.4000244140625,1877.0999755859373,1885.0,703113,1956.5967553710934,1849.711119384765,1958.012829250395,1977.7362214861464,2117.169459650127,1884.9570906428426,2001.0632751464848,37.20624841611045,61.81740367376771,63.309806793757296,-7.162969873440261,13.076320617646031,-20.239290491086294,19.66479106015928,49.54387067706793,0.0,4.546959682861766,-96.33919040995377,36005365.0,38695007.0,-1.0
2026-08-07,1885.0,1900.0,1865.699951171875,1885.0999755859373,233480,1955.9796875,1850.4129547119135,1943.4302585175037,1969.3147445861273,2120.7176802857334,1867.637202526767,1994.1774414062502,37.2240377426434,61.81740367376771,63.309806793757296,-13.306421323290124,7.799772229458799,-21.106193552748923,20.74731625399596,48.45502625928629,0.022108342836024784,0.007369447612008261,-91.46125502492458,36238845.0,38534950.9,-1.0
2026-08-10,1893.800048828125,1898.9000244140625,1830.0,1834.5999755859373,564971,1954.8754589843747,1850.7819683837884,1921.6642019311905,1957.0679474042918,2127.894394327742,1840.5911403402274,1984.2427673339846,32.25351335797834,50.32607252779287,63.309806793757296,-21.996516660656425,1.8405144514357552,-23.83703111209218,22.258521331177946,49.91538327034174,0.022108342836024784,0.014738895224016522,-98.2502939160766,35673874.0,38338135.9,-1.0
2026-08-11,1848.0,1863.0,1825.9000244140625,1848.800048828125,631597,1953.8456958007812,1851.2683789062494,1907.0913713105774,1947.2254111700947,2132.0314667230805,1821.0579741948886,1976.5447204589846,34.88641261333959,50.32607252779287,63.309806793757296,-27.421553983596596,-4.0118992355707155,-23.40965474802588,23.716823898053498,48.999997007170016,2.7842040800524464,0.9428069219081653,-91.42320790869685,36305471.0,38182177.75,-1.0
2026-08-12,1848.800048828125,1858.800048828125,1819.4000244140625,1831.300048828125,368370,1951.8732470703123,1851.6348614501946,1891.933106814087,1936.6867418662794,2132.359926701337,1800.570090388507,1966.465008544922,33.1752405083593,50.32607252779287,63.309806793757296,-32.755454404890315,-9.760610269434636,-22.99484413545568,25.16163472888455,48.31428467909091,3.7290520792639947,2.1784548340508216,-95.64898364703409,35937101.0,38001763.3,-1.0
2026-08-13,1831.4000244140625,1852.699951171875,1822.300048828125,1831.0,212265,1948.9688500976558,1851.9085461425773,1879.7464854512698,1927.078856242072,2130.017891777745,1782.9821204292869,1956.5000061035157,33.14522146323887,50.32607252779287,63.309806793757296,-36.58509020381803,-15.125506256311315,-21.45958394750671,26.503244786084814,47.03468594085228,4.664516340331401,3.7259241665492806,-95.75869076295541,35724836.0,37817774.25,-1.0
2026-08-14,1840.0,1843.300048828125,1815.0,1832.5999755859373,222945,1946.7230639648433,1852.2920050048822,1870.3171834782033,1918.4898670915143,2125.009416425624,1768.300593340001,1946.6550048828124,33.49081888866023,50.32607252779287,63.309806793757296,-39.04095962684846,-19.908596930418746,-19.132362696429716,27.861275000793746,45.696497575657474,3.2004407704160025,3.8646697300037993,-93.6667931735482,35947781.0,37653292.75,-1.0
2026-08-17,1841.0,1842.199951171875,1813.0,1828.5,196058,1943.9961621093744,1852.7791888427726,1861.9537467825628,1910.3089700831947,2118.491186467517,1755.0788208567017,1936.7850036621091,33.01977138747291,46.90502556773876,63.309806793757296,-40.847226205857396,-24.096322785506477,-16.75090342035092,29.154229207560974,44.518172832530155,3.0373427729538185,3.6340999612337406,-94.46230603504671,35751723.0,37487200.3,-1.0
2026-08-18,1823.9000244140625,1834.9000244140625,1799.0999755859375,1803.0,233127,1941.7131445312496,1853.0670318603509,1850.1629974260504,1900.5536091665406,2115.7429022164542,1738.3571099905766,1927.0500061035154,30.176900346953367,46.90502556773876,63.309806793757296,-43.831084907863215,-28.043275209977825,-15.78780969788539,30.57811476469316,43.89544968935836,2.1018785118864116,2.7798873517520772,-98.65377168517244,35518596.0,37319011.85,-1.0
2026-08-19,1803.0,1815.5999755859373,1781.0,1785.699951171875,267386,1938.8266967773434,1853.1351696777335,1837.2703881752154,1890.112367530662,2115.693529246104,1720.1764780781145,1917.9350036621092,28.391006200605364,46.90502556773876,63.309806793757296,-47.04942727426692,-31.844505622835644,-15.204921651431274,32.173162362493954,43.23148725339971,0.8038583445853891,1.9810265431418728,-98.4715605945122,35251210.0,37151922.7,-1.0
2026-08-20,1790.0,1812.4000244140625,1790.0,1799.300048828125,197588,1936.7610351562496,1853.152072143554,1829.6763203057976,1881.8567021940676,2110.8654320578235,1706.684580149208,1908.7750061035156,31.807623175842398,46.90502556773876,63.309806793757296,-47.94983669674252,-35.06557183761702,-12.884264859125501,33.65427798902327,42.05067196688456,9.175306391795218,4.027014416089006,-91.60548218893348,35448798.0,36987413.65,-1.0
2026-08-21,1809.0,1825.0,1803.4000244140625,1815.800048828125,218852,1935.9892382812498,1853.2764196777337,1826.9010660102633,1875.8515518880727,2106.06688132166,1696.9131357681833,1901.4900085449217,35.80917357127567,46.90502556773876,63.309806793757296,-46.79260947279295,-37.410979364652206,-9.38163010814074,34.40573806999217,40.88276333866959,29.14572335537408,13.04162936391823,-76.76900034388288,35667650.0,36841869.75,-1.0
2026-08-24,1840.0,1876.0,1824.800048828125,1859.800048828125,633649,1935.3910058593747,1853.8078521728507,1833.4808625738358,1874.3923243371682,2083.935997157965,1699.6240248146905,1891.7800109863279,45.06645568787691,45.83137815571556,63.309806793757296,-41.84272934607725,-38.29732936093722,-3.5453999851400297,33.05059456329628,42.26256246961283,62.47905668870741,33.6000288119589,-47.39651325578856,36301299.0,36708104.9,-1.0
2026-08-25,1865.0999755859373,1896.0,1860.0999755859373,1890.0999755859373,237647,1935.8278222656247,1854.3530895996084,1844.804685176256,1875.820292632511,2054.908108992714,1710.3819056557227,1882.6450073242183,50.37399735143269,45.83137815571556,63.309806793757296,-35.07068974080698,-37.65200143691117,2.581311696104187,31.15198657840009,41.829518805488696,86.63708363024551,59.420621224775665,-17.598220945381094,36538946.0,36567954.55,-1.0
2026-08-26,1899.0,1909.5999755859373,1880.0,1882.699951171875,181443,1936.3161962890622,1854.6353277587882,1852.3837383753798,1876.4457161360895,2021.1203562462038,1725.3796437537958,1873.2499999999998,49.125636224536194,45.83137815571556,63.309806793757296,-29.955610063260337,-36.112723162181005,6.157113098920668,28.979803600834604,40.95598000409217,98.10708027503114,82.40774019799468,-20.917596828069584,36357503.0,36426357.3,-1.0
2026-08-27,1891.300048828125,1922.0,1880.5999755859373,1903.800048828125,314326,1937.6117187499997,1855.0749517822258,1862.667000465929,1878.9324736535473,1977.1592202578802,1751.6907797421193,1864.4249999999997,52.72327227741353,45.83137815571556,63.309806793757296,-23.92349585826537,-33.674877701397875,9.751381843132506,27.21794874112132,40.98769746194721,98.10708027503115,94.2837480601026,-12.907766788563835,36671829.0,36294966.45,-1.0
2026-08-28,1908.0,1940.0,1905.9000244140625,1932.0999755859373,209531,1938.9563842773434,1855.7034698486318,1876.5535954899308,1883.765882920128,1948.2153246707155,1770.9246777706906,1859.570001220703,57.104680072468945,45.83137815571556,63.309806793757296,-16.667304009189593,-30.27336296295622,13.606058953766627,26.07909684974727,40.645715584084904,98.10708027503115,98.10708027503115,-4.968568813875929,36881360.0,36187467.2,1.0
2026-08-31,1932.0999755859373,1938.4000244140625,1896.9000244140625,1907.199951171875,240562,1939.6094799804687,1856.198009033202,1882.6828666263198,1885.896252761196,1945.9666648956852,1771.9233375457209,1858.945001220703,52.49487737364973,53.727626791814885,57.58680057488473,-12.778639362640433,-26.774418242893066,13.995778880252633,24.722015807235532,40.706735899507414,94.64853955483517,96.95423336829916,-20.628961527122648,36640798.0,36127385.65,1.0
2026-09-01,1919.800048828125,1949.5999755859373,1910.0,1938.699951171875,247059,1940.367736816406,1857.1169567871082,1893.886283535431,1890.6965889803485,1950.1238663842955,1769.6961287328918,1859.9099975585937,57.201746725824634,53.727626791814885,57.58680057488473,-7.073518749388086,-22.834238344192073,15.760719594803987,23.7810076690866,40.82768507911848,94.64853955483517,95.80138646156716,-6.465021347827193,36887857.0,36122966.0,1.0
2026-09-02,1929.0999755859373,1940.800048828125,1911.4000244140625,1922.699951171875,302703,1940.358984375,1857.9539093017565,1899.6490170627198,1893.6059855432145,1953.474036375477,1768.3059563003042,1860.8899963378906,54.26089733151705,53.727626791814885,57.58680057488473,-3.7994382831718667,-19.027278331988033,15.227840048816166,22.9072143979483,40.01142360304305,91.24604758980644,93.51437556649225,-15.95493968523799,36585154.0,36116799.8,1.0
2026-09-03,1928.199951171875,1929.4000244140625,1877.0,1882.199951171875,120292,1938.9196093750002,1858.4990594482408,1896.159203884551,1892.569073327638,1953.1888796714475,1768.311108121521,1860.7499938964843,47.59114953260367,53.727626791814885,57.58680057488473,-4.4217463135357775,-16.10617192829758,11.684425614761803,21.61128529105028,40.89632366097301,85.47827840275778,90.45762184913312,-39.976295476809085,36464862.0,36139774.65,1.0
2026-09-04,1881.0,1898.800048828125,1850.5,1858.5,210266,1937.0401586914063,1859.0434490966786,1888.627363107641,1889.4718848433074,1951.1464351382494,1767.6935550961255,1859.4199951171875,44.16959863250315,53.727626791814885,57.58680057488473,-6.749513709286703,-14.234840284495405,7.485326575208703,21.143899807175718,41.42516117291244,70.4003967334617,82.37490757534198,-54.033208053166426,36254596.0,36140562.2,1.0
2026-09-07,1867.800048828125,1920.0,1867.800048828125,1911.800048828125,329018,1937.30232421875,1858.5836553955066,1893.261900251738,1891.5017179328363,1957.0826001760063,1769.4773973825875,1863.2799987792969,52.449363176263546,48.87229742577506,57.58680057488473,-4.244489811300582,-12.236770189856442,7.99228037855586,20.00910863721811,42.859078231990125,68.30449531819171,74.72772348480373,-22.419888630734253,36583614.0,36186049.2,1.0
2026-09-08,1910.0,1924.0,1887.0,1897.4000244140625,126279,1935.9035351562497,1858.3337365722648,1894.0895250842032,1892.0379276129477,1960.4465491153726,1770.9734460018155,1865.709997558594,50.279853721727484,48.87229742577506,57.58680057488473,-3.382213892218715,-10.465858930328897,7.083645038110182,18.827337313171935,42.44057264399083,70.33777377161763,69.68088860775701,-32.70674132639042,36457335.0,36193642.4,1.0
2026-09-09,1899.9000244140625,1920.5999755859373,1872.0,1890.5999755859373,179466,1934.610207519531,1857.8527545166007,1893.3916151845501,1891.9072047014013,1962.5853204661796,1774.7646673267893,1868.6749938964845,49.243977327386716,48.87229742577506,57.58680057488473,-3.2105518804555686,-9.014797520354232,5.804245639898664,18.173690895965308,42.880529996987015,73.01607274314341,70.55278061098424,-40.355690632645114,36277869.0,36210680.8,1.0
2026-09-10,1900.0,1920.0,1881.0,1909.699951171875,140237,1933.168056640625,1857.3385571289052,1896.6532823820153,1893.5247271078078,1966.4686956322694,1778.751287277887,1872.6099914550782,52.2214795355057,48.87229742577506,57.58680057488473,-1.5158265893933276,-7.515003334162052,5.999176744768724,17.566733508559157,42.60334928291651,65.7760514618532,69.70996599220474,-31.971192171845242,36418106.0,36245344.3,1.0
2026-09-11,1903.0,1908.300048828125,1864.5999755859373,1869.199951171875,183488,1930.5846386718754,1856.4911499023428,1891.1626161399872,1891.3133838409049,1966.4225592419884,1782.457421226762,1874.4399902343753,46.05235862772665,48.87229742577506,57.58680057488473,-3.401545217883722,-6.692311710906386,3.290766493022664,17.489843907187208,42.781679733132314,46.34435019568006,61.71215813355889,-81.13021616674484,36234618.0,36259686.15,1.0
2026-09-15,1899.0,1914.9000244140625,1878.9000244140625,1894.9000244140625,249620,1928.589060058594,1856.1084973144523,1891.9100977948024,1891.6394420748281,1967.527467560006,1787.9925153501506,1877.7599914550783,50.082248223626856,49.58558487177025,57.58680057488473,-2.7900477568643964,-5.9118589200979885,3.121811163233592,17.155012389238674,42.990136412350545,40.53384081649319,50.88474749134214,-55.19673526502557,36484238.0,36296311.9,1.0
2026-09-16,1887.300048828125,1887.300048828125,1811.0,1851.5999755859373,401015,1925.6596313476566,1855.6016400146477,1883.8480733530296,1887.999490575838,1963.8605737795394,1796.519406689211,1880.1899902343753,44.10444328618972,49.58558487177025,57.58680057488473,-5.733293837718293,-5.876145903622049,0.14285206590375665,18.461501607644124,45.91227126961569,19.93892214474878,35.60570438564068,-70.70708316195645,36083223.0,36324543.25,1.0
2026-09-17,1860.9000244140625,1884.4000244140625,1848.300048828125,1868.5999755859373,127928,1923.5471459960943,1855.1308911132805,1880.7984537996113,1886.2358983040288,1955.5884033717164,1813.0815795384403,1884.3349914550784,46.78977674300703,49.58558487177025,57.58680057488473,-6.617793828840377,-6.024475488665715,-0.5933183401746618,19.67467016759204,45.21139300649582,21.957557620794066,27.476773527345344,-58.441568735902784,36211151.0,36372540.3,1.0
2026-09-18,1859.0,1940.0,1859.0,1928.5,271767,1922.3413061523445,1855.0389666748038,1890.3387630396892,1890.0780893672988,1952.3553257222227,1829.2346523051217,1890.7949890136722,54.99426594388248,49.58558487177025,57.58680057488473,-2.4570121725710123,-5.310982825446774,2.853970652875762,18.88727457054566,47.767722077460405,34.54949378722006,25.4819911842543,-15.223650290511404,36482918.0,36424246.3,1.0
2026-09-21,1918.9000244140625,1932.9000244140625,1896.0,1896.9000244140625,78926,1919.822973632813,1854.817479248046,1891.651015314564,1890.698265280641,1945.290419812984,1844.4095557729543,1894.8499877929692,50.56482040114269,53.46071217249702,57.58680057488473,-1.6899361390724152,-4.586773488171902,2.8968373490994868,18.15612151614545,46.99145795864627,50.99149689299588,35.832849433670006,-38.023059491232594,36403992.0,36461063.4,1.0
2026-09-22,1896.9000244140625,1913.800048828125,1878.0,1883.300048828125,86014,1916.8231054687508,1854.7021063232414,1889.9808220172763,1890.0257001485938,1944.0653589403355,1847.9846166456018,1896.0249877929687,48.74512292747506,53.46071217249702,57.58680057488473,-2.1545904485817573,-4.100336880253874,1.9457464316721165,17.92833229932693,46.19207159218047,58.362124561059794,47.96770508042525,-44.2989047532168,36317978.0,36461897.35,1.0
2026-09-23,1892.800048828125,1927.199951171875,1872.0,1919.300048828125,104223,1915.1538867187505,1854.7682293701164,1895.844667379446,1892.6870045740059,1946.5314945603407,1848.4384883498158,1897.4849914550782,53.51405804797488,53.46071217249702,57.58680057488473,0.37771276133071296,-3.204726951936957,3.5824397132676697,17.285528610324253,46.83549156215865,59.44942035128723,56.26768060178097,-16.046473776647286,36422201.0,36456060.1,1.0
2026-09-24,1908.9000244140625,1909.9000244140625,1870.0,1877.699951171875,68468,1912.0500000000006,1854.4023492431634,1892.2157241379318,1891.324545173812,1946.6484093438535,1847.821573566303,1897.2349914550782,47.96078493573403,53.46071217249702,57.58680057488473,-0.961119724978289,-2.7560055065452236,1.7948857815669346,16.74309386899645,47.011531366870535,54.811532490737264,57.5410258010281,-48.29461149467055,36353733.0,36455871.6,1.0
2026-09-25,1884.5,1884.5,1849.5999755859373,1861.4000244140625,88949,1908.6719995117194,1854.0427746582025,1886.052584193158,1888.604134195653,1946.9226601631751,1843.3073203055749,1895.114990234375,45.94877078314637,53.46071217249702,57.58680057488473,-3.2993886823965113,-2.8646821417154813,-0.43470654068103,16.78260916332998,46.14642372738426,46.25200484053782,53.50431922752077,-60.93021363250969,36264784.0,36435519.35,1.0
2026-09-28,1861.199951171875,1861.4000244140625,1814.0,1820.0999755859373,142536,1904.4839990234377,1853.5799707031244,1872.8620624717141,1882.3764834129515,1948.2406287357899,1830.7893517329599,1889.5149902343749,41.229231704680984,48.88210740376747,57.58680057488473,-8.388356704470198,-3.969417054266425,-4.4189396502037726,17.626458539546903,46.235966633575565,17.449531627508218,39.504356319594436,-92.94575535973854,36122248.0,36397563.75,1.0
2026-09-29,1820.0999755859373,1863.0,1761.0,1789.9000244140625,966399,1899.7639990234377,1852.9277520751948,1856.269654860184,1873.9695325948705,1956.6370120122483,1810.6629757807204,1883.6499938964844,38.14397045095288,48.88210740376747,57.58680057488473,-14.688959018045352,-6.113325447022211,-8.575633571023141,19.326541698470493,50.21911187403445,5.645416382282364,23.11565095010947,-83.85473496421089,35155849.0,36323316.3,-1.0
2026-09-30,1776.0,1813.699951171875,1730.0999755859375,1791.4000244140625,341005,1895.6380004882815,1852.4591430664057,1843.2957287709598,1866.4632136693426,1955.356508851439,1797.2134862657483,1876.2849975585937,38.39057640076048,48.88210740376747,52.715707718929934,-19.338274688019965,-8.758315295221761,-10.579959392798203,21.329370134598662,52.60345928202753,0.4878370429984014,7.86092835092966,-70.79559709473853,35496854.0,36253766.15,-1.0
2026-10-01,1774.9000244140625,1774.9000244140625,1714.0999755859375,1741.4000244140625,258740,1891.1060009765627,1851.8986840820305,1822.9165878995805,1855.0938328279535,1963.5686754860722,1770.8713269553336,1867.220001220703,33.58417900763899,48.88210740376747,52.715707718929934,-26.749125715059563,-12.356477379189322,-14.392648335870241,23.390318825201607,54.36750139246306,0.4878370429984014,2.2070301560930554,-87.91498633126065,35238114.0,36186414.15,-1.0
2026-10-05,1744.9000244140625,1749.5999755859375,1709.5999755859375,1722.4000244140625,92682,1885.9040014648435,1851.1070263671868,1802.8132752024771,1843.0307593357816,1974.9121413898388,1743.547868375786,1859.2300048828124,31.947368465802654,41.960832767359605,52.715707718929934,-33.76618420387899,-16.638418744127257,-17.127765459751735,25.360810525963625,53.34125129300141,0.4878370429984014,0.4878370429984014,-94.4444238403719,35145432.0,36120442.65,-1.0
2026-10-06,1730.199951171875,1739.5999755859375,1716.199951171875,1723.800048828125,177934,1881.150002441406,1850.3957067871088,1787.0106299276067,1832.1916038350855,1983.0805151886498,1721.9094994597872,1852.4950073242185,32.20954806673121,41.960832767359605,52.715707718929934,-38.76739692187334,-21.064214379676475,-17.703182542196867,27.190552819528357,51.20259223022006,0.3791972450636312,0.45162377702014467,-93.83677441949055,35323366.0,36073881.15,-1.0
2026-10-07,1729.0,1735.5,1710.199951171875,1723.199951171875,98272,1874.5340014648436,1849.5317181396479,1774.2484941764606,1822.2832717747935,1982.5538092821926,1703.5761956006195,1843.065002441406,32.15236888248754,41.960832767359605,52.715707718929934,-42.291803315423294,-25.30973216682584,-16.982071148597456,28.97388187000629,49.35241055864184,0.6756947336878124,0.5142430072499483,-94.09723344408316,35225094.0,36005955.15,-1.0
2026-10-08,1726.0,1729.199951171875,1680.199951171875,1695.300048828125,176338,1866.9840014648437,1848.5646490478512,1758.4588051067935,1810.7393424160055,1984.6253702515287,1681.29463707269,1832.9600036621093,29.52784509339662,41.960832767359605,52.715707718929934,-46.79676573875531,-29.60713888121174,-17.189626857543573,31.02191952879243,49.32723837588171,0.6756947336878124,0.576862237479752,-94.18780030089997,35048756.0,35935526.2,-1.0
2026-10-09,1693.0,1746.300048828125,1693.0,1719.5,151191,1859.9619995117187,1847.809877929687,1750.667044085435,1802.444856741823,1981.5829913173604,1667.2270184482643,1824.4050048828124,34.5205836762751,41.960832767359605,52.715707718929934,-47.86251779188569,-33.258214663346536,-14.604303128539158,32.18277527238864,49.61101055104195,7.234842434716105,2.8620773006972433,-84.44794719530616,35199947.0,35881630.1,-1.0
