Date,Open,High,Low,Close,Volume,MA50,MA200,EMA9,EMA21,BB_Upper,BB_Lower,BB_Mid,RSI,RSI_W,RSI_M,MACD,MACD_Signal,MACD_Hist,ADX,ATR,StochRSI_K,StochRSI_D,Williams_R,OBV,OBV_SMA20,Supertrend_Dir
2025-07-23,39.52000045776367,39.650001525878906,39.11000061035156,39.27999877929688,1129374,39.343399887084956,40.715899963378874,39.51950778141121,39.54651562227109,41.371039535662426,38.62996067796063,40.00050010681153,48.085540154912096,49.762656789875784,24.77586025229814,0.07374104089469569,0.1891053902403219,-0.11536434934562623,19.741105974155513,0.924589558405622,25.62946410217652,27.4276061816268,-83.72101275704799,20512275.0,22789608.1,1.0
2025-07-24,39.45000076293945,39.7599983215332,39.119998931884766,39.2400016784668,1582676,39.370799942016596,40.65364997863766,39.46360656082233,39.518650718288875,41.23810036599669,38.58690001547306,39.912500190734875,47.69374702705448,49.762656789875784,24.77586025229814,0.043051903702405525,0.15989469293273864,-0.11684278923033312,19.320125696409118,0.9042616892086802,14.703270659696598,23.27687806349641,-83.3332649696055,18929599.0,22536571.4,1.0
2025-07-25,39.2400016784668,39.27999877929688,38.220001220703125,38.31999969482422,1996333,39.36719993591308,40.5895999717712,39.23488518762271,39.40968244342845,41.122194765850075,38.411805630878455,39.767000198364265,39.68424720990119,49.762656789875784,24.77586025229814,-0.054873383718344826,0.11694107760252197,-0.1718144613208668,18.182903519981103,0.915385679879043,7.489304887780818,15.940679883217976,-95.68972037607658,16933266.0,21736153.8,1.0
2025-07-28,38.25,38.470001220703125,37.470001220703125,37.65999984741211,1350604,39.34019996643065,40.523299980163536,38.91990811958059,39.25062038924514,41.13006115486063,38.070939058762434,39.60050010681153,35.126793981462285,46.9118990407722,24.77586025229814,-0.18361969777352982,0.05682892252731161,-0.24044862030084144,17.95271002320958,0.9214295598876827,3.7635069574959292,8.65202750165778,-93.81111903596253,15582662.0,21038384.2,1.0
2025-07-29,37.54999923706055,37.79999923706055,37.060001373291016,37.619998931884766,1485824,39.31379997253418,40.45779996871945,38.659926282041425,39.102382074939655,41.1431056456559,37.75989461374352,39.45150012969971,34.86545141829985,46.9118990407722,24.77586025229814,-0.2855877411035763,-0.011654410198865983,-0.27393333090471034,18.13876782254422,0.9084701530221005,0.0,3.7509372817589157,-83.90811401561614,14096838.0,20404853.8,1.0
2025-07-30,37.59999847412109,38.20000076293945,37.25,37.29999923706055,965159,39.27999992370605,40.3897499656677,38.38794087304525,38.93852908967792,41.17418870109228,37.415811451495614,39.295000076293945,32.76530232009746,46.9118990407722,24.77586025229814,-0.3877497137714627,-0.08687347091338535,-0.30087624285807735,17.754546743091083,0.9114366251590544,0.0,1.2545023191653097,-93.10350875462176,13131679.0,19884446.0,-1.0
2025-07-31,36.9900016784668,37.20000076293945,36.43000030517578,36.56999969482422,1774199,39.23339988708495,40.3157499694824,38.02435263740105,38.72320823560031,41.14626063257655,37.002739535270145,39.07450008392335,28.54162070688141,46.9118990407722,21.272172778095484,-0.5216059269087836,-0.173819962112465,-0.3477859647963186,18.176411462949194,0.9084767899251767,0.0,0.0,-96.42858533053588,11357480.0,19083222.85,-1.0
2025-08-01,36.63999938964844,37.09999847412109,36.119998931884766,36.25,1435478,39.16359985351562,40.24269996643064,37.66948210992084,38.49837112327301,41.1778122404093,36.547187759590706,38.862500000000004,26.904383171028236,46.9118990407722,21.272172778095484,-0.646061842464924,-0.2682683381829568,-0.37779350428196723,18.832112191033193,0.9135855579474014,0.0,0.0,-96.92668836445063,9922002.0,18292653.65,-1.0
2025-08-04,36.34000015258789,37.150001525878906,36.02000045776367,36.970001220703125,1518129,39.11279991149902,40.175049972534154,37.5295859320773,38.35942840485757,41.12075252698618,36.3092477781896,38.71500015258789,35.8245023968629,42.259488573393,21.272172778095484,-0.6787715154802854,-0.35036897364242253,-0.3284025418378628,19.52679446414368,0.9290438086736752,11.203564745048853,3.7345215816829507,-78.06001851846953,11440131.0,17682711.2,-1.0
2025-08-05,36.81999969482422,37.20000076293945,36.33000183105469,36.45000076293945,1270061,39.05619995117186,40.10614997863767,37.31366889824974,38.1858440737741,41.0815500830658,36.003450145816025,38.54250011444091,32.71898267110378,42.259488573393,21.272172778095484,-0.7381449822457782,-0.4279241753630937,-0.3102208068826845,20.090801792929792,0.9248263174744674,18.506633270966393,9.903399338671747,-90.06927246729973,10170070.0,17088919.15,-1.0
2025-08-06,36.68999862670898,36.83000183105469,36.0099983215332,36.18000030517578,1169919,38.983999938964836,40.037899971008265,37.08693517963495,38.00349464026516,41.07088333848463,35.67511695143235,38.37300014495849,31.206319829915,42.259488573393,21.272172778095484,-0.7977892450631785,-0.5018971893031107,-0.29589205576006783,20.911830964876504,0.9173389740492544,23.909815074562427,17.873337696859224,-96.0829037404248,9000151.0,16533191.05,-1.0
2025-08-07,36.18000030517578,36.25,35.349998474121094,35.880001068115234,1559261,38.90319999694823,39.97049997329708,36.845548357331005,37.81044977006972,40.959476911071896,35.36952356195055,38.16450023651122,29.57047901541963,42.259488573393,21.272172778095484,-0.8593590283458781,-0.5733895571116642,-0.2859694712342139,22.22636849140653,0.9161005848942295,16.054835326296477,19.49042789060843,-89.39994812011717,7440890.0,15837488.75,-1.0
2025-08-08,35.95000076293945,36.380001068115234,35.56999969482422,35.65999984741211,1782505,38.85459999084472,39.90879997253415,36.60843865534723,37.614954322555384,40.85201300369289,35.06198731674168,37.957000160217284,28.394960752033633,42.259488573393,21.272172778095484,-0.9153541521893231,-0.641782476127196,-0.2735716760621272,23.214088650264063,0.9085220697797143,10.894569277928305,16.953073226262404,-93.56843583156449,5658385.0,15135787.95,-1.0
2025-08-11,35.63999938964844,36.18999862670898,35.400001525878906,36.08000183105469,1144984,38.804999999999986,39.86419998168942,36.50275129048872,37.47541318696441,40.755673163369,34.85032735542983,37.80300025939942,33.80507745903218,41.01106326231699,21.272172778095484,-0.915289157620073,-0.6964838124257715,-0.2188053451943015,24.27701085217356,0.9000560005690256,16.351188150399338,14.433530918208039,-83.4466353244439,6803369.0,14581462.0,-1.0
2025-08-12,36.04999923706055,36.93000030517578,35.599998474121094,35.849998474121094,1853492,38.75499999999999,39.818749980926476,36.372200727215194,37.327648213069565,40.65132569639943,34.63067465455271,37.64100017547607,32.363029410793295,41.01106326231699,21.272172778095484,-0.9231554364152856,-0.7418181372236743,-0.18133729919161135,23.980451153988383,0.9307664170322871,21.754909184668552,16.333555537665397,-88.66213112697925,4949877.0,14008275.0,-1.0
2025-08-13,40.040000915527344,43.02000045776367,39.34999847412109,43.02000045776367,96740093,38.83700004577636,39.808049983978236,37.70176067332489,37.84513478076903,41.62014131636687,34.029859065102855,37.82500019073486,72.18967179646279,41.01106326231699,21.272172778095484,-0.3468322152786172,-0.6628209528346629,0.31598873755604573,25.425630422265233,1.3764261003615936,52.94544004045251,30.3505124585068,0.0,101689970.0,18188952.0,1.0
2025-08-14,44.25,44.88999938964844,39.65999984741211,40.08000183105469,59065023,38.86620010375976,39.78989999771115,38.17740890487085,38.04830451261318,41.729064950727555,33.991935720659164,37.86050033569336,57.292608098693854,41.01106326231699,21.272172778095484,-0.12587422916509183,-0.5554316081007487,0.4295573789356568,27.367140861144048,1.651681346209789,64.4536282117231,46.38465914561472,-50.419256781883306,42624947.0,19349406.05,1.0
2025-08-18,41.38999938964844,41.560001373291016,39.43000030517578,39.70000076293945,9600029,38.87160011291503,39.76180000305173,38.481927276484576,38.19845871718829,41.76065067527439,33.98235011818262,37.87150039672851,55.69287468540031,52.364431087079566,21.272172778095484,0.01836199075130196,-0.4406728883303386,0.45903487908164053,28.956975691535334,1.6858470406316066,76.89178850958453,64.76361892058671,-54.40249610732973,33024918.0,19924420.0,1.0
2025-08-19,39.9900016784668,40.9900016784668,39.27000045776367,39.72999954223633,10992673,38.87000007629394,39.73415000915524,38.73154172963493,38.337689701283566,41.74529195946577,33.987708605109425,37.866500282287596,55.79780387512024,52.364431087079566,21.272172778095484,0.1335513877151584,-0.3258280331212392,0.4593794208363976,30.279056800323023,1.6882866249224295,64.82615717625124,68.72385796585296,-54.088043524332086,44017591.0,20946387.45,1.0
2025-08-20,39.88999938964844,41.45000076293945,39.33000183105469,40.060001373291016,12268747,38.87320007324218,39.703300018310514,38.99723365836615,38.49426348964788,41.83195911007475,33.95804142398286,37.895000267028806,57.00408191755475,52.364431087079566,21.272172778095484,0.24860247000498958,-0.21094193249599347,0.45954440250098305,31.6671561040311,1.719123218276882,64.61378049359715,68.77724205981097,-50.6289051659953,56286338.0,22678621.9,1.0
2025-08-21,40.060001373291016,40.43999862670898,38.900001525878906,39.04999923706055,7328887,38.835800094604494,39.66110000610349,39.00778677410503,38.54478492123084,41.80473721019575,33.96226336963822,37.88350028991699,52.29979116168935,52.364431087079566,21.272172778095484,0.25533915927915274,-0.11768571414096424,0.373024873420117,32.514780919062915,1.7063284956021099,62.116219198157495,63.85205228933529,-61.215928638776994,48957451.0,24100880.7,1.0
2025-08-22,39.20000076293945,39.369998931884766,38.400001525878906,38.75,7144425,38.81340011596679,39.613700008392314,38.95622941928403,38.56344083748258,41.75056167927991,33.96743873270738,37.859000205993645,50.95469012709251,52.364431087079566,21.272172778095484,0.23377578114691033,-0.047393415083389324,0.2811691962302997,32.7980620090528,1.6537334177738063,58.019334432360566,61.58311137470507,-64.36057442777548,41813026.0,25245052.05,1.0
2025-08-25,39.150001525878906,39.369998931884766,38.70000076293945,39.09000015258789,2417493,38.81420013427734,39.57430000305174,38.98298356594481,38.61130986612852,41.823349413086,33.971651044677664,37.89750022888183,52.447391533388725,49.29024884980251,21.272172778095484,0.2413398043990611,0.01035322881310076,0.23098657558596036,33.061108735471976,1.583466614286057,54.17067471904662,58.10207611652156,-60.79663187055302,44230519.0,26609914.7,1.0
2025-08-26,39.0,39.06999969482422,38.11000061035156,38.25,3122783,38.80320014953614,39.52595001220701,38.836386852755844,38.57846351466229,41.8542017519804,33.999798721042055,37.927000236511226,48.51851906375508,49.29024884980251,21.272172778095484,0.1775071631007279,0.04378401567062619,0.13372314743010172,32.69109525020186,1.540361823425362,50.79435155265888,54.32812023468869,-69.60166407155316,41107736.0,27886168.4,1.0
2025-08-28,38.20000076293945,38.2400016784668,37.650001525878906,37.790000915527344,2937791,38.795600204467775,39.46675001144408,38.627109665310144,38.50678509655911,41.86063941493028,34.01036125645643,37.935500335693355,46.465753704606875,49.29024884980251,21.272172778095484,0.08877787713298346,0.05278278796309764,0.03599508916988582,31.88853058577729,1.4731930127607713,47.37770121944728,50.780909163717595,-74.42345694710687,38169945.0,29089823.75,1.0
2025-08-29,37.88999938964844,38.22999954223633,37.59000015258789,37.81999969482422,2869407,38.79420021057129,39.405450000762926,38.46568767121296,38.444350060037756,41.87578898755429,34.047211729608804,37.961500358581546,46.62435481024012,49.29024884980251,21.272172778095484,0.02064198160776698,0.04635462669203151,-0.025712645084264532,31.082487007361273,1.4136791825384618,42.945631239397855,47.03922800383467,-74.49948668392994,41039352.0,30485207.4,1.0
2025-09-01,37.7599983215332,38.709999084472656,37.75,38.0099983215332,3745999,38.81280014038086,39.355949993133535,38.37454980127701,38.40486353835552,41.89260467578106,34.17439590405293,38.033500289916994,47.681563769746205,47.20344122148513,24.5229253105122,-0.01781949317290099,0.03351980271904501,-0.051339295891946,30.656959221037535,1.381273461248047,40.45006016755836,43.59113087546783,-72.49739322261999,44785351.0,32156600.95,1.0
2025-09-02,38.04999923706055,39.77999877929688,37.90999984741211,39.22999954223633,7249711,38.84820014953613,39.31734998703001,38.545639749468876,38.47987590234469,41.98130836134381,34.38369217271382,38.182500267028814,53.98416067509942,47.20344122148513,24.5229253105122,0.04957197858691842,0.0367302378926197,0.01284174069429872,30.905018822975716,1.4161824234363847,44.791929796530425,42.72920706782888,-60.92571894101715,52035062.0,34262253.95,1.0
2025-09-03,39.43000030517578,44.18999862670898,39.2599983215332,43.0,64925942,38.95180015563965,39.30159997940063,39.4365117995751,38.8907962748588,42.799628706388035,34.16837170559927,38.48400020599365,67.15254135300015,47.20344122148513,24.5229253105122,0.40254741914812797,0.10989367414372136,0.2926537450044066,32.77280512569399,1.669312184938975,57.72321214883745,47.65506737097541,-25.890405303788413,116961004.0,39538297.6,1.0
2025-09-04,43.04999923706055,43.27000045776367,41.66999816894531,41.77000045776367,8103670,39.01720016479493,39.29084999084472,39.903209531212816,39.15254210966834,43.19173073331841,34.30826964815131,38.75000019073486,61.017369450788834,47.20344122148513,24.5229253105122,0.5763880724105874,0.20319255379709458,0.37319551861349287,34.507178121075256,1.6643614780732168,68.34972092262058,56.95495428932948,-42.739715862505754,108857334.0,44472660.8,1.0
2025-09-05,41.77000045776367,43.13999938964844,41.31999969482422,42.459999084472656,7924058,39.07700012207032,39.283849983215326,40.41456744186479,39.453220016468734,43.62700656377549,34.500993695623926,39.06400012969971,63.05643436608399,47.20344122148513,24.5229253105122,0.7610621148760757,0.3147664660128908,0.44629564886318485,35.76946631138641,1.6754784935554312,76.98681947943095,67.68658418362965,-26.212120336386935,116781392.0,49861722.85,1.0
2025-09-08,42.75,44.20000076293945,42.5,43.34999847412109,8753665,39.12400009155273,39.28074996948242,41.00165364831605,39.80747260352804,44.12436339687642,34.75063660312358,39.4375,65.55887296713047,56.9878038146898,24.5229253105122,0.9680737847582961,0.4454279297619719,0.5226458549963242,37.25560023368947,1.6800872924776717,80.94605523747491,75.42753187984215,-12.85933752392131,125535057.0,55766431.2,1.0
2025-09-09,43.36000061035156,43.900001525878906,42.619998931884766,43.43999862670898,5533758,39.16820007324218,39.27784996032715,41.48932264399464,40.13770224199904,44.4846188089621,35.16838106896758,39.82649993896484,65.81107482947182,56.9878038146898,24.5229253105122,1.1264097344763613,0.5816242907048498,0.5447854437715115,38.63558173297088,1.6515098140145625,88.67031779603818,82.20106417098134,-11.497761967529597,131068815.0,62036952.7,1.0
2025-09-10,44.0,45.75,43.5099983215332,45.02000045776367,19695805,39.24880004882812,39.278999958038334,42.19545820674845,40.58154753434127,45.12944272909175,35.41755701150883,40.27349987030029,69.96868958799169,56.9878038146898,24.5229253105122,1.3636655706703564,0.7380325466979512,0.6256330239724053,40.40360667496422,1.6985449253914526,95.27051604259756,88.29562969203688,-8.946072988810695,150764620.0,69235015.25,1.0
2025-09-11,45.5,46.2400016784668,44.61000061035156,45.630001068115234,12942746,39.349400100708,39.28389995574951,42.88236677902181,41.04049785559344,45.71167702718644,35.813322972813566,40.7625,71.41402666815566,56.9878038146898,24.5229253105122,1.5826704417829234,0.9069601257149457,0.6757103160679777,42.15735774010793,1.6936489355860085,97.83844879425972,93.92642754429848,-7.052028933481392,163707366.0,77172889.7,1.0
2025-09-12,45.619998931884766,46.43999862670898,45.27999877929688,46.310001373291016,9260985,39.46700012207031,39.2941499710083,43.567893697875654,41.519543629929586,46.384692555854926,35.46930753569781,40.92700004577637,72.97543704849491,56.9878038146898,24.5229253105122,1.7904643629616928,1.083660973164295,0.7068033897973978,43.83209693721768,1.6555311435735862,99.99999999999999,97.70298827895242,-1.4688957721077145,172968351.0,80736808.75,1.0
2025-09-15,46.5,46.7400016784668,45.63999938964844,46.20000076293945,6182166,39.57140014648437,39.300799980163575,44.09431511088842,41.94503973293048,47.15707837115383,35.30892161358739,41.23299999237061,72.28757961911917,63.098596546561296,24.5229253105122,1.924086738410324,1.2517461262135008,0.6723406121968232,45.458428367706084,1.6158505110910701,99.13508657641216,98.99117845689062,-5.901648365850665,166786185.0,86944870.65,1.0
2025-09-16,46.09999847412109,46.43999862670898,45.59999847412109,45.83000183105469,4172586,39.678200149536124,39.30019998550415,44.441452454921674,42.29821810548723,47.75668066662162,35.32231942493112,41.53950004577637,69.90089771761097,63.098596546561296,24.5229253105122,1.9773341349971005,1.3968637279702207,0.5804704070268798,46.919267854871606,1.560432628340843,95.26915415340468,98.13474690993894,-9.94535186511566,162613599.0,93424304.7,1.0
2025-09-17,46.0,46.2400016784668,45.02000045776367,45.33000183105469,3714465,39.78640022277831,39.29699998855592,44.61916233014828,42.573834807811544,48.19591973092611,35.44308058950847,41.81950016021729,66.69620638411176,63.098596546561296,24.5229253105122,1.9566324185337791,1.5088174660829325,0.44781495245084657,47.555365819922315,1.5361160992238632,87.32611458788308,93.9101184392333,-15.409831828161046,158899134.0,99168381.85,1.0
2025-09-18,45.4900016784668,45.880001068115234,44.86000061035156,45.16999816894531,3097986,39.89180015563964,39.29294998168946,44.72932949790769,42.8098496588237,48.56310001603548,35.58689998396453,42.075,65.65881862591851,63.098596546561296,24.5229253105122,1.9053514947713523,1.5881242718206166,0.3172272229507358,47.94858650493012,1.499250696262421,78.54887957240781,87.04804943789853,-17.463884498286784,155801148.0,104144122.35,1.0
2025-09-19,45.06999969482422,47.150001525878906,44.900001525878906,46.91999816894531,13591061,40.03880012512206,39.298699970245366,45.167463232115225,43.18349952338021,49.136252382843814,35.80074751034467,42.46849994659424,70.97608884814134,63.098596546561296,24.5229253105122,1.9830618651025418,1.6671117904770019,0.3159500746255399,48.755184450154694,1.5528756465293911,78.90557234761852,81.59352216930313,-2.489213367456422,169392209.0,110165860.25,1.0
2025-09-22,46.91999816894531,47.540000915527344,46.25,46.61000061035156,6978983,40.17000015258789,39.29049997329713,45.455970707762496,43.49499962219579,49.53297401186963,36.19002594235401,42.86149997711182,68.93975880742181,63.97196551004635,24.5229253105122,1.9966179127949744,1.7330130149405965,0.2636048978543779,49.625651044494056,1.5340988800292448,75.59908460142168,77.68451217381599,-11.231884224895683,162413226.0,116195870.25,1.0
2025-09-23,46.68000030517578,47.81999969482422,46.119998931884766,47.09999847412109,6343048,40.31580009460449,39.2847999572754,45.78477626103422,43.822726790552636,49.94187292161212,36.58212686476484,43.26199989318848,70.38604142135611,63.97196551004635,24.5229253105122,2.023573416070711,1.7911250951666193,0.23244832090409173,50.521136285636615,1.5459490145228312,78.02324511174528,77.5093006869285,-11.076941856971267,168756274.0,122422158.0,1.0
2025-09-24,47.09999847412109,47.650001525878906,46.2599983215332,46.40999984741211,7137784,40.460800094604494,39.27664995193483,45.909820978309796,44.05793343208531,50.051037969186225,37.28896180193195,43.669999885559086,65.74365877054147,63.97196551004635,24.5229253105122,1.96658910891599,1.8262178979164936,0.14037121099949634,51.35265829526898,1.534810028081608,57.22971121969366,70.28401364428687,-21.69230534480169,161618490.0,128447695.7,1.0
2025-09-25,46.5,47.09999847412109,46.11000061035156,46.459999084472656,3607498,40.60820007324219,39.267199954986594,46.01985659954237,44.27630303684779,49.9589531693644,38.24804641864831,44.10349979400635,65.9190733243844,63.97196551004635,24.5229253105122,1.9035205554529853,1.841678429423792,0.061842126029193256,51.904151356707914,1.4958948734878876,36.764805600395825,57.33925397727825,-25.56392271365533,165225988.0,134800497.85,1.0
2025-09-26,46.34999847412109,46.59999847412109,44.58000183105469,44.86000061035156,4868872,40.718600082397465,39.2506999588013,45.78788540170421,44.32936645262086,49.51247890349444,39.398520776070995,44.45549983978272,56.03134415001231,63.97196551004635,24.5229253105122,1.7047801232605906,1.8142987681911518,-0.10951864493056118,50.45017642151121,1.5333307141720671,10.649460195801986,34.88132567196382,-56.923050965081586,160357116.0,140766386.05,1.0
2025-09-29,45.0,45.95000076293945,44.34999847412109,44.52999877929688,3464725,40.8218000793457,39.23459995269778,45.53630807722274,44.34760575504595,48.82878529245449,40.734214432887306,44.7814998626709,54.22473433045501,58.90195977138836,24.5229253105122,1.5033191813361455,1.7521028508201506,-0.2487836694840051,48.844011227819,1.5380929695039458,1.618900402317041,16.344388732838283,-76.33410364821228,156892391.0,146371738.05,1.0
2025-09-30,44.61000061035156,45.25,44.31999969482422,44.86000061035156,2305274,40.92940010070801,39.2199499511719,45.401046583848505,44.394187105528275,48.15491221385274,41.97108761830059,45.06299991607666,55.76085295161946,58.90195977138836,39.63956859524781,1.3546725018915922,1.672616781034439,-0.31794427914284684,47.31772123676965,1.4946577791947913,2.7307752039368767,4.9997119340186345,-84.57140241350447,159197665.0,151729868.2,1.0
2025-10-01,45.25,47.790000915527344,44.93999862670898,47.31999969482422,21473011,41.07920005798339,39.22104995727541,45.784837206043655,44.66017006819154,48.36767487991163,42.1903249217241,45.278999900817865,65.14955381664782,58.90195977138836,39.63956859524781,1.4190128081890734,1.6218959864653661,-0.20288317827629276,47.23686072407073,1.5971822453362905,22.15194864024785,8.833874748833923,-14.28571428571429,180670676.0,154915351.8,1.0
2025-10-03,47.18999862670898,48.29999923706055,47.02999877929688,47.20000076293945,7329917,41.233400039672844,39.22684995651247,46.06786991742282,44.89106376771407,48.27340507537311,42.827594756780194,45.55049991607665,64.43122667686323,58.90195977138836,39.63956859524781,1.4436782295744948,1.586252435087192,-0.14257420551269728,47.36487128100992,1.5738121176525315,40.98709925522061,21.95660769980178,-27.63815579493796,173340759.0,158139523.05,1.0
2025-10-06,47.29999923706055,47.380001068115234,45.41999816894531,45.68999862670898,4323635,41.36160003662109,39.228099956512466,45.992295659280046,44.96369420944088,48.013675669613605,43.41032411676332,45.71199989318846,56.05564382323476,62.534299623163015,39.63956859524781,1.3260948054953943,1.5342209091688326,-0.2081261036734383,45.862786685236856,1.6013971734752022,41.89963040967733,35.01289276838193,-65.57791232521178,169017124.0,160751309.65,1.0
2025-10-07,45.70000076293945,45.88999938964844,45.0099983215332,45.310001373291016,2694481,41.48300003051757,39.23184995651247,45.855836802082244,44.9951766788818,47.83897958939414,43.78102048689978,45.81000003814696,54.14803670945037,62.534299623163015,39.63956859524781,1.1885456774628125,1.4650858628276286,-0.27654018536481617,44.10625132549676,1.5498688802352045,22.478456973366356,35.12172887942143,-75.12558310721505,166322643.0,162790688.95,1.0
2025-10-08,45.29999923706055,45.5,44.650001525878906,44.93000030517578,2822578,41.615200042724595,39.23609994888307,45.67066950270095,44.98925155399944,47.63775803276839,44.131242211372225,45.88450012207031,52.233737867191046,62.534299623163015,39.63956859524781,1.0369211110068548,1.3794529124634738,-0.342531801456619,42.1588287507415,1.4998781369413396,3.6433063583935867,22.67379791381242,-84.67334973589449,163500065.0,164412251.45,1.0
2025-10-09,45.0,47.0,44.720001220703125,46.34000015258789,7370975,41.788800048828115,39.248249950408955,45.80453563267834,45.11204688114384,47.665700805841034,44.235299407782,45.95050010681152,58.14634882723202,62.534299623163015,39.63956859524781,1.0187887905171849,1.3073200880742162,-0.28853129755703133,41.18685668628408,1.555601039966735,10.515598187318375,12.212453839692772,-49.24621381668173,170871040.0,165417572.45,1.0
2025-10-10,46.369998931884766,46.400001525878906,44.650001525878906,44.93000030517578,4948140,41.93500007629393,39.257199954986596,45.629628567177825,45.09549719241947,47.68591714638776,44.145082990941326,45.91550006866454,51.30693612439957,62.534299623163015,39.63956859524781,0.8804938075420594,1.2219548319677849,-0.34146102442572546,40.21979204957158,1.5694866799691112,10.515598187318375,8.224834244343445,-84.67334973589449,165922900.0,165528349.15,1.0
2025-10-13,44.90999984741211,44.90999984741211,43.84000015258789,44.209999084472656,2805576,42.07320007324218,39.253749942779564,45.3457026706368,45.0149973644243,47.72558636619581,43.89541354225146,45.81049995422364,48.189836622913994,57.248349339900706,39.63956859524781,0.7046729251260615,1.1184984505994402,-0.4138255254733787,38.58771800945205,1.5352376422990242,10.515598187318375,10.515598187318375,-91.70405812026048,163117324.0,165035797.8,1.0
2025-10-14,44.25,44.650001525878906,43.15999984741211,43.560001373291016,3102694,42.21300010681151,39.24209995269778,44.98856241116764,44.882725001594004,47.82989825608378,43.527101713398665,45.67849998474122,45.50220170911392,57.248349339900706,39.63956859524781,0.5070393915705367,0.9962066387936596,-0.4891672472231229,36.5033858574463,1.5320065020252935,0.0,7.010398791545583,-92.21786822223211,160014630.0,164697220.05,1.0
2025-10-15,43.560001373291016,43.9900016784668,43.34999847412109,43.790000915527344,2164833,42.36380012512206,39.23784996032718,44.74885011203959,44.78338644831522,47.88533148292874,43.26766839500096,45.57649993896485,46.636325278748245,57.248349339900706,39.63956859524781,0.3647676191732927,0.8699188348695863,-0.5051512156962936,34.56793457344096,1.4682919807624661,1.8516117307382132,4.122403306018863,-87.7431684255837,162179463.0,164675513.25,1.0
2025-10-16,43.79999923706055,44.13999938964844,43.54999923706055,43.650001525878906,1784338,42.49740013122558,39.23754997253421,44.52908039480745,44.68035145536646,47.95614525380931,43.028854593602816,45.49249992370606,46.008693145176366,57.248349339900706,39.63956859524781,0.2379761924037993,0.7435303063764289,-0.5055541139726296,32.88113555937787,1.405556850178568,2.710915711058,1.5208424805987377,-90.4668922830298,160395125.0,164750312.8,1.0
2025-10-17,43.63999938964844,43.95000076293945,42.47999954223633,42.97999954223633,3153733,42.62800010681153,39.23779996871951,44.219264224293234,44.52577400871827,48.0896856942023,42.676314290538926,45.382999992370614,43.02447184979501,57.248349339900706,39.63956859524781,0.08247874889035955,0.6113199948792151,-0.5288412459888555,30.668537741809093,1.4101600195017507,2.710915711058,2.424481050951404,-91.40893425742522,157241392.0,164822325.0,1.0
2025-10-20,43.2400016784668,43.5,42.43000030517578,43.36000061035156,2477633,42.77160011291504,39.23884996414187,44.047411501504904,44.41979460886675,47.95399742616528,42.456002802716576,45.20500011444093,45.19566977058603,53.09629949862096,39.63956859524781,-0.009976185737933463,0.48706075875578536,-0.4970369444937188,28.6546061860858,1.3858628534533557,4.130399840429812,3.1840770875152704,-84.15672104939937,159719025.0,164338665.8,1.0
2025-10-21,43.40999984741211,44.18999862670898,43.369998931884766,44.0,985409,42.93400009155273,39.24089996337893,44.03792920120392,44.38163146260614,47.79026607133691,42.358734096509785,45.07450008392335,48.7387399744927,53.09629949862096,39.63956859524781,-0.03124461699056269,0.3833996836065158,-0.41464430059707846,27.011821905195397,1.346158222232217,11.880130820611186,6.240482124032999,-73.25383338153154,160704434.0,164253226.2,1.0
2025-10-23,44.29999923706055,44.400001525878906,43.79999923706055,43.95000076293945,2673781,43.09980010986329,39.24249996185305,44.02034351355103,44.342392308090986,47.50029914931993,42.333701247408584,44.917000198364256,48.47507534275603,53.09629949862096,39.63956859524781,-0.051540396945561895,0.29641166749610026,-0.34795206444166216,25.65715815077897,1.2928613698455131,20.367488412475733,12.126006357838909,-74.10560929564559,158030653.0,163716945.15,1.0
2025-10-24,43.93000030517578,45.27000045776367,43.93000030517578,44.4900016784668,5406463,43.26800010681153,39.24774997711184,44.11427514653419,44.35581134176151,47.31173128040072,42.330269299433255,44.82100028991699,51.525145941469816,53.09629949862096,39.63956859524781,-0.023777297985660084,0.2323738743997482,-0.2561511723854083,25.06643769269638,1.296228425755683,35.83452958909833,22.69404960739508,-58.38381705485381,163437116.0,163807876.45,1.0
2025-10-27,44.68999862670898,45.75,44.65999984741211,45.61000061035156,5686925,43.463200149536135,39.26514997482301,44.413420239297665,44.46982854799697,47.178844582966526,42.37815614945534,44.778500366210935,57.18604798851334,55.771342745986395,39.63956859524781,0.08759002822142037,0.20341710516408262,-0.11582707694266225,24.85378803175966,1.2936405611683632,58.4420253979994,38.21468113319115,-30.41574359890418,169124041.0,164002779.1,1.0
2025-10-28,45.900001525878906,48.34000015258789,45.619998931884766,47.66999816894531,22290065,43.556200103759764,39.28944995880128,45.064735825227196,44.76075305899227,47.64614108910471,42.19185939917654,44.919000244140626,65.22906939711328,55.771342745986395,39.63956859524781,0.33817574398975125,0.23036883292921634,0.10780691106053492,26.039495123102213,1.3962376312446465,83.28800113946818,59.18818537552197,-11.33675128495918,191414106.0,165555628.6,1.0
2025-10-29,48.0,49.650001525878906,44.38999938964844,45.06999969482422,29684601,43.65600006103516,39.30404994964601,45.0657885991466,44.78886638952245,47.6676120526823,42.224388527151675,44.94600028991699,51.961127919120464,55.771342745986395,39.63956859524781,0.32324244366195387,0.24894355507576388,0.07429888858618999,27.639154338345705,1.6722208101722051,77.96548827738579,73.23183827161779,-63.434917682862405,161729505.0,165797484.3,1.0
2025-10-30,44.619998931884766,44.95000076293945,42.41999816894531,43.43000030517578,18238259,43.73060005187988,39.31264995574953,44.738630940352444,44.665333109127296,47.679483631566015,42.06951691775038,44.874500274658196,45.6531726449968,55.771342745986395,39.63956859524781,0.177032727778915,0.2345613896163941,-0.05752866183747912,27.408511421592554,1.742062289865541,50.69513845782212,70.64954262489202,-86.03040570843064,143491246.0,165012163.35,1.0
2025-10-31,43.33000183105469,44.060001373291016,42.900001525878906,43.04999923706055,5748284,43.797000045776365,39.32434995651247,44.400904599694066,44.51848457530305,47.32891355744012,41.99308694609991,44.66100025177001,44.31088295642085,55.771342745986395,37.5568966063,0.030150013573276624,0.1936791144077706,-0.16352910083449398,27.194342998893198,1.7004864011188672,19.292953398150694,49.31786004445287,-91.2862963263902,137742962.0,162865777.65,1.0
2025-11-03,43.0,45.880001068115234,42.650001525878906,45.47999954223633,15525470,43.905400009155265,39.35939994812013,44.616723588202525,44.60589502684244,46.99794675327177,42.15205362819794,44.575000190734855,53.6881020594742,52.68542371454836,37.5568966063,0.1085735522743505,0.1766580019810866,-0.0680844497067361,27.79342469808269,1.8097373397701144,21.885470761088,30.6245208723536,-57.67634920450673,153268432.0,161862161.3,1.0
2025-11-04,45.630001068115234,45.630001068115234,44.43000030517578,44.970001220703125,3807505,44.02380004882812,39.380049953460706,44.68737911470265,44.63899558992068,46.91309592448383,42.16490471638531,44.53900032043457,51.719730476939056,52.68542371454836,37.5568966063,0.12809556347311712,0.16694551427949272,-0.0388499508063756,28.34971484733007,1.766184727139353,30.992530412457267,24.05698485723199,-64.73026462273559,149460927.0,160884351.45,1.0
2025-11-06,45.34000015258789,45.40999984741211,43.31999969482422,43.40999984741211,4194944,44.11700004577636,39.39209995269777,44.43190326124454,44.52726870423808,46.84014918759138,42.04785130068987,44.444000244140625,46.146480347737295,52.68542371454836,37.5568966063,0.017486253996253254,0.13705366222284482,-0.11956740822659156,27.94972120215492,1.7893144003856771,33.748111979750206,28.87537105109849,-86.30703708432745,145265983.0,159831518.45,1.0
2025-11-07,43.20000076293945,43.900001525878906,42.84000015258789,43.470001220703125,3000072,44.20460006713866,39.40149995803834,44.23952285313626,44.43115347846218,46.79362020833064,41.94838037150335,44.37100028991699,46.38578608881679,52.68542371454836,37.5568966063,-0.06458630061904813,0.09672566965446623,-0.16131197027351435,27.208174844974675,1.7372206127360585,22.785943814507128,29.175528735571532,-85.47714295663698,148266055.0,159069817.95,1.0
2025-11-10,43.59999847412109,44.11000061035156,43.20000076293945,43.34000015258789,2259286,44.30640007019043,39.410149955749525,44.05961831302659,44.331957721564514,46.4973854831183,41.9446150967157,44.221000289917,45.909777675866295,53.493696660660724,37.5568966063,-0.13852258900639924,0.04967601792229315,-0.1881986069286924,26.634419334923564,1.6781334152129195,12.280557483519543,22.938204425925623,-87.27522051894631,146006769.0,157826604.4,1.0
2025-11-11,43.45000076293945,44.0,42.900001525878906,43.880001068115234,2462073,44.42820007324218,39.418799953460706,44.02369486404432,44.29087075306913,46.42437639221827,41.912624263909684,44.16850032806398,48.28381972648123,53.493696660660724,37.5568966063,-0.15179427936460854,0.009381958464912812,-0.16117623782952134,25.853692376160883,1.6368380622777892,13.924740986517829,16.330414094848166,-79.8063316558522,148468842.0,156953901.5,1.0
2025-11-12,44.0,44.31999969482422,43.560001373291016,43.7599983215332,2006227,44.547000045776365,39.431149940490734,43.970955555542105,44.2426096229295,46.4090986126939,41.88290196714011,44.146000289917005,47.7819226854026,53.493696660660724,37.5568966063,-0.17003534670177345,-0.02650150256842444,-0.14353384413334902,25.32367564158777,1.5742066522246045,14.409903146760302,13.538400538932557,-81.46611991123315,146462615.0,156121166.05,1.0
2025-11-13,43.810001373291016,44.68000030517578,43.70000076293945,43.86000061035156,2601653,44.66400009155273,39.44789995193482,43.948764566503996,44.207826985422415,46.411687524463325,41.91031297907674,44.161000251770034,48.264542057768914,53.493696660660724,37.5568966063,-0.17441166591545,-0.05608353523782955,-0.11832813067762044,25.051427111337482,1.5317632872254419,18.16224306809922,15.498962400459115,-80.08296303174903,149064268.0,155573647.95,1.0
2025-11-14,43.79999923706055,43.959999084472656,43.02999877929688,43.18999862670898,2778047,44.743200073242186,39.46134994506836,43.797011378544994,44.11529713463028,46.41820809779561,41.84379217686261,44.13100013732911,45.247187831033195,53.493696660660724,37.5568966063,-0.22930026039433216,-0.09072688026913008,-0.1385733801252021,24.188191300683673,1.4887802170790372,13.323340638933832,15.298495617931115,-89.34992945715258,146286221.0,154778985.85,1.0
2025-11-17,43.29999923706055,43.7400016784668,42.77999877929688,42.86000061035156,1901115,44.740400085449224,39.47644994735718,43.60960922490631,44.00117926878676,46.44014567076306,41.74285451234242,44.09150009155274,43.79493601486299,52.845559408446135,37.5568966063,-0.29601566466249807,-0.13178463714780367,-0.1642310275146944,23.164840579927745,1.451010408656957,7.792205106346918,13.092596271126656,-93.91421525434997,144385106.0,153978484.9,-1.0
2025-11-18,42.90999984741211,42.9900016784668,41.79999923706055,42.5099983215332,3809645,44.75520004272461,39.49774993896485,43.38968704423169,43.86561736449098,46.472220687244594,41.66377937379057,44.06800003051758,42.246183394018296,52.845559408446135,37.5568966063,-0.37283258090754146,-0.17999422589975123,-0.19283835500779023,21.62166958617473,1.4323669824247638,1.4920109147877503,7.535852220022832,-90.95542831262625,140575461.0,153145188.35,-1.0
2025-11-19,42.41999816894531,42.52000045776367,41.84999847412109,41.9900016784668,2058541,44.74580009460449,39.51694993972779,43.10974997107871,43.69510684757969,46.56154222615074,41.437457941695946,43.999500083923344,39.9838475324487,52.845559408446135,37.5568966063,-0.4702491838978986,-0.2380452174993807,-0.2322039663985179,20.188725091975503,1.3779123396546082,0.0,3.094738673711556,-95.34307950648311,138516920.0,152085083.1,-1.0
2025-11-20,42.209999084472656,42.31999969482422,41.5099983215332,41.880001068115234,2712034,44.716400146484375,39.51949995040895,42.86380019048602,43.53009723126473,46.625256493986065,41.16174378067215,43.893500137329106,39.501936109893286,52.845559408446135,37.5568966063,-0.5499887456545949,-0.30043392313042355,-0.24955482252417133,19.140461557800958,1.3373472706286373,0.0,0.4973369715959167,-91.53312324868843,135804886.0,150840105.7,-1.0
2025-11-21,41.61000061035156,41.77999877929688,41.04999923706055,41.150001525878906,3127610,44.670600204467775,39.52189996719362,42.521040457564595,43.31372489441148,46.74747423881003,40.759526112142126,43.75350017547608,36.369168460519404,52.845559408446135,37.5568966063,-0.6644286649796385,-0.37323287150026657,-0.2911957934793719,18.540089183759697,1.3011083106590695,0.0,0.0,-97.92956002261964,132677276.0,149572436.85,-1.0
2025-11-24,41.45000076293945,41.59999847412109,40.5,40.900001525878906,2642545,44.588200225830086,39.51569997787477,42.19683267122746,43.09429549727216,46.80327573631222,40.34472459938116,43.57400016784669,35.33563438448176,48.257959779938965,37.5568966063,-0.7664607537388051,-0.4518784479479743,-0.31458230579083074,18.406211967479535,1.286743322334928,0.0,0.0,-92.20270092407861,130034731.0,147902317.6,-1.0
2025-11-25,40.90999984741211,41.52000045776367,40.630001068115234,40.9900016784668,1721847,44.495400238037114,39.51829998016358,41.955466472675326,42.90299605919894,46.61966666576671,40.06633377673818,43.343000221252446,36.04030431168943,48.257959779938965,37.5568966063,-0.8304863295831169,-0.5276000242750029,-0.302886305308114,18.2818974095051,1.2584044700001789,1.8140764094099675,0.6046921364699891,-90.02033210398042,131756578.0,146033944.45,-1.0
2025-11-26,41.13999938964844,44.15999984741211,41.09999847412109,42.810001373291016,13785549,44.42540023803711,39.53359998703004,42.12637345279847,42.89454199684367,45.67022573656091,40.52977502637856,43.100000381469734,48.307858697954195,48.257959779938965,37.5568966063,-0.7259994252633888,-0.5672799044726801,-0.15871952079070872,18.035562816993252,1.3949468770676885,35.1474097427433,12.320495384051089,-44.7368132860968,145542127.0,143740345.5,-1.0
2025-11-27,43.09999847412109,43.59999847412109,42.52999877929688,42.65999984741211,2214016,44.354600219726564,39.546849994659425,42.2330987317212,42.873219983258984,45.38130127036378,40.57769950783447,42.97950038909912,47.49923353781567,48.257959779938965,37.5568966063,-0.6478289020030843,-0.5833897039787609,-0.06443919802432341,17.806823552517965,1.3717363640502969,66.40290574045301,34.45479729753542,-48.32536627479325,143328111.0,142820275.8,-1.0
2025-11-28,42.65999984741211,42.70000076293945,41.75,41.869998931884766,1972469,44.27540016174317,39.55359998703004,42.160478771753915,42.78201806949769,45.34270099968841,40.46029964118072,42.901500320434565,43.38069989041647,48.257959779938965,37.5568966063,-0.6422215405505654,-0.5951560712931218,-0.04706546925744359,16.89983854901034,1.3416123925423795,85.26137119568796,62.27056222629476,-67.22490832863342,141355642.0,142713495.6,-1.0
2025-12-01,41.84999847412109,42.77999877929688,41.81999969482422,41.970001220703125,1660418,44.20820014953614,39.55994998931885,42.12238326154376,42.70819835597091,45.32241700307625,40.37258383615714,42.84750041961669,44.04213039068874,49.91071267578093,36.22079990316879,-0.6225321540874447,-0.6006312878519864,-0.021900866235458283,16.120445347486097,1.3143542991088286,74.3001867342197,75.32148789012021,-64.83250924927128,143016060.0,142977150.5,-1.0
2025-12-02,42.0,42.27000045776367,41.650001525878906,41.93000030517578,1393124,44.143400192260756,39.568449993133555,42.08390667027017,42.637453078625896,44.840442447768886,40.49955846775844,42.67000045776366,43.821607993347214,49.91071267578093,36.22079990316879,-0.6032025693041305,-0.6011455441424153,-0.0020570251617152424,15.23951364708954,1.2647574871642528,64.85018685859049,74.80391492949937,-65.78946888101613,141622936.0,142394875.7,-1.0
2025-12-03,41.88999938964844,41.97999954223633,41.04999923706055,41.52999877929688,2095345,44.035600204467784,39.57684999465943,41.97312509207551,42.53677541505053,44.433502828828914,40.562497842557796,42.498000335693355,41.579580714473224,49.91071267578093,36.22079990316879,-0.6130931579992378,-0.6035350669137798,-0.00955809108545802,14.422780350352989,1.2408462598793621,60.222044111904985,66.45747256823839,-71.85795567655099,139527591.0,141898208.9,-1.0
2025-12-04,41.54999923706055,42.0,41.25,41.43999862670898,1089738,43.93220016479493,39.5896499824524,41.86649979900221,42.4370684342922,44.34008544390873,40.45891510540768,42.3995002746582,41.07042796624687,49.91071267578093,36.22079990316879,-0.6210348774625345,-0.6070350290235308,-0.013999848439003704,13.644964099151299,1.205785812745122,52.585979155911325,59.219403375468936,-74.3169763415803,138437853.0,141556802.4,-1.0
2025-12-05,41.400001525878906,41.43000030517578,40.619998931884766,41.130001068115234,1621896,43.81280021667481,39.60539999008179,41.71920005282482,42.31824412827611,44.23346560001934,40.331534934038274,42.28250026702881,39.28597449599979,49.91071267578093,36.22079990316879,-0.644908851773593,-0.6146097935735433,-0.030299058200049744,13.484979737078346,1.178229661465057,40.93124827927234,51.24642384902954,-82.78685534479757,136815957.0,140984297.5,-1.0
2025-12-08,41.25,41.290000915527344,39.52999877929688,39.7599983215332,2513330,43.67980018615723,39.61409997940064,41.3273597065665,42.085676327663116,44.28879320034537,39.91820715060679,42.10350017547608,32.55418310412961,48.20638475836764,36.22079990316879,-0.7655521122657447,-0.6447982573119836,-0.12075385495376112,14.171602294900506,1.2197848382340144,24.886849161312924,39.46802553216553,-95.03240844110758,134302627.0,140399090.4,-1.0
2025-12-09,39.7599983215332,40.43999862670898,39.25,40.18999862670898,2509361,43.55440017700196,39.629349975585946,41.099887490594995,41.91334199121274,44.09583399172241,39.74216611508913,41.91900005340577,36.246742650244556,48.20638475836764,36.22079990316879,-0.8170469260587723,-0.6792479910613414,-0.1377989349974309,15.00266727419581,1.2176572516965118,17.963882728454877,27.927326723013376,-80.85542452298816,136811988.0,139816247.7,-1.0
2025-12-10,40.18999862670898,41.38999938964844,40.150001525878906,40.29999923706055,1957981,43.46320014953615,39.651449966430675,40.9399098398881,41.76667446810799,43.855711369681146,39.636288828683135,41.74600009918214,37.1940357856245,48.20638475836764,36.22079990316879,-0.8393058120958301,-0.7112595552682391,-0.12804625682759097,14.74969186228988,1.2192530097017276,17.630620397092436,20.160450762286743,-78.61508615699927,138769969.0,139431615.4,-1.0
2025-12-11,40.470001220703125,40.77000045776367,40.16999816894531,40.68999862670898,1105795,43.386400146484384,39.67809995651246,40.88992759725228,41.668794846162626,43.4951236599476,39.679876340052395,41.5875,40.56590837838409,48.20638475836764,36.22079990316879,-0.8160693092515316,-0.7322215060648978,-0.08384780318663387,14.514786122662946,1.1750208153529156,34.58269659996296,23.39239990850342,-70.6721248175201,139875764.0,138972190.2,-1.0
2025-12-12,40.88999938964844,41.70000076293945,40.810001373291016,41.61000061035156,2528603,43.32140014648438,39.705599956512465,41.03394219987214,41.66344991563435,43.261276415726776,39.75572378263748,41.50850009918213,47.69917313784969,48.20638475836764,36.22079990316879,-0.7151736652025846,-0.7288119378924351,0.013638272689850517,13.571938560322662,1.16323376684417,58.81498960654332,37.0094355345329,-51.934812959404944,142404367.0,138778097.5,-1.0
2025-12-15,41.61000061035156,41.66999816894531,41.0,41.09000015258789,1180740,43.19680015563966,39.72459995269776,41.0451537904153,41.611318118993765,43.06060403234013,39.77939612024776,41.420000076293945,44.451733677888406,49.413066608004215,36.22079990316879,-0.6694557621915109,-0.7169407027522503,0.047484940560739375,12.696437252435256,1.1280026527085374,74.17161299482085,55.85643306710904,-62.525453976181055,141223627.0,138620023.55,-1.0
2025-12-16,41.09000015258789,41.09999847412109,40.20000076293945,40.34999847412109,1437274,43.05980010986329,39.731749954223645,40.90612272715646,41.49665269673261,42.9347682617317,39.689231906114976,41.31200008392334,40.25191603882764,49.413066608004215,36.22079990316879,-0.6850392397421032,-0.710560410150221,0.025521170408117744,12.438248758376771,1.1117165854566158,74.16184558528539,69.04948272888319,-74.71266988562932,139786353.0,138580568.15,-1.0
2025-12-17,40.41999816894531,40.45000076293945,39.720001220703125,39.83000183105469,1611334,42.942600173950204,39.742399959564224,40.6908985479361,41.34513898167098,42.92151919262308,39.48648099048239,41.204000091552736,37.56601864505023,49.413066608004215,36.22079990316879,-0.730923015734426,-0.714632931267062,-0.01629008446736402,12.60233305532386,1.0844510823694524,53.147223780622795,67.16022745357634,-83.56934754605739,138175019.0,138563473.1,-1.0
2025-12-18,39.84999847412109,39.97999954223633,39.209999084472656,39.68000030517578,1982418,42.8300001525879,39.7532999610901,40.48871889938404,41.19376273835323,42.9082993502369,39.27970075657463,41.094000053405765,36.80311918401954,49.413066608004215,36.22079990316879,-0.7705081697502578,-0.7258079789637012,-0.044700190786556626,13.159255763502742,1.0619903234690395,37.32478423062837,54.877951198845516,-86.83469857477772,136192601.0,138582858.85,-1.0
2025-12-19,40.0099983215332,40.400001525878906,39.41999816894531,40.11000061035156,2145060,42.7336001586914,39.771749973297126,40.41297524157754,41.095238908534895,42.90840820191659,39.1755918133422,41.0420000076294,40.531472761018314,49.413066608004215,36.22079990316879,-0.7584394407771313,-0.7323342713263872,-0.026105169450744148,13.197943574992609,1.0561341115736507,37.94007399877006,42.80402733667374,-70.58819862845489,138337661.0,138865878.1,-1.0
2025-12-22,40.18999862670898,40.900001525878906,40.18999862670898,40.290000915527344,1736122,42.61260017395019,39.79619997024537,40.38838037636751,41.02203545462512,42.90738260061925,39.115617353604385,41.01149997711182,42.072102840122,45.82044884822706,36.22079990316879,-0.7259817006755966,-0.7310637571962291,0.0050820565206324275,12.69316027318157,1.0371245975703431,47.85773034373749,41.04086285771197,-61.29026965388812,140073783.0,139367830.7,-1.0
2025-12-23,40.52999877929688,42.59000015258789,40.34999847412109,41.59999847412109,6667852,42.54600013732911,39.83209997177124,40.630703995918225,41.07457754730657,42.95596650965097,39.12803312413809,41.04199981689453,51.84895100635255,45.82044884822706,36.22079990316879,-0.5877773218401217,-0.7024064701250076,0.1146291482848859,12.827349970504345,1.1273299289625007,71.83937692470862,52.54572708907205,-29.289981231244155,146741635.0,140117083.55,-1.0
2025-12-24,41.75,41.84999847412109,41.060001373291016,41.5099983215332,1734635,42.492000122070316,39.87004997253419,40.80656286104122,41.114161254054444,42.71869986691296,39.23529946170032,40.97699966430664,51.20948282478006,45.82044884822706,36.22079990316879,-0.4799787201459509,-0.6579209201291962,0.17794219998324534,12.951954689446922,1.1032347269530414,86.51037666370893,68.73582797738501,-31.952706797720666,145007000.0,140090327.2,-1.0
2025-12-26,41.54999923706055,42.86000061035156,41.29999923706055,41.650001525878906,4299085,42.45380012512208,39.90039997100831,40.975250594008756,41.162874006038486,42.5145243495724,39.33847514688756,40.92649974822998,52.197153450476335,45.82044884822706,36.22079990316879,-0.37888293647597493,-0.602113323398552,0.22323038692257702,13.794419066858051,1.1358609159771824,98.89526496714372,85.74833951852041,-33.150645989971004,149306085.0,140389225.9,-1.0
2025-12-29,41.72999954223633,43.15999984741211,41.59999847412109,41.790000915527344,6324405,42.41380012512208,39.926349983215346,41.13820065831247,41.21988554326474,42.5008920147415,39.34410768008272,40.92249984741211,53.21700644157387,49.85169972218429,36.22079990316879,-0.2841910414181328,-0.5385288670024682,0.2543378255843354,14.773977419121403,1.166156662928171,98.89526496714372,94.76696886599878,-34.68351056381215,155630490.0,141102968.3,-1.0
2025-12-30,41.84999847412109,43.650001525878906,41.58000183105469,43.27000045776367,8610843,42.40620010375977,39.9563999938965,41.56456061820272,41.406259626401,42.83213805927791,39.14286155925235,40.98749980926513,62.35940952454076,49.85169972218429,36.22079990316879,-0.08870094885632085,-0.44856328337323875,0.3598623345169179,15.997558244426997,1.2307168794921746,99.99999999999999,99.2635099780958,-8.558577909134646,164241333.0,142164231.95,1.0
2025-12-31,44.0,46.59000015258789,43.75,44.25,31024085,42.43160011291505,39.996499996185314,42.10164849456218,41.66478147854637,43.427256243752595,38.7797433442601,41.103499794006346,66.96323494907011,49.85169972218429,40.79569555492706,0.1436482432591788,-0.3301209780467553,0.4737692213059341,18.50304278214863,1.3799513663016063,99.99999999999999,99.63175498904789,-31.707314551724032,195265418.0,144846356.05,1.0
2026-01-01,44.29999923706055,44.790000915527344,43.59999847412109,44.09000015258789,3486141,42.44620010375977,40.03815000534058,42.499318826167325,41.88525590345923,43.90923896536823,38.55376075997356,41.231499862670894,65.55350249121982,49.85169972218429,40.79569555492706,0.3112876709833614,-0.20183924824073196,0.5131269192240934,20.665189026906333,1.3663835859519387,98.44194623474235,99.4806487449141,-33.875333850574506,191779277.0,147458940.35,1.0
2026-01-02,44.13999938964844,45.790000915527344,43.869998931884766,45.68999862670898,7252072,42.480000076293955,40.091450004577645,43.137454786275654,42.231141605572844,44.78404323866929,38.103956486672494,41.44399986267089,71.91977876637633,49.85169972218429,40.79569555492706,0.5667168710278219,-0.0481280243870212,0.6148448954148431,23.033607455547948,1.4059277572155557,98.44194623474236,98.96129748982823,-12.195140862069865,199031349.0,150488615.15,1.0
2026-01-05,45.75,45.84999847412109,44.65999984741211,45.02000045776367,3049509,42.50140007019044,40.14534999847414,43.51396392057326,42.48467422849929,45.335527274783516,37.94147238952311,41.638499832153315,66.3867779602018,58.56224594235264,40.79569555492706,0.7069340043544514,0.10288438136127331,0.6040496229931781,25.253729150584146,1.3905042478936573,93.18992732408037,96.69127326452168,-21.273705522988195,195981840.0,153446909.3,1.0
2026-01-06,45.18999862670898,46.150001525878906,45.060001373291016,45.619998931884766,7050962,42.5240000152588,40.207150001525896,43.93517092283557,42.769703746988874,45.91910284607642,37.94389687926536,41.93149986267089,68.70844905006481,58.56224594235264,40.79569555492706,0.8565976309151253,0.2536270312720437,0.6029705996430816,27.4232926153638,1.3718968779094844,91.69973204885035,94.44386853589101,-13.143646074713267,203032802.0,156883418.05,1.0
2026-01-07,45.59999847412109,46.369998931884766,45.060001373291016,46.0,3827849,42.53180000305177,40.27085000991822,44.34813673826846,43.063367042717154,46.51058218738315,37.93341767528773,42.22199993133544,70.1162615922177,58.56224594235264,40.79569555492706,0.9944071371480447,0.40178305244724394,0.5926240847008009,29.518290564434277,1.3674754979583605,89.98780272944478,91.62582070079183,-7.994580856321876,206860651.0,160385851.2,1.0
2026-01-08,45.900001525878906,45.970001220703125,42.59999847412109,42.83000183105469,6799827,42.43500007629395,40.3055000114441,44.044509756825704,43.04215202347511,46.54667606541215,38.15032405665816,42.34850006103515,49.93389594659376,58.56224594235264,40.79569555492706,0.8381679261366131,0.4890600271851178,0.34910789895149524,28.84360462089754,1.5126559285241143,71.89154790611431,84.52636089480315,-52.440687326323584,200060824.0,163450393.95,1.0
2026-01-09,42.790000915527344,43.119998931884766,41.59000015258789,41.720001220703125,3740413,42.368000106811536,40.33570001602174,43.57960804960119,42.92195649595038,46.53734174490011,38.262658636569604,42.40000019073486,45.04461405511307,58.56224594235264,40.79569555492706,0.6176594594057505,0.5147799136292444,0.10287954577650615,27.41294157729342,1.5138947035793116,44.92610925037546,68.93515329531152,-76.09371516854392,196320411.0,166272626.3,1.0
2026-01-12,41.70000076293945,42.2400016784668,40.709999084472656,42.08000183105469,3383873,42.34100013732912,40.36405002593995,43.27968680589189,42.845415162778046,46.54726530329823,38.29973520024181,42.42350025177002,46.8618881943937,49.469049193044135,40.79569555492706,0.4665755588394589,0.5051390426712873,-0.03856348383182839,25.45595337761404,1.5150452671803707,15.558674850903696,44.125444002464484,-72.27559468607915,199704284.0,169137622.15,1.0
2026-01-13,42.5,42.77000045776367,41.470001220703125,41.83000183105469,2235405,42.316600189209,40.39185003280641,42.98974981092446,42.7531048598941,46.54699849394552,38.3740021774412,42.46050033569336,45.73094239893098,49.469049193044135,40.79569555492706,0.32294486114405174,0.4687002063658402,-0.14575534522178846,23.99465962580249,1.4996848364575261,6.4248699957248006,22.30321803233465,-80.95233770185291,197468879.0,171949884.75,1.0
2026-01-14,41.61000061035156,44.13999938964844,41.470001220703125,43.0,7158922,42.26700019836427,40.43150003433228,42.99179984873957,42.775549872631,46.56151294158221,38.6244878823924,42.593000411987305,51.61603521881861,49.469049193044135,40.79569555492706,0.3000665916843843,0.434973483429549,-0.13490689174516468,23.464445827283125,1.5832786459209394,11.255774298567394,11.079773048398629,-61.05441327306804,204627801.0,175191957.15,1.0
2026-01-15,43.0,43.0,43.0,43.0,0,42.22760017395021,40.476250038146986,42.99343987899166,42.79595442966454,46.50263288344934,39.000367757419795,42.751500320434566,51.61603521881862,49.469049193044135,40.79569555492706,0.2787224592965103,0.4037232786029413,-0.12500081930643103,22.972104442943714,1.4701873140694437,17.152354624060834,11.610999639451009,-61.05441327306804,204627801.0,178514596.25,1.0
2026-01-16,43.5,43.5,41.61000061035156,41.7599983215332,2956665,42.19460014343263,40.51665002822877,42.74675156749997,42.7017766016526,46.35497004374087,39.35603039876401,42.85550022125244,45.54517948504329,49.469049193044135,40.79569555492706,0.15990601131667148,0.35495982514568736,-0.19505381382901588,21.4709512428015,1.5001738908965148,16.92195242202356,15.110027114883927,-82.14287336180516,201671136.0,181788523.0,1.0
2026-01-19,41.70000076293945,41.86000061035156,41.08000183105469,41.400001525878906,1829467,42.153200149536154,40.55685003280641,42.47740155917576,42.583433412945894,46.24984540815959,39.590155125898036,42.92000026702881,43.9297606114732,49.554035365092915,40.79569555492706,0.036276217817970746,0.29122310368014404,-0.2549468858621733,20.15417777059927,1.4487328114965405,8.771402482074125,14.281903176052838,-88.26526673357523,199841669.0,184863723.4,-1.0
2026-01-20,41.400001525878906,41.47999954223633,39.59999847412109,39.84000015258789,4178378,42.08320014953615,40.58530002593996,41.94992127785819,42.33403038927698,46.307292790416426,39.48770766734725,42.89750022888184,37.691085016237,49.554035365092915,40.79569555492706,-0.18544268969075262,0.1958899450059647,-0.3813326346967173,19.820388922309068,1.479537686969305,0.6208525421246811,8.771402482074121,-96.45492374832006,195663291.0,187643198.8,-1.0
2026-01-21,39.5,40.209999084472656,39.04999923706055,39.68999862670898,3883953,41.99940010070802,40.60860002517701,41.49793674762835,42.093663865407166,46.46256982085873,39.141430652163734,42.80200023651123,37.144840061169916,49.554035365092915,40.79569555492706,-0.3690067111458717,0.08291061377559744,-0.45191732492146913,19.805387379516507,1.4567135555723625,0.0,3.1307516747329354,-91.25683857472075,191779338.0,189895083.95,-1.0
2026-01-22,39.75,41.09999847412109,39.75,40.43999862670898,3215277,41.933000106811534,40.63065002441408,41.28634912344448,41.94333066188915,46.51822573885353,38.97877476468652,42.748500251770025,41.694788199576905,49.554035365092915,40.79569555492706,-0.4487904121588997,-0.023429591411301992,-0.42536082074759773,19.121135287138657,1.4533768621323444,4.599890781296258,1.7402477744736464,-81.01093650821784,194994615.0,192394464.7,-1.0
2026-01-23,40.70000076293945,41.380001068115234,39.47999954223633,39.59000015258789,4058128,41.847600097656255,40.65525003433229,40.947079329273166,41.72939152467995,46.647044275096235,38.6439560911147,42.64550018310547,38.31008786185662,49.554035365092915,40.79569555492706,-0.5739907352510301,-0.13354182017924762,-0.4404489150717824,18.28188461587055,1.4852786238285276,5.777928959591001,3.4592732469624194,-92.62293800491325,190936487.0,194475984.8,-1.0
2026-01-27,39.97999954223633,41.900001525878906,39.20000076293945,41.4900016784668,5780483,41.81360015869141,40.697500038146984,41.05566379911189,41.70762881138784,46.64776518875873,38.61323525374616,42.63050022125245,48.39458436947997,45.12022055398077,40.79569555492706,-0.5139738782274534,-0.20962823178888879,-0.30434564643856465,17.124951454448663,1.5720444909078795,17.151156425399687,9.176325388762315,-66.66663192443147,196716970.0,196530308.8,-1.0
2026-01-28,41.83000183105469,42.959999084472656,41.56999969482422,42.86000061035156,3821056,41.81360015869141,40.742450046539325,41.41653116135983,41.8123898840209,46.61769780974407,38.6023026480196,42.61000022888184,54.207397441300444,45.12022055398077,40.79569555492706,-0.3518072078936427,-0.23806402700983958,-0.11374318088380314,16.464115915695768,1.564755413414878,45.88459897743675,22.937894787475813,-44.94219246906209,200538026.0,198345143.45,-1.0
2026-01-29,43.0,43.84999847412109,42.77999877929688,43.54999923706055,5228488,41.83440017700195,40.79130004882814,41.84322477649998,41.97035437066087,46.5343273094319,38.61567307203782,42.57500019073486,56.84400156394422,45.12022055398077,40.79569555492706,-0.1657017243573904,-0.22359156647934975,0.057889842121959356,16.383856455986486,1.5294157192298299,78.03989413247534,47.025216511770594,-11.591358249526163,205766514.0,198870198.25,-1.0
2026-01-30,43.0,43.150001525878906,41.61000061035156,42.459999084472656,4001658,41.843800125122065,40.82840003967287,41.96657963809452,42.01486752646194,46.38809675996467,38.59890351469353,42.4935001373291,51.77276387834347,45.12022055398077,40.79569555492706,-0.10495582521939184,-0.19986441822735818,0.09490859300796634,15.461263034948377,1.5587430697640552,91.41886033256364,71.78111781415858,-33.00589891577164,201764856.0,199369477.2,-1.0
2026-02-02,41.02000045776367,42.79999923706055,40.25,42.25,4287539,41.85120010375976,40.86220003128053,42.023263710475625,42.03624320587449,45.913815212361804,38.7291851996255,42.32150020599365,50.83186937620448,51.32354525637762,38.55567881982156,-0.07291887023763621,-0.1744753086294138,0.10155643839177758,14.952833731329976,1.6295470817138047,81.2456148251461,83.56812309672836,-37.13161754400954,197477317.0,199291775.6,-1.0
2026-02-03,43.5,43.52999877929688,39.70000076293945,41.33000183105469,12322847,41.85480010986327,40.890050048828144,41.88461133459144,41.97203944452723,45.518616664060204,38.755383885256194,42.1370002746582,46.817630136740505,51.32354525637762,38.55567881982156,-0.12037787488019092,-0.16365582187956923,0.043277946999378314,14.001686928401414,1.7867221484740636,64.27979722627408,78.9814241279946,-55.20623721720466,185154470.0,198750407.1,-1.0
2026-02-04,41.33000183105469,41.560001373291016,40.40999984741211,41.31999969482422,6881281,41.86320007324218,40.91715003967287,41.771689006638,41.91276310364514,44.89307225486898,38.95092837074135,41.92200031280517,46.77438216785348,51.32354525637762,38.55567881982156,-0.1569869193008131,-0.162322041363818,0.0053351220630049045,13.11847918282489,1.741242104002981,55.82193856769438,67.11578353970485,-52.70831627977941,178273189.0,197512426.45,-1.0
2026-02-05,41.02000045776367,41.77999877929688,40.75,41.630001068115234,3237068,41.87600006103515,40.94210004806521,41.74335141893345,41.88705746405151,43.97134714838675,39.4356535840351,41.703500366210925,48.36638685429329,51.32354525637762,38.55567881982156,-0.15915074005955177,-0.16168778110296478,0.002537041043413013,12.218271127295296,1.690439009381117,51.65004776316451,57.25059451904432,-46.24995330968743,181510257.0,196244906.75,-1.0
2026-02-06,41.27999877929688,41.75,40.52000045776367,41.52999877929688,2635849,41.85040000915527,40.96300004959109,41.70068089100614,41.85459758361927,43.84406541073634,39.43293501650975,41.63850021362305,47.86898335048807,51.32354525637762,38.55567881982156,-0.16700974813740999,-0.16275217450985383,-0.00425757362755616,11.475907782609665,1.6575504760136321,53.42906293190575,53.6336830875882,-48.333334657880975,178874408.0,195185585.95,-1.0
2026-02-09,41.709999084472656,42.75,41.13999938964844,42.09000015258789,4014449,41.83900001525878,40.987350044250505,41.778544743322485,41.87599781716187,43.87163210322286,39.442368217211715,41.65700016021729,50.91332009020859,49.37588548827042,38.55567881982156,-0.12659137143288746,-0.15552001389446055,0.02892864246157309,11.240918827300288,1.65415405703777,60.43264008377624,55.17058359294883,-36.666637526613385,182888857.0,194514008.25,-1.0
2026-02-10,42.09999847412109,43.11000061035156,41.90999984741211,42.4900016784668,3402804,41.85140007019043,41.01275005340577,41.920836130351354,41.93181635000777,43.916079621160186,39.43892068401559,41.67750015258789,53.02356931442674,49.37588548827042,38.55567881982156,-0.061572961734647436,-0.13673060346249793,0.0751576417278505,11.263514016649305,1.6217145360307474,68.3131488717223,60.72495062913475,-28.333271079583234,186291661.0,193843377.1,-1.0
2026-02-11,42.45000076293945,42.45000076293945,41.75,41.93000030517578,2717329,41.850600051879894,41.045650062561045,41.92266896531624,41.93165125502305,43.922959627681564,39.44204052490632,41.68250007629394,49.7959923331295,49.37588548827042,38.55567881982156,-0.05460340030499822,-0.12030516283099799,0.06570176252599977,11.14687601111255,1.558735046204751,70.8240726502386,66.52328720191238,-41.29030352699691,183574332.0,193148649.75,-1.0
2026-02-12,41.93000030517578,41.93000030517578,41.11000061035156,41.29999923706055,1887500,41.838000030517584,41.075000057220464,41.798135019665104,41.87422834429918,43.75495375028169,39.44004632601226,41.597500038146975,46.37590698715641,49.37588548827042,38.55567881982156,-0.09877715219346328,-0.11599956070349104,0.017222408510027765,10.496327372564624,1.5059682353918558,62.0325751550896,67.05659889235017,-54.83872026277938,181686832.0,192001601.3,-1.0
2026-02-13,40.95000076293945,40.95000076293945,40.0,40.36000061035156,4142610,41.81460006713868,41.09930006027222,41.5105081378024,41.73657127757667,43.584352778179905,39.34664735914919,41.46550006866455,41.76653635627419,49.37588548827042,38.55567881982156,-0.2072461969467554,-0.1342488879521439,-0.07299730899461149,10.435639333094928,1.4912561640824766,35.16386934575763,56.00683905036195,-75.0537544433041,177544222.0,190647422.35,-1.0
2026-02-16,40.29999923706055,40.540000915527344,39.88999938964844,40.400001525878906,1552588,41.793800125122075,41.12455007553101,41.2884068154177,41.61506493651324,43.56332950637757,39.23167095138609,41.39750022888183,42.03057990775384,46.96140182231182,38.55567881982156,-0.28667633052112507,-0.16473437646594014,-0.12194195405518493,10.457213780909141,1.431166547067936,15.090163430476734,37.42886931044132,-83.13250243359433,179096810.0,189518706.05,-1.0
2026-02-17,40.400001525878906,40.40999984741211,39.91999816894531,40.09999847412109,2459421,41.773200073242194,41.14835006713867,41.050725147158374,41.47733162175032,43.57469741639845,39.09030273618943,41.33250007629394,40.54571042288463,46.96140182231182,38.55567881982156,-0.3695728173020001,-0.20570206463315216,-0.16387075266884793,10.477247196736624,1.3639404850249974,0.5837487664379444,16.94592718089077,-90.3614956195303,176637389.0,188358492.05,-1.0
2026-02-18,40.380001068115234,40.83000183105469,39.5,39.75,6019303,41.77300010681153,41.170900058746334,40.790580117726705,41.32030147431847,43.58313352484848,39.072866612480624,41.32800006866455,38.822525653006636,46.96140182231182,38.55567881982156,-0.45822865739009444,-0.2562073831845406,-0.20202127420555382,10.09438553139852,1.3615162954556896,0.5837487664379444,5.419220321117541,-93.79652417553294,170618086.0,187106231.8,-1.0
2026-02-19,40.0099983215332,40.22999954223633,38.75,38.93000030517578,6147972,41.74780014038087,41.19490005493164,40.418464155216526,41.10300136803277,43.68276125615829,38.897239049017486,41.290000152587886,35.06272497743845,46.96140182231182,38.55567881982156,-0.5878794632298181,-0.32254179919359616,-0.26533766403622194,10.3415517668022,1.3699793845114496,0.0,0.3891658442919629,-96.23430227732696,164470114.0,185740770.6,-1.0
2026-02-20,38.93000030517578,39.29999923706055,38.52999877929688,38.97999954223633,1875360,41.721400146484385,41.21615005493164,40.13077123262049,40.910001202051276,43.800438235212084,38.63356216151644,41.21700019836426,35.4730767969922,46.96140182231182,38.55567881982156,-0.6787697057235818,-0.3937873804995933,-0.2849823252239885,10.739779827298898,1.327123746886608,0.7615674257003626,0.44843873071276896,-90.99998474121108,166345474.0,184308313.55,-1.0
2026-02-23,39.20000076293945,39.33000183105469,38.59999847412109,38.81999969482422,2080198,41.68400016784668,41.23975006103515,39.86861692506124,40.72000106503064,43.884091254329746,38.4729090966224,41.178500175476074,34.71703500142208,44.215036621790354,38.55567881982156,-0.7550082629612689,-0.46603155699192844,-0.28897670596934044,11.07646960689176,1.2844722904613932,0.7615674257003626,0.507711617133575,-93.66810481251369,164265276.0,182974753.0,-1.0
2026-02-24,38.75,38.84999847412109,37.900001525878906,38.65999984741211,2953521,41.625000152587894,41.26330005645752,39.62689350953141,40.53272822706531,43.96117967579718,38.11282049204951,41.037000083923346,33.93806855383767,44.215036621790354,38.55567881982156,-0.8188987641466241,-0.5366049984228676,-0.28229376572375653,11.940238358402876,1.2605811945885923,0.7615674257003626,0.7615674257003626,-85.41269759915652,161311755.0,181204492.25,-1.0
2026-02-25,39.0,40.09000015258789,38.880001068115234,39.22999954223633,5363197,41.587800140380864,41.27885005950928,39.5475147160724,40.41429834662631,43.75375720216759,37.95724285886757,40.85550003051758,39.17412397717272,44.215036621790354,38.55567881982156,-0.8141531838455052,-0.5921146355073952,-0.22203854833811,11.437746090420095,1.2726825596305344,9.144909686532536,3.5560148459777534,-74.47220249383132,166674952.0,179511338.55,-1.0
2026-02-26,39.45000076293945,40.68999862670898,39.31999969482422,40.34000015258789,6474453,41.58760017395019,41.29950006484986,39.7060118033755,40.40754396535009,43.30629977087306,38.08370038171481,40.69500007629394,47.84361717342115,44.215036621790354,38.55567881982156,-0.7126099804038191,-0.61621370448668,-0.09639627591713906,10.807845920504048,1.2860623114049712,33.43131920409675,14.445932105443216,-53.167004693323186,173149405.0,177880483.1,-1.0
2026-02-27,40.540000915527344,40.84999847412109,39.84000015258789,40.56999969482422,3715112,41.602400131225586,41.31250005722047,39.87880938166525,40.42231266802955,43.076129007777695,38.12487120584534,40.600500106811516,49.45131217493498,44.215036621790354,38.55567881982156,-0.6065848862422953,-0.614287940837803,0.007703054595507686,10.363324761867023,1.2663434549855586,60.52561068693042,34.36727985918657,-48.752425371768304,176864517.0,176635466.15,-1.0
2026-03-02,39.25,41.13999938964844,39.06999969482422,39.86000061035156,4628553,41.606000137329104,41.3224500656128,39.87504762740251,40.37119339005882,42.849805850860186,38.11219442379801,40.4810001373291,44.85487480971869,47.989139229338775,36.28990847697713,-0.573242247854381,-0.6060788022411187,0.032836554386737604,10.003025781652054,1.3237474721168916,74.32781229487222,56.09491406196646,-56.92308982146375,172235964.0,175373398.5,-1.0
2026-03-04,39.0099983215332,39.220001220703125,37.810001373291016,38.290000915527344,4560320,41.569600143432616,41.32140007019044,39.55803828502748,40.181994074192325,42.853448373156596,37.80455180994886,40.32900009155273,36.725797950910945,47.989139229338775,36.28990847697713,-0.665828563828704,-0.6180287545586358,-0.047799809270068216,10.635632143782239,1.3756225981842956,56.031401742411795,63.628274908071475,-88.34952265347448,167675644.0,174499457.2,-1.0
2026-03-05,38.650001525878906,39.130001068115234,38.09999847412109,38.59999847412109,2552692,41.5358000946045,41.31935007095338,39.3664303228462,40.03817629236766,42.784826531298194,37.601173529736954,40.193000030517574,39.07369895637549,47.989139229338775,36.28990847697713,-0.7060507604013395,-0.6356331557271766,-0.07041760467416291,11.223052337188838,1.3509354550278565,39.9720481659091,56.77708740106437,-76.27634920653125,170228336.0,174097214.55,-1.0
2026-03-06,38.400001525878906,39.2400016784668,38.31999969482422,38.54999923706055,1910805,41.47480010986328,41.31740007400514,39.20314410568907,39.90288746915792,42.63732291874625,37.44067695918345,40.03899993896485,38.823470184860724,47.989139229338775,36.28990847697713,-0.7335062579898519,-0.6552077761797117,-0.07829848181014021,11.647335459340015,1.320154492786051,27.5222077846974,41.175219231006096,-77.77782869135186,168317531.0,173437578.25,-1.0
2026-03-09,37.84999847412109,37.84999847412109,36.54999923706055,37.310001373291016,4134567,41.39080017089844,41.309000072479265,38.82451555920946,39.66717055135184,42.596337121604435,37.05966301572467,39.82800006866455,33.15301423995007,43.923468835782195,36.28990847697713,-0.8455751383044543,-0.6932812486046602,-0.15229388969979407,13.214578146784156,1.368714886158476,21.53220881959361,29.675488256733367,-83.44221980467753,164182964.0,172703006.05,-1.0
2026-03-10,37.619998931884766,38.09000015258789,37.29999923706055,37.63999938964844,2676358,41.310600128173824,41.30270006179811,38.58761232529726,39.48288226392426,42.32320436112758,36.887795699907585,39.60550003051758,35.838798906441326,43.923468835782195,36.28990847697713,-0.8974175801144071,-0.7341085149066096,-0.16330906520779753,14.40135841552433,1.327378173970538,15.990246677163555,21.68155442715152,-76.25272077663577,166859322.0,171901529.3,-1.0
2026-03-11,37.630001068115234,38.84000015258789,37.61000061035156,37.7400016784668,3382728,41.22960014343262,41.29270006179811,38.41809019593117,39.32443857433722,41.843765272360606,36.892234788674564,39.368000030517585,36.66919946569587,43.923468835782195,36.28990847697713,-0.9198305062977781,-0.7712529131848432,-0.14857759311293484,14.701117853433463,1.3204225574180946,12.68428952310882,16.73558167328866,-74.07402174626696,170242050.0,171099048.75,-1.0
2026-03-12,37.88999938964844,38.43999862670898,36.810001373291016,37.88999938964844,3583022,41.12200012207031,41.28460006713868,38.31247203467463,39.19403501209278,41.410022425645934,36.92197754383649,39.16599998474121,37.96609104810291,43.923468835782195,36.28990847697713,-0.9149424628851079,-0.7999908231248962,-0.11495163976021172,15.505046079254708,1.3425350357037995,22.528010275121396,17.067515491797923,-70.80609786401892,173825072.0,170611585.75,-1.0
2026-03-13,38.0,38.0,36.5,36.59999847412109,3816260,40.96900009155274,41.2712000656128,37.96997732256392,38.95821350864081,41.21804285382174,36.64395703936674,38.93099994659424,31.913360959116336,43.923468835782195,36.28990847697713,-1.0035921604484699,-0.840711090589611,-0.16288106985885886,16.4438028809417,1.3537825331535283,17.035034511220474,17.41577810315023,-97.84486018803844,170008812.0,170027684.75,-1.0
2026-03-16,36.52000045776367,36.59999847412109,35.400001525878906,35.900001525878906,3355733,40.805200119018565,41.251750068664556,37.555982163226915,38.680194237480634,41.262480634623344,36.15351935011786,38.7079999923706,29.19358194225493,40.368018353656836,36.28990847697713,-1.1174503163997827,-0.8960589357516454,-0.22139138064813724,17.93711145058763,1.3427978485170036,9.843720752012578,16.46892184611815,-91.28919536441006,166653079.0,169483127.6,-1.0
2026-03-17,36.150001525878906,37.13999938964844,35.70000076293945,36.959999084472656,2883211,40.63060012817384,41.23695007324219,37.43678554747606,38.52381285993445,41.07398378070854,35.99801595989205,38.535999870300294,37.833522177899255,40.368018353656836,36.28990847697713,-1.1093627379963351,-0.9387196962005834,-0.17064304179575174,18.729482702031525,1.3497407612450023,14.21669676448788,13.698484009240309,-72.82233207018514,169536290.0,169005101.6,-1.0
2026-03-18,37.06999969482422,37.540000915527344,36.58000183105469,37.220001220703125,2990214,40.474600143432625,41.23260007858278,37.39342868212148,38.40528452909524,40.88272016005568,35.9012798552031,38.39200000762939,39.774736803303036,40.368018353656836,36.28990847697713,-1.0696430946134612,-0.9649043758831589,-0.10473871873030227,19.040435191788113,1.3219020700469777,31.627589198327676,18.56266890494271,-68.29267644310583,172526504.0,168799557.35,-1.0
2026-03-19,36.52000045776367,36.900001525878906,35.90999984741211,36.040000915527344,2800972,40.28300018310548,41.22000007629396,37.122743128802654,38.19025874604362,40.82091530487185,35.59208480193967,38.20650005340576,34.508154104459905,40.368018353656836,36.28990847697713,-1.1204651294743613,-0.9960165266013994,-0.12444860287296189,19.750921411249372,1.3210520202786946,40.37251784393911,28.738934602251554,-88.85018069975132,169725532.0,168754929.65,-1.0
2026-03-20,36.400001525878906,37.43000030517578,36.400001525878906,36.70000076293945,4172072,40.09700019836427,41.211750087738054,37.038194655630015,38.0547807475796,40.769026661945496,35.42097349064239,38.09500007629394,39.34574631013855,40.368018353656836,36.28990847697713,-1.0948645691931986,-1.0157861351197592,-0.0790784340734394,19.845140951327593,1.3259768323765333,47.76358244329682,39.9212298285212,-77.3519212390992,173897604.0,169226304.15,-1.0
2026-03-23,36.5,36.5099983215332,34.099998474121094,34.34000015258789,12962935,39.92720016479493,41.188850097656264,36.49855575502159,37.71707342076217,40.981866534291115,34.74413367933194,37.863000106811526,30.63253999830671,40.63341772695885,36.28990847697713,-1.2505922180130042,-1.0627473516984083,-0.18784486631459596,21.189382086554172,1.4169786506938067,34.885774456754135,41.00729158133002,-95.33070955551382,160934669.0,168955763.9,-1.0
2026-03-24,35.5,35.70000076293945,34.43000030517578,34.90999984741211,3119295,39.791000137329114,41.17030010223389,36.1808445734997,37.46188491409398,41.01554791622507,34.31945231265677,37.66750011444092,34.4105359103199,40.63341772695885,36.28990847697713,-1.312879235387122,-1.112773728436151,-0.20010550695097096,22.437605997835995,1.4129087906693607,42.575579815682204,41.74164557191105,-84.24122824269476,164053964.0,168945198.3,-1.0
2026-03-25,35.209999084472656,36.15999984741211,34.90999984741211,35.2400016784668,5474635,39.65420013427735,41.14935010910035,35.99267599449312,37.25989552903697,40.97780782352172,34.015192588465574,37.49650020599365,36.56462476769321,40.63341772695885,36.28990847697713,-1.3203930860047919,-1.1542975999498792,-0.16609548605491264,23.10972977731351,1.401272448478692,44.18848110550384,40.54994512598006,-77.820963158508,169528599.0,169356040.5,-1.0
2026-03-27,34.9900016784668,35.150001525878906,34.04999923706055,34.529998779296875,6231250,39.50820007324219,41.122950096130374,35.70014055145387,37.01172309724241,40.881859218507685,33.64114111718567,37.26150016784668,33.978982949174416,40.63341772695885,36.28990847697713,-1.3678711992600583,-1.1970123198119151,-0.17085887944814315,24.172303833858415,1.3861817336878035,54.730628898169975,47.164896606452004,-89.97913464524915,163297349.0,169187160.35,-1.0
2026-03-30,34.5,34.59000015258789,33.0099983215332,33.20000076293945,6190569,39.31220008850098,41.08945009231567,35.20011259375099,36.665202885033054,40.65256311027773,33.156437286450775,36.90450019836425,29.736905704449423,36.80545487235232,36.28990847697713,-1.495577583323211,-1.2567253725141745,-0.2388522108090365,25.624017204954058,1.4000260263568667,40.00750315482512,46.30887105283298,-96.74095400117778,157106780.0,168385029.1,-1.0
2026-04-01,34.869998931884766,35.599998474121094,34.06999969482422,35.43000030517578,4254431,39.16080009460449,41.06200010299683,35.246090136035946,36.552911741409666,40.02373817729898,33.27126228046468,36.64750022888183,42.662375983656666,36.80545487235232,29.106799798745357,-1.4006971220737938,-1.2855197224260984,-0.11517739964769547,25.950907413964323,1.471452575272922,50.12017383449121,48.28610196249544,-58.49054505005562,161361211.0,167609863.8,-1.0
2026-04-02,35.20000076293945,35.75,34.209999084472656,35.5099983215332,2581949,39.03580009460449,41.04020009994506,35.298871773135396,36.4581014305118,39.479514092739066,33.380486136142764,36.430000114440915,43.066991324263945,36.80545487235232,29.106799798745357,-1.3040166098518853,-1.2892190999112558,-0.01479750994062945,26.109578491238125,1.476348885291095,68.3782749278613,52.83531730572588,-53.95948693378438,163943160.0,167195223.6,-1.0
2026-04-06,35.5099983215332,39.0,34.939998626708984,37.36000061035156,6874198,38.95500007629394,41.03175010681152,35.711097540578635,36.54009226504269,39.34055576699876,33.426444431365496,36.38350009918213,51.57703453734241,39.57404283178454,29.106799798745357,-1.065830651483374,-1.2445414102256795,0.17871075874230558,24.672847746648156,1.6608954915768037,99.99999999999999,72.83281625411749,-27.378947080165293,170817358.0,167352309.3,-1.0
2026-04-07,37.36000061035156,41.68000030517578,37.04999923706055,39.41999816894531,36333234,38.9466000366211,41.034850101470944,36.45287766625197,36.801901892670195,39.529968336225984,33.319031831620684,36.424500083923334,58.9373111737107,39.57404283178454,29.106799798745357,-0.7027412133127271,-1.1361813708430892,0.43344015753036214,24.624035525117637,1.872974461329549,99.99999999999999,89.45942497595375,-26.066916022560825,207150592.0,169198422.1,1.0
2026-04-08,41.0,41.0,39.7400016784668,40.150001525878906,6576028,38.95580009460449,41.044750118255614,37.19230243817736,37.10627458659826,39.90859358695265,33.10040680977586,36.504500198364255,61.1886670423163,39.57404283178454,29.106799798745357,-0.3520270983716429,-0.9793505163488,0.6273234179771571,24.5787098908393,1.8520478448813447,99.99999999999999,99.99999999999999,-17.64704070637442,213726620.0,171468876.55,1.0
2026-04-09,40.18999862670898,41.7400016784668,39.77999877929688,40.810001373291016,8308443,38.963200149536135,41.05935012817382,37.91584222520009,37.44297702175215,40.581410776693936,32.77758962003457,36.67950019836425,63.15552414606378,39.57404283178454,29.106799798745357,-0.02058981709009089,-0.7875983764970582,0.7670085594069673,24.85020797458256,1.8597589201876712,99.99999999999999,99.99999999999999,-10.652920361561502,222035063.0,174361481.5,1.0
2026-04-10,41.0,42.27000045776367,40.810001373291016,41.97999954223633,9708824,39.011000137329106,41.083850116729735,38.72867368860734,37.855433614523434,41.451411004075496,32.3415894079118,36.89650020599365,66.40569329221232,39.57404283178454,29.106799798745357,0.3326510955915509,-0.5635484820793365,0.8961995776708874,25.320494598390567,1.8312046462080274,99.99999999999999,99.99999999999999,-3.1317586244682727,231743887.0,177605709.75,1.0
2026-04-13,41.09999847412109,42.18999862670898,40.5,41.5099983215332,5634492,39.011400070190426,41.104100112915035,39.28493861519251,38.18766676970614,42.077868324463026,32.092131751830905,37.085000038146966,63.96466833271634,53.92566475331766,29.106799798745357,0.5681229258633351,-0.3372142004908022,0.9053371263541373,25.51157716782987,1.8211185019580953,97.7810147538933,99.26033825129775,-8.207364588577171,226109395.0,180399077.0,1.0
2026-04-15,42.09999847412109,42.630001068115234,41.209999084472656,41.400001525878906,6340949,38.982200088500974,41.12200012207031,39.70795119732979,38.47969720208548,42.606756943185026,31.914243346731944,37.260500144958485,63.37749314790609,53.92566475331766,29.106799798745357,0.7373603940769158,-0.12229928157725861,0.8596596756541743,25.88677502898491,1.7924673220784155,95.02826475994769,97.60309317128032,-12.785854376947503,219768446.0,182696245.7,1.0
2026-04-16,41.93000030517578,42.27999877929688,41.25,41.97999954223633,6803445,38.95080009460449,41.13940011978149,40.162360866311104,38.79790650573556,43.26318432407632,31.79581607265219,37.52950019836425,65.19191723062654,53.92566475331766,29.106799798745357,0.907818532653657,0.0837242812689245,0.8240942513847325,26.235173042914592,1.7380052833083062,93.9248957991926,95.57805843767785,-6.756770689175228,226571891.0,185524399.65,1.0
2026-04-17,41.900001525878906,42.90999984741211,41.900001525878906,42.58000183105469,4790959,38.95320014953614,41.154950122833256,40.64588905925982,39.141733353491844,43.964027636346785,31.762972790899294,37.86350021362304,67.01266205691583,53.92566475331766,29.106799798745357,1.078886276428321,0.2827566803008038,0.7961295961275171,26.855505299427772,1.686004786038656,96.14388104529928,95.03234720147985,-3.333312782778841,231362850.0,188759888.2,1.0
2026-04-20,42.5,42.560001373291016,41.54999923706055,41.79999923706055,3296296,38.944200134277345,41.158950119018556,40.876711094819974,39.383393888361724,44.43482205514114,31.77617838736373,38.105500221252434,62.4400922838372,54.99321581570832,29.106799798745357,1.1383962815578883,0.45388460055222074,0.6845116810056675,27.097462730073374,1.6391474866069051,94.80767329966923,94.95881671472037,-11.212125649172755,228066554.0,191686401.4,1.0
2026-04-21,41.79999923706055,42.41999816894531,41.650001525878906,41.900001525878906,2646826,38.95560012817383,41.16230012893678,41.08136918103177,39.612176400863284,44.873709924856044,31.805290548166397,38.33950023651122,62.7906456817033,54.99321581570832,29.106799798745357,1.1800251430146318,0.599112709044703,0.5809124339699288,27.322137487101433,1.5770652834968697,92.13556208389831,94.3623721429556,-10.202001675383954,230713380.0,194595745.2,1.0
2026-04-22,41.77999877929688,42.619998931884766,41.77999877929688,42.369998931884766,3112961,38.97660011291504,41.169200115203864,41.33909513120237,39.862887540047055,45.33289330162623,31.979106973031964,38.656000137329094,64.46908727291634,54.99321581570832,29.106799798745357,1.2366854384468482,0.7266272549251321,0.5100581835217161,27.64265890036062,1.524417774146228,88.65363887863356,91.86562475406703,-6.108607536270904,233826341.0,197800785.65,1.0
2026-04-23,42.09999847412109,42.43999862670898,41.09999847412109,41.209999084472656,2543664,38.968200073242194,41.172250118255626,41.31327592185643,39.985352225903924,45.584826154469546,32.17817395234196,38.88150005340575,57.5670794078843,54.99321581570832,29.106799798745357,1.1744485260893924,0.8161915091579843,0.3582570169314081,27.22494640097305,1.511245086892061,79.59396701902284,86.7943893271849,-19.540236940911228,231282677.0,200670039.3,1.0
2026-04-24,41.45000076293945,41.5,40.59999847412109,40.959999084472656,1888416,38.956800079345705,41.174900112152116,41.24262055437968,40.073956485773806,45.618795858258636,32.80620414174135,39.21249999999999,56.17133645102668,54.99321581570832,29.106799798745357,1.0923603636886554,0.8714252800641186,0.22093508362453684,26.343366757122695,1.4675848325339793,59.9575373306565,76.06838107610429,-24.466756138933455,229394261.0,204093018.9,1.0
2026-04-27,41.25,42.150001525878906,41.25,41.58000183105469,2390653,38.94660011291505,41.17790012359621,41.31009680971468,40.210869698981156,45.698656136609976,33.393344061754284,39.54600009918213,58.83683411190808,51.52208833329138,29.106799798745357,1.0650566337437581,0.9101515508000466,0.15490508294371153,25.972245396623237,1.4477575188819989,38.30161226219314,59.28437220395749,-22.69620951929612,231784914.0,207479566.4,1.0
2026-04-28,41.58000183105469,42.54999923706055,40.90999984741211,41.47999954223633,5630563,38.92640007019044,41.182850112915055,41.34407735621901,40.32624513927708,45.71711686987644,33.998883114864775,39.85799999237061,58.221789473011675,51.52208833329138,29.106799798745357,1.0235500344368162,0.9328312475274007,0.0907187869094156,25.88958576779174,1.4614890810796017,24.42134366363871,40.89349775216278,-45.11044577831903,226154351.0,210310854.0,1.0
2026-04-29,41.79999923706055,42.88999938964844,41.22999954223633,42.5,7855576,38.93780006408693,41.19575012207033,41.57526188497521,40.52385921752462,45.65592422184989,34.857075884961645,40.256500053405766,62.524835566014964,51.52208833329138,29.106799798745357,1.060733789052854,0.9584117558324914,0.10232203322036271,26.032130850861602,1.4756684215319238,34.03473646507338,32.25256413030174,-13.0990321884777,234009927.0,213846482.9,1.0
2026-04-30,42.7400016784668,43.540000915527344,42.2400016784668,42.720001220703125,11568396,38.966200103759775,41.20985012054445,41.8042097521208,40.723508490540844,45.09076136034627,36.37423879224162,40.732500076293945,63.40044685934854,51.52208833329138,44.41263076683369,1.0953281809129223,0.9857950408485776,0.10953314006434467,26.56397329492752,1.4631206226411113,48.06627010262488,35.50745007711232,-26.973666048451662,245578323.0,218270060.05,1.0
2026-05-01,42.720001220703125,42.720001220703125,42.720001220703125,42.720001220703125,0,39.0134001159668,41.22560012817385,41.987368045837265,40.90500782964651,44.75040655138152,37.4435936927591,41.09700012207031,63.40044685934854,51.52208833329138,44.41263076683369,1.1099496767473127,1.0106259680283247,0.09932370871898799,27.057826992988733,1.3586120067381748,63.98885366418907,48.696620077295776,-26.973666048451662,245578323.0,222480915.65,1.0
2026-05-04,43.18999862670898,43.34999847412109,42.41999816894531,42.84000015258789,4274258,39.06220008850098,41.23955013275148,42.1578944671874,41.08091622264117,44.08073305121255,38.84626737603354,41.46350021362304,63.93352776704847,54.855925107522175,44.41263076683369,1.1183288298534109,1.032166540393342,0.08616228946006887,27.897409687102304,1.3279968851980035,68.32009583955639,60.125073202123446,-23.80952998816661,249852581.0,226776386.7,1.0
2026-05-05,42.52999877929688,43.45000076293945,42.09999847412109,42.54999923706055,4181547,39.111200103759764,41.253250122070334,42.23631542116203,41.21446922395202,43.531286833096644,39.91471345682035,41.7230001449585,61.59848909629959,54.855925107522175,44.41263076683369,1.0890152291411468,1.043536278142903,0.04547895099824384,28.260398899317405,1.3295686997423153,62.77969783364555,65.02954911246367,-33.67349851564276,245671034.0,230519070.5,1.0
2026-05-06,42.88999938964844,43.34000015258789,42.5,43.02999877929688,2816142,39.1768000793457,41.272600116729755,42.39505209278901,41.379517365347006,43.44484959480204,40.362150756150115,41.903500175476076,63.94568224091539,54.855925107522175,44.41263076683369,1.0919288646687306,1.0532147954480686,0.038714069220662006,28.59746031066,1.2945995178027134,64.45610839261099,65.1853006886043,-17.346997031285394,248487176.0,232585899.7,1.0
2026-05-07,43.29999923706055,44.970001220703125,43.09999847412109,44.2400016784668,11232141,39.28300010681152,41.29835012435915,42.764042009924566,41.639561393812436,43.7516756121427,40.46432475406825,42.108000183105474,69.07683277794018,54.855925107522175,44.41263076683369,1.1782924415580993,1.0782303246700748,0.10006211688802447,29.86245100141249,1.340699726631537,73.92338328070136,67.05306316898596,-16.70478451775096,259719317.0,234885534.55,1.0
2026-05-08,44.369998931884766,44.79999923706055,43.5,43.65999984741211,4296953,39.376600112915035,41.31995012283327,42.94323357742208,41.82323761686695,43.91440197851972,40.58659823510334,42.25050010681153,64.34935689317231,54.855925107522175,44.41263076683369,1.1862604261985865,1.099836344975777,0.08642408122280942,31.03708521425409,1.3377925488050377,78.35959851141571,72.24636339490934,-29.977129289349357,255422364.0,236554899.6,1.0
2026-05-11,43.5,43.540000915527344,42.310001373291016,43.040000915527344,4595084,39.4610001373291,41.338300132751485,42.96258704504313,41.93385246219971,43.99836335328938,40.608636997662785,42.30350017547608,59.64984768779842,56.573645648716884,44.41263076683369,1.129525907619012,1.105774257504424,0.02375165011458802,30.621762788441426,1.3386644006133275,63.440742310205955,71.90790803410766,-44.16473895091519,250827280.0,237509069.25,1.0
2026-05-12,42.70000076293945,43.40999984741211,41.75,41.900001525878906,3701678,39.52580017089844,41.3504001426697,42.75006994121029,41.930775104352364,43.98813674563928,40.65786392574745,42.323000335693365,52.113561095738284,56.573645648716884,44.41263076683369,0.9812635738582784,1.080872120775195,-0.09960854691691656,29.62731186385502,1.3616169325275262,30.107408976872627,57.30258326616476,-70.25166510994516,247125602.0,238559879.6,1.0
2026-05-13,41.75,45.93999862670898,41.75,44.27000045776367,35461210,39.62660018920899,41.37260013580324,43.05405604452097,42.14343195466248,44.284380162615385,40.64862040195981,42.4665002822876,62.67221399034673,56.573645648716884,44.41263076683369,1.0429808787390158,1.0732938723679593,-0.030312993628943463,30.184102033185646,1.5636441963976297,29.732640000997108,41.09359709602523,-31.273373056665264,282586812.0,241700797.9,1.0
2026-05-14,44.650001525878906,45.91999816894531,43.959999084472656,45.18000030517578,13546091,39.72340019226075,41.40105012893678,43.479244896651934,42.419483622890965,44.79380102537077,40.45919961549836,42.626500320434566,65.79118839791569,56.573645648716884,44.41263076683369,1.1520416509748657,1.0890434280893406,0.06299822288552503,30.701121476135512,1.5919552598315603,47.62501135952229,35.82168677913067,-15.109314234057026,296132903.0,245178848.5,1.0
2026-05-15,45.22999954223633,46.0,43.70000076293945,43.79999923706055,7582535,39.788000183105474,41.4236501312256,43.54339576473366,42.54498504236092,44.917070909668745,40.45792947180096,42.68750019073485,57.89138463967726,56.573645648716884,44.41263076683369,1.11427388987439,1.0940895204463505,0.020184369428039473,30.89855209069274,1.6425298296336308,58.97860645246487,45.44541927099475,-43.22201762255183,288550368.0,248038224.4,1.0
2026-05-18,43.41999816894531,43.45000076293945,42.04999923706055,42.54999923706055,5072908,39.84180015563965,41.44020011901856,43.34471645919904,42.54544087824271,44.91662564497478,40.53337473649494,42.72500019073486,51.82158272136946,56.83706418632022,44.41263076683369,0.9722703859936885,1.0697256935558181,-0.09745530756212961,29.51423138329053,1.6502062703740858,38.230539506380154,48.27805243945577,-72.32705307866834,283477460.0,250808769.7,1.0
2026-05-19,42.59999847412109,43.369998931884766,42.34999847412109,43.220001220703125,3435595,39.94040016174317,41.46470012664796,43.31977341149986,42.60676454573911,44.9573742204686,40.62462613048354,42.79100017547607,54.571023040736335,56.83706418632022,44.41263076683369,0.903381526822244,1.0364568602091033,-0.13307533338685928,28.22879072641705,1.6051915694733427,16.66490674273599,37.95801756719367,-65.41173598345588,286913055.0,253618753.45,1.0
2026-05-20,42.619998931884766,43.45000076293945,42.27999877929688,43.209999084472656,3053422,40.03260017395021,41.49245012283326,43.29781854609442,42.66160404926034,44.997577517036575,40.66842284917435,42.83300018310546,54.521001512780394,56.83706418632022,44.41263076683369,0.8383159365262713,0.9968286754725371,-0.15851273894626572,27.09307320484061,1.574106599056859,10.52599275179809,21.807146333638077,-65.64708036534927,283859633.0,256120418.05,1.0
2026-05-21,43.45000076293945,45.5,43.45000076293945,44.369998931884766,7073066,40.14900016784669,41.52620012283327,43.512254623252495,42.816912674953464,45.117751047977315,40.86424930297482,42.99100017547607,59.19277493214678,56.83706418632022,44.41263076683369,0.8703207645890672,0.9715270932958431,-0.10120632870677593,27.302256300842956,1.6252419073761795,24.765508622061986,17.318802705532022,-38.35296630859375,290932699.0,259102919.15,1.0
2026-05-22,44.59999847412109,44.880001068115234,43.61000061035156,44.15999984741211,4673064,40.286000137329104,41.56050012588503,43.64180366808442,42.93901150881334,45.10920420316853,41.19279622407754,43.151000213623036,58.03059845474109,56.83706418632022,44.41263076683369,0.8687255232605082,0.9509667792887762,-0.08224125602826793,27.496497747130846,1.5998675181181432,31.448644484408536,22.246715286089536,-43.294121237362134,286259635.0,261946187.85,1.0
2026-05-25,44.31999969482422,45.59999847412109,44.2400016784668,45.02000045776367,4892816,40.433600158691405,41.60275012969972,43.91744302602027,43.12819232235428,45.30436703487477,41.34163325504221,43.32300014495849,61.37513819805412,57.55013240541393,44.41263076683369,0.9261797216407004,0.946009367759161,-0.01982964611846061,28.056542562128197,1.588448311588917,44.689323239768356,33.634492115412954,-23.058812758501833,291152451.0,264914564.7,1.0
2026-05-26,44.970001220703125,46.06999969482422,44.900001525878906,45.209999084472656,8012550,40.583000106811525,41.64755012512209,44.17595423771075,43.31744748254686,45.46242446215796,41.55657578198265,43.50950012207031,62.09384166964273,57.55013240541393,44.41263076683369,0.9757955256744353,0.951966599342216,0.023828926332219336,28.810719137773077,1.5585590156858022,50.29354365188429,42.14383712535373,-19.90742294222676,299165001.0,268565097.2,1.0
2026-05-27,45.619998931884766,46.619998931884766,45.47999954223633,46.0099983215332,7945386,40.74540008544922,41.692750110626235,44.54276305447524,43.56222483154562,45.87269218233169,41.497307893962244,43.68500003814697,65.04326718795305,57.55013240541393,44.41263076683369,1.06736573263818,0.9750464260014089,0.09231930663677113,29.77431162972212,1.5479476465233957,69.84779019434617,54.94355236199961,-12.525682631217395,307110387.0,272220120.2,1.0
2026-05-28,46.0099983215332,46.0099983215332,46.0099983215332,46.0099983215332,0,40.93360008239746,41.7405500984192,44.836210107886835,43.78474969427177,46.218895801681114,41.48010398469583,43.84949989318847,65.04326718795306,57.55013240541393,44.41263076683369,1.1269450602292892,1.005426152846985,0.1215189073823042,30.669076086531945,1.4373799574860102,82.94112439158356,67.694152745938,-12.525682631217395,307110387.0,275296723.4,1.0
2026-05-29,46.5,46.56999969482422,44.0,44.619998931884766,5076368,41.10800003051758,41.78275009155274,44.792967872686425,43.86068144314567,46.27525875002815,41.61374080746696,43.944499778747556,56.22731177526187,57.55013240541393,44.41263076683369,1.049898199649462,1.0143205622074805,0.03557763744198161,29.43785743959051,1.5182813672958821,73.61004240525936,75.46631899706303,-41.067770814191306,302034019.0,278119508.2,1.0
2026-06-01,48.29999923706055,52.619998931884766,47.41999816894531,50.5,125427476,41.378800048828126,41.85585008621216,45.934374298149145,44.464255857405156,48.01602997073367,40.638969571502656,44.32749977111816,72.93752586962871,58.49369898320075,46.877704731341225,1.4466291126100828,1.100782272288001,0.3458468403220818,30.747682123801866,1.9812612696318905,75.39468168399085,77.31528282694458,-19.503211961375744,427461495.0,286999953.9,1.0
2026-06-02,50.70000076293945,53.75,50.31999969482422,52.54999923706055,57381090,41.68540000915528,41.9403000831604,47.25749928593143,45.19932343737383,49.938374672590115,39.71662486964621,44.82749977111816,76.33014680343344,58.49369898320075,46.877704731341225,1.9045050762893467,1.2615268330882703,0.6429782432010764,32.239623571048796,2.084742629313597,77.1793209627223,75.39468168399084,-10.256416108454768,484842585.0,298958531.45,1.0
2026-06-03,51.72999954223633,53.25,50.7599983215332,52.45000076293945,21011794,42.01360000610352,42.02215007781983,48.295999581333035,45.85847592151616,51.35975977778664,39.23723996281395,45.2984998703003,75.8307593796863,58.49369898320075,46.877704731341225,2.23355895785987,1.4559332580425903,0.7776256998172797,33.62499777206381,2.1136897042531113,99.32079874600159,83.96493379757158,-11.11110386572266,463830791.0,309725712.2,1.0
2026-06-04,52.0,52.709999084472656,50.5,50.720001220703125,9943384,42.294000015258796,42.09650009155275,48.78079990920706,46.30043276689679,52.122416918638834,39.12258277618538,45.62249984741211,67.591792351116,58.49369898320075,46.877704731341225,2.3279053807027026,1.630327682574613,0.6975776981280897,34.7019560386447,2.1205689456973644,87.43603549473139,87.97871840115175,-25.897423775343686,453887407.0,319434116.7,1.0
2026-06-05,50.70000076293945,51.650001525878906,49.650001525878906,49.959999084472656,10292290,42.60639999389649,42.13120008468629,49.01663974426019,46.63312061394914,52.64429719452748,39.230702424002786,45.937499809265134,64.28729056879372,58.49369898320075,46.877704731341225,2.3146677309719763,1.7671956922540857,0.5474720387178906,35.024897685577045,2.1119568781475526,69.02960388978899,85.26214604350731,-33.042724604828024,443595117.0,328842754.35,1.0
2026-06-08,49.25,49.4900016784668,48.09999847412109,48.310001373291016,6725352,42.874400024414065,42.17235008239748,48.87531207006636,46.785564319343855,52.84225829935618,39.55974136495045,46.200999832153315,57.69272361808832,67.51953490231617,46.877704731341225,2.146294624097557,1.84301547862278,0.30327914547477697,34.218364371789114,2.093960001876411,41.22316615005031,65.89626851152356,-47.42805621406472,436869765.0,338144878.6,1.0
2026-06-09,48.75,49.790000915527344,48.25,49.31999969482422,7588141,43.155999984741214,42.2204500770569,48.96424959501793,47.01596753529661,53.02803317665382,40.11596630454734,46.57199974060058,60.37239176424657,67.51953490231617,46.877704731341225,2.0704888409524713,1.8885101510887183,0.18197868986375298,33.59290843260995,2.0543914957086207,26.647722807202314,45.63349761568054,-43.00971488654237,444457906.0,348011493.8,1.0
2026-06-10,49.20000076293945,49.52999877929688,47.09999847412109,47.36000061035156,7344449,43.41260002136231,42.25860008239748,48.64339979808466,47.04724326939251,53.09791760796186,40.35508188849809,46.726499748229976,53.31512867898643,67.51953490231617,46.877704731341225,1.8311483278643124,1.8770377864438372,-0.04588945857952487,32.24538387519157,2.0812206963848476,11.720821078811394,26.53057001202134,-63.01774925323722,437113457.0,355737826.05,1.0
2026-06-11,46.900001525878906,47.34999847412109,45.25,45.5099983215332,8324325,43.65879997253418,42.28585006713869,48.01671950277437,46.90749372867803,53.09924575388499,40.3867535442107,46.742999649047846,47.65288908030938,67.51953490231617,46.877704731341225,1.4751845144808016,1.7966671320512302,-0.3214826175704286,29.948053158446342,2.083276404525327,6.873126739215143,15.080556875076283,-84.51283772786459,428789132.0,362370637.5,1.0
2026-06-12,46.650001525878906,47.400001525878906,46.150001525878906,47.2400016784668,6386466,43.895,42.326800079345716,47.86137593791286,46.937721724113366,53.120310490551915,40.70968905168441,46.91499977111816,52.71067306815721,67.51953490231617,46.877704731341225,1.3174902331581464,1.7008317522726135,-0.3833415191144671,27.829756915457974,2.0694711759410684,5.878972153567603,8.15763999053138,-66.7692135541867,435175598.0,369701899.0,1.0
2026-06-15,48.20000076293945,49.22999954223633,47.54999923706055,47.84999847412109,5474672,44.14180000305176,42.372300071716325,47.85910044515451,47.020655974114064,53.043704842578556,41.316294623363824,47.17999973297119,54.384257395419674,60.3238171291336,46.877704731341225,1.2275871618816723,1.6061828341944253,-0.37859567231275304,26.77846098469393,2.0637945107859585,13.703253889407383,8.818450927396709,-60.51283616286065,440650270.0,377560539.5,1.0
2026-06-16,47.880001068115234,48.13999938964844,46.88999938964844,47.63999938964844,2994127,44.3473999786377,42.41505006790162,47.8152802340533,47.076959920980826,52.96162476597665,41.840374516860265,47.40099964141846,53.67993582947232,60.3238171291336,46.877704731341225,1.1264086216714375,1.5102279916898278,-0.3838193700183903,25.41798327335851,2.0056663314441043,20.708859524545687,13.430361855840225,-62.666672926682686,437656143.0,385097693.9,1.0
2026-06-17,47.650001525878906,48.54999923706055,47.209999084472656,47.59000015258789,3595792,44.510800018310555,42.461750068664564,47.770224217760216,47.123599942036016,52.81887884512777,42.421120544520676,47.61999969482422,53.50227132754353,60.3238171291336,46.877704731341225,1.03031257699282,1.4142449087504263,-0.3839323317576062,24.35792169827362,1.9581187472400892,21.628982672336548,18.680365362096538,-63.17948561448317,434060351.0,392607729.8,1.0
2026-06-18,47.790000915527344,47.959999084472656,46.900001525878906,47.11000061035156,2985365,44.65000000000001,42.50835006713868,47.63817949627849,47.122363639155616,52.73499027671052,42.77900928078461,47.75699977874756,51.732117300353735,60.3238171291336,46.877704731341225,0.904991637456618,1.3123942544916647,-0.40740261703504665,23.180110699674213,1.8939672337653508,18.54623777779087,20.294693324891036,-78.11763987821692,431074986.0,399614844.15,1.0
2026-06-19,46.9900016784668,47.22999954223633,46.25,46.880001068115234,5563304,44.7713999938965,42.553650074005134,47.48654381064584,47.10033067815195,52.598375210232916,43.18762446933252,47.89299983978272,50.86372132710866,60.3238171291336,46.877704731341225,0.7781448793229941,1.2055443794579306,-0.42739950013493644,21.68259842205449,1.8286838272275634,15.272779148942973,18.482666533023462,-80.82351684570312,425511682.0,406577446.5,1.0
2026-06-22,46.93999862670898,47.34999847412109,46.29999923706055,46.380001068115234,3100837,44.85940002441407,42.59550008773804,47.265235262139726,47.03484616814861,52.528855690934066,43.39314404966653,47.9609998703003,48.940396034588645,59.421195993589386,46.877704731341225,0.6300097283143415,1.0904374492292128,-0.4604277209148713,20.36408281213153,1.7730634993584902,9.996754896602878,14.605257274445574,-85.87498664855957,422410845.0,413140366.2,1.0
2026-06-23,46.75,46.75,44.54999923706055,44.72999954223633,4802429,44.92380004882813,42.62300008773804,46.758188118159055,46.82531465670204,52.57029007595703,43.30370971041992,47.93699989318848,43.142752775096326,59.421195993589386,46.877704731341225,0.37514577342760447,0.9473791140688912,-0.5722333406412867,19.70699645755363,1.8035590181857017,5.2552180553087755,10.174917366951542,-97.79411386591057,417608416.0,419062536.95,-1.0
2026-06-24,44.72999954223633,44.86000061035156,44.060001373291016,44.650001525878906,3056983,44.98880004882813,42.631250095367434,46.336550799703026,46.6275589175363,52.65865093079562,43.0793491760159,47.86900005340576,42.87754061533641,59.421195993589386,46.877704731341225,0.1648092630413558,0.7908651438633841,-0.6260558808220283,19.35278995324445,1.731876176676762,1.523071049018368,5.591681333643341,-92.22661211163845,414551433.0,424434589.25,-1.0
2026-06-25,44.400001525878906,44.59999847412109,43.54999923706055,43.68000030517578,4178210,45.02280006408692,42.640800094604494,45.805240700797576,46.35959904368534,52.836820231715414,42.668180073460384,47.7525001525879,39.69143528249079,59.421195993589386,46.877704731341225,-0.07924148222380012,0.6168438186459473,-0.6960853008697474,19.287289089615484,1.686742327544019,0.0,2.2594297014423814,-97.91665010982535,410373223.0,429597731.05,-1.0
2026-06-26,43.68000030517578,43.68000030517578,43.68000030517578,43.68000030517578,0,45.044800033569345,42.64690010070801,45.38019262167322,46.11599915836629,52.92726614369863,42.48373429880627,47.70550022125245,39.69143528249078,59.421195993589386,46.877704731341225,-0.2695462942438098,0.4395657960679959,-0.7091120903118058,19.22646685910287,1.5662607327194462,0.0,0.5076903496727894,-97.91665010982535,410373223.0,435014691.25,-1.0
2026-06-29,43.68000030517578,44.0,42.86000061035156,43.119998931884766,4325832,45.071200027465835,42.64575010299683,44.92815388371553,45.84363550141343,52.76569724292141,41.90730309277196,47.33650016784669,37.81027303686667,51.97637590961524,46.877704731341225,-0.46024622752209154,0.25960339134997845,-0.71984961887207,19.60484146671839,1.5358134939286598,0.0,0.0,-96.10197311981699,406047391.0,433943986.05,-1.0
2026-06-30,43.20000076293945,43.5,42.5,42.84999847412109,3733032,45.090199966430674,42.64280010223388,44.51252280179664,45.57148668075049,52.04776363225732,41.655236627142095,46.85150012969971,36.90215710376521,51.97637590961524,44.88096700339462,-0.6259485339574837,0.08249300628848602,-0.7084415402459697,20.13995531537994,1.4975411015051843,0.0,0.0,-94.7994279654173,402314359.0,429817574.75,-1.0
2026-07-01,43.29999923706055,43.59999847412109,42.65999984741211,43.25,2985034,45.10779998779298,42.63395009994507,44.260018241437315,45.3604424370459,51.1076777696707,41.67532241343477,46.391500091552736,39.2307686992691,51.97637590961524,44.88096700339462,-0.716730008058029,-0.07735159658081697,-0.6393784114772121,20.54521269484178,1.457716639019741,4.439992061700409,1.4799973539001363,-88.85586848419338,405299393.0,426891004.85,-1.0
2026-07-02,43.29999923706055,44.400001525878906,43.290000915527344,43.93000030517578,3466643,45.162200012207045,42.62545009613037,44.19401465418501,45.230402243239524,50.42100402805718,41.682996063495565,46.052000045776374,43.0767268216851,51.97637590961524,44.88096700339462,-0.7254421926748336,-0.2069697157996203,-0.5184724768752133,20.202539230587682,1.43573698808111,16.213119269738602,6.884370443813003,-78.75185137530332,408766036.0,424634936.3,-1.0
2026-07-03,44.47999954223633,45.13999938964844,44.18000030517578,44.459999084472656,5538020,45.23220001220704,42.61620008468628,44.247211540242546,45.16036559244253,49.787996525481226,41.76600356607151,45.77700004577637,45.948053408530626,51.97637590961524,44.88096700339462,-0.6817217259472201,-0.3019201178291403,-0.37980160811807984,19.27406697184595,1.4196128521090774,34.18509766777923,18.27940299973941,-67.60331683240109,414304056.0,423170383.25,-1.0
2026-07-06,44.47999954223633,44.5,43.65999984741211,43.9900016784668,2447785,45.28040000915528,42.6051500892639,44.195769567887396,45.05396887299019,49.461407278166405,41.66059284390391,45.56100006103516,43.83635247049282,53.50550066075498,44.88096700339462,-0.6771915610306394,-0.37697440646944014,-0.30021715456119924,18.762580855331358,1.378211945000421,43.669096877566446,31.355771271694756,-75.371869977446,411856271.0,421919708.55,-1.0
2026-07-07,44.0,44.0,43.09999847412109,43.2599983215332,1810979,45.31599998474122,42.592300071716295,44.00861531861656,44.89088064103955,48.85890450179703,41.65709548294417,45.2579999923706,40.70704021166784,53.50550066075498,44.88096700339462,-0.7241588897997531,-0.44641130313550276,-0.2777475866642503,18.650537759776363,1.3440540579203135,40.44821358986348,39.434136045069714,-86.08061448774755,410045292.0,420199077.85,-1.0
2026-07-08,43.2599983215332,43.45000076293945,42.209999084472656,42.59999847412109,4759030,45.31799995422364,42.57865005493163,43.72689194971747,44.682618625865146,48.66488447877116,41.375115292347004,45.01999988555908,38.061558749675974,53.50550066075498,44.88096700339462,-0.8053536920215407,-0.5181997809127104,-0.2871539111088304,19.079029417090272,1.3366217451022053,25.24431482187907,36.453875096436335,-92.41246233542635,405286262.0,418607718.1,-1.0
2026-07-09,42.5,43.09999847412109,42.36000061035156,42.75,1950119,45.31859992980957,42.566550064086904,43.531513559773984,44.50692602351377,48.65549601820388,41.10850392076097,44.88199996948242,39.031350085276664,53.50550066075498,44.88096700339462,-0.8478240997659725,-0.5841246446833628,-0.2636994550826097,19.47691452745319,1.2940057535784424,17.21596159110114,27.63616333428123,-89.49414436478602,407236381.0,417530080.55,-1.0
2026-07-10,43.20000076293945,43.9900016784668,43.060001373291016,43.31999969482422,2161325,45.330599899292,42.5485500717163,43.48921078678403,44.399023629996535,48.349414902380104,41.02258483822048,44.68599987030029,42.70262084217614,53.50550066075498,44.88096700339462,-0.8259667615197515,-0.6324930680506405,-0.19347369346911092,19.004575560371556,1.2901483196418964,30.037917060881334,24.16606449128718,-75.55065227949122,409397706.0,416241185.95,-1.0
2026-07-13,43.20000076293945,43.29999923706055,42.34999847412109,43.150001525878906,2090457,45.33679992675781,42.53125007629393,43.42136893460301,44.28547616598584,47.8535316266839,41.04846841909246,44.45100002288818,41.892407372956214,50.95195169285,44.88096700339462,-0.8129904471798,-0.6685925438764725,-0.14439790330332747,19.033552579917128,1.267280669717699,45.65847135227196,30.970783334751477,-67.91800875427363,407307249.0,414574034.9,-1.0
2026-07-14,43.150001525878906,43.38999938964844,42.81999969482422,43.09000015258789,1823744,45.34759994506836,42.51120008468627,43.35509517819999,44.1767965284042,47.3232209407727,41.12377918129761,44.22350006103515,41.59244895736191,50.95195169285,44.88096700339462,-0.7983454050713803,-0.694543116115454,-0.10380228895592625,18.973876326915516,1.2174748857967361,57.04614681850513,44.247511743886136,-69.96583698094734,405483505.0,412965403.0,-1.0
2026-07-15,43.20000076293945,43.58000183105469,42.810001373291016,43.290000915527344,3345928,45.35279998779296,42.49560009002685,43.34207632566547,44.0961787454154,46.69385525141209,41.32314494695217,44.00850009918213,43.056068916261715,50.95195169285,44.88096700339462,-0.7618189390816212,-0.7079982807086875,-0.053820658372933705,18.728006418771898,1.1855124266515173,58.34857192626506,53.684396699014044,-63.13987308646733,408829433.0,411703857.1,-1.0
2026-07-16,43.29999923706055,44.2400016784668,43.0099983215332,43.400001525878906,3027509,45.33599998474121,42.48030010223388,43.353661365708156,44.032889907275724,46.085538953103786,41.5604613368132,43.82300014495849,43.88889869355813,50.95195169285,44.88096700339462,-0.7157446627472765,-0.7095475571164054,-0.006197105630871169,17.857498423787145,1.1886903502430943,65.705467080112,60.36672860829405,-59.3855864347817,411856942.0,410742954.9,-1.0
2026-07-17,43.459999084472656,43.54999923706055,42.5099983215332,42.9900016784668,2321661,45.3226000213623,42.47095010757446,43.28092942825988,43.93808188647491,45.40006896378655,41.85693138716559,43.62850017547607,41.45523022864504,50.95195169285,44.88096700339462,-0.7041964891991483,-0.7084773435329541,0.004280854333805761,17.447706150453744,1.1780696763348264,65.19982811744934,63.08462237460879,-73.37875383097116,409535281.0,409944134.85,-1.0
2026-07-20,42.79999923706055,43.29999923706055,42.650001525878906,42.97999954223633,1683760,45.321399993896485,42.46320011138915,43.22074345105518,43.850983491544135,44.68791684202104,42.22908335634321,43.458500099182125,41.3949260237221,50.20501422232992,44.88096700339462,-0.6879216348741295,-0.7043662018011893,0.016444566927059756,17.06718475378701,1.140350250252456,56.61212997717339,62.50580839157824,-73.72012363263298,407851521.0,409216168.65,-1.0
2026-07-21,42.93000030517578,43.43000030517578,42.7599983215332,43.11000061035156,2006594,45.345599975585934,42.45445011138916,43.198594882914456,43.78362141143572,44.458725820549745,42.29627448462604,43.37750015258789,42.56439393857354,50.20501422232992,44.88096700339462,-0.6569606622641544,-0.6948850938937823,0.037924431629627886,16.57222205727979,1.1067539454946076,49.89844112864817,57.236799741090294,-69.28322757205612,409858115.0,408828653.6,-1.0
2026-07-22,43.11000061035156,43.22999954223633,42.09999847412109,42.2400016784668,2059617,45.305,42.42905012130737,43.00687624202492,43.64329234480218,44.27651713144044,42.23748318899413,43.25700016021729,37.21259777775528,50.20501422232992,44.88096700339462,-0.6946183829934185,-0.6948317517137095,0.00021336872029098508,16.67849061648424,1.1084144542532244,33.12076658436797,46.54377923006317,-95.3946328229502,407798498.0,408491006.85,-1.0
2026-07-23,42.2400016784668,42.290000915527344,41.5,41.650001525878906,2340353,45.23440002441406,42.40130012512207,42.73550129879572,43.46208408853642,44.381077747442966,41.929922695061926,43.155500221252446,34.08286477783651,50.20501422232992,44.88096700339462,-0.7632719554750054,-0.7085197924659687,-0.054752163009036625,17.242194811184262,1.0856706300585186,19.031840226768573,34.01701597992824,-94.99994913736978,405458145.0,408245252.95,-1.0
2026-07-24,41.52000045776367,41.650001525878906,40.65999984741211,41.40999984741211,4399097,45.18660003662109,42.37990013122558,42.470401008519,43.275530975706936,44.46724015293292,41.6167602437956,43.04200019836426,32.87174553340849,50.20501422232992,44.88096700339462,-0.8275075441006621,-0.7323173427929075,-0.09519020130775457,18.342003304024818,1.0788371335162528,0.0,17.384202270378847,-79.05029004471078,401059048.0,407779544.2,-1.0
2026-07-27,41.59999847412109,42.7400016784668,41.59999847412109,42.150001525878906,2439423,45.17860008239746,42.364100131988515,42.406321111990984,43.17321011663166,44.47256478980084,41.514435866327105,42.99350032806397,39.95642877625088,46.67679625992164,44.88096700339462,-0.8093728138971912,-0.7477284370137642,-0.06164437688342694,18.13112208303361,1.0967774690547123,21.43531134240297,13.48905052305718,-58.379862670968684,403498471.0,407652098.2,-1.0
2026-07-28,42.25,42.29999923706055,41.59999847412109,42.04999923706055,1502068,45.15520004272461,42.34970012664794,42.3350567370049,43.07110003667065,44.491020726507216,41.415980005914676,42.953500366210946,39.35200181068398,46.67679625992164,44.88096700339462,-0.7939184606931207,-0.7569664417496356,-0.0369520189434851,17.935303806398917,1.0684362757607657,41.04187752477922,20.82572962239406,-61.17322126511493,401996403.0,407636200.4,-1.0
2026-07-29,42.04999923706055,43.400001525878906,42.04999923706055,43.060001373291016,4524887,45.15220008850097,42.333300132751454,42.48004566426212,43.0700910672725,44.47614564819472,41.41185522155626,42.94400043487549,47.920776143695186,46.67679625992164,44.88096700339462,-0.6921928744015489,-0.7440117282800183,0.051818853878469406,16.664654669738663,1.088548133836308,74.37521085811255,45.61746657509825,-32.9608855207805,406521290.0,407697295.25,-1.0
2026-07-30,43.0,43.08000183105469,42.540000915527344,42.63999938964844,1923499,45.11760009765625,42.32185012817382,42.51203640933939,43.03099182385213,44.34399191630503,41.41500886189323,42.87950038909913,45.06913303590182,46.67679625992164,44.88096700339462,-0.638109534840865,-0.7228312895921877,0.08472175475132271,15.484766185697001,1.0493661896713822,79.95689442689866,65.1246609365968,-44.692778504724686,404597791.0,407488883.0,-1.0
2026-07-31,43.0,43.2400016784668,42.75,43.02000045776367,1618649,45.09480010986328,42.31590013504027,42.61362921902425,43.02999260875318,44.07287559655984,41.54212531896752,42.80750045776368,48.07955840098456,46.67679625992164,45.12274255188276,-0.5581511689554617,-0.6898952654648426,0.1317440965093809,14.524203415212492,1.0172687681818806,93.68366157785573,82.67192228762231,-34.078228958439006,406216440.0,407084502.2,-1.0
2026-08-03,43.5,43.79999923706055,43.150001525878906,43.369998931884766,3092634,45.061800079345694,42.31495012283325,42.76490316159635,43.06090227449242,43.94669624420857,41.60630439666059,42.77650032043458,50.7564266005807,50.49460343483634,45.12274255188276,-0.46122492231815215,-0.6441611968355045,0.1829362745173524,14.163542381770341,1.0003209118329517,93.68366157785573,89.1080725275367,-24.301740268264716,409309074.0,406957142.35,-1.0
2026-08-04,43.34999847412109,44.119998931884766,43.119998931884766,44.0099983215332,2883825,45.037800064086916,42.31605010986328,43.013922193583724,43.147183733314314,44.09249243199083,41.53550820887833,42.81400032043458,55.29522237579347,50.49460343483634,45.12274255188276,-0.3289753484586271,-0.5811240271601291,0.25214867870150204,14.117280933055193,1.0002979895591695,99.99999999999999,95.78910771857048,-6.424671488668865,412192899.0,407064522.7,-1.0
2026-08-05,44.04999923706055,44.900001525878906,43.630001068115234,44.77000045776367,4059360,45.013000106811525,42.3216501045227,43.365137846419714,43.29471252644608,44.46548243972445,41.37951839950896,42.9225004196167,60.0090406994498,50.49460343483634,45.12274255188276,-0.16098505210632652,-0.49709623214936866,0.33611118004304213,14.722257047587005,1.019562451573777,99.99999999999999,97.89455385928524,-3.0660617135001567,416252259.0,407612822.55,1.0
2026-08-06,45.0,45.400001525878906,44.52000045776367,44.810001373291016,3840820,44.9890001678467,42.330800113677974,43.65411055179398,43.43246605797743,44.78046291797299,41.27053805858953,43.02550048828126,60.24663314058836,50.49460343483634,45.12274255188276,-0.024343179342587007,-0.4025456215880123,0.3782024422454253,15.65736276004954,1.0095937813267382,100.0,99.99999999999999,-12.44725619546051,420093079.0,408255657.45,1.0
2026-08-07,44.5099983215332,44.90999984741211,43.59000015258789,43.84000015258789,3801144,44.973400192260755,42.333200111389154,43.69128847195276,43.469514612032924,44.83992247141305,41.263078550925826,43.051500511169436,52.154716190375844,50.49460343483634,45.12274255188276,0.005610819368847331,-0.32091433339664044,0.32652515276548777,15.43805099353123,1.031765632290844,90.1467882214669,96.7155960738223,-32.91140972328969,416291935.0,408600368.9,1.0
2026-08-10,44.0,45.06999969482422,43.75,44.66999816894531,4122023,44.856800155639654,42.33655010223387,43.887030411351276,43.57864948084314,45.057156161611715,41.1978445250338,43.12750034332276,57.42423060886349,52.365259275858584,45.12274255188276,0.0952257789875759,-0.23768631091979717,0.3329120899073731,15.369243764872582,1.0523537796146565,86.71005869983946,92.28561564043545,-15.400909249671846,420413958.0,409255704.35,1.0
2026-08-11,44.66999816894531,44.95000076293945,44.0099983215332,44.150001525878906,1772886,44.68880020141602,42.337550106048575,43.9396246342568,43.63059057584639,45.16331538328827,41.197685440686335,43.1805004119873,53.45226274980109,52.365259275858584,45.12274255188276,0.12287052193156711,-0.1655749443495243,0.2884454662810914,15.30535133826098,1.0443286840283417,78.43681877731859,85.09788856620833,-26.371298678618306,418641072.0,409913582.7,1.0
2026-08-12,44.20000076293945,44.650001525878906,43.70000076293945,44.0,2802778,44.519800186157234,42.33510009765623,43.95169970740544,43.664173250769444,45.23221210994445,41.199788622477435,43.21600036621094,52.32785636048037,52.365259275858584,45.12274255188276,0.13116334101208338,-0.10622728727720276,0.23739062828928614,14.867598133403227,1.0375909753791355,78.64764481197855,81.26484076304553,-29.535886711579206,415838294.0,410264025.75,1.0
2026-08-13,44.0,45.47999954223633,43.88999938964844,45.290000915527344,5726749,44.41120018005371,42.33350009918211,44.21935994902982,43.811975765747434,45.52994969823041,41.0910509731563,43.310500335693355,60.101023265324066,52.365259275858584,45.12274255188276,0.23907188094900533,-0.03716745363196115,0.2762393345809665,15.224895150852305,1.0770487737511896,81.85208200778436,79.64551519902716,-4.896870474349601,421565043.0,410749430.8,1.0
2026-08-14,45.5099983215332,46.18999862670898,44.0,44.5,10079897,44.302000198364254,42.31765010833738,44.27548795922386,43.87452342340676,45.661567216941975,41.11043328659807,43.38600025177002,54.26550515036743,52.365259275858584,45.12274255188276,0.25787112688659164,0.021840262471749406,0.23603086441484222,16.116705627942423,1.156545191819603,80.58359181506626,80.36110621160972,-36.81914097009644,411485146.0,410846924.05,1.0
2026-08-17,43.0,43.77999877929688,40.47999954223633,41.7599983215332,18817302,44.1710001373291,42.30110010147092,43.77239003168573,43.68229386869098,45.7092069710523,40.940793410417434,43.32500019073487,39.82307527196073,53.875977113957795,45.12274255188276,0.051085546055304576,0.02768931918846044,0.023396226866844137,16.116470609025708,1.361077710815608,56.892644225606034,73.10943934948554,-77.58320517462762,392667844.0,410087740.2,-1.0
2026-08-18,41.0,41.90999984741211,40.25,40.4900016784668,8519973,43.99440017700196,42.28640010833738,43.11591236104195,43.392085487761506,45.8948333081599,40.49316718012136,43.19400024414063,35.15308202552909,53.875977113957795,45.12274255188276,-0.21281839388397117,-0.02041222342602588,-0.19240617045794528,16.25752378505201,1.3824292920010726,23.79160321809437,53.75594641958888,-95.95956676845616,384147871.0,408802228.0,-1.0
2026-08-19,40.5099983215332,40.59999847412109,40.04999923706055,40.150001525878906,3296435,43.85020019531251,42.27190011978147,42.52273019400934,43.09735058213582,46.09077299425057,40.0882274787719,43.089500236511235,34.003432563633886,53.875977113957795,45.12274255188276,-0.44427797844301864,-0.10518537442942444,-0.3390926040135942,16.514887204237617,1.322970002362463,0.0,26.894749147900132,-98.3712980658116,380851436.0,407454874.9,-1.0
2026-08-20,40.5,40.650001525878906,39.29999923706055,39.52000045776367,5711367,43.73040023803711,42.24210012435911,41.92218424676021,42.77213693446562,46.33053999286719,39.63546037334376,42.983000183105474,31.92030474353555,53.875977113957795,45.12274255188276,-0.6708144563552523,-0.21831119081459002,-0.4525032655406622,17.21317349690591,1.3249008799664557,0.0,7.930534406031456,-96.806948618404,375140069.0,405938971.1,-1.0
2026-08-21,39.59999847412109,40.27999877929688,39.45000076293945,39.790000915527344,3902434,43.58140022277832,42.216200122833236,41.49574758051364,42.50103366001668,46.48024745914649,39.32375301387598,42.902000236511235,33.79232017988675,53.875977113957795,45.12274255188276,-0.8191171936289123,-0.3384723913774545,-0.48064480225145784,17.86158219724075,1.2895506754229538,2.2029157351551594,0.7343052450517198,-92.88821884073056,379042503.0,404838143.85,-1.0
2026-08-24,39.9900016784668,40.45000076293945,39.900001525878906,40.060001373291016,2659894,43.425600280761714,42.19945013046264,41.20859833906912,42.27912163395071,46.58421809895494,39.01078235880873,42.79750022888184,35.69651345445091,43.31782597218886,45.12274255188276,-0.9044356299775274,-0.4516650390974691,-0.4527705908800583,18.277327986625647,1.2445827591364649,6.646612847353966,2.949842860836375,-88.96948906305711,381702397.0,403748340.15,-1.0
2026-08-25,40.09999847412109,40.84999847412109,39.83000183105469,39.95000076293945,3775872,43.27180030822754,42.18185012817382,40.956878823843184,42.067383372949685,46.67774543075365,38.707255179597915,42.692500305175784,35.251679682930956,43.31782597218886,45.12274255188276,-0.9697485774584393,-0.5552817467696631,-0.4144668306887762,18.223947697567358,1.2285408937028888,10.566846693288403,6.472125091932509,-90.5660147538551,377926525.0,402544846.25,-1.0
2026-08-26,40.31999969482422,41.58000183105469,40.04999923706055,41.43999862670898,4971650,43.14880027770996,42.17235012054442,41.053502784416345,42.010348396018706,46.63100083993925,38.59199949575411,42.61150016784668,45.21121071591644,43.31782597218886,45.12274255188276,-0.8910081958683307,-0.6224270365893967,-0.268581159278934,17.426768253779276,1.2572166204466277,24.084970815112932,13.766143451918433,-68.94049957589871,382898175.0,401363690.5,-1.0
2026-08-27,41.43999862670898,45.47999954223633,41.18999862670898,44.9900016784668,86668492,43.10640029907226,42.17790012359618,41.84080256322644,42.28122596715035,46.88701508046969,38.5709854841055,42.72900028228759,60.71569232976945,43.31782597218886,45.12274255188276,-0.535971947520828,-0.6051360187756829,0.06916407125485491,18.26828158942493,1.4738440700952509,52.97460703624745,29.208808181549593,-17.416502968709423,469566667.0,404612134.3,1.0
2026-08-28,44.9900016784668,49.400001525878906,44.77999877929688,49.02000045776367,57456853,43.14920028686524,42.20420013427732,43.27664214213389,42.89384182993338,48.05137476055441,38.00662580402076,43.02900028228758,70.81317769532357,43.31782597218886,45.12274255188276,0.06977968184087757,-0.4701528786523709,0.5399325604932484,20.406461877893104,1.6985696898443061,82.38770652364634,53.1490947916689,-3.762385960406478,527023520.0,410652488.3,1.0
2026-08-31,48.34999847412109,48.47999954223633,45.79999923706055,46.18999862670898,16317011,43.145400238037105,42.21585012435911,43.859313439048904,43.193492447822074,48.38724245424268,37.95275807981493,43.170000267028804,59.28844915968593,59.901652069197,49.56527069289158,0.3178210723752741,-0.3125580884468419,0.6303791608221161,22.391915002899268,1.807243370619936,90.12267316094663,75.16166224028014,-31.782199720129768,510706509.0,415722360.05,1.0
2026-09-01,45.70000076293945,46.58000183105469,45.18999862670898,45.61000061035156,6442161,43.16300025939941,42.22795013427732,44.209450873309436,43.41317500805202,48.56954093875458,37.93045982418487,43.250000381469725,57.23263050195635,59.901652069197,49.56527069289158,0.46226595456744946,-0.15759327984398364,0.6198592344114331,23.746609538376372,1.7774405016003485,78.48339655089197,83.66459207849498,-37.524753036177295,504264348.0,420325932.5,1.0
2026-09-02,45.54999923706055,47.2400016784668,45.11000061035156,45.68999862670898,10189200,43.18380020141601,42.24210012435911,44.50556042398935,43.62015897338447,48.686324020867644,37.905676558966334,43.29600028991699,57.45177649695565,59.901652069197,49.56527069289158,0.576548641868257,-0.010764895501535504,0.5873135373697925,25.218456424184403,1.8026233992085547,67.03194012344588,78.54600327842816,-36.73269364777517,514453548.0,425235996.95,1.0
2026-09-03,46.09999847412109,46.59999847412109,45.119998931884766,45.400001525878906,4161680,43.218200225830074,42.25655014038084,44.684448644367265,43.78196284179305,48.75701203927617,37.89398855581661,43.32550029754639,56.32504186375754,59.901652069197,49.56527069289158,0.6363823330848035,0.1186645502157323,0.5177177828690712,26.585171389577575,1.7795788379962523,64.49213692299674,70.00249119911152,-39.60395142116325,510291868.0,429745936.4,1.0
2026-09-04,45.61000061035156,46.5,44.970001220703125,46.02000045776367,5132127,43.265000228881824,42.27670013427732,44.95155900704655,43.98542080688129,48.995440596769846,37.87356002884051,43.43450031280518,58.21195622928795,59.901652069197,49.56527069289158,0.7254669651217966,0.24002503319694518,0.48544193192485147,27.717314582332182,1.7617516909462967,65.33147298725508,65.61851667789924,-33.46534952627892,515423995.0,434702539.4,1.0
2026-09-07,46.650001525878906,46.97999954223633,45.43999862670898,45.869998931884766,5748765,43.320000228881824,42.29665012359617,45.135246992014196,44.15674609097251,49.136867686857,37.8521330150473,43.49450035095215,57.563978743198376,54.336998417334875,49.56527069289158,0.7750292535123222,0.3470258772600206,0.4280033762523016,28.948558854328194,1.7459123498449434,65.4276364894832,65.08374879991167,-34.950512812281055,509675230.0,439165603.0,1.0
2026-09-08,46.18999862670898,46.25,44.810001373291016,45.02000045776367,4004951,43.363400268554685,42.316000118255594,45.11219768516409,44.235223760680796,49.21495449122948,37.8610461038633,43.53800029754639,53.902442636388244,54.336998417334875,49.56527069289158,0.7372217179509448,0.42506504539820544,0.3121566725527394,29.48862488025243,1.7240613696209464,63.35133557751203,64.7034816847501,-43.36633738156973,505670279.0,443517063.35,1.0
2026-09-09,45.20000076293945,45.650001525878906,44.81999969482422,45.040000915527344,5018996,43.39920028686524,42.33670011520384,45.09775833123675,44.308385320212295,49.30370638356115,37.87629430308438,43.590000343322764,53.976624451993096,54.336998417334875,49.56527069289158,0.7007945204187536,0.48021094040231516,0.2205835800164384,29.990114761467794,1.6601999740090707,58.99175581208017,62.59024262635846,-43.819098251641954,510689275.0,448259612.4,1.0
2026-09-10,45.25,45.52000045776367,43.70000076293945,43.86000061035156,3875085,43.39780029296875,42.35105010986327,44.85020678705972,44.26762307386132,49.178167931243486,37.85883272488446,43.51850032806397,48.96967053309152,54.336998417334875,49.56527069289158,0.570137352475875,0.4981962228170272,0.07194112965884786,29.410107530934646,1.6716142397815812,49.87218276978468,57.405091386458956,-57.8892486122394,506814190.0,452522069.75,1.0
2026-09-11,43.36000061035156,43.83000183105469,42.459999084472656,43.65999984741211,3568740,43.38180030822755,42.35530010223388,44.6121653991302,44.21238459872957,49.117937764037926,37.83506287683124,43.47650032043458,48.15433295252777,54.336998417334875,49.56527069289158,0.44531885687329975,0.4876207496282817,-0.04230189275498197,27.884651194931,1.652213331645676,43.12649650249968,50.66347836145484,-59.97912080991168,503245450.0,457110084.95,1.0
2026-09-14,43.65999984741211,43.65999984741211,43.65999984741211,43.65999984741211,0,43.37520027160646,42.36030010223388,44.421732288786586,44.162167803155256,49.15492361979042,37.98807717366662,43.57150039672852,48.154332952527774,50.37266807073449,49.56527069289158,0.34245172947103697,0.4585869455968328,-0.1161352161257958,26.468156025784758,1.534198093670985,28.78457946841065,40.594419580231666,-61.39037725510772,503245450.0,462638965.25,1.0
2026-09-15,43.68000030517578,43.68999862670898,41.34999847412109,41.45000076293945,3741526,43.33900032043458,42.35820011138916,43.82738598361716,43.91560716313564,49.10706461074781,38.13193609115649,43.61950035095215,39.68632960012485,50.37266807073449,49.56527069289158,0.0816590191612292,0.3832013603097121,-0.3015423411484829,25.5208205432455,1.5917553835936211,15.92611210259078,29.279062691167034,-96.83310542732254,499503924.0,468406767.9,1.0
2026-09-16,41.59999847412109,41.77000045776367,40.22999954223633,41.16999816894531,4104940,43.31040031433107,42.35420009613036,43.29590842068279,43.666006345481975,49.039986806325615,38.301013559885334,43.670500183105474,38.75641327365626,50.37266807073449,49.56527069289158,-0.1459327302509621,0.27737454219757723,-0.42330727244853933,25.218705134210495,1.5880586358746014,3.8318959880161145,16.180862519672516,-89.74919930894507,495398984.0,474134145.3,-1.0
2026-09-17,41.0,41.90999984741211,41.0,41.63999938964844,2893595,43.28820030212404,42.35275009155273,42.96472661447592,43.48182389495165,48.878009752795755,38.67499050660367,43.77650012969971,41.24509127123447,50.37266807073449,49.56527069289158,-0.2850893285064089,0.16488176805678,-0.4499710965631889,24.830866938306162,1.5396258652701378,4.040316981378924,7.932775023995273,-82.9090927586411,498292579.0,480291770.8,-1.0
2026-09-18,41.79999923706055,43.040000915527344,41.33000183105469,42.59999847412109,6294350,43.273800277709974,42.358100090026845,42.89178098640495,43.40165794760342,48.701136687403036,39.132863327855745,43.91700000762939,46.06598297116689,50.37266807073449,49.56527069289158,-0.31428514856619927,0.06904838473218415,-0.38333353329838343,23.639103758566876,1.5517953809274605,16.563859696480876,8.145357555291971,-66.19118103209034,504586929.0,486568992.1,-1.0
2026-09-21,42.61000061035156,43.5,41.86000061035156,42.43999862670898,3530136,43.25960021972658,42.36310009002685,42.80142451446576,43.31423437297665,48.52551287117191,39.546486869428676,44.035999870300294,45.39741164829953,48.65560569526649,49.56527069289158,-0.34634129001838687,-0.01402955021793005,-0.3323117398004568,22.21677379413753,1.5580956672646733,27.941933954954926,16.182036877604908,-68.47363179747838,501056793.0,492536711.9,-1.0
2026-09-22,42.79999923706055,43.08000183105469,42.400001525878906,42.5099983215332,2214252,43.24800018310548,42.370000076293934,42.743139275879244,43.24112200466361,48.29463792563991,40.033361570820055,44.16399974822998,45.7682479985377,48.65560569526649,49.56527069289158,-0.3619255700303583,-0.0836087541804157,-0.2783168158499426,20.896038827167427,1.4953745699726095,35.91504804027666,26.80694723057082,-66.22224030671296,503271045.0,498803937.9,-1.0
2026-09-23,42.61000061035156,44.619998931884766,42.40999984741211,43.95000076293945,8502115,43.26120018005373,42.390950088500965,42.98451157329129,43.305565528143234,48.21930295027417,40.35969675980884,44.289499855041505,52.86080727049034,48.65560569526649,49.56527069289158,-0.2551389784742142,-0.1179147990391754,-0.13722417943503878,20.151929544374735,1.5464191781511842,47.556673454036684,37.13788514975609,-44.88887080439815,511773160.0,505247687.15,-1.0
2026-09-24,43.79999923706055,44.18000030517578,42.43000030517578,42.540000915527344,3626151,43.244000167846686,42.40270009994506,42.8956094417385,43.23596874517815,48.15714141291776,40.1768582208713,44.16699981689453,46.45437186417172,48.65560569526649,49.56527069289158,-0.2810453235901704,-0.15054090394937442,-0.130504419640796,19.460970924638666,1.5609606654260997,49.82197159798211,44.43123103076515,-65.77775743272569,508147009.0,507176704.25,-1.0
2026-09-25,42.619998931884766,42.810001373291016,41.709999084472656,42.16999816894531,2905193,43.22760009765626,42.41205009460448,42.750487187179864,43.13906232915698,47.18733422383087,40.46166518107636,43.824499702453615,44.91602407400284,48.65560569526649,49.56527069289158,-0.3276554105326923,-0.185963805266038,-0.1416916052666543,18.273890208999365,1.5280350670969753,51.29852155754925,49.55905553652268,-67.77411164135259,505241816.0,506087619.05,-1.0
2026-09-28,42.88999938964844,43.11000061035156,41.61000061035156,41.77999877929688,7341732,43.203600082397465,42.41750009536742,42.55638950560327,43.015511097351514,46.891235311384975,40.316764108781044,43.60399971008301,43.28880076231471,47.941682636506584,49.56527069289158,-0.3915503825475639,-0.2270811207223432,-0.1644692618252207,17.380378228114346,1.5260325623043343,37.05960091533947,46.06003135695694,-71.40223856488595,497900084.0,505447297.8,-1.0
2026-09-29,41.880001068115234,42.41999816894531,41.209999084472656,41.790000915527344,5493176,43.17720008850098,42.4184000968933,42.40311178758809,42.904101080822045,46.65304657844902,40.172952872234575,43.4129997253418,43.3454891189631,47.941682636506584,49.56527069289158,-0.4363505419761893,-0.2689350049731124,-0.16741553700307688,16.237861406172225,1.5034587424592143,34.26172778625972,40.873283419716145,-70.5103761189897,503393260.0,505403743.4,-1.0
2026-09-30,42.0,42.34999847412109,41.150001525878906,41.31999969482422,4305677,43.158800048828134,42.41955009460448,42.186489369035314,42.760091863913146,46.37688957083625,40.01210998665888,43.19449977874756,41.258457964021304,47.941682636506584,43.71087792209095,-0.5039707011062617,-0.3159421441997423,-0.18802855690651943,15.128835848718936,1.4817829000151406,26.684903305218583,32.66874400227259,-75.17083589674074,499087583.0,504635445.15,-1.0
2026-10-01,41.09999847412109,41.709999084472656,40.150001525878906,40.95000076293945,7086447,43.14480003356934,42.422550106048575,41.939191647816145,42.59553812746099,46.12726385608194,39.816735625119236,42.97199974060059,39.640345786600086,47.941682636506584,43.71087792209095,-0.5807217867162819,-0.36889807270305025,-0.2118237140132317,14.763902445307862,1.4873696613421843,18.84767978547637,26.598103625651557,-82.10291495951041,492001136.0,503720908.55,-1.0
