Date,Open,High,Low,Close,Volume,MA50,MA200,EMA9,EMA21,BB_Upper,BB_Lower,BB_Mid,RSI,RSI_W,RSI_M,MACD,MACD_Signal,MACD_Hist,ADX,ATR,StochRSI_K,StochRSI_D,Williams_R,OBV,OBV_SMA20,Supertrend_Dir
2025-07-23,1521.423282169604,1536.3881013384855,1513.1427001825523,1530.9010009765625,182460.0,1454.0825952148434,1448.2233227539073,1524.6768754037275,1514.5597930834092,1587.808436489456,1483.1719834324192,1535.4902099609376,55.17491169628291,58.83826558386802,39.83707857939615,17.33993776757825,24.579063489995214,-7.239125722416965,29.0344408558664,41.53785703239497,15.497124847449527,7.636244955496501,-75.35711898674712,12552220.0,12179611.35,1.0
2025-07-24,1531.399791430332,1641.8401055254185,1524.017123127873,1620.09130859375,1126756.0,1458.860520019531,1448.2233227539073,1543.759762041732,1524.1535672207128,1603.5710492577994,1479.1717119726698,1541.3713806152346,67.07309623951824,58.83826558386802,39.83707857939615,23.70035520634815,24.403321833265803,-0.7029666269176538,30.60083548872729,46.98679455847715,48.830458180782855,23.246618669489735,-14.962205302301223,13678976.0,12279019.1,1.0
2025-07-25,1616.2004415833094,1616.6992688800942,1535.390419504144,1552.7496337890625,248086.0,1462.6779296874997,1448.2233227539073,1545.5577363911982,1526.7532096360173,1604.062855363957,1482.9897813547934,1543.5263183593752,55.16653864294021,58.83826558386802,39.83707857939615,23.041513269895404,24.130960120591723,-1.0894468506963193,32.055344790669544,49.68065845355779,53.54478316028588,39.29078872950609,-61.29028344815026,13430890.0,12358612.2,1.0
2025-07-28,1546.3646530400245,1566.2180042326306,1523.0195106953922,1537.186279296875,112763.0,1466.3792260742184,1448.2233227539073,1543.8834449723336,1527.701670514277,1602.653922849287,1482.2836870139945,1542.4688049316408,52.832320046813415,60.95172674579983,39.83707857939615,21.02122406366948,23.50901290920728,-2.4877888455378,32.88876245843282,49.21764667382069,49.036969665581566,50.470737002216765,-71.99717936686336,13318127.0,12424241.4,1.0
2025-07-29,1524.2168118948744,1557.9374657491464,1515.2379201101962,1521.5230712890625,78440.0,1469.9843139648438,1448.8271380615245,1539.4113702356794,1527.1399796756211,1599.6591522291963,1480.559548942679,1540.1093505859376,50.51570232835276,60.95172674579983,39.83707857939615,17.94933160730011,22.397076648825845,-4.447745041525735,33.33959588650282,48.7520680284728,16.76542049143594,39.7823911057678,-82.77277006467764,13239687.0,12475282.3,1.0
2025-07-30,1527.608643606926,1545.1674616355165,1507.5558109132814,1513.6414794921875,80644.0,1473.6946264648436,1449.4256469726572,1534.2573920869813,1525.912843295309,1599.6845499590647,1480.4742757245292,1540.079412841797,49.34323640645749,60.95172674579983,39.83707857939615,14.709296501193876,20.859520619299452,-6.150224118105577,33.43634677598798,47.9563239351701,6.6388225316960785,24.14707089623786,-88.19495479260918,13159043.0,12545779.3,1.0
2025-07-31,1512.344642873068,1528.8059438860096,1493.189601351239,1520.82470703125,100309.0,1477.1304199218748,1450.0040655517587,1531.570855075835,1525.4502854531218,1593.695877926305,1480.307417972133,1537.001647949219,50.4715223594171,60.95172674579983,37.873251178343445,12.57620114766064,19.202856724971692,-6.626655577311052,32.9373179310917,47.07489669228442,3.1830379152489874,8.862426979460334,-81.40934278458286,13259352.0,12607792.45,1.0
2025-08-01,1521.4233082014762,1536.188645414348,1518.4303443164897,1523.01953125,189697.0,1480.661887207031,1450.620092163087,1529.8605903106682,1525.2293077982924,1583.127235734074,1483.61313291827,1533.370184326172,50.831877045521026,60.95172674579983,37.873251178343445,10.936739755389226,17.5496333310552,-6.612893575665975,32.6460588655402,44.98085414982541,4.919998647598588,4.913953031514551,-79.93284310438115,13449049.0,12661550.5,1.0
2025-08-04,1526.4115665725562,1545.2672632223137,1485.1086410026144,1499.0758056640625,140512.0,1483.6109277343749,1450.80251525879,1523.7036333813471,1522.8517166951806,1578.8211974758685,1480.8857117038194,1529.853454589844,46.829046748206004,57.76812224246622,37.873251178343445,7.6175854582313605,15.563223756490434,-7.945638298259073,31.111169488496852,46.06498044053069,4.919998647598588,4.341011736815387,-91.08847435071601,13308537.0,12713477.45,1.0
2025-08-05,1499.474882206653,1515.437356002599,1471.939639265449,1499.175537109375,369547.0,1485.7036962890625,1451.0730560302743,1518.7980141269527,1520.6993367328346,1578.651408609123,1477.2644117033772,1527.9579101562501,46.84782162817971,57.76812224246622,37.873251178343445,4.938254138907496,13.438229832973846,-8.49997569406635,29.247332769676635,45.881604461717785,2.829659127976279,4.223218807724485,-83.96949788104075,13678084.0,12789233.3,1.0
2025-08-06,1496.481967203678,1508.653305156662,1469.2459466869652,1480.9185791015625,49689.0,1487.2899414062497,1451.2483288574228,1511.2221271218748,1517.0829042209007,1580.7633163479775,1471.022218319992,1525.8927673339847,43.79889571849481,57.76812224246622,37.873251178343445,1.326391023270844,11.015862071033247,-9.689471047762403,27.426449235274852,45.41915831943057,0.03091423643897985,2.5935240040046152,-93.23694817185397,13628395.0,12867106.85,1.0
2025-08-07,1473.535913043729,1488.4009916350285,1460.5664026377922,1479.62158203125,53808.0,1489.0175170898433,1451.5209149169934,1504.90201810375,1513.6773294763868,1581.8357815429256,1464.761947949262,1523.2988647460938,43.58189615869826,57.76812224246622,37.873251178343445,-1.6219959820336953,8.488290460419858,-10.110286442453553,25.495983920389953,44.16311765355956,0.03091423643897985,0.9638292002847462,-89.48817225559166,13574587.0,12933754.35,1.0
2025-08-08,1487.0041874231918,1487.1039285268007,1447.59683056092,1465.0557861328125,158889.0,1490.390053710937,1451.8964086914075,1496.9327717095625,1509.2571891724256,1584.4379665345361,1456.3035373717141,1520.3707519531251,41.11807931324422,57.76812224246622,37.873251178343445,-5.0754453486629245,5.775543298603302,-10.850988647266227,24.134108863278932,43.830544818725365,0.0,0.0206094909593199,-91.01180950790521,13415698.0,13000099.95,1.0
2025-08-11,1486.5053792024626,1508.35403966969,1461.1649275760344,1500.372802734375,102834.0,1493.032482910156,1452.6939208984386,1497.6207779145252,1508.4495176780572,1583.5685659165606,1454.4293833021893,1518.998974609375,48.69201678452562,52.05894917193057,37.873251178343445,-4.905987598191814,3.6392371192442785,-8.545224717436092,22.684680298617725,44.07044248122039,9.727005114008579,3.252639783482519,-72.82996171522497,13518532.0,13050652.3,1.0
2025-08-12,1517.33299037567,1544.369407191272,1509.0524080188547,1533.9937744140625,101194.0,1495.8096679687494,1453.4959985351575,1504.8953772144328,1510.7717228358758,1584.446815011373,1454.6485585237829,1519.547686767578,54.66977757607826,52.05894917193057,37.873251178343445,-2.0352980289508196,2.5043300896052587,-4.539628118556078,22.367482410699782,44.065168336625874,27.13108836739017,12.286031160466248,-55.5212689505296,13619726.0,13114411.5,1.0
2025-08-13,1537.385783042208,1565.3201126497238,1530.5019417464107,1544.56884765625,178331.0,1498.981557617187,1454.3190905761728,1512.8300713027961,1513.844188728637,1585.125243753371,1454.528821188035,1519.827032470703,56.390811381418395,52.05894917193057,37.873251178343445,1.0806075962295836,2.219585590930124,-1.1389779947005403,22.57386435730827,43.40466851996068,60.4644217007235,32.440838394040746,-42.654867629821425,13798057.0,13182087.2,1.0
2025-08-14,1551.352901145456,1561.3294471335296,1524.515968080736,1548.8587646484375,149790.0,1501.5044384765622,1454.9903851318368,1520.0358099719247,1517.0273319940732,1587.1070042400434,1454.2929591388624,1520.699981689453,57.10232866939201,52.05894917193057,37.873251178343445,3.851745181189699,2.546017508982039,1.3057276722076598,22.53543525586477,42.933869272305884,84.07074992004824,57.222086662720635,-14.634182959810849,13947847.0,13262909.1,1.0
2025-08-18,1566.3177547020373,1580.284919393648,1543.371698422963,1554.8447265625,72379.0,1504.4497265624993,1455.3087738037118,1526.9975932900397,1520.4652769548393,1590.4399863185213,1454.152469736166,1522.2962280273437,58.12890561386208,58.45218655691673,37.873251178343445,6.456482471027357,3.3281105013911025,3.1283719696362544,22.94873444879601,42.50382296504724,99.99999999999999,81.51172387359057,-19.172928824997125,14020226.0,13353380.95,1.0
2025-08-19,1573.899847344809,1588.6651839014542,1551.3528781034508,1564.3223876953125,93314.0,1507.6662109374997,1455.8268884277352,1534.4625521710943,1524.452287022155,1595.3285176260506,1455.479331495043,1525.4039245605468,59.77045814996079,58.45218655691673,37.873251178343445,9.17970565205269,4.498429531523421,4.681276120529269,23.521778239145554,42.13300031025839,99.99999999999999,94.69024997334941,-17.256029172878318,14113540.0,13454016.65,1.0
2025-08-20,1566.1182734384015,1581.2825749705717,1566.1182734384015,1576.39404296875,27502.0,1510.974777832031,1456.3398962402352,1542.8488503306255,1529.1742648354818,1601.7489666264698,1454.9649982172803,1528.356982421875,61.82345116299512,58.45218655691673,37.873251178343445,12.171654084616875,6.033074442142112,6.138579642474763,24.053890330184416,40.33494223632987,99.99999999999999,99.99999999999999,-8.698719905719777,14141042.0,13542580.75,1.0
2025-08-21,1576.3940291970282,1587.2684888324434,1566.3177419653905,1582.8787841796875,59068.0,1514.9307910156247,1456.218228149415,1550.8548371004379,1534.0564938667733,1608.3018356249927,1453.6099075390698,1530.9558715820312,62.91819805842844,58.45218655691673,37.873251178343445,14.894366211462966,7.805332796006283,7.089033415456683,24.694500559698014,38.95035685281009,99.99999999999999,99.99999999999999,-4.101841117971006,14200110.0,13624975.25,1.0
2025-08-22,1582.878813345635,1589.962136869639,1557.4386202525984,1573.700439453125,38801.0,1517.3670434570308,1456.3727673339852,1555.4239575709755,1537.660488920078,1596.9864446604981,1460.2862115895016,1528.6363281249999,60.28326130361901,58.45218655691673,37.873251178343445,16.125633213437595,9.469392879492545,6.65624033394505,24.858790807935737,38.49129683596941,95.97106666312462,98.65702222104153,-11.422514261480565,14161309.0,13649091.9,1.0
2025-08-25,1573.600697023548,1573.600697023548,1516.3352968897907,1521.72265625,108678.0,1519.4925708007809,1455.86491760254,1548.6836973067805,1536.21159504098,1594.5331601005205,1459.636798395573,1527.0849792480467,48.01891660455176,60.14871712378268,37.873251178343445,12.760157324553575,10.127545768504753,2.632611556048822,23.339755229335815,39.83942867363833,73.18941483203383,89.72016049838615,-47.93266167788216,14052631.0,13680178.95,1.0
2025-08-26,1514.9385275040322,1524.1169012158723,1494.2871257603867,1504.263671875,87719.0,1520.695412597656,1455.6735174560556,1539.7996922204245,1533.3072383895271,1593.4536338486262,1457.4240639052798,1525.438848876953,44.72732151063037,60.14871712378268,37.873251178343445,8.585234073153742,9.819083429434551,-1.2338493562808086,22.127939313422935,39.12445344377027,45.37477039450213,71.51175062988686,-60.19617223932485,13964912.0,13712518.2,1.0
2025-08-28,1496.581673278891,1499.4748960378954,1483.512422094711,1492.6907958984375,49265.0,1522.3239404296874,1455.3224456787116,1530.377912956027,1529.6148345267006,1593.5659649016027,1454.428505313241,1523.9972351074218,42.640783819234414,60.14871712378268,37.873251178343445,4.293252996882302,8.713917342924102,-4.4206643460418,21.32497682251929,37.81208175352162,18.398652067498475,45.65427909801147,-68.32517239858187,13915647.0,13746316.2,1.0
2025-08-29,1499.8740261266234,1511.2473135007046,1487.7025663184256,1498.5770263671875,63548.0,1523.2437866210935,1454.8768444824225,1524.0177356382592,1526.7932156031084,1593.6065132822578,1452.8815116200863,1523.244012451172,44.069938662501535,60.14871712378268,37.873251178343445,1.3512206469188186,7.241378003723046,-5.890157356804227,20.154330511925398,36.792986427004294,12.360492385573835,25.377971615858144,-64.19057625197175,13979195.0,13787323.8,1.0
2025-09-01,1503.465448333273,1509.9502030871988,1476.5287747400423,1497.18017578125,94506.0,1524.5080761718746,1454.4800158691412,1518.6502236668573,1524.1011210738484,1593.3834509894657,1450.7401207878781,1522.061785888672,43.7910959702783,53.088858195140794,36.717175802878096,-1.0806186557420006,5.576978671830037,-6.657597327572038,19.420398565040315,36.55216084987231,8.732761474642658,13.163968642571655,-72.03724490402918,13884689.0,13818590.65,1.0
2025-09-02,1501.9690488694598,1508.3540628727349,1487.5030567016702,1502.6673583984375,32608.0,1525.6431494140622,1454.147463378907,1515.4536506131735,1522.1525971942656,1592.8871647881078,1449.2011897040802,1521.044177246094,45.256421602526785,53.088858195140794,36.717175802878096,-2.5358671467035947,3.954409508123311,-6.490276654826905,18.738890328647024,35.430649801386046,10.704235438784911,10.599163099667134,-76.95688184880557,13917297.0,13842003.05,1.0
2025-09-03,1502.6673694116084,1522.3212388816094,1493.48899544114,1506.3587646484375,358104.0,1526.503566894531,1453.5921667480477,1513.6346734202266,1520.716794235554,1592.855207192306,1449.96144319832,1521.408325195313,46.27118181250691,53.088858195140794,36.717175802878096,-3.352649173562668,2.4929977717861154,-5.845646945348783,17.555878798729157,34.959335061320566,12.158598133471443,10.531865015633002,-73.70263091178177,14275401.0,13890346.25,1.0
2025-09-04,1525.413875879838,1529.803580454999,1505.4607839782052,1515.9361572265625,59956.0,1528.1529345703125,1453.2097137451176,1514.0949701814939,1520.2821908711003,1592.9848997564907,1451.5078126458536,1522.2463562011721,48.916923393942255,53.088858195140794,36.717175802878096,-3.1903627590456836,1.3563256656197555,-4.546688424665439,16.43009330534691,34.20101087671152,20.584766879971497,14.48253348407595,-65.25944241915566,14335357.0,13923209.9,1.0
2025-09-05,1515.936176519294,1520.425622254297,1492.591034340477,1506.8575439453125,56943.0,1528.9775244140621,1452.5309582519535,1512.6474849342576,1519.0617684233011,1592.005989206051,1455.0806196806682,1523.5433044433596,46.57563028731349,53.088858195140794,36.717175802878096,-3.7510777358165797,0.3348449853324885,-4.0859227211490685,15.616663755887245,33.74626637936212,22.75336798006774,18.498910997836894,-73.26291962445772,14278414.0,13955710.85,1.0
2025-09-08,1506.458424244062,1511.4466971720226,1474.633218606873,1478.0252685546875,368647.0,1528.4886718749997,1451.9753790283205,1505.7230416583436,1515.3311775261543,1592.1451460220583,1454.7818315170043,1523.4634887695313,40.02384646021672,53.733477588498054,36.717175802878096,-6.447647589395501,-1.0216535296131095,-5.425994059782392,15.483135453271073,33.965352964061225,16.7854834650633,20.04120610836751,-97.05880363840228,13909767.0,13972469.85,1.0
2025-09-09,1478.025291992211,1504.1637938356075,1470.742364688298,1480.3199462890625,154656.0,1527.9020532226561,1451.5186437988284,1500.6424225844876,1512.1483383227824,1590.4715591485108,1457.981834406177,1524.226696777344,40.73834616515985,53.733477588498054,36.717175802878096,-8.303816087441646,-2.478086041178817,-5.825730046262829,15.488170526412361,33.926501262864676,7.508642007956612,15.682497817695882,-91.96644866407198,14064423.0,14004906.1,1.0
2025-09-10,1496.481910423286,1498.2777374293976,1476.5288182843087,1485.3082275390625,93754.0,1526.441486816406,1451.1102478027346,1497.5755835754026,1509.708328251535,1591.186648606197,1455.7602874289598,1523.4734680175784,42.34626745986646,53.733477588498054,36.717175802878096,-9.26552320314795,-3.835573473572644,-5.429949729575306,15.492845951472129,33.05667396873783,4.421644776391173,9.571923416470362,-87.78234299205936,14158177.0,14036888.35,1.0
2025-09-11,1496.4819186897791,1507.5558605312815,1475.3316896192343,1481.4173583984375,67488.0,1524.6955908203124,1450.6273870849614,1494.3439385400097,1507.1364219012535,1590.8806243689141,1450.80867006468,1520.844647216797,41.40264242277656,53.733477588498054,36.717175802878096,-10.223790154555672,-5.11321680976925,-5.110573344786422,15.045311514216023,32.9972094646885,6.690213033367694,6.206833272571826,-91.0459536075089,14090689.0,14060436.5,1.0
2025-09-12,1479.6215884151554,1495.484321721506,1438.9173517282345,1459.2694091796875,186529.0,1523.596174316406,1449.7898468017584,1487.3290326679453,1502.7848752902019,1590.7967161747972,1442.362634411141,1516.5796752929691,36.42669617319024,53.733477588498054,36.717175802878096,-12.624846647843242,-6.615542777384049,-6.009303870459193,15.848141012198603,34.680763788158714,5.64992775910389,5.5872618562875855,-84.8889575716819,13904160.0,14065741.65,-1.0
2025-09-15,1453.682543137413,1461.4642979977857,1436.6226732493792,1453.1837158203125,280378.0,1521.0122485351558,1448.8691082763676,1480.4999692984188,1498.2756789747573,1589.5041840345393,1434.0876616685864,1511.7959228515629,35.175712188445296,49.521848707431765,36.717175802878096,-14.847611784951823,-8.261956578897603,-6.58565520605422,16.659926691250057,33.977968142462124,2.268568256976521,4.8695696831493684,-82.22700007160428,13623782.0,14049538.4,-1.0
2025-09-16,1453.1836472460914,1460.5663155476009,1447.1977197233557,1450.0909423828125,43600.0,1518.1010913085936,1448.2094525146485,1474.4181639152976,1493.8952483754897,1586.1477901713167,1426.9686771138402,1506.5582336425784,34.526763204091964,49.521848707431765,36.717175802878096,-16.666607858498992,-9.94288683481788,-6.723721023681112,17.413727678940692,32.50587011973234,0.0,2.6394986720268037,-85.54610645321019,13580182.0,14027536.2,-1.0
2025-09-17,1470.5428920057268,1471.8398917095662,1437.620289945897,1453.582763671875,81496.0,1515.7845385742187,1447.8896051025392,1470.251083866613,1490.2304770387973,1579.0838492856826,1422.9586555971302,1501.0212524414064,35.963197874688426,49.521848707431765,36.717175802878096,-17.623264532851863,-11.478962374424677,-6.144302158427186,17.50539142253631,32.6282795228707,3.327353903976719,1.8653073869844132,-81.79874941003696,13661678.0,14004943.1,-1.0
2025-09-18,1451.5874999968405,1466.3528373702077,1442.1097809246962,1445.5018310546875,43361.0,1513.9528466796874,1447.204514770508,1465.301233304228,1486.1642364947872,1567.7319458262507,1421.221337865156,1494.4766418457034,34.09873192543531,49.521848707431765,36.717175802878096,-18.81657974822724,-12.94648584918519,-5.87009389904205,17.590507755875095,32.02933501734504,3.327353903976719,2.218235935984479,-90.47105456301804,13618317.0,13978806.85,-1.0
2025-09-19,1448.4947455234874,1448.6942277309067,1411.6812662379366,1415.5721435546875,134306.0,1511.8198608398434,1446.2283911132818,1455.35541535432,1479.7467735002326,1554.938352231697,1417.2842673972095,1486.1113098144533,28.255818781029472,49.521848707431765,36.717175802878096,-21.924632783085826,-14.742115235965318,-7.182517547120508,18.67566719057576,32.38530833703255,3.327353903976719,3.327353903976719,-96.70606071127172,13484011.0,13943001.9,-1.0
2025-09-22,1415.4724507247909,1415.6719329390132,1391.7282215996645,1406.1942138671875,100894.0,1509.3137524414058,1445.0428344726565,1445.5231750568935,1473.0601771699558,1542.3212962116745,1413.1507008586382,1477.7359985351563,26.711358811583384,45.95961970518597,36.717175802878096,-24.857960659735,-16.765284320719253,-8.092676339015746,20.20668922881041,31.782337122912278,0.0,2.218235935984479,-89.52311810923523,13383117.0,13904092.3,-1.0
2025-09-23,1412.878404486878,1415.671886097644,1389.732866338279,1410.484130859375,173220.0,1507.0510742187498,1443.7453076171878,1438.5153662173898,1467.3714456871755,1539.892957734172,1404.4551867970786,1472.1740722656252,28.6330883397963,45.95961970518597,36.717175802878096,-26.53065481260751,-18.718358419096905,-7.812296393510604,21.677990380339676,31.364957311230317,2.884756688029488,2.0707035306687356,-85.18515119170164,13556337.0,13879277.6,-1.0
2025-09-24,1410.484139087201,1414.1754124378083,1386.7399106092091,1388.8349609375,49688.0,1504.2716064453125,1442.4963531494143,1428.579285161412,1460.2317652553868,1541.8413550921805,1390.96391834532,1466.4026367187503,25.061656180845855,45.95961970518597,36.717175802878096,-29.26582583996378,-20.82785190327028,-8.437973936693503,23.121992199382724,31.084281919613808,2.884756688029488,1.923171125352992,-98.43285396583528,13506649.0,13856364.45,-1.0
2025-09-25,1393.8232963082796,1393.9230374171314,1378.559253133484,1381.8514404296875,47447.0,1501.4482446289062,1441.226420288086,1419.233716215067,1453.1062811803233,1544.0545710959552,1377.6667667946701,1460.8606689453127,24.020825726252397,45.95961970518597,36.717175802878096,-31.632342373815163,-22.988749997379255,-8.643592376435908,24.676079965277548,29.961389231330493,2.884756688029488,2.884756688029488,-97.52257459685296,13459202.0,13833542.2,-1.0
2025-09-26,1377.7609986530854,1388.7351992216472,1333.9639374817502,1358.6060791015625,175452.0,1497.8407275390623,1439.7411907958985,1407.108188792366,1444.5153537186177,1546.6887337593453,1361.0355094047177,1453.8621215820315,20.9081592104486,45.95961970518597,36.717175802878096,-34.980299053306226,-25.38705980856465,-9.593239244741575,27.031481085662836,31.733522981942386,0.0,1.923171125352992,-85.80455750076513,13283750.0,13798769.95,-1.0
2025-09-29,1361.798494104928,1367.0861120630404,1327.3794112868916,1337.35595703125,116015.0,1493.9598510742187,1438.301551513672,1393.1577424401428,1434.7735903834025,1549.8443365746145,1341.8974847144484,1445.8709106445315,18.542642125065544,41.743962435989886,36.717175802878096,-38.899872582125454,-28.089622363276813,-10.81025021884864,29.326130685944907,32.30303568152856,0.0,0.961585562676496,-94.46290245689862,13167735.0,13762922.25,-1.0
2025-09-30,1342.7434145644593,1363.7939032720606,1337.854882434406,1352.8197021484375,122838.0,1490.5578491210938,1436.8814819335937,1385.0901343818018,1427.3232369074965,1546.627483674058,1330.1295719900045,1438.3785278320313,25.176781804673382,41.743962435989886,30.210714051824972,-40.293885023195344,-30.53047489526052,-9.763410127934822,31.45687674334969,31.884100721477278,9.67357770955077,3.22452590318359,-85.88034620049653,13290573.0,13731586.05,-1.0
2025-10-01,1352.8196721817872,1355.8126360582955,1331.8689250462285,1340.44873046875,292681.0,1487.3234545898438,1435.4782147216795,1376.1618535991915,1419.425554503974,1541.7708888534887,1318.3951633926051,1430.083026123047,23.52604786213956,41.743962435989886,30.210714051824972,-41.91372857941383,-32.807125632091186,-9.106602947322642,33.54078386002443,31.316930027947976,18.961937279597606,9.545171663049459,-92.22549826291848,12997892.0,13667710.6,-1.0
2025-10-03,1353.8172852902835,1370.278586106267,1332.168229294381,1351.0238037109375,140717.0,1483.9972729492188,1434.1340460205079,1371.134243621541,1413.2072135227888,1531.1627510547644,1312.5120658397666,1421.8374084472655,27.879179296935572,41.743962435989886,30.210714051824972,-41.861591863918875,-34.61801887845672,-7.243572985462151,34.49010848164315,31.802174798229267,36.826918753322296,21.820811247490223,-83.63262232351356,13138609.0,13607873.2,-1.0
2025-10-06,1360.8008547218171,1360.8008547218171,1321.8923258844632,1325.783203125,253259.0,1479.8949169921877,1432.862061767578,1362.0640355222326,1405.259576213899,1522.4537574867527,1303.1136253257473,1412.78369140625,24.320693879328477,41.202238898544245,30.210714051824972,-43.357184035398404,-36.36585190984506,-6.991332125553342,35.60582984776182,32.309771515309606,38.209344532424126,31.332733521781343,-97.40517478951601,12885350.0,13538220.0,-1.0
2025-10-07,1328.9756752068602,1350.3255081145685,1324.3864883798224,1326.7808837890625,530578.0,1474.0287084960937,1431.555238647461,1355.0074051755987,1398.1251496298228,1516.791145896093,1293.6517984398442,1405.2214721679686,24.729658412997434,41.202238898544245,30.210714051824972,-43.955258258821914,-37.88373317964044,-6.071525079181477,36.6418568305863,31.85471781669793,40.759520955631174,38.598594747125865,-96.73982176522873,13415928.0,13513528.05,-1.0
2025-10-08,1339.1518490788685,1353.717582216913,1304.932246798603,1311.3172607421875,268170.0,1469.2000610351565,1430.1514337158205,1346.2693762889166,1390.2335233673105,1509.9801688434768,1283.5625069377734,1396.771337890625,22.68357044202732,41.202238898544245,30.210714051824972,-45.15648567682388,-39.33828367907713,-5.818201997746748,38.02885971931798,33.0640476453845,31.76765256302568,36.912172683693655,-96.04448607146428,13147758.0,13467694.8,-1.0
2025-10-09,1315.806657047231,1323.3888075395064,1299.6445796932687,1316.904052734375,963909.0,1464.7944165039064,1428.8967852783203,1340.3963115780084,1383.5672078552254,1498.8515614259509,1277.8506968748306,1388.3511291503908,25.09488350704134,41.202238898544245,30.210714051824972,-45.13734442742748,-40.4980958287472,-4.639248598680275,39.42265505971678,32.39834623115973,42.356682546432246,38.29461868836303,-88.42031949196692,14111667.0,13465369.3,-1.0
2025-10-10,1322.8899996446223,1357.7081695425989,1317.103554250824,1343.3419189453125,371486.0,1461.2307934570315,1427.9055059814452,1340.9854330514693,1379.9103634088697,1484.4653994503415,1278.4293149051273,1381.4473571777344,35.36750552714364,41.202238898544245,30.210714051824972,-42.49895845819697,-40.89826835463716,-1.6006901035598062,38.57000964541005,32.998758415235734,63.8514798865117,45.99193833198987,-62.338760620098476,14483153.0,13484992.5,-1.0
2025-10-13,1347.1330885303184,1347.43231184734,1324.1870321607826,1327.778564453125,201533.0,1457.5135351562503,1426.8779797363281,1338.3440593318005,1375.1711089583473,1473.6761617122952,1276.0694681705172,1374.8728149414062,32.5385296662809,40.626995480721384,30.210714051824972,-41.18904948500631,-40.956424580710994,-0.23262490429531368,37.77826747498238,32.30208136318729,82.7069476299807,62.97170335430822,-75.75227277809546,14281620.0,13503865.5,-1.0
2025-10-14,1336.8571806770908,1337.1565257744287,1322.39118879663,1326.68115234375,114813.0,1453.6306640625003,1425.8521844482423,1336.0114779341905,1370.762931084293,1462.310742618078,1274.784630917078,1368.547686767578,32.34208328882755,40.626995480721384,30.210714051824972,-39.780919494963655,-40.72132356356153,0.9404040685978785,37.10236205071922,31.049456764230957,88.40129642408522,78.31990798019254,-76.39362955581907,14166807.0,13531016.75,-1.0
2025-10-15,1327.1799478636797,1337.355975953302,1315.9064022994446,1319.398193359375,92303.0,1449.5582373046877,1424.9749206542972,1332.6888210192274,1366.0934094729369,1449.8789950400815,1274.1471035927307,1362.013049316406,31.00428504733708,40.626995480721384,30.210714051824972,-38.80531672094912,-40.33812219503905,1.5328054740899262,36.692926010277226,30.363750827775707,79.75690632209754,83.62171679205449,-79.04758505494041,14074504.0,13555732.85,-1.0
2025-10-16,1326.880642855448,1331.170606429412,1306.2292409622044,1313.9111328125,389239.0,1445.8549438476564,1424.0535443115236,1328.933283377882,1361.3495661401698,1434.0036668193234,1276.0552687275513,1355.0294677734373,29.997528021896034,40.626995480721384,30.210714051824972,-38.036443973298674,-39.87778655069098,1.8413425773923038,36.62692597573611,29.976437587735127,74.7226868583979,80.96029653486022,-83.98646996198418,13685265.0,13556912.2,-1.0
2025-10-17,1327.878295776139,1358.805588915929,1321.9921091766028,1345.6365966796875,554044.0,1442.7841650390624,1423.3711950683596,1332.2739460382431,1359.9211143710352,1416.5742265333852,1283.4981855759897,1350.0362060546875,41.770788862951164,40.626995480721384,30.210714051824972,-34.46978081153725,-38.79618540286023,4.326404591322984,34.96886550332847,31.042010338856127,80.71663792556757,78.398743702021,-34.886863534962764,14239309.0,13587961.8,-1.0
2025-10-20,1361.0004262926172,1373.570972323464,1324.8853766370507,1337.5555419921875,369287.0,1439.916904296875,1422.5936785888673,1333.330265229032,1357.8878805184127,1405.2270837736382,1287.0436681794868,1346.1353759765625,39.92868892353286,40.89246355391253,30.210714051824972,-31.927211120709444,-37.42239054643007,5.495179425720629,32.72815600154848,32.30226643511021,86.14404114346155,80.52778864247567,-48.71795991918319,13870022.0,13607262.35,-1.0
2025-10-21,1360.7011801651952,1375.3666545767337,1348.030893238371,1356.810302734375,79732.0,1437.4606787109376,1421.6383776855469,1338.0262727301006,1357.7899189016819,1395.9229224938392,1291.409438346004,1343.6661804199216,46.035360392734475,40.89246355391253,30.210714051824972,-28.0353341684538,-35.54497927083482,7.509645102381022,30.564563346348507,32.695755445784215,96.7830131159063,87.8812307283118,-24.505868164490508,13949754.0,13635594.2,-1.0
2025-10-23,1374.169459335249,1393.8232060834405,1353.8172813022748,1357.4088134765625,368139.0,1435.3077392578125,1420.6678985595704,1341.902780879393,1357.7552729539436,1383.4500237013817,1298.574805400181,1341.0124145507814,46.21837672945845,40.89246355391253,30.210714051824972,-24.618907389748983,-33.359764894617655,8.740857504868671,29.014771740081393,33.21791039831147,96.7830131159063,93.23668912509137,-38.66524072671981,14317893.0,13673672.0,-1.0
2025-10-24,1366.786857185783,1368.7821664663463,1348.1307641261228,1361.798583984375,315634.0,1432.5362548828125,1419.721608276367,1345.8819415003895,1358.1228466839827,1377.113826320201,1302.2073650860489,1339.660595703125,47.62147595141092,40.89246355391253,30.210714051824972,-21.311481270314516,-30.95010816975703,9.638626899442514,27.30098205237055,32.32030267987661,99.99999999999999,97.85534207727086,-34.00412952126841,14633527.0,13730015.9,-1.0
2025-10-27,1370.677736269614,1370.677736269614,1340.8478381329194,1356.7105712890625,434619.0,1428.9905908203125,1418.598536376953,1348.0476674581241,1357.9944580117171,1371.3055356163159,1305.5015688758713,1338.4035522460936,46.11961004908645,42.83129203669395,30.210714051824972,-18.88320847129171,-28.536728230063968,9.653519758772259,25.361092665766947,32.142416641077894,97.99252600723376,98.25851304104668,-39.40664269260458,14198908.0,13767001.2,-1.0
2025-10-28,1366.7868416961903,1385.3431934383289,1358.7058635582928,1373.371337890625,89372.0,1425.566640625,1417.3213000488277,1353.1124015446244,1359.392356182527,1374.521770019438,1303.7618603516557,1339.1418151855469,51.51214262074519,42.83129203669395,30.210714051824972,-15.436458276248459,-25.916674239300868,10.480215963052409,24.212606660540803,31.891717034519925,97.99252600723376,98.6616840048225,-21.716040015369977,14288280.0,13817227.7,-1.0
2025-10-29,1376.7633345291877,1390.7304987925272,1368.0837883077154,1385.3431396484375,83090.0,1422.2963281250002,1416.2144427490227,1359.558549165387,1361.7515183157916,1382.4827381340956,1300.599610498717,1341.5411743164063,54.99750440103214,42.83129203669395,30.210714051824972,-11.605083387471723,-23.05435606893504,11.449272681463317,23.372584114431113,31.23135942382649,97.99252600723376,97.99252600723376,-9.00423669365381,14371370.0,13877409.45,-1.0
2025-10-30,1349.1284048402056,1382.549834944651,1349.1284048402056,1377.1624755859375,88649.0,1418.7426831054688,1415.1732183837883,1363.079334449497,1363.1525144312595,1386.4655897770447,1299.0510361995182,1342.7583129882814,52.23447304087559,42.83129203669395,30.210714051824972,-9.12363086834489,-20.26821102881701,11.14458016047212,21.752848365863468,31.58731480842688,96.31595470564463,97.43366890670404,-19.020409082341892,14282721.0,13927016.85,-1.0
2025-10-31,1390.6307701008543,1390.6307701008543,1355.8126002339964,1366.188232421875,89969.0,1414.78,1414.275510864257,1363.701114043973,1363.4284887940428,1388.9652158301403,1299.1253603417351,1344.0452880859377,48.69986476680439,42.83129203669395,31.411226341451872,-7.950938111537198,-17.804756445361047,9.853818333823849,20.5157766626429,31.818090169743385,87.91909392636342,94.07585821308061,-31.54894703455513,14192752.0,13986759.85,-1.0
2025-11-03,1371.7751504721527,1381.5522148036696,1355.313848666487,1374.269287109375,153029.0,1410.7375048828121,1413.5409246826164,1365.8147486570535,1364.4140159136184,1392.0495640498068,1298.3655604619119,1345.2075622558593,51.31250524093274,43.37457696062202,31.411226341451872,-6.296910214618947,-15.503187199212627,9.20627698459368,19.34189235713177,31.419538453131896,83.0057570706071,89.08026856753838,-22.323363198596503,14345781.0,14047118.45,-1.0
2025-11-04,1369.2809861068972,1392.6261289153583,1368.981641002886,1387.23876953125,194428.0,1406.8247045898436,1413.1626684570306,1370.0995528318929,1366.4889935152212,1397.7465431850376,1298.8141379673064,1348.280340576172,55.25144583295118,43.37457696062202,31.411226341451872,-3.8946571652645616,-13.181481192423016,9.286824027158454,18.763452197762295,30.864177700227646,86.68980236496245,85.87155112064431,-7.51699793824514,14540209.0,14129861.4,-1.0
2025-11-06,1396.616758033691,1396.616758033691,1356.910054558788,1360.5015869140625,140818.0,1402.5607275390626,1412.7463110351555,1368.179959648327,1365.9446838242068,1398.6394583865622,1301.2932930782813,1349.9663757324217,46.838589187528534,43.37457696062202,31.411226341451872,-4.101047182494312,-11.365394390437276,7.264347207942963,17.585925114604944,31.495786684133027,83.98230472565956,84.55928805374303,-39.955927864536136,14399391.0,14179034.55,-1.0
2025-11-07,1360.5015008639195,1378.6588872747286,1337.8547906309725,1370.278564453125,85580.0,1399.5318457031249,1412.2917175292962,1368.5996806092867,1366.3386729722902,1398.7931982678454,1307.035683568092,1352.9144409179687,49.845910620448066,43.37457696062202,31.411226341451872,-3.43608335034196,-9.779532182418212,6.343448832076252,17.047373477498525,32.16066596696324,77.1363669189898,82.6028246698706,-35.294227824114245,14484971.0,14245895.2,-1.0
2025-11-10,1371.6753843683491,1384.6448946455696,1334.562558812357,1346.63427734375,258940.0,1396.3792578124999,1411.7704284667964,1364.2065999561794,1364.5473642787865,1397.1895017000509,1311.612402596824,1354.4009521484375,43.445158255356695,43.90947656470383,31.411226341451872,-4.762096603388045,-8.776045066612179,4.013948463224134,16.23941070460691,33.440785243123905,51.452808693821225,70.85716011282352,-69.68007546594114,14226031.0,14251613.4,-1.0
2025-11-11,1358.8055941732707,1358.8055941732707,1334.7621421574036,1351.9217529296875,83768.0,1393.563876953125,1411.2710961914056,1361.749630550881,1363.3995814288685,1397.3226637350617,1312.3372239602509,1354.8299438476563,45.14164740625135,43.90947656470383,31.411226341451872,-5.32493404432239,-8.085822862154222,2.760888817831832,15.48915955835041,32.76954715546271,34.01362379489993,54.20093313590365,-72.02575436448079,14309799.0,14242945.7,-1.0
2025-11-12,1361.798540060233,1361.798540060233,1346.3348936346408,1355.912353515625,102433.0,1390.7105834960937,1410.8661431884761,1360.58217514383,1362.7189243458465,1396.776587304551,1315.6966792970115,1356.2366333007812,46.4473281788497,43.90947656470383,31.411226341451872,-5.386882031995583,-7.546034696122495,2.1591526641269123,14.624769982101407,31.533411389043394,20.915754622630132,35.46072903711709,-65.59492351658942,14412232.0,14249476.3,-1.0
2025-11-13,1356.8102270740203,1364.591981501724,1340.4486676260324,1352.520263671875,71453.0,1387.8173852539062,1410.654565429687,1358.9697928494393,1361.7917733754853,1395.679175122979,1319.3780026113964,1357.5285888671876,45.45693383036646,43.90947656470383,31.411226341451872,-5.644621872756943,-7.165752131449385,1.521130258692442,14.132132729875956,31.005547280946836,18.9459348258133,24.625104414447783,-71.06125760246032,14340779.0,14258174.9,-1.0
2025-11-14,1349.826665524978,1349.826665524978,1322.6905092849377,1338.3536376953125,190449.0,1384.5311108398434,1410.02117980957,1354.846561818614,1359.6610337681968,1393.447794833172,1323.504927334797,1358.4763610839846,41.4789840842686,43.90947656470383,31.411226341451872,-6.912329838745791,-7.115067672908666,0.2027378341628756,14.514129482388498,30.921562074231872,14.156144809985381,18.005944752809604,-78.81249397137985,14150330.0,14261966.2,-1.0
2025-11-17,1346.833725335628,1349.726948065373,1290.1668946967916,1305.1317138671875,496386.0,1380.5065698242183,1409.339921264648,1344.9035922283288,1354.703822868105,1395.4961211228806,1320.578659150557,1358.0373901367188,33.97118157254186,40.67954766844511,31.411226341451872,-10.476957298801153,-7.787445598087164,-2.6895117007139895,16.023571844568494,32.967168595256844,5.679955311347926,12.927344982382202,-85.94190851797123,13653944.0,14260400.15,-1.0
2025-11-18,1312.913485436845,1312.913485436845,1276.000264341736,1297.35009765625,351319.0,1376.134848632812,1408.8333258056637,1335.3928933139132,1349.4898478488453,1401.6838533830762,1309.5622769880176,1355.623065185547,32.48785923504019,40.67954766844511,31.411226341451872,-13.771116775229302,-8.984179833515592,-4.78693694171371,17.8208500714249,33.24902948810342,0.0,6.612033373777769,-82.29940809833211,13302625.0,14213565.95,-1.0
2025-11-19,1297.4498271611003,1343.6412845617938,1294.35712221056,1338.0543212890625,207921.0,1372.7587841796872,1408.6791046142575,1335.925178908943,1348.4502545252285,1401.6681254321957,1309.6278828685859,1355.6480041503908,45.815525312220224,40.67954766844511,31.411226341451872,-12.948014573514456,-9.776946781515365,-3.171067791999091,17.801576962560514,34.39439612118416,19.516060617036963,8.398671976128295,-48.55259421998483,13510546.0,14195592.15,-1.0
2025-11-20,1334.4627398737784,1339.051926578177,1326.1822799424524,1334.7620849609375,52641.0,1369.8935205078121,1408.3759979248046,1335.692560119342,1347.2058754739292,1401.4954195834716,1307.5957669399663,1354.545593261719,45.04103358688591,40.67954766844511,31.411226341451872,-12.4182067485051,-10.305198774913313,-2.1130079735917864,17.7836805043293,32.85691401507991,37.89801212813689,19.138024248391282,-51.282101791754506,13457905.0,14170999.7,-1.0
2025-11-21,1335.3606793167,1341.047261811244,1312.215141358546,1326.880615234375,133333.0,1366.8247338867184,1407.8913519287105,1333.9301711423486,1345.3581245430605,1401.5359495132925,1304.5024171859268,1353.0191833496096,43.16004196065694,40.67954766844511,31.411226341451872,-12.490318353839257,-10.742222690698503,-1.748095663140754,18.24462502542017,32.569428760624064,53.525576908278836,36.97988321781756,-57.8164234962895,13324572.0,14121333.65,-1.0
2025-11-24,1328.9756371260348,1351.8219512868725,1323.0894507673204,1344.9381103515625,126089.0,1364.0173315429683,1407.5281079101555,1336.1317589841915,1345.3199414347425,1400.6365090202735,1303.7158103156648,1352.1761596679692,48.46980652646363,39.553511437814535,31.411226341451872,-10.96399229905387,-10.786576612369577,-0.1774156866842933,18.11254766112848,32.29536245769035,57.4123124230988,49.611967153171506,-42.84542362349855,13450661.0,14062190.35,-1.0
2025-11-25,1344.9382160762193,1347.3326116050714,1318.8994539369896,1343.8408203125,110880.0,1361.26580078125,1407.1646051025386,1337.6735712498532,1345.185475878175,1400.0812075749882,1302.9841366632936,1351.532672119141,48.17530024622413,39.553511437814535,31.411226341451872,-9.730740124784461,-10.575409314852555,0.8446691900680943,18.14368642610047,32.01949068700402,69.15555692405749,60.031148751811706,-43.75515827543172,13339781.0,14019234.0,-1.0
2025-11-26,1345.736296549103,1350.8243105852,1325.6834637103634,1347.33251953125,141187.0,1359.0270629882814,1406.9216125488279,1339.6053609061325,1345.3806616648183,1397.6978929400036,1302.7635694623407,1350.2307312011721,49.23238571221459,39.553511437814535,31.411226341451872,-8.375085177354094,-10.135344487352864,1.7602593099987693,17.981326363775416,31.528158986134923,85.68315001156029,70.75033978623885,-34.343505988259615,13480968.0,13978868.4,-1.0
2025-11-27,1350.8243256350545,1358.60608021273,1335.1611971607183,1353.5179443359375,128352.0,1357.0337475585939,1406.8200665283202,1342.3878775920937,1346.1204146349198,1393.1949525141888,1304.0839903569051,1348.639471435547,51.13389486958629,39.553511437814535,31.411226341451872,-6.724095588225509,-9.453094707527393,2.728999119301884,17.404933644552838,30.950782133697544,95.6136872130367,83.48413138288481,-28.650242743321087,13609320.0,13940765.9,-1.0
2025-11-28,1354.814974547984,1362.7962115114476,1328.8759544167265,1348.1307373046875,90585.0,1354.9945434570316,1406.712741699219,1343.5364495346125,1346.3031712412621,1389.6743200050716,1304.7014490378967,1347.1878845214842,49.39847708462005,39.553511437814535,31.411226341451872,-5.7837060654669585,-8.719216979115307,2.935510913648349,17.145229842719218,31.162887488056374,95.71943533841717,92.33875752100471,-18.58101945050805,13518735.0,13902566.6,-1.0
2025-12-01,1346.8336807147643,1346.8336807147643,1318.899352522162,1325.8829345703125,165242.0,1352.440546875,1406.479990234375,1340.0057465417526,1344.4467860893576,1387.687938281985,1302.6573009758274,1345.1726196289062,42.92012832945303,42.71633740617822,30.64441639783507,-6.755775961598147,-8.326528775611875,1.5707528140137281,17.324138540123464,31.02492300908989,82.21394166549388,91.18235473898258,-43.69375396743549,13353493.0,13860603.65,-1.0
2025-12-02,1327.379412559713,1335.8594764505494,1318.3007802804427,1332.2679443359375,89100.0,1350.175869140625,1406.2515338134767,1338.4581861005897,1343.3396186572286,1383.641097388521,1302.5040075919476,1343.0725524902343,45.14362750875688,42.71633740617822,30.64441639783507,-6.931034776846673,-8.047429975858835,1.116395199012162,17.515447471709088,30.063049663448236,71.50520000008761,83.14619233466621,-36.48652289627981,13442593.0,13815444.25,-1.0
2025-12-03,1338.8524417911312,1358.4064471356014,1332.168204841544,1344.9381103515625,78965.0,1348.7631884765628,1406.156871948242,1339.7541709507843,1343.4849360839862,1375.843622199636,1306.071416862864,1340.95751953125,49.35923050614074,42.71633740617822,30.64441639783507,-5.978634169007364,-7.633670814488541,1.655036645481177,16.39808376248367,29.789849137063186,71.43503928022821,75.05139364860324,-20.574809933195702,13521558.0,13764511.7,-1.0
2025-12-04,1345.1377623536391,1355.712876886242,1340.3489715014368,1344.4393310546875,38979.0,1347.528090820313,1406.3564263916014,1340.691202971565,1343.5716992631408,1373.8658553497728,1306.4429581267898,1340.1544067382813,49.19894317795414,42.71633740617822,30.64441639783507,-5.204107435333981,-7.147758138657629,1.943650703323648,15.36053174677435,28.759424583330464,82.65961443311514,75.19995123781032,-21.149467291216972,13482579.0,13718671.1,-1.0
2025-12-05,1344.4393803984,1356.7105812925408,1326.8806829359007,1347.731689453125,62711.0,1346.2730419921877,1406.7235357666013,1342.099300267877,1343.949880189503,1369.8840357642273,1308.170090212335,1339.0270629882812,50.345183187122934,42.71633740617822,30.64441639783507,-4.275340151408727,-6.573274541207849,2.2979343897991216,15.06119495102017,28.835886995709725,91.95838403096104,82.01767924810146,-17.356250550347752,13545290.0,13671687.05,-1.0
2025-12-08,1350.7246675049896,1355.8126819103222,1326.9804379014158,1341.2469482421875,83201.0,1345.3212817382816,1406.8996612548829,1341.9288298627391,1343.7041591033833,1369.4285558961797,1308.0868371702268,1338.7576965332032,48.04571349083739,42.67118435039471,30.64441639783507,-4.016252944061762,-6.061870221778632,2.04561727771687,14.783239354962713,28.83562678236663,82.59839131981408,85.73879659463009,-31.48677676659356,13462089.0,13633489.95,-1.0
2025-12-09,1336.956884887654,1353.51792664044,1320.6951882239453,1348.6295166015625,82393.0,1344.6568432617194,1407.1948425292967,1343.268967210504,1344.151918875945,1369.0006709463162,1308.1854984872778,1338.593084716797,50.80075240476021,42.67118435039471,30.64441639783507,-3.178572294890273,-5.485210636400961,2.3066383415106877,14.834641815272477,29.12042047051864,84.70551739005505,86.42076424694338,-28.00789873970747,13544482.0,13595224.1,-1.0
2025-12-10,1347.0332208341124,1365.2903491157242,1338.5531565538906,1360.8009033203125,89274.0,1344.700739746094,1407.545404052734,1346.7753544324655,1345.665462916342,1369.9027624356536,1307.77226197841,1338.8375122070318,55.03430474146595,42.67118435039471,30.64441639783507,-1.5151099136176072,-4.69119049184429,3.176080578226683,14.143330775025074,28.950189905612564,86.11548945761541,84.47313272249485,-8.458649499689475,13633756.0,13556300.3,-1.0
2025-12-11,1360.8008609067267,1376.763334348448,1348.6295236210174,1376.4639892578125,368490.0,1345.4829003906252,1408.0813159179684,1352.713081397535,1348.4653289473847,1374.9295945201407,1305.139802452516,1340.0346984863284,59.825253931814025,42.67118435039471,30.64441639783507,1.0549157295574787,-3.5419692475639364,4.596884977121415,13.41026739729731,28.891877107171005,98.648032084516,89.82301297739548,-0.5120287599604145,14002246.0,13539373.65,-1.0
2025-12-12,1384.7445699957036,1384.7445699957036,1370.6776646428946,1381.5521240234375,114876.0,1346.0575488281252,1408.5968670654293,1358.4808899227155,1351.473219408844,1381.6952439851768,1302.6940016202923,1342.1946228027346,61.26891701559144,42.67118435039471,30.64441639783507,3.462337844635613,-2.1411078291240266,5.603445673759639,13.144845947167079,27.832950553288008,99.99999999999999,94.92117384737713,-4.804731918433713,14117122.0,13537713.25,-1.0
2025-12-15,1376.7633244854762,1381.5521151972894,1341.8454140818592,1358.8055419921875,167015.0,1346.4246850585935,1408.921271972656,1358.54582033661,1352.1397941891478,1380.9181752602342,1308.838453157735,1344.8783142089846,52.232509147711205,47.71552895291998,30.64441639783507,3.494495774529696,-1.013987108393282,4.508482882922978,13.006024083352912,28.681076223880176,83.5840065113639,94.07734619862663,-39.03905559071145,13950107.0,13552521.4,-1.0
2025-12-16,1364.292661225207,1374.7680344923842,1328.277354634857,1331.9686279296875,51678.0,1346.0435815429685,1408.9949993896482,1353.2303818552255,1350.306051801924,1375.6915070719378,1317.5269743733752,1346.6092407226565,43.98918067480873,47.71552895291998,30.64441639783507,1.3390309707485812,-0.5433834925649095,1.8824144633134907,13.435525844001997,29.953190769140686,52.19276749216063,78.59225800117483,-79.42945803089023,13898429.0,13582311.6,-1.0
2025-12-17,1326.8805901705084,1331.8688630658864,1307.0272396901034,1311.915771484375,55577.0,1345.766232910156,1408.9861352539062,1344.9674597810556,1346.8160263185105,1378.1135292160097,1312.4910972488342,1345.302313232422,39.03224178762315,47.71552895291998,30.64441639783507,-1.9646411813639588,-0.8276350303247193,-1.1370061510392395,14.582222846773755,29.595204874172357,18.8594341588273,51.54540272078394,-93.70985625078877,13842852.0,13598926.9,-1.0
2025-12-18,1306.9276005305417,1329.3748303106463,1284.7797158611113,1320.9945068359375,82375.0,1345.6505053710935,1408.9738775634764,1340.172869192032,1344.4686154564583,1378.9007469743096,1310.327121678034,1344.6139343261718,42.20745786499088,47.71552895291998,30.64441639783507,-3.8063696351011913,-1.4233819512800139,-2.3829876838211774,16.287789973520887,30.66662698669826,6.70182277295722,25.91800814131505,-63.772476548541015,13925227.0,13622293.0,-1.0
2025-12-19,1320.9945018301405,1337.8548898245533,1302.9369769655978,1314.7093505859375,63620.0,1345.7183471679687,1409.0827795410153,1335.0801654708132,1341.7632277409566,1380.0066510884171,1308.0040910990829,1344.00537109375,40.62986881063591,47.71552895291998,30.64441639783507,-5.70732183235873,-2.2801699274957574,-3.4271519048629724,17.38065715353538,30.970290263288067,7.154611396787448,10.905289442857322,-70.05984254773277,13861607.0,13649144.75,-1.0
2025-12-22,1316.3055236648008,1361.499204663405,1316.3055236648008,1355.8126220703125,74983.0,1346.4965185546876,1409.6906726074217,1339.2266567907132,1343.0404454072616,1380.9360989536426,1308.1620944057322,1344.5490966796874,53.0016514370132,40.18893866143402,30.64441639783507,-3.8527376880674638,-2.594683479610099,-1.2580542084573647,17.176358766386407,32.100259107158024,28.095106481562166,13.983846883768944,-28.942119883891635,13936590.0,13673441.2,-1.0
2025-12-23,1355.8125837302744,1360.501511575562,1333.8641828163184,1356.211669921875,51307.0,1346.753913574219,1410.2721838378905,1342.6236594169454,1344.2378294540447,1381.9226696129056,1308.4126087074067,1345.167639160156,53.10382416109454,40.18893866143402,30.64441639783507,-2.323977202950573,-2.540542224278194,0.21656502132762112,16.986653121176644,31.710049796592713,44.429032580967984,26.559583486439198,-28.54293173419933,13987897.0,13705847.0,-1.0
2025-12-24,1357.8079380347306,1373.770411957255,1350.0261832838955,1357.009765625,78148.0,1347.3385375976566,1410.6510839843747,1345.5008806585565,1345.398914560495,1382.7794312258522,1308.5235717038352,1345.6515014648437,53.322386684203636,40.18893866143402,30.64441639783507,-1.0360805593425084,-2.2396498912910574,1.203569331948549,16.173718553901193,31.141062573504623,63.45543489972777,45.32652465408597,-27.7445554348147,14066045.0,13735100.85,-1.0
2025-12-26,1357.0097604392186,1357.0097604392186,1331.9686539257548,1341.845458984375,40453.0,1347.641823730469,1410.726651611328,1344.7697963237201,1345.075873144484,1382.04180183502,1308.093952559511,1345.0678771972655,48.68000202667548,40.18893866143402,30.64441639783507,-1.2249258206184095,-2.036705077156528,0.8117792565381183,16.109313965514584,30.70535179677181,56.97717414951432,54.95388054340335,-42.914193576043644,14025592.0,13755914.45,-1.0
2025-12-29,1346.8337071927867,1354.615461770171,1324.087133646594,1326.880615234375,38977.0,1347.791472167969,1410.8224816894528,1341.1919601058512,1343.4217587890193,1381.820446731527,1306.1902954559735,1344.0053710937502,44.55727589555601,44.04758650876221,30.64441639783507,-2.552698950443073,-2.1399038518138367,-0.41279509862923636,16.327442691708974,30.692707248686453,44.165684155439024,54.8660977348937,-57.88429869904157,13986615.0,13779308.45,-1.0
2025-12-30,1321.992127339712,1331.868932544598,1307.22691186955,1315.008544921875,85327.0,1347.8134204101566,1411.014027099609,1335.955277069056,1340.8387393465516,1382.6612363192944,1304.2620669033618,1343.461651611328,41.55083538424337,44.04758650876221,30.64441639783507,-4.510946197309067,-2.614112320912883,-1.8968338763961845,17.082430598905002,30.26051535056943,26.5198338064406,42.55423070379798,-69.76054302038624,13901288.0,13806698.2,-1.0
2025-12-31,1312.01552090909,1321.8923256613991,1303.1363707421856,1316.904052734375,48426.0,1347.2387695312505,1411.244173583984,1332.1450322021196,1338.6628587454445,1383.3902559829605,1301.9966580795397,1342.69345703125,42.221162191023666,44.04758650876221,29.311819860857227,-5.842570098588112,-3.259803876447929,-2.582766222140183,17.910837620738704,29.438761034044013,16.83787105880799,29.17446300689587,-67.86436878104017,13949714.0,13832054.25,-1.0
2026-01-01,1330.272724975423,1330.3724660828932,1307.925236621427,1312.31494140625,26060.0,1346.7339575195317,1411.5872839355466,1328.179014042946,1336.2675935327904,1383.9371275357353,1298.1874696322334,1341.0622985839843,40.995331803732434,44.04758650876221,29.311819860857227,-7.185366137462097,-4.044916328650762,-3.1404498088113346,18.205451190629937,28.93936592171702,11.498427616376569,18.285377493875053,-72.45509355911692,13923654.0,13852159.05,-1.0
2026-01-02,1309.0225408153149,1323.9873594096157,1303.9345268500538,1315.806640625,83475.0,1345.913884277344,1411.982451782226,1325.7045393593567,1334.4075069048095,1383.9195349738725,1295.3417931511276,1339.6306640625,42.36643023864317,44.04758650876221,29.311819860857227,-7.876989693062114,-4.811331001533033,-3.065658691529081,18.62103975895083,28.304613538705944,15.500353668836329,14.612217448006962,-67.93824997962061,14007129.0,13878386.55,-1.0
2026-01-05,1321.892401619673,1321.892401619673,1298.9463448368406,1312.31494140625,59225.0,1345.0120068359379,1412.2675640869134,1323.0266197687354,1332.3990918594857,1383.593493174726,1292.1261601455863,1337.8598266601562,41.33211116210474,41.294592827690515,29.311819860857227,-8.607633844465681,-5.570591570119563,-3.037042274346118,19.187056482663017,27.92185948471497,16.08478013343437,14.361187139549088,-69.40133345755213,13947904.0,13898517.25,-1.0
2026-01-06,1312.3148933223451,1321.692870977213,1289.967405787173,1295.055419921875,112554.0,1343.677143554688,1412.519398193359,1317.4323797993634,1329.0042125924301,1385.072198552658,1286.028301935623,1335.5502502441404,36.578388516196796,41.294592827690515,29.311819860857227,-10.458811074724053,-6.548235471040462,-3.9105756036835917,20.02980087549351,28.193545606523905,13.14205901170811,14.909064271326269,-88.45305800320739,13835350.0,13917180.3,-1.0
2026-01-07,1304.433414445488,1305.1317239652385,1282.0859266213213,1287.2738037109375,50113.0,1342.2884082031255,1412.7323242187495,1311.4006645816783,1325.210539057749,1386.0309333211403,1278.9339958780783,1332.4824645996093,34.64376241694233,41.294592827690515,29.311819860857227,-12.410730584491603,-7.72073449373069,-4.689996090760912,21.078807976862755,27.825849302052,5.3646980515267035,11.530512398889728,-94.34159763169554,13785237.0,13929218.05,-1.0
2026-01-08,1287.2737457415617,1301.739737066761,1267.1210502732936,1278.9931640625,401990.0,1340.400844726563,1412.7161627197258,1304.9191644778427,1321.0089595127265,1385.229572445666,1271.5545828277711,1328.3920776367186,32.66396764909995,41.294592827690515,29.311819860857227,-14.459143271113817,-9.068416249207317,-5.3907270219065,22.51699280787752,28.311051980010255,0.0,6.1689190210782705,-88.86808734553183,13383247.0,13916692.6,-1.0
2026-01-09,1294.9556664580373,1294.9556664580373,1266.0236831550458,1269.8148193359375,87882.0,1338.090278320313,1412.5791851806632,1297.8982954494618,1316.354946769382,1380.9098124398984,1265.2094258413517,1323.059619140625,30.578081873090294,41.294592827690515,29.311819860857227,-16.63142409185548,-10.58101781773695,-6.050406274118529,23.885195704742056,28.35540421736606,0.0,1.7882326838422344,-96.48143732711262,13295365.0,13881348.55,-1.0
2026-01-12,1257.0448574949803,1273.1070729839466,1247.1680521150026,1256.4462890625,59355.0,1335.6759545898442,1412.3790991210928,1289.6078941720693,1310.9087051596655,1375.077643895514,1258.5310108896429,1316.8043273925784,27.794031358208414,36.906913825398696,29.311819860857227,-19.210257074741094,-12.30686566913778,-6.903391405603314,25.68106370203733,28.182805406764487,0.0,0.0,-92.67135544783042,13236010.0,13837292.95,-1.0
2026-01-13,1257.0448725707113,1270.0143831607263,1242.179793768429,1253.7525634765625,112347.0,1333.427241210938,1411.887005004882,1282.4368280329682,1305.7126922793832,1372.7494918393652,1250.3538650942294,1311.5516784667973,27.255543288285875,36.906913825398696,29.311819860857227,-21.226674050241854,-14.090827345358596,-7.135846704883258,27.47492742375422,28.157932834302553,0.0,0.0,-91.20547508065717,13123663.0,13795970.75,-1.0
2026-01-14,1245.072936379482,1264.7266832160997,1242.0799725901084,1252.0565185546875,98030.0,1330.9829858398443,1411.4690722656242,1276.360766137312,1300.8348583044108,1373.3997374159326,1241.712408580162,1307.5560729980473,26.90213239524243,36.906913825398696,29.311819860857227,-22.699885531365,-15.812638982559877,-6.8872465488051215,29.143282915986553,27.764274105137467,0.0,0.0,-91.31944280826724,13025633.0,13752330.95,-1.0
2026-01-16,1245.871112970262,1281.986160770184,1238.1890994812338,1263.4298095703125,133693.0,1328.5068066406254,1411.1605267333978,1273.7745748239122,1297.4343993285836,1373.8090053463757,1236.4545444583123,1305.131774902344,33.16090447898914,36.906913825398696,29.311819860857227,-22.688151818390452,-17.18774154972599,-5.50041026866446,29.377131082106004,28.90947318969551,11.816711437161914,3.9389038123873044,-78.32045114796388,13159326.0,13718154.65,-1.0
2026-01-19,1262.0330466345438,1267.0213195461426,1250.160932748137,1256.047119140625,65978.0,1326.4177172851566,1410.5780981445307,1270.2290836872548,1293.6719193114964,1373.4833446752218,1230.2854663599346,1301.8844055175782,31.28816359366711,36.329788450877,29.311819860857227,-23.009336871637515,-18.352060614108296,-4.657276257529219,29.59427580778835,28.048824161717672,21.270812840794633,11.029174759318849,-80.93717817866715,13093348.0,13676560.7,-1.0
2026-01-20,1250.260730924409,1250.360593814405,1201.8744814730494,1207.2618408203125,352476.0,1323.1573828125004,1409.6362457275386,1257.6356351138666,1285.8164576304796,1379.3080896692213,1213.7159703893722,1296.5120300292967,22.31851496229283,36.329788450877,29.311819860857227,-26.890466031538153,-20.05974169759427,-6.830724333943884,31.16559803046058,29.914810840707524,21.270812840794633,18.119445706250392,-95.80743669745434,12740872.0,13620523.95,-1.0
2026-01-21,1207.162110972438,1222.1269305299477,1191.1996367777613,1202.0740966796875,194285.0,1320.2661791992189,1408.8200451660152,1246.5233274270308,1278.203515725862,1376.8231024403358,1200.8271050791955,1288.8251037597656,21.609090293410446,36.329788450877,29.311819860857227,-30.038629822945722,-22.055519322664562,-7.98311050028116,32.84347291797888,29.987131048670303,9.454101403632722,17.331909028407328,-92.18636284379595,12546587.0,13551023.8,-1.0
2026-01-22,1199.779382890539,1207.1620511968083,1168.253522273936,1172.244140625,499309.0,1316.672626953125,1407.8596734619134,1231.6674900666249,1268.5708452621473,1376.02534706066,1183.228107529184,1279.626727294922,18.05521349107851,36.329788450877,29.311819860857227,-34.54241698213809,-24.55289885455927,-9.989518127578823,34.815312953525535,30.624373753970453,0.0,10.241638081475784,-97.43753931421638,12047278.0,13453992.85,-1.0
2026-01-23,1187.109299672417,1189.6034363127133,1158.0775735361665,1182.8193359375,73221.0,1313.2107666015625,1406.9350024414057,1221.8978592407998,1260.7752535053612,1369.3327770015146,1172.5016346195791,1270.9172058105469,22.89649642178378,36.329788450877,29.311819860857227,-36.833774053646266,-27.009073894376673,-9.824700159269593,36.808774429190976,30.68876582701162,6.932886846473854,5.462329416702191,-84.8965062010619,12120499.0,13356715.55,-1.0
2026-01-27,1182.819301638412,1196.1878979995463,1152.0916121914,1185.7125244140625,67102.0,1309.8746118164063,1405.8463226318354,1214.6607922754524,1253.9513690425158,1362.6006940827815,1163.6204240812813,1263.1105590820314,24.215639010896595,29.96007464059634,29.311819860857227,-37.978443059647134,-29.202947727430768,-8.775495332216366,38.21200128757806,31.646445825664102,18.018865197853067,8.317250681442307,-80.17649605707118,12187601.0,13264816.0,-1.0
2026-01-28,1185.7125531168203,1195.6890996302138,1163.2653234616848,1185.4132080078125,120429.0,1306.8158032226563,1404.7753137207026,1208.8112754219246,1247.72062713027,1356.5479579877747,1155.5264194536317,1256.0371887207032,24.169568290705733,29.96007464059634,29.311819860857227,-38.466337828270525,-31.055625747598718,-7.410712080671807,39.51499765608036,31.701969421583023,30.30516145951524,18.418971167947387,-78.22688742827438,12067172.0,13168843.85,-1.0
2026-01-29,1177.3322094197013,1189.204323923051,1152.6901886694648,1181.8216552734375,115020.0,1304.3496020507812,1403.3181976318351,1203.4133513922272,1241.7298115069216,1351.0790134936553,1147.6766749829073,1249.3778442382813,23.589623716632296,29.96007464059634,29.311819860857227,-38.69673437134952,-32.58384747234888,-6.112886899000642,40.933208176293576,32.0456955524404,35.584912949111946,27.969646535493418,-80.13336745328475,11952152.0,13071387.05,-1.0
2026-01-30,1167.2558698274163,1175.9354160432997,1120.3661041164007,1135.4306640625,355376.0,1301.111213378906,1401.5957714843744,1189.8168139262818,1232.0662526483377,1348.7937073377732,1131.814642271602,1240.3041748046876,17.686360408599878,29.96007464059634,29.311819860857227,-42.13696190914902,-34.49447035970891,-7.642491549440109,42.77428635580837,34.146399524197285,24.498934597732728,30.129669668786633,-91.37144297514133,11596776.0,12953740.15,-1.0
2026-02-02,1157.2793088210217,1160.2722725507313,1119.3684349113676,1147.00341796875,50627.0,1297.2901953125,1399.7096722412102,1181.2541347347756,1224.333267677466,1342.5974511760608,1121.4797460895645,1232.0385986328126,22.87164905252212,26.96675256211471,23.0410444906844,-43.42892092875945,-36.28136047351902,-7.147560455240431,44.498049687818934,34.6290736752806,23.38214058513166,27.821996043992108,-83.00616804752579,11647403.0,12839927.6,-1.0
2026-02-03,1169.2512508236596,1169.2512508236596,1108.3943171203805,1111.8861083984375,326534.0,1292.83267578125,1397.476979980468,1167.380529467508,1214.1107986520997,1337.374150103084,1106.310993939885,1221.8425720214846,18.967097136652406,26.96675256211471,23.0410444906844,-46.74760387647052,-38.37460915410932,-8.372994722361199,46.25475333307248,36.50249224870906,13.928305615042518,20.603126932635632,-97.98850498696171,11320869.0,12705614.6,-1.0
2026-02-04,1111.9858041342964,1125.4541413715383,1087.4435250810131,1119.967041015625,295677.0,1288.694404296875,1395.5485455322257,1157.8978317771316,1205.552275230602,1328.069291627024,1096.3810623768823,1212.2251770019532,22.25610528550651,26.96675256211471,23.0410444906844,-48.17034257115256,-40.33375583751797,-7.83658673363459,48.14984233256629,36.610215394553066,23.77188023264283,20.360775477605667,-83.28206265973692,11616546.0,12589046.7,-1.0
2026-02-05,1120.366190149252,1128.048082365431,1089.7382406103368,1125.65380859375,181463.0,1284.3087182617187,1393.693349609374,1151.4490271404552,1198.2887782636155,1318.868987071948,1088.6412057991463,1203.755096435547,24.576173690605273,26.96675256211471,23.0410444906844,-48.28242883487178,-41.923490436988736,-6.358938397883044,49.71597259879909,36.73161727744886,27.44355467278521,21.714580173490184,-80.3589154750699,11798009.0,12487179.65,-1.0
2026-02-06,1125.354382390409,1129.0456556757813,1095.8238307554054,1123.9576416015625,140476.0,1279.9110546875,1391.896382446288,1145.9507500326768,1191.5314022034288,1308.914055006357,1082.2645216537994,1195.5892883300783,24.342831430462926,26.96675256211471,23.0410444906844,-47.95532536753444,-43.12985742309788,-4.825467944436561,51.091823898113844,36.480917823372216,40.99746840588878,30.737634437105605,-79.66668616835047,11657533.0,12380794.45,-1.0
2026-02-09,1124.656156560169,1151.2934874966138,1114.9788332049084,1145.9061279296875,188962.0,1275.8825268554688,1390.438660278319,1145.941825612079,1187.383649996725,1297.1535165085363,1080.7163565383391,1188.9349365234377,33.183471163312234,26.282117863063878,23.0410444906844,-45.40167188555324,-43.58422031558895,-1.817451569964291,50.7494200227561,36.46904185682459,64.4872271216218,44.30941673343193,-64.11511494578488,11846495.0,12303956.85,-1.0
2026-02-10,1152.2910481639583,1215.0435460528058,1142.0151572026598,1203.9696044921875,341832.0,1272.891560058594,1389.2433764648426,1157.5473813881008,1188.891464041767,1287.3089991271884,1083.9763524353118,1185.64267578125,49.87139682949106,26.282117863063878,23.0410444906844,-38.251703968638594,-42.51771704619888,4.266013077560288,47.370971624340925,39.08042378491898,82.97938376575165,62.821359764420734,-13.481487178941709,12188327.0,12248604.95,-1.0
2026-02-11,1209.656262006916,1241.481469669303,1206.7630391677872,1217.138671875,181153.0,1270.2717187500002,1388.1826397705065,1169.4656394854806,1191.4593920266063,1281.0077552002947,1086.346834643455,1183.6772949218748,52.75359527730943,26.282117863063878,23.0410444906844,-31.163436504978108,-40.24686093795473,9.08342443297662,44.59556068359134,38.96838388436158,99.99999999999999,82.48887029579114,-15.803117770342856,12369480.0,12205278.45,-1.0
2026-02-12,1219.0341643228662,1219.9320778080494,1199.180813682961,1212.8486328125,97059.0,1268.0110327148436,1387.2916217041004,1178.1422381508846,1193.4038684616876,1274.3734534741402,1088.890743303204,1181.6320983886721,51.71053779830164,26.282117863063878,23.0410444906844,-25.59703706117034,-37.31689616259785,11.71985910142751,41.75103198649128,37.667161044413504,99.00851656072211,93.99596677549124,-18.588171202447747,12272421.0,12162716.35,-1.0
2026-02-13,1214.145667213947,1214.145667213947,1173.6409141764302,1183.318115234375,92573.0,1265.0320361328124,1386.3206567382804,1179.1774135675828,1192.4869818046593,1264.8421331267295,1091.548223318583,1178.1951782226563,45.100127138551635,26.282117863063878,23.0410444906844,-23.29990457369354,-34.51349784481699,11.21359327112345,39.26020962395537,37.86984618677803,91.73347461400454,96.9139970582422,-37.75910837448917,12179848.0,12120427.1,-1.0
2026-02-16,1183.3180685298728,1203.4707640404677,1167.255854209096,1178.7288818359375,106727.0,1261.7078515624999,1385.457177734374,1179.0877072212538,1191.2362454438662,1250.789649700703,1097.1306139711721,1173.9601318359375,44.155441342379014,35.41791625058829,23.0410444906844,-21.60072361302491,-31.930942998458576,10.330219385433665,37.1406680640191,37.751636447106144,83.56045691707502,91.43414936393387,-40.7383959848916,12073121.0,12066116.85,-1.0
2026-02-17,1180.2253567932278,1241.3816306728695,1177.2323930820023,1218.13623046875,146855.0,1259.1817895507813,1384.669264526366,1186.897411870753,1193.6816986279466,1241.9209404713608,1102.2082343333266,1172.0645874023437,53.2172890267779,35.41791625058829,23.0410444906844,-16.87968822739913,-28.92069204424669,12.04100381684756,35.02996559868943,39.63717938594622,84.55194035635289,86.61529062914414,-15.155512015529482,12219976.0,12022448.25,-1.0
2026-02-18,1220.0319075454893,1229.90871303204,1202.8721743304682,1206.86279296875,29288.0,1256.364411621094,1383.9185766601552,1190.8904880903524,1194.879979931656,1241.8588747049118,1102.2303953146195,1172.0446350097657,50.683522944276945,35.41791625058829,23.0410444906844,-13.887815765983987,-25.91411678859415,12.026301022610163,33.070027595169016,38.73713362277662,89.44993017689866,85.85410915010885,-22.474122718971067,12190688.0,11994939.05,-1.0
2026-02-19,1207.16208069829,1235.096409838416,1184.3157657233137,1198.582275390625,49301.0,1253.5111181640627,1383.2106207275378,1192.428845550407,1195.2165522461075,1241.384906351634,1102.355181538991,1171.8700439453125,48.84397718201964,35.41791625058829,23.0410444906844,-12.046044547278598,-23.140502340331043,11.094457793052445,30.793634077375977,39.59738437222846,93.36670715086832,89.12285922803994,-27.849757664151,12141387.0,11974679.05,-1.0
2026-02-20,1198.6820729191145,1210.0553603897567,1187.4085265575795,1194.192626953125,42028.0,1250.4223803710938,1382.416993408202,1192.7816018309506,1195.1234681285637,1243.1965256970577,1102.7384108263798,1172.9674682617188,47.85244934094591,35.41791625058829,23.0410444906844,-10.815955923110096,-20.675593056886854,9.859637133776758,28.679840096568153,38.3866307622248,88.14548123477967,90.32070618751555,-30.699476575444308,12099359.0,11977283.1,-1.0
2026-02-23,1194.1925286869252,1222.7254252327523,1188.2066012248354,1214.245361328125,68880.0,1247.4912695312503,1381.7121795654286,1197.0743537303856,1196.8618220557964,1247.0646238249894,1102.0129152375105,1174.53876953125,52.58740745924484,36.9592341748773,23.0410444906844,-8.129304191375695,-18.166335283784623,10.037031092408927,26.984827834895015,38.11035885120281,89.84439222698978,90.45219353754592,-17.681428049416105,12168239.0,11979670.1,-1.0
2026-02-24,1216.041207303769,1216.041207303769,1192.4965832746911,1196.28759765625,42489.0,1243.8877416992189,1381.0375555419912,1196.9170025155586,1196.8096198376559,1248.0888826321172,1102.0461637546016,1175.0675231933594,48.353212107783506,36.9592341748773,23.0410444906844,-7.364264133882898,-16.00592105380428,8.641656919921381,25.4108878776271,37.069949221051026,88.48543146057153,88.82510164078032,-29.78312264298195,12125750.0,11976577.55,-1.0
2026-02-25,1196.1878608158431,1210.5541113575891,1196.1878608158431,1207.660888671875,45346.0,1240.4099169921876,1380.387438354491,1199.0657797468218,1197.7960988225848,1250.5305859153414,1101.8292285377834,1176.1799072265624,51.041852330829975,36.9592341748773,23.0410444906844,-5.773679459285859,-13.959472734900595,8.185793275614737,23.94937220302118,35.44825645824353,91.19528356852148,89.84170241869427,-23.21922917988547,12171096.0,11981773.75,-1.0
2026-02-26,1212.1503496256123,1218.73484568653,1196.2876169897595,1204.96728515625,56677.0,1237.333151855469,1379.6795458984366,1200.2460808287076,1198.448024852918,1252.770266834176,1101.9041106072298,1177.337188720703,50.37301649310379,36.9592341748773,23.0410444906844,-4.676572322779293,-12.102892652476335,7.426320329697042,22.9094405773698,34.51961161813831,87.14097255072927,88.94056252660742,-28.864366414474052,12114419.0,11989887.1,-1.0
2026-02-27,1217.038910950738,1217.038910950738,1182.2207399080364,1186.90966796875,53089.0,1234.43197265625,1378.84402770996,1197.5787982567163,1197.3990833179937,1252.7934235410983,1107.0288542909327,1179.9111389160155,46.019442619623504,36.9592341748773,23.0410444906844,-5.204214856737963,-10.72315709332866,5.518942236590698,21.321633021417547,34.5409372913214,66.27943089368706,81.53856233764594,-54.86460726977691,12061330.0,12013114.8,-1.0
2026-03-02,1133.3356056070388,1207.1620447046805,1132.3379510246382,1197.684326171875,84392.0,1232.1473437500001,1377.972772216796,1197.599903839748,1197.4250144865282,1254.0224823623932,1110.8678862899503,1182.4451843261718,48.859584001573836,36.33381108459457,27.762164648770835,-4.6987858189154394,-9.518282838446018,4.819497019530578,21.426944518959115,37.41830560480146,52.76131058181902,68.72723800874512,-40.128029626767805,12145722.0,12038030.75,-1.0
2026-03-04,1185.213743347032,1223.024879549671,1167.4554415765422,1211.85107421875,178667.0,1229.9644750976563,1377.126052246093,1200.4501379155486,1198.7364744621846,1251.8797643388987,1123.0071008954762,1187.4434326171875,52.40536529371555,36.33381108459457,27.762164648770835,-3.119136035470092,-8.238453477850832,5.119317442380741,20.87611648044175,38.71481505968198,54.507161614464934,57.849301029990336,-27.08140127826151,12324389.0,12088206.75,-1.0
2026-03-05,1210.1550251623166,1247.068245220854,1162.8661729467403,1207.660888671875,177171.0,1227.823505859375,1376.3549609374993,1201.892288066814,1199.5477848448836,1248.3843207650732,1135.2719292349268,1191.828125,51.27300603448447,36.33381108459457,27.762164648770835,-2.1802327896668885,-7.026809340214045,4.846576550547156,19.489789375854667,41.96390486071281,73.83200425079113,60.36682548235836,-34.34782140589919,12147218.0,12114740.35,-1.0
2026-03-06,1207.16202813398,1207.660855418333,1161.3696590735844,1196.5869140625,172404.0,1224.6389916992186,1375.577288208007,1200.8312132659512,1199.2786147737577,1242.581818611663,1148.1677419352122,1195.3747802734376,48.30248321104579,36.33381108459457,27.762164648770835,-2.303172861769326,-6.082082044525102,3.7789091827557755,18.252932810189403,42.27299948482551,71.78275039024507,66.70730541850037,-44.000001492211794,11974814.0,12123580.6,-1.0
2026-03-09,1186.2112979706828,1187.8075209450449,1150.7945603104986,1179.926025390625,93392.0,1221.1132788085936,1374.770574951171,1196.650175690886,1197.5192884662001,1232.4077758850433,1163.9386230407379,1198.1731994628906,44.15745517234422,37.839022107299506,27.762164648770835,-3.7023201871072615,-5.606129673041535,1.9038094859342731,17.465862108726597,42.524381932480935,41.4360181760197,62.3502576056853,-58.52178825184563,11881422.0,12134775.05,-1.0
2026-03-10,1195.4896093182376,1196.1879188558405,1159.274697006244,1180.4249267578125,125027.0,1217.5815820312498,1374.0320703124992,1193.4051259042712,1195.9652555836194,1225.407060164018,1174.3912186445762,1199.899139404297,44.31156284417398,37.839022107299506,27.762164648770835,-4.716528151318926,-5.428209368697013,0.7116812173780875,16.41118117330041,42.12358478370348,15.863950888847361,43.02757315170404,-58.08694114308266,12006449.0,12142772.75,-1.0
2026-03-11,1185.213683271602,1211.1527032758625,1171.4460008634285,1201.076416015625,109666.0,1214.7662011718749,1373.2922772216787,1194.939383926542,1196.4299065319835,1225.1979379102222,1174.311022050716,1199.7544799804691,50.41195069272898,37.839022107299506,27.762164648770835,-3.809973673638524,-5.104562229685316,1.2945885560467918,15.597641793796747,41.950950328612805,25.34060681922207,27.54685862802971,-40.08690950148884,12116115.0,12139162.15,-1.0
2026-03-12,1200.1784423620168,1200.1784423620168,1163.6643096195244,1171.2464599609375,163454.0,1211.6535180664061,1372.4162786865224,1190.2007991334212,1194.140502298252,1224.5278061021588,1170.3919326673729,1197.4598693847659,43.07228541508379,37.839022107299506,27.762164648770835,-5.43588932456305,-5.170827648660863,-0.2650616759021869,14.539114635713485,41.62674719057622,25.34060681922207,22.181721509097166,-66.08697884993074,11952661.0,12118321.2,-1.0
2026-03-13,1160.3720596476646,1162.2676277750872,1127.7488024142772,1130.0433349609375,121683.0,1207.9542138671877,1371.3083764648427,1178.1693062989245,1188.3134870857689,1232.9110360410523,1153.728172943323,1193.3196044921876,35.40459444386162,37.839022107299506,27.762164648770835,-9.934666380705721,-6.1235953950698345,-3.8110709856358866,14.6488947216819,41.76038364458223,24.731241283155217,25.13748497386645,-98.07698352197313,11830978.0,12096249.05,-1.0
2026-03-16,1130.043281060985,1135.5303811879032,1104.4036073633513,1115.3778076171875,85899.0,1203.9236889648437,1369.9125799560536,1165.6110065625771,1181.6829707704433,1242.6176134249126,1137.227564797744,1189.9225891113283,33.143019571955946,32.2013294906811,27.762164648770835,-14.516033305325209,-7.80208297712091,-6.713950328204299,15.37906777482808,41.00084008600864,0.0,16.69061603412576,-92.30769417099873,11745079.0,12074510.6,-1.0
2026-03-17,1124.9553319261106,1131.140863677747,1104.80275719442,1124.8555908203125,68734.0,1200.174501953125,1368.5288262939443,1157.4599234141242,1176.5168453204315,1247.3217214841598,1127.136127636934,1187.2289245605468,35.98879809644474,32.2013294906811,27.762164648770835,-17.183935987266977,-9.678453579150123,-7.505482408116855,16.05708560989239,39.95350197153136,4.924596698649696,9.885279327268304,-85.6642937141934,11813813.0,12061545.2,-1.0
2026-03-18,1129.3450160524792,1130.6420157562493,1105.6007876727542,1121.2640380859375,321416.0,1196.2836499023435,1367.1689324951162,1150.220746348487,1171.4938628445682,1247.4032537716603,1117.3673761111522,1182.3853149414062,35.37432529347443,32.2013294906811,27.762164648770835,-19.364850432131107,-11.61573294974632,-7.749117482384786,16.68667359959496,38.88833955095734,8.785853186219118,4.5701499616229375,-88.18177301972555,11492397.0,12025166.25,-1.0
2026-03-19,1098.4177000839386,1117.6724823230818,1088.8402404073104,1101.211181640625,233257.0,1192.0615747070312,1365.6928436279286,1140.4188334069147,1165.1045281896643,1250.3892070177553,1103.8162617322446,1177.102734375,32.08081244933542,32.2013294906811,27.762164648770835,-22.45252009332171,-13.783090378461399,-8.66942971486031,17.732267924301816,38.42658656007661,8.785853186219118,7.4987676903626435,-92.18157288408422,11259140.0,11978588.85,-1.0
2026-03-20,1117.0738832889706,1121.5633292959471,1099.0163581510462,1111.6866455078125,89133.0,1188.3941992187501,1364.4100201416006,1134.6723958270943,1160.2483570367685,1250.829660903924,1094.6862448577945,1172.7579528808592,35.46125392303563,32.2013294906811,27.762164648770835,-23.78011578612177,-15.782495459993473,-7.997620326128295,18.50596486857427,37.29232831613548,9.405357915996703,8.992354762811646,-85.56108627709462,11348273.0,11938933.15,-1.0
2026-03-23,1102.4083512428656,1110.7886743783467,1081.4576042961687,1103.406005859375,220208.0,1184.7168432617189,1362.9513775634757,1128.4191178335504,1155.0808705660963,1251.4308385967365,1085.006405055607,1168.2186218261718,34.01984064009514,30.836436625429368,27.762164648770835,-25.209820237779468,-17.667960415550674,-7.541859822228794,19.697425260771674,36.787807808671786,8.724209424908778,8.971806842374866,-86.74698591789898,11128065.0,11890368.45,-1.0
2026-03-24,1123.3591125941716,1149.2981329560264,1101.4107107495254,1145.1080322265625,119607.0,1182.039140625,1361.7470458984367,1131.7569007121529,1154.174248898866,1245.6345429784615,1083.8889677637258,1164.7617553710936,45.937894492573946,30.836436625429368,27.762164648770835,-22.716010280438923,-18.677570388528324,-4.038439891910599,19.069286481870055,37.580637408516736,32.791428876677884,16.97366540586112,-61.56622088109658,11247672.0,11844340.1,-1.0
2026-03-25,1150.6948488535677,1177.731264364862,1133.335634323154,1165.65966796875,97396.0,1179.9560375976562,1360.461770629882,1138.5374541634724,1155.2183779052189,1242.738002934297,1083.72271483914,1163.2303588867185,50.66724270741346,30.836436625429368,27.762164648770835,-18.863851932371517,-18.714826697296964,-0.14902523507455356,17.918400594672317,38.06742259660183,60.58066078158394,34.0320996943902,-35.07691166821597,11345068.0,11805306.0,-1.0
2026-03-27,1152.4905717807676,1176.2348005218705,1146.3051618317463,1161.6690673828125,218514.0,1178.0604931640623,1359.2322143554677,1143.1637768073404,1155.8048042213638,1237.6387777208818,1084.2227579236494,1160.9307678222656,49.75703732221469,30.836436625429368,27.762164648770835,-15.949144989232536,-18.16169035568408,2.2125453664515433,16.849720842274415,37.486152317567715,89.10150275673891,60.82453080500024,-38.15382098655677,11126554.0,11753078.9,-1.0
2026-03-30,1138.323927450498,1171.246530084912,1131.7394312804174,1160.3720703125,216584.0,1176.192883300781,1358.0165838623038,1146.6054355083722,1156.2200102296488,1232.5589430354362,1084.8430711247197,1158.701007080078,49.44613078084352,38.482392949650254,27.762164648770835,-13.587250199057735,-17.24680232435881,3.659552125301076,15.943272320425576,37.63050563806248,96.17764630400649,81.9532699474431,-39.153856516438715,10909970.0,11692856.45,-1.0
2026-04-01,1181.1232713566155,1181.1232713566155,1162.4670578023065,1172.443603515625,193022.0,1174.6006249999996,1356.8239733886708,1151.773069109823,1157.6948823465557,1230.950506142935,1085.0049015719087,1157.9777038574218,52.42571546670213,38.482392949650254,26.847817673227752,-10.618951060078189,-15.921232071502688,5.302281011424499,14.864844284297561,36.42484102420913,96.17764630400649,93.81893178825062,-29.846231711730375,11102992.0,11644939.55,-1.0
2026-04-02,1172.443629414115,1172.443629414115,1117.8719718704124,1146.803955078125,165937.0,1172.268107910156,1355.6326025390615,1150.7792463034834,1156.7047980494256,1226.0887973786428,1084.778573226826,1155.4336853027344,46.197620123721826,38.482392949650254,26.847817673227752,-10.217674959765645,-14.78052064915528,4.5628456893896345,15.106898291776169,37.72104220417296,87.60584349081077,93.32037869960791,-44.957977178604324,10937055.0,11584506.2,-1.0
2026-04-06,1159.2746323204492,1172.443624180538,1147.3027772534567,1167.1561279296875,86302.0,1170.4902880859372,1354.2089440917957,1154.0546226287242,1157.6549189476311,1219.0013536766744,1087.3965222998884,1153.1989379882814,51.15771785985997,37.16643813656618,26.847817673227752,-8.163308956150786,-13.457078310554381,5.2937693544035955,15.33166272729202,36.85808698261869,87.71831132442412,90.50060037308046,-14.01399683449368,11023357.0,11519454.6,-1.0
2026-04-07,1167.156111818938,1318.8993483416918,1152.39077539319,1224.4215087890625,3145136.0,1170.8334814453124,1353.2538201904285,1168.127999860792,1163.724608933216,1223.105668088681,1084.9682698996005,1154.0369689941408,61.822697699449996,37.16643813656618,26.847817673227752,-1.8925552499370042,-11.144173698430906,9.251618448493902,16.472365085501295,46.118835980181764,87.71831132442412,87.680822046553,-39.78990296437333,14168493.0,11620518.35,1.0
2026-04-08,1238.0893944415416,1278.5941480173149,1208.4591006773755,1268.1187744140625,300699.0,1172.1543749999998,1352.3738061523427,1188.1261547714462,1173.2149876132928,1241.7289274328737,1073.498196590564,1157.6135620117188,67.63089741687179,37.16643813656618,26.847817673227752,6.527817763477742,-7.6097754060491765,14.13759316952692,17.53158870383848,47.83427964873587,97.92249749931669,91.11970671605498,-21.38654015188396,14469192.0,11745237.25,1.0
2026-04-09,1261.933297122233,1261.933297122233,1223.0247686710893,1251.058837890625,229803.0,1173.7306689453126,1351.5727783203115,1200.712691395282,1180.2917012748685,1254.7417958700119,1067.5986094034258,1161.1702026367188,63.56494921655275,37.16643813656618,26.847817673227752,11.689678404443384,-3.749884643950665,15.43956304839405,18.515153492294438,47.63854579832425,96.187586983236,93.94279860232561,-28.571433689461212,14239389.0,11863135.6,1.0
2026-04-10,1243.077647544694,1258.740776251998,1223.4239003862028,1246.7689208984375,135550.0,1175.009660644531,1350.543699340819,1209.9239372959132,1186.335084877011,1265.3527366685692,1063.6220680189315,1164.4874023437503,62.54664654675659,37.16643813656618,26.847817673227752,15.258439905487421,0.0517802659369524,15.20665963955047,19.428463653003543,46.75842651742933,91.4203683068643,95.17681759647233,-30.378157696409637,14103839.0,11968005.1,1.0
2026-04-13,1224.1222653064856,1285.8771129904865,1224.1222653064856,1272.807861328125,125703.0,1176.7515673828125,1349.737910156249,1222.5007221023557,1194.1962463725667,1279.015325000089,1057.1326242186615,1168.0739746093752,66.09688766220391,49.63858328012173,26.847817673227752,19.95777319664535,4.032978852078632,15.924794344566717,20.740556147643677,47.82959945789873,89.89903385943748,92.50232971651259,-19.41170336279624,14229542.0,12073676.45,1.0
2026-04-15,1273.9051952648892,1284.9791370738635,1256.246635605813,1262.0330810546875,169784.0,1178.2839648437503,1348.818507080077,1230.407193892822,1200.3632313436688,1291.2627750825864,1053.9638362455394,1172.6133056640629,63.41802972448514,49.63858328012173,26.847817673227752,22.55262138646185,7.736907358955277,14.815714027506575,21.958927749809515,46.46552103005243,89.53338951810665,90.2842638948028,-23.949566035912262,14059758.0,12179031.3,1.0
2026-04-16,1280.29025543869,1280.29025543869,1233.7994515255525,1253.9521484375,104653.0,1179.7265747070314,1347.77157836914,1235.1161848017578,1205.2349510794716,1300.9865236723617,1056.63096900342,1178.8087463378909,61.4078705118723,49.63858328012173,26.847817673227752,23.683979373277907,10.926321761819803,12.757657611458104,22.27162383578056,46.4673269502728,84.73834376799327,88.0569223818458,-29.86234160240614,13955105.0,12285237.65,1.0
2026-04-17,1266.522533921104,1266.522533921104,1238.987290900023,1245.4720458984375,74369.0,1181.9274023437501,1346.8315997314448,1237.1873570210937,1208.8928687902867,1307.1239063674536,1063.503010136453,1185.3134582519533,59.28422907983193,49.63858328012173,26.847817673227752,23.623992643328165,13.465855938121475,10.15813670520669,22.56198448703939,45.115035241044815,73.27882260029455,82.51685196213148,-36.526021347020276,13880736.0,12392020.5,1.0
2026-04-20,1276.9978833373775,1276.9978833373775,1231.6045992031193,1243.1773681640625,161860.0,1183.8508813476562,1345.7193463134759,1238.3853592496876,1212.00964146063,1312.1667263044867,1070.2923679337944,1191.2295471191405,58.69273988222732,49.50130522832456,26.847817673227752,23.124723988422147,15.39762954818161,7.727094440240537,23.058257474426945,45.134910161988635,63.55613205067816,73.85776613965533,-37.66749659017097,13718876.0,12487273.65,1.0
2026-04-21,1254.5506942856896,1276.8981823021338,1242.7783209656664,1273.206787109375,87933.0,1187.0772949218751,1344.5730407714839,1245.3496448216251,1217.5730183377887,1320.3462924248445,1077.3070767157803,1198.8266845703124,63.78495334135541,49.50130522832456,26.847817673227752,24.865538673367837,17.291211373218857,7.57432730014898,23.51908239128682,44.348120960165694,67.13713033213378,67.99069499436882,-22.729521736978388,13806809.0,12602994.25,1.0
2026-04-22,1274.004978294733,1317.901782558608,1262.831295013898,1290.765625,296822.0,1190.4932666015625,1343.4786145019527,1254.4328408573,1224.226891670717,1327.3097225837862,1089.2990908927761,1208.3044067382812,66.39371409644518,49.50130522832456,26.847817673227752,27.346761877367953,19.302321474048675,8.044440403319278,24.770545902685523,45.11400428763314,78.19390110245585,69.62905449508926,-13.994971150464808,14103631.0,12745218.8,1.0
2026-04-23,1285.477919762067,1299.9439110981557,1259.239555728525,1265.0260009765625,85062.0,1193.2807104492185,1342.0120617675777,1256.5514728811527,1227.9359016076119,1328.3405585891066,1103.6021904343304,1215.9713745117185,59.61437564291387,49.50130522832456,26.847817673227752,26.92579282020074,20.82701574327909,6.09877707692165,25.77953780268327,44.79902936491869,79.62724195848554,74.98609113102506,-26.79901031928662,14018569.0,12878733.6,1.0
2026-04-24,1267.0213361171482,1267.0213361171482,1222.1268793255956,1239.3863525390625,91483.0,1195.5892846679687,1340.3654327392576,1253.1184488127346,1228.976851692289,1322.1688197804933,1123.3719639109127,1222.770391845703,53.729128575061665,49.50130522832456,26.847817673227752,24.24379903600766,21.510372401824807,2.7334266341828517,25.28153928399633,44.80584560967825,57.47840164026326,71.76651490040155,-46.33717054972135,13927086.0,13018684.65,1.0
2026-04-27,1245.0729937441886,1262.132863772823,1235.4955335337283,1251.4580078125,68008.0,1197.7003222656251,1339.0515216064452,1252.7863606126878,1231.0205931577627,1321.1710417415102,1135.0047395084898,1228.087890625,55.934839036414836,48.8190177561182,26.847817673227752,22.829220292016544,21.774141979863153,1.055078312153391,24.81911208807275,43.50809451177942,31.35795365487371,56.154532417874165,-40.50322414933573,13995094.0,13156055.75,1.0
2026-04-28,1255.0495198132037,1265.524893388751,1224.3217086113264,1238.9873046875,129683.0,1198.4006762695315,1337.334558105469,1250.0265494276503,1231.7448396604661,1320.1420710723319,1143.3664738495427,1231.7542724609373,53.11781947971525,48.8190177561182,26.847817673227752,20.465956123168326,21.51250480852419,-1.0465486853558659,23.981741511445914,43.34345810218265,10.49202737322193,33.10946088945296,-72.10576030725035,13865411.0,13282072.9,1.0
2026-04-29,1252.0564899173703,1268.4180492818566,1243.0775987546162,1261.23486328125,116385.0,1199.2826000976563,1335.6624884033204,1252.2682121983703,1234.4257508987191,1319.5391420346327,1153.9259824770857,1236.7325622558592,57.25382257759862,48.8190177561182,26.847817673227752,20.15589962658464,21.24118377213628,-1.0852841455516398,23.286293866789634,42.34969285162365,15.67354472638155,19.17450858482573,-59.166772676858834,13981796.0,13424835.0,1.0
2026-04-30,1255.049497594368,1260.137511741327,1246.8687785176112,1249.3629150390625,56502.0,1200.0128857421876,1334.0622509765624,1251.687152766509,1235.7836749114776,1315.878751945972,1166.4854570384032,1241.1821044921876,54.49118676248297,48.8190177561182,34.62364835552126,18.73623100593477,20.74019321889598,-2.003962212961209,22.640521053894517,40.35086370248188,13.833017258483714,13.332863119362397,-71.56245029326325,13925294.0,13575601.2,1.0
2026-05-04,1247.0683080591198,1278.8935156375912,1247.0683080591198,1257.7431640625,80813.0,1201.5013867187502,1332.6655346679688,1252.8983550257071,1237.7799921070252,1313.0193204268694,1177.8748446121936,1245.4470825195315,56.10142160295311,50.03484953761587,34.62364835552126,18.07894661264072,20.207943897644927,-2.128997285004207,22.59496112479841,39.741888265052566,21.32429426685949,16.943618750574917,-62.812507729448754,14006107.0,13720756.95,1.0
2026-05-05,1246.9684800713278,1262.0330398262872,1233.5998843835605,1254.8499755859375,172065.0,1203.0238085937501,1331.3286773681639,1253.2886791377532,1239.3318087869263,1299.9738988617667,1201.7248682280776,1250.8493835449221,55.37297776511076,50.03484953761587,34.62364835552126,17.127156664064614,19.591786450928865,-2.4646297868642506,21.982903372488906,38.93412163488643,16.601838350109272,17.253049958484155,-65.83332882025542,13834042.0,13865606.3,1.0
2026-05-06,1276.8982233393983,1291.9627843444491,1258.9404394643404,1280.3900146484375,606921.0,1204.268884277344,1330.0731292724608,1258.70894623989,1243.0643729561546,1287.9327523303311,1225.089403431388,1256.5110778808596,60.2764103448909,50.03484953761587,34.62364835552126,18.22365304935056,19.318159770613203,-1.0945067212626434,22.24541203296646,38.80402785800252,31.127472339192877,23.017868318720545,-39.166594424958525,14440963.0,14036486.6,1.0
2026-05-07,1295.9532892575287,1314.908726128886,1283.3828660049037,1289.169189453125,233911.0,1205.9150122070312,1328.9008850097657,1264.8009948825372,1247.2557199104247,1290.5858159514912,1228.9111078766339,1259.7484619140625,61.828986160509665,50.03484953761587,34.62364835552126,19.57538748891602,19.369605314273766,0.20578217464225546,23.022735275763186,38.49793383103437,45.50833510565591,31.07921526498602,-30.000127523573617,14674874.0,14061805.65,1.0
2026-05-08,1286.0765244436243,1331.8688950807302,1273.6058419054154,1301.4404296875,802279.0,1207.9721752929686,1327.7690454101562,1272.1288818435298,1252.1816026174315,1297.3373210008322,1225.4917683546369,1261.4145446777345,63.949933314274716,50.03484953761587,34.62364835552126,21.390259703979382,19.77373619221489,1.6165235117644912,24.09828075494491,39.909728069911544,67.04349537614974,47.893100940332836,-27.727270347507293,15477153.0,14112203.7,1.0
2026-05-11,1307.8254268257808,1316.804318138788,1282.085889681558,1291.4638671875,360361.0,1209.917600097656,1326.6112670898435,1275.9958789123239,1255.7527175783468,1301.392419687839,1225.4771725973171,1263.434796142578,60.9831673883507,55.92123022477869,34.62364835552126,21.772553351633633,20.17349962409864,1.5990537275349936,25.097001557042223,39.538920954720005,68.81803252000735,60.45662100060433,-36.81819366557403,15116792.0,14156073.85,1.0
2026-05-12,1292.2621163675424,1303.9346270545009,1255.947462764539,1260.2373046875,108942.0,1210.8374389648436,1325.2175439453124,1272.844164067359,1256.1604073155427,1301.290874888605,1226.925555775457,1264.108215332031,52.736435211002494,55.92123022477869,34.62364835552126,19.332943065874133,20.00538831245374,-0.6724452465796062,24.871442093741308,40.14236690723728,46.94589274516855,60.93580688044187,-65.27271246143364,15007850.0,14201274.4,1.0
2026-05-13,1266.9216141812817,1312.9134673667336,1266.9216141812817,1301.3406982421875,211299.0,1212.9385009765622,1324.067248535156,1278.5434709023248,1260.267706490692,1306.1537045522302,1224.9160098032382,1265.5348571777342,60.33920018757222,55.92123022477869,34.62364835552126,20.480152235913465,20.100341097145687,0.37981113876777783,24.893119871719794,41.03763803380844,42.34848359254839,52.70413628590809,-27.81814843519892,15219149.0,14250754.75,1.0
2026-05-14,1301.34066401565,1320.894669509595,1282.0858818265674,1313.1129150390625,133025.0,1215.047541503906,1323.018214111328,1285.4573597296724,1265.0718163587258,1313.8753851685221,1222.302312585384,1268.088848876953,62.213943923049264,55.92123022477869,34.62364835552126,22.08466500836289,20.497205879389128,1.5874591289737623,25.11723289012899,40.878434437324096,50.77295693491722,46.68911109087805,-17.090974603125208,15352174.0,14315375.55,1.0
2026-05-15,1313.2128107440894,1338.553140389414,1302.737437347964,1333.0660400390625,181345.0,1217.6095166015623,1322.172702026367,1294.9790957915504,1271.2531094205744,1325.6850063485663,1218.4040805654963,1272.0445434570313,65.21522707836694,55.92123022477869,34.62364835552126,24.681787094944184,21.33412212250014,3.3476649724440435,25.75385169559114,40.51681076619023,84.10629026825055,59.07591026523872,-4.803494331587355,15533519.0,14394296.25,1.0
2026-05-18,1332.8665728984583,1352.819665307118,1318.201098691698,1348.1307373046875,186587.0,1220.833937988281,1321.3266912841796,1305.609424094178,1278.2419846827663,1339.1167392824684,1215.2382167722187,1277.1774780273436,67.32540825521154,59.07441480164555,34.62364835552126,27.63703766151866,22.59470523030385,5.042332431214813,26.663642370901176,40.09550761256378,94.8395841772192,76.57294379346231,-3.6490292320609297,15720106.0,14486264.75,1.0
2026-05-19,1351.8219457974174,1359.803182377771,1337.355954495526,1347.531982421875,72643.0,1223.830891113281,1320.4098461914061,1313.9939357597175,1284.5410753863216,1349.630063336853,1215.1603541436155,1282.3952087402342,67.15104431038081,59.07441480164555,34.62364835552126,29.58968899611432,23.993701983465947,5.595987012648372,27.659674333484645,38.8349162032553,99.60160790778451,92.84916078441807,-9.723359175969348,15647463.0,14582694.1,1.0
2026-05-20,1346.833776255123,1355.114358556075,1322.091892244386,1338.8525390625,103440.0,1226.370920410156,1319.00365234375,1318.965656420274,1289.478481175065,1357.290538023652,1214.064454652129,1285.6774963378905,64.54161805418795,59.07441480164555,34.62364835552126,30.089962349296457,25.21295405663205,4.8770082926644065,27.83182105690866,38.41974121100058,93.24111862457073,95.89410356985813,-16.600709845341843,15544023.0,14669554.8,1.0
2026-05-21,1356.3114704515965,1361.798570920507,1332.8665866298882,1341.64599609375,64120.0,1229.0506225585934,1317.9481341552737,1323.5017243549694,1294.2209825313091,1364.0845147723041,1212.3585150128517,1288.221514892578,65.01285096871887,59.07441480164555,34.62364835552126,30.36184872993158,26.24273299129196,4.119115738639621,28.16219329451956,37.74204428811617,87.95731676617416,93.60001443284312,-15.719798206317115,15608143.0,14744780.4,1.0
2026-05-22,1354.615503157505,1356.810294626384,1318.8994187471171,1351.822021484375,121726.0,1232.155324707031,1317.0213128662112,1329.1657837808507,1299.4574406179513,1372.6500695540697,1212.472562281868,1292.5613159179688,66.74655218651925,59.07441480164555,34.62364835552126,31.040623860109463,27.202311165055463,3.8383126950540003,27.793991435998393,37.754103687484076,87.03312074809068,89.41051871294519,-7.782099571867929,15729869.0,14830345.4,1.0
2026-05-25,1361.7985595703126,1373.6706739336253,1314.4099650065104,1346.833740234375,199598.0,1235.493479003906,1316.1478662109378,1332.6993750715556,1303.764376946717,1377.4164374004508,1218.450933205018,1297.9336853027344,65.04503139469696,60.86254080343388,34.62364835552126,30.82076286397978,27.92600150484033,2.8947613591394514,27.91884348171967,39.29028977602913,88.1833349977698,87.72459083734488,-22.796637496325424,15530271.0,14910504.65,1.0
2026-05-26,1353.4182225350942,1386.939393147751,1340.648316569516,1362.1976318359375,147680.0,1239.1289331054686,1315.3906469726567,1338.599026424432,1309.076491027555,1384.730309422253,1222.2110235855594,1303.4706665039062,67.77024421817814,60.86254080343388,34.62364835552126,31.522882919398853,28.645377787752036,2.877505131646817,28.372491621405906,39.79034597618668,93.46713685616636,89.56119753400895,-18.888004199520047,15677951.0,14994647.5,1.0
2026-05-27,1357.807902579184,1376.6635987646018,1342.643601462366,1373.8701171875,69295.0,1242.5848071289063,1314.655874023438,1345.6532445770456,1314.966820678459,1391.3296386551763,1229.099975602636,1310.2148071289062,69.70283659980583,60.86254080343388,34.62364835552126,32.64488027953121,29.44527828610787,3.199601993423336,28.79373632254313,39.37817821376162,94.78972496646531,92.14673227346717,-9.977161128946854,15747246.0,15088739.25,1.0
2026-05-29,1373.8701762318728,1390.7305639536808,1357.8079609332565,1377.062744140625,119276.0,1246.7011328125002,1313.926090087891,1351.9351444897616,1320.611904629565,1398.9164029166748,1233.095999427075,1316.0062011718749,70.22867337694589,60.86254080343388,34.62364835552126,33.40659910461886,30.23754244981007,3.1690566548087915,29.542735424707644,38.91706569995181,99.99999999999999,96.08562060754389,-10.140603452858421,15866522.0,15182975.55,1.0
2026-06-01,1391.7281461292898,1391.7281461292898,1348.0308265909823,1366.3876953125,66526.0,1251.4280200195317,1313.2626495361333,1354.8256546543093,1324.7733401461956,1401.4143840868353,1242.3004962842585,1321.857440185547,66.09779563193396,63.193195874116036,43.847608833320415,32.77111452710642,30.744256865269342,2.0268576618370773,29.70130528860718,39.25851240269151,92.12817001875615,95.63929832840715,-18.6627804403644,15799996.0,15276710.65,1.0
2026-06-02,1344.4393160631132,1355.5132577783363,1315.8066777256247,1338.25390625,137432.0,1255.8855419921879,1312.4580413818362,1351.5113049734477,1325.9988461556322,1399.7225109937358,1252.0434435961079,1325.8829772949218,56.641786924188736,63.193195874116036,43.847608833320415,29.655476889857482,30.526500870186972,-0.8710239803294897,28.33547790466579,40.06726277299035,58.79483668542282,83.64100223472632,-42.84570610580391,15662564.0,15359533.5,1.0
2026-06-03,1336.857157176846,1361.698780946859,1307.9251739245112,1351.0238037109375,68546.0,1260.4089062500004,1311.808567504883,1351.4138047209458,1328.2738422970237,1397.217829855788,1264.1655075465558,1330.691668701172,59.47566188639607,63.193195874116036,43.847608833320415,27.895177377331265,30.000236171615832,-2.1050587942845667,26.746329470341003,41.04628736223016,32.41397911382484,61.11232860600126,-37.124682418056956,15731110.0,15454386.9,1.0
2026-06-04,1355.812676172745,1357.807985482786,1333.864273762296,1343.8408203125,102088.0,1264.8604418945317,1311.1296636962895,1349.8992078392569,1329.6890221166123,1396.2105449017715,1271.5178730669784,1333.864208984375,57.210560491769954,63.193195874116036,43.847608833320415,25.62513005365554,29.125214948023775,-3.5000848943682357,25.270691638467987,39.82467481639158,8.347874110378093,33.18556330320858,-53.81160176447399,15629022.0,15513789.85,1.0
2026-06-05,1353.7176149762636,1363.6941614470386,1328.9757310151358,1340.1495361328125,76791.0,1269.6392089843755,1310.5051324462897,1347.949273497968,1330.6399779362669,1395.128368075881,1277.6980845608377,1336.4132263183594,56.02963243954549,63.193195874116036,43.847608833320415,23.260117258052333,27.95219541002949,-4.692078151977157,24.128472709474327,39.45994307464238,8.347874110378093,16.369909111527008,-61.547470978047514,15552231.0,15557657.7,1.0
2026-06-08,1334.3630998026626,1346.7340418697856,1326.880689897227,1340.0496826171875,68928.0,1274.206469726563,1309.703516845704,1346.369355321812,1331.4954056345323,1394.7091617478914,1281.9782161817961,1338.3436889648438,55.99596000686847,57.77459714680277,43.847608833320415,21.134148921127462,26.588586112249086,-5.454437191121624,22.96744791862671,38.059472281636396,1.3953983486427526,6.030382189799646,-61.66662369184506,15483303.0,15557965.2,1.0
2026-06-09,1358.0074644213514,1358.0074644213514,1314.908832142135,1323.58837890625,112703.0,1278.6101171875007,1308.6514898681648,1341.8131600386996,1330.7765850228702,1392.3842710100414,1287.5155580915214,1339.9499145507814,50.597483808013735,57.77459714680277,43.847608833320415,17.914506777979113,24.853770245395093,-6.93926346741598,21.329615013082805,38.41941228146354,0.0,3.247757486340282,-81.30948751618904,15370600.0,15570655.6,1.0
2026-06-10,1316.9041489429026,1351.7223208740295,1310.419393664017,1337.455810546875,127201.0,1282.4570727539067,1307.615924682618,1340.9416901403347,1331.3837873432342,1380.5559182922007,1307.0657613953,1343.8108398437503,54.57090893036975,57.77459714680277,43.847608833320415,16.294075067038193,23.141831209723716,-6.8477561426855225,20.014174876877295,38.62537763350276,6.746789521514374,2.7140626233857086,-64.76182664475965,15497801.0,15595153.15,1.0
2026-06-11,1323.688195157162,1346.933474673532,1323.688195157162,1336.7574462890625,40681.0,1285.879028320313,1306.5554180908211,1340.1048413700803,1331.8723017928548,1376.6902270413811,1314.4731274508067,1345.581677246094,54.333903919378955,57.77459714680277,43.847608833320415,14.783108628304262,21.470086693439825,-6.686978065135563,18.79269475040075,37.5267991965647,13.091149684110578,6.612646401874983,-65.59516732402099,15457120.0,15607051.7,1.0
2026-06-12,1336.8572179773353,1364.79154790522,1336.8572179773353,1361.798583984375,72355.0,1289.881618652344,1305.5901873779305,1344.4435898929394,1334.5928729011748,1375.8766166387356,1320.155304747983,1348.0159606933594,60.89252903836986,57.77459714680277,43.847608833320415,15.428418173328964,20.26175298941765,-4.833334816088687,18.1035242128245,36.84874936939277,30.571912790198333,16.80328399860776,-35.71420124787434,15529475.0,15615916.75,1.0
2026-06-15,1370.7774552151411,1421.6578411074065,1370.7774552151411,1415.2728271484375,332699.0,1294.9796337890627,1304.8449395751961,1358.609437344039,1341.9274141963806,1392.2553415775092,1311.9972585201472,1352.1263000488282,70.60227585826907,59.943932411041295,43.847608833320415,20.023931736810937,20.21418873889631,-0.19025700208537444,19.323698348159525,38.49235706608125,57.15845660201729,33.607173025442066,-5.614054534306467,15862174.0,15632349.5,1.0
2026-06-16,1426.6460865167685,1426.6460865167685,1404.6976851857412,1419.3631591796875,101004.0,1299.9180249023443,1304.0597851562507,1370.7601817111686,1348.9670273766812,1405.741035424744,1305.634806860412,1355.687921142578,71.19148256708328,59.943932411041295,43.847608833320415,23.72250666525929,20.915852324168906,2.8066543410903826,20.578765624901123,37.310645942148824,84.1474297727544,57.29259972165667,-6.134494065164365,15963178.0,15644503.1,1.0
2026-06-17,1426.3467238470523,1445.6015062183606,1413.576818118565,1441.112060546875,86400.0,1305.8041870117193,1303.3509515380865,1384.8305574783099,1357.3438485739716,1423.0996838709877,1297.6341662266684,1360.366925048828,74.15736670792022,59.943932411041295,43.847608833320415,28.08486369358843,22.349654598052815,5.735209095535616,22.183125023494842,36.93307752483788,99.99999999999999,80.43529545825723,-3.260869603864458,16049578.0,15664608.85,1.0
2026-06-18,1441.6109699117726,1448.7940346814642,1412.9783301572347,1446.5992431640625,83135.0,1311.3930493164069,1302.7154455566413,1397.1842946154607,1365.4579753548887,1438.4263017333565,1293.0822187744561,1365.7542602539063,74.8605772107305,59.943932411041295,43.847608833320415,31.620333326914306,24.203790343825116,7.41654298308919,23.743501596479444,36.85326516765156,99.99999999999999,94.71580992425146,-1.5580388068789919,16132713.0,15694043.35,1.0
2026-06-19,1439.416134506091,1491.4936569585304,1424.6507974159074,1467.3504638671875,216444.0,1316.2516284179692,1302.443584594727,1411.217528465806,1374.7209288560066,1456.689004034992,1287.3899632501646,1372.0394836425783,77.36863870300664,59.943932411041295,43.847608833320415,35.6853105221976,26.50009437949961,9.185216142697985,25.991991898990467,38.99537905157809,99.99999999999999,99.99999999999999,-13.152145015475602,16349157.0,15731094.05,1.0
2026-06-22,1471.5405495661307,1483.3129226762635,1435.6249836106183,1443.40673828125,126237.0,1319.7573876953127,1302.1392999267584,1417.655370428895,1380.9650933492105,1466.41553390097,1286.8219050638738,1376.618719482422,68.83516251628738,68.4536299377556,43.847608833320415,36.55341072221995,28.510757648043683,8.042653074176268,28.079875751322128,39.61627619544003,89.37478762721675,96.45826254240558,-26.195628945938875,16222920.0,15755746.6,1.0
2026-06-23,1455.5780506098265,1484.2106887039697,1434.2282179712904,1437.3209228515625,103561.0,1323.4826293945314,1301.862450561524,1421.5884809134284,1386.088350576697,1473.697117932371,1288.589039294192,1381.1430786132814,66.81788574031877,68.4536299377556,43.847608833320415,36.33150496747953,30.074907111930855,6.2565978555486765,29.9351361279154,40.356718662385695,76.23782111223436,88.5375362464837,-29.917412403803144,16119359.0,15785201.0,1.0
2026-06-24,1433.62967291778,1459.5686927478862,1421.6578176115777,1430.7364501953125,69622.0,1327.161979980469,1301.5232476806643,1423.4180747698051,1390.1472687238438,1479.2221610456597,1289.9178780168406,1384.5700195312502,64.61164524681251,68.4536299377556,43.847608833320415,35.218355859791245,31.103596861502933,4.114758998288313,30.909425546400673,40.18201555338019,60.35381771849196,75.32214215264769,-33.55375063125212,16049737.0,15803790.3,1.0
2026-06-25,1444.603834905455,1450.589762398157,1426.6460524273484,1431.135498046875,65526.0,1330.328532714844,1301.1930242919925,1424.961559425219,1393.873471389574,1484.164356005066,1290.7022211433718,1387.433288574219,64.6877434241818,68.4536299377556,43.847608833320415,33.976714582840714,31.67822040577049,2.298494177070225,31.81412286356557,39.02213658319651,55.189778153802024,63.92713899484277,-33.33337262484629,16115263.0,15822191.15,1.0
2026-06-29,1431.1355981870886,1450.5898638996352,1386.7399661764052,1402.20361328125,137325.0,1333.1319433593749,1300.6907055664065,1420.4099701964253,1394.63075701609,1485.5073415361837,1291.8733225263165,1388.6903320312501,55.38809107435046,63.471326459634376,43.847608833320415,30.30876306452069,31.404328937520532,-1.0955658729998419,30.60032769386763,40.7955480931989,40.958298151288744,52.16729800786091,-49.31128369803282,15977938.0,15827761.95,1.0
2026-06-30,1409.6859198596546,1426.6460476994382,1393.723446598682,1410.883056640625,139360.0,1336.2705615234374,1300.2133270263673,1418.5045874852653,1396.1082388001387,1487.6190986837,1294.2111015116125,1390.9151000976562,57.36815264266501,63.471326459634376,46.01982491625113,27.781990113712936,30.679861172759015,-2.8978710590460786,29.473232179148113,40.23319473659586,27.89979906169845,41.34929178892974,-44.51797779057867,16117298.0,15843627.05,1.0
2026-07-01,1410.6836512299467,1432.432570945541,1399.70945026564,1418.9642333984375,68028.0,1339.7404052734373,1299.7284674072268,1418.5965166678998,1398.186056490893,1489.1041814691262,1300.79705144103,1394.950616455078,59.184586163763086,63.471326459634376,46.01982491625113,26.13037309744982,29.769963557697178,-3.6395904602473585,28.62488212298963,39.69676087540338,17.375091219080204,28.74439614402246,-43.22232588945533,16185326.0,15869765.15,1.0
2026-07-02,1424.5510970857222,1424.5510970857222,1396.7165080331165,1417.4677734375,111291.0,1343.2262133789059,1299.2815185546879,1418.37076802182,1399.9389398496755,1490.5709166475174,1305.9747132352952,1398.2728149414063,58.685937589329455,63.471326459634376,46.01982491625113,24.419213408651103,28.699813527887965,-4.280600119236862,27.687400324709788,38.849462888060685,16.411363565567164,20.562084615448605,-47.87091839979093,16074035.0,15886911.4,1.0
2026-07-03,1431.6344074673125,1446.898572162973,1414.4747963840969,1436.6226806640625,74400.0,1346.4945312499997,1299.0745056152348,1422.0211505502684,1403.2738253782563,1492.9907149521941,1312.833100965775,1402.9119079589846,62.98490781040411,63.471326459634376,46.01982491625113,24.32830638383507,27.825512099077386,-3.497205715242316,27.57355240786218,38.390485237404654,23.541047527717417,19.10916743745493,-45.454525160681506,16148435.0,15912882.05,1.0
2026-07-06,1446.5991952131772,1455.3786045597994,1432.6320305697398,1438.2188720703125,56342.0,1349.4435961914057,1298.8640002441412,1425.2606948542773,1406.450647804807,1494.106188006256,1321.524561505463,1407.8153747558595,63.32735872042738,63.90005876323319,46.01982491625113,24.107168782738654,27.081843435809642,-2.9746746530709878,27.725106435585072,37.27306300545144,28.561512987595208,22.837974693626595,-50.85719127455178,16204777.0,15945509.35,1.0
2026-07-07,1450.5898658977785,1450.5898658977785,1412.3796439627931,1418.6649169921875,111441.0,1352.5163745117184,1298.530783691407,1423.9415392818594,1407.5610359127506,1491.9898467395305,1331.5024262096886,1411.7461364746096,56.43875442666097,63.90005876323319,46.01982491625113,22.09932759293838,26.08534026723539,-3.9860126742970117,26.834001813803354,37.340002928989584,25.15367680954534,25.752079108285987,-69.52379378958375,16093336.0,15976011.0,1.0
2026-07-08,1404.7974735642658,1436.62268092205,1402.2035958582926,1427.7435302734375,113530.0,1356.283518066406,1298.262414550782,1424.701937480175,1409.3958081273584,1485.8202230506,1348.0875650353378,1416.9538940429688,58.68578487391277,63.90005876323319,46.01982491625113,20.998608317463095,25.067993877280934,-4.069385559817839,25.53860119016425,37.13136593861586,18.63408956795095,24.1164264550305,-60.857165231233104,16206866.0,16017824.3,1.0
2026-07-09,1436.522862150858,1508.154388325966,1423.353748550638,1478.0252685546875,202371.0,1360.8148632812497,1298.356193847657,1435.3666036950776,1415.6348499843882,1487.1429682807147,1360.8217656060042,1423.9823669433595,68.40622001583777,63.90005876323319,46.01982491625113,23.907999878287683,24.835995077482288,-0.9279951991946049,26.297763827864216,40.53631406980958,26.33614410152265,23.374636826339646,-24.815107824805892,16409237.0,16063396.1,1.0
2026-07-10,1486.4056816150176,1489.0993004459433,1453.582819400778,1466.951416015625,67378.0,1365.3741455078123,1298.4250323486335,1441.6835661591872,1420.2999923508642,1481.460830526353,1379.523300333022,1430.4920654296875,64.790690234687,63.90005876323319,46.01982491625113,25.031597623643165,24.875115586714465,0.15648203692870055,27.00270056287133,40.17775456804928,48.05049620208206,31.00690995718522,-33.93581386862456,16341859.0,16107633.05,1.0
2026-07-13,1459.169633476842,1493.488977011463,1445.9009000046626,1479.9208984375,76582.0,1369.7478662109372,1298.5741821289073,1449.3310326148498,1425.7200747223765,1480.8039475023497,1391.9924148023379,1436.3981811523438,66.9911590467991,66.25738968289481,46.01982491625113,26.661251462078326,25.232342761787237,1.428908700291089,27.305995932271227,40.70706331367436,72.75959333272247,49.04874454544239,-23.253818935684112,16418441.0,16152081.35,1.0
2026-07-14,1479.621486043111,1489.4982907606154,1451.6871577502125,1480.619140625,101392.0,1374.3729907226561,1298.7093640136727,1455.58865421688,1430.7108988953423,1487.0432576428623,1392.2877360094815,1439.6654968261719,67.11033408284251,66.25738968289481,46.01982491625113,27.68991408592842,25.723857026615477,1.966057059312945,27.587627346713987,40.50021114915498,83.03287595863394,67.94765516447949,-22.678728946259387,16519833.0,16184964.3,1.0
2026-07-15,1493.4889381906848,1504.4631388053124,1462.960731746795,1498.078125,71630.0,1379.1796899414062,1298.972245483399,1464.0865483735042,1436.8351921775838,1496.619903142004,1390.5825870923716,1443.6012451171878,70.02452906600396,66.25738968289481,46.01982491625113,29.57303125890553,26.493691873073487,3.079339385832043,28.219633407193438,40.57179657125229,93.0585342071331,82.9503344994965,-8.299066245650666,16591463.0,16216378.55,1.0
2026-07-16,1498.0781859293647,1499.6744089996116,1474.1344745236188,1487.3035888671875,68218.0,1383.828762207031,1299.3309027099617,1468.7299564722412,1441.423228240275,1502.384684913231,1389.436958153176,1445.9108215332035,66.13027940517314,66.25738968289481,46.01982491625113,29.851886204245602,27.16533073930791,2.6865554649376904,28.806496177638643,39.49809213587662,87.81299632745306,87.96813549774004,-17.17324769959706,16523245.0,16240061.9,1.0
2026-07-17,1480.918569194346,1501.4702303829847,1466.5523180484968,1489.8974609375,55868.0,1388.0189111328125,1299.7494189453132,1472.963457365293,1445.8299766672956,1507.8820437464337,1388.2694210973168,1448.0757324218753,66.61167584005122,66.25738968289481,46.01982491625113,29.93708843535751,27.719682278517833,2.217406156839676,28.937748145566374,39.17093643577743,82.7575585170891,87.87636301722509,-15.954537394244795,16579113.0,16262381.9,1.0
2026-07-20,1489.8974445612014,1495.4842861165089,1471.5405750646098,1488.800048828125,49692.0,1392.0115283203127,1300.140998535157,1476.1307756578594,1449.7363468637345,1511.139257020555,1387.1571663192892,1449.1482116699221,66.1830837680612,67.96197228606476,46.01982491625113,29.575136072827263,28.09077303737972,1.4843630354475437,29.05962497292784,38.08327747978611,73.33239285687874,81.3009825671403,-17.36782810923845,16529421.0,16271395.1,1.0
2026-07-21,1489.199951171875,1500.199951171875,1475.0,1483.699951171875,58877.0,1395.6567187500002,1300.6153234863286,1477.6446107606625,1452.8239472553837,1514.960920672807,1387.3648239560996,1451.1628723144534,64.11832476917861,67.96197228606476,46.01982491625113,28.54767117720894,28.182152665345562,0.36551851186337814,29.319978158313486,37.16303988636389,67.71009095889309,74.60001411095364,-21.944456489863928,16470544.0,16283776.3,1.0
2026-07-22,1473.0999755859375,1496.800048828125,1452.0999755859375,1489.9000244140625,77418.0,1399.6254418945316,1301.1555664062503,1480.0956934913424,1456.1944997243545,1519.493139435697,1388.0905153494598,1453.7918273925784,65.52635688620485,67.96197228606476,46.01982491625113,27.911940464323834,28.12811022514122,-0.2161697608173867,28.287023998864388,37.70139941177987,65.04721015732439,68.69656465769873,-17.229096155626287,16547962.0,16305206.45,1.0
2026-07-23,1496.0,1496.0,1450.0,1466.0999755859375,58843.0,1403.7426953125005,1301.693035888672,1477.2965499102615,1457.094997529953,1520.548354954724,1390.571652369495,1455.5600036621095,56.3803172905022,67.96197228606476,46.01982491625113,25.197196660653844,27.541927512243745,-2.344730851589901,27.220324021012658,38.29415659665273,41.139042484201404,57.96544786680629,-39.692400368651995,16489119.0,16327175.55,1.0
2026-07-24,1463.9000244140625,1475.300048828125,1428.0,1457.800048828125,56582.0,1406.8718823242193,1302.2952563476563,1473.3972496938343,1457.1590931025141,1520.8578085399442,1392.9286538623994,1456.8932312011718,53.572062450207625,67.96197228606476,46.01982491625113,22.12101067241838,26.457744144278674,-4.3367334718602955,25.36523501081104,38.93743461318647,22.29685756067018,42.82770340073199,-47.52615655348175,16432537.0,16343039.25,1.0
2026-07-27,1468.199951171875,1487.0,1464.4000244140625,1483.5,44019.0,1410.279624023438,1302.9486578369142,1475.4177997550676,1459.5537210022853,1520.4665279431288,1401.4495731310903,1460.9580505371096,60.18505250304453,63.15579852450969,46.01982491625113,21.5089407104756,25.46798345751806,-3.95904274704246,23.961127069633697,38.24190008166422,13.398173472030516,25.611357838967365,-23.269659199093105,16476556.0,16367970.15,1.0
2026-07-28,1489.5,1489.5,1464.300048828125,1469.5,22597.0,1413.0083032226569,1303.5939141845704,1474.2342398040541,1460.4579281838955,1518.5931595992256,1409.1846358109306,1463.888897705078,55.54380699562538,63.15579852450969,46.01982491625113,19.66747346723855,24.30788145946216,-4.640407992223608,22.762144672182757,37.31033230239356,17.3930041387883,17.696011723829663,-45.58266120205877,16453959.0,16384803.2,1.0
2026-07-29,1480.0,1500.0,1469.5999755859375,1496.699951171875,58187.0,1415.9796875000006,1304.322294921875,1478.7273820776186,1463.7526575464392,1520.0318138414777,1415.5195533460223,1467.77568359375,61.720266224330985,63.15579852450969,46.01982491625113,20.170394399014413,23.480384047372613,-3.3099896483582008,22.08488654696035,36.823879995079736,33.90157995379731,21.564252521538705,-10.152849797604734,16512146.0,16401144.2,1.0
2026-07-30,1476.199951171875,1535.0,1476.199951171875,1520.5999755859375,134389.0,1419.4410473632818,1305.2963787841795,1487.1019007792825,1468.92059555003,1524.6370168884716,1421.2275705138725,1472.932293701172,66.1681004821917,63.15579852450969,46.01982491625113,22.241113379743865,23.232529913846864,-0.9914165341029992,22.63913230320301,38.393606340297254,46.02346643413563,32.43935017557374,-13.457966742114492,16646535.0,16429769.2,1.0
2026-07-31,1530.0,1542.0,1457.0,1525.4000244140625,179706.0,1423.171997070313,1306.2894744873045,1494.7615255062385,1474.0550890831237,1531.1522989019154,1423.590022875428,1477.3711608886717,66.99749020468258,63.15579852450969,52.69306148192393,23.992921452020482,23.38460822148159,0.6083132305388936,22.213367559638236,41.72263445884745,69.2290713575544,49.71803924849578,-14.561382092927634,16826241.0,16463659.5,1.0
2026-08-03,1550.0,1574.800048828125,1530.5999755859375,1545.5999755859375,161412.0,1427.2510766601567,1307.4608880615233,1504.9292155221783,1480.5591696742886,1541.2923713021707,1424.188060826735,1482.7402160644529,70.29749583204514,68.2486083937889,52.69306148192393,26.70338916393075,24.04836440997142,2.6550247539593315,22.753703315711405,42.27101945564853,86.05382887587872,67.10212222252292,-19.891051450790208,16987653.0,16502803.3,1.0
2026-08-04,1540.0999755859375,1586.0,1535.0,1579.0,159672.0,1431.794636230469,1308.7713677978513,1519.7433724177426,1489.508336067535,1555.9039632045842,1425.6099772251032,1490.7569702148437,74.78678067010108,68.2486083937889,52.69306148192393,31.187052262829184,25.476101980542975,5.710950282286209,23.529578338427264,42.89451806595935,93.86710225684321,83.0500008300921,-4.430379746835444,17147325.0,16555502.75,1.0
2026-08-05,1575.0,1610.0,1561.5,1598.5999755859375,259225.0,1436.8299609375001,1310.0476580810544,1535.5146930513815,1499.4257578419354,1573.7937975421326,1424.805787418805,1499.2997924804688,76.98508077477888,68.2486083937889,52.69306148192393,35.908016535057186,27.56248489144582,8.345531643611366,24.78109954889676,43.29490963267654,99.99999999999999,93.30697704424064,-6.263749678056318,17406550.0,16615486.95,1.0
2026-08-06,1598.5999755859375,1606.0,1561.0,1573.199951171875,100916.0,1441.050007324219,1311.2747650146482,1543.0517446754804,1506.1325026901118,1584.7335234930806,1423.3835297295755,1504.058526611328,68.63368127107678,68.2486083937889,52.69306148192393,37.17135677758915,29.484259268674485,7.687097508914668,25.91797333074482,43.416701801771076,88.11003435791167,93.99237887158495,-20.219807048420336,17305634.0,16660306.8,1.0
2026-08-07,1573.199951171875,1573.199951171875,1531.5999755859375,1556.699951171875,79910.0,1444.7066040039065,1312.4248590087886,1545.7813859747594,1510.729543461181,1590.5043558782356,1426.5875508600454,1508.5459533691405,63.79244341884941,68.2486083937889,52.69306148192393,36.42130874222153,30.871669163383896,5.549639578837631,25.597040092963972,43.28693564349725,69.3275530718712,85.81252914326095,-29.28574111435439,17225724.0,16704500.05,1.0
2026-08-10,1550.0,1553.800048828125,1532.0999755859375,1538.5999755859375,79401.0,1447.9373486328127,1313.5208679199216,1544.3451038969952,1513.263219108886,1593.324808750015,1429.6350057031104,1511.4799072265628,58.885550356596276,70.29592854417376,52.69306148192393,33.97473392426923,31.492282115560965,2.482451808708266,25.299030657881758,41.95215278224298,43.559082204835526,66.99888987820613,-39.23078264508929,17146323.0,16740894.15,1.0
2026-08-11,1547.0,1547.0,1496.0,1504.0999755859375,68590.0,1450.6915942382814,1314.4718121337887,1536.2960782347839,1512.430196970436,1593.29976531904,1432.0081326301793,1512.6539489746096,50.85577456706771,70.29592854417376,52.69306148192393,28.918588594827952,30.977543411414363,-2.058954816586411,23.606620302504513,42.598427583511345,22.115714513590515,45.0007832634324,-58.186826601133234,17077733.0,16768789.15,1.0
2026-08-12,1514.0,1516.4000244140625,1472.199951171875,1482.0,66397.0,1453.5665161132815,1315.1536291503905,1525.4368625878274,1509.663815427669,1593.4228531894184,1430.2772322598,1511.8500427246092,46.483100091713446,70.29592854417376,52.69306148192393,22.864703590890485,29.35497544730959,-6.490271856419106,22.55949046573251,42.71283084484536,7.564862466297659,24.41321972824123,-70.32967032967032,17011336.0,16789782.8,1.0
2026-08-13,1470.0999755859375,1482.0,1447.5,1453.0,66907.0,1455.6060400390627,1315.7308514404297,1510.949490070262,1504.5125594796991,1595.2466145944647,1425.0231119680354,1510.13486328125,41.447036090525025,70.29592854417376,52.69306148192393,15.547674558279823,26.59351526950364,-11.045840711223818,22.26355039985254,42.12620007021355,0.0,9.893525659962723,-96.61538461538461,16944429.0,16810842.0,1.0
2026-08-14,1453.0,1468.0,1414.5,1461.800048828125,230835.0,1457.9652246093751,1316.2558001708983,1501.1196018218347,1500.6296039659196,1596.1446453212347,1421.3153400303281,1508.7299926757814,43.44923138094109,70.29592854417376,52.69306148192393,10.339776224908064,23.342767460584525,-13.002991235676461,22.747240071053124,42.93861435091258,1.8779829787157631,3.147615148337807,-75.80560162244245,17175264.0,16840649.55,1.0
2026-08-17,1423.800048828125,1485.199951171875,1423.800048828125,1478.5,112226.0,1460.7322338867189,1316.8612561035154,1496.595681457468,1498.6178217871998,1596.2432421065755,1420.1867383621748,1508.2149902343751,47.143041160289904,58.06999774462274,52.69306148192393,7.473871627288872,20.1689882939254,-12.695116666636526,22.56885713208677,44.257277778972394,7.2206189437989865,3.032867307504916,-67.26342710997442,17287490.0,16878553.0,1.0
2026-08-18,1475.0,1477.0999755859375,1453.0,1458.699951171875,52308.0,1463.1052392578124,1317.3457629394532,1489.0165354003493,1494.9889244585338,1597.142737880004,1416.7872425887463,1506.9649902343751,43.51393157495307,58.06999774462274,52.69306148192393,3.5638413764570487,16.84795891043173,-13.28411753397468,22.40321583161801,42.91747222333151,9.159288242004019,6.085963388172923,-77.3913293238491,17235182.0,16916784.9,1.0
2026-08-19,1458.0,1475.0,1443.0,1461.800048828125,42464.0,1465.86947265625,1317.8712103271487,1483.5732380859044,1491.9717539466783,1597.711243269369,1413.4087396407874,1505.5599914550783,44.237728511727035,58.06999774462274,52.69306148192393,0.7071150228684928,13.619790132919082,-12.91267511005059,22.499441473185215,42.137652778807826,9.898868540424608,8.759591908742536,-75.80560162244245,17277646.0,16953269.1,1.0
2026-08-20,1475.0,1481.300048828125,1444.0,1453.5,90078.0,1468.1903564453125,1318.2718536376951,1477.5585904687237,1488.4743217697073,1598.3802492332738,1411.4797361182887,1504.9299926757812,42.66156198085626,58.06999774462274,52.69306148192393,-2.201231343273321,10.455585837680601,-12.656817180953922,22.333170345446746,41.792109639473345,5.695411635530712,8.251189472653113,-80.05115089514067,17187568.0,16988191.55,1.0
2026-08-21,1458.0,1469.9000244140625,1424.5999755859375,1433.199951171875,86438.0,1470.1192065429689,1318.5111376953123,1468.686862609354,1483.4493789880862,1600.354798055246,1407.0451775306917,1503.6999877929688,39.001474796580595,58.06999774462274,52.69306148192393,-6.074142148126384,7.149640240519204,-13.223782388645589,22.67775553675861,42.04267672437704,3.7567423373256794,6.450340837760332,-90.43480758471867,17101130.0,17021621.2,-1.0
2026-08-24,1433.0999755859375,1471.0,1433.0,1460.0999755859375,102157.0,1472.085234375,1318.9258251953122,1466.9694852046707,1481.3267059515272,1600.767900946624,1404.292072197907,1502.5299865722654,45.655037398170506,54.96727883219892,52.69306148192393,-6.893382088720045,4.341035774671354,-11.2344178633914,22.949452940209376,41.75391410120725,6.978156543798881,5.476770172218424,-76.67520430386828,17203287.0,17057957.75,-1.0
2026-08-25,1465.0,1470.0,1439.0999755859375,1445.199951171875,31536.0,1472.683776855469,1319.3208837890622,1462.6155783981117,1478.0424555170134,1601.847247059477,1400.7827212022412,1501.314984130859,42.86592448609407,54.96727883219892,52.69306148192393,-8.645285618355501,1.7437714960659834,-10.389057114421485,23.201743386270802,40.9786362664112,10.186105321062954,6.973668067395837,-83.9686939050261,17171751.0,17093847.35,-1.0
2026-08-26,1423.0,1466.300048828125,1409.4000244140625,1446.699951171875,119965.0,1473.2305126953127,1319.6830371093747,1459.4324529528644,1475.1931369401827,1602.2746114168635,1395.3553568448547,1498.814984130859,43.24184379592943,54.96727883219892,52.69306148192393,-9.799679715723869,-0.5649187462919871,-9.234760969431882,24.18531100797106,42.11587827695772,15.887602324478227,11.017288063113353,-77.22836176052597,17291716.0,17132825.85,-1.0
2026-08-27,1445.0,1449.9000244140625,1423.9000244140625,1441.0,69440.0,1473.2282714843752,1319.9518432617185,1455.7459623622917,1472.0846699456206,1600.8584956568811,1388.8114750462432,1494.8349853515622,42.108062600088424,54.96727883219892,52.69306148192393,-11.047139233461621,-2.6613628437259145,-8.385776389735707,25.09862379954987,40.96474411431788,15.256456930977297,13.776721525506158,-78.11636409747025,17222276.0,17161612.9,-1.0
2026-08-28,1441.0,1457.800048828125,1430.5999755859375,1442.800048828125,68321.0,1473.1522875976564,1320.3633355712886,1453.1567796554584,1469.4224316622117,1598.1410901880877,1383.2688829564431,1490.7049865722654,42.61972733769999,54.96727883219892,52.69306148192393,-11.755006593166854,-4.480091593614103,-7.274914999552752,25.534200878070497,39.98155333773714,21.083562947267346,17.409207400907622,-75.72672213651474,17290597.0,17184830.7,-1.0
2026-08-31,1432.0,1442.0,1410.0,1414.699951171875,90124.0,1472.09927734375,1320.5854425048824,1445.465413958742,1464.4476607085446,1593.4481293404394,1374.871841362685,1484.1599853515622,37.106282020040005,55.82058214344788,46.68490221064115,-14.41724657015061,-6.467522588921405,-7.949723981229205,26.458934520121204,39.4685887299077,15.382065943852073,17.240695274032237,-95.04679742260514,17200473.0,17195471.7,-1.0
2026-09-01,1420.0,1469.199951171875,1414.300048828125,1446.4000244140625,184439.0,1472.159143066406,1321.0842712402339,1445.652336049806,1462.8069664999553,1578.3535072969255,1376.7064658476054,1477.5299865722654,45.64833697974077,55.82058214344788,46.68490221064115,-13.809967244249492,-7.936011519987023,-5.873955724262469,26.023437012858757,40.570825416610724,38.543467522159375,25.003032137759597,-51.18728792678351,17384912.0,17207351.05,-1.0
2026-09-02,1440.0,1440.0,1421.0,1433.0,38375.0,1472.0727246093747,1321.4896624755852,1443.1218688398449,1460.0972422726866,1554.1516348446303,1384.3483407413073,1469.2499877929688,42.99033137422711,55.82058214344788,46.68490221064115,-14.245747871012782,-9.197958790192175,-5.047789080820607,25.619046470400768,39.48719677357156,47.910898037580026,33.94547716786382,-68.86543748077551,17346537.0,17204350.4,-1.0
2026-09-03,1440.0,1454.9000244140625,1430.5,1440.800048828125,105674.0,1472.273996582031,1321.914100952148,1442.657504837501,1458.3429519595447,1532.7677419170518,1392.4922434345103,1462.629992675781,44.997972333681595,55.82058214344788,46.68490221064115,-13.802600616563723,-10.118887155466485,-3.6837134610972377,24.58375146884111,38.4095416050352,74.12018931499364,53.52485162491101,-58.5751256536324,17452211.0,17211679.25,-1.0
2026-09-04,1460.0,1460.0,1432.300048828125,1447.199951171875,49513.0,1472.595285644531,1322.387499389648,1443.565994104376,1457.3299518879385,1511.7465092046043,1402.563476146958,1457.1549926757812,46.65782284794942,55.82058214344788,46.68490221064115,-12.787577359968964,-10.65262519636698,-2.1349521636019837,23.404043447564508,37.64457085980948,79.08428897991104,67.0384587774949,-47.42710163750732,17501724.0,17225479.25,-1.0
2026-09-07,1447.199951171875,1487.5999755859375,1442.0,1469.9000244140625,115787.0,1473.9492138671874,1323.0452313232418,1448.8328001663135,1458.4726857539497,1493.3213677504368,1414.1186224839385,1453.7199951171876,52.17120744994766,56.22994123468595,46.68490221064115,-10.035771787932617,-10.529254514680108,0.49348272674749083,22.222663696659986,38.212814054532906,92.87595794408026,82.02681207966164,-22.63422279250844,17617511.0,17249038.65,-1.0
2026-09-08,1469.9000244140625,1479.0,1444.699951171875,1449.9000244140625,65166.0,1474.729553222656,1323.769072875976,1449.0462450158634,1457.6933529048688,1482.7286435852068,1419.2913515319808,1451.0099975585938,47.51174365727321,56.22994123468595,46.68490221064115,-9.36087258718726,-10.29557812918154,0.9347055419942798,21.125668213677212,37.9333308240752,89.69026030175529,87.21683574191553,-48.209686332175075,17552345.0,17272769.25,-1.0
2026-09-09,1445.0,1474.699951171875,1440.800048828125,1451.0999755859375,97345.0,1475.372268066406,1324.5378222656245,1449.4569911298781,1457.093954966784,1477.6401315933642,1421.2898610824175,1449.4649963378909,47.81289618371138,56.22994123468595,46.68490221064115,-8.629706195830295,-9.962403742511292,1.332697546680997,19.938011041904534,37.64522878976626,80.04686426346727,87.5376941697676,-46.675220959891604,17649690.0,17304686.95,-1.0
2026-09-10,1449.0,1478.9000244140625,1442.5,1460.0999755859375,75652.0,1476.224912109375,1325.148050537109,1451.5855880210902,1457.3672295685253,1478.3592302402847,1421.2807599940904,1449.8199951171875,50.124305909395936,56.22994123468595,46.68490221064115,-7.240562086410364,-9.418035411291108,2.1774733248807436,19.005985647462257,37.55628562007313,75.51779761330846,81.751640726177,-35.166262367041625,17725342.0,17343732.6,-1.0
2026-09-11,1453.5,1461.699951171875,1430.0999755859375,1444.9000244140625,82388.0,1476.3904589843748,1325.6987402343748,1450.2484752996847,1456.233847281756,1477.0171486498184,1420.9328391431509,1448.9749938964846,46.38751167743829,56.22994123468595,46.68490221064115,-7.2822195062858555,-8.990872230290059,1.708652724004203,17.719280226197636,37.13083490334916,73.03027123940193,76.19831103872588,-54.603552217091725,17642954.0,17367117.1,-1.0
2026-09-15,1443.0999755859375,1460.0,1424.0,1453.699951171875,72380.0,1476.700080566406,1326.3328369140625,1450.9387704741227,1456.0034930899485,1472.2516612727004,1423.218321637456,1447.7349914550782,48.76877331210231,55.938166067395954,46.68490221064115,-6.5298803701659835,-8.498673858265244,1.9687934880992604,16.79035732158484,37.05006098168136,75.1452880773286,74.564452310013,-43.35044191978321,17715334.0,17388509.3,-1.0
2026-09-16,1449.9000244140625,1464.699951171875,1424.5,1457.199951171875,55338.0,1477.4707812499998,1326.8941461181641,1452.1910066136734,1456.112262006487,1472.0442458260945,1423.2757370840618,1447.6599914550782,49.725229145661785,55.938166067395954,46.68490221064115,-5.586824005739572,-7.91630388776011,2.3294798820205376,15.701518109414792,37.275053138123766,74.26227283420437,74.14594405031163,-39.17530151848595,17770672.0,17415283.8,-1.0
2026-09-17,1455.0,1505.0,1451.0999755859375,1473.4000244140625,108213.0,1478.3839111328125,1327.5419421386719,1456.4328101737512,1457.683876770812,1474.5186245150837,1421.9613559536663,1448.239990234375,54.0054858685136,55.938166067395954,46.68490221064115,-3.4919811367326474,-7.031439337554618,3.5394582008219704,16.05327598101052,38.4625510864051,87.05953890635561,78.82236660596286,-33.263132195723685,17878885.0,17445345.75,-1.0
2026-09-18,1473.4000244140625,1494.9000244140625,1447.4000244140625,1454.699951171875,99805.0,1477.9174047851561,1328.078779296875,1456.086238373376,1457.4126108072721,1474.6346071603584,1421.965368425579,1448.2999877929688,48.836823761781375,55.938166067395954,46.68490221064115,-3.302671556269388,-6.285685781297572,2.9830142250281844,16.19782663198571,39.10808315166188,84.39283800496199,81.90488324850732,-52.947419819078945,17779080.0,17474921.35,-1.0
2026-09-21,1441.4000244140625,1452.300048828125,1435.0999755859375,1439.5999755859375,93792.0,1477.3703759765626,1328.509189453125,1452.7889858158883,1455.7932803326053,1474.3301710337005,1422.909806993643,1448.6199890136718,45.084620924337585,56.962914026753,46.68490221064115,-4.3212712587016995,-5.892802876778399,1.5715316180766994,15.738837627555638,37.71464689696729,62.809187340875305,78.08718808406431,-72.10590917533182,17685288.0,17504129.25,-1.0
2026-09-22,1442.0,1454.5999755859375,1411.199951171875,1430.9000244140625,95288.0,1476.3899584960939,1328.9230358886716,1448.4111935355231,1453.5302570672832,1473.4354117438868,1420.8845711662696,1447.1599914550782,43.03314133603407,56.962914026753,46.68490221064115,-5.76408740099987,-5.867059781622693,0.10297238062282332,14.922600352272767,38.120745291045516,29.60540268773877,58.93580934452535,-78.99780065329706,17590000.0,17523464.9,-1.0
2026-09-23,1429.800048828125,1443.4000244140625,1400.5999755859375,1406.5,93353.0,1474.9075756835941,1329.3261212158202,1440.0289548284186,1449.2547791520756,1477.1917462465824,1413.2582415463864,1445.2249938964844,37.833499587277565,56.962914026753,46.68490221064115,-8.775251996788029,-6.448698224655761,-2.326553772132268,14.559315954056123,38.45498125797977,6.467149456160412,32.96057982825816,-94.34863694029197,17496647.0,17539709.7,-1.0
2026-09-24,1401.0,1415.0,1372.300048828125,1412.5999755859375,239564.0,1473.1980126953129,1329.7277813720702,1434.5431589799225,1445.9225242824266,1478.6377635067847,1408.4022267275905,1443.5199951171876,39.792102312735885,56.962914026753,46.68490221064115,-10.547815926840485,-7.268521765092705,-3.2792941617477798,15.138927081620198,38.75819339468657,4.1665764379452686,13.413042860614816,-69.63079006290258,17736211.0,17561934.45,-1.0
2026-09-25,1410.0,1422.300048828125,1350.0,1374.199951171875,433047.0,1470.9359399414066,1329.8740905761717,1422.474517418313,1439.4022903632854,1487.0477341577052,1393.3122511938577,1440.1799926757815,32.788791093984166,56.962914026753,46.68490221064115,-14.87962362100211,-8.790742136274588,-6.088881484727523,16.272537046842576,41.15404021136075,4.0370277577484694,4.890251217284716,-84.38712827620968,17303164.0,17565978.85,-1.0
2026-09-28,1374.199951171875,1384.0999755859375,1347.5999755859375,1372.5999755859375,145801.0,1468.5899902343754,1330.014893798828,1412.4996090518382,1433.3293526562538,1492.3902889366186,1380.9496890907249,1436.6699890136717,32.531880361777446,47.24323626779483,46.68490221064115,-18.231555067773343,-10.67890472257434,-7.5526503451990035,17.38598470720973,40.821608767692126,4.0370277577484694,4.080210651147402,-84.11690208240753,17157363.0,17559317.15,-1.0
2026-09-29,1374.800048828125,1385.699951171875,1351.0999755859375,1367.800048828125,229899.0,1466.1699902343753,1330.1152355957033,1403.5596970070956,1427.372143217333,1497.4005162453875,1371.2494715475812,1434.3249938964843,31.728696433209773,47.24323626779483,46.68490221064115,-21.03284531509462,-12.749692841078396,-8.283152474016223,18.337191564155606,40.377206397566795,0.0,2.6913518384989796,-87.16641035007186,16927464.0,17545666.7,-1.0
2026-09-30,1360.800048828125,1383.0,1305.0999755859375,1314.300048828125,363556.0,1462.7819921875002,1329.9805010986329,1385.7077673713015,1417.092861909223,1510.163772600564,1345.2762176338113,1427.7199951171876,24.47534757134994,47.24323626779483,42.00672281726967,-27.255704109262524,-15.650895094715223,-11.604809014547302,20.278565296274706,43.05740768445934,0.0,1.3456759192494898,-95.39766277210104,16563908.0,17504616.5,-1.0
2026-10-01,1304.300048828125,1306.4000244140625,1266.199951171875,1279.800048828125,219253.0,1458.5799926757813,1329.6363537597656,1364.5262236626663,1404.6116970836686,1525.6556104298372,1314.4643846873507,1420.059997558594,21.122047968444075,47.24323626779483,42.00672281726967,-34.57269371598363,-19.435254818968904,-15.137438897014729,22.71544080743357,43.41759982530154,0.0,0.0,-94.3048178913738,16344655.0,17454522.4,-1.0
2026-10-05,1285.800048828125,1299.9000244140625,1263.5999755859375,1269.300048828125,137076.0,1454.6439941406252,1329.1788494873047,1345.4809886957582,1392.3106381513464,1536.1254141162428,1286.844581000945,1411.484997558594,20.214316406369807,38.86775973617315,42.00672281726967,-40.748993906822534,-23.698002636539634,-17.0509912702829,25.016019251746947,42.90920332550321,0.0,0.0,-97.63874371760194,16207579.0,17392290.8,-1.0
2026-10-06,1269.199951171875,1273.9000244140625,1235.5999755859375,1239.699951171875,122566.0,1450.2819921875,1328.495029296875,1324.3247811909816,1378.4369393350307,1546.1138745222943,1256.1061205948936,1401.109997558594,17.881341643503312,38.86775973617315,42.00672281726967,-47.48486089037942,-28.455374287307592,-19.02948660307183,27.533877458474777,42.57997800426191,0.0,0.0,-98.4781086806303,16085013.0,17321455.25,-1.0
2026-10-07,1237.0,1288.699951171875,1198.0,1270.699951171875,409464.0,1446.0259912109375,1327.940768432617,1313.5998151871604,1368.6426676838346,1543.4411067682815,1238.8588810246877,1391.1499938964846,27.339423226590842,38.86775973617315,42.00672281726967,-49.748177063930825,-32.71393484263224,-17.034242221298584,30.28716531711305,46.0171189448057,8.727386983596505,2.909128994532168,-76.31923414596906,16494477.0,17265303.55,-1.0
2026-10-08,1267.0,1271.9000244140625,1222.5999755859375,1230.699951171875,168525.0,1441.249990234375,1327.3002404785157,1297.0198423841034,1356.1024207282019,1545.6590116968218,1214.7209687719283,1380.189990234375,23.567538463411584,38.86775973617315,42.00672281726967,-54.14538287438927,-37.00022444898365,-17.14515842540562,32.843789757277165,46.251613936471365,14.850370087937371,7.859252357177958,-88.98620798822468,16325952.0,17203983.9,-1.0
2026-10-09,1240.0,1260.0,1226.699951171875,1250.199951171875,85019.0,1436.319990234375,1326.8913970947265,1287.6558641416577,1346.4749234958085,1541.7664385964192,1198.5235394309245,1370.1449890136719,28.729759491534217,38.86775973617315,42.00672281726967,-55.41789018600889,-40.6837575963887,-14.734132589620188,35.21779816600098,45.32650214301806,28.143397172450207,17.240384747994693,-79.65707087357349,16410971.0,17142047.95,-1.0
