Date,Open,High,Low,Close,Volume,MA50,MA200,EMA9,EMA21,BB_Upper,BB_Lower,BB_Mid,RSI,RSI_W,RSI_M,MACD,MACD_Signal,MACD_Hist,ADX,ATR,StochRSI_K,StochRSI_D,Williams_R,OBV,OBV_SMA20,Supertrend_Dir
2025-07-22,97.43088480430193,98.11426476364096,96.30818277257382,96.65963745117188,3869091,97.33988815307617,98.39086193084714,96.51530339291924,96.51600254132825,98.38952914167851,95.00294827531366,96.69623870849608,50.858804945180935,46.128212754800025,8.415849042591995,-0.013182358455509302,-0.06276844571776856,0.04958608726225926,8.236673398255963,2.2169143356706766,83.7195585661986,74.51240161381011,-41.50415703491315,172728858.0,169481783.75,-1.0
2025-07-23,96.6498677870245,97.2356230718348,96.10316384763922,96.43508911132812,2954697,97.34164535522463,98.26079853057857,96.49926053660101,96.5086467749646,98.09205491749812,95.1041944721503,96.59812469482421,49.635613181440156,46.128212754800025,8.415849042591995,-0.01702888296505023,-0.05362053316722489,0.03659165020217466,8.198769724300515,2.1394532562795976,87.84606038087198,82.23724839064434,-47.91108304194982,169774161.0,169112597.95,-1.0
2025-07-24,96.4350900378074,96.94275008492744,95.38072604604976,96.44485473632812,3747516,97.35023651123049,98.1322786712646,96.48837937654645,96.50284749872492,97.95313537421983,95.12498733696178,96.5390613555908,49.692281183375336,46.128212754800025,8.415849042591995,-0.019069456207944313,-0.04671031777536878,0.027640861567424464,8.697103413698214,2.098208312179461,78.46150240852776,83.34237378519944,-47.63244532487293,173521677.0,169251342.8,-1.0
2025-07-25,96.347227571368,96.45461690743396,92.74482108473173,92.93031311035156,5008743,97.17431442260742,98.02798877716062,95.77676612330748,96.17807164523643,98.43188540931823,94.21570599082824,96.32379570007323,34.60268833255195,46.128212754800025,8.415849042591995,-0.3008131751376055,-0.09753088924781614,-0.2032822858897894,10.621700996404673,2.2133217057882306,47.5597871689358,71.28911665277852,-96.54541444678085,168512934.0,169435184.95,-1.0
2025-07-28,92.93030968608636,94.78520008080667,92.159062413796,92.38359832763672,3705271,96.96910415649415,97.90871868133543,95.09813256417333,95.83311952545463,98.61767886804519,93.45391765905443,96.03579826354981,32.9276449226658,43.08066269961169,8.415849042591995,-0.5617370609527654,-0.190372123588806,-0.3713649373639594,12.659775643940847,2.242808560161263,23.948775360989103,49.990021646150886,-96.22958380504785,164807663.0,169184844.15,-1.0
2025-07-29,92.34454394446227,94.19944172640444,91.90522938086526,93.87728118896484,3490526,96.86386322021487,97.79465084075925,94.85396228913163,95.65531604031919,98.39448193077926,93.25829822058795,95.8263900756836,41.28969604860214,43.08066269961169,8.415849042591995,-0.640608856503107,-0.28041947017166624,-0.3601893863314407,14.66024120616138,2.2464802591168285,15.198929708827954,28.90249741291762,-68.23899870871746,168298189.0,169367341.85,-1.0
2025-07-30,93.72108014638792,95.41001538877016,93.72108014638792,94.52161407470705,3675458,96.7812715148926,97.6932067108154,94.78749264624672,95.55225222526354,98.33351960987034,93.11717466503202,95.72534713745118,44.50386417652571,43.08066269961169,8.415849042591995,-0.6437028381257619,-0.3530761437624854,-0.2906266943632765,15.38088844551485,2.206655615064358,36.23995661521344,25.12922056167683,-57.861655916798014,171973647.0,169956780.95,-1.0
2025-07-31,92.74482088240684,93.95538277472129,90.00152909028287,91.3975830078125,5324324,96.63639434814453,97.57069404602048,94.10951071855989,95.17455502367709,98.7409361292387,92.25482040152299,95.49787826538085,34.610360593859816,43.08066269961169,8.085904370768695,-0.8880017084014611,-0.46006125669028053,-0.42794045171118056,17.514323799242888,2.3719005700186306,39.29847381646498,30.24578671350212,-82.79182295912567,166649323.0,170489175.3,-1.0
2025-08-01,90.9875430232107,92.25668559268748,89.81603253467988,90.15772247314452,2836340,96.47999710083009,97.44718933105466,93.31915306947681,94.71847933726504,99.20862314197493,91.19161336925555,95.20011825561524,31.607187133484835,43.08066269961169,8.085904370768695,-1.1681905330821394,-0.6016871119686523,-0.5665034211134871,19.55176359033544,2.3768114620178427,24.099544107637026,33.212658179771815,-95.88237676366622,163812983.0,170640377.2,-1.0
2025-08-04,90.32369643095512,91.13399513551023,89.44506717841223,90.88016510009766,2819243,96.3066131591797,97.31664119720456,92.83135547560099,94.36954167934073,99.34207173620831,90.52024515832292,94.93115844726562,35.1388107371202,40.83828875797411,8.085904370768695,-1.316768228524225,-0.744703335279767,-0.5720648932444581,21.55976730241523,2.3276769259521397,9.046477451973399,24.148165125358467,-83.44601207232074,166632226.0,170760840.6,-1.0
2025-08-05,91.2316120634178,92.30550541152472,90.54823215851552,91.1339874267578,3146482,96.12346649169923,97.19483562469479,92.49188186583234,94.07540038365137,99.27206031753286,90.02109611557259,94.64657821655273,36.38176936183505,40.83828875797411,8.085904370768695,-1.3979214142393062,-0.8753469510716749,-0.5225744631676312,22.444291776755623,2.2869338064562155,14.083389380749814,15.74313698012008,-80.51814793997445,169778708.0,170758404.1,-1.0
2025-08-06,90.98754173658666,91.4659150919547,89.66959059355567,89.97223663330078,2243403,95.91923263549808,97.07141601562498,91.98795281932604,93.70238549725586,99.3718010765913,89.32192984992237,94.34686546325683,33.24180841002283,40.83828875797411,8.085904370768695,-1.5382475186025175,-1.0079270645778435,-0.530320454024674,23.595028631926734,2.2518902844521307,16.854932536939543,13.32826645655425,-93.919051334269,167535305.0,170820212.15,-1.0
2025-08-07,89.80627555805673,91.36829215982014,88.556662276646,91.09494018554688,3683887,95.746434173584,96.9374095535278,91.8093502925702,93.46534501437323,99.34296544168123,88.9309733095395,94.13696937561036,38.743885594270296,40.83828875797411,8.085904370768695,-1.5410993395785226,-1.1145615195779794,-0.4265378200005432,25.045180938995365,2.2918716843608467,22.96743131038481,17.968584409358055,-73.44231555607469,171219192.0,171231852.9,-1.0
2025-08-08,91.08517609160305,91.7099826853639,89.53291685677564,89.91365814208984,2100336,95.66442810058595,96.81133453369137,91.43021186247412,93.14246438962019,99.34657820930008,88.36796265373707,93.85727043151857,35.4346795181693,40.83828875797411,8.085904370768695,-1.6200046120197982,-1.2156501380663434,-0.4043544739534548,26.10452405791488,2.283671266091376,21.499137662548403,20.44050050329092,-85.80192190154054,169118856.0,171264340.85,-1.0
2025-08-11,89.91366165564398,92.54957155884048,89.52315565721312,90.80206298828124,5526424,95.57422164916994,96.73044349670405,91.30458208763555,92.9297006258621,99.15468589918218,88.04243629320065,93.59856109619142,39.61213935865757,40.637768268116496,8.085904370768695,-1.592493488885637,-1.291018808230202,-0.3014746806554349,26.40025805550423,2.3367244543439463,33.481830237895096,25.98279973694277,-74.12823073379955,174645280.0,171363702.55,-1.0
2025-08-12,90.78253482174588,96.5522425922321,90.40179351639507,95.6638412475586,40276916,95.59472305297852,96.66942554473874,92.17643391962017,93.17825886419814,99.00304449679291,88.09254647610751,93.54779548645021,56.28228345956406,40.637768268116496,8.085904370768695,-1.1649569530531636,-1.2658064371947944,0.10084948414163075,24.784005409919317,2.6091333558791665,54.7147045470613,36.565224149168266,-15.25036306090064,214922196.0,173187393.6,-1.0
2025-08-13,96.16173557668836,96.62057956761195,90.98754784045713,91.23161315917967,10371223,95.49202026367188,96.5864392852783,91.98746976753208,93.00129107283281,98.6060818446834,87.93987381327561,93.2729778289795,44.281194059943836,40.637768268116496,8.085904370768695,-1.1702846205986361,-1.2467020738755628,0.07641745327692662,23.316048403174864,2.8251260966845715,65.2087544076044,51.135096397520265,-66.82814585002704,204550973.0,174326140.75,-1.0
2025-08-14,91.67093440881004,91.76855904579804,89.42553051667437,89.77698516845703,5003409,95.28622436523439,96.51806968688962,91.54537284771708,92.70817235425321,98.22218510747494,87.63160136103095,92.92689323425294,41.17786844868751,40.637768268116496,8.085904370768695,-1.2771608423446565,-1.2527938275693815,-0.02436701477527503,22.131968438185172,2.790690556144507,63.38345343242713,61.10230412903094,-84.86687241722866,199547564.0,175377469.65,-1.0
2025-08-18,90.304161600915,91.11446018989466,89.71840636667355,90.47988891601562,4156632,95.0704702758789,96.44578945159911,91.33227606137679,92.50560113259525,97.74273233520587,87.50674734008713,92.6247398376465,43.247631433235895,40.51779071752016,8.085904370768695,-1.2902691405758162,-1.2602888901706684,-0.029980250405147846,21.032465613551885,2.6910736466499787,45.77507634097106,58.1224280603342,-76.15021868435792,203704196.0,176916594.0,-1.0
2025-08-19,90.694677067898,92.94007360893868,90.3041710547614,92.62767028808594,4174921,94.90470108032227,96.3727728652954,91.59135490671862,92.51669832854894,97.15786928210822,87.68060499157339,92.4192371368408,49.13690267228829,40.51779071752016,8.085904370768695,-1.1145022660267898,-1.2311315653418928,0.11662929931510302,20.00077325674177,2.6871328543305,52.33460306402371,53.83104427914063,-49.51575190384566,207879117.0,178480652.4,-1.0
2025-08-20,92.64719139449032,96.74748554479082,92.64719139449032,95.2538070678711,13513219,94.77817733764648,96.30194206237792,92.32384533894913,92.76552639576003,96.85892258817502,87.83896864717651,92.34894561767577,55.25150172547059,40.51779071752016,8.085904370768695,-0.7545999030664632,-1.135825232886807,0.38122532982034385,20.50411012523116,2.789467311642956,71.34652921931439,56.48540287476972,-18.235999337561527,221392336.0,180913826.3,-1.0
2025-08-21,95.24404595282046,97.3332444492049,94.82425331392363,95.03903198242188,8226952,94.66473571777344,96.23071235656735,92.8668826676437,92.9722087218202,96.56024039537883,87.9980451270821,92.27914276123046,54.672624655818346,40.51779071752016,8.085904370768695,-0.48115874342606446,-1.0048919349946586,0.5237331915685941,21.15396168952839,2.7694332990456925,86.78043482141373,70.15385570158394,-26.140158226469623,213165384.0,183083387.45,-1.0
2025-08-22,95.18546637145494,98.11424995211507,95.04879040022,97.17704010009766,13565811,94.65653503417968,96.16260292053221,93.7289141541345,93.35446611984543,96.75638908280476,87.87511497603307,92.31575202941892,59.249653968366445,40.51779071752016,8.085904370768695,-0.09088757200233033,-0.822091062396193,0.7312034903938627,21.998119565826396,2.7912750612348,96.43305608895975,84.85334004322928,-9.805924714903757,226731195.0,185743863.35,1.0
2025-08-25,97.56755413868324,97.94829543980426,96.66938810561705,97.0110855102539,5623889,94.67449829101562,96.11049083709715,94.38534842535839,93.68688606442801,97.42955125767622,87.61003004115187,92.51979064941405,58.75372086413837,49.25375821546957,8.085904370768695,0.20267765282363825,-0.6171373193522267,0.819814972175865,22.78198045096026,2.683248795017115,97.18990863827878,93.46779984955074,-11.54228953287656,221107306.0,188373581.95,1.0
2025-08-26,96.64986915930965,99.04170637636334,96.03482721876853,96.8744125366211,11982324,94.67547470092774,96.04732913970946,94.88316124761093,93.97666119826374,98.02464478085709,87.46401793886945,92.74433135986327,58.32077002191606,49.25375821546957,8.085904370768695,0.41946649314878925,-0.4098165568520235,0.8292830500008128,23.8551570084462,2.7063652494869506,98.1738625145732,97.2656090806039,-20.670335948331097,209124982.0,190589447.9,1.0
2025-08-28,96.7474848401851,97.92876001560526,93.23294595862626,93.88703918457033,7407024,94.64950592041016,95.96035892486572,94.68393683500281,93.96851374247343,98.02557524141095,87.46406327787618,92.74481925964356,49.6999139837728,49.25375821546957,8.085904370768695,0.34622606938638967,-0.25860803160434087,0.6048341009907305,23.21773236554043,2.848468735736383,84.80728650506225,93.39035255263806,-49.16209357604867,201717958.0,192260436.35,1.0
2025-08-29,94.50209779624508,94.50209779624508,91.18280785227482,91.43663787841795,4893478,94.60264572143555,95.86320995330809,94.03447704368584,93.73834320937748,97.83288427334116,87.34825662631704,92.5905704498291,43.959861600381856,49.25375821546957,8.085904370768695,0.08942476629671603,-0.1890014720241295,0.27842623832084556,21.676244861970115,2.882098822038803,64.04209628353777,82.3410817677244,-79.08620442171663,196824480.0,193502978.0,1.0
2025-09-01,91.96380765575375,92.29574035705508,91.14375177303694,91.89546966552734,3110425,94.61767990112307,95.78527873992918,93.60667556805414,93.57080925084564,97.83861888268594,87.39231068274374,92.61546478271484,45.23530691384343,43.87112536647352,8.108365677699583,-0.07618995557160702,-0.16643916873362502,0.090249213162018,20.227676142800465,2.7585195193230416,41.44422157191788,63.43120145350596,-74.31474647622696,199934905.0,195167257.1,1.0
2025-09-02,91.89547158109256,92.74482157585312,91.32924569953468,91.66117095947266,3773184,94.55754211425784,95.71745841979978,93.21757464633785,93.39720576981173,97.80704056229818,87.5742338517643,92.69063720703124,44.6761426750496,43.87112536647352,8.108365677699583,-0.22376731301044117,-0.17790479758898825,-0.04586251542145292,19.08317423541778,2.6625949733941416,27.93001652920556,44.47211146155373,-76.75125252055658,196161721.0,196784694.0,1.0
2025-09-03,91.86618435547452,92.35431499227118,91.38781841693287,91.73927307128906,2858302,94.47553634643558,95.65239120483396,92.9219143313281,93.24648461540058,97.80017874553434,87.66700646564732,92.73359260559083,44.920558289303514,43.87112536647352,8.108365677699583,-0.33061017600982723,-0.20844587327315606,-0.12216430273667117,18.020422464276713,2.541445087818725,22.900869156228943,30.758369085784125,-75.93905739272192,199020023.0,198404083.85,1.0
2025-09-04,92.19811839486616,92.74482233253384,89.91366310851578,90.1382064819336,3762609,94.35526107788087,95.6007262420654,92.3651727614492,92.96391387599448,97.83543314635769,87.53217397034156,92.68380355834962,40.92869471857776,43.87112536647352,8.108365677699583,-0.5382717461600919,-0.27441104785054327,-0.2638606983095486,17.161030928338143,2.562138954690107,13.355928147577846,21.395604611004117,-92.58877982622217,195257414.0,199678019.15,1.0
2025-09-05,90.304168290599,90.99731290476538,89.81603765119036,90.47013092041016,2837155,94.19671630859376,95.55274600982665,91.98616439324141,92.73720633457772,97.80971925678428,87.60767728862591,92.70869827270509,42.07787859018077,43.87112536647352,8.108365677699583,-0.6683571037935394,-0.35320025903914254,-0.31515684475439687,16.409548404005644,2.463505833181887,8.994212297637471,15.083669867148085,-91.93714078753945,198094569.0,201205982.35,1.0
2025-09-08,90.65561768751314,91.57330561981274,90.19677372136331,90.6653823852539,2061067,94.05750152587892,95.50164363861083,91.7220079916439,92.54885870282101,97.82036695614971,87.55407380923117,92.68722038269044,42.783022279793094,43.018692984757465,8.108365677699583,-0.7470836106835606,-0.4319769293680261,-0.31510668131553443,15.390563835447388,2.3858648378438545,5.464618221983446,9.271586222399586,-90.7936783840282,200155636.0,202652804.55,1.0
2025-09-09,90.79230027435636,91.26090897237157,89.81603898108371,90.31393432617188,2710361,93.9190676879883,95.44294998168945,91.4403932585495,92.34568375948926,97.79779301633835,87.61667536745077,92.70723419189456,41.79668259051369,43.018692984757465,8.108365677699583,-0.8282858916132483,-0.5112387218170706,-0.31704716979617764,14.648049959427334,2.318650920232712,7.04384388752084,7.167558135713918,-94.60313729211882,197445275.0,204069125.5,1.0
2025-09-10,90.50918489092092,91.9638121530366,90.4994201923304,91.09494018554688,1973797,93.77809555053715,95.39968486785887,91.37130264394898,92.23197979822177,97.79100076698236,87.65275533653332,92.72187805175784,44.84006562546056,43.018692984757465,8.108365677699583,-0.8201642951081425,-0.5730238364752851,-0.24714045863285738,13.655663723080508,2.27088141356357,12.069394128677299,8.192618746060528,-86.1375627886255,199419072.0,205307815.1,1.0
2025-09-11,91.573314447912,92.59838436105352,91.1828084317369,91.35853576660156,3304116,93.64395736694338,95.3378247833252,91.36874926847949,92.15257579534722,97.41273776187879,87.60048779354119,92.50661277770999,45.868850668181906,43.018692984757465,8.108365677699583,-0.7834270515501061,-0.6151044794902494,-0.16832257205985668,13.092524345773228,2.2160644679880757,17.683780628708043,12.265672881635393,-83.28036523572133,202723188.0,204697864.7,1.0
2025-09-12,91.6709384825847,92.0907311437424,90.76301516651256,90.84111785888672,2713935,93.529930267334,95.24729305267334,91.26322298656095,92.03335234657807,97.41762489345987,87.55655113193083,92.48708801269535,44.12899604585861,43.018692984757465,8.108365677699583,-0.7869918698730771,-0.6494819575668149,-0.1375099123062622,12.306972968806537,2.1526110043624875,22.08921439863127,17.280796385338867,-88.88882488377945,200009253.0,204470778.7,1.0
2025-09-15,91.08518296138008,93.31105755056711,91.03636691669614,91.69046020507812,4224163,93.44480026245117,95.16173130035398,91.34867043026439,92.00218033371443,97.36387174975353,87.80165177929926,92.5827617645264,47.639919902317,43.47271572274222,8.108365677699583,-0.7130624449897738,-0.6621980550514067,-0.05086438993836706,12.263892646421473,2.1752773391709095,27.83543912965512,22.536144718998145,-79.68252915072426,204233416.0,204705071.3,1.0
2025-09-16,92.40312812799544,93.28176473624148,91.96380609973131,92.21763610839844,4143342,93.36689453125,95.07470714569091,91.5224635658912,92.02176722232207,97.35199142022839,87.98730682806266,92.66964912414552,49.75060399977885,43.47271572274222,8.108365677699583,-0.6049605449446602,-0.6507505530300575,0.04579000808539724,12.223889489921055,2.133564995741799,52.18060417214395,34.03508590014344,-70.39713243802981,208376758.0,204938699.4,1.0
2025-09-17,92.71553293926956,93.04745819208358,91.96380759896108,92.14929962158205,2820696,93.28469329833983,94.9667050933838,91.64783077702938,92.03336107680025,97.3338594735786,87.95760170806204,92.64573059082032,49.472206075303994,43.47271572274222,8.108365677699583,-0.518822530524929,-0.6243649485290318,0.1055424180041028,12.186743701742095,2.0585711098404205,78.47735942972827,52.83113424384244,-50.20845020834788,205556062.0,204822546.65,1.0
2025-09-18,93.0406247899304,93.44221440722384,91.58120447938784,92.00238037109376,3183350,93.18822906494141,94.87277057647705,91.71874069584227,92.03054464900873,97.0133241610379,87.95299435092502,92.48315925598146,48.839431566065876,43.47271572274222,8.108365677699583,-0.4571430288900018,-0.5909205646012258,0.13377753571122397,12.392801847020962,2.044459596840105,95.5052422316987,75.38773527785696,-39.70666994471196,202372712.0,203871565.45,1.0
2025-09-19,92.00237816760986,92.70760359476894,91.8260718108201,92.51170349121094,2911508,93.11913330078126,94.78658996582031,91.87733325491601,92.0742863619362,96.72486675919204,87.98871890364977,92.3567928314209,51.171085736225436,43.47271572274222,8.108365677699583,-0.36297926128760594,-0.5453323039385019,0.1823530426508959,12.584141553351339,1.9613933244907296,95.5052422316987,89.82928129770855,-25.660936535006385,205284220.0,203477507.25,1.0
2025-09-22,92.56068349031383,93.44221530383422,91.77709799544569,91.89463806152344,2834523,93.05116882324218,94.68179866790771,91.8807942162375,92.05795469826231,95.82627396741238,88.35907149157198,92.09267272949218,48.299049792268015,45.57568521510088,8.108365677699583,-0.33429230657375797,-0.5031243044655531,0.16883199789179515,13.223197131397418,1.9402307519120012,87.21026801266387,92.74025082535375,-42.677921231532466,202449697.0,202263432.35,1.0
2025-09-23,91.97300095943751,92.0611504071122,90.38624364586477,90.79762268066406,3836407,92.95696853637695,94.57060615539551,91.66415990912282,91.94337906029884,94.7474128741401,88.8165863018853,91.7819995880127,43.612605530155804,45.57568521510088,8.108365677699583,-0.39551837179159577,-0.48160311793076166,0.08608474613916589,12.651157375177009,1.921279038293103,66.05442312556629,82.92331112330962,-72.9305863225419,198613290.0,201138731.55,1.0
2025-09-24,90.79762005507422,91.37551604014588,90.35685788379551,90.54296112060548,2476038,92.84830276489257,94.45895999908448,91.43992015141936,91.81606833850853,93.26414841287107,89.66670562155275,91.46542701721191,42.579741271134985,45.57568521510088,8.108365677699583,-0.45929506161888867,-0.4771415066683871,0.01784644504949845,12.0970901290746,1.8568061181543363,35.50547570086012,62.92338894636342,-79.95345129091722,196137252.0,200489345.05,1.0
2025-09-25,90.6409109922856,91.2873627003548,89.70061284329606,90.11199188232422,2712116,92.71695953369138,94.32799434661868,91.17433449760034,91.66115229703722,92.7721538535773,89.78119545062188,91.27667465209959,40.81796745336241,45.57568521510088,8.108365677699583,-0.5384077343479561,-0.48939475220430095,-0.049012982143655126,11.39474105120582,1.8375163852189373,11.519035226850004,37.6929780177588,-89.00527131444656,193425136.0,200074703.95,1.0
2025-09-26,90.11198928516303,90.40583571761432,88.10405610000487,89.18148803710938,3394960,92.5660299682617,94.18437244415287,90.77576520550215,91.4357282734074,92.92508360228774,89.40275071778058,91.16391716003416,37.23566063139805,45.57568521510088,8.108365677699583,-0.668483123889601,-0.525212426541361,-0.14327069734823994,11.801457242622,1.8706780446754028,2.7843859086271516,16.60296561211242,-79.8164143112928,190030176.0,199734988.75,-1.0
2025-09-29,89.3284064935218,89.8671224784355,87.7710397835765,88.18241882324219,4180724,92.39570480346678,94.0496412277222,90.25709592905017,91.13997286884693,93.14975139034591,88.80677784549393,90.97826461791992,33.80516727920205,42.20493651479032,8.108365677699583,-0.8424738293502259,-0.588664707103134,-0.25380912224709185,12.374254413870514,1.8867783768313744,0.0,4.767807045159052,-92.74614163860345,185849452.0,199030716.1,-1.0
2025-09-30,88.34892873936103,89.46553326537622,88.15303609272958,88.46646881103516,2027688,92.23457504272457,93.91247299194337,89.89897050544717,90.8969270454095,93.23471991457976,88.40233910641635,90.81852951049805,35.62120247472207,42.20493651479032,7.949265538546784,-0.9465312339828955,-0.6602380124790863,-0.2862932215038092,12.906137501458419,1.8457582908181793,3.4858223403007855,2.090069416309312,-87.73748008724908,187877140.0,198616487.05,-1.0
2025-10-01,88.88764160098005,89.38717754699644,88.50564572250433,89.08353424072266,1981163,92.08149124145505,93.78687595367434,89.73588325250228,90.73207315407433,93.17953185527296,88.1919532826665,90.68574256896973,39.50402699036793,42.20493651479032,7.949265538546784,-0.9680464171931646,-0.721799693421902,-0.24624672377126267,13.400028939932902,1.7796833226141153,14.42460400291816,5.970142114406315,-76.85674773320163,189858303.0,198158401.05,-1.0
2025-10-03,89.46552805180156,90.26870728553163,89.01496901254505,89.59286499023438,2216867,91.94015579223631,93.6656095504761,89.70727960004871,90.62850877554342,93.18912527737272,88.12782571139682,90.65847549438477,42.58227930172414,42.20493651479032,7.949265538546784,-0.9332408010328095,-0.7640879149440836,-0.16915288608872592,13.017893635556709,1.7421158190692916,31.27199399123235,16.394140111483765,-67.87570407316389,192075170.0,197999288.85,-1.0
2025-10-06,90.01404327119587,90.01404327119587,88.74071869001334,88.88764190673828,1772243,91.7892068481445,93.5444332122803,89.54335206138663,90.47024815110659,93.23086734801986,87.92783473938253,90.5793510437012,39.579268993095454,42.768034712154346,7.949265538546784,-0.9515933329121964,-0.8015889985377063,-0.15000433437449012,12.872328649411381,1.708630730648809,38.86937796714793,28.188658653766147,-80.31092285588366,190302927.0,197609706.75,-1.0
2025-10-07,88.88764530388482,89.32840749807967,88.54482943364155,88.65257263183594,1626600,91.63336120605467,93.41861000061037,89.3651961754765,90.30500492208198,93.26580723004143,87.69161388201915,90.4787105560303,38.60204907768085,42.768034712154346,7.949265538546784,-0.9738796936884029,-0.8360471375678457,-0.13783255612055723,12.889280971487004,1.6425555402051883,37.13805978220374,35.75981058019467,-84.45590609723574,188676327.0,197035741.3,-1.0
2025-10-08,89.03456070951111,89.03456070951111,87.93754254821893,88.07466888427734,1852462,91.53624832153321,93.30113151550296,89.10709071723667,90.10224710046337,93.35441005823655,87.37908450963458,90.36674728393557,36.233516555834946,42.768034712154346,7.949265538546784,-1.026342757421574,-0.8741062615385914,-0.1522364958829826,13.364078040412979,1.6035885845685451,24.95180972081499,33.65308249005555,-94.64609939127668,186823865.0,196504670.8,-1.0
2025-10-09,88.08446972747079,88.6917488665448,87.82980331781714,88.02570343017578,1768701,91.44909042358398,93.19030296325687,88.8908132598245,89.91347040316451,93.35480109652049,87.07176979581352,90.213285446167,36.03178504975464,42.768034712154346,7.949265538546784,-1.0596561597343452,-0.9112162411777421,-0.1484399185566031,13.885048299327758,1.550614082008482,18.142526061521806,26.74413185484684,-95.50950864261542,185055164.0,195786475.4,-1.0
2025-10-10,88.1530302456809,89.48512107833052,88.12364709791767,88.2509765625,2474144,91.33656433105469,93.09376354217532,88.76284592035961,89.76233459946774,93.26758149498157,86.84823347694227,90.05790748596192,37.74895848777709,42.768034712154346,7.949265538546784,-1.0557100437571307,-0.94011500169362,-0.11559504206351079,13.51120279251646,1.544100051018929,18.005075869384285,20.36647055057369,-91.5372610632638,187529308.0,195026781.4,-1.0
2025-10-13,88.15303494244019,89.08353621103579,87.99631484891967,88.19221496582031,2360986,91.20997634887695,93.00546443939213,88.64871972945176,89.61959645095433,93.21663363095281,86.63429105166439,89.9254623413086,37.466430728274055,41.352702400397646,7.949265538546784,-1.0452750085385105,-0.961147003062598,-0.08412800547591248,13.2743857113142,1.5114658589544432,25.787768046851497,20.645123325919194,-90.18264983813627,185168322.0,194284734.85,-1.0
2025-10-14,88.62318964681693,88.62318964681693,86.3410036776542,86.7229995727539,2874857,91.11648468017579,92.90904781341557,88.26357569811219,89.35626946202702,93.15204806727054,86.20213055211418,89.67708930969236,31.182352369401233,41.352702400397646,7.949265538546784,-1.1423898127738,-0.9973955650048385,-0.14499424776896142,14.282276550285854,1.5665172953978919,21.513845389928303,21.768896435388026,-92.41245491925561,182293465.0,193187737.3,-1.0
2025-10-15,87.34006631178417,87.9571423392765,86.9972504480803,87.51637268066406,2038480,91.06365768432617,92.8217089080811,88.11413509462258,89.18900611826675,92.82828573187132,86.05576654473998,89.44202613830565,37.2981911573582,41.352702400397646,7.949265538546784,-1.1421691999308479,-1.0263502919900405,-0.1158189079408074,15.21817518647382,1.5427762576210848,30.326516277909445,25.876043238229745,-76.23769326861081,184331945.0,191985496.65,-1.0
2025-10-16,87.90816443390185,88.05508765175476,87.02663259960964,87.14417266845703,1591026,90.98893783569336,92.73930736541752,87.92014260938947,89.00311216828405,92.47378835216469,85.90975122913414,89.19176979064942,35.695487901912976,41.352702400397646,7.949265538546784,-1.1586713509572348,-1.0528145037834795,-0.10585684717375532,15.969259240553791,1.506039028658516,31.079071481682707,27.639811049840148,-80.24102883201269,182740919.0,190844739.5,-1.0
2025-10-17,87.23232147353755,89.37738100905904,86.08633383380356,88.21179962158203,6208459,90.93049407958986,92.68133728027347,87.97847401182798,88.93117466403841,92.02871002862884,85.97577147771884,89.00224075317384,43.23087211241191,41.352702400397646,7.949265538546784,-1.0732293322704152,-1.0568974694808668,-0.016331862789548346,15.242341692985125,1.6335396105582984,64.41240481501605,41.93933085820273,-49.18039213116493,188949378.0,190173572.8,-1.0
2025-10-20,88.64277660873161,88.64277660873161,87.08540986631901,87.38904571533203,2026337,90.87883026123049,92.61486576080326,87.8605883525288,88.79098112324692,91.36111277304201,86.13110295571775,88.74610786437988,39.39921507053846,41.30972004834775,7.949265538546784,-1.059689836279091,-1.0574559428405117,-0.002233893438579271,14.567346827385652,1.6280986914050342,69.26242384598436,54.9179667142277,-68.85232998525721,186923041.0,189255513.85,-1.0
2025-10-21,87.71226926085933,88.32933779064443,87.58493232174291,87.94734191894531,498354,90.81587829589846,92.52013504028324,87.8779390658121,88.71428665012859,90.72165853674913,86.37582757775282,88.54874305725097,43.085548328162204,41.30972004834775,7.949265538546784,-0.9924692823078658,-1.0444586107339826,0.05198932842611681,13.94056588075757,1.5789696473984174,88.9973183125388,74.22404899117973,-55.50354107252621,187421395.0,188504098.75,-1.0
2025-10-23,88.15302670963266,88.54481943401818,87.27149494797139,87.42821502685547,2163949,90.76616943359377,92.43004100799564,87.78799425802077,88.59737104801285,90.33005787700148,86.43048747211961,88.38027267456054,40.611764533361125,41.30972004834775,7.949265538546784,-0.9699052467158396,-1.029547937930354,0.05964269121451449,13.66034328480062,1.5571378501590154,81.75131732399376,80.0036864941723,-67.91579689046019,185257446.0,187836306.55,-1.0
2025-10-24,87.80042050220779,87.80042050220779,86.68381601241624,87.15396881103516,1908280,90.69320755004885,92.33982936859135,87.66118916862365,88.46615266283305,89.94653055940375,86.47511555876028,88.21082305908202,39.32714553299147,41.30972004834775,7.949265538546784,-0.9630510110129933,-1.0162485525468818,0.05319754153388856,13.93384093726817,1.5256711815613389,81.55193034787776,84.1001886614701,-72.81787275128943,183349166.0,187196902.25,-1.0
2025-10-27,87.31068324697648,87.38904329384906,86.14510183642943,86.26264190673828,2178603,90.50518356323244,92.27524749755864,87.38147971624659,88.26583350318808,89.71976826421105,86.31694285639439,88.01835556030272,35.407077382843106,40.09779125000854,7.949265538546784,-1.0178089439417022,-1.016560630825846,-0.00124831311585627,14.634321074475247,1.5055476298369306,60.30873724449988,74.53732830545712,-94.8126181414084,181170563.0,186584173.6,-1.0
2025-10-28,86.66423227787193,87.27150396422493,86.13531316623113,86.35079956054688,2332089,90.40756729125978,92.20440444946293,87.17534368510665,88.09173950840251,89.64064178847437,86.11300048447481,87.87682113647459,36.08566689765912,40.09779125000854,7.949265538546784,-1.0420789766282752,-1.021664299986332,-0.020414676641943297,15.292830516112856,1.4791649989909932,47.78687361244779,63.21584706827514,-92.21882078176039,183502652.0,186257797.4,-1.0
2025-10-29,86.5662728781652,88.29015644827007,86.34099709710956,87.0951919555664,4265956,90.35393142700197,92.14321384429935,87.1593133391986,88.0011442763265,89.61343140567837,86.03148818050326,87.82245979309081,41.65908979402216,40.09779125000854,7.949265538546784,-0.9898366860919339,-1.0152987772074522,0.025462091115518337,14.645469022598416,1.5127360241459582,54.2384109818231,54.111340612923584,-70.31711463000813,187768608.0,186353755.2,-1.0
2025-10-30,87.17355437667158,87.51637023077885,86.2430531336911,86.48792266845703,2461592,90.2740921020508,92.09022106170657,87.02503520505029,87.8635786756111,89.58202713634373,85.8650378355801,87.72353248596191,38.69467474711186,40.09779125000854,7.949265538546784,-0.9860690604429436,-1.0094528338545505,0.023383773411606912,14.141602101315527,1.4956346722132285,63.33385018484466,55.11971159303851,-88.18434912923301,185307016.0,186225249.0,-1.0
2025-10-31,86.48792826526356,86.57607771652755,86.19408181539899,86.22346496582031,1692629,90.14600799560547,92.05403499603274,86.8647211572043,87.71447742926648,89.43854773014387,85.72251031428972,87.5805290222168,37.44503992877544,40.09779125000854,7.8244058824533935,-0.992976303686774,-1.0061575278209953,0.013181224134221292,13.72493201872257,1.416089045707181,67.09468017367625,61.555647113447996,-95.83320673590457,183614387.0,185913053.2,-1.0
2025-11-03,86.48792223631229,87.00704445177018,85.96879254802926,86.20387268066406,1822616,89.96500930786134,92.04822307586673,86.73255146189626,87.57714972484807,89.10748628482692,85.71467252864961,87.41107940673827,37.34880733082462,39.01354747066713,7.8244058824533935,-0.9886349095605027,-1.0026530041688968,0.014018094608394094,12.808180602153888,1.3891006784238773,55.169888981801336,61.86613978010741,-93.10329964082008,181791771.0,185398883.25,-1.0
2025-11-04,86.21366283754911,86.38996920215862,85.36152163595744,85.51823425292969,1857026,89.77459335327148,92.02239688873294,86.48968802010296,87.3899755910373,88.99005907418181,85.49515897391389,87.24260902404785,34.05081138091881,39.01354747066713,7.8244058824533935,-1.0286618410522266,-1.0078547715455628,-0.020807069506663778,12.623386689241098,1.3633397418365418,34.386361107437324,52.216976754304966,-96.0976567550669,179934745.0,184880474.15,-1.0
2025-11-06,85.51823446210742,85.70433770099078,83.99025094697096,84.16655731201172,2068241,89.51438369750977,91.98648540496828,86.02506187848472,87.09693756567134,89.11955565983264,84.9170608562806,87.01830825805662,28.675049803580997,39.01354747066713,7.8244058824533935,-1.1561254112565535,-1.037508899487761,-0.11861651176879251,13.646433582644292,1.3883930998496328,17.060062405869502,35.53877083170272,-96.7272673388468,177866504.0,184339983.0,-1.0
2025-11-07,84.12737703670916,84.12737703670916,82.61897980096462,83.10871887207031,2376356,89.23633636474608,91.93308628082278,85.44179327720184,86.73437222988943,89.44182667746392,84.09819483742865,86.77001075744629,25.307644565341242,39.01354747066713,7.8244058824533935,-1.3272007858420665,-1.0954472767586223,-0.23175350908344416,15.468344034315118,1.3997634149351659,0.0,17.148807837768942,-92.75362536158497,175490148.0,183773297.15,-1.0
2025-11-10,83.52010030614153,83.64743725090815,81.53176081578216,82.50144958496094,3617159,88.94887710571288,91.859775428772,84.85372453875367,86.34956108035048,89.70648124750382,83.28111488286727,86.49379806518554,23.59466686939105,35.54844372374688,7.8244058824533935,-1.4945525377130622,-1.1752683289495103,-0.3192842087635519,17.702787625352663,1.4509000592345105,0.0,5.686687468623167,-86.36356889911258,171872989.0,183114188.4,-1.0
2025-11-11,82.47206059608601,82.6483669691717,80.21926524313054,80.55228424072266,4047345,88.68218200683593,91.77300617218022,83.99343647914748,85.82253591311158,90.16833580070133,82.04939109749202,86.10886344909667,19.12100843592617,35.54844372374688,7.8244058824533935,-1.764125618204062,-1.2930397868004206,-0.47108583140364146,20.308818018195048,1.5207716068635575,0.0,0.0,-96.00003807606453,167825644.0,182129005.2,-1.0
2025-11-12,81.2868922506349,81.98232086327708,80.31721094262122,81.04202270507812,3673816,88.47428970336914,91.70136619567874,83.4031537243336,85.38794380329036,90.27155432156628,81.23115335055284,85.75135383605956,23.06791367893949,35.54844372374688,7.8244058824533935,-1.916158147150668,-1.4176634588704702,-0.4984946882801977,22.728703382977262,1.531081486420151,5.837387220770882,1.9457957402569606,-90.11768534462125,171499460.0,181445562.1,-1.0
2025-11-13,81.10079031331738,81.49257557816946,80.31720483796337,80.44453430175781,2306864,88.24527099609374,91.64202312469484,82.81142983981846,84.93854293951466,90.5116230851458,80.36323805987374,85.43743057250977,21.677993070666332,35.54844372374688,7.8244058824533935,-2.0610982843719796,-1.5463504239707722,-0.5147478604012075,24.975742258342407,1.5056735759762896,9.619112018183088,5.1521664129846565,-97.2088700875583,169192596.0,180790518.65,-1.0
2025-11-14,80.66001850882184,82.40348829806398,80.21925636132119,81.72765350341797,3737752,88.04660064697265,91.57689712524416,82.59467457253837,84.6466438998695,90.38079145040662,79.91519777688829,85.14799461364746,31.257229937189184,35.54844372374688,7.8244058824533935,-2.048809985089619,-1.6468423361945417,-0.4019676488950774,25.872988979778082,1.5541420303167541,27.56832030620138,14.341606515051783,-81.31067011304044,172930348.0,180220438.8,-1.0
2025-11-17,81.97252758097977,82.66795616069757,81.5415548098997,81.66888427734375,1892839,87.84519287109374,91.5249775695801,82.40951651349945,84.37593847963988,90.23855319052237,79.50990719766122,84.8742301940918,31.069793885278152,34.102142564646655,7.8244058824533935,-2.0205222816339585,-1.721578325282425,-0.2989439563515335,26.385284223355423,1.5235891246368345,39.402927519360446,25.53011994791497,-82.03883209548465,171037509.0,179635268.3,-1.0
2025-11-18,81.82560202068363,81.82560202068363,80.31720483796337,80.44453430175781,2112048,87.65131942749024,91.48781356811527,82.01652007115112,84.01853809983243,89.95640295948051,79.01533089672067,84.48586692810059,27.385430172788787,34.102142564646655,7.8244058824533935,-2.073002599980299,-1.791863180222,-0.28113941975829904,27.53068755181606,1.5225039859285077,47.84410316254545,38.271783662702425,-97.2087631118007,168925461.0,178634072.45,-1.0
2025-11-19,80.49351752311902,80.69920704518117,79.98419215508306,80.3661880493164,1936748,87.44924057006837,91.45594718933108,81.68645366678419,83.68650627705824,89.72097430280942,78.54847378679017,84.1347240447998,27.163453953755024,34.102142564646655,7.8244058824533935,-2.0967455407600255,-1.8528396523296051,-0.24390588843042038,28.756324877459026,1.4648261933691933,43.590924683095125,43.61265178833367,-94.92848030948797,166988713.0,177637356.05,-1.0
2025-11-20,80.60125394374255,80.73838028025342,80.02335797745397,80.16048431396484,1406556,87.23914260864258,91.41606109619143,81.38125979622032,83.36595882586793,89.29811743749553,78.19264489160602,83.74538116455078,26.55484369883423,34.102142564646655,7.8244058824533935,-2.107862438598289,-1.903844209583342,-0.20401822901494704,29.843086973147713,1.411268772614212,39.44185553229955,43.62562779264671,-97.48973563113465,165582157.0,176545394.15,-1.0
2025-11-21,80.31720618215412,80.31720618215412,79.23978174012926,79.36711120605469,1687023,87.02020614624023,91.35658638000491,80.97843007818719,83.00242722406674,88.93956388983689,77.74508805718462,83.34232597351075,24.29398693427961,34.102142564646655,7.8244058824533935,-2.1558400573236725,-1.9542433791314082,-0.20159667819226423,31.239015535014907,1.3874227490006872,36.67882556789249,39.903868594429056,-98.36069062355008,163895134.0,175477278.55,-1.0
2025-11-24,79.36711633469588,79.54342270735273,77.1437041371919,77.76077270507812,2892113,86.75352279663086,91.27524211883548,80.33489860356538,82.52591317688595,88.69506579108594,77.05026654533987,82.8726661682129,20.490173473735826,31.726187293613478,7.8244058824533935,-2.29700234492347,-2.022795172289821,-0.27420717263364924,33.32259130285955,1.4597295933692687,26.03969039897964,34.05345716639056,-93.3262937678021,161003021.0,174359971.3,-1.0
2025-11-25,77.57466436367277,77.86851078974522,76.1054471789606,76.28175354003906,3148292,86.45198715209959,91.1862134933472,79.52426959086011,81.95826230080895,88.6646996365203,76.08254386323556,82.37362174987793,17.736514731996657,31.726187293613478,7.8244058824533935,-2.4994073487164883,-2.1181176075751544,-0.38128974114133385,35.55167872671987,1.4813963088989361,12.516765115845264,25.078427027572463,-98.16326313261075,157854729.0,173194179.6,-1.0
2025-11-26,76.44827048927833,77.22205163036229,76.20340095852833,76.95759582519531,3365715,86.17431671142577,91.11782516479495,79.01093483772715,81.50365625757134,88.34556432694606,75.46235879927465,81.90396156311036,22.839405696759798,31.726187293613478,7.8244058824533935,-2.5755901483285584,-2.2096121157258355,-0.3659780326027229,37.62154562030446,1.4483430491085802,15.637321259896364,18.06459225824042,-89.37726131559727,161220444.0,172080069.2,-1.0
2025-11-27,77.32001187194922,77.89790042577806,77.0849317223818,77.26123809814453,1636846,85.8857322692871,91.04319240570071,78.66099548981063,81.11798187944163,87.6844807209246,75.14004701955392,81.41226387023926,25.08775383453854,31.726187293613478,7.8244058824533935,-2.581703896640306,-2.2840304719087294,-0.29767342473157665,38.68739668946451,1.4120545884995923,30.703824657939467,19.619303677893697,-84.67525270972054,162857290.0,170834503.3,-1.0
2025-11-28,77.26123330304367,77.26123330304367,76.10544879429233,76.26216888427734,1475058,85.56662292480468,90.9596106719971,78.18123016870398,80.6765443344267,87.09777007465603,74.70418228740452,80.90097618103027,22.739882775020757,31.726187293613478,7.8244058824533935,-2.6367705723880306,-2.35457849200459,-0.28219208038344057,40.02319266783583,1.3937499253104932,43.03889216260962,29.79334602681515,-97.61186299702008,161382232.0,169638264.1,-1.0
2025-12-01,76.28175662236892,77.37877485483175,76.00750393245954,76.2425765991211,1842079,85.24848846435546,90.87125400543216,77.79349945478741,80.27345635848982,86.3982833259194,74.40558019947123,80.40193176269531,22.695027102885053,28.876318583230713,7.277692920258626,-2.651428229155698,-2.4139484394348116,-0.23747978972088646,41.11717620250086,1.3921442822434726,42.68294798933271,38.80855493662727,-96.4706200329022,159540153.0,168434552.4,-1.0
2025-12-02,76.27196563366637,77.27103005080266,75.51776327928806,75.7822265625,2473058,84.9240853881836,90.79023868560795,77.39124487632994,79.86516274067257,85.5570365510284,74.2046623625458,79.8808494567871,21.61609489498896,28.876318583230713,7.277692920258626,-2.6694195218049117,-2.4650426559088316,-0.20437686589608006,42.30912992366096,1.4179387457628392,34.12408383936449,39.948641330435606,-96.30131259955878,157067095.0,167198318.6,-1.0
2025-12-03,75.66468654472554,75.92914235528538,73.9505997945214,74.4305419921875,2882411,84.56246215820312,90.70772041320807,76.79910429950145,79.37110630899211,84.84808975328123,73.80483993421875,79.32646484374999,18.791270507138893,28.876318583230713,7.277692920258626,-2.7609212179874305,-2.5242183683245516,-0.2367028496628789,43.8976932198885,1.4579818754057783,24.389361457308276,33.732131095335156,-94.49440658949877,154184684.0,165910815.55,-1.0
2025-12-04,74.44034036938699,74.53828669109744,73.4608622066319,73.83306121826172,2123823,84.20123062133787,90.63899368286138,76.2058956832535,78.86764766438024,84.35826643519547,73.26131364292951,78.80979003906249,17.690760536500324,28.876318583230713,7.277692920258626,-2.848809375389621,-2.5891365697375655,-0.2596728056520554,45.502047170469844,1.4307992046243327,12.164879010343938,23.55944143567223,-95.95747568682667,152060861.0,164620533.4,-1.0
2025-12-05,74.15629328888357,74.15629328888357,72.38344014622955,72.5499496459961,3153252,83.83627716064453,90.56688896179205,75.47470647580202,78.29331148089078,84.11031144961143,72.45339170590611,78.28185157775877,15.58046439114052,28.876318583230713,7.277692920258626,-2.9875590329607746,-2.6688210623822073,-0.31873797057856734,47.25106249464858,1.455231628769311,2.600345122613942,13.051528530088717,-98.23653203598381,148907609.0,163291406.45,-1.0
2025-12-08,72.1973350426259,72.48138460877773,69.24910365736423,69.77802276611328,4689166,83.42097839355468,90.46944934844976,74.33536973386427,77.5191943250019,84.259506327255,71.03185414637781,77.6456802368164,12.195838953874006,25.882793631366063,7.277692920258626,-3.2833421450318383,-2.7917252789121334,-0.4916168661197049,49.41669327556472,1.5870612259023504,0.0,4.921741377652626,-95.39641070443612,144218443.0,161908679.15,-1.0
2025-12-09,69.78781225466794,75.61570376259458,68.56346467125272,72.28548431396484,5613560,83.0644482421875,90.39814376831059,73.92539264988439,77.04340250581672,84.10936772454022,70.35531275641682,77.23234024047852,27.531913335403914,25.882793631366063,7.277692920258626,-3.277638623378195,-2.888907947805346,-0.388730675572849,48.715010619756896,1.9774310734337441,33.33333333333333,11.977892818649089,-69.42878487009388,149832003.0,161008997.1,-1.0
2025-12-10,72.47158373592315,73.24537234457412,71.72718574793547,72.33445739746094,2725500,82.72750762939452,90.33253143310552,73.6072055993997,76.61531658687528,83.76045549505912,69.8334684551362,76.79696197509766,27.797166881439622,25.882793631366063,7.277692920258626,-3.2319113604546743,-2.9575086303352114,-0.2744027301194629,48.06344815364963,1.9446278965198094,66.66666666666666,33.33333333333333,-67.91666106736578,152557503.0,160061899.25,-1.0
2025-12-11,72.21692468559392,72.21692468559392,70.34611789954228,70.60078430175781,2841138,82.37587493896486,90.25395950317387,73.00592133987132,76.06854092459187,83.56782462007756,69.04172433011776,76.30477447509766,24.393252977932544,25.882793631366063,7.277692920258626,-3.297552967103968,-3.0255174976889627,-0.27203546941500534,47.88353648071157,1.9477501537625845,92.72729877159412,64.2424329238647,-81.44510549305583,149716365.0,159088087.7,-1.0
2025-12-12,70.80647204760407,71.3843605339503,70.62036881913505,70.81626892089844,1895347,82.02287094116211,90.1741988754273,72.56799085607675,75.59106165152882,82.94595728709251,68.57245320485086,75.75920524597169,25.612555361483423,25.882793631366063,7.277692920258626,-3.2942129688823343,-3.0792565919276376,-0.21495637695469672,47.716475641554794,1.8645948736504347,88.05972275905,82.48456273243693,-75.86566227579897,151611712.0,158022155.9,-1.0
2025-12-15,70.97298739663846,71.29621698665002,70.55181148406064,70.93380737304688,2110780,81.6598764038086,90.07602912902837,72.24115415947077,75.16767489893955,82.14963261298936,68.29527018852434,75.22245140075685,26.310633546637558,24.60016967436537,7.277692920258626,-3.2446789858434784,-3.112341070710806,-0.13233791513267246,47.58328626193717,1.7845813471460743,84.88363983904945,88.55688712323119,-74.60647044846804,153722492.0,157156405.05,-1.0
2025-12-16,71.06114269907638,71.40395855666131,70.52242672799632,71.05134582519531,2475151,81.28904602050783,89.97737316131598,72.00319249261568,74.7934631649628,81.45941259050308,68.04617136335433,74.7527919769287,27.047904091597886,24.60016967436537,7.277692920258626,-3.1595176241932847,-3.121776381407302,-0.0377412427859829,47.36110333641101,1.7200778101117113,90.55548847054725,87.83295035621556,-73.34727862113715,156197643.0,156520014.15,-1.0
2025-12-17,71.01216212793932,71.03174840186271,69.68986818977713,70.22857666015625,2155017,80.91586471557616,89.88539108276373,71.6482693261238,74.37847348270766,80.69357701182761,67.79824580311379,74.2459114074707,25.150940424866786,24.60016967436537,7.277692920258626,-3.1224238682688394,-3.1219058787796095,-0.0005179894892299863,47.44411355481797,1.6944635119193163,89.56921572342418,88.33611467767362,-81.11113557858386,154042626.0,155872709.8,-1.0
2025-12-18,70.22858069845091,70.22858069845091,68.5830570997452,68.9258804321289,2456145,80.52133087158204,89.79299713134773,71.10379154732482,73.88278320538231,79.91616326667554,67.45219916008227,73.6841812133789,22.464528898497317,24.60016967436537,7.277692920258626,-3.1616974182188926,-3.129864186667466,-0.0318332315514267,47.86888328832417,1.6909678038326301,81.35174289889483,87.15881569762209,-95.8887917347334,151586481.0,155172926.0,-1.0
2025-12-19,68.95526273954319,71.50190441595745,68.41654677193672,71.34518432617188,3985309,80.18674118041993,89.72026569366462,71.15207010309423,73.65209239818137,78.98509280894433,67.5810769298252,73.28308486938477,36.11244991081063,24.60016967436537,7.277692920258626,-2.9634436504986184,-3.0965800794336964,0.13313642893507804,47.114322849586685,1.7905670781317804,82.95259549580288,84.62451803937395,-66.9248056380062,155571790.0,154756758.8,-1.0
2025-12-22,71.50191116602463,72.12877663869521,71.01217204844912,71.45293426513672,2326548,79.85528579711915,89.6669636535645,71.21224293550273,73.45216893154094,78.31355353330673,67.62183236146865,72.96769294738769,36.64731272307337,25.808112549921255,7.277692920258626,-2.7657497501678847,-3.0304140135805344,0.2646642634126497,45.897090111787364,1.7424269004256603,88.60644425547008,84.30359421672259,-59.582710668866326,157898338.0,154601524.65,-1.0
2025-12-23,71.54108676427585,74.56767073661166,71.25703719692363,73.7253189086914,6909243,79.56477264404298,89.63532314300541,71.71485813014047,73.47700074764553,77.96998462902548,67.70975780261514,72.83987121582031,46.76875277610497,25.808112549921255,7.277692920258626,-2.398070001987975,-2.9039452112620228,0.5058752092740479,43.08712725614108,1.8544416603729723,99.99999999999999,90.51967991709098,-26.258419650471176,164807581.0,154949167.25,-1.0
2025-12-24,73.94080177754884,74.19546818317585,72.96132364971814,73.4804458618164,2085817,79.2705372619629,89.598065071106,72.06797567647567,73.47731393984289,77.43125968973536,67.90076774556735,72.66601371765135,45.917421515403575,25.808112549921255,7.277692920258626,-2.1022074223728,-2.743597653484178,0.6413902311113784,40.47787603304096,1.810134722736168,99.1791924500214,95.92854556849716,-29.659832443562994,162721764.0,155024233.25,-1.0
2025-12-26,73.79387814281523,74.63622992577004,72.48138104596592,72.6185073852539,6091168,78.98844741821291,89.53853408813481,72.17808201823132,73.39924061669842,76.68071813548386,68.18703622852982,72.43387718200684,42.95353436699322,25.808112549921255,7.277692920258626,-1.9152081011764608,-2.577919743022635,0.6627116418461743,38.319477163468235,1.834757162526736,95.50076523893061,98.22665256298399,-41.63260200090163,156630596.0,154712898.55,-1.0
2025-12-29,72.61851023665461,72.62830711065273,71.50190573127983,71.61944580078125,2508768,78.67050888061524,89.46976108551031,72.06635477474131,73.23744108797868,76.05699344321943,68.34648861244463,72.20174102783203,39.75073311615195,28.76677687050389,7.277692920258626,-1.8265701485597532,-2.427649824130059,0.6010796755703058,36.82876447765833,1.7841603208728902,85.875525204805,93.518494297919,-55.51008218044362,154121828.0,154349878.35,-1.0
2025-12-30,71.61944110297762,72.47158226428523,70.57139983868417,71.67820739746094,2107744,78.36118957519531,89.39976867675786,71.98872529928525,73.09569257065888,75.32968501199029,68.61736012350777,71.97352256774903,40.03395220580567,28.76677687050389,7.277692920258626,-1.731621310181211,-2.2884441213402895,0.5568228111590785,35.89120128961026,1.7924476140677594,77.45952875421875,86.27860639931811,-47.55905494134396,156229572.0,154184349.3,-1.0
2025-12-31,71.78595778923247,74.73418924779098,71.75657463904237,73.22579193115234,3727495,78.0614694213867,89.34708156585698,72.23613862565867,73.1075197852492,74.75623920961421,68.93516246274909,71.84570083618165,47.088458799227496,28.76677687050389,7.1145089663414804,-1.5140435815823992,-2.1335640133887113,0.6195204318063121,33.55798632559421,1.8827000595150654,81.13795596530954,81.49100330811109,-23.875952499744358,159957067.0,154328847.9,-1.0
2026-01-01,73.41188917426452,73.95060518127163,73.06907329381714,73.2061996459961,1601702,77.7778125,89.29292968750005,72.43015082972616,73.11649068168073,74.51184844699536,69.0571189907488,71.78448371887208,47.01305467795034,28.76677687050389,7.1145089663414804,-1.3278855596261963,-1.9724283226362083,0.644542763010012,31.39142957329359,1.8111880472250241,90.66112168719614,83.08620213557481,-24.186072694597595,158355365.0,154537381.95,-1.0
2026-01-02,73.42168336007349,82.26637011584907,73.13763379158316,81.33586883544922,82265437,77.64558303833006,89.27815704345707,74.21129443087077,73.86370687747787,77.17645144646941,67.1427967529935,72.15962409973146,69.11411533067839,28.76677687050389,7.1145089663414804,-0.5183820394519785,-1.6816190659993624,1.163237026547384,31.968980455553247,2.333870067013659,99.89792568776099,90.56566778008889,-6.7185064913398485,240620802.0,158965379.0,1.0
2026-01-05,82.27616074946853,86.97765863856812,82.08026811776642,85.85125732421875,101751319,77.61404388427732,89.29045215606693,76.53928700954037,74.95348419081795,80.74551972989741,64.90385923738776,72.82468948364259,75.28118450829353,44.951805936286306,7.1145089663414804,0.4819537836000478,-1.2489044960794804,1.7308582796795282,33.37652499482705,2.570150048164033,99.89792568776099,96.81899102090603,-6.068609049085982,342372121.0,168638604.6,1.0
2026-01-06,85.58679724727182,85.58679724727182,81.88437107094276,82.62877655029297,20012455,77.5235400390625,89.28253452301031,77.75718491769089,75.6512380416793,82.3713211157536,64.56313322994956,73.46722717285158,65.2654659099668,44.951805936286306,7.1145089663414804,1.0031363321327689,-0.7984963304370305,1.8016326625697994,34.58663459504987,2.669916919957744,93.67893928995821,97.82493022182672,-23.430073152532614,322359666.0,177545665.75,1.0
2026-01-07,82.5602111990959,82.64836064247818,80.51309805314949,81.30648040771484,6922260,77.42441680908203,89.2680054092408,78.46704401569569,76.16535098404617,83.46133374318626,64.37522021189187,73.91827697753907,61.641438176572976,44.951805936286306,7.1145089663414804,1.2945561712375735,-0.37988583010210974,1.6744420013396832,35.032121685529496,2.6317273249128115,85.07070376637037,92.88252291469652,-30.55408680041817,315437406.0,185825935.9,1.0
2026-01-08,80.99305047334272,81.87457482854288,77.52569693165972,78.47579193115234,7005736,77.26691665649413,89.21271976470953,78.46879359878703,76.37539107014673,83.94736252912955,64.50332487931772,74.22534370422363,54.6460063663247,44.951805936286306,7.1145089663414804,1.2823138741581346,-0.04744588925006088,1.3297597634081955,34.14755389416509,2.7543809371964074,67.50977721442699,82.08647342358518,-45.804727478099906,308431670.0,193619644.25,1.0
2026-01-09,78.3484487664653,78.66188145011056,76.20339687360307,76.52661895751953,6961354,77.0555451965332,89.15081233978276,78.08035867053353,76.38913905990789,84.13917969914816,64.90409117487529,74.52163543701172,50.40419424568333,44.951805936286306,7.1145089663414804,1.1026194853968718,0.18256718567932567,0.9200522997175462,32.81844102158555,2.7332454828614843,52.36695220875063,68.31581106318266,-63.7015410309297,301470316.0,201207341.8,1.0
2026-01-12,76.3992942644157,79.33772865920092,74.45013487493253,78.87737274169922,8728718,76.90333419799806,89.08035236358647,78.23976148476666,76.61534212188893,84.56403036816673,65.2853508879368,74.92469062805176,54.94637285001088,39.605396376981986,7.1145089663414804,1.1367923375510003,0.3734122160536606,0.7633801214973397,30.95349109320925,2.887127504390549,41.89783214810836,53.92485385709533,-49.37314469845007,310199034.0,209136707.9,1.0
2026-01-13,78.87737485646376,79.70992979607601,77.42775136761956,77.79015350341797,7059809,76.73466796875002,88.99615810394292,78.14983988849693,76.72214315657338,84.7962830775118,65.73873279162883,75.26750793457032,52.54930196790238,39.605396376981986,7.1145089663414804,1.0638813014265196,0.5115060331282324,0.5523752682982872,29.336190532782858,2.8439168561095416,38.13256135878665,44.13244857188188,-56.000001263024934,303139225.0,216607544.55,1.0
2026-01-14,77.78036577140767,77.9370783941584,76.61478434724246,77.0947265625,3672850,76.55248504638674,88.92522960662846,77.93881722329755,76.75601437529397,84.91706582312692,66.22228811974422,75.56967697143557,51.016206925741265,39.605396376981986,7.1145089663414804,0.939157613433224,0.5970363491892308,0.34212126424399325,27.53401935346758,2.735229512595713,36.831957618455604,38.95411704178353,-60.23879177218652,299466375.0,223770981.15,1.0
2026-01-15,77.0947265625,77.0947265625,77.0947265625,77.0947265625,0,76.38401489257812,88.86391727447514,77.76999909113803,76.7868063923127,84.93303459050526,66.89293434260023,75.91298446655274,51.01620692574127,39.605396376981986,7.1145089663414804,0.8307369733993539,0.6437764740312555,0.18696049936809844,25.86057468696054,2.5398559759817334,33.14482374663652,36.03644757462626,-60.23879177218652,299466375.0,231042168.6,1.0
2026-01-16,77.28082801927663,77.67262077632438,73.60778493350136,74.90069580078125,8676362,76.19869766235351,88.7874856948853,77.19613843306668,76.61534179308256,84.63333127951455,67.79011919045615,76.21172523498535,46.09556422799686,39.605396376981986,7.1145089663414804,0.5613025425417248,0.6272816877333495,-0.06597914519162462,24.92387311342548,2.6487831093275394,26.870158671406138,32.28231334549942,-73.61192448013985,290790013.0,238002345.2,-1.0
2026-01-19,74.90069424611487,75.37083956655343,72.82419790784,72.99070739746094,4271612,75.99633743286131,88.70536037445073,76.35505222594553,76.28582957529878,84.54586214122766,68.04214063587195,76.2940013885498,42.273043224785994,37.961531332061845,7.1145089663414804,0.1914468332853403,0.5401147168437477,-0.3486678835584074,24.289032565805606,2.6414872914265315,16.301314794122003,25.43876573738822,-91.89195225217192,286518401.0,244549675.75,-1.0
2026-01-20,72.99070368625026,73.24537008102064,69.46458407094597,70.33631896972656,7273564,75.75303482055662,88.61142749786383,75.15130557470174,75.74496497479221,84.6416590643559,67.83468218320269,76.2381706237793,37.60576585631918,37.961531332061845,7.1145089663414804,-0.3122539739944443,0.3696409786761093,-0.6818949526705536,24.5887131676752,2.7228657713299693,5.732470916837862,16.301314794122,-95.02237659404342,279244837.0,250617000.7,-1.0
2026-01-21,70.33632265980178,70.94360179524492,69.1413581364468,69.90535736083984,7450301,75.54009628295896,88.50543075561531,74.10211593192936,75.214091555342,84.85505095909123,67.23929413368221,76.04717254638672,36.89355370483902,37.961531332061845,7.1145089663414804,-0.7377116126120882,0.1481704604184698,-0.885882073030558,24.944269529638888,2.6571070490062656,0.0,7.344595236986621,-95.7166048850647,271794536.0,255966348.45,-1.0
2026-01-22,71.6977989939865,71.6977989939865,70.48324815660897,71.03175354003906,3680823,75.33989089965817,88.39310684204106,73.48804345355131,74.83387900849627,84.94827985786644,66.90119600272926,75.92473793029785,40.08737461917552,37.961531332061845,7.1145089663414804,-0.9727854335574619,-0.07602071837671658,-0.8967647151807454,24.935485058734287,2.595345233587722,2.7733073106186468,2.8352594091521697,-89.4014153699225,275475359.0,261604028.2,-1.0
2026-01-23,71.5998517316481,71.5998517316481,69.15115634087473,69.40582275390625,3451164,75.11911666870114,88.2890056610108,72.6715993136223,74.34041934898808,85.14285341785362,66.38535397960732,75.76410369873047,37.16356074078001,37.961531332061845,7.1145089663414804,-1.2755780860858579,-0.3159321919185448,-0.959645894167313,25.277045515779914,2.5848702448152685,3.0905307133380275,1.9546126746522248,-98.39186648846992,272024195.0,267373708.15,-1.0
2026-01-27,69.59192507953308,70.62037264643506,68.31860050394947,70.0914535522461,4552913,74.8863926696777,88.20546596527105,72.15557016134706,73.95414973110245,85.23204412826819,66.14336404433921,75.6877040863037,39.17809687045573,32.97958232800609,7.1145089663414804,-1.4435780996113579,-0.5414613734571074,-0.9021167261542504,25.805024519223014,2.56464895179172,6.167619542521285,4.010485855492653,-87.6281735970589,276577108.0,273496472.15,-1.0
2026-01-28,70.51262935173345,72.951535305801,70.43427677971887,72.69686889648438,5749693,74.70695236206052,88.12670394897465,72.26382990837453,73.8398514734099,85.20342703960664,66.2738472829031,75.73863716125487,46.2324195226713,32.97958232800609,7.1145089663414804,-1.3509116086780182,-0.7033514205012896,-0.6475601881767286,25.230198814000882,2.585751294774805,20.63790863409284,9.965352963317384,-67.70229651002067,282326801.0,279801333.6,-1.0
2026-01-29,72.97112376285709,73.17681328209387,70.81627477509751,70.93380737304688,5207484,74.51673782348631,88.04190898895267,71.997825401309,73.57566564610417,85.27069008050336,65.97738578619587,75.62403793334961,42.62929975936784,32.97958232800609,7.1145089663414804,-1.4035577374952908,-0.8433926839000898,-0.560165053595201,24.599182617979736,2.569664667076345,30.911359940597137,19.238962705737087,-77.04212737573143,277119317.0,285659446.1,-1.0
2026-01-30,70.93380121450294,72.60870784529293,69.88575996110248,71.01216125488281,6686901,74.32965728759763,87.9506719207764,71.80069257202376,73.34261979235677,85.32526212619689,65.70340990139101,75.51433601379395,42.84249772232251,32.97958232800609,7.1145089663414804,-1.4225592924336468,-0.9592260056068014,-0.4633332868268454,24.305341251633994,2.580613468298781,38.818601720472806,30.122623431720925,-76.35428946123892,283806218.0,291931988.75,-1.0
2026-02-02,69.81720520798304,70.03269160858464,66.73184736982293,69.1707534790039,6158282,74.10986267089842,87.8371459579468,71.2747047534198,72.96335921841559,84.70574814066333,65.10641235128003,74.90608024597168,39.15947886494454,35.63874054253891,6.9914299832451565,-1.5681279766585021,-1.0810063998171415,-0.4871215768413606,24.8929265223405,2.7020206409245744,26.39948495356034,32.04314887154342,-81.20750023711233,277647936.0,293783345.45,-1.0
2026-02-03,71.94266826476348,72.36384417482931,69.9445393832876,70.6497573852539,5171109,73.93551559448241,87.72652420043948,71.14971527978662,72.75303177903726,82.64274375048385,65.64926674756302,74.14600524902343,43.37039619240968,35.63874054253891,6.9914299832451565,-1.546323893696126,-1.1740698985929385,-0.3722539951031876,24.41982937584494,2.7370970734174906,31.095934144409014,32.10467360614739,-65.03499118472368,282819045.0,290805691.65,-1.0
2026-02-04,70.59098526350526,72.87317099427243,69.95432301390255,72.4617919921875,5600113,73.8295359802246,87.62911170959477,71.4121306222668,72.72655543477818,81.15794396514441,66.11736807709191,73.63765602111816,48.10907279434465,35.63874054253891,6.9914299832451565,-1.367069228785624,-1.2126697646314757,-0.1543994641541484,23.771904785443763,2.7500792810569465,46.58330332640182,34.69290747479039,-47.62760904124378,288419158.0,289108666.25,-1.0
2026-02-05,72.4324026913076,72.44219956472365,70.52242338054772,70.70852661132812,3321595,73.7180714416504,87.5146834945679,71.27140982007907,72.54309826900999,79.800850945226,66.41466571737165,73.10775833129883,44.25073792432993,35.63874054253891,6.9914299832451565,-1.3509100290663554,-1.2403178175184517,-0.11059221154790366,23.17026052292838,2.6921713760985773,63.624906930418916,47.10138146707658,-63.65266792618068,285097563.0,287591674.1,-1.0
2026-02-06,70.5224255730202,71.05134466155687,70.22857914400257,70.77709197998047,3106246,73.5944613647461,87.3848315048218,71.17254625205936,72.38255224273458,78.98786071126524,66.45778595621523,72.72282333374024,44.4384055987151,35.63874054253891,6.9914299832451565,-1.3173850992619975,-1.2557312738671609,-0.06165382539483666,22.709876115001325,2.5586423862025574,70.76162816155649,60.32327947279241,-53.1745773345125,288203809.0,286580281.05,-1.0
2026-02-09,71.38435849705061,71.92307442049709,70.92401008489811,71.80553436279297,3300872,73.48534729003907,87.25567974090579,71.2991438742061,72.3300960718308,78.49901834236262,66.47451986564518,72.4867691040039,47.303831748316234,35.41728031651333,6.9914299832451565,-1.1940652052107197,-1.2433980601358727,0.04933285492515305,21.87077100054322,2.4577381043678477,75.23002711641158,69.87218740279566,-22.1053304343651,291504681.0,286081999.3,-1.0
2026-02-10,72.18753168112204,72.3638380348606,71.20805359875769,71.3060073852539,3603081,73.38622406005861,87.13008316040043,71.30051657641566,72.2369971003238,77.32733615494628,66.88906551741702,72.10820083618165,46.06128082740139,35.41728031651333,6.9914299832451565,-1.1236877798151426,-1.2194560040717268,0.09576822425658427,20.88411940741007,2.364741413777496,80.61109148095382,75.53424891964062,-29.0273978529201,287901600.0,284967127.6,-1.0
2026-02-11,71.50190355273644,76.84985325048977,70.43427597705573,75.7920150756836,26862506,73.37721282958988,87.03731376647953,72.19881627626924,72.56018055262925,76.83090070908565,67.18568712050421,72.00829391479493,56.98806980618757,35.41728031651333,6.9914299832451565,-0.6978850492308766,-1.1151418131035569,0.4172567638726803,20.53771433931132,2.654086832324392,91.52057968307723,82.4538994268142,-10.455006522851129,314764106.0,285548371.65,-1.0
2026-02-12,77.2808242230114,79.82746580948519,76.4482693256983,77.35918426513672,53121380,73.4087519836426,86.9456928634644,73.23088987404275,72.99645361740265,76.903924121526,67.13910947832754,72.02151679992677,60.034020977259964,35.41728031651333,6.9914299832451565,-0.23130946970870525,-0.9383753444245866,0.7070658747158813,21.0404973856234,2.752755682429907,93.91381427050374,88.68182847817826,-18.84814799485047,367885486.0,288969327.2,1.0
2026-02-13,76.39929587065355,76.47765591630665,74.53828588693156,75.09658813476562,6444203,73.42207290649417,86.84881179809574,73.60402952618733,73.18737493716291,76.43472549082962,67.40849426625049,71.92160987854005,54.079553339627765,35.41728031651333,6.9914299832451565,-0.04361479564305171,-0.7594232346682797,0.715808439025228,20.717088897249482,2.7576230178424246,90.49165948072984,91.97535114477026,-36.12565299238801,361441283.0,292068072.6,1.0
2026-02-16,74.69500160801606,76.7519041127012,74.01915933124423,76.21318817138672,5948963,73.46967544555667,86.77088851928714,74.12586125522722,73.4624488675469,76.71577202590029,67.25869696824034,71.98723449707032,56.37896512190498,42.48930712440849,6.9914299832451565,0.19300997807779652,-0.5689365921190644,0.761946570196861,20.210754042376916,2.7558460009577495,84.6551149221491,89.68686289112756,-27.599136724631723,367390246.0,295898084.25,1.0
2026-02-17,76.21319318169931,76.82047233066545,75.7136647009045,75.95853424072266,3516148,73.53784713745121,86.69525527954106,74.49239585232631,73.6893657196538,77.17294829008733,67.09830338837946,72.1356258392334,55.69401864810904,42.48930712440849,6.9914299832451565,0.3558859404775916,-0.3839720855997333,0.7398580260773249,19.76223452981355,2.6380575458722637,77.72481946816252,84.29053129034715,-29.54371026147823,363874098.0,299765869.1,1.0
2026-02-18,76.27196029526986,76.28174969557388,74.9398695171065,75.07699584960938,2773487,73.64382659912113,86.61116291046147,74.60931585178292,73.81551391328611,77.49885421850632,67.24646514794875,72.37265968322754,53.28085778952436,42.48930712440849,6.9914299832451565,0.40911748163674133,-0.22535417215243841,0.6344716537891797,19.012898669656366,2.5454734482004864,76.44942933695864,79.60978790909007,-36.27526246097875,361100611.0,303858657.8,1.0
2026-02-19,75.07699834695741,75.69406686374641,73.04947896570795,73.59798431396484,3925513,73.67007659912112,86.5387613677979,74.40704954421932,73.79573849516599,77.57414576948597,67.54043629228161,72.55729103088379,49.41247586078331,42.48930712440849,6.9914299832451565,0.3281769713637317,-0.1146479434492044,0.44282491481293607,17.750880637766752,2.552553051760342,65.32505077791689,73.16643319434601,-47.56920434283061,357175098.0,308127685.9,1.0
2026-02-20,74.10528229670501,75.36855021281647,73.11058052091032,74.90104675292969,4761094,73.72140838623048,86.4649185943604,74.50584898596139,73.8962210640536,77.81807729744293,67.68343408561373,72.75075569152833,52.67270531160929,42.48930712440849,6.9914299832451565,0.3649701339861764,-0.018724327962128237,0.38369446194830464,16.57900675101211,2.5315113831993283,57.53002733981542,66.43483581823031,-49.84777629727759,361936192.0,312450727.55,1.0
2026-02-23,75.00052010609754,75.09003962881432,73.1105850960248,73.5383071899414,2710062,73.78015884399416,86.39646541595462,74.3123406267574,73.8636834391343,77.7815971958846,68.13316263077554,72.95737991333007,49.108262648814005,42.2636831827795,6.9914299832451565,0.28092891296498124,0.041206320223293666,0.23972259274168756,15.490838141882799,2.492078751027199,45.23922127570377,56.031433131145356,-63.699662303655,359226130.0,316810824.3,1.0
2026-02-24,73.46867499292019,74.25449031958367,72.52371132574024,73.79692840576172,4242452,73.83977203369142,86.33145309448246,74.20925818255827,73.8576147997368,77.78461046703995,68.50069684497177,73.14265365600586,49.802525368540984,42.2636831827795,6.9914299832451565,0.2325139346466898,0.07946784310797289,0.1530460915387169,14.736219868522632,2.437700196942644,40.591848294204304,47.78703230324116,-62.82538396259167,363468582.0,321155398.0,1.0
2026-02-25,74.10528061472047,75.44812646376997,74.10528061472047,74.76178741455078,4181386,73.91633163452148,86.23431358337405,74.31976402895678,73.93981231017443,77.93769645619898,68.55410270761936,73.24589958190917,52.41089135929106,42.2636831827795,6.9914299832451565,0.268901049945768,0.11735448447553193,0.1515465654702361,13.8838233843893,2.381521472733044,39.02384919715169,41.61830625568659,-52.77360355915517,367649968.0,325421556.35,1.0
2026-02-26,74.69215177051687,74.69215177051687,73.35925505027613,73.66761016845703,2560658,73.96865692138674,86.13443672180176,74.18933325685683,73.9150666609274,77.94836481863508,68.8168146247243,73.3825897216797,49.28340196628893,42.2636831827795,6.9914299832451565,0.20706027962336293,0.13529564350509815,0.07176463611826478,13.038794684485707,2.31159367927173,36.45173656529583,38.68914468555061,-65.57788941687951,365089310.0,329820056.0,1.0
2026-02-27,73.67756485813662,73.85661149258665,72.5137655286978,72.64307403564453,2964768,74.01694686889651,86.01591594696045,73.88008141261437,73.79943096771986,77.90828927651523,69.01998144492032,73.46413536071778,46.48620726142934,42.2636831827795,6.9914299832451565,0.07452049422192886,0.1231406136484643,-0.04862011942653545,12.635489134427207,2.2423974138872387,25.74040275043431,33.738662837627274,-76.48511210789069,362124542.0,333735972.2,1.0
2026-03-02,69.13177406129606,71.1112284886425,69.002465561269,69.86785125732422,4672987,74.03578628540043,85.8851787185669,73.07763538155635,73.44201463041115,77.81031507310756,69.18766542616,73.49899024963378,39.882867422962526,39.645703028448494,8.250794736661378,-0.25155574724603014,0.04820134146956542,-0.2997570887155956,13.557550551408923,2.3422696324935446,8.70038740624163,23.63084224065726,-92.00567504654038,357451555.0,337726153.15,1.0
2026-03-04,68.72394349578384,68.83336130054579,67.4905153927076,67.87844848632812,4209237,73.96645156860355,85.71593887329102,72.03779800251071,72.93623589003995,78.2027618303083,68.51808777906666,73.36042480468748,35.94151340871854,39.645703028448494,8.250794736661378,-0.66286065038733,-0.09401105690181367,-0.5688495934855163,14.85686522060477,2.344774363359479,1.0137034193498384,11.818164525341926,-96.85551874235497,353242318.0,341247316.8,-1.0
2026-03-05,68.15696662684255,72.66297232945382,68.15696662684255,72.28498077392578,8398954,73.98309249877931,85.56414321899415,72.08723455679373,72.87703087948411,78.20146884798642,68.50169963956237,73.3515842437744,48.161492911982805,39.645703028448494,8.250794736661378,-0.6260358689331156,-0.20041601930807407,-0.4256198496250415,14.320670091027218,2.5190421833427807,19.930696636019146,9.881595820536871,-48.61213815776089,361641272.0,344908422.5,-1.0
2026-03-06,71.67820693033194,72.81216633804951,70.22594326060543,70.61387634277344,3487613,73.92086364746095,85.42151596069337,71.79256291398967,72.67128955796495,78.20776784871094,68.4859356119824,73.34685173034667,44.680499952162776,39.645703028448494,8.250794736661378,-0.7233577085246452,-0.3050043571513883,-0.4183533513732569,13.763659032885604,2.5238408186357306,34.18391937318612,18.376106476185036,-66.52330797628005,358153659.0,348561227.3,-1.0
2026-03-09,68.6344235797291,69.24119227936335,67.98786589777775,68.60458374023438,3475625,73.82334640502931,85.27128288269043,71.15496707923862,72.30158902908036,78.4269763368691,68.04947629984966,73.23822631835938,40.856735389479546,37.4033700948932,8.250794736661378,-0.9516490701333709,-0.4343332997477848,-0.5173157703855861,13.985932289893142,2.531138649090013,42.478600513951086,32.197738841052114,-88.05923376779668,354678034.0,351884938.55,-1.0
2026-03-10,69.63907495144676,70.39504285330813,68.78363079868092,69.4898681640625,3764230,73.76077362060548,85.12552501678466,70.8219472962034,72.04597804135146,78.54392696143053,67.7009590554152,73.12244300842286,43.164630815691616,37.4033700948932,8.250794736661378,-1.0490438402036801,-0.5572754078389639,-0.49176843236471623,13.708718272657757,2.4782329679459942,36.433698804466886,37.69873956386803,-77.25742822366774,358442264.0,355231817.7,-1.0
2026-03-11,69.66891689409087,71.51906289996869,69.47992111843445,70.15631866455078,4769277,73.73151107788087,84.98641868591308,70.68882156987289,71.87419082527867,78.59091045976963,67.53900668500576,73.0649585723877,44.907532214315154,37.4033700948932,8.250794736661378,-1.060231225943994,-0.65786657145997,-0.40236465448402414,13.000731428880066,2.446869311773726,40.0433572806969,39.65188553303829,-67.50427810132804,363211541.0,358997314.75,-1.0
2026-03-12,70.15631780476448,72.96137661978746,68.78363203195667,71.9666748046875,8792807,73.7372804260254,84.84850524902343,70.94439221683581,71.88259845977038,78.26538915100706,67.48199396666872,72.87369155883789,49.44294389957024,37.4033700948932,8.250794736661378,-0.9124979901918095,-0.708792855206338,-0.2037051349854716,12.344806986880922,2.570503260063516,58.647398337400276,45.04148480752135,-43.74995998161643,372004348.0,361859326.85,-1.0
2026-03-13,72.41429254562438,73.41893587833816,69.18151176392637,69.51970672607422,7881201,73.66315872192384,84.6946471786499,70.6594551186835,71.66779012034345,77.63497138950095,67.32846397426857,72.48171768188476,44.15210138651944,37.4033700948932,8.250794736661378,-0.9815534728372626,-0.7633449787325229,-0.21820849410473964,11.903713763478482,2.6895690353741073,61.37949066489987,53.35674876099901,-74.49999358795351,364123147.0,361671209.9,-1.0
2026-03-16,70.02700719019826,70.94213101115471,68.08733415583207,68.7935791015625,7850313,73.57490631103516,84.53769542694093,70.2862799152593,71.40649820954519,77.41652032255064,66.91661413789859,72.16656723022462,42.69215167835646,36.21397764942203,8.250794736661378,-1.082395687431216,-0.8271551204722616,-0.25524056695895436,11.0619974796257,2.701371022513289,57.17961945284753,59.068836151715885,-83.6249384743939,356272834.0,361412787.45,-1.0
2026-03-17,69.12182234575161,69.92753592215762,68.15696043592615,68.67420959472656,4125024,73.32167312622072,84.38239215850831,69.96386585115275,71.15810833547076,76.89687106798708,66.68236553479615,71.78961830139161,42.44368695111733,36.21397764942203,8.250794736661378,-1.1585904807503482,-0.8934421925278789,-0.2651482882224693,10.28040378747669,2.6348856270645875,43.44102502282928,54.000045046858894,-85.12500558963683,352147810.0,360650665.65,-1.0
2026-03-18,69.13177325362255,71.15101663945683,68.77368000806874,70.0667953491211,6994709,73.00598388671877,84.26265632629395,69.98445175074642,71.05889806398443,76.2578650083113,66.73219770531175,71.49503135681152,46.36539297194987,36.21397764942203,8.250794736661378,-1.0939944839318798,-0.9335526508086792,-0.1604418331232006,10.047718374717094,2.623594299754993,52.55838503338235,51.059676503019716,-64.22646435812969,359142519.0,360414086.7,-1.0
2026-03-19,69.62912796790704,70.28563481716849,68.1370752257376,68.36585998535156,4523592,72.72072555541993,84.12792369842529,69.66073339766746,70.81407642047235,75.80390648685103,66.51504264034621,71.15947456359862,42.551669346581676,36.21397764942203,8.250794736661378,-1.1666050626348294,-0.9801631331739094,-0.18644192946092009,9.537811751527604,2.5896632491604135,55.215018451407346,50.404809502539656,-86.2498997987071,354618927.0,360090002.5,-1.0
2026-03-20,69.08203511334236,71.46932088682343,69.08203511334236,69.70870208740234,9815044,72.48876998901368,84.00327335357666,69.67032713561444,70.7135878447387,75.5040374205549,66.42598348398609,70.96501045227049,46.30656831349837,36.21397764942203,8.250794736661378,-1.103077740798227,-1.004746054698773,-0.09833168609945409,9.559964215511856,2.6263630814683743,67.64490726726913,58.472770250686274,-62.58385011536818,364433971.0,360452946.15,-1.0
2026-03-23,69.61918106073615,69.61918106073615,65.6602719075194,66.16756439208984,6771812,72.24260543823242,83.85227741241455,68.96977458690952,70.30031298540699,75.15258725785732,65.9040854105997,70.52833633422851,39.05685742763702,36.5890627310486,8.250794736661378,-1.3232188547597445,-1.0684406147109673,-0.25477824004877725,9.601689566187282,2.727939302783701,49.60105245927928,57.486992725985246,-93.46160000641312,357662159.0,360239244.5,-1.0
2026-03-24,67.63972432956112,67.83866165964723,65.71000035404062,66.57539367675781,4996355,72.0435809326172,83.68482048034667,68.49089840487918,69.96168395734797,74.89777884129781,65.46260247584085,70.18019065856933,40.21769386260421,36.5890627310486,8.250794736661378,-1.4480812791177868,-1.1443687475923312,-0.30371253152545563,9.640434534671606,2.6851337315567663,37.0070229115836,51.41766087937733,-88.20516299352195,362658514.0,360410863.7,-1.0
2026-03-25,67.18216025645496,68.81347059584407,66.94343395017111,67.52035522460938,4989064,71.8164405822754,83.51608428955076,68.29678976882522,69.73974498164446,74.40249635662573,65.33022764239769,69.86636199951171,42.93021323138575,36.5890627310486,8.250794736661378,-1.4540240661324475,-1.2062998113003545,-0.24772425483209304,9.230162210117783,2.653201102094587,23.848239254539223,36.81877154180069,-76.02572654150296,367647578.0,360619813.5,-1.0
2026-03-27,67.14237514807391,67.53030826403383,65.70006049529702,65.81941986083984,7389422,71.57702590942384,83.34060073852537,67.80131578722815,69.38335178884404,73.67804749661897,65.16043974703337,69.41924362182617,39.459563262911544,36.5890627310486,8.250794736661378,-1.5777971725428444,-1.2805992835488524,-0.2971978889939919,9.345373980043009,2.5944187211404603,17.449299723185156,26.101520629769325,-97.94877115545904,360258156.0,360250222.9,-1.0
2026-03-30,65.26238674939114,65.63042915331035,62.68610889438828,63.01435852050781,7455143,71.295418548584,83.1477725601196,66.84392433388409,68.80435240081347,73.55341916483604,64.21974291402137,68.8865810394287,34.50536252388867,32.37056734102669,8.250794736661378,-1.8805553865086182,-1.4005905041408058,-0.47996488236781243,10.463250148169662,2.6329110243769676,13.7236858515112,18.340408276411857,-96.94162938981127,352803013.0,359635908.05,-1.0
2026-04-01,64.91424468180078,67.62977647519244,64.16821829630176,66.90364837646484,6848942,71.09159698486329,82.97873523712157,66.85586914240025,68.63156112587268,72.99160673403443,64.20761277890503,68.59960975646973,44.845271351741395,32.37056734102669,7.596789865144592,-1.786071544137556,-1.477686712140156,-0.3083848319974001,10.59192864106897,2.774518662256086,24.36604288112534,18.513009485273898,-60.70430010300578,359651955.0,359512278.7,-1.0
2026-04-02,66.04820080384445,67.26173820978157,64.4666210011809,66.98321533203125,4373002,70.93324737548828,82.82571594238279,66.88133838032645,68.48171150825073,72.86145070972377,64.0493052106864,68.45537796020508,45.036447135074575,32.37056734102669,7.596789865144592,-1.6853444285123373,-1.5192182554145923,-0.16612617309774502,10.711415813046898,2.775989986994985,46.57379021438432,28.221172982340285,-59.962958090455,364024957.0,359840948.8,-1.0
2026-04-06,66.8539072879522,67.54025396068845,65.50111222836995,67.33136749267578,5552166,70.82006057739258,82.68180816650388,66.97134420279632,68.3771347795621,72.85591643844255,64.00013138260239,68.42802391052247,45.919750429443376,34.793218834112544,7.596789865144592,-1.5594481464353152,-1.527264233618737,-0.032183912816578175,10.692554019281427,2.723357968803807,78.65461821209166,49.86481710253377,-56.71915139194802,369577123.0,360657689.05,-1.0
2026-04-07,66.64501995866819,68.1171819476493,66.54555129741988,67.17221069335938,4059061,70.75677841186524,82.5335412597656,67.01151750090892,68.26759622627094,72.23825186635516,64.10651894663316,68.17238540649416,45.55929396150361,34.793218834112544,7.596789865144592,-1.455736238241414,-1.5129586345432724,0.057222396301858325,10.400070705294677,2.6410917317627796,86.64877153625072,70.62572665424223,-48.924131595196506,365518062.0,360851528.55,-1.0
2026-04-08,69.56944741086036,70.37515345301732,68.74384308256695,70.17621612548828,6361101,70.76219558715822,82.40849494934079,67.6444572258248,68.44110712619978,72.16543282210759,64.13557196915218,68.15050239562989,53.05039190589528,34.793218834112544,7.596789865144592,-1.1182551219852854,-1.434017932031675,0.3157628100463896,10.161220037196971,2.6812239480410054,96.48190461108136,87.26176478647457,-14.722458736608846,371879163.0,361537803.75,-1.0
2026-04-09,70.61388187698783,71.17092007088932,69.3406647291664,70.30552673339844,5462318,70.7476710510254,82.29112434387206,68.17667112733952,68.6105998177633,72.36150575957413,64.10959333100206,68.2355495452881,53.34797642592971,34.793218834112544,7.596789865144592,-0.8307878157748689,-1.313371908780314,0.482584093005445,10.247209081403572,2.6204404761611424,97.73440994670734,93.6216953646798,-13.25021136262392,377341481.0,362670976.1,-1.0
2026-04-10,70.6934585476753,72.29492909640685,70.6934585476753,71.76773834228516,4074194,70.79490936279299,82.19424423217771,68.89488457032866,68.89761241090166,72.73855164642741,63.960334461971044,68.34944305419923,56.690841641443456,34.793218834112544,7.596789865144592,-0.479452814293964,-1.1465880898830438,0.6671352755890798,10.744114598454951,2.5753663252216614,99.99999999999999,98.07210485259623,-5.486529491008074,381415675.0,363819646.65,-1.0
2026-04-13,69.82806602237903,72.96137833123626,69.57939056277088,72.1059341430664,7623544,70.83519897460941,82.08143360137937,69.5370944848762,69.18927802291664,73.08456566121252,63.809281995037466,68.446923828125,57.45027179447331,43.71930934142562,7.596789865144592,-0.17174791661220468,-0.951620055228876,0.7798721386166714,10.655543990072674,2.6329821425962128,99.99999999999999,99.2448033155691,-8.325272572436504,389039219.0,365111030.55,1.0
2026-04-15,73.30951949469366,75.22929426885563,73.30951949469366,74.86125946044922,7979685,70.8784867858887,81.97654209136961,70.60192747999082,69.70491269905597,73.8331434489539,63.350162672872244,68.59165306091307,63.12369121384693,43.71930934142562,7.596789865144592,0.2910866914095891,-0.7030787059011832,0.9941653973107722,11.387068037194995,2.6680091413957134,99.99999999999999,99.99999999999999,-2.934141507272714,397018904.0,366361758.35,1.0
2026-04-16,75.22929469900399,76.67161686808231,74.38379968346015,75.92559051513672,6658685,70.97832244873051,81.87541019439695,71.66666008702,70.27042886415421,75.09122313519184,62.732671365540554,68.9119472503662,65.06162670290169,43.71930934142562,7.596789865144592,0.7352930730950646,-0.41540435010193366,1.1506974231969984,12.514844987616515,2.640852573054745,99.99999999999999,99.99999999999999,-5.334281417227215,403677589.0,368339480.45,1.0
2026-04-17,76.48262318640295,79.25784220585744,76.19415874470631,78.20346069335938,9792864,71.12214843750003,81.77444065093994,72.97402020828788,70.99161357590013,76.82714707371271,61.937735586199366,69.38244132995604,68.83628788545084,43.71930934142562,7.596789865144592,1.2566490493382645,-0.08099367021389403,1.3376427195521585,14.253421981521011,2.6902382243166008,99.99999999999999,99.99999999999999,-6.362530054525672,413470453.0,371199361.4,1.0
2026-04-20,78.38250823409263,78.74060150455387,75.92559346858408,76.57215118408203,7067252,71.2701763916016,81.66917079925535,73.6936464034467,71.49893517664393,77.8732603026544,61.681416516193245,69.77733840942382,63.54176701695462,53.03269344132337,7.596789865144592,1.5206650921011118,0.23933808224910716,1.2813270098520047,15.72464638330047,2.6991503537203996,94.85932793563815,98.2864426452127,-16.20645813746392,406403201.0,373912130.95,1.0
2026-04-21,76.79097876352172,77.93488739360872,76.1145812109551,76.40304565429688,3511490,71.38524215698244,81.56500789642332,74.23552625361674,71.9447634018851,78.71655230541256,61.47174954395268,70.09415092468262,63.00081157859453,53.03269344132337,7.596789865144592,1.6966958515238844,0.5308096361040626,1.1658862154198217,17.090783327809966,2.636375770072773,89.19341957905783,94.68424917156531,-17.226903775869886,402891711.0,376099590.55,1.0
2026-04-22,76.29362452784282,81.01845804709055,76.25384313439751,80.42163848876953,16968781,71.54443908691408,81.47639835357666,75.4727487006473,72.71538840978369,80.42530852911959,60.96857117058745,70.69693984985352,69.61982615666604,53.03269344132337,7.596789865144592,2.13584763158201,0.851817235199652,1.2840303963823578,19.11878082957386,2.7883928516885055,89.19341957905783,91.08205569791794,-3.54190543961298,419860492.0,379361668.8,1.0
2026-04-23,80.172966485702,81.65507009683442,78.29298062226637,78.55160522460938,8426676,71.70130065917971,81.37882915496826,76.08852000543972,73.24595357476784,81.46386158376133,60.81430842966641,71.13908500671387,63.89178450157418,53.03269344132337,7.596789865144592,2.306395829853159,1.1427329541303535,1.1636628757228054,21.13826803498852,2.8293711818941873,86.56726993560244,88.31803636457269,-18.05552586480781,411433816.0,381711661.05,1.0
2026-04-24,78.58143905965873,79.25783656018683,76.42293806127206,77.43753051757812,3627404,71.83450942993166,81.28330444335937,76.35832210786741,73.62700602411422,82.11470778195003,61.29045884402656,71.7025833129883,60.688263257362244,53.03269344132337,7.596789865144592,2.3248604435519553,1.379158452014674,0.9457019915372813,21.963667139639625,2.8297659902528003,79.85943855545386,85.2067093567047,-26.108397790796012,407806412.0,384218873.7,1.0
2026-04-27,77.43753641094969,80.76978604358924,77.26843892019157,79.98397827148438,7429262,71.99807830810548,81.2034895324707,77.08345334059081,74.20491259205696,83.11655422718758,61.62947085826167,72.37301254272462,65.00710776607602,51.93127176769846,7.596789865144592,2.5159683184873955,1.6065204253092182,0.9094478931781773,23.114183460725002,2.877736071191719,73.4690030306217,79.96523717389266,-11.059861320102382,415235674.0,386847731.7,1.0
2026-04-28,80.043652898565,81.87390051843029,79.75518847367861,81.35665893554688,8736216,72.19909133911132,81.12970821380614,77.93809445958203,74.85507135055603,84.26490265370388,61.86475280283911,73.0648277282715,67.10505214235275,51.93127176769846,7.596789865144592,2.7465262983365193,1.8345215999146784,0.9120046984218408,24.444009411569915,2.8235200693031444,76.17676241872151,76.5017346682657,-3.939370299101852,423971890.0,389663947.3,1.0
2026-04-29,82.05295185554446,82.5602519139037,79.68556423148921,80.17296600341797,5539650,72.28671035766601,81.04927623748777,78.38506876834921,75.33851631899802,84.86664688260464,62.69836318819614,73.78250503540039,63.56595156961475,51.93127176769846,7.596789865144592,2.8014378002326765,2.0279048399782784,0.7735329602543981,25.837283527553964,2.827174898811098,76.14897295577995,75.26491280170772,-18.058702417288618,418432240.0,392572651.5,1.0
2026-04-30,80.07349739911847,80.42164152218965,78.1636717048656,78.56155395507812,5294246,72.31075775146482,80.95795604705809,78.420365805695,75.63151974045984,84.59534939919877,64.52438021505907,74.55986480712892,59.00379810759979,51.93127176769846,18.790191170098602,2.6839887246400735,2.1591216169106375,0.524867107729436,26.274258830274476,2.7865173929905933,55.169308282959484,69.16501455248698,-30.804565665256213,413137994.0,395589400.55,1.0
2026-05-01,78.56155395507812,78.56155395507812,78.56155395507812,78.56155395507812,0,72.38005706787108,80.87093135833737,78.44860343557163,75.89788648724331,84.64597333896675,65.63954683315238,75.14276008605957,59.00379810759979,51.93127176769846,18.790191170098602,2.561383452028892,2.2395739839342883,0.32180946809460353,26.680021611372094,2.5874804363484083,31.150263787615096,54.156181675451506,-30.804565665256213,413137994.0,398263702.5,1.0
2026-05-04,79.56619815576833,80.5211110126807,78.34271914086953,79.4368896484375,3553696,72.4445310974121,80.79165149688717,78.6462606781448,76.21961404735188,84.62795173996727,66.9029358637925,75.76544380187988,60.77725532622254,53.45889922149264,18.790191170098602,2.505962983760739,2.2928517838995788,0.21311119986116012,27.594655796027883,2.5582598245957486,15.786949144327838,34.03550707163414,-33.76340514379419,416691690.0,400897039.15,1.0
2026-05-05,79.42693881526469,80.16301603720851,78.60133448324828,78.93953704833984,2765593,72.50415115356445,80.70881099700924,78.70491595218381,76.46687977471443,84.36278131175045,68.32892324757573,76.34585227966309,59.209975959774596,53.45889922149264,18.790191170098602,2.394309554952983,2.3131433381102595,0.0811662168427234,28.443958967493973,2.4870756624074972,10.471095145244092,19.136102692395674,-44.282223677437706,413926097.0,403114487.85,1.0
2026-05-06,79.5661947699605,79.67561257495848,78.08409121449574,79.51646423339844,3159380,72.59294052124022,80.62651206970212,78.86722560842674,76.74411472550389,83.82357005062855,70.10255986270153,76.96306495666504,60.48298292891347,53.45889922149264,18.790191170098602,2.325568899795414,2.3156284504472904,0.009940449348123437,28.90613545815239,2.4231074979828713,10.860370363645428,12.372804884405785,-45.87708177581447,417085477.0,405692858.6,1.0
2026-05-07,79.88450115569208,80.17296559568528,79.09868580308422,79.46672821044922,3590142,72.71031539916991,80.54044994354244,78.98712612883124,76.9916250423171,83.57417455146796,71.28100657035822,77.42759056091309,60.30824457432374,53.45889922149264,18.790191170098602,2.241242505464683,2.300751261450769,-0.05950875598608585,29.487863913361487,2.3267626618841706,9.387720549825929,10.239728686238482,-46.62672131429447,413495335.0,407773667.2,1.0
2026-05-08,79.07879598685525,79.66566642757279,78.0840941505426,78.37255859375,2986750,72.77974563598633,80.44867290496822,78.86421262181499,77.11716445608371,82.98892363069564,72.67296067716569,77.83094215393066,56.44477858458315,53.45889922149264,18.790191170098602,2.062349406517697,2.253070890464155,-0.19072148394645794,29.36973586146693,2.273534777251743,8.740341413228983,9.66281077556678,-64.96908565679624,410508585.0,409432022.4,1.0
2026-05-11,77.74589836101045,77.92493740427241,76.49257193536803,76.9600830078125,2684784,72.84818115234376,80.34997993469234,78.48338669901449,77.10288432442269,82.41966782536053,73.76145094905351,78.09055938720702,51.828909726316034,53.15302472488529,18.790191170098602,1.7860123232050427,2.1596591770123323,-0.3736468538072897,28.328573206740348,2.2454241973324733,4.095839676556119,7.407967213203676,-88.80123540817651,407823801.0,410752428.7,1.0
2026-05-12,77.0694955471983,77.4275811982156,73.6178792327829,73.85660552978516,3331792,72.84937469482423,80.23664817810054,77.55803046516863,76.80776807036473,82.04367626019221,74.31250965289372,78.17809295654297,43.425965154964466,53.15302472488529,18.790191170098602,1.3015846406165394,1.988044269733174,-0.6864596291166345,26.60608479724847,2.357158323625347,0.0,4.278727029928367,-97.33039199421582,404492009.0,411525068.2,1.0
2026-05-13,73.60792973297117,75.94547733507517,73.50846107545077,75.29891967773438,2753584,72.8601173400879,80.12945415496822,77.10620830768178,76.67060003467105,81.99073106016986,74.40922087464459,78.19997596740723,47.67205386875781,53.15302472488529,18.790191170098602,1.0222708083324221,1.7948895774530236,-0.7726187691206015,25.052754650100624,2.3628624619109937,5.977269754326326,3.3577031436274813,-80.21984119785937,407245593.0,412036402.65,1.0
2026-05-14,75.69680324061517,77.98462034906007,75.59733458132892,76.52240753173828,4835435,72.91721328735352,80.02876800537103,76.98944815249308,76.6571279889499,81.95399845116698,74.50563518530764,78.22981681823731,51.029658279432134,53.15302472488529,18.790191170098602,0.8893855456562108,1.6137887710936611,-0.7244032254374504,23.80877179628852,2.3859223340120437,16.681079306495675,7.552783020274,-66.70331307829207,412081028.0,412456574.6,1.0
2026-05-15,77.28832669064957,79.02905483763692,75.25914170045722,77.00981140136719,12186612,73.00454803466796,79.93164161682124,76.99352080226791,76.68919011735146,81.93413951630406,74.40612919097133,78.17013435363769,52.34158455505049,53.15302472488529,18.790191170098602,0.8140189329240712,1.4538348034597433,-0.639815870535672,23.060573473834104,2.4847788199525906,29.231703133102066,17.296684064641354,-61.318700482535164,424267640.0,412996433.95,1.0
2026-05-18,75.5774445968243,75.84601073832366,70.12647550231893,72.74253845214844,11944192,73.06204177856445,79.81313003540035,76.14332433224402,76.330403602333,82.41459996944663,73.54270746463543,77.97865371704103,41.78656385892439,50.89191876232767,18.790191170098602,0.40528520981536076,1.2441248847308668,-0.838839674915506,22.45320021614028,2.7989614684594244,23.25443337877574,23.055738606124493,-78.96002901104062,412323448.0,413292446.3,-1.0
2026-05-19,73.1105813033986,74.5031653222102,72.8619058567884,74.16496276855469,3851232,73.18777206420897,79.71930328369135,75.74765201950615,76.1335453447168,82.5746363065255,73.15886283898233,77.86674957275392,45.71614561348128,50.89191876232767,18.790191170098602,0.19390334703820145,1.0340805771923338,-0.8401772301541324,21.889210762567448,2.7247947114310196,19.44800608942641,23.97804753376807,-61.148351356716255,416174680.0,413956594.75,-1.0
2026-05-20,73.84666192189343,73.84666192189343,72.82212024862623,73.1901626586914,2306540,73.20587570190428,79.62333610534661,75.2361541473432,75.86596510053266,82.48953518734073,72.5208163751593,77.50517578125002,43.54669685545752,50.89191876232767,18.790191170098602,-0.05168078039211821,0.8169283056754435,-0.8686090860675617,21.378978779332957,2.626083840609408,9.98684848817937,17.563095985460507,-70.5262666178292,413868140.0,413656977.15,-1.0
2026-05-21,73.60793261791969,74.19480303257201,72.85195713098553,73.08074188232422,2179822,73.2552130126953,79.51935340881342,74.8050716943394,75.61276298978643,82.56262081587583,71.90064441239566,77.23163261413575,43.29831510024935,50.89191876232767,18.790191170098602,-0.2522297651785834,0.6030966915046382,-0.8553264566832216,20.738166179777515,2.5344239878220565,12.640343656111487,14.025066077905755,-71.5789324497202,411688318.0,413669702.25,-1.0
2026-05-22,73.27968002692884,73.53830462069622,72.61323164007878,72.70275115966797,2062639,73.33717636108396,79.41025909423821,74.38460758740513,75.34821645977566,82.69512048821322,71.29466680426724,76.99489364624023,42.39864663109533,50.89191876232767,18.790191170098602,-0.43663373096188707,0.39515060701133314,-0.8317843379732202,20.23588440314677,2.419470344450298,6.8342269985385515,9.820473047609802,-74.35646048115704,409625679.0,413760665.6,-1.0
2026-05-25,73.58804613279064,74.3539632174207,73.36921051176124,73.87650299072266,1836904,73.42490905761717,79.32265369415278,74.28298666806865,75.21442432622538,82.36985446103498,71.00918530336932,76.68951988220215,46.14103884652933,44.45518317321697,18.790191170098602,-0.4825012648565661,0.21962023263775332,-0.7021214974943194,19.349336187256597,2.364594752543329,11.508234928852511,10.327601861167516,-62.67325749039604,411462583.0,413572011.05,-1.0
2026-05-26,73.79693009542225,74.80157346467674,72.93153678420022,73.3990478515625,2382386,73.48976364135741,79.23886032104487,74.10619890476741,75.04939010125602,81.70397017988303,70.87930847612283,76.29163932800293,44.86413874490068,44.45518317321697,18.790191170098602,-0.5510263664465782,0.06549091282088701,-0.6165172792674652,18.297643443448823,2.329269175967128,14.393428776720718,10.91196356803726,-67.42571466422451,409080197.0,412827426.4,-1.0
2026-05-27,73.3990432640217,75.72664172331844,73.35925428322533,75.119873046875,4499727,73.55282760620116,79.16005886077876,74.30893373318894,75.05579764176684,81.15191868128228,70.92605067906929,76.03898468017579,50.21203302439321,44.45518317321697,18.790191170098602,-0.46116081659675956,-0.0398394330626423,-0.42132138353411724,17.12311759142883,2.331991909118984,32.46199794253046,19.45455388270123,-47.65386725475162,413579924.0,412584810.6,-1.0
2026-05-28,75.119873046875,75.119873046875,75.119873046875,75.119873046875,0,73.66483093261718,79.07998828887936,74.47112159592615,75.06162267859486,80.85243970285842,70.88136156667284,75.86690063476563,50.2120330243932,44.45518317321697,18.790191170098602,-0.3854979405993646,-0.10897113456998678,-0.27652680602937785,16.032486443124547,2.165421058467628,51.30661677575776,32.72068116500297,-43.91066502775834,413579924.0,412606907.1,-1.0
2026-05-29,75.39839592949235,77.3877994359278,73.85660517641604,74.76178741455078,7861333,73.78419509887695,79.00393604278561,74.52925475965108,75.03436492731812,80.51758008403498,70.83624453144351,75.67691230773924,49.063543423609694,44.45518317321697,18.790191170098602,-0.3503900062500662,-0.1572549089060027,-0.19313509734406353,16.06943430475205,2.262976287113638,68.74902770024809,50.8392141395121,-47.932933393327794,405718591.0,412235936.95,-1.0
2026-06-01,75.14972431313319,75.28898195854823,72.26508756430125,72.52371215820312,4049759,73.86118515014648,78.9110799026489,74.1281462393615,74.80612376648948,80.02655784916692,70.63594901728814,75.33125343322753,42.51775374640972,47.85089945610451,18.20960708102049,-0.4974266592605403,-0.2252892589769102,-0.2721374002836301,15.257477678896029,2.3173275804803053,51.89833063258358,57.31799170286314,-73.07256059629856,401668832.0,411484794.05,-1.0
2026-06-02,71.94678199450165,72.11587947674893,70.83271326227906,71.65831756591797,3313764,73.89301559448242,78.81980319976803,73.6341805046728,74.51995956643752,79.61336544641165,70.32101947180124,74.96719245910644,40.279978129894246,47.85089945610451,18.20960708102049,-0.675991962750075,-0.31542979973154317,-0.36056216301853183,14.502561454637222,2.272589817297717,25.290237643682968,48.64586532550488,-82.7932781511761,398355068.0,410706242.6,-1.0
2026-06-03,71.96667566277394,73.16032240850976,71.56879341419533,72.8420181274414,3543740,73.98253875732422,78.73000297546383,73.47574802922652,74.3674194356197,78.84200701683403,70.42493329078312,74.63347015380857,44.57682600748307,47.85089945610451,18.20960708102049,-0.7137636860719141,-0.3950965769996174,-0.3186671090722967,13.623764760769259,2.223942615656054,14.18386297112868,30.457477082465076,-69.49712523931714,401898808.0,409946909.15,-1.0
2026-06-04,72.21535278028202,73.9262411762352,71.916946778715,73.33937072753906,2285055,74.05515213012696,78.61838062286371,73.44847256888903,74.27396046215782,77.89798014319297,70.7562244161332,74.32710227966308,46.32431651831617,47.85089945610451,18.20960708102049,-0.6955480062043335,-0.45518686284056065,-0.2403611433637729,13.152798436792594,2.208610600074921,32.160350792452576,23.878150469088073,-55.753313657454086,404183863.0,409481335.55,-1.0
2026-06-05,73.40899402020845,73.75713812361477,72.69280752807417,73.28962707519531,2515042,74.19759338378907,78.5286706924438,73.4167034701503,74.18447560879758,77.11604553833153,71.02986586913916,74.07295570373535,46.16752664786129,47.85089945610451,18.20960708102049,-0.6773181437462767,-0.4996131190217039,-0.17770502472457284,12.715472564528548,2.126876314036755,51.91976808828985,32.75466061729037,-62.518970035924525,401668821.0,409039347.35,-1.0
2026-06-08,72.21535282583635,72.76244187918027,71.72795104402176,71.90699768066406,1407442,74.3042254638672,78.43932075500484,73.11476231225305,73.97743216078544,76.6881290139809,70.95247386077494,73.82030143737792,41.920471154010876,45.699717355867215,18.20960708102049,-0.7656119850452114,-0.5528128922264055,-0.21279909281880593,11.819636776802781,2.0865048652608116,45.55076156503755,43.210293481926655,-83.61143713558494,400261379.0,408661226.25,-1.0
2026-06-09,72.61322911210891,72.77238503780103,71.49916039918081,72.40434265136719,2180975,74.40190521240237,78.3489430236816,72.97267838007588,73.8344240235656,76.6843614636848,70.81101512322924,73.74768829345702,43.91897015563857,45.699717355867215,18.20960708102049,-0.7863889059493232,-0.5995280949709891,-0.18686081097833407,11.10827711390469,2.0284134205007693,37.47809050744388,44.98287338692376,-76.02427569288052,402442354.0,408558743.5,-1.0
2026-06-10,72.45407656740166,72.80222827385619,70.93218400457157,71.42953491210938,1725173,74.51410751342776,78.24295234680172,72.66404968648258,73.61579774070594,76.5693787728675,70.53905933748406,73.55421905517578,40.945057189801965,45.699717355867215,18.20960708102049,-0.871467864137486,-0.6539160488042886,-0.21755181533319745,10.750209236479582,2.0171013382710443,19.950769412484718,34.32654049498871,-90.89528903175182,400717181.0,408232322.9,-1.0
2026-06-11,71.08139296842666,71.34996671653519,69.67886731254397,69.94743347167969,1734123,74.65276901245119,78.11642047882077,72.12072644352202,73.28231007988538,76.31093334066878,70.14000736367692,73.22547035217285,36.85850146776532,45.699717355867215,18.20960708102049,-1.0464242241865662,-0.7324176838807441,-0.3140065403058221,11.042538633556513,1.9980703569349272,14.44505066800065,23.957970195976415,-96.51616910309714,398983058.0,407577424.4,-1.0
2026-06-12,70.92223913219694,72.61322910311902,70.72329422510641,72.22529602050781,2256153,74.75920196533204,78.0023517990112,72.14164035891918,73.18621789266923,75.5307917333757,70.44169743288408,72.98624458312989,45.81024089031888,45.699717355867215,18.20960708102049,-0.9898634001112612,-0.7839068271268476,-0.2059565729844136,10.56070609620098,2.045765019399528,24.577594305236513,19.657804795240626,-66.96781516288553,401239211.0,406426002.95,-1.0
2026-06-15,73.45872453186274,73.48856437086333,72.6132295412996,72.75248718261719,2191028,74.87458740234376,77.88022903442379,72.26380972365878,73.14678782811905,75.53109245249857,70.44239158680807,72.98674201965332,47.65973829826035,44.15422919871686,18.20960708102049,-0.8922137341277505,-0.8055682085270282,-0.08664552560072236,9.9772051619784,1.9898724001820987,49.30774596788069,29.443463647039284,-60.129109701849956,403430239.0,405981342.5,-1.0
2026-06-16,72.75248761532127,73.66761143198602,72.56349184856379,73.27967834472656,3160897,74.99355361938477,77.76157199859614,72.46698344787234,73.15886878417427,75.43070637893186,70.45424921799196,72.94247779846191,49.515322952897485,44.15422919871686,18.20960708102049,-0.7634847722444391,-0.7971515212705105,0.03366674902607136,9.532502343653062,1.9266043418421082,80.90193868875707,51.59575965395809,-53.2904042408144,406591136.0,405502165.3,-1.0
2026-06-17,73.11058004982087,73.90634450091801,72.86190460747453,73.47862243652344,2063731,75.11968185424807,77.64459304809564,72.66931124560256,73.1879372980242,75.45450089048134,70.4593006842257,72.95690078735352,50.23235665176138,44.15422919871686,18.20960708102049,-0.6380578828506884,-0.765332793586546,0.12727491073585762,9.25438052695699,1.8635925955279207,91.88977391773199,74.03315285812324,-50.70970838550378,408654867.0,405241501.65,-1.0
2026-06-18,73.84665807649102,74.80157087531525,73.40899445347095,73.81681823730469,3318247,75.1924938964844,77.54424194335932,72.89881264394299,73.24510829250424,75.5205108185225,70.4668983916826,72.99370460510255,51.49360562620997,44.15422919871686,18.20960708102049,-0.505539055111214,-0.7133740458914797,0.20783499078026568,9.490717851752933,1.8299485831219475,98.26085938754302,90.35085733134402,-26.241241296059393,411973114.0,405255741.45,-1.0
2026-06-19,73.78698136940672,73.78698136940672,72.3446667648572,72.49386596679688,2745661,75.23626068115234,77.44952808380123,72.81782330851377,73.17681353562175,75.51684793689766,70.44967275402034,72.983260345459,46.52638232941686,44.15422919871686,18.20960708102049,-0.501487287947171,-0.670996694302618,0.16950940635544698,9.019648973824287,1.8043916466452008,88.68650963460583,92.9457143132936,-45.048574063300926,409227453.0,405235830.15,-1.0
2026-06-22,72.51376425000278,75.09003832302183,72.51376425000278,73.7471923828125,4061124,75.2758497619629,77.35878669738766,73.00369712337351,73.22866615809363,75.50142871533073,70.45216091479624,72.97679481506349,51.31751121878714,44.6627806076127,18.20960708102049,-0.392617416806587,-0.6153208388034118,0.2227034219968248,9.287744207258635,1.8609474116151832,88.28543195745284,91.74426699320055,-24.81618003957231,413288577.0,405327129.85,-1.0
2026-06-23,74.50316442262373,74.50316442262373,72.36455408980413,72.57344055175781,2256485,75.28519989013672,77.26334804534909,72.91764580905038,73.16910019388128,75.458075939951,70.41295296019551,72.93551445007326,47.06457201645199,44.6627806076127,18.20960708102049,-0.3964788613611461,-0.5715524433149587,0.17507358195381262,9.436901409751105,1.8807804774154984,78.19773787203616,85.05655982136494,-46.50745220195467,411032092.0,405424724.6,-1.0
2026-06-24,72.57344269500992,73.10063343679151,71.71799853661895,72.52371215820312,2429416,75.23844894409181,77.16727024078367,72.83885907888093,73.11042855427416,75.11299049207412,70.49842231920519,72.80570640563965,46.88727907326934,44.6627806076127,18.20960708102049,-0.3989528694141029,-0.5370325285347876,0.13807965912068465,9.140642935117505,1.8451986504695745,79.01972665540998,81.83429882829967,-47.42644724865337,408602676.0,405175862.2,-1.0
2026-06-25,73.0508994014777,73.0508994014777,71.61852644412413,71.70804595947266,1679408,75.15409805297854,77.07511943817138,72.61269645499928,72.98293922747402,74.71531606997927,70.55491403255981,72.63511505126954,43.96199878431767,44.6627806076127,18.20960708102049,-0.4614121124379409,-0.5219084453154182,0.060496332877477355,8.79806045077093,1.8157111009612883,62.266600393976816,73.16135497380765,-62.50019371039082,406923268.0,404843029.4,-1.0
2026-06-26,71.70804595947266,71.70804595947266,71.70804595947266,71.70804595947266,0,75.0241897583008,76.98130901336671,72.43176635589396,72.86703983947389,74.34195973837463,70.6228962186566,72.48242797851562,43.961998784317665,44.6627806076127,18.20960708102049,-0.5050891591097297,-0.5185445880742805,0.013455428964550764,8.479948143877682,1.686017450892625,55.200090540807324,65.4954725300647,-62.50019371039082,406923268.0,404903263.25,-1.0
2026-06-29,71.69810952111175,72.49386642943466,71.02171197510229,71.4096450805664,3049472,74.92093963623049,76.88503032684326,72.22734210082845,72.73454940684593,74.34680843465252,70.50664081461507,72.42672462463379,42.82829336649623,43.416963273118384,18.20960708102049,-0.557357124373766,-0.5263070953341776,-0.031050029039588423,8.703613396402288,1.6707415225668922,45.955228181489296,54.473973038757805,-68.01472796422321,403873796.0,405013511.45,-1.0
2026-06-30,72.61322912995597,74.18485974617684,72.21534690460011,72.76243591308594,8697531,74.84812744140626,76.79727283477783,72.33436086327995,72.73708454377683,74.37225090042709,70.59161018355728,72.48193054199218,49.221488955945674,43.416963273118384,17.896268877144916,-0.48404122306199326,-0.5178539208797408,0.03381269781774754,9.856403400739845,1.7496324613557168,57.93439397055592,53.029904230950834,-43.01476344822343,412571327.0,405724324.4,-1.0
2026-07-01,72.76243501532309,73.2597858936384,71.90699089750301,72.24518585205078,1887208,74.6845983886719,76.70302406311036,72.31652586103412,72.69236648089264,74.33731135340571,70.56686650303962,72.45208892822266,47.05480582204329,43.416963273118384,17.896268877144916,-0.4623459636773788,-0.5067523294392684,0.04440636576188961,10.67219372074087,1.7212869281256935,58.01362253172731,53.96774822792417,-65.1481379989525,410684119.0,406163589.95,-1.0
2026-07-02,72.47397357239522,72.68286003919187,72.0363023530275,72.1755599975586,1380776,74.55707748413089,76.60710918426514,72.28833268833901,72.64538407331682,74.23513816577157,70.5526586176757,72.39389839172364,46.75644840306119,43.416963273118384,17.896268877144916,-0.4456335526810875,-0.49452857408763223,0.048895021406544725,11.429713303598966,1.6445205536998848,59.52730319992503,58.49177323406941,-71.63826291746832,409303343.0,406419563.95,-1.0
2026-07-03,72.38444691856894,72.81216899773342,71.98657226825337,72.16561889648438,1781989,74.451639251709,76.51373168945314,72.26378992996808,72.60176905724114,74.13183407371014,70.54356189186603,72.33769798278809,46.71090769305597,43.416963273118384,17.896268877144916,-0.4282543606450986,-0.48127373139912555,0.05301937075402696,12.210152189367534,1.5860259948270399,46.3044741220109,54.61513328455441,-71.88261649739445,407521354.0,406712190.6,-1.0
2026-07-06,72.4640283060669,72.4640283060669,71.13113146882912,71.36985778808594,2633315,74.27935684204103,76.41212867736817,72.08500350159166,72.48977712368158,74.14769621922977,70.47398575708857,72.31084098815917,43.0926892449725,44.389679017050696,17.896268877144916,-0.4732373115929249,-0.47966644743788545,0.006429135844960521,12.157743857984215,1.5679453407135207,31.063182335788596,45.63165321924151,-91.44252984616928,404888039.0,406943523.6,-1.0
2026-07-07,71.33006670084472,72.0363040833514,70.88245391681052,71.41959381103516,1312405,74.08061553955079,76.30813846588136,71.95192156348037,72.39248773162281,74.14022391732544,70.38298317495969,72.26160354614257,43.38785036601128,44.389679017050696,17.896268877144916,-0.4991198005436388,-0.4835571180590361,-0.015562682484602686,11.893431972455483,1.5383671139869033,18.105010965896547,31.824222474565346,-87.23400786846481,406200444.0,407131428.1,-1.0
2026-07-08,70.82276836864804,70.87250649651543,69.38045372816774,69.76838684082031,2216333,73.87252395629883,76.19623390197755,71.51521461894836,72.15393310518621,74.33796075880015,70.01913152635608,72.17854614257811,36.60059254487476,44.389679017050696,17.896268877144916,-0.6454303430658257,-0.5159317630603941,-0.12949858000543157,11.60010532095184,1.574136611764083,3.1695448599968854,17.445912720560678,-93.2055807877475,403984111.0,407294774.6,-1.0
2026-07-09,69.77833132061376,70.50445936952138,69.4998160367055,69.6987533569336,1314603,73.69526794433595,76.08471576690675,71.15192236654542,71.93073494625415,74.38175062018196,69.95047365349966,72.16611213684081,36.34240152700073,44.389679017050696,17.896268877144916,-0.7582605862856724,-0.5643975277054498,-0.19386305858022257,11.32773057312703,1.5334585204106406,2.152478690300657,7.809011505398029,-94.42517010689828,402669508.0,407479097.1,-1.0
2026-07-10,69.82806564575591,70.90234544682237,69.82806564575591,70.50446319580078,1244716,73.53412612915041,75.97467956542971,71.0224305323965,71.8010738780311,74.41639767000545,69.74374332120549,72.08007049560547,41.48590167325427,44.389679017050696,17.896268877144916,-0.7737460536703793,-0.6062672328984358,-0.16747882077194354,10.736124389632375,1.5098966325162215,13.312278981024287,6.211434177107276,-78.05830673105365,403914224.0,407612847.75,-1.0
2026-07-13,69.52965757015743,70.57408991026435,69.4301889076195,70.19610595703125,1368755,73.3493104553223,75.86618690490724,70.85716561732346,71.65516770339475,74.41023268113247,69.49427018751987,71.95225143432617,40.148869102123385,41.59413409683755,17.896268877144916,-0.8016592217663003,-0.6453456306720087,-0.15631359109429166,10.500013812133803,1.4837540875254094,23.164083559889754,12.876280410404899,-83.02282892399026,402545469.0,407568609.25,-1.0
2026-07-14,69.83801310950162,70.60393775236908,69.6788647663039,70.00711059570312,1720449,73.17066192626955,75.76223434448242,70.6871546129994,71.50534432996824,74.30944024068418,69.26780585306582,71.788623046875,39.31258331294107,41.59413409683755,17.896268877144916,-0.8294693484229754,-0.6821703742222021,-0.1472989742007733,10.252830086142252,1.4438482945639641,30.851434086669684,22.442598875861243,-86.95662137657824,400825020.0,407280303.45,-1.0
2026-07-15,69.92753980114401,70.31547289727752,69.48986857926108,69.65896606445312,1437138,72.97351196289064,75.65781436920165,70.48151690329014,71.33749176037594,74.15781370009132,69.03746675645162,71.59764022827147,37.75259506742383,41.59413409683755,17.896268877144916,-0.8695774803656917,-0.7196517954509001,-0.14992568491479163,10.184160588808734,1.3996880105248548,21.188982906471768,25.068166851010403,-94.20298086295378,399387882.0,406816954.2,-1.0
2026-07-16,69.85791015140725,70.2159958144681,69.52965673888136,69.67886352539062,1467710,72.77775466918948,75.55564872741698,70.32098622771024,71.18670737537727,73.86310077523858,68.91838421011299,71.39074249267578,37.90425621674045,41.59413409683755,17.896268877144916,-0.8895042537461251,-0.753622287109945,-0.13588196663618002,10.120396055570467,1.3487345151721326,15.379531738013181,22.47331624371821,-93.7888305837535,400855592.0,406261078.1,-1.0
2026-07-17,69.68880589051587,69.93748134126874,68.64437355073726,68.76373291015625,1673666,72.5855781555176,75.45355995178222,70.00953556419944,70.96643696944808,73.8805743375884,68.5278973420991,71.20423583984375,33.822652278606604,41.59413409683755,17.896268877144916,-0.9679814699603639,-0.7964941236800289,-0.17148734628033502,10.814709326326065,1.3447611776978001,7.692181211233251,14.7535652852394,-97.84568799183656,399181926.0,405758801.75,-1.0
2026-07-20,68.93283926582895,69.36056135263465,68.30617226133883,68.73389434814453,2393600,72.42105438232423,75.35631732940675,69.75440732098846,70.76347854932958,73.56538793342759,68.3417539427931,70.95357093811035,33.695245950216496,38.834164700628314,17.896268877144916,-1.0208156247050937,-0.8413584238850419,-0.1794572008200518,11.720874659646748,1.3240203143833729,4.042353410406878,9.038022119884436,-91.36545321143376,396788326.0,404933789.2,-1.0
2026-07-21,68.72394138764588,69.03230409568512,68.13707098826384,68.2862777709961,2090333,72.30964782714844,75.25541637420655,69.46078141099,70.53827847857198,73.49120844317679,67.98721715496774,70.73921279907226,31.76234812823796,38.834164700628314,17.896268877144916,-1.0862839842952354,-0.8903435359670806,-0.19594044832815483,12.693440624667009,1.2933926567432232,0.0,3.9115115405467096,-96.8084779735093,394697993.0,404117084.25,-1.0
2026-07-22,68.39569515969539,68.73389011547373,67.29157559870023,68.29622650146484,2151266,72.16959396362306,75.15147983551026,69.22787042908497,70.33445557156224,73.35120688373054,67.70447014874016,70.52783851623535,31.855913387909506,38.834164700628314,17.896268877144916,-1.1244039230330998,-0.9371556133802845,-0.18724830965281525,14.20679723274852,1.3040299324596711,0.20863829558480376,1.4169972353305604,-81.80175879389067,396849259.0,403529413.4,-1.0
2026-07-23,68.19675362242884,68.37580025167564,67.14237213296023,67.32141876220703,2449655,71.98557418823242,75.04012260437013,68.84658009570938,70.06054313434814,73.41335245567197,67.20366185707218,70.30850715637207,27.829389991084565,38.834164700628314,17.896268877144916,-1.2192186927196929,-0.9935682292481662,-0.22565046347152662,15.7125757299651,1.2989869457636525,0.20863829558480376,0.13909219705653583,-96.63550925834664,394399604.0,402903230.2,-1.0
2026-07-24,66.94343143793408,67.38109505153453,66.45602211180653,67.2219467163086,1605432,71.78981689453126,74.93179412841796,68.52165341982922,69.80248891452636,73.40406895588968,66.76433543253806,70.08420219421387,27.448131334327254,38.834164700628314,17.896268877144916,-1.287544630548993,-1.0523635095083317,-0.23518112104066136,17.551679423319445,1.2722788024753913,0.20863829558480376,0.20863829558480373,-86.27444619451694,392794172.0,402196775.4,-1.0
2026-07-27,67.33136790842168,67.93813661928849,67.33136790842168,67.67951202392578,1134315,71.6885563659668,74.82692882537842,68.35322514064853,69.60949101538085,73.32152039815003,66.47387068461364,69.89769554138184,32.05901920090873,36.52257415880202,17.896268877144916,-1.289902538718735,-1.0998713153504123,-0.1900312233683228,18.481884372366874,1.2325581667971415,10.948765972697226,3.7886808546222777,-72.48310975308566,393928487.0,401699509.95,-1.0
2026-07-28,67.72924384413226,67.93813790636473,67.2020530893853,67.29158020019531,1128657,71.5510887145996,74.72301338195801,68.14089615255789,69.39877185036399,72.95726654410217,66.29103896737246,69.62415275573731,30.300784553806658,36.52257415880202,17.896268877144916,-1.3079962870271657,-1.141496309685763,-0.16649997734140265,19.439245767008064,1.197095784667305,17.72252265581031,9.626642308030778,-81.20788738397488,392799830.0,400710935.1,-1.0
2026-07-29,67.61982898171867,68.89304602024116,67.50046203849263,68.65431213378906,1983997,71.46037170410155,74.62615642547608,68.24357934880412,69.33109369431172,72.5632080598019,66.32601007984658,69.44460906982424,42.276899621532706,36.52257415880202,17.896268877144916,-1.1985583995516293,-1.1529087276589365,-0.04564967189269287,19.0987681319529,1.225979358622915,51.05585598914364,26.57571487255039,-50.55937554809648,394783827.0,399915920.5,-1.0
2026-07-30,68.88309813731306,68.88309813731306,67.95802518006894,68.08733367919922,1086414,71.36050354003903,74.52533821105958,68.21233021488314,69.21802460202876,72.13284932137384,66.34754618643868,69.24019775390626,39.2547168484314,36.52257415880202,17.896268877144916,-1.1443867302483142,-1.151204328176812,0.006817597928497898,18.78261032797311,1.2044860442387149,66.64691064401015,45.14176309632136,-60.671534603065226,393697413.0,399135624.0,-1.0
2026-07-31,68.47526722691636,69.03230538693802,67.20205015653372,68.25643920898438,5494583,71.27157730102536,74.42565933227539,68.22115201370339,69.13060774811564,71.61546117068309,66.47401636837944,69.04473876953126,40.618191142527095,36.52257415880202,17.178817552191326,-1.0754131951674282,-1.1360461015749352,0.06063290640750707,19.14121921344272,1.2491838432505429,89.47790501668374,69.06022388327918,-56.59465492568051,399191996.0,398719156.1,-1.0
2026-08-03,68.8333646970607,70.05685130660122,68.64437650685119,69.05220031738281,2713188,71.17509124755856,74.33730533599854,68.38736167443928,69.1234797998672,71.25564339538113,66.60206839661109,68.92885589599611,46.68290677165118,39.140244880586415,17.178817552191326,-0.945639161084614,-1.097964713476871,0.1523255523922571,18.27968265643114,1.288557289990993,89.47790501668374,81.86757355912587,-32.7319261240571,401905184.0,398570013.35,-1.0
2026-08-04,69.37049948898114,69.38044863161834,68.38574685912201,68.6344223022461,1402588,71.07979873657223,74.24289558410645,68.43677380000065,69.07902002735618,70.80068616324826,66.77850847786505,68.78959732055665,44.13442213664462,39.140244880586415,17.178817552191326,-0.8665148545510277,-1.0516747416917025,0.18515988714067477,17.714780547808164,1.2675676101699456,91.85496440276899,90.27025814537882,-42.063419515473235,400502596.0,398285120.95,-1.0
2026-08-05,69.25114312944751,69.50976013742586,68.18681249038595,68.74384307861328,1577078,70.95227813720699,74.15089393615723,68.49818765572319,69.04854939565227,70.69596544099987,66.78077482389274,68.7383701324463,44.98159304497865,39.140244880586415,17.178817552191326,-0.7859193404393068,-0.9985236614412234,0.21260432100191662,17.372718978086205,1.2715233270892288,92.63521709151745,91.32269550365672,-36.464051943535814,402079674.0,398189899.1,-1.0
2026-08-06,69.0720947812714,69.0720947812714,67.73919043534055,68.06744384765625,1220038,70.81122955322263,74.05017215728758,68.4120388941098,68.95935798219809,70.58157940625509,66.73202990770977,68.65680465698243,40.856999098449876,39.140244880586415,17.178817552191326,-0.7677761345256755,-0.9523741560581139,0.18459802153243843,17.45693644899745,1.2759076855779163,82.53908037950697,89.00975395793114,-55.24859279137235,400859636.0,398099405.5,-1.0
2026-08-07,68.08733154064579,68.74383833631535,67.4308323339483,67.59992980957031,1763773,70.66799240112303,73.95122657775877,68.2496170772019,68.83577360286829,70.2814383078071,66.74171766753474,68.51157798767092,38.24655203146894,39.140244880586415,17.178817552191326,-0.782106353619838,-0.9183205955704588,0.1362142419506207,17.80124023487339,1.2785575653485686,72.33556448826583,82.50328731976342,-68.23210333282681,399095863.0,397858487.45,-1.0
2026-08-10,67.6397213462027,67.73919000685854,67.15231959670851,67.54025268554688,1245987,70.56832321166992,73.84919113159177,68.1077441988709,68.71799897402089,70.00954794251658,66.74802270567682,68.3787853240967,37.913554631088594,38.06737530207874,17.178817552191326,-0.7891814086314497,-0.8924927581826569,0.10331134955120724,18.357425511957675,1.2291513399772442,60.08684959004915,71.65383148594066,-69.88941948960831,397849876.0,397623707.8,-1.0
2026-08-11,67.54025008129761,67.73918739493854,66.54554833514881,66.88374328613281,2242721,70.47283172607422,73.74646877288815,67.8629440163233,68.55124845694016,69.79394045349488,66.65129346374147,68.22261695861818,34.36847080090385,38.06737530207874,17.178817552191326,-0.8381021427547068,-0.881614635097067,0.0435124923423601,19.356804812006764,1.2266147485352792,48.84240968017732,60.42160791949743,-88.12159224479217,395607155.0,397362814.55,-1.0
2026-08-12,66.89369795646823,67.11253357294063,66.6052335155703,66.75444030761719,1127777,70.35108016967773,73.64447113037106,67.64124327458208,68.38790226154715,69.62649252787895,66.52828881367381,68.07739067077638,33.700103032883206,38.06737530207874,17.178817552191326,-0.8771940991971832,-0.8807305279170903,0.0035364287199071143,20.284799876338063,1.1752351277377828,40.963539430473894,49.96426623356679,-91.71251454409321,394479378.0,397117389.35,-1.0
2026-08-13,66.74449029893226,67.04290387915644,66.55550211449803,66.77433013916016,960366,70.21977935791016,73.54702957153317,67.4678606474977,68.24121388678469,69.39108136594946,66.47324663698022,67.93216400146484,33.91300445213024,38.06737530207874,17.178817552191326,-0.8962385332190905,-0.8838321289774904,-0.01240640424160011,21.187885621188922,1.1261041732321138,30.177173160911927,39.99437409052105,-93.48441857990069,395439744.0,396846596.95,-1.0
2026-08-14,66.77432676155688,67.1523182892508,66.6350691215556,66.8539047241211,1313507,70.09106491088868,73.44954509735103,67.34506946282238,68.11509487199709,69.31627804790502,66.35706713642118,67.8366725921631,34.814870825242785,38.06737530207874,17.178817552191326,-0.8945980114078225,-0.8859853054635569,-0.008612705944265553,21.837668094838296,1.082614529979477,27.369401177343263,32.83670458957636,-91.21817765429859,396753251.0,396725163.2,-1.0
2026-08-17,66.9235382197403,67.02300688540885,65.6503210856482,66.20735168457031,1620783,69.97707199096679,73.34510589599607,67.11752590717197,67.9416636731401,69.29509928652911,66.12559163143965,67.71034545898438,31.101090113090287,36.83187078689134,17.178817552191326,-0.9346947338114973,-0.895727191133145,-0.03896754267835223,23.245675390236322,1.1033339063924177,16.534907304638836,24.693827214298008,-87.35897472634058,395132468.0,396642370.3,-1.0
2026-08-18,66.13771905818366,66.49581230518586,65.75973511478016,65.93878173828125,1069394,69.84776077270509,73.2423601913452,66.88177707339382,67.75958349724384,69.33777137909728,65.84816993559998,67.59297065734863,29.684578022430145,36.83187078689134,17.178817552191326,-0.9768821361529803,-0.9119581801371122,-0.06492395601586809,24.55311073596306,1.0771012838219385,9.184984727882359,17.69643106995482,-93.45379157366446,394063074.0,396610624.35,-1.0
2026-08-19,65.94873385163042,66.0482025160622,65.6105312857952,65.69010925292969,1212546,69.73297225952149,73.13969341278074,66.643443509301,67.57144947503346,69.36818507419392,65.55714451564984,67.46266479492188,28.395017240550203,36.83187078689134,17.178817552191326,-1.018639505637708,-0.9332944452372314,-0.08534506040047662,25.88242993200536,1.0314277085680144,0.0,8.573297344173731,-98.21025102192132,392850528.0,396410687.8,-1.0
2026-08-20,65.75973596750161,66.34660638110444,65.47127153762192,65.56079864501953,1684377,69.64523956298828,73.03647804260252,66.42691453644471,67.38866303594128,69.46165841708853,65.28760916103647,67.3746337890625,27.72063638146085,36.83187078689134,17.178817552191326,-1.0500623421255568,-0.9566480246148965,-0.09341431751066032,26.542823696879964,1.020278218204765,0.0,3.061661575960786,-98.04763820698855,391166151.0,396249015.15,-1.0
2026-08-21,65.68015924443354,66.2968770981413,65.5707414383084,65.70999908447266,1156420,69.51493362426758,72.93743686676025,66.2835314460503,67.2360572221714,69.51490440258453,65.08316841235688,67.29903640747071,29.792528151432002,36.83187078689134,17.178817552191326,-1.0508128217864368,-0.9754809840492047,-0.07533183773723207,27.15604647854924,0.9999782349845505,4.001114210836752,1.333704736945584,-94.08869083195309,392322571.0,396225435.1,-1.0
2026-08-24,66.5,66.79000091552734,65.66999816894531,65.80000305175781,1173125,69.37588394165039,72.84560409545897,66.1868257671918,67.10550684304289,69.51059429019257,64.89952762753204,67.2050609588623,31.07603802381962,34.9583284353104,17.178817552191326,-1.032245925876495,-0.9868339724146629,-0.045411953461832244,26.788007297882306,1.0085514143843706,10.480866381720457,4.827326864185736,-91.8600360998455,393495696.0,396203795.55,-1.0
2026-08-25,65.80000305175781,66.29000091552734,65.5,65.86000061035156,1165561,69.22749038696287,72.75936050415038,66.12146073582376,66.99227900370731,69.51533351391065,64.75163044482962,67.13348197937013,31.96889117811118,34.9583284353104,17.178817552191326,-1.0011495961916808,-0.9896970971700665,-0.01145249902161427,26.640153811395805,0.9929406644660116,21.260752433324214,11.914244341960472,-89.20443891781638,394661257.0,396296866.9,-1.0
2026-08-26,66.2300033569336,66.45999908447266,65.5,65.8499984741211,1270331,69.07491790771483,72.67610324859618,66.06716828348323,66.88843531919947,69.32785636631476,64.65867622645868,66.99326629638672,31.89471364592545,34.9583284353104,17.178817552191326,-0.9661751539306209,-0.9849927085221775,0.01881755459155654,26.181028477888766,0.9905876944664862,30.478052034817388,20.73989028328735,-88.42722059484367,393390926.0,396227221.85,-1.0
2026-08-27,65.86000061035156,66.0,65.0,65.26000213623047,1317235,68.90378158569335,72.59964183807371,65.90573505403268,66.74039593892957,69.2491133343135,64.45468610416307,66.85189971923829,27.797473937304122,34.9583284353104,17.178817552191326,-0.9748282172452036,-0.9829598102667828,0.008131593021579175,26.33988401312847,0.9912600020045943,24.249577446929695,25.329460638357098,-90.50806495425797,392073691.0,396146035.75,-1.0
2026-08-28,65.44999694824219,65.45999908447266,64.75,64.87999725341797,1275895,68.75150421142577,72.51883171081542,65.70058749390974,66.57126878570124,69.13866876885012,64.22748647406982,66.68307762145997,25.523250201186702,34.9583284353104,17.178817552191326,-1.0008123091576806,-0.9865303100449625,-0.014281999112718102,26.755324650074694,0.9711699364665988,13.469691395325944,22.732440292357673,-95.6510838484704,390797796.0,395726325.75,-1.0
2026-08-31,64.5999984741211,65.08999633789062,64.0,64.70999908447266,1918159,68.57076034545898,72.440159034729,65.50246981202233,66.40206244922591,68.80464547838503,64.12728964124389,66.46596755981446,24.555386118138383,33.6219301471497,16.614273612261734,-1.0233260549405117,-0.9938894590240723,-0.029436595916439323,27.842618383936596,0.979657536568315,0.2512775829960152,12.656848808417218,-77.4769227176803,388879637.0,395075048.4,-1.0
2026-09-01,64.91999816894531,65.37000274658203,64.36000061035156,64.91999816894531,1601993,68.41769149780274,72.35612075805665,65.38597548340692,66.26732933283677,68.47965758957136,64.08083511672746,66.28024635314941,28.1785692790159,33.6219301471497,16.614273612261734,-1.0125511304541277,-0.9976217933100835,-0.014929337144044208,28.294452960663723,0.9818250079727546,11.771816565564821,8.497595181295594,-70.8151879179699,390481630.0,394574000.1,-1.0
2026-09-02,64.30999755859375,64.83999633789062,63.79999923706055,63.91999816894531,1760999,68.24561721801757,72.26737632751465,65.09278002051461,66.05393559066482,68.15742911385226,63.92067910147978,66.03905410766602,22.61014129435606,33.6219301471497,16.614273612261734,-1.0723422736006398,-1.0125658893681948,-0.05977638423244502,29.212064925130434,0.9916945739664698,11.771816565564821,7.931636904708553,-96.42042031153437,388720631.0,393906047.95,-1.0
2026-09-03,64.5199966430664,66.05000305175781,64.26000213623047,64.9800033569336,2436292,68.11105636596679,72.19005367279054,65.07022468779842,65.95630538759835,67.82300986398168,63.946354302278074,65.88468208312987,36.85465649438857,33.6219301471497,16.614273612261734,-1.0224079431368693,-1.0145343001219298,-0.007873643014939535,28.07072376674033,1.0730024531697577,45.10514989889815,22.88292767667593,-63.38810674316069,391156923.0,393420912.3,-1.0
2026-09-04,65.05000305175781,65.55000305175781,64.75,65.2300033569336,1260938,67.98149551391599,72.11437274932862,65.10218042162545,65.89027793026519,67.54630971747893,63.98606180351717,65.76618576049805,39.67484890039596,33.6219301471497,16.614273612261734,-0.9516912119400587,-1.0019656824855556,0.05027447054549694,27.010906976806663,1.0535024959260473,66.66666666666666,41.18121104370988,-52.173802102802846,392417861.0,393087012.2,-1.0
2026-09-07,65.0,66.06999969482422,64.69999694824219,65.55999755859375,2007816,67.86450256347653,72.04137031555177,65.19374384901911,65.86025244193142,67.24004337972373,64.09430262857704,65.66717300415038,43.27610835209994,34.75463347962065,16.614273612261734,-0.8591165578848745,-0.9733958575654195,0.11427929968054495,25.301220315070356,1.076109656687189,100.0,70.59060552185493,-41.137212925054634,394425677.0,392915802.25,-1.0
2026-09-08,65.55999755859375,66.19000244140625,64.75,65.87000274658203,2380457,67.72665390014646,71.97388477325441,65.3289956285317,65.8611388332633,67.08623990906808,64.1467320452776,65.61648597717284,46.506844888067896,34.75463347962065,16.614273612261734,-0.7520662975988728,-0.9291299455721101,0.17706364797323737,23.55308595314125,1.1021019984528362,99.99999999999999,88.88888888888887,-30.76915225736817,396806134.0,392975751.2,-1.0
2026-09-09,65.94999694824219,68.33000183105469,65.58999633789062,66.87999725341797,5367026,67.6193501281738,71.9194808959961,65.63919595350896,65.95376232600462,67.11390054425028,64.1316271046755,65.6227638244629,55.416218292111765,34.75463347962065,16.614273612261734,-0.5790550925833458,-0.8591149749743574,0.28005988239101165,23.937607656581207,1.2190951052179237,99.99999999999999,99.99999999999999,-32.00891274453417,402173160.0,393360440.3,-1.0
2026-09-10,66.94999694824219,68.29000091552734,66.37000274658203,67.19999694824219,3722427,67.51983886718749,71.87407211303713,65.9513561524556,66.06705638257166,67.21443572858023,64.07365860125374,65.64404716491698,57.81359718884178,34.75463347962065,16.614273612261734,-0.4113790435671376,-0.7695677886929135,0.3581887451257759,24.294663524061168,1.26915960976988,99.99999999999999,99.99999999999999,-24.944905866293677,405895587.0,393883232.45,1.0
2026-09-11,66.80000305175781,66.83999633789062,66.0999984741211,66.18000030517578,1187604,67.4001264953613,71.82018413543702,65.99708498299964,66.07732401189931,67.09818712449183,64.12251676344763,65.61035194396973,48.80498625521128,34.75463347962065,16.614273612261734,-0.3566880930034415,-0.6869918495550192,0.33030375655157773,24.24487107976302,1.2570766715092525,91.4699559037312,97.15665196791039,-47.46137515968246,404707983.0,394280969.05,1.0
2026-09-14,66.18000030517578,66.18000030517578,66.18000030517578,66.18000030517578,0,67.29632934570311,71.76477794647218,66.03366804743487,66.08665822037898,67.09455762258006,64.12341112741996,65.608984375,48.80498625521129,37.85442880001288,16.614273612261734,-0.3097742360888134,-0.6115483268617781,0.3017740907729647,24.198635238629024,1.167285480687163,82.93991180746241,91.4699559037312,-47.46137515968246,404707983.0,394759744.8,1.0
2026-09-15,66.16999816894531,66.7699966430664,64.37999725341797,64.58000183105469,1708205,67.1595375061035,71.70636711120608,65.74293480415884,65.94968945771313,67.08619957288101,63.99589118639634,65.54104537963867,38.025598593751795,37.85442880001288,16.614273612261734,-0.3971233804748806,-0.5686633375843986,0.17153995710951797,22.92555444378878,1.2546221884701112,64.20311633071532,79.53766134730297,-82.78140955088492,402999778.0,395206580.0,1.0
2026-09-16,64.55000305175781,64.55000305175781,63.20000076293945,64.05999755859375,1560643,67.04536972045896,71.64545421600344,65.40634735504582,65.77789928506591,67.13782535103645,63.781254238807314,65.45953979492188,35.2969996104661,37.85442880001288,16.614273612261734,-0.5025155195437634,-0.5554337739762716,0.052918254432508194,22.7209658550139,1.2635778227304773,51.41271805728796,66.18524873182189,-83.23593339971252,401439135.0,395636010.35,1.0
2026-09-17,64.0999984741211,64.95999908447266,63.79999923706055,64.75,1251682,66.94639465332031,71.59029308319094,65.27507788403666,65.68445389551447,67.12591305573173,63.71208666961008,65.4189998626709,41.3145846343305,37.85442880001288,16.614273612261734,-0.5243181058867634,-0.54921064035837,0.024892534471606553,22.086244863820173,1.2561793959220224,44.32023103619213,53.31202180806514,-69.7855962117759,402690817.0,396212243.65,1.0
2026-09-18,64.83999633789062,65.2300033569336,63.70000076293945,63.95000076293945,4062726,66.81530540466308,71.5378903770447,65.01006245981722,65.52677633800765,67.15238017421203,63.50961971897646,65.33099994659425,37.01612904161835,37.85442880001288,16.614273612261734,-0.5992423721502149,-0.5592169867167389,-0.040025385433476,21.208409332906736,1.2757381957843166,43.364387803869434,46.36577896578317,-85.38012000306365,398628091.0,396527519.65,1.0
2026-09-21,64.0,64.75,63.20000076293945,63.34999847412109,2552770,66.67838325500489,71.485475063324,64.67804966267799,65.32888744129069,67.21701055565653,63.1999888797683,65.20849971771241,34.14663709521602,33.795516410517344,16.614273612261734,-0.698978177907378,-0.5871692249548668,-0.11180895295251125,20.818990483146138,1.2953282701611901,42.275136302825494,43.31991838096235,-97.07606861694586,396075321.0,396656500.9,1.0
2026-09-22,63.400001525878906,63.90999984741211,62.84999847412109,63.11000061035156,2784240,66.54044105529786,71.43827531814577,64.36443985221271,65.12717045665985,67.26011970791481,62.881879727509975,65.0709997177124,33.04323028739846,33.795516410517344,16.614273612261734,-0.7882983319163088,-0.6273950463471553,-0.16090328556915356,20.742887404838456,1.2785192060990354,24.564334086856782,36.734619397850565,-95.25543837666619,393291081.0,396587992.1,-1.0
2026-09-23,63.59000015258789,63.59000015258789,63.060001373291016,63.25,1763204,66.4122617340088,71.4056352043152,64.14155188177017,64.9565185969635,67.24131425217998,62.640685335832714,64.94099979400634,34.3753948394858,33.795516410517344,16.614273612261734,-0.838127010305584,-0.669541439138841,-0.168585571166743,20.67222026069561,1.2250534613274524,12.716325265200023,26.51859855162743,-92.70070655389637,395054285.0,396671160.05,-1.0
2026-09-24,63.20000076293945,63.20000076293945,62.0099983215332,62.2400016784668,2315850,66.26348449707031,71.35540779113772,63.761241841109495,64.7095625134638,67.38034539196534,62.199654150270995,64.78999977111816,29.773171668642025,33.795516410517344,16.614273612261734,-0.9481849348604499,-0.7252701382831628,-0.22291479657728708,21.418739682945713,1.22612119112312,1.7926858026067685,13.024448384887856,-96.36070839854631,392738435.0,396704397.25,-1.0
2026-09-25,62.5,62.68999862670898,61.209999084472656,61.7599983215332,1907772,66.12340980529787,71.30253549575808,63.360993137194235,64.44142031419737,67.55607800133996,61.71192164770786,64.63399982452391,27.863889878570628,33.795516410517344,16.614273612261734,-1.0618979932857684,-0.792595709283684,-0.26930228400208445,22.624320098978515,1.2442553590597774,1.7926858026067685,5.433898956804519,-92.27529459416888,390830663.0,396706040.6,-1.0
2026-09-28,61.7599983215332,61.84999847412109,60.54999923706055,61.060001373291016,1991075,65.9699319458008,71.25483158111575,62.90079478441359,64.1340185922968,67.78110032644888,61.1218995514808,64.45149993896484,25.314422237803377,30.353405127516545,16.614273612261734,-1.1947282315894725,-0.8730222137448417,-0.3217060178446308,24.117069022211535,1.2482370646312606,0.0,1.1951238684045122,-93.44470480480082,388839588.0,396704038.15,-1.0
2026-09-29,61.09999847412109,61.34999847412109,59.41999816894531,59.83000183105469,10622257,65.80080642700196,71.19990024566653,62.28663619374181,63.742744341274786,68.10388971948984,60.29011052465078,64.1970001220703,21.578319100517326,30.353405127516545,16.614273612261734,-1.3833019916743083,-0.9750781693307351,-0.40822382234357324,26.048075754627668,1.2969344389558688,0.0,0.5975619342022561,-95.37763770966852,378217331.0,396090823.2,-1.0
2026-09-30,59.97999954223633,60.29999923706055,59.0099983215332,59.31999969482422,2570708,65.62128189086914,71.1418312072754,61.693308893958296,63.34067664614292,68.4427450957968,59.49125530093172,63.96700019836426,20.2441752637902,30.353405127516545,15.76623941222374,-1.5559647719338088,-1.09125548985135,-0.46470928208245876,28.016072500331212,1.2964391872824028,0.0,0.0,-96.04084991281734,375646623.0,395437122.8,-1.0
