Date,Open,High,Low,Close,Volume,MA50,MA200,EMA9,EMA21,BB_Upper,BB_Lower,BB_Mid,RSI,RSI_W,RSI_M,MACD,MACD_Signal,MACD_Hist,ADX,ATR,StochRSI_K,StochRSI_D,Williams_R,OBV,OBV_SMA20,Supertrend_Dir
2025-07-23,447.0,448.2000122070313,440.0,442.4500122070313,387045,442.94500122070315,441.0412510681152,436.5782985354763,433.72041914337393,445.03916346565677,412.0808408068043,428.56000213623054,57.728171235860195,45.80127441149317,21.007018661888523,1.6708814040158586,-0.7714829559595372,2.4423643599753957,25.23560501499079,12.149132447786588,96.87120141266635,90.1442698927543,-26.939307487952114,10656014.0,9269159.95,-1.0
2025-07-24,445.7999877929688,445.7999877929688,428.0,430.3999938964844,426889,443.15100097656256,440.2925009155273,435.34263760767794,433.4185623027476,445.22818264358557,412.57182040817236,428.90000152587896,47.90832216876592,45.80127441149317,21.007018661888523,1.1715366393935938,-0.382879036888911,1.5544156762825048,24.607618234003905,12.55276497244246,75.02000002227254,87.59484504266749,-62.699560086388296,10229125.0,9407839.2,-1.0
2025-07-25,430.3999938964844,442.5,422.7999877929688,425.1000061035156,378053,442.63500122070315,439.55950088500964,433.29411130684554,432.66232992099924,444.9462602225772,413.493742218829,429.2200012207031,44.33603997542262,45.80127441149317,21.007018661888523,0.34417021480152243,-0.23746918655082433,0.5816394013523467,23.38601495236621,13.063282632055941,44.24463242409697,72.04527795301195,-78.77012797725168,9851072.0,9598535.35,-1.0
2025-07-28,423.1499938964844,426.4500122070313,418.3999938964844,423.6000061035156,543682,442.1950012207031,438.8235009765624,431.35529026617957,431.83848230122794,444.91768452165803,413.6123173093967,429.26500091552737,43.35082004739653,44.062360050064534,21.007018661888523,-0.4276316302754708,-0.27550167529575365,-0.15212995497971715,21.749645193079775,12.705192323376727,14.581157451515265,44.61526329929492,-83.16251529230306,9307390.0,9608110.9,-1.0
2025-07-29,420.2000122070313,429.3500061035156,418.1000061035156,426.75,493744,441.9940014648438,438.06875091552723,430.4342322129437,431.3758930011163,444.90440338181617,413.915597838887,429.4100006103516,46.06150026880783,44.062360050064534,21.007018661888523,-0.7761648262112999,-0.3756343054788629,-0.400530520732437,20.545404985005938,12.601250014564103,9.189290026449315,22.671693300687185,-73.93851980336488,9801134.0,9562516.9,-1.0
2025-07-30,425.0,450.8999938964844,421.5,447.7999877929688,4326599,442.2040014648438,437.4765008544921,433.90738332894875,432.86899252764835,447.65851391553133,413.95148669482023,430.8050003051758,59.87790580533288,44.062360050064534,21.007018661888523,0.6388143436622613,-0.17274457565063808,0.8115589193128994,21.20661799732238,13.801160291844123,39.96465762462488,21.245035034196484,-12.298720227483173,14127733.0,9818654.4,-1.0
2025-07-31,440.9500122070313,450.0,438.0499877929688,444.6499938964844,569913,442.1400012207031,436.96175094604484,436.0559054424559,433.939992652088,449.0506278071389,415.1343728032127,432.0925003051758,57.504139999378374,44.062360050064534,24.318396783625214,1.4888547574485074,0.15957529096919104,1.3292794664793164,21.820601508759076,13.6689354286432,68.0446614193699,39.066203023481364,-21.681437837302575,13557820.0,10090619.85,-1.0
2025-08-01,443.8999938964844,443.8999938964844,431.2999877929688,435.5499877929688,567692,441.590001220703,436.3905009460448,435.9547219125585,434.0863558467135,449.2011721202493,416.21382726939913,432.7074996948242,51.19053263839694,44.062360050064534,24.318396783625214,1.4119474180268412,0.4100497163807211,1.0018977016461201,21.58517918728565,13.646154762562656,77.7662440027228,61.925187682239184,-48.525118491945086,12990128.0,10292984.75,-1.0
2025-08-04,435.5499877929688,438.5499877929688,421.25,435.2999877929688,1291147,441.0230010986328,435.7557508850098,435.82377508864056,434.1966860236458,449.103272170347,417.64172599859825,433.3724990844726,51.02478678800276,46.80095154754216,24.318396783625214,1.3156587912090458,0.5911715313463861,0.7244872598626597,20.33137605755084,13.907142836163096,59.91046642846851,68.57379061685373,-49.262581751565094,11698981.0,10455398.15,-1.0
2025-08-05,435.2999877929688,439.6000061035156,428.0,432.8999938964844,502670,440.3660009765624,435.1587509155274,435.23901885020933,434.0788049211765,449.1388022670986,418.126194070792,433.6324981689453,49.37210415177497,46.80095154754216,24.318396783625214,1.0337732167324134,0.6796918684235915,0.3540813483088219,19.26016017732998,13.742347355259705,43.43367760333251,60.370129344841274,-54.87806920421664,11196311.0,10572445.4,-1.0
2025-08-06,432.6000061035156,436.5,425.8999938964844,430.8999938964844,415517,439.4640008544921,434.56500076293946,434.3712138594643,433.7898221007499,449.1114984887653,418.0284978491253,433.5699981689453,47.97750166099558,46.80095154754216,24.318396783625214,0.6415976445159117,0.6720730236420556,-0.030475379126143842,18.05178083126506,13.517894408706557,36.95334379562445,46.765829275808485,-60.975632449129606,10780794.0,10633463.4,-1.0
2025-08-07,430.8999938964844,436.8999938964844,425.6000061035156,432.7000122070313,606853,438.54300109863266,433.97625076293946,434.03697352897774,433.6907484740482,449.1018816365217,418.5931165324237,433.8474990844727,49.36381495835885,46.80095154754216,24.318396783625214,0.4706171310050422,0.631781845114653,-0.16116471410961075,16.970115140833506,13.359472507582428,33.603344378563875,37.996788592506945,-55.48776970384894,11387647.0,10739913.25,-1.0
2025-08-08,430.0499877929688,438.0,430.0499877929688,434.8999938964844,463941,437.6880010986328,433.43800079345704,434.2095776024791,433.8006798760878,449.00249789552294,419.702500883774,434.3524993896485,51.07969211372246,46.80095154754216,24.318396783625214,0.5067919958630682,0.6067838752643361,-0.09999187940126786,16.08266335273621,12.973082486114484,37.04736346125364,35.868017211813985,-48.780505959303675,11851588.0,10894330.15,-1.0
2025-08-11,435.0499877929688,440.6000061035156,433.1000061035156,435.25,305005,436.9110009765624,432.88350067138674,434.41766208198334,433.9324362509889,448.492334910546,421.5176626480478,435.0049987792969,51.36207701355375,46.64797166843702,24.318396783625214,0.5572794338999643,0.5968829869914618,-0.039603553091497545,15.539229717803133,12.582148022820594,43.87368360450271,38.17479714810674,-47.71341378315764,12156593.0,11077859.95,-1.0
2025-08-12,437.5,446.1000061035156,434.0,444.8500061035156,419399,436.35700134277334,432.3805006408692,436.50413088628983,434.9249426012186,449.6185284311211,422.04146912747257,435.82999877929683,58.44700157407381,46.64797166843702,24.318396783625214,1.3562968088942284,0.7487657513720152,0.6075310575222133,15.595051244336677,12.54770931429881,62.193482486474764,47.704843184077035,-18.445091599289164,12575992.0,11247932.5,-1.0
2025-08-13,445.0,450.0,441.6000061035156,444.75,2351468,435.910001220703,431.875750579834,438.1533047090319,435.8181296374715,450.36655511366035,421.8184424449335,436.09249877929693,58.351644483880506,46.64797166843702,24.318396783625214,1.958873504020744,0.9907873019017609,0.968086202118983,16.014126746244024,12.251443927312065,76.86021901152736,60.97579503416827,-18.74998836982108,10224524.0,11222684.8,-1.0
2025-08-14,444.0,455.0,437.0499877929688,438.5499877929688,2244851,435.2710009765623,431.36875045776367,438.2326413258193,436.06648037888027,450.5986670718848,422.0413292660059,436.31999816894535,52.61984439212188,46.64797166843702,24.318396783625214,1.9140665391969378,1.1754431493607964,0.7386233898361414,16.84194202647605,12.658484518720574,79.39699893145192,72.81690014315134,-44.57998625468189,7979673.0,11104279.15,-1.0
2025-08-18,451.4500122070313,462.0,442.8500061035156,446.6499938964844,2057857,434.80400085449196,430.89500030517576,439.91611183995235,437.0286179713897,451.905712818884,422.0592835190066,436.9824981689453,58.37281858398793,47.68215380054864,24.318396783625214,2.5033029762769843,1.441015114744034,1.0622878615329503,18.155996852242474,13.429307925028475,78.6518174087035,78.30301178389425,-34.965850199685086,10037530.0,11103084.45,-1.0
2025-08-19,450.0,450.0499877929688,438.2000122070313,438.75,958627,434.2450006103513,430.4075003051758,439.6828894719619,437.18510724671785,451.53231007007525,422.067686878167,436.79999847412114,51.77039323067518,47.68215380054864,24.318396783625214,2.3062288429161413,1.6140578603784554,0.6921709825376858,18.69851098648309,13.316498472236262,59.02077238279223,72.35652957431587,-57.05521472392638,9078903.0,11026600.55,-1.0
2025-08-20,440.8500061035156,444.0499877929688,434.8500061035156,436.2999877929688,584826,433.7430004882811,430.00975036621094,439.0063091361633,437.10464184183155,450.71961298411503,422.090381522721,436.404997253418,49.88589062742425,47.68215380054864,24.318396783625214,1.9301016524809143,1.6772666187989473,0.2528350336819669,18.738617833937553,13.022461559180329,46.40218615975142,61.358258650415706,-63.067514618481454,8494077.0,10899151.45,-1.0
2025-08-21,440.5499877929688,449.2000122070313,437.25,440.2000122070313,688348,433.2860009765623,429.6910003662109,439.24504975033693,437.38603914775877,450.4414854591405,422.1435090476955,436.292497253418,52.82943200169496,47.68215380054864,24.318396783625214,1.9245327055126609,1.7267198361416902,0.19781286937097065,19.229913873644367,13.01371604881477,32.1478383049584,45.85693228250068,-53.49690255943238,9182425.0,10825472.0,-1.0
2025-08-22,441.2000122070313,447.3500061035156,436.0,444.5499877929688,583530,433.07000061035137,429.3550003051758,440.30603735886336,438.0373072064142,451.32240711922384,422.6775867772607,436.99999694824226,55.93812128475168,47.68215380054864,24.318396783625214,2.2452441732275474,1.8304247035588617,0.41481946966868577,19.50518967230525,12.894879624150546,46.86928396167595,41.80643614212859,-42.82211584547532,9765955.0,10802313.5,-1.0
2025-08-25,445.6000061035156,447.2000122070313,436.5,443.5,580845,433.0660003662108,429.128500366211,440.9448298870907,438.5339156421947,451.3605995121538,424.4793937739791,437.91999664306644,54.995973101491884,49.417902022400646,24.318396783625214,2.38716730349978,1.9417732235470453,0.4453940799527345,19.760802913918926,12.738103380070601,63.139027873335145,47.385383379989825,-50.824184346324266,9185110.0,10769015.4,-1.0
2025-08-26,442.1000061035156,442.6499938964844,428.0,435.0499877929688,663872,432.7629998779296,428.9012503051758,439.7658614682664,438.21719492862866,450.2327216176266,426.7522698374516,438.4924957275391,47.99068420538192,49.417902022400646,24.318396783625214,1.797081405533902,1.9128348599444167,-0.11575345441051477,18.79188979751535,12.93538171006556,47.73317329102091,52.58049504201067,-74.03850748896447,8521238.0,10729707.8,-1.0
2025-08-28,435.0499877929688,450.6000061035156,428.5499877929688,442.75,602002,432.8559997558592,428.7080003356934,440.36268917461314,438.6292681169351,449.77703502653185,428.8079564285464,439.2924957275391,53.769543282448225,49.417902022400646,24.318396783625214,1.928529822155383,1.9159738523866099,0.012555969768773156,18.70572632185484,13.586427181528506,40.80996775556409,50.56072297330671,-52.88462425225633,9123240.0,10695813.1,-1.0
2025-08-29,445.3500061035156,456.8999938964844,442.6000061035156,446.8500061035156,1468323,433.0659997558592,428.44800033569334,441.6601525603936,439.37660793389693,449.57471716775905,428.9152761183739,439.2449966430665,56.53866351980561,49.417902022400646,24.318396783625214,2.3366049394793436,2.0001000698051565,0.336504869674187,19.17842906952305,13.637395796631381,45.71400500961373,44.7523820187329,-44.55880557789522,10591563.0,10519004.6,-1.0
2025-09-01,448.5499877929688,452.0499877929688,445.1000061035156,449.5,308685,433.48399963378887,428.2870002746582,443.22812204831496,440.2969163035427,450.5529940083815,428.421999888103,439.48749694824227,58.27815454926106,50.10132660825428,24.659295650423715,2.8410894597293463,2.1682979477899944,0.6727915119393519,19.617367335214965,13.159723360404367,78.46710547465733,54.997026079945044,-36.76470588235294,10900248.0,10386126.0,-1.0
2025-09-02,449.5,455.8500061035156,439.0,439.75,984300,433.76399963378896,428.0897502136231,442.532497638652,440.2471966395843,450.606670367412,428.7883247497756,439.6974975585938,50.30112437946862,50.10132660825428,24.659295650423715,2.4261859988455967,2.2198755580011147,0.20631044084448202,19.171154865966443,13.423314984912315,67.41025253532108,63.86378767319738,-65.44117647058823,9915948.0,10232417.0,-1.0
2025-09-03,443.2000122070313,454.2000122070313,441.0499877929688,452.0499877929688,683765,434.1809991455077,427.9897502136231,444.43599566951536,441.32017765352833,452.5395190039027,428.53047611328486,440.5349975585938,58.09397966274119,50.10132660825428,24.659295650423715,3.054665948887589,2.3868336361784097,0.6678323127091792,18.756814715949957,13.496650500777958,72.59852517038709,72.82529439345517,-29.264741785385862,10599713.0,10177453.6,-1.0
2025-09-04,494.0,494.0,440.2999877929688,443.8500061035156,6020837,434.49999938964834,427.87525024414066,444.31879775631546,441.5501620580726,452.61018935365325,429.55480698423753,441.0824981689454,52.21577550166843,50.10132660825428,24.659295650423715,2.858124168720394,2.481091742686807,0.37703242603358733,20.96593123258866,16.368319194081764,53.368715785828186,64.45916449717878,-75.98483923709753,4578876.0,9846581.85,-1.0
2025-09-05,446.0,451.25,439.25,441.75,646147,434.732999267578,427.7102502441407,443.8050382050524,441.5683291437024,452.10899568341125,431.141001264831,441.6249984741211,50.798174533472206,50.10132660825428,24.659295650423715,2.5040453735086317,2.485682468851172,0.018362904657459822,22.891418748150272,16.056296394504496,55.01719414281259,60.328145033009285,-79.16666666666666,3932729.0,9504178.6,-1.0
2025-09-08,444.5,457.25,439.8999938964844,451.6000061035156,704522,435.292999267578,427.65075027465826,445.3640317847451,442.48029977641266,453.07390568171905,432.06609065617164,442.56999816894535,56.73181914256782,48.5353823428716,24.659295650423715,2.9838525550504755,2.585316486091033,0.3985360689594426,24.930592664965193,16.148704230862435,50.902029808211665,53.095979912284136,-64.2424149946733,4637251.0,9166658.8,-1.0
2025-09-09,447.5,450.9500122070313,436.7999877929688,440.0,370242,435.71899902343745,427.5402502441406,444.2912254277961,442.25481797855696,452.778075426145,432.87192152209735,442.8249984741212,49.20583464651895,48.5353823428716,24.659295650423715,2.400409232558559,2.5483350353845386,-0.14792580282597978,26.43234796212476,16.052369522268464,41.2740827948259,49.06443558195004,-81.81818181818181,4267009.0,8787429.85,-1.0
2025-09-10,442.8500061035156,444.7999877929688,437.2000122070313,438.7999877929688,367465,436.04099853515623,427.44450012207034,443.19297790083067,441.9407425071399,452.50311011324015,433.501885614299,443.0024978637696,48.48920657375341,48.5353823428716,24.659295650423715,1.8202129578794484,2.4027106198835204,-0.582497662004072,27.826835023772926,15.448627098244824,33.87553790265148,42.01721683522968,-83.63638213186545,3899544.0,8374577.4,-1.0
2025-09-11,442.1499938964844,445.5,438.0,443.7000122070313,533101,436.43799865722656,427.36450012207035,443.2943847620708,442.1006761162209,452.4123923256262,433.4776040122645,442.94499816894535,51.589575452098146,48.5353823428716,24.659295650423715,1.7357851978380836,2.269325535474433,-0.5335403376363494,29.157986110859994,14.880868019798767,17.21370391567521,30.78777487105086,-76.21210271661923,4432645.0,7967410.05,-1.0
2025-09-12,443.5,445.9500122070313,439.0499877929688,443.3500061035156,409120,436.90699890136716,427.20775009155284,443.3055090303598,442.2142515696113,452.30683563658897,433.44316131165317,442.87499847412107,51.35181861465681,48.5353823428716,24.659295650423715,1.6219363496866208,2.1398476983168706,-0.5179113486302498,30.418768706875927,14.310807762246176,24.167094452590753,25.085445423639147,-76.7424149946733,4023525.0,7657360.1,-1.0
2025-09-15,441.5,444.8999938964844,439.2999877929688,442.6000061035156,340710,437.3809991455078,427.1297500610353,443.164408444991,442.2493201636026,452.2897068995692,433.8652918797276,443.0774993896484,50.81143416449893,49.07316818099819,24.659295650423715,1.4544258692296808,2.0027633324994327,-0.548337463269752,31.589495403176436,13.688607643765419,31.69154738131682,24.35744858319426,-77.87877863103694,3682815.0,7442517.2,-1.0
2025-09-16,441.9500122070313,452.5499877929688,438.4500122070313,450.8500061035156,9918275,437.93299926757817,427.1007501220705,444.70152797669596,443.03120070359466,453.0194309785828,433.5555690214172,443.2875,56.263581683635515,49.07316818099819,24.659295650423715,1.964730468652533,1.995156759730053,-0.03042629107751993,33.10598202843951,13.717991068206283,46.50377299775506,34.12080494388754,-65.92816783592417,13601090.0,7620695.2,-1.0
2025-09-17,454.0,454.0,446.5499877929688,450.4500122070313,801747,438.50199951171885,427.0357501220705,445.8512248227631,443.705638112998,453.85925966843666,433.88574155226655,443.8725006103516,55.93983248758267,49.07316818099819,24.659295650423715,2.310243328667127,2.058174073517468,0.2520692551496593,34.59013738414547,13.270278292408062,60.98394434225768,46.393088240443184,-76.13632604717417,12799343.0,7806717.2,-1.0
2025-09-18,450.5,452.7999877929688,444.0,448.5499877929688,357590,438.9189990234376,426.92975006103535,446.3909774168043,444.14603353844984,454.00811105173557,434.9618901689678,444.4850006103517,54.340297174076305,49.07316818099819,24.659295650423715,2.403047828939407,2.1271488246018557,0.2758990043375511,35.518107561652585,12.9509718281624,71.76832374894458,59.7520136963191,-79.45804634189282,12441753.0,8004101.0,-1.0
2025-09-19,448.0,457.2999877929688,445.5499877929688,449.5,1342269,439.2659991455079,426.84000000000015,447.0127819334434,444.63275776222713,454.5003139533779,435.3996860466223,444.9500000000001,55.032645579177675,49.07316818099819,24.659295650423715,2.5241571966203082,2.2065504990055462,0.317606697614762,36.650175202682895,12.8651881261508,68.00399901081548,66.91875570067258,-77.7971861945336,13784022.0,8234180.85,-1.0
2025-09-22,450.0,454.9500122070313,447.7999877929688,448.7000122070313,336977,439.6969995117188,426.65900009155285,447.350227988161,445.0025081663002,454.85049169449286,435.4645107469136,445.15750122070324,54.286163097120955,51.18468449028495,24.659295650423715,2.5264614391349483,2.2705326870314266,0.2559287521035216,37.701380869353905,12.456962146715922,62.751440296889875,67.50792101888331,-79.19576595370077,13447045.0,8418235.35,-1.0
2025-09-23,448.7000122070313,452.25,447.5499877929688,450.8500061035156,309690,440.2179998779298,426.45850006103535,448.05018361123194,445.5340988878652,455.50643668902865,435.5435663627294,445.525001525879,56.01304132802887,51.18468449028495,24.659295650423715,2.670984658612383,2.350623081347618,0.320361577264765,38.627427178152175,11.902894293881298,73.25387969390654,68.00310633387063,-75.43703616759063,13756735.0,8646816.6,-1.0
2025-09-24,450.8500061035156,460.8500061035156,449.0,456.2999877929688,637670,440.89999938964854,426.2797500610353,449.7001444475793,446.5128160610564,456.39656574384736,436.7784373079107,446.587501525879,60.12507291217656,51.18468449028495,24.659295650423715,3.188532903702253,2.518205045818545,0.670327857883708,40.00338107059011,11.899116565998037,83.87822953608188,73.29451650895943,-18.91898065022041,14394405.0,8940474.95,-1.0
2025-09-25,456.2999877929688,460.4500122070313,451.1000061035156,455.8999938964844,386842,441.450999145508,426.11650009155284,450.94011433736034,447.36619586427713,457.71183352862926,436.7781689127773,447.2450012207033,59.68407757509128,51.18468449028495,24.659295650423715,3.525774518184676,2.7197189402917714,0.8060555778929044,41.28105254213962,11.717037247249298,95.82992248798828,84.32067723932556,-20.582155668715174,14007563.0,9184691.1,-1.0
2025-09-26,452.5499877929688,454.8999938964844,444.5,445.8500061035156,468090,441.5779992675782,426.00500015258797,449.9220926905914,447.2283604314806,457.67931771229183,436.7106847291147,447.19500122070326,49.800599458602946,51.18468449028495,24.659295650423715,2.948106961793769,2.7653965445921713,0.18271041720159786,41.166963258028545,11.694391293623232,69.16009953606431,82.95608385337815,-62.370014884445844,13539473.0,9332086.6,-1.0
2025-09-29,446.4500122070313,448.5,432.25,438.6000061035156,1989019,441.6699993896486,425.88575012207036,447.6576753731763,446.44396458348376,457.7452320493236,435.55477100243456,446.6500015258791,44.124056758045406,49.863294872535256,24.659295650423715,1.8835741815810252,2.589032071989942,-0.7054578904089168,39.19207849264382,12.019791915507287,35.82676620273097,66.93892940892785,-77.79718619453351,11550454.0,9364596.9,-1.0
2025-09-30,440.0,452.5499877929688,439.5499877929688,446.75,450535,441.9369995117189,425.8277500915528,447.47614029854105,446.4717859849852,457.6097750279753,436.3902280237827,447.000001525879,50.89952059176339,49.863294872535256,24.653859314978323,1.6782152579819467,2.4068687091883434,-0.7286534512063967,37.74447808829341,12.15766261364628,17.871407989227592,40.95275790934095,-49.300710120416355,12000989.0,9468848.95,-1.0
2025-10-01,449.8999938964844,459.7999877929688,445.3999938964844,457.6000061035156,388407,442.2409997558595,425.7982501220704,449.500913459536,447.4834423593971,458.7024266813783,435.85257820143426,447.2775024414063,58.1713744249253,49.863294872535256,24.653859314978323,2.3637241066337538,2.3982397886774254,-0.034515682043671614,37.02320944645308,12.317829133849006,43.37803986951131,32.35873802048995,-11.363633938527363,12389396.0,9558333.1,1.0
2025-10-03,457.6000061035156,459.8500061035156,453.5499877929688,457.0,220895,442.4969995117189,425.7590000915528,451.00073076762885,448.3485839630883,460.02366891771123,435.84633535474984,447.93500213623054,57.662787245170875,49.863294872535256,24.653859314978323,2.8260029273012037,2.483792416402181,0.34221051089902277,36.35758708469723,11.887985503613136,71.58193716518406,44.27712834130765,-13.461556929676199,12168501.0,9937814.35,1.0
2025-10-06,459.7999877929688,459.7999877929688,455.0,457.5,233364,442.7979992675782,425.66575012207045,452.3005846141031,449.1805308755348,461.16163532940845,436.28336894305266,448.72250213623056,57.99238415901188,53.78804803155678,24.653859314978323,3.195868066829121,2.626207546487569,0.5696605203415519,35.73950917735251,11.381699952852827,86.35779785412586,67.1059249629404,-11.71330555451815,12401865.0,10361271.15,1.0
2025-10-07,457.5,480.5499877929688,454.7999877929688,476.3999938964844,2223089,443.71799926757814,425.65375015258803,457.1204664705794,451.65502751380296,467.50636364445603,432.4186394073019,449.96250152587896,68.10139932852618,53.78804803155678,24.653859314978323,4.956920118693631,3.0923500609287813,1.8645700577648499,36.598930781580265,12.408007099077624,90.42774455507723,82.78915985812904,-8.592122040015425,14624954.0,10860656.3,1.0
2025-10-08,475.25,486.7000122070313,473.7999877929688,482.1000061035156,864175,444.8579992675782,425.62700012207046,462.1163743971667,454.4227528401405,474.1054401900612,430.0295634720483,452.06750183105476,70.41382825667681,53.78804803155678,24.653859314978323,6.734874465089149,3.820854941760855,2.914019523328294,37.70058233496129,12.443151193005116,95.55718059273781,90.78090766731363,-8.448126854453974,15489129.0,11421762.3,1.0
2025-10-09,479.7000122070313,484.8999938964844,476.0,478.6000061035156,537322,445.9579992675782,425.5542501831056,465.41310073843647,456.6206849549927,478.14366708756666,429.9713384055974,454.05750274658203,67.19278649532318,53.78804803155678,24.653859314978323,7.7719056542584894,4.611065084260382,3.1608405699981077,38.72354449167224,12.19006852896792,95.91597596360327,93.96696703713943,-14.876040932218014,14951807.0,11974375.45,1.0
2025-10-10,478.6000061035156,481.0,474.0,478.75,414140,446.9979992675782,425.51900024414067,468.0804805907492,458.6324408681752,481.75203250459805,429.867971767863,455.81000213623054,67.26190304591944,53.78804803155678,24.653859314978323,8.50779107735275,5.390410282878856,3.1173807944738936,39.350055055590374,11.819349348327355,91.91958620048261,94.4642475856079,-14.600570109706412,15365947.0,12521040.55,1.0
2025-10-13,478.0,481.5,469.6000061035156,479.7000122070313,299880,447.6359997558595,425.5415002441407,470.4043869140056,460.54767462625296,484.95056921895605,430.30443566385657,457.6275024414063,67.72568097837363,60.31424942343601,24.653859314978323,9.063169051251293,6.1249620365533435,2.9382070146979498,39.2374568742687,11.825109673195715,88.51122986382,92.1155973426353,-12.855828155528071,15665827.0,13103155.65,1.0
2025-10-14,479.5,479.6499938964844,463.1000061035156,467.4500122070313,520909,448.09200012207043,425.4607502746582,469.8135119726108,461.1751598608692,485.56868123886494,432.17132425429924,458.8700027465821,56.592760336923334,60.31424942343601,24.653859314978323,8.417802289476526,6.583530087137981,1.8342722023385454,38.198970498615274,12.166173703932856,75.07124217513322,85.16735274647861,-35.35352742770218,15144918.0,13676260.8,1.0
2025-10-15,465.7000122070313,490.0,465.7000122070313,485.1000061035156,795930,449.0830004882813,425.45350036621096,472.8708107987918,463.35014588292796,489.4230148699744,431.74199062318974,460.58250274658207,65.41431725093663,60.31424942343601,24.653859314978323,9.224220410432736,7.111668151796932,2.1125522586358034,37.9874648380411,13.032874710292559,72.7286507543862,78.77037426444647,-8.484837915990262,15940848.0,13793248.7,1.0
2025-10-16,481.3999938964844,495.9500122070313,480.0,490.4500122070313,891911,450.1860009765626,425.52000045776373,476.3866510804398,465.81377009421004,493.9053804447515,431.25962504841266,462.58250274658207,67.56599882408385,60.31424942343601,24.653859314978323,10.177691272312131,7.724872775899973,2.452818496412158,38.159935472177196,13.241241674345325,72.52618651932795,73.44202648294912,-8.63422126533423,16832759.0,13994919.5,1.0
2025-10-17,495.0499877929688,508.6000061035156,490.6499938964844,503.9500122070313,1654269,451.6070013427735,425.6362504577637,481.8993233057581,469.2807011953756,500.95627046653385,429.74873746803655,465.3525039672852,72.25638748974664,60.31424942343601,24.653859314978323,11.885650594043113,8.557028339528602,3.328622254514512,38.97730777804,13.591866833069538,90.05019824441145,78.43501183937519,-6.0903647999449255,18487028.0,14297183.25,1.0
2025-10-20,505.0,505.0,491.0,495.1000061035156,450678,452.8910015869141,425.7370004272461,484.53945986530965,471.6279107324792,504.76917325811326,430.49583528680864,467.63250427246095,65.56278130005025,66.25965924071156,24.653859314978323,12.38236295928931,9.322095263480744,3.060267695808566,39.736296347769745,13.621019202136,85.94194447621402,82.83944307998448,-19.55104477928572,18036350.0,14509799.65,1.0
2025-10-21,499.0,504.6000061035156,480.0,495.6000061035156,226612,454.14900146484376,425.8082504272461,486.75156911295085,473.80719212984616,507.9931220940223,431.961885840548,469.97750396728514,65.75579234062806,66.25965924071156,24.653859314978323,12.67030155930513,9.99173652264562,2.67856503665951,39.00144881548326,14.405232552234546,75.71902763472261,83.9037234517827,-20.569616280159043,18262962.0,14750595.5,1.0
2025-10-23,495.6000061035156,502.0,492.2999877929688,493.8999938964844,268066,455.3290014648438,425.83450042724616,488.1812540696576,475.6338104722678,510.45932037567604,433.8006863381912,472.1300033569336,64.43348495507009,66.25965924071156,24.653859314978323,12.615890069191835,10.516567231954864,2.0993228372369703,38.319090392645805,14.069145384720022,59.07132431042902,73.57743214045522,-26.703010567782016,17994896.0,14962503.55,1.0
2025-10-24,493.8999938964844,497.9500122070313,486.7999877929688,488.0499877929688,612443,456.38500122070315,425.86000030517584,488.15500081431986,476.76255386505875,511.9160207338485,435.51898598001884,473.71750335693366,59.964761477264524,66.25965924071156,24.653859314978323,11.962822003789086,10.805818186321709,1.157003817467377,37.01546994292533,13.860636743958771,43.36108864057074,59.383813528574116,-38.197047056614565,17382453.0,15111905.95,1.0
2025-10-27,487.8999938964844,491.1000061035156,482.0,487.3999938964844,338831,457.2360009765625,425.90050033569344,488.0039994307528,477.72959386791564,512.9921093035422,437.5928974103251,475.29250335693365,59.47122823411463,60.13788805235731,24.653859314978323,11.262979168739378,10.897250382805243,0.3657287859341345,35.25812963879546,13.520591698212833,29.987080936400172,44.13983129579997,-39.40521373925863,17043622.0,15263708.9,1.0
2025-10-28,486.9500122070313,498.3999938964844,486.8999938964844,494.6499938964844,380356,458.2340008544922,425.9662503051759,489.3331983238992,479.26781205233095,513.6850042350065,441.78000125815777,477.73250274658216,63.11753841883764,60.13788805235731,24.653859314978323,11.164663794626449,10.950733065169485,0.21393072945696368,34.217872389204146,13.37626371976906,27.18665137349558,33.511606983488825,-30.65936748798077,17423978.0,15457934.15,1.0
2025-10-29,480.0,484.3999938964844,461.9500122070313,480.4500122070313,3546603,459.07200134277355,425.9950003051759,487.55656110052564,479.37528479366733,510.70073918757834,448.9492669159376,479.82500305175796,53.050258708090475,60.13788805235731,24.653859314978323,9.827641371936238,10.726114726522837,-0.8984733545865993,32.52131297873364,14.756529289032205,20.01078866208564,25.728173657327126,-60.3429744470037,13877375.0,15574280.2,1.0
2025-10-30,480.7000122070313,483.3999938964844,470.4500122070313,481.0499877929688,377871,459.76000122070315,426.02925018310555,486.25524643901434,479.52753052087655,508.20339323842614,454.8766116443865,481.54000244140633,53.388545634138715,60.13788805235731,24.653859314978323,8.715982069026552,10.324088195023581,-1.608106125997029,30.94593638329674,14.627490174776552,14.472316725343099,20.556585586974773,-59.05685297983088,14255246.0,15686993.05,1.0
2025-10-31,483.6000061035156,500.0,481.6499938964844,494.3999938964844,1544477,460.87300109863287,426.1882501220704,487.8841959305084,480.87957264593183,508.0951876263792,458.6648160357302,483.3800018310547,60.25142200743932,60.13788805235731,32.31096954222981,8.810654246582658,10.021401405335396,-1.2107471587527385,29.298713649533205,14.936241748509026,13.085146432698494,15.85608394004241,-30.43947280795123,15799723.0,15857509.4,1.0
2025-11-03,494.5499877929688,499.0,484.8999938964844,487.0,335890,461.88700134277343,426.30350006103515,487.70735674440675,481.43597513266525,506.272040844125,463.4879628179845,484.88000183105476,55.3836556925423,61.661330212802554,32.31096954222981,8.194108385443144,9.655942801356947,-1.4618344159138026,27.769149682467066,14.876510631009499,17.13489015596329,14.897451104668294,-46.30226994551325,15463833.0,16022276.0,1.0
2025-11-04,486.8999938964844,491.6499938964844,484.3500061035156,488.5499877929688,386183,462.85400085449226,426.44050003051757,487.8758829541192,482.0827035563292,503.534615845228,469.3303865961784,486.4325012207032,56.182192000612275,61.661330212802554,32.31096954222981,7.741325231163842,9.273019287318327,-1.5316940561544854,26.299962594503636,14.335330428292302,21.983422965868186,17.401153184843324,-42.97968045834588,15850016.0,16194683.55,1.0
2025-11-06,483.0499877929688,489.8500061035156,477.2000122070313,486.7000122070313,189589,463.6970013427735,426.5605000305176,487.64070880470166,482.5024588882112,503.38498742252705,470.5100168499341,486.9475021362306,54.91878292795054,61.661330212802554,32.31096954222981,7.150783964047889,8.84857222266424,-1.6977882586163506,24.53157569971641,14.214949247448875,12.72832330451773,17.2822121421164,-46.94533067909955,15660427.0,16246457.2,1.0
2025-11-07,485.7999877929688,492.0499877929688,474.9500122070313,488.6499938964844,249847,464.6000012207032,426.6737499999999,487.84256582305824,483.0613257071451,503.5661810925804,470.98382195917776,487.2750015258791,56.04091298467884,61.661330212802554,32.31096954222981,6.762172861459931,8.431292350423378,-1.6691194889634478,23.078653174134633,14.421022557340919,13.86903086998383,16.19359238012325,-42.76530507442304,15910274.0,16267514.45,1.0
2025-11-10,488.6499938964844,498.0,488.0,490.75,303178,465.7140014648438,426.81749999999994,488.4240526584466,483.76029609740465,503.7111958617445,472.05380657966214,487.8825012207033,57.274333357923474,59.4458612284122,32.31096954222981,6.548165528812888,8.05466698610128,-1.5065014572883921,21.660332905278562,14.105235231816568,19.515363254453938,15.37090580965183,-33.10105468212801,16213452.0,16330596.7,1.0
2025-11-11,490.0,492.6000061035156,487.0499877929688,490.0,117957,466.6590014648438,426.9602499389648,488.7392421267573,484.3275419067315,503.69625879936655,473.1937436420401,488.4450012207033,56.66284774852651,59.4458612284122,32.31096954222981,6.246043937379341,7.692942376356892,-1.4468984389775512,20.254213476198768,13.494148308868729,25.750164132275252,19.711519418904338,-34.232141132191614,16095495.0,16367074.1,1.0
2025-11-12,492.0,499.75,485.0499877929688,497.6000061035156,267805,467.6740014648439,427.1319999694824,490.511394922109,485.5341295609846,504.53122321970767,474.14877861134727,489.34000091552747,61.18516758743307,59.4458612284122,32.31096954222981,6.5444272920935305,7.46323935950422,-0.9188120674106894,19.57321032159803,13.580281444451764,44.38104639415963,29.882191260296274,-10.986255274856415,16363300.0,16401947.75,1.0
2025-11-13,498.0,504.8999938964844,495.7999877929688,500.8500061035156,550934,468.70100158691423,427.3389999389649,492.5791171583903,486.9264819739419,503.0948192803024,478.92518194040105,491.0100006103517,62.964954036632314,59.4458612284122,32.31096954222981,6.962882315962531,7.363167950795883,-0.40028563483335144,19.35360977314097,13.260261777242036,66.12718272204381,45.41946441615956,-9.429544865122208,16914234.0,16490413.55,1.0
2025-11-14,502.0,531.8499755859375,500.5,522.4500122070312,2771568,470.3550018310548,427.6414999389649,498.55329616811855,490.1558938133137,511.10124856400694,474.65375326704793,492.87750091552743,72.11615411070399,59.4458612284122,32.31096954222981,8.934460017383003,7.677426364113307,1.257033653269696,20.743797813378507,14.552384192148855,89.98278468541574,66.83033793387305,-13.447737201165532,19685802.0,16677661.25,1.0
2025-11-17,528.4500122070312,534.0,518.5499877929688,520.25,1306153,471.7190020751954,427.9659999084473,502.8926369344949,492.891721648467,516.2593766560291,472.4756239543226,494.36750030517584,70.21315088068548,66.96066798895757,32.31096954222981,10.201826644232597,8.182306420137166,2.01952022409543,22.13278684559455,14.61650047892617,96.16772116158059,84.09256285634672,-19.083972698940354,18379649.0,16755005.75,1.0
2025-11-18,522.0,524.2999877929688,512.2000122070312,515.5499877929688,537500,473.15300170898445,428.31874984741216,505.4241071061897,494.95156402523986,518.4627929137037,471.43220525524174,494.94749908447267,66.1944374205324,66.96066798895757,32.31096954222981,10.703587823747796,8.686562700859293,2.017025122888503,22.7552753716124,14.436748700855551,86.31986634606643,90.82345739768758,-25.60723849120732,17842149.0,16722761.8,1.0
2025-11-19,517.0,517.0,504.6499938964844,507.75,212084,474.47300170898444,428.63324981689453,505.8892856849518,496.1150582047635,519.7830112600376,471.3769862985562,495.5799987792969,60.051551738672735,66.96066798895757,32.31096954222981,10.352506099726611,9.019751380632757,1.3327547190938542,22.598511355346716,14.287695658188413,64.84603999475868,82.4445425008019,-41.30606615616747,17630065.0,16702447.55,1.0
2025-11-20,507.75,510.3999938964844,503.2999877929688,505.5499877929688,130538,475.5520013427735,428.9679997253419,505.82142610655524,496.97277907641853,520.6878627588912,471.46713296864783,496.0774978637695,58.4052159368504,66.96066798895757,32.31096954222981,9.783965244166495,9.172594153339505,0.6113710908269905,22.32451991960136,13.774289261426068,41.597455918639575,64.25445408648824,-48.17953952298504,17499527.0,16664275.8,1.0
2025-11-21,502.9500122070313,504.5,486.5499877929688,491.3999938964844,343313,476.5800012207032,429.25024963378905,502.93713966454106,496.46616224187903,520.6347216231937,471.2702741043453,495.9524978637695,49.08440741937426,66.96066798895757,32.31096954222981,8.098254630613098,8.957726248794224,-0.859471618181125,20.799243929723573,14.147554314181349,18.617192932686578,41.68689628202828,-72.14227757823207,17156214.0,16622341.7,1.0
2025-11-24,491.3999938964844,499.9500122070313,481.4500122070313,496.8999938964844,337554,477.74200134277356,429.5684996032715,501.72971051092975,496.50560148320676,520.7964207290086,471.99357560888194,496.3949981689453,52.27271218308547,56.58706926081497,32.31096954222981,7.123999823633994,8.590980963762178,-1.4669811401281834,19.748388180680383,14.458443291739824,11.372048329743954,23.862232393690032,-62.828135093930136,17493768.0,16627907.45,1.0
2025-11-25,494.8999938964844,498.0,486.25,496.25,205132,478.79300109863294,429.83699966430663,500.63376840874383,496.4823649847334,520.8703030336828,472.80469391455927,496.83749847412105,51.85940983937424,56.58706926081497,32.31096954222981,6.227658227294057,8.118316416468554,-1.8906581891744967,18.77259355656885,14.26498305661555,8.630561493563818,12.87326758533145,-63.92888705134505,17288636.0,16640158.15,1.0
2025-11-26,496.9500122070313,496.9500122070313,485.0,489.7999877929688,318238,479.722000732422,430.0852496337891,498.46701228558885,495.87487614911845,520.8178660229333,472.3721303149573,496.5949981689453,47.818967015328276,56.58706926081497,32.31096954222981,4.939894940400734,7.48263212125499,-2.542737180854256,17.963592883119183,14.099627995930962,8.630561493563818,9.544390438957196,-74.85185663712238,16970398.0,16617479.15,1.0
2025-11-27,490.3999938964844,493.0,487.75,491.0,187007,480.6900006103516,430.3479995727539,496.97360982847107,495.43170559010764,520.302017213348,473.94297790383956,497.12249755859375,48.62100840754511,56.58706926081497,32.31096954222981,3.9703959607414845,6.78018488915229,-2.8097889284108053,17.21237797205878,13.467511710507322,5.116520438465839,7.459214475197824,-81.82685059682069,17157405.0,16781480.65,1.0
2025-11-28,491.0499877929688,492.75,483.0,487.9500122070313,344587,481.43200073242195,430.5904995727539,495.16889030418315,494.7515516461916,519.8307982476678,475.104199310926,497.4674987792969,46.65806423874185,56.58706926081497,32.31096954222981,2.922266440934152,6.008601199508663,-3.0863347585745107,16.911244446640143,13.201975159756799,1.100321323984978,4.9491344186715445,-87.63082490978292,16812818.0,16909359.25,1.0
2025-12-01,489.0,491.8999938964844,479.4500122070313,481.0,2026407,482.04300048828134,430.8179995727539,492.33511224334654,493.5014105874469,520.3206006647936,473.2743975041518,496.7974990844727,42.452190425435276,55.55718245886815,31.8392894254372,1.5133632343597014,5.109553606478871,-3.5961903721191693,16.91774230902309,13.148261340449391,1.100321323984978,2.4390543621452654,-97.15859186100775,14786411.0,16858693.65,-1.0
2025-12-02,481.0,484.8999938964844,477.7000122070313,479.2999877929688,377228,482.65800048828135,431.0512495422363,489.728087353271,492.21037215158526,520.8452412440303,471.979755704212,496.4124984741211,41.46752476940701,55.55718245886815,31.8392894254372,0.25666187668929297,4.138975260520955,-3.8823133838316624,17.065221595226124,12.723384222521084,0.0,0.7335475493233187,-97.15812445320402,14409183.0,16805961.15,-1.0
2025-12-03,486.8999938964844,486.8999938964844,470.0,471.5499877929688,2168966,483.0990002441407,431.31549942016596,486.0924674412106,490.332155391711,522.2277932049792,468.89720374326293,495.56249847412107,37.228214173514424,55.55718245886815,31.8392894254372,-1.3490917440119006,3.0413618596143843,-4.390453603626285,17.789958295893996,13.021713484947034,0.0,0.36677377466165934,-97.57814407348624,12240217.0,16625471.2,-1.0
2025-12-04,471.0,475.7000122070313,463.9500122070313,465.0,487950,483.4250000000001,431.64249938964844,481.8739739529685,488.0292321742827,524.2464621096832,464.7085336178559,494.47749786376954,34.05906076337862,55.55718245886815,31.8392894254372,-3.114292703897604,1.8102309469119866,-4.924523650809591,18.874406310707585,12.930876807450817,0.0,0.0,-98.50108782877749,11752267.0,16430063.2,-1.0
2025-12-05,464.8999938964844,467.2999877929688,455.0,457.8500061035156,528128,483.56500000000005,431.9752494812011,477.069180383078,485.2856661678493,526.8711481019654,459.0038488462767,492.93749847412107,30.960701882140302,55.55718245886815,31.8392894254372,-5.032164277272386,0.44175190207511217,-5.473916179347499,20.417463622017326,12.885813306416388,0.0,0.0,-95.88743635564566,11224139.0,16195756.45,-1.0
2025-12-08,459.0,471.0,455.8500061035156,461.7000122070313,1548247,483.6730004882814,432.2979995727538,473.9953467478687,483.1415158077749,528.1868993657902,454.78309880315516,491.4849990844727,34.42017330923853,47.44405069673702,31.8392894254372,-6.170300615365079,-0.8806586014129262,-5.289642013952153,21.373860862903037,13.047540491421245,3.963985748278614,1.3213285827595378,-89.19352869833659,12772386.0,16023703.15,-1.0
2025-12-09,461.7000122070313,471.8999938964844,456.5499877929688,470.3999938964844,999170,483.96300048828135,432.6884996032714,473.2762761775919,481.98319563402123,528.4011290074201,452.6088685511737,490.5049987792969,41.547959456998356,47.44405069673702,31.8392894254372,-6.297670425078309,-1.9640609661460027,-4.333609458932306,22.144525812990935,13.212002320856554,16.822970430065492,6.928985392781368,-72.2021740196227,13771556.0,15907506.2,-1.0
2025-12-10,467.2999877929688,475.6000061035156,466.0499877929688,468.8500061035156,279352,484.4230004882813,433.0624996948241,472.39102216277666,480.78926931306614,527.9974648144736,450.1375327441202,489.0674987792969,40.699237778933714,47.44405069673702,31.8392894254372,-6.449339012468556,-2.861116575410514,-3.5882224370580422,22.373160888011217,12.950432034405859,32.05465710075233,17.613871093032145,-72.02018968986744,13492204.0,15763951.4,-1.0
2025-12-11,471.8500061035156,471.8500061035156,464.2999877929688,465.1499938964844,170839,484.9540002441407,433.4284996032714,470.94281650951825,479.36751700246776,527.1990446154347,447.365951722456,487.2824981689453,38.668594912281726,47.44405069673702,31.8392894254372,-6.789828605856826,-3.6468589814997765,-3.1429696243570495,22.721990740529712,12.564688196987355,40.14630402359654,29.674643851471455,-77.41937454936517,13321365.0,15584307.95,-1.0
2025-12-12,465.1499938964844,468.6499938964844,461.6499938964844,464.6000061035156,351157,485.3110003662109,433.80299957275383,469.67425442831774,478.0250160116539,521.8873127806664,446.8926829468726,484.3899978637695,38.36219733569177,47.44405069673702,31.8392894254372,-7.0230906627271565,-4.322105317745253,-2.7009853449819037,23.254150858773755,12.167210468631115,39.0926670993481,37.097876074565654,-77.67440441042878,12970208.0,15248528.25,-1.0
2025-12-15,465.9500122070313,476.7000122070313,463.1000061035156,466.5,586095,485.48900024414064,434.187749633789,469.0394035426542,476.97728728332174,515.9412574291807,447.4637382983583,481.7024978637695,40.12718016964581,49.234407729017946,31.8392894254372,-6.974244149584308,-4.852533084113064,-2.121711065471244,22.670509717341577,12.269553013980014,41.162451148359295,40.133807423767976,-72.58642037278725,13556303.0,15007360.95,-1.0
2025-12-16,465.0,467.6000061035156,455.25,461.4500122070313,659325,485.5780004882812,434.5709997558593,467.52152527552965,475.5657168218408,510.40839344528774,447.5866047236576,478.9974990844727,37.087397707116544,49.234407729017946,31.8392894254372,-7.259343552691178,-5.333895177828687,-1.9254483748624907,22.786788513737182,12.275299663232557,40.670785041015776,40.30863442957438,-83.02628366570708,12896978.0,14760102.4,-1.0
2025-12-17,464.0499877929688,464.0499877929688,457.2999877929688,461.7000122070313,430736,485.66200073242186,435.0067498779296,466.35722266183,474.30519822049445,505.90576564880286,447.4842337408456,476.6949996948242,37.34045883378418,49.234407729017946,31.8392894254372,-7.380041449111673,-5.743124432085284,-1.6369170170263887,22.894761681818817,11.88063540157309,42.41284481754387,41.41536033563965,-82.2516232926323,13327714.0,14544984.85,-1.0
2025-12-18,461.0,466.0499877929688,458.0,461.5,287700,485.3640008544922,435.4839999389648,465.38577812946403,473.1410892913586,501.06626905930295,447.9187315510487,474.49250030517584,37.21149554811247,49.234407729017946,31.8392894254372,-7.406457681351242,-6.075791081938475,-1.3306665994127664,22.719172897001343,11.607017715244211,43.24303633470305,42.10888873108756,-82.38482093456584,13040014.0,14322009.2,-1.0
2025-12-19,458.7999877929688,467.7999877929688,458.0,465.3500061035156,227684,485.0290008544922,435.9880000305176,465.3786237242744,472.43280900155463,498.8110301073382,447.5689717237166,473.1900009155274,41.40643738173918,49.234407729017946,31.8392894254372,-7.035627089448212,-6.267758283440423,-0.7678688060077894,22.311431005402696,11.477944149367396,64.56682950077342,50.07423688434011,-67.55483359306763,13267698.0,14127583.4,-1.0
2025-12-22,465.5,468.0499877929688,459.0,461.3500061035156,209311,484.6840008544922,436.41825012207033,464.57290020012266,471.4252814653692,494.95600226460596,447.8690007871517,471.41250152587884,38.526465614855255,49.44050047304038,31.8392894254372,-6.984000533519122,-6.411006733456163,-0.5729938000629593,21.89639827707105,11.304518695338926,74.8397666254334,60.88321082030328,-80.09402094520324,13058387.0,13905814.35,-1.0
2025-12-23,463.5499877929688,463.6499938964844,458.0,460.2000122070313,177247,484.31300109863287,436.89350021362304,463.6983226015044,470.40480244188393,490.51956445989,448.700439812571,469.6100021362305,37.714296255981054,49.44050047304038,31.8392894254372,-6.955700032342406,-6.519945393233412,-0.43575463910899437,21.620888063691687,10.900624066849314,77.97138346435483,72.45932653018721,-76.03682358599603,12881140.0,13685439.55,-1.0
2025-12-24,461.0,461.0,452.0499877929688,453.3999938964844,483710,483.78700073242186,437.3657501220703,461.6386568605004,468.8589107559385,487.6082683500566,447.9717365327559,467.7900024414063,33.25067689628694,49.44050047304038,31.8392894254372,-7.396711641294985,-6.695298642845727,-0.7014129984492579,21.98317997355973,10.761294648290876,52.293470092907185,68.36820672756514,-94.52330723556847,12397430.0,13456791.15,-1.0
2025-12-26,453.2000122070313,457.0,442.5499877929688,443.5,396547,483.30800048828127,437.7472500610351,458.01092548840035,466.55355523267133,484.90381237054487,445.92619251226756,465.4150024414062,28.04632519554361,49.44050047304038,31.8392894254372,-8.447683649837245,-7.045775644244031,-1.4019080055932136,23.124145993198752,11.024774473915185,28.47312543418068,52.912659663814225,-97.21812144110798,12000883.0,13198965.05,-1.0
2025-12-29,441.0,446.0,437.5499877929688,441.7000122070313,290875,482.44000061035155,438.11100006103516,454.7487428321266,464.2941422303404,482.3063184319114,443.89868645090104,463.1025024414062,27.2123530229333,43.85471194601664,31.8392894254372,-9.31841363830705,-7.500303243056636,-1.8181103952504136,24.538647722028216,10.84086288342347,7.209846358402023,29.325480628496628,-89.39968882223268,11710008.0,12943824.55,-1.0
2025-12-30,441.7000122070313,450.7000122070313,440.6000061035156,448.75,385454,481.60600036621094,438.5220001220703,453.5489942657013,462.88103839121857,479.7593721957955,443.22063268701703,461.49000244140626,35.32421896564076,43.85471194601664,31.8392894254372,-9.332024561591538,-7.866647506763616,-1.465377054827922,25.086275155037974,10.787944542001487,19.049874904810682,18.24428223246446,-71.39206839674867,12095462.0,12809277.1,-1.0
2025-12-31,448.0,456.2999877929688,445.1000061035156,455.0,231591,480.62700012207034,438.9732501220703,453.8391954125611,462.16458035565324,476.6958304649578,443.854175638558,460.2750030517579,41.54391481534008,43.85471194601664,29.472314769496304,-8.737765033548385,-8.04087101212057,-0.6968940214278145,24.765638430215635,10.817375766819465,52.38320823814401,26.21430983378557,-55.427838249921415,12327053.0,12705170.6,-1.0
2026-01-01,455.0,467.6000061035156,455.0,464.7000122070313,714802,480.0190002441407,439.47350021362297,456.01135877145515,462.395074160324,475.63309955631655,444.2319089886055,459.932504272461,49.63863603514277,43.85471194601664,29.472314769496304,-7.398811266759367,-7.91245906304833,0.5136477962889634,23.087654271236776,10.944706505154905,85.71654157147734,52.38320823814401,-30.651321881908345,13041855.0,12745252.5,-1.0
2026-01-02,463.8999938964844,469.7999877929688,458.1000061035156,459.75,287749,479.30200012207035,440.0087501525878,456.7590870171641,462.1546128730218,475.1883598427704,444.15164870215165,459.67000427246103,46.12822789994058,43.85471194601664,29.472314769496304,-6.660329246425704,-7.662033099723805,1.0017038532981015,21.582667193033544,10.998654732604782,94.7823005514095,77.6273501203436,-43.2950233383327,12754106.0,12795344.45,-1.0
2026-01-05,459.75,460.5,455.0499877929688,458.7999877929688,167553,478.60000000000014,440.53250015258783,457.16726717232507,461.8496469566533,475.2182087412922,444.21679797257525,459.7175033569337,45.463704629883445,48.51358395213263,29.472314769496304,-6.081629728532221,-7.345952425485489,1.2643226969532684,20.234172079148742,10.60232312363524,88.57688612318948,89.69190941535877,-34.10852713178295,12586553.0,12863465.15,-1.0
2026-01-06,458.7999877929688,458.7999877929688,450.2999877929688,451.8500061035156,256359,477.87600036621103,441.00325012207026,456.10381495856325,460.9405886972772,475.0823102558936,443.36769584762226,459.22500305175794,40.829677898576975,48.51358395213263,29.472314769496304,-6.113340842406501,-7.099430108869692,0.9860892664631908,19.482594564857976,10.452157186232725,75.48368036431872,86.28095567963923,-55.65885795179282,12330194.0,12841355.55,-1.0
2026-01-07,450.0,453.0,442.4500122070313,444.5499877929688,1707609,477.0190002441407,441.43749999999994,453.7930495254444,459.4505340696128,474.164193144517,441.7008123486473,457.93250274658214,36.60878788804084,48.51358395213263,29.472314769496304,-6.650855673292824,-7.009715221754319,0.3588595484614947,19.517518227522263,10.459145086713866,61.33444899634881,75.13167182795233,-78.29457364341086,10622585.0,12683907.0,-1.0
2026-01-08,444.9500122070313,461.6499938964844,444.9500122070313,447.6499938964844,1484237,476.0790002441407,441.89499999999987,452.56443839965243,458.37775769023744,472.86946240934566,440.8755418631154,456.87250213623054,39.47045286880411,48.51358395213263,29.472314769496304,-6.748898365321736,-6.9575518504678024,0.2086534851460664,18.531729263619162,10.933492302199701,52.42637187122372,63.08150041063041,-68.682151617006,12106822.0,12614637.9,-1.0
2026-01-09,446.2000122070313,458.2000122070313,442.8500061035156,449.4500122070313,774067,475.4590002441407,442.3477500915526,451.94155316112824,457.56614446449146,471.91412965683634,440.26087644667945,456.0875030517579,41.13220617102829,48.51358395213263,29.472314769496304,-6.605210713331246,-6.887083623040491,0.2818729097092447,17.819262920481354,11.248957573722272,52.87603514100796,55.54561866952683,-63.10069949127908,12880889.0,12592614.1,-1.0
2026-01-12,449.4500122070313,449.4500122070313,439.2999877929688,444.5499877929688,497533,474.7290002441407,442.74824996948234,450.4632400874964,456.382857494353,471.17907694972826,438.990927322733,455.0850021362306,38.06834471334406,45.912998381619644,29.472314769496304,-6.808246999493747,-6.871316298331142,0.06306929883739532,17.497326896687873,11.17046234803229,55.04544922314929,53.44928541179365,-78.29457364341086,12383356.0,12563271.5,-1.0
2026-01-13,442.1000061035156,454.8999938964844,442.1000061035156,449.2000122070313,1451562,473.82500061035165,443.1992500305175,450.21059451140343,455.72987155914194,469.5734378900126,438.86656760315174,454.22000274658217,42.4493991933511,45.912998381619644,29.472314769496304,-6.51879203397516,-6.800811445459946,0.2820194114847858,16.557653418299815,11.28685702267061,59.47320975592115,55.798231373359464,-63.87589328972868,13834918.0,12577202.25,-1.0
2026-01-14,447.0,455.0,444.6499938964844,445.1499938964844,967067,472.9880004882814,443.6899999999999,449.19847438841964,454.76806449890034,468.8725594223367,437.937444239773,453.40500183105485,39.8080643312658,45.912998381619644,29.472314769496304,-6.540801233524405,-6.748809403072839,0.20800816954843349,15.673458307427964,11.219939099873825,57.50506990406132,57.34124296104392,-76.43408960150211,12867851.0,12575745.9,-1.0
2026-01-15,445.1499938964844,445.1499938964844,445.1499938964844,445.1499938964844,0,472.1200006103517,444.1505000305175,448.38877829003263,453.89369444413524,467.9470412524302,437.20796057862475,452.5775009155275,39.808064331265804,45.912998381619644,29.472314769496304,-6.483505862988636,-6.695748695055999,0.21224283206736239,14.852419990189816,10.418514878454266,60.09090429753407,59.02306131917217,-76.43408960150211,12867851.0,12552752.75,-1.0
2026-01-16,445.1499938964844,451.7999877929688,438.0,441.3999938964844,377713,471.2140002441408,444.566000061035,446.991021411323,452.7579034852579,467.1131659031399,436.03183531756343,451.57250061035165,37.314755024092925,45.912998381619644,29.472314769496304,-6.6638755201132085,-6.689374060067441,0.025498539954232236,14.874821877807463,10.660048658062447,42.07857295852342,53.224849053372935,-89.30819118982136,12490138.0,12525258.95,-1.0
2026-01-19,441.3999938964844,442.5,435.8999938964844,438.4500122070313,334635,470.2100006103517,444.97500015258777,445.28281957046465,451.4571860963282,465.3993785010043,435.0556233300506,450.22750091552746,35.43455186383856,43.93091081081233,29.472314769496304,-6.964575351832593,-6.744414318420471,-0.220161033412122,15.107699953485541,10.370045618451961,23.356921966136408,41.842133074064634,-92.47782073845336,12155503.0,12469649.2,-1.0
2026-01-20,437.5,442.9500122070313,432.4500122070313,435.0,405657,469.09500061035163,445.4255001831053,443.22625565637173,449.96107826938925,464.58319866085606,433.2368025598472,448.91000061035163,33.32001451594273,43.93091081081233,29.472314769496304,-7.396012656996049,-6.874733986135587,-0.521278670860462,15.664908426293646,10.37932807427682,4.635270973749392,23.356921966136408,-93.17271898317176,11749846.0,12404222.15,-1.0
2026-01-21,433.0,439.0,430.8999938964844,435.8500061035156,335893,468.01200073242194,445.88925018310533,441.7510057458005,448.67825352703704,463.4557911462905,431.9292094640613,447.6925003051759,34.3593302806426,43.93091081081233,29.472314769496304,-7.581941538459034,-7.016175496600278,-0.5657660418587565,16.333407490486017,10.216519362079591,2.704815869683426,10.232336269856408,-87.27503089022694,12085739.0,12364452.1,-1.0
2026-01-22,435.8500061035156,439.9500122070313,433.6000061035156,435.75,230239,466.7750006103516,446.3150001525878,440.55080459664043,447.50295775185185,463.19200660787953,430.4279946128238,446.81000061035166,34.29160839853489,43.93091081081233,29.472314769496304,-7.649186117225213,-7.142777620725266,-0.5064084964999473,16.79529889572251,9.940339843610742,5.37175338613841,4.237280076523742,-84.22762242759147,11855500.0,12337355.6,-1.0
2026-01-23,435.75,436.3500061035156,423.6499938964844,425.1499938964844,561220,465.261000366211,446.70050018310536,437.47064245660926,445.4708701286366,464.90009835932653,426.8849022510252,445.8925003051759,27.993551003600075,43.93091081081233,29.472314769496304,-8.460284936570645,-7.406279083894342,-1.054005852676303,18.145705245928593,10.13745929814078,5.37175338613841,4.482774213986748,-96.05263157894737,11294280.0,12302025.45,-1.0
2026-01-27,426.2000122070313,432.0,416.5499877929688,425.2000122070313,305556,463.31600036621103,447.0952502441405,435.0165164066937,443.62806486303606,466.15933624249624,423.9756643678554,445.0675003051758,28.06069274432504,40.161779162139,29.472314769496304,-8.995357651323843,-7.724094797380243,-1.2712628539436004,19.92233242093151,10.516927363061523,2.821757766002997,4.521754846093272,-80.8203475755445,11599836.0,12296516.85,-1.0
2026-01-28,425.2000122070313,443.6499938964844,423.0,440.5499877929688,753426,461.7220001220703,447.54975021362293,436.12321068394874,443.3482396748481,465.76672160333607,423.54827778631244,444.65749969482425,45.00750386937376,40.161779162139,29.472314769496304,-8.087563490485081,-7.796788536001211,-0.2907749544838705,19.861667099599906,11.240717829734585,33.48815358288134,13.893888245007581,-46.78492959643039,12353262.0,12309406.85,-1.0
2026-01-29,446.0,459.8999938964844,444.4500122070313,450.5,3422300,460.421000366211,448.01125015258776,438.99856854715904,443.99839970440735,465.1702173420267,423.69478204762174,444.43249969482423,52.773667950486725,40.161779162139,29.472314769496304,-6.490429615871221,-7.535516751975213,1.0450871361039917,18.789833835329222,11.819952706433227,66.82148691621467,34.377132755033,-21.68395057209014,15775562.0,12481832.3,-1.0
2026-01-30,449.0,478.0,446.0,469.25,2853787,459.651000366211,448.5560002136229,445.0488548377273,446.2939997312794,466.40905869531474,422.91093947363055,444.65999908447264,63.29349323507718,40.161779162139,29.472314769496304,-3.669422396548441,-6.762297880889859,3.092875484341418,19.114587223445753,13.26138465597371,99.99999999999999,66.76988016636533,-14.239216048518234,18629349.0,12761207.0,1.0
2026-02-02,473.5,478.9500122070313,464.7000122070313,468.1499938964844,856221,458.9030004882812,448.98100021362285,449.66908264947875,448.2809082917526,468.32875111732227,421.8312464412715,445.0799987792969,62.415093008906915,52.15813121860482,31.83252882363415,-1.505164550390191,-5.710871214789925,4.2057066643997345,19.47561200047053,13.332000037689873,99.17053667263795,88.66400786295087,-17.30771487985674,17773128.0,13012158.1,1.0
2026-02-03,472.0,478.25,468.6499938964844,470.2000122070313,564028,458.47900085449214,449.4012503051756,453.7752685609893,450.2735541022325,470.7966237277449,420.5033762722551,445.65,63.43359747505586,52.15813121860482,31.83252882363415,0.3711661578444705,-4.494463740263046,4.865629898107517,19.81084929342211,13.101143328106,99.17053667263795,99.4470244484253,-14.022430411145958,18337156.0,13299688.25,1.0
2026-02-04,470.0,476.4500122070313,465.2999877929688,469.7999877929688,277391,457.9370007324218,449.798250274658,456.98021240738524,452.04868443775393,473.81748256692214,419.27751560202336,446.54749908447275,63.074414184783265,52.15813121860482,31.83252882363415,1.8050852363042509,-3.2345539449495866,5.039639181253838,19.74498508923049,12.961777691388608,98.8327048260555,99.05792605711046,-14.663494926454623,18059765.0,13586166.8,1.0
2026-02-05,468.5499877929688,468.7999877929688,458.7000122070313,464.8999938964844,222255,457.3100006103514,450.148250274658,458.5641687052051,453.21698529763853,476.0142704853952,419.1157282939017,447.56499938964845,58.69053501315789,52.15813121860482,31.83252882363415,2.5170726338246823,-2.084228629194733,4.601301263019415,18.981052809753816,12.82879182671353,95.20105430610347,97.73476526826563,-22.51604617542523,17837510.0,13946913.05,1.0
2026-02-06,464.3999938964844,464.3999938964844,453.0,458.75,152184,456.6890008544921,450.4380003356931,458.6013349641641,453.7199866342168,477.0059874861724,419.2340119034761,448.11999969482423,53.65040028600592,52.15813121860482,31.83252882363415,2.5556151257941337,-1.1562598781969597,3.7118750039910937,17.7149962231322,12.76244911741145,85.9994136358243,93.34439092266108,-32.371801768845174,17685326.0,14225838.25,1.0
2026-02-09,460.0,465.0,455.7999877929688,463.25,240389,456.13400085449206,450.72425033569317,459.53106797133125,454.5863514856516,478.4784383620222,419.1415598069233,448.80999908447274,56.58808721813405,49.60802762468794,31.83252882363415,2.9156627747639163,-0.34187534760478455,3.2575381223687008,16.59605598552962,12.507989338098573,79.89866263758708,87.03304352650494,-25.160266128827256,17925715.0,14478079.55,1.0
2026-02-10,463.5499877929688,472.8999938964844,460.6499938964844,468.75,331078,455.75000061035144,451.0527503967283,461.37485437706505,455.87395589604694,480.9058720717686,419.1341273178798,450.0199996948242,59.93084257043999,49.60802762468794,31.83252882363415,3.603270901167434,0.4471539021496593,3.156116999017775,16.27275859407867,12.48956152823439,81.06524082692539,82.32110570011224,-16.3461670132498,18256793.0,14771751.4,1.0
2026-02-11,471.0,488.6000061035156,466.2000122070313,480.3999938964844,890941,455.7380004882811,451.46625030517555,465.17988228094896,458.1035957142685,485.31207319128316,417.8479243673107,451.57999877929694,65.91738742255224,49.60802762468794,31.83252882363415,5.030276542927766,1.3637784303052807,3.666498112622485,17.100661806709294,13.197449554537956,90.26688149720457,83.743594987239,-11.380999476902165,19147734.0,15037392.2,1.0
2026-02-12,481.3999938964844,482.3999938964844,474.7000122070313,480.6000061035156,327949,455.76400085449205,451.8797503662107,468.26390704546236,460.1487239314728,489.31382863056837,417.3911701487287,453.35249938964853,66.01127678040336,49.60802762468794,31.83252882363415,6.106931207056675,2.31240898565556,3.7945222214011154,17.869429075580587,12.804773278460463,96.70546434202423,89.34586222205138,-11.103397594597064,19475683.0,15367783.8,1.0
2026-02-13,477.7000122070313,482.0,466.1499938964844,467.8500061035156,234045,455.690001220703,452.22800033569314,468.1811268570731,460.84884049256755,490.79006995547866,418.1849300445215,454.48750000000007,55.513029755670246,49.60802762468794,31.83252882363415,5.863775388843635,3.0226822662931747,2.8410931225504603,17.652760004118033,13.022289908821547,90.77902023435458,92.58378869119446,-28.799437510986138,19241638.0,15686473.15,1.0
2026-02-16,465.7000122070313,476.0499877929688,462.2000122070313,470.2000122070313,219260,455.79400146484363,452.63000045776346,468.5849039270648,461.69894701206425,492.32889461825937,419.5261072127954,455.9275009155274,56.87440316015202,51.80717945035029,31.83252882363415,5.7939099168621055,3.5769277964069612,2.2169821204551443,17.055838259404656,13.08141031432983,76.27865140545505,87.92104532727794,-28.04876857396852,19460898.0,16035011.15,1.0
2026-02-17,471.7999877929688,481.0,467.9500122070313,478.3999938964844,218161,456.205001220703,453.13675048828105,470.54792192094874,463.217224001557,494.67104806250126,421.1789519374989,457.92500000000007,61.3221065859455,51.80717945035029,31.83252882363415,6.327274141484111,4.126997065422391,2.2002770760617194,16.897602324844613,13.079165848518322,64.47095447492264,77.17620870491075,-23.103088600525222,19679059.0,16411188.95,1.0
2026-02-18,480.5,485.6000061035156,471.5,473.6000061035156,221257,456.4430010986327,453.63900054931617,471.15833875746216,464.1611132835532,495.57155815426853,424.13844245608317,459.85500030517585,57.57863937315208,51.80717945035029,31.83252882363415,6.2901413978999585,4.559625931917905,1.7305154659820534,17.10134275893861,13.152083009589559,50.95180624863757,63.90047070967175,-35.21126256073964,19457802.0,16796586.75,1.0
2026-02-19,474.2000122070313,474.2000122070313,455.6000061035156,459.3500061035156,177077,456.2220013427733,454.1552505493162,468.79667222667285,463.7237399035498,494.9209932688807,427.1390073414709,461.0300003051758,48.17604815955891,51.80717945035029,31.83252882363415,5.052614132722681,4.65822357207886,0.3943905606438207,15.980359277096502,13.541220373441426,32.11884174420377,49.18053415592132,-82.16290726172505,19280725.0,17156336.05,1.0
2026-02-20,456.0499877929688,458.75,450.0499877929688,453.3500061035156,137897,455.9120013427733,454.6375006103513,465.7073390020414,462.7806731944558,493.8977056631196,429.92229555758377,461.9100006103517,44.854694444922295,51.80717945035029,31.83252882363415,3.546829362196661,4.43594473010242,-0.8891153679057595,15.37803820660231,13.238277368948953,10.593205341402854,31.22128444474806,-91.43964528378973,19142828.0,17520702.45,1.0
2026-02-23,454.1000061035156,461.2999877929688,453.6000061035156,459.5,134451,455.7990014648436,455.1602505493162,464.46587120163315,462.48243017677794,490.6003017085737,436.6547001224813,463.6275009155275,48.75454052091808,48.19780361930184,31.83252882363415,2.8172615552397247,4.112208095129882,-1.294946539890157,14.589090096899664,12.860541963270684,6.144417238026621,16.285488107877747,-75.48636130103786,19277279.0,17919852.4,1.0
2026-02-24,459.5,459.5,450.5499877929688,455.6499938964844,199832,455.620001220703,455.64000045776345,462.7026957406034,461.8612996058422,485.6510170633677,444.6489829366326,465.15000000000015,46.535843864374954,48.19780361930184,31.83252882363415,1.906434307283746,3.6710533375606547,-1.7646190302769087,14.1098725217831,12.581218409253578,8.793158565579093,8.510260381669521,-85.47340222148875,19077447.0,18293732.95,1.0
2026-02-25,463.9500122070313,486.4500122070313,460.0499877929688,467.8500061035156,3009791,455.64700134277325,456.11225051879865,463.7321578131859,462.40572746926705,483.44364658765716,449.5863552433977,466.5150009155274,53.7226348674205,48.19780361930184,31.83252882363415,2.144317815488364,3.3657062331461964,-1.2213884176578325,14.54891020462548,13.882561259345962,22.765075645377706,12.567550482994474,-53.82617417414573,22087238.0,18780431.75,1.0
2026-02-26,467.8500061035156,478.5,465.6499938964844,474.0499877929688,271246,455.89900085449204,456.53550048828106,465.7957238091425,463.4642965896036,483.1423590138188,452.24264159653296,467.6925003051759,56.89385445303516,48.19780361930184,31.83252882363415,2.8008425471094824,3.252733495938854,-0.45189094882937164,14.95658805297912,13.808807319643796,35.58900250188591,22.382412237614233,-37.74322023231338,22358484.0,19109577.85,1.0
2026-02-27,476.0,476.5,464.7999877929688,465.5,176061,455.9750006103514,456.84500045776343,465.736579047314,463.64936053600326,482.966288222829,452.04371238752253,467.50500030517577,51.6386200671168,48.19780361930184,31.83252882363415,2.6012450337312316,3.12243580349733,-0.5211907697660982,15.253972034442056,13.658179097314324,43.62870085175302,33.99425966633888,-59.92216635911621,22182423.0,19287231.55,1.0
2026-03-02,455.0,466.3500061035156,451.0,461.2999877929688,421337,455.97100036621083,457.05100036621076,464.84926079644504,463.4357811957274,482.865227210048,451.45977278995207,467.1625,49.23286407786157,51.26190711011978,31.5334645483689,2.080177688686206,2.913984180535105,-0.8338064918488994,14.323621855320887,13.77902388347156,36.55482549960588,38.5908429510816,-70.8171344838969,21761086.0,19486629.45,1.0
2026-03-04,452.0,462.6499938964844,444.6000061035156,459.8500061035156,232422,455.8610003662108,457.0957504272459,463.8494098578592,463.10980164188993,482.60629666078285,450.68370272886557,466.6449996948242,48.39461964631464,51.26190711011978,31.5334645483689,1.5325602586382843,2.637699396155741,-1.1051391375174568,13.624216196514016,14.08409273414993,23.16382394754721,34.44911676630203,-63.56033984253375,21528664.0,19646204.85,1.0
2026-03-05,460.0,463.9500122070313,455.8500061035156,459.1000061035156,801938,455.81600036621086,457.1632504272458,462.89952910699054,462.745274774765,482.3410478701036,449.87895335059955,466.11000061035156,47.939949357298886,51.26190711011978,31.5334645483689,1.0262211295849966,2.315403742841592,-1.2891826132565956,12.868286434804645,13.656657974818915,18.72055682862309,26.146402091925395,-65.35245427650749,20726726.0,19779552.9,1.0
2026-03-06,463.75,467.0,452.5499877929688,458.8500061035156,173817,455.78900024414054,457.2735005187986,462.0896245062956,462.3911594410151,482.3559057444113,449.2590966969948,465.80750122070305,47.77881124801393,51.26190711011978,31.5334645483689,0.5978788361148872,1.971898761496251,-1.3740199253813639,12.42622095661102,13.71332613426265,17.74151192137901,19.87529756584977,-65.94982575449875,20552909.0,19915322.85,1.0
2026-03-09,455.0,455.0,433.0499877929688,447.2999877929688,391065,455.66700012207025,457.32350051879865,459.1316971636303,461.0192347457381,483.5132628170036,446.95673840369943,465.2350006103515,40.9333147182883,49.534891196657256,31.5334645483689,-0.6658993939251445,1.4443391304119721,-2.1102385243371167,13.30058628283728,14.576661289711518,12.164169378902855,16.208746042968315,-73.31461894192061,20161844.0,20039148.75,1.0
2026-03-10,447.2999877929688,457.7000122070313,446.1499938964844,451.0499877929688,394015,455.8179998779296,457.3395004272459,457.515355289498,460.1129395682136,483.9656197879542,445.2843802120458,464.625,43.75115579605625,49.534891196657256,31.5334645483689,-1.349305136618284,0.8856102770059209,-2.234915413624205,13.863703877790842,14.360472505485477,11.561904836512241,13.822528712264702,-66.29215024242605,20555859.0,20170655.95,1.0
2026-03-11,450.0,460.0,447.0499877929688,455.8999938964844,311564,456.10199951171865,457.30375045776344,457.19228301089527,459.7299445071473,483.5979444642096,444.3670549254389,463.98249969482424,47.25580281562184,49.534891196657256,31.5334645483689,-1.4824652158084177,0.4119951784430532,-1.894460394251471,14.170284480848208,14.259725341310173,18.847323828286893,14.191132681233995,-57.209745961280525,20867423.0,20301187.45,1.0
2026-03-12,450.5,464.6499938964844,443.0499877929688,462.2999877929688,754325,456.37299926757805,457.2970004272459,458.21382396731,459.9635848058583,481.10994481752743,445.04505396176955,463.0774993896485,51.54604555474365,49.534891196657256,31.5334645483689,-1.0593578990348078,0.11772456294748102,-1.1770824619822888,14.01945829509851,14.784031110039129,41.01184335129301,23.80702400536405,-45.22474414394232,21621748.0,20424888.15,1.0
2026-03-13,455.0,467.75,455.0,463.6000061035156,581939,456.54499938964835,457.28625045776346,459.29106039455115,460.2941685601908,478.2757027011087,446.1792960781884,462.22749938964853,52.393138994485135,49.534891196657256,31.5334645483689,-0.6120859434673207,-0.02823753833547933,-0.5838484051318413,13.593460206314793,14.638743173607763,59.302596031403525,39.720587736994474,-42.7902540387197,22203687.0,20561288.35,1.0
2026-03-16,467.0499877929688,469.0,451.7999877929688,457.4500122070313,272460,456.39999938964837,457.19350051879866,458.92285075704723,460.0356088917218,477.6623158205592,445.75268356908936,461.70749969482426,48.10832270802864,50.80968009669872,31.5334645483689,-0.7452816629734116,-0.1716463632630658,-0.5736352997103458,13.448745716786938,14.821690961709436,61.08307026467944,53.799169882458656,-54.30709127609137,21931227.0,20695767.8,1.0
2026-03-17,460.8500061035156,464.0,452.0,457.2000122070313,486827,456.34899963378905,457.08575057983376,458.57828304704407,459.77782737493175,476.6096965158604,445.5053028737882,461.0574996948243,47.936699536266815,50.80968009669872,31.5334645483689,-0.8610870652876201,-0.30953450366797663,-0.5515525616196435,13.314367976511074,14.62014160730162,53.54500852311416,57.976891606399036,-54.77525585605768,21444400.0,20794942.9,1.0
2026-03-18,453.5,467.5499877929688,453.25,461.7000122070313,346618,456.40700012207026,457.0060006713865,459.2026288790416,459.9525714505771,473.47782860433585,446.9671726163675,460.2225006103517,51.30417634033153,50.80968009669872,31.5334645483689,-0.5830304766130894,-0.3642336982569992,-0.21879677835609018,12.816300433446498,14.59727347770642,51.270727343297324,55.29960204369698,-36.963659583725494,21791018.0,20900540.85,1.0
2026-03-19,458.0,466.75,449.8999938964844,452.6499938964844,284741,456.42299987792967,456.8987506103513,457.89210188253014,459.2887007638414,471.236532810173,447.11346718982725,459.1750000000001,45.00027112201379,50.80968009669872,31.5334645483689,-1.0804744336027738,-0.5074818453261541,-0.5729925882766197,12.657800203263918,14.758182950978506,48.11544394714013,50.977059937850534,-54.89067756730378,21506277.0,21002964.6,1.0
2026-03-20,453.4500122070313,467.5,449.0,452.0,477160,456.5720001220703,456.7960006713865,456.71368150602416,458.6260916034922,471.2872229845984,446.3277764050503,458.80749969482434,44.57661977442442,50.80968009669872,31.5334645483689,-1.50974799354384,-0.7079350749696913,-0.8018129185741487,12.593486235105422,15.025455597337185,44.08631287370598,47.82416138804781,-47.28788380404249,21029117.0,21090384.2,1.0
2026-03-23,450.3500061035156,450.3500061035156,439.25,444.1000061035156,1097076,456.501000366211,456.68100067138647,454.1909464255225,457.3055383762216,472.2773898251986,444.41260956445,458.3449996948243,39.68631027436829,47.64442688570107,31.5334645483689,-2.4590672702137795,-1.058161514018509,-1.4009057561952705,13.36251903396135,14.862923054670244,22.426933357307444,38.20956339271785,-69.26282459401884,19932041.0,21129844.85,1.0
2026-03-24,453.0,459.0,441.1499938964844,455.5,268182,456.62200012207035,456.6060006713864,454.45275714041804,457.14139852383784,472.122346763316,444.1676526263324,458.1449996948242,48.47129459488376,47.64442688570107,31.5334645483689,-2.265411153125001,-1.2996114418398075,-0.9657997112851935,13.093235642113617,15.076286129587771,33.6426370001215,33.38529441037831,-37.552143020857265,20200223.0,21175992.05,1.0
2026-03-25,455.1000061035156,465.5499877929688,453.75,459.1499938964844,337250,456.91400024414065,456.5517506408688,455.39220449163133,457.32399810316934,472.2533905392271,444.38660885042134,458.3199996948242,50.93543391282115,47.64442688570107,31.5334645483689,-1.7967020194683982,-1.3990295573655256,-0.39767246210287266,12.190189465039564,14.842264819829275,52.55470214806964,36.20809083516619,-27.399173181891534,20537473.0,21248993.35,1.0
2026-03-27,455.0,461.1499938964844,451.7999877929688,457.5499877929688,358056,457.0809997558594,456.50600051879854,455.8237611518989,457.34454262042385,470.99693758040723,444.61305997818647,457.80499877929685,49.81094546898002,47.64442688570107,31.5334645483689,-1.5366403415908394,-1.4265517142105884,-0.11008862738025105,11.536866657304536,14.449960625806867,79.11426687141375,55.103868673201625,-31.84981451770348,20179417.0,21153602.3,1.0
2026-03-30,450.0,458.7000122070313,442.5499877929688,457.5,602574,457.32799987792976,456.48650054931613,456.15900892151916,457.35867510947617,467.7295144833469,446.2254842959499,456.9774993896484,49.773974203917376,49.27268178727298,31.5334645483689,-1.3193643741276446,-1.4051142461939998,0.0857498720663552,11.743526055824258,14.571393753539411,82.5315360099919,71.40016834315843,-38.65546218487395,19576843.0,21014520.25,1.0
2026-04-01,453.2999877929688,472.0,447.8999938964844,469.8999938964844,589328,457.82299987792976,456.52075057983365,458.9072059165122,458.49879499920416,468.827926836421,445.56707133252434,457.19749908447267,58.08494503964114,49.27268178727298,30.867219026871876,-0.1449251215623235,-1.1530764212676647,1.0081512997053412,11.131622223548508,15.252008921394854,86.35547748737042,82.66709345625868,-6.4122323771469425,20166171.0,20913707.65,1.0
2026-04-02,461.9500122070313,471.6000061035156,453.7000122070313,469.8999938964844,562136,458.3929998779297,456.59350051879846,461.10576351250666,459.5352676262296,470.46939211487813,444.7856066644189,457.6274993896485,58.08494503964113,49.27268178727298,30.867219026871876,0.776871160322969,-0.767086904949538,1.543958065272507,10.563425807863883,15.441150705329816,93.12924609735961,87.33875319824064,-6.4122323771469425,20166171.0,20833961.9,1.0
2026-04-06,460.0499877929688,469.0,450.5499877929688,458.5499877929688,557504,458.7949993896484,456.66775039672814,460.59460836859915,459.4456967322968,470.37013959816267,444.7548573500796,457.5624984741211,49.406345237169674,52.791067768599774,30.867219026871876,0.5848093995785462,-0.49670764404392126,1.0815170436224675,9.880825593817836,15.720354662343086,84.27673228078818,87.92048528850606,-41.068739563454024,19608667.0,20737962.05,1.0
2026-04-07,459.8999938964844,466.7999877929688,455.0,460.8500061035156,236461,459.3119995117187,456.7210003662106,460.64568791558247,459.57336122058945,470.52559832503067,444.77439862321154,457.6499984741211,51.003941748358784,52.791067768599774,30.867219026871876,0.6111464106676863,-0.27513683310159975,0.886283243769286,9.246982537917935,15.44032845738778,71.44787589801707,82.95128475872161,-34.04578289002863,19845128.0,20693882.15,1.0
2026-04-08,469.6000061035156,474.0,465.5499877929688,469.75,196599,459.98999938964835,456.879250335693,462.466550332466,460.4985102005358,472.1610443260179,444.22895201187293,458.1949981689454,56.70147943785645,52.791067768599774,30.867219026871876,1.3347872126859102,0.04684797605590224,1.287939236630008,9.214829179915801,15.276733131608966,68.94141166043508,74.88867327974677,-12.230215827338132,20041727.0,20668323.05,1.0
2026-04-09,468.8999938964844,475.0,462.25,464.5499877929688,471398,460.56599914550776,457.0202502441403,462.8832378245666,460.8668263453024,472.30252609024365,445.8124702476473,459.0574981689455,52.83556897916095,52.791067768599774,30.867219026871876,1.471715218120039,0.3318214244687296,1.1398937936513094,8.829689628914048,15.096252193636898,75.15423448803583,71.84784068216265,-29.23080337631103,19570329.0,20638747.3,1.0
2026-04-10,465.0,478.9500122070313,465.0,469.4500122070313,474897,461.4519995117187,457.2245002746579,464.19659270105956,461.6471159690959,473.43505225008545,446.5199465292117,459.9774993896486,55.887650661905525,52.791067768599774,30.867219026871876,1.953108449503702,0.656078829475724,1.297029620027978,8.854384594420086,15.046521637953013,84.00218974097062,76.03261196314718,-23.92946367486871,20045226.0,20613215.65,1.0
2026-04-13,465.0,476.5,459.0499877929688,470.9500122070313,261577,462.3669995117188,457.45050033569305,465.54727660225393,462.49283380890824,474.89219643752523,446.5678041728266,460.7300003051759,56.80905854199892,52.6477849766048,30.867219026871876,2.4276688621318385,1.0103968360069469,1.4172720261248917,8.231585224325697,15.218199535744313,84.19709388379599,81.11783937093415,-20.151127305152595,20306803.0,20585184.65,1.0
2026-04-15,477.0,491.3999938964844,475.0,479.0,542046,463.1359997558594,457.68950027465786,468.2378212818032,463.99348528082567,477.9169237342773,445.21307809677756,461.56500091552743,61.46144522962332,52.6477849766048,30.867219026871876,3.413973979588718,1.4911122647233013,1.9228617148654168,8.955404634597368,15.591898261009225,93.70753877540702,87.3022741333912,-23.777555796263105,20848849.0,20546539.7,1.0
2026-04-16,480.0499877929688,499.0499877929688,480.0499877929688,496.6499938964844,729196,464.05899963378914,458.03325027465786,473.92025580473944,466.96225879134005,485.8926940597573,440.54230655059445,463.21750030517586,69.27586618734182,52.6477849766048,30.867219026871876,5.55579118894434,2.304048049567509,3.2517431393768312,10.16210921913442,15.910333227577768,97.68843990524333,91.8643575214821,-4.145067615680964,21578045.0,20515257.6,1.0
2026-04-17,496.0,505.7000122070313,492.3500061035156,503.3500061035156,523403,464.74099975585943,458.39950027465784,479.8062058644947,470.2702358197197,494.2189804229356,436.8060195770647,465.51250000000016,71.62772505186804,52.6477849766048,30.867219026871876,7.705013153656353,3.384241070385278,4.320772083271075,11.701263915151227,15.727452718716192,99.99999999999999,97.1319928935501,-3.72130672208002,22101448.0,20523768.65,1.0
2026-04-20,503.3500061035156,511.2999877929688,499.1499938964844,506.4500122070313,458100,465.50700012207045,458.8137503051754,485.1349671330021,473.55930640038434,501.6914614306968,434.25853856930325,467.975,72.67014005312676,61.19316328631261,30.867219026871876,9.54836403280052,4.617065662868327,4.931298369932194,13.456740690955943,15.471919945699637,99.99999999999999,99.22947996841442,-7.054509943181819,22559548.0,20579526.05,1.0
2026-04-21,506.4500122070313,518.4000244140625,501.9500122070313,514.0499877929688,826111,466.3839996337892,459.2905001831051,490.91797126499546,477.2402774360738,509.9192057762483,431.26579178234545,470.5924987792969,75.08677359600402,61.19316328631261,30.867219026871876,11.490037400435028,5.9916600103816675,5.498377390053361,15.467720936806211,15.541783678651893,99.99999999999999,99.99999999999999,-5.735048807984377,23385659.0,20659258.1,1.0
2026-04-22,514.0,516.3499755859375,505.0,508.7999877929688,459779,467.1639996337892,459.7210000610348,494.49437457059014,480.1093420139734,515.2683123060085,431.53168464223376,473.3999984741211,70.45230053842171,61.19316328631261,30.867219026871876,12.461547447437113,7.285637497792757,5.175909949644356,17.335059736524315,15.24236881488658,93.98442918886903,97.994809729623,-13.6170673269426,22925880.0,20730238.25,1.0
2026-04-23,508.8500061035156,518.5,505.5499877929688,516.4000244140625,295556,468.19400024414074,460.1837501525875,498.87550453928463,483.408494959436,521.3653934095612,431.87460598008744,476.61999969482434,73.04589951545158,61.19316328631261,30.867219026871876,13.686960833552348,8.565902164944676,5.121058668607672,19.18809270290224,15.078629057182626,91.33536371893842,95.10659763593581,-3.0904712416228275,23221436.0,20839854.2,1.0
2026-04-24,517.5999755859375,520.7999877929688,508.5,512.6500244140625,389523,469.272000732422,460.64750030517536,501.63040851424023,486.0668158189475,524.8062014436063,435.2887997770969,480.0475006103516,69.79070457293933,61.19316328631261,30.867219026871876,14.19192048553947,9.691105829063636,4.500814656475834,21.037785504039377,14.88015468116735,84.46103780679195,89.92694357153313,-11.60137135787368,22831913.0,20984847.8,1.0
2026-04-27,505.0,523.9000244140625,505.0,515.5999755859375,236509,470.31900024414074,461.13100021362266,504.42432192857973,488.75164852503747,528.9280048679748,437.17699391132226,483.0524993896485,70.88970048661848,63.15747002893357,30.867219026871876,14.66113659712579,10.685111982676068,3.976024614449722,22.24136921941001,15.167288233517004,84.66738992368545,86.82126381647194,-12.046510721454784,23068422.0,21128257.75,1.0
2026-04-28,515.5999755859375,521.7999877929688,513.0,517.2999877929688,256823,471.29000000000013,461.6012501525875,506.99945510145756,491.34695209484937,532.817361854375,439.10263631457065,485.9599990844728,71.53242932208376,63.15747002893357,30.867219026871876,14.997291087423832,11.547547803625621,3.4497432837982114,23.35898266939703,14.712481059192129,81.99188333092752,83.70677035380163,-10.177383028565579,23325245.0,21267646.35,1.0
2026-04-29,543.25,586.25,532.1500244140625,533.25,7776161,472.34700012207037,462.15750015258755,512.2495640811661,495.1563200862267,539.1026631427068,440.3873362469419,489.74499969482434,76.72482450394983,63.15747002893357,30.867219026871876,16.36211633608235,12.510461510116968,3.851654825965383,26.678849409930347,18.586590426894922,88.866209243074,85.17516083256231,-41.666662668032615,31101406.0,21813745.8,1.0
2026-04-30,534.1500244140625,534.5,521.0999755859375,525.6500244140625,737788,473.2480004882813,462.64725021362267,514.9296561477454,497.92847502512086,542.5468527624672,443.7581490685877,493.15250091552747,70.15834591103807,63.15747002893357,42.091653964448135,16.63869514414648,13.336108236922872,3.30258690722361,28.709354808111485,18.216121425978322,84.1709986215626,85.00969706518804,-47.64148566849566,30363618.0,22353084.55,1.0
2026-05-01,525.6500244140625,525.6500244140625,525.6500244140625,525.6500244140625,0,474.40400085449227,463.11475036621056,517.0737298010088,500.44861587866103,546.0956887518355,445.78431613097734,495.9400024414064,70.15834591103807,63.15747002893357,42.091653964448135,16.665773183009946,14.002041226140287,2.6637319568696594,30.59482410642254,16.914969895551298,78.50515132594471,83.8474530635271,-47.64148566849566,30363618.0,22862956.9,1.0
2026-05-04,527.75,532.25,515.0,519.9000244140625,486424,475.39800109863285,463.5785005187984,517.6389887236195,502.2169257455157,548.1127574525891,448.7672504819813,498.44000396728524,65.25769913880042,65.76603969051322,42.091653964448135,16.038375370917038,14.409308055095638,1.6290673158214002,31.366412516749605,16.938900617297634,53.46236720181679,72.04617238310803,-59.64042749297753,29877194.0,23348508.05,1.0
2026-05-05,519.0999755859375,524.9000244140625,515.6500244140625,517.3499755859375,292106,476.17700073242196,464.0412504577633,517.5811860960831,503.5926575491904,547.9769725205455,454.78303419332184,501.3800033569336,63.15091968609966,65.76603969051322,42.091653964448135,15.160628171496171,14.559572078375744,0.6010560931204267,32.082887469196166,16.389693430347805,30.633463184232316,54.20032723733127,-64.87760498534183,29585088.0,23847329.1,1.0
2026-05-06,520.0,524.7999877929688,514.0999755859375,520.7999877929688,233366,477.12100036621104,464.5342503356929,518.2249464354603,505.15696029862477,547.5864766439461,461.1685282388665,504.3775024414063,64.80634105341107,65.76603969051322,42.091653964448135,14.575378454317104,14.562733353564017,0.01264510075308678,32.59972265076008,15.983287628682337,12.35575468870377,32.15052835825095,-69.70182796729841,29818454.0,24345995.4,1.0
2026-05-07,526.8499755859375,531.7000122070312,515.0999755859375,517.4500122070312,892484,478.2830004882813,464.9797503662105,518.0699595897745,506.2745104721162,547.0937249218388,466.4312811816769,506.76250305175785,61.89851881350668,65.76603969051322,42.091653964448135,13.683513774978735,14.38688943784696,-0.7033756628682255,33.36497241469745,16.027341128140296,4.065205479498362,15.684807784144814,-78.98964749922305,28925970.0,24790207.55,1.0
2026-05-08,515.0499877929688,532.3499755859375,515.0499877929688,520.1500244140625,617480,479.61900085449224,465.38300048828086,518.4859725546321,507.535920830475,544.9919396000764,474.09307016554857,509.5425048828125,63.32678167893166,65.76603969051322,42.091653964448135,13.044207506827547,14.118353051643078,-1.074145544815531,34.10242160276235,16.11824446134233,7.276306287403634,7.899088818535255,-78.41042130192429,29543450.0,25288863.6,1.0
2026-05-11,517.75,528.4000244140625,512.0,515.9500122070312,627274,480.74800109863287,465.792750549316,517.9787804851119,508.3008382283437,541.936485873289,481.798523892336,511.8675048828125,59.585046260541816,63.710765184586,42.091653964448135,12.059630881284079,13.70660861757128,-1.6469777362872016,34.454287970591494,16.138371600822342,3.2111008079052725,4.850870858269089,-86.52306189903847,28916176.0,25732411.1,1.0
2026-05-12,512.0,521.9500122070312,507.2000122070313,511.2000122070313,329832,481.8590014648438,466.18175064086876,516.6230268294958,508.56439949913346,537.0038517635427,490.7561580020823,513.8800048828125,55.58494849944469,63.710765184586,42.091653964448135,10.771889868322319,13.11966486772149,-2.347774999399171,34.26354663437755,16.0392022007636,3.2111008079052725,4.566169301071392,-92.36921574519224,28586344.0,26146388.15,1.0
2026-05-13,512.0,517.2999877929688,503.75,507.3500061035156,285688,482.6490014648438,466.5065007019039,514.7684226842998,508.4540000995318,532.0037813506232,498.59122902535336,515.2975051879882,52.50805979472891,63.710765184586,42.091653964448135,9.333096395569498,12.362351173291092,-3.0292547777215937,33.72147462691074,15.861401171635396,0.0,2.140733871936848,-95.63635623816288,28300656.0,26518978.5,1.0
2026-05-14,509.9500122070313,513.8499755859375,503.1499938964844,507.0,303961,483.3080017089845,466.82050064086883,513.2147381474399,508.3218182723016,530.6224444768666,501.00756650946147,515.815005493164,52.225029996908695,63.710765184586,42.091653964448135,8.07155576455034,11.504192091542942,-3.4326363269926023,33.15289258277134,15.49272835147952,0.0,1.070366935968424,-95.36702067299517,27996695.0,26839911.0,1.0
2026-05-15,505.0,511.8999938964844,499.4500122070313,501.7000122070313,128023,484.03200195312513,467.1167506408688,510.91179295935825,507.7198359027316,530.8475515312098,500.61746006546986,515.7325057983398,48.005347783070974,63.710765184586,42.091653964448135,6.568394639787982,10.51703260119195,-3.9486379614039677,32.2145110196691,15.275389304191918,0.0,0.0,-97.40783373683577,27868672.0,27128272.2,1.0
2026-05-18,500.8999938964844,502.4500122070313,491.8999938964844,499.6000061035156,341423,484.798002319336,467.462750701904,508.64943558818976,506.9816695573483,531.6572060455637,499.1228049407643,515.390005493164,46.40542090523471,57.24761570746146,42.091653964448135,5.148328945294395,9.44329187001244,-4.294962924718044,30.56100056150938,14.937862804645848,0.0,0.0,-91.83888531116445,27527249.0,27376657.25,1.0
2026-05-19,499.6000061035156,519.5,497.8500061035156,517.0999755859375,399987,485.9430017089844,467.9227505493161,510.33954358773934,507.9015155599473,531.8139965467883,499.27101321883674,515.5425048828125,58.74474142107978,57.24761570746146,42.091653964448135,5.373080408943679,8.629249577798689,-3.25616916885501,30.205137906779164,15.417300739777172,17.316211951202224,5.772070650400741,-40.84512188045565,27927236.0,27603736.1,1.0
2026-05-20,513.5,522.0,504.9500122070313,519.7999877929688,290055,487.1570013427735,468.40375045776335,512.2316324287852,508.9831948538583,532.1465679437714,500.0384418218538,516.0925048828126,60.26479520933962,57.24761570746146,42.091653964448135,5.7033216416065216,8.044063990560256,-2.340742348953734,30.022878061698965,15.533921243576566,36.765570013726816,18.027260654976345,-31.02594183927905,28217291.0,27868306.65,1.0
2026-05-21,522.0,532.2000122070312,520.0,526.6500244140625,966819,488.5130017089844,468.9032505798337,515.1153108258408,510.5892702684223,533.3403755187192,499.86963424690606,516.6050048828126,63.89901008925504,57.24761570746146,42.091653964448135,6.44350419945971,7.723952032340147,-1.2804478328804372,30.417518851743417,15.310071470039848,67.69656054139278,40.59278083544061,-14.091356618243411,29184110.0,28166440.35,1.0
2026-05-22,528.0,535.9500122070312,518.8499755859375,522.8499755859375,561347,490.0240014648438,469.2785005187985,516.6622437778601,511.70387984274186,533.9641837890333,500.2658210937794,517.1150024414063,60.58841761192185,57.24761570746146,42.091653964448135,6.646851263346605,7.508531878541439,-0.8616806151948344,30.97462882600753,15.437926123686555,76.07289836936152,60.17834297482704,-29.73900380413057,28622763.0,28455982.85,1.0
2026-05-25,522.8499755859375,531.5,518.75,525.6500244140625,1016073,491.51600219726566,469.68350067138635,518.4597999051007,512.9717111674073,534.871044272767,500.36396549285837,517.6175048828127,62.144737842541296,62.00584936452837,42.091653964448135,6.953786889281105,7.397582880689373,-0.4437959914082681,31.48022030421716,15.245931400566088,85.13536980696195,76.30160957257209,-23.382482432482053,29638836.0,28784503.55,1.0
2026-05-26,525.75,535.2000122070312,522.0,524.0499877929688,525099,492.87900207519533,470.12600067138635,519.5778374826743,513.9788272242765,535.4448506365211,500.465159129104,517.9550048828125,60.670386950783474,62.00584936452837,42.091653964448135,6.987379835674915,7.315542271686481,-0.32816243601156625,32.1496742546656,15.099794315313599,81.3857005726591,80.86465624966085,-27.01480015324598,29113737.0,29073928.15,1.0
2026-05-27,527.0,534.7000122070312,522.25,524.6500244140625,395579,494.1260028076173,470.5727508544918,520.592274868952,514.9489360597116,533.8131243315892,501.23688787544245,517.5250061035158,61.04364342236576,62.00584936452837,42.091653964448135,6.981937004638553,7.248821218276896,-0.2668842136383427,32.77131006579629,14.910524164722002,83.58569733943929,83.36892257302011,-25.652629048426977,29509316.0,28994323.65,1.0
2026-05-28,524.6500244140625,524.6500244140625,524.6500244140625,524.6500244140625,0,495.34700317382817,471.0315010070797,521.4038247779741,515.8308531828344,533.6639447676287,501.28606743940276,517.4750061035157,61.043643422365754,62.00584936452837,42.091653964448135,6.898106444656946,7.178678263552906,-0.28057181889596006,33.34854331898908,13.845486724384717,82.96641438526544,82.6459374324546,-25.652629048426977,29509316.0,28951608.55,1.0
2026-05-29,523.4000244140625,534.8499755859375,519.3499755859375,527.9500122070312,988500,496.75700317382814,471.5167510986325,522.7130622637856,516.9325949123069,534.0538003673593,501.1262106189689,517.5900054931641,63.267187766152354,62.00584936452837,42.091653964448135,7.0170632208095185,7.146355255004229,-0.12929203419471058,34.45343949061734,13.963666244071524,87.91451430166406,84.82220867545627,-18.16117292755941,30497816.0,28958318.45,1.0
2026-06-01,525.0499877929688,539.4500122070312,520.0999755859375,532.9500122070312,872028,498.27200317382807,472.0180010986324,524.7604522524347,518.3887237572818,536.0697287871809,500.41528097844423,518.2425048828126,66.39679949162372,63.073124387882565,42.431365727111974,7.429156840634846,7.202915572130353,0.22624126850449322,35.70383161977593,14.348406985287397,93.35530108904622,88.07874325865856,-13.66981597682847,31369844.0,29032950.95,1.0
2026-06-02,532.9500122070312,538.9000244140625,519.75,533.7000122070312,740259,499.7120031738281,472.5120011901851,526.548364243354,519.7806590708954,538.1683891230572,499.95162430467747,519.0600067138673,66.85300071208115,63.073124387882565,42.431365727111974,7.727188516103297,7.3077701609249415,0.41941835517835546,36.81059255004722,14.691379658771334,98.79608787642839,93.35530108904621,-12.092529517963646,32110103.0,29159201.7,1.0
2026-06-03,533.9500122070312,539.4500122070312,525.7999877929688,530.0499877929688,381004,501.26000305175785,472.98600112915,527.248688953277,520.7142344092656,539.2460851597066,499.7989282680278,519.5225067138672,62.41216948762565,63.073124387882565,42.431365727111974,7.581459949424357,7.362508118624826,0.21895183079953107,37.86757325923733,14.616997141292133,92.76062453942414,94.97067116829957,-19.76870829506604,31729099.0,29254733.95,1.0
2026-06-04,522.2999877929688,534.25,522.2999877929688,526.25,222957,502.74500305175786,473.39300109863245,527.0489511626216,521.2174858266051,539.883057723678,500.04195448335315,519.9625061035156,58.08616299220017,63.073124387882565,42.431365727111974,7.077753813135018,7.305557257526865,-0.22780344439184663,38.25970883805617,14.426498217416357,78.46905914359249,90.008590519815,-27.760267348001022,31506142.0,29383742.55,1.0
2026-06-05,526.25,537.2999877929688,524.2999877929688,526.0,355643,504.38300292968745,473.7992510986325,526.8391609300974,521.6522598423683,540.3581067579507,500.15190300767426,520.2550048828125,57.80230213216838,63.073124387882565,42.431365727111974,6.582511070308556,7.160948020083204,-0.5784369497746482,38.82042961586413,14.324605487600904,45.13572581025916,72.12180316442526,-32.331755369369006,31150499.0,29464095.0,1.0
2026-06-08,523.3499755859375,526.3499755859375,513.0,518.75,459721,505.64800292968744,474.2002511596677,525.2213287440779,521.3884180385165,540.4106819694806,500.3793265754413,520.3950042724609,50.148557748369754,62.35192033564388,42.431365727111974,5.541138424842643,6.836986101035092,-1.295847676192449,37.64631409910574,14.254989066053518,19.041767937501675,47.54885096378444,-60.00003538269938,30690778.0,29552825.1,1.0
2026-06-09,516.0,525.0,515.1500244140625,521.4000244140625,546209,506.89300354003905,474.5740013122555,524.4570678780749,521.3894731635661,540.4484253876519,501.3615843779732,520.9050048828126,52.618215557760045,62.35192033564388,42.431365727111974,4.873499257866229,6.444288732401319,-1.5707894745350908,36.55606397640152,13.940345246045231,4.928145593271914,23.03521311367758,-68.2418883276375,31236987.0,29685357.25,1.0
2026-06-10,522.1500244140625,533.4500122070312,521.2999877929688,524.4000244140625,418145,508.2300042724609,475.00225143432584,524.4456591852725,521.6631596408839,540.2716944812491,503.2433171154307,521.7575057983399,55.31693696844075,62.35192033564388,42.431365727111974,4.534197924675482,6.062270570856152,-1.5280726461806706,36.228102794191024,13.812465186617894,15.241527949687992,13.070480493487192,-56.89973855274057,31655132.0,29853081.05,1.0
2026-06-11,520.0,535.0,518.25,519.9500122070312,626947,509.47900451660155,475.4205015563961,523.5465297896242,521.5074189650791,539.6052514018776,505.2047614155055,522.4050064086915,50.7036497440541,62.35192033564388,42.431365727111974,3.8617050468320713,5.622157466051337,-1.7604524192192654,35.49196050771092,14.022289101859473,16.349201313176216,12.172958285378707,-73.72397353682992,31028185.0,30004655.55,1.0
2026-06-12,524.0,527.5999755859375,517.7000122070312,519.5999755859375,600719,510.4730041503906,475.81750137329067,522.7572189488869,521.3340150215207,537.5786674278237,509.0213417274498,523.3000045776367,50.34796010563526,62.35192033564388,42.431365727111974,3.262891978498942,5.1503043685408585,-1.8874123900419164,34.72912634310218,13.727837264505672,11.818958556689873,14.469895939851359,-75.04736279787795,30427466.0,30132595.25,1.0
2026-06-15,524.75,530.5499877929688,521.0499877929688,528.6500244140625,289392,511.64800476074214,476.2380015563961,523.935780041922,521.9991067844791,533.8504360517715,515.6545749345568,524.7525054931641,58.461414799969724,59.92985408707373,42.431365727111974,3.478493703518552,4.815942235536397,-1.337448532017845,34.2809534350197,13.529421188971785,18.09369204797322,15.420617305946436,-40.8316930383033,30716858.0,30292075.7,1.0
2026-06-16,528.7000122070312,532.0,520.0,521.75,416854,512.9120050048828,476.6292515563961,523.4986240335377,521.9764607131627,533.4770005413287,516.4930128864056,524.9850067138672,51.54558100788347,59.92985408707373,42.431365727111974,3.0573421820729436,4.464222224843707,-1.406880042770763,33.99256399548675,13.420176818330944,19.77374660124063,16.562132401967908,-66.91872982321735,30300004.0,30410714.1,1.0
2026-06-17,524.9500122070312,543.3499755859375,521.8499755859375,533.7000122070312,731125,514.3690051269531,477.12250167846645,525.5389016682363,523.0422381216962,534.6471722652891,516.7128436038515,525.6800079345703,60.30397786726779,59.92985408707373,42.431365727111974,3.645815984554588,4.300540976785883,-0.6547249922312952,34.59210762488177,14.004448158874268,39.6407520106416,25.83606355328515,-31.795621553572218,31031129.0,30551406.0,1.0
2026-06-18,540.0,581.0,537.9500122070312,565.6500244140625,7103329,516.2870056152344,477.73700180053675,533.5611262174016,526.915673239184,547.6434715977487,507.61654427139183,527.6300079345702,73.89191667883244,59.92985408707373,42.431365727111974,6.614042119999226,4.763241205428551,1.8508009145706747,36.72670327682198,16.382700989881016,56.3859694962755,38.600156036052574,-22.573493508731612,38134458.0,30998923.4,1.0
2026-06-19,563.9000244140625,595.7999877929688,558.5499877929688,580.25,2848303,518.6010058593752,478.4040017700192,542.8989009739213,531.7642483992581,561.2240291520213,499.77598915852553,530.5000091552735,77.6558076839282,59.92985408707373,42.431365727111974,10.028872134738663,5.816367391290574,4.212504743448089,39.06316778069466,17.87322234774666,86.9315749128532,60.98609880659009,-18.780181262646558,40982761.0,31616923.3,1.0
2026-06-22,580.2000122070312,592.9000244140625,575.8499755859375,581.9000244140625,464717,520.8500061035159,479.0660018920895,550.6991256619496,536.3220462187858,571.5474388021331,495.0775795084136,533.3125091552733,78.04110453863963,71.3053651948896,42.431365727111974,12.721645494021004,7.19742301183666,5.524222482184344,41.23274196286216,17.814424239202257,99.99999999999999,81.10584813637622,-16.78739786008352,41447478.0,32207355.4,1.0
2026-06-23,579.0499877929688,597.4000244140625,578.0499877929688,583.5999755859375,1155361,523.1030053710939,479.78525177001916,557.2792956467472,540.6200397976178,580.3230026096538,492.2570144801899,536.2900085449219,78.45333643671225,71.3053651948896,42.431365727111974,14.822000834873052,8.722338576443939,6.099662258429113,43.34980338017237,17.924110837908792,99.99999999999999,95.64385830428438,-16.350764023980158,42602839.0,32881810.5,1.0
2026-06-24,578.5499877929688,589.2000122070312,572.4500122070312,574.2999877929688,463045,525.0090051269532,480.3965017700192,560.6834340759915,543.6818532517406,585.5548921498664,491.99012127786773,538.7725067138671,70.64039066687445,71.3053651948896,42.431365727111974,15.55678732259878,10.089228325674906,5.467558996923874,44.593401059109034,17.840245778058165,90.79902625175725,96.93300875058574,-27.36970371923836,42139794.0,33513334.4,1.0
2026-06-25,572.0,583.9000244140625,569.0499877929688,577.0999755859375,708279,526.6180047607422,481.06275161743133,563.9667423779807,546.7198643730312,590.6586570070365,492.13135153788534,541.3950042724609,71.55874563814552,71.3053651948896,42.431365727111974,16.178550265724994,11.307092713684924,4.87145755204007,45.32042343214952,17.626659409703567,82.67956007199835,91.1595287745852,-24.052183597168085,42848073.0,34180272.25,1.0
2026-06-26,577.0999755859375,577.0999755859375,577.0999755859375,577.0999755859375,0,528.0930041503907,481.739501495361,566.5933890195721,549.4816926651137,595.1536807461779,492.55132413663443,543.8525024414062,71.55874563814551,71.3053651948896,42.431365727111974,16.481315531527912,12.341937277253521,4.139378254274391,45.995515635687106,16.367612309010457,74.50248780730716,82.66035804368758,-24.680910429331306,42848073.0,34797785.1,1.0
2026-06-29,584.0,590.0,574.5,584.75,1101224,529.6590039062502,482.40525146484345,570.2247112156577,552.6879024228306,600.5781615056212,492.30684215648785,546.4425018310545,74.1234791307226,70.19081936769607,42.431365727111974,17.140961883560408,13.3017421985149,3.8392196850455083,47.0773496281367,16.305640001223995,78.56819579122946,78.58341455684499,-15.872048276733508,43949297.0,35426757.75,1.0
2026-06-30,585.5,594.0,576.0,588.9500122070312,455943,531.1570043945314,483.1500015258786,573.9697714139324,555.9844578577579,606.1677229765969,492.2422806855123,549.2050018310546,75.43330237185256,70.19081936769607,50.693016700198235,17.797483937895436,14.200890546391008,3.5965933915044275,48.20657671701964,16.42666571542228,83.10586320849757,78.72551560234473,-10.602272161616778,44405240.0,36041514.6,1.0
2026-07-01,588.9500122070312,605.7999877929688,578.75,586.7999877929688,353618,532.7170043945314,483.89000152587863,576.5358146897397,558.7858696700497,610.6186068625257,493.46639679958366,552.0425018310547,73.38546997286569,70.19081936769607,50.693016700198235,17.937520819937617,14.94821660110033,2.9893042188372867,49.58617745924681,17.18547443524703,85.27238147319025,82.31548015763909,-21.56640779254969,44051622.0,36657640.75,1.0
2026-07-02,586.9500122070312,594.7999877929688,586.4000244140625,588.5,241255,534.15900390625,484.61400146484345,578.9286517517918,561.4871542454997,614.569962343244,495.7400413188652,555.1550018310546,73.98680745667141,70.19081936769607,50.693016700198235,17.97843364352366,15.554260009584997,2.4241736339386613,50.867235291314906,16.55793793122269,84.87451015632624,84.41758494600468,-20.163158804535954,44292877.0,37296977.5,1.0
2026-07-03,591.0,593.4500122070312,572.2999877929688,580.2999877929688,475816,535.5120031738281,485.2987513732907,579.2029189600272,563.1974118407242,616.6344463137569,499.105556127649,557.870001220703,66.21530480696062,70.19081936769607,50.693016700198235,17.151473387441683,15.873702685156335,1.2777707022853484,50.29156612748603,16.885944108568392,73.2958326487923,81.14757475943625,-29.720283948676396,43817061.0,37930305.6,1.0
2026-07-06,580.0,585.5,577.4000244140625,581.3499755859375,185435,536.8270031738281,485.9925012207028,579.6323302852093,564.8476449084708,617.6205874538961,504.3794125461037,560.9999999999999,66.69767416482055,70.69198868071932,50.693016700198235,16.391871376703193,15.977336423465708,0.4145349532374851,49.75701618964492,16.258374928380473,57.71579392543317,71.96204557685056,-29.124489162353495,44002496.0,38595891.5,1.0
2026-07-07,584.25,593.4000244140625,582.5,589.75,495780,538.2760034179687,486.6870011901853,581.6558642281675,567.111495371337,619.195136096341,509.63986146225267,564.4174987792968,70.34547905322404,70.69198868071932,50.693016700198235,16.280027060845214,16.03787455094161,0.2421525099036046,49.61799464219093,15.957780206933654,41.16515798172102,57.39226151864882,-23.655112112221964,44498276.0,39258955.95,1.0
2026-07-08,593.0,599.0,581.0,584.2000122070312,501587,539.2950036621094,487.35575119018534,582.1646938239403,568.6649969018546,619.4478631068282,515.3671332310626,567.4074981689454,65.25925692881597,70.69198868071932,50.693016700198235,15.564138304983658,15.943127301750021,-0.37898899676636333,49.722250757894955,16.103653049295534,22.992300918412422,40.624417608522194,-45.71423404431217,43996689.0,39876033.8,1.0
2026-07-09,584.1500244140625,606.0,584.0999755859375,603.25,992624,540.8470031738282,488.1292512512205,586.3817550591523,571.8090880925951,620.8824209411974,522.2625741759902,571.5724975585938,72.58610562834549,70.69198868071932,50.693016700198235,16.345544849488533,16.023610811297726,0.32193403819080757,50.090635787187765,16.517679575350318,29.760005833503786,31.305821577879076,-7.442487392403896,44989313.0,40574090.2,1.0
2026-07-10,609.0,614.2000122070312,598.7000122070312,603.25,427835,542.399002685547,488.89800125122053,589.7554040473218,574.6673528114501,620.4809017309543,531.0290958276395,575.7549987792969,72.58610562834549,70.69198868071932,50.693016700198235,16.771483938778715,16.173185436793922,0.5982985019847931,50.72047250591904,16.44498817711101,37.02089105013408,29.924399267350097,-24.252505616853536,44989313.0,41302182.55,1.0
2026-07-13,603.2000122070312,613.9500122070312,595.0999755859375,599.75,719531,543.9960021972657,489.65325119018536,591.7543232378575,576.9475934649546,619.3259194495276,539.2940756676599,579.3099975585938,69.46446073399466,74.06032145675339,50.693016700198235,16.634866599176803,16.2655216692705,0.36934492990630474,50.84556040669095,16.616777351681208,50.79844501895005,39.1931139675293,-32.004439409628816,44269782.0,41979828.75,1.0
2026-07-14,597.5,623.9000244140625,592.75,597.3499755859375,1347333,545.5960021972658,490.38575103759746,592.8734537074736,578.802355475953,613.2913249791533,552.888667696628,583.0899963378906,67.32626803677375,74.06032145675339,50.693016700198235,16.146804153647054,16.24177816614581,-0.09497401249875637,51.32697356412136,17.654866427565587,39.060169979165906,42.29316868275001,-48.40479690384494,42922449.0,42610951.0,1.0
2026-07-15,597.8499755859375,603.0,594.0,595.5499877929688,199386,547.0910021972657,491.0820010375974,593.4087605245727,580.3248675047727,605.9558481389131,566.4091420954621,586.1824951171876,65.69305728258816,74.06032145675339,50.693016700198235,15.436821112796792,16.080786755476005,-0.6439656426792126,51.7740000674496,17.036661682739474,21.97098916864789,37.27653472225461,-54.941892443356224,42723063.0,43195547.7,1.0
2026-07-16,596.5,609.0,583.0,602.9000244140625,644445,548.8000024414063,491.81700119018535,595.3070133024708,582.3771544965263,606.6584955023534,569.431494732022,588.0449951171877,68.99998167946876,74.06032145675339,50.693016700198235,15.290976111958003,15.922824626772407,-0.6318485148144042,50.824570440568294,17.67690013397237,20.449211500408758,27.160123549407515,-40.69764553503309,43367508.0,43457200.2,1.0
2026-07-17,602.9000244140625,602.9000244140625,579.5999755859375,582.9500122070312,208827,550.0560021972657,492.5025012207029,592.8356130833829,582.4292324702085,606.5935421281627,569.7664493269158,588.1799957275392,53.832182156833035,74.06032145675339,50.693016700198235,13.410999982398721,15.42045969789767,-2.0094597154989486,49.559291688135175,18.07855361212613,13.677041015125855,18.69908056139417,-79.36043245033504,43158681.0,43565996.2,1.0
2026-07-20,582.9500122070312,592.4500122070312,577.0499877929688,581.2000122070312,395116,551.3610021972656,493.21550125122053,590.5084929081127,582.317485173556,606.6113879879454,569.67860224643,588.1449951171877,52.73704389381872,66.75241222848003,50.693016700198235,11.645651163143953,14.665497990946927,-3.019846827802974,48.095577190939814,17.887230097978726,12.255776300576835,15.460676272037148,-82.7519029115878,42763565.0,43631800.55,1.0
2026-07-21,579.2999877929688,590.7999877929688,579.2999877929688,588.6500244140625,303960,552.9100024414063,493.92500137329085,590.1367992093027,582.8931705590566,606.73990808872,570.0550870284677,588.3974975585938,56.76908554197647,66.75241222848003,50.693016700198235,10.724132108583376,13.877224814474218,-3.153092705890842,46.73641372925841,17.430999376694533,6.324841585855378,10.75255296718602,-68.3139050052341,43067525.0,43655034.85,1.0
2026-07-22,588.0,589.4500122070312,573.2000122070312,579.9500122070312,120717,554.3620025634765,494.5367514038084,588.0994418088485,582.6256107088724,606.2666755704512,571.0933219881427,588.679998779297,51.26857575458299,66.75241222848003,50.693016700198235,9.18591384580452,12.938962620740279,-3.753048774935758,44.75779363080887,17.34664227835921,6.324841585855378,8.301819824095862,-85.17438181248262,42946808.0,43695385.55,1.0
2026-07-23,584.1500244140625,584.1500244140625,572.2000122070312,577.0,216925,555.7620025634765,495.13675140380843,585.8795534470788,582.1141915535204,606.2755869352686,571.0744130647317,588.6750000000002,49.516590638369465,66.75241222848003,50.693016700198235,7.640745699239574,11.87931923644014,-4.2385735372005655,42.805413092558254,16.961168701835785,6.324841585855378,6.324841585855377,-90.71569311483461,42729883.0,43689476.05,1.0
2026-07-24,570.0999755859375,589.5499877929688,570.0999755859375,580.7999877929688,328746,557.3440020751952,495.75325134277324,584.8636403162568,581.9947184843793,606.020593532088,571.6994076886151,588.8600006103516,51.80143358016913,66.75241222848003,50.693016700198235,6.64620277929896,10.832695945011904,-4.186493165712944,41.42289747894661,17.138943237921175,3.301388495874978,5.317023889195244,-80.11151952442539,43058629.0,43700003.85,1.0
2026-07-27,581.0499877929688,594.0,577.2000122070312,592.0499877929688,380389,559.1930017089843,496.3315013122557,586.3009098115992,582.9088338760691,606.3279556195515,572.1220443804483,589.2249999999999,57.87938694299308,66.00948513796835,50.693016700198235,6.688698180720962,10.003896392153717,-3.3151982114327545,40.47169846478569,17.114732134710287,15.384862159795155,8.33703074717517,-59.20075783359427,43439018.0,43674489.9,1.0
2026-07-28,590.5999755859375,592.0499877929688,579.0499877929688,584.0,354375,560.5310021972655,496.84100128173816,585.8407278492793,583.0080307964265,606.239734151127,571.7152646281698,588.9774993896484,52.753146275415,66.00948513796835,50.693016700198235,6.003603549567174,9.203837823636409,-3.200234274069235,39.58844223735055,16.820822696516696,20.061388213697683,12.915879623122605,-74.16354684273819,43084643.0,43608460.05,1.0
2026-07-29,587.9500122070312,603.2000122070312,580.2999877929688,598.8499755859375,993642,562.1120019531248,497.4422511291503,588.442577396611,584.4482075954729,607.3557461646591,571.8042513939348,589.579998779297,59.82240957616978,66.00948513796835,50.693016700198235,6.583044799255731,8.679679218760274,-2.096634419504543,39.539582227210204,17.255051390627113,31.6509628818053,22.365737751766044,-46.56138679009825,44078285.0,43609793.2,1.0
2026-07-30,615.3499755859375,624.9000244140625,598.8499755859375,610.4000244140625,2469630,563.7870019531249,498.1005012512206,592.8340668001014,586.8074636698902,610.7234581024981,570.6265418975019,590.675,64.29695833713441,66.00948513796835,50.693016700198235,7.883373949269526,8.520418164862125,-0.6370442155925993,40.53906416135305,17.883265493305533,44.26581144127955,31.992720845594178,-26.459830438249853,46547915.0,43722545.1,1.0
2026-07-31,609.3499755859375,616.5,593.2999877929688,601.0,604638,565.3500024414062,498.70700119018534,594.4672534400811,588.0976942453548,611.6401862053973,571.7798150153056,591.7100006103515,58.5790459462357,66.00948513796835,52.1537478706455,8.062451832069996,8.4288248983037,-0.36637306623370414,40.78869158498687,18.263033115714514,55.09386787808995,43.67021406705827,-43.61314437697418,45943277.0,43828855.9,1.0
2026-08-03,598.6500244140625,600.8499755859375,586.5,592.5999755859375,586750,566.6890014648438,499.3327510070799,594.0937978692524,588.5069925490441,611.597380819702,572.9476204010009,592.2725006103515,53.96095045214455,69.44971470925519,52.1537478706455,7.440787805996251,8.231217479842211,-0.79042967384596,40.24404022042819,17.99424503602062,47.80657734036275,49.055418886577414,-58.941642423405405,45356527.0,43896557.45,1.0
2026-08-04,593.0,594.4500122070312,582.75,587.7000122070312,224540,567.962001953125,499.8457510375975,592.8150407368082,588.4336306997702,611.5728048440757,572.7671975973304,592.170001220703,51.41467893314376,69.44971470925519,52.1537478706455,6.478053523934705,7.8805846886607105,-1.402531164726006,39.33025582928651,17.544656976807094,26.355616404967186,43.08535387447329,-67.88317346888769,45131987.0,43928243.0,1.0
2026-08-05,587.7000122070312,597.3499755859375,583.0999755859375,588.0999755859375,453915,569.2310009765624,500.334000854492,591.8720277066341,588.4032984166945,611.5071856102549,573.2228131690421,592.3649993896485,51.61537763126735,69.44971470925519,52.1537478706455,5.681856466802742,7.440839044289118,-1.7589825774863757,38.660491647824436,17.309324335606586,15.58431036960086,29.915501371643597,-67.15331393872432,45585902.0,44007703.65,1.0
2026-08-06,588.0,588.0,571.2000122070312,573.6500244140625,366660,570.2110009765624,500.68250091552716,588.2276270481198,587.0620916891825,611.0342843406578,570.7357168800455,590.8850006103517,44.46840860163368,69.44971470925519,52.1537478706455,3.8406021950335116,6.720791674437997,-2.8801894794044856,36.81077577833433,17.28008426727085,7.98063774334547,16.64018817263784,-93.52181448002102,45219242.0,44019200.1,1.0
2026-08-07,574.0,580.75,568.0,569.8499755859375,198994,571.0490002441406,501.05625076293927,584.5520967556834,585.4973538616148,610.5507650221282,567.8792337571688,589.2149993896485,42.7903909451764,69.44971470925519,52.1537478706455,2.051118717243753,5.786857082999149,-3.735738365755396,34.79603320908029,16.95650681960865,4.733276455346598,9.432741522764308,-96.74872620005364,45020248.0,44020746.85,1.0
2026-08-10,569.8499755859375,577.75,553.3499755859375,574.9500122070312,1195073,571.8890002441406,501.4530007934569,582.6316798459529,584.5385046202889,609.6132818832152,566.3367181167848,587.975,45.749219041367446,59.456199658960834,52.1537478706455,1.0325677033678176,4.835999207072883,-3.803431503705066,32.88984097833073,17.488186647783927,4.58592956322952,5.7666145873071954,-69.81129017398632,46215321.0,44118023.8,1.0
2026-08-11,574.9500122070312,587.9000244140625,567.0,584.7000122070312,469134,572.9090002441407,501.90700088500967,583.0453463181686,584.5531871281746,608.5624363649376,566.1225672971718,587.3425018310547,50.969925896803595,59.456199658960834,52.1537478706455,1.0005682742241788,4.0689130205031425,-3.0683447462789637,30.75669469689929,17.731889345375254,17.263506606797744,8.860904208457953,-56.18446509183844,46684455.0,44306124.1,1.0
2026-08-12,584.7000122070312,587.75,580.7000122070312,583.25,255220,573.9730004882813,502.38300094604483,583.0862770545349,584.4347155710678,607.6568470542879,565.7981578285246,586.7275024414063,50.19627237478032,59.456199658960834,52.1537478706455,0.8484245194997584,3.4248153203024656,-2.576390800802707,28.775916006998667,16.96889637734622,28.741987101664655,16.86380775723064,-58.211035626422444,46429235.0,44491432.7,1.0
2026-08-13,583.25,587.7999877929688,576.0499877929688,584.5999755859375,230272,575.14,502.8690008544921,583.3890167608154,584.4497392087833,605.316395844848,566.3086041551522,585.8125000000001,50.942847948054236,59.456199658960834,52.1537478706455,0.8272452767049572,2.905301311582964,-2.078056034878007,26.886193788331965,16.59611806467863,36.791666085813546,27.599053264758645,-56.324278582859336,46659507.0,44656032.65,1.0
2026-08-14,584.5999755859375,590.75,578.5,585.1500244140625,327484,576.3230004882812,503.32150100708003,583.7412182914649,584.5134015001722,605.3831887152585,566.4618125054446,585.9225006103516,51.26342097738442,59.456199658960834,52.1537478706455,0.8451030952580822,2.4932616683179876,-1.6481585730599053,25.050262114679494,16.285681060058728,37.24655826708988,34.26007048485603,-55.555517642602936,46986991.0,44847448.15,1.0
2026-08-17,581.5499877929688,587.9500122070312,578.75,584.25,615038,577.6330004882813,503.84050094604487,583.8429746331719,584.4894559092475,605.4273699215013,566.7226300784988,586.075,50.67984466688344,62.32389439512472,52.1537478706455,0.7776666397802501,2.15014266261044,-1.37247602283019,23.345468417716486,15.779561856271052,37.996053809993896,37.344759387632436,-56.81341254107395,46371953.0,45027867.55,1.0
2026-08-18,578.8499755859375,585.7999877929688,578.8499755859375,583.9000244140625,182916,578.8830004882813,504.3547511291504,583.85438458935,584.435871227867,605.1733907927849,566.5016092072151,585.8375,50.4393928506057,62.32389439512472,52.1537478706455,0.6880512317410421,1.8577243764365607,-1.1696731446955186,21.762445699107978,15.148879738468208,37.215741625544915,37.48611790087623,-57.30254649928857,46189037.0,45183943.15,1.0
2026-08-19,582.2999877929688,587.2000122070312,578.5,582.7999877929688,139550,580.0509997558594,504.7967510986328,583.6435052300737,584.2871545519672,605.1746912771745,566.7853062814194,585.9799987792969,49.6421376900147,62.32389439512472,52.1537478706455,0.5222464809479561,1.59062879733884,-1.0683823163908839,20.432880451013716,14.688246343365568,38.5488211219786,37.92020551917247,-53.36500265790364,46049487.0,45339077.1,1.0
2026-08-20,585.0,588.4500122070312,573.0,575.5,268454,581.1619995117188,505.2392510986328,582.014804184059,583.4883223199702,605.2584945427107,566.5515030158831,585.9049987792969,44.603677517628405,62.32389439512472,52.1537478706455,-0.19594426148807997,1.233314185573456,-1.429258447061536,19.320334972719092,14.74265819077026,31.731754511859553,35.832105753127685,-53.36836965460526,45781033.0,45491634.6,1.0
2026-08-21,575.5,579.7000122070312,571.0999755859375,578.5,203187,582.3400000000001,505.68900115966795,581.3118433472473,583.0348384727001,605.2979352340263,566.2820635452705,585.7899993896484,46.98506146376601,62.32389439512472,52.1537478706455,-0.5170800937499962,0.8832353297087655,-1.4003154234587618,18.47798159958242,14.303899507221939,35.72037447347567,35.33365003577127,-42.84085360440341,45984220.0,45637914.15,1.0
2026-08-24,573.9500122070312,580.0,570.4500122070312,573.0,219690,583.2269995117188,506.1205010986328,579.6494746777979,582.1225804297273,604.9105740946625,564.7644259053375,584.8375,43.309234084329425,60.32664301558207,52.1537478706455,-1.2015360296388735,0.46628105783923773,-1.6678170874781113,17.763387713271822,13.964334384775283,23.21457616545972,30.222235050264985,-55.34085360440342,45764530.0,45754189.75,1.0
2026-08-25,573.1500244140625,585.0,570.7000122070312,582.8499755859375,253098,584.4489990234375,506.59150100708007,580.2895748594259,582.18870726211,604.8697561139527,564.6902414446411,584.7799987792969,50.74168438717647,60.32664301558207,52.1537478706455,-0.9383449237832338,0.18535586151474345,-1.1237007852979772,16.49483218391155,13.988309628217673,49.08446165129726,36.00647076341089,-21.12304614189522,46017628.0,45900839.0,1.0
2026-08-26,582.9000244140625,588.0,579.9000244140625,583.75,240205,585.4499987792968,507.0565010070801,580.9816598875407,582.3306429655546,602.9919427017618,565.0580572982382,584.025,51.36907218025779,60.32664301558207,52.1537478706455,-0.6496508571188997,0.018354517788014835,-0.6680053749069146,15.660231684261257,13.567714339483375,66.57387866008503,46.29097215894733,-18.716565322262145,46257833.0,46009816.4,1.0
2026-08-27,583.25,586.9500122070312,578.1500244140625,586.0999755859375,181960,585.8589978027344,507.5370008850098,582.00532302722,582.6733095674076,597.231672332379,568.3883227848085,582.8099975585938,53.05051118990747,60.32664301558207,52.1537478706455,-0.22860017857931325,-0.031036421485450785,-0.19756375709386248,14.665798123316296,13.22716244330376,97.94746158015606,71.2019339638461,-12.433212242273505,46439793.0,46004410.3,1.0
2026-08-28,586.0999755859375,586.0999755859375,571.5,573.5,123282,585.7239978027345,507.9165008544922,580.304258421776,581.8393723340068,593.6257162568633,569.244278860324,581.4349975585936,44.22182192811416,60.32664301558207,52.1537478706455,-0.9012382956549345,-0.20507679631934755,-0.6961614993355869,14.27244313983577,13.325220524920457,69.78941889546894,78.10358637857001,-72.63157894736842,46316511.0,46023072.0,1.0
2026-08-31,570.0999755859375,578.0,562.2000122070312,567.75,354531,585.4409973144532,508.2510008239746,577.7934067374208,580.5585203036426,592.6543231435253,567.7306744150685,580.1924987792969,40.87845561244826,58.80085829960872,47.93392177714562,-1.8766529082279249,-0.539392018701063,-1.3372608895268618,14.808491015088032,13.501989615495336,36.45608556213561,68.06432201258687,-80.56045476020977,45961980.0,46053344.65,1.0
2026-09-01,567.7999877929688,572.9500122070312,553.3499755859375,560.4000244140625,548526,584.9769982910157,508.4407508850098,574.3147302727492,578.7259297682261,593.5942891755458,564.0607096037511,578.8274993896484,37.0250420079015,58.80085829960872,47.93392177714562,-3.2058031168630805,-1.0726742383334666,-2.1331288785296136,16.002508497287113,13.93756440160951,3.122752228802284,36.456085562135605,-81.14961436903725,45413454.0,46067418.0,1.0
2026-09-02,554.2999877929688,567.25,551.0,562.9500122070312,246774,584.749998779297,508.6542509460449,572.0417866596057,577.2917554444812,593.2662336502057,561.8737687912006,577.5700012207031,39.16755425095815,58.80085829960872,47.93392177714562,-4.007208919438881,-1.6595811745545497,-2.3476277448843312,17.279532419791412,14.102738372923117,4.456473252511378,14.67843701448309,-69.93707620872642,45660228.0,46071134.3,1.0
2026-09-03,562.9500122070312,569.5,557.2000122070312,559.3499755859375,169205,584.3949987792971,508.8732508850097,569.503424444872,575.6606845482498,594.4865744047846,559.223423153809,576.8549987792968,37.24121502540042,58.80085829960872,47.93392177714562,-4.876607168502005,-2.3029863733440408,-2.5736207951579644,18.137687021982703,13.973970474354948,4.906117950468494,4.161781143927385,-77.70367726510436,45491023.0,46084723.35,1.0
2026-09-04,562.2000122070312,567.7999877929688,553.0499877929688,557.3499755859375,260539,583.999998779297,509.1212507629395,567.0727346730852,573.9960746425851,595.6976900178654,556.7623075407282,576.2299987792968,36.17672088753388,58.80085829960872,47.93392177714562,-5.661729931517357,-2.974735084978704,-2.686994846538653,19.2563643929535,14.029401154758167,4.906117950468494,4.756236384482788,-83.04412946293968,45230484.0,46095235.15,1.0
2026-09-07,552.8499755859375,574.0,546.9500122070312,565.9500122070312,776080,583.6239990234376,509.4232508850098,566.8481901798743,573.2646144211711,595.7810356922167,555.778961866377,575.7799987792969,43.6372039716248,54.04602071551733,47.93392177714562,-5.5262906571940675,-3.4850461994217765,-2.041244457772291,19.406451432577423,14.959443057487496,15.187457898984974,8.333231266640654,-54.216867469879524,46006564.0,46084797.3,1.0
2026-09-08,565.9500122070312,573.9000244140625,558.0499877929688,572.0999755859375,252143,583.2869982910158,509.82675079345705,567.8985472610871,573.1587381634225,594.7579164201074,555.542077476377,575.1499969482422,48.29201803262106,54.04602071551733,47.93392177714562,-4.866604225065657,-3.761357804550553,-1.1052464205151042,19.545817969371065,15.023056883459372,38.67098001967471,19.58818528970939,-39.397678605045186,46258707.0,46063509.9,1.0
2026-09-09,576.5,576.5,561.75,571.9500122070312,289071,582.9899987792971,510.20200088500974,568.7088402502759,573.0488539855687,593.8585423955835,555.3114527216042,574.5849975585938,48.18751192273995,54.04602071551733,47.93392177714562,-4.306258894221742,-3.870338022484791,-0.4359208717369505,19.300172133518714,15.003552820355132,62.39770021704602,38.75204604523523,-39.09864206029769,45969636.0,46040529.95,1.0
2026-09-10,569.7999877929688,584.0999755859375,565.5499877929688,576.25,426891,582.744998779297,510.6020008850098,570.2170722002207,573.3398672596079,592.8812236266623,555.4537739319313,574.1674987792968,51.43295990711541,54.04602071551733,47.93392177714562,-3.4751487524495133,-3.791300168477736,0.3161514160282226,18.077903203280933,15.256869604113248,77.79782825742275,59.622169498047825,-28.623638231660088,46396527.0,46027380.95,1.0
2026-09-11,575.0,579.75,559.7000122070312,562.7000122070312,460832,582.3929992675781,510.96650100708007,568.7136602015829,572.3726077093737,591.6780409210638,554.4119554168268,573.0449981689453,42.416579724733715,54.04602071551733,47.93392177714562,-3.865301955315431,-3.8061005258452747,-0.059201429470156164,17.57444239494577,15.5992351890315,66.19119216163725,68.79557354536867,-61.632144497987554,45935695.0,45974816.15,1.0
2026-09-14,562.7000122070312,562.7000122070312,562.7000122070312,562.7000122070312,0,582.02,511.32500106811517,567.5109306026726,571.4932808455244,590.363152787128,553.5718447714657,571.9674987792969,42.416579724733715,55.33454335881877,47.93392177714562,-4.126928516474663,-3.870266123971153,-0.25666239250351053,17.106943072920263,14.485004104100678,54.79100268712727,66.26000770206242,-61.632144497987554,45935695.0,45953003.25,1.0
2026-09-15,562.7000122070312,565.0,537.0,540.7999877929688,873422,581.0409997558594,511.5892509460449,562.1687420407319,568.7029814771103,592.0246241503704,547.6003697461139,569.8124969482421,31.925804003495635,55.33454335881877,47.93392177714562,-6.031886561621718,-4.302590211501267,-1.7292963501204515,18.676701266514815,15.450360953807774,24.653061445722685,48.545085431495735,-92.39241869007223,45062273.0,45896665.05,-1.0
2026-09-16,540.7999877929688,549.4500122070312,531.0499877929688,545.7000122070312,589994,580.2709997558594,511.91275100708003,558.8749960739918,566.6118024525575,591.7436724726791,544.1713238652113,567.9574981689452,35.754517587864676,55.33454335881877,47.93392177714562,-7.064750472092442,-4.855022263619502,-2.2097282084729395,20.451479261643797,15.661051200968826,18.868939404895436,32.77100117924846,-73.38777899614053,45652267.0,45876804.05,-1.0
2026-09-17,546.0,562.8499755859375,539.5,560.5499877929688,373802,579.4169995117187,512.31900100708,559.2099944177872,566.0607283925948,590.9377146439167,543.4822804732707,567.2099975585937,45.71852763581691,55.33454335881877,47.93392177714562,-6.608850919627571,-5.205787994821116,-1.4030629248064548,20.55947596203897,16.210260085609445,30.111065060352985,24.544355303657035,-44.39207014500024,46026069.0,45889055.85,-1.0
2026-09-18,558.0,559.6500244140625,542.0999755859375,547.0499877929688,2515581,578.2929992675781,512.69650100708,556.7779930928235,564.3324792471743,590.3624186441102,540.9125752523739,565.6374969482421,39.691757785912465,55.33454335881877,47.93392177714562,-7.253273197102317,-5.615285035277356,-1.6379881618249605,20.659758612405916,16.370242379996718,43.38132994978905,30.787111471679154,-69.83976685830523,43510488.0,45765369.25,-1.0
2026-09-21,543.9000244140625,549.0999755859375,540.6500244140625,542.9000244140625,225057,577.1559997558595,513.0860011291503,554.0023993570713,562.3840742623458,590.5751435723125,537.6898527655778,564.1324981689452,38.03202929350831,50.84349933610405,47.93392177714562,-8.006555271536854,-6.093539082529256,-1.9130161890075978,20.856013439127523,15.80450729370231,47.27308419781352,40.25515973598518,-77.66250829813696,43285431.0,45641414.3,-1.0
2026-09-22,543.0,547.0,539.2000122070312,544.5999755859375,355636,576.1009997558594,513.5197509765625,552.1219146028445,560.767338019036,588.4950071408867,535.9449891970038,562.2199981689453,39.15441633726144,50.84349933610405,47.93392177714562,-8.369882099374081,-6.548807685898222,-1.8210744134758592,21.14513832280094,15.232755900792771,36.056497267719436,42.236970471774,-74.45807556855901,43641067.0,45522586.25,-1.0
2026-09-23,544.5999755859375,551.9000244140625,542.0,549.2000122070312,664468,575.1740002441406,513.9572509765625,551.5375341236819,559.7157629452173,585.3100665427205,535.6749310158732,560.4924987792969,42.20494811661079,50.84349933610405,47.93392177714562,-8.192202110391463,-6.87748657079687,-1.3147155395945926,20.82137009881527,14.851846508883465,40.35097317375002,41.22685154642765,-65.78693950902641,44305535.0,45424971.35,-1.0
2026-09-24,513.0,555.0,513.0,550.4000244140625,9649635,574.1240002441407,514.3572511291503,551.3100321817581,558.8688776242032,580.7503841908264,536.6646182505796,558.707501220703,43.00768250391063,50.84349933610405,47.93392177714562,-7.863908243700166,-7.07477090537753,-0.7891373383226359,22.291554470687366,16.7910003296775,48.8532432039308,41.75357121513342,-47.397978542400985,53955170.0,45800740.2,-1.0
2026-09-25,550.2999877929688,569.5,550.2999877929688,558.1500244140625,1280937,573.6280004882813,514.8037512207031,552.678030628219,558.8035273323721,578.8542783438867,537.0257265389256,557.9400024414061,48.02821270511048,50.84349933610405,47.93392177714562,-6.898847143087892,-7.039586152919603,0.1407390098317114,22.262927384453572,16.963072606631343,64.01656140998188,51.07359259588756,-36.497834152572494,55236107.0,46246720.0,-1.0
2026-09-28,550.7999877929688,559.5,540.5,552.5,369082,573.0540002441405,515.2405012512207,552.6424245025752,558.2304793930656,577.6940549267944,536.660949956018,557.1775024414062,44.92136800123978,53.71298607390843,47.93392177714562,-6.514839998794514,-6.934636922094586,0.4197969233000718,22.745577903538244,17.10856742044339,68.6583108241459,60.50937181268618,-44.444425367970865,54867025.0,46691972.25,-1.0
2026-09-29,550.0,561.6500244140625,535.9000244140625,538.0999755859375,631624,572.042999267578,515.6080010986328,549.7339347192476,556.4004335924176,578.2013687588476,533.9236312411524,556.0625,38.14816145361126,53.71298607390843,47.93392177714562,-7.288456405967963,-7.005400818869261,-0.28305558709870215,23.417355353780085,17.725812604697435,60.35448448419641,64.34311890610806,-64.69763121704659,54235401.0,47133069.6,-1.0
2026-09-30,538.0999755859375,542.7999877929688,531.3499755859375,534.6500244140625,240982,571.1369995117186,515.948751220703,546.7171526582106,554.4231236671126,578.4852283057918,530.8097729149116,554.6475006103517,36.71967990157805,53.71298607390843,44.10791069274064,-8.086716574518732,-7.221663969999156,-0.8650526045195761,24.25861579762748,17.27754114772128,42.7628210522096,57.25853878685063,-67.56550649578652,53994419.0,47549779.15,-1.0
2026-10-01,536.4500122070312,543.0,523.0499877929688,537.7000122070312,1268853,570.3509997558592,516.330001220703,544.9137245679748,552.9028408071051,578.4470189426912,528.6829859401213,553.5650024414062,38.898022217968794,53.71298607390843,44.10791069274064,-8.376673901727486,-7.4526659563448225,-0.9240079453826633,25.41477009655204,17.46843193767199,34.989405926088956,46.03557048749832,-56.28316423534292,55263272.0,48038391.6,-1.0
