Date,Open,High,Low,Close,Volume,MA50,MA200,EMA9,EMA21,BB_Upper,BB_Lower,BB_Mid,RSI,RSI_W,RSI_M,MACD,MACD_Signal,MACD_Hist,ADX,ATR,StochRSI_K,StochRSI_D,Williams_R,OBV,OBV_SMA20,Supertrend_Dir
2025-07-23,672.097967007035,688.0528148885076,662.5749293503638,678.8289184570312,4189282,644.3363049316408,747.6319949340818,661.9753874348411,652.0280170185254,679.281535015298,613.8838519475926,646.5826934814453,64.83524486852356,45.690928149261985,72.18443342670332,7.731361814012075,3.040999617875654,4.690362196136421,14.941959038249948,15.613039817264164,95.29330135596572,88.08880011066472,-13.347763623018704,-7240244.0,-16160844.5,1.0
2025-07-24,675.9371030464819,682.618208017655,658.9352298136988,667.8599853515625,2108932,644.9871789550783,746.6633657836911,663.1523070181854,653.4672868669833,681.8226110906289,613.8656335382773,647.8441223144531,58.209160852846615,45.690928149261985,72.18443342670332,7.930631396316016,4.018925973563727,3.9117054227522896,15.237538098217449,16.189463987742165,89.9705921511608,89.7327980712092,-29.220743916778147,-9349176.0,-15806102.7,1.0
2025-07-25,665.5166274495984,691.0443601309133,663.8214126619756,679.1779174804688,3025346,645.724080810547,745.7334115600584,666.3574291106422,655.8046169227547,686.3046087534749,613.2177789418377,649.7611938476563,62.47102733237957,45.690928149261985,72.18443342670332,8.899231707306626,4.994987120312307,3.904244586994319,16.045540295820274,16.977569950684707,87.89009757147957,91.05133035953536,-16.45922957668452,-6323830.0,-15224278.6,1.0
2025-07-28,679.1778942932476,697.5259933747907,676.2362679579091,688.5513916015625,1265654,646.7161291503907,744.8122564697263,670.7962216088263,658.78159643901,692.2157679379472,612.4520543276781,652.3339111328127,65.59995775896392,50.18901694020117,72.18443342670332,10.30443237421207,6.056876171092259,4.24755620311981,17.168512678067067,17.285581055413054,87.89009757147957,88.58359576470664,-11.421321608989988,-5058176.0,-14558414.75,1.0
2025-07-29,690.0471784410863,710.7386220142836,685.4601839700255,709.3924560546875,1870718,648.3937158203125,743.9482812499998,678.5154684979987,663.3825836767988,702.4606344259921,609.6660806618988,656.0633575439455,71.32453802522004,50.18901694020117,72.18443342670332,12.950478694980347,7.435596675869878,5.51488201911047,18.868769826037912,17.85649941175913,96.81540785729241,90.86520100008386,-1.4665676339688072,-3187458.0,-13778251.3,1.0
2025-07-30,709.8411619769392,726.5438941127759,707.9964069518795,720.0123901367188,2536333,650.0677343750001,743.1647750854489,686.8148528257427,668.5307479004279,713.7338055088735,606.6994037196425,660.216604614258,73.72408435708891,50.18901694020117,72.18443342670332,15.723182335231854,9.093113807742274,6.6300685274895805,21.071838518540098,17.905855679554648,99.99999999999999,94.90183514292399,-6.070424140389774,-651125.0,-12893068.0,1.0
2025-07-31,702.1629282542888,715.9738195082721,699.5702288803809,711.985107421875,856999,651.6658020019531,742.346108703613,691.8489037449692,672.4811442205594,721.0955823706787,606.6818468285404,663.8887145996096,69.0225345577231,50.18901694020117,74.21704962240953,17.075993889968572,10.689689824187534,6.386304065781038,22.27973750573003,18.08702036361059,94.04791403134166,96.95444062954468,-13.53103519605926,-1508124.0,-12089485.45,1.0
2025-08-01,711.9851055992824,712.3340935607822,698.1742143806532,701.2654418945312,915312,653.0066796875,741.4235839843747,693.7322113748817,675.0978985545568,725.4235125695226,608.2422528113369,666.8328826904298,63.22408888989732,50.18901694020117,74.21704962240953,17.086160748165412,11.96898400898311,5.117176739182302,23.2654867671088,17.806510279076193,74.50506056474147,89.51765819869438,-29.340279904495482,-2423436.0,-11339953.35,1.0
2025-08-04,698.0246347330614,705.8026113475033,689.0500322864934,702.76123046875,1116817,654.1206994628907,740.5242138671871,695.5380151936554,677.6127469103924,728.774994421756,611.8211603634004,670.2980773925782,63.682557500689356,53.99957756153688,74.21704962240953,17.018734318221277,12.978934070830743,4.039800247390534,23.321084306297845,17.731229477785742,55.815520312203176,74.7894983027621,-31.799956807599184,-1306619.0,-10505994.9,1.0
2025-08-05,702.7612099620783,707.4978055595524,693.0387242619998,695.830810546875,872579,655.0164916992187,739.5936743164059,695.5965742642993,679.2689345137089,729.9767545534773,617.1209993527725,673.5488769531249,59.9532118133453,53.99957756153688,74.21704962240953,16.219107642095878,13.62696878508377,2.5921388570121078,23.46705737303945,17.497504607769084,36.13691481337359,55.485831896772744,-41.066667108550284,-2179198.0,-9677317.1,1.0
2025-08-06,692.9390512090889,696.728315626062,666.4140785644416,669.6549072265625,1150586,655.4663952636718,738.5700750732418,690.408240856752,678.3949320330591,729.0244352509832,621.2991914580012,675.1618133544922,48.41971101853019,53.99957756153688,74.21704962240953,13.319680122233649,13.565511052513747,-0.24583093028009806,22.014288562188266,18.41298549732989,22.346434946640457,38.09962335740574,-76.06664051123191,-3329784.0,-8962484.6,1.0
2025-08-07,670.1036061785493,674.740508155754,661.5777465760925,671.3002319335938,953034,655.9989672851563,737.560425109863,686.5866390721203,677.7499592967441,727.1562754737561,627.0463734520254,677.1013244628907,49.08276386231611,53.99957756153688,74.21704962240953,11.027508621794368,13.057910566369872,-2.0304019445755035,20.959837248519555,18.037969503210718,8.576078293763295,22.35314268459245,-73.86666596669798,-2376750.0,-8176757.65,1.0
2025-08-08,670.2532113071436,672.7960030127917,650.0603569800141,653.40087890625,428019,656.1974377441406,736.5719995117184,679.9494870389462,675.536406533972,723.6054232551325,633.4990078972115,678.552215576172,42.658281712842914,53.99957756153688,74.21704962240953,7.678109528137497,11.981950358723397,-4.3038408305859,20.632764696682525,18.37351782675121,0.873436427917869,10.59864988944054,-95.63236475264304,-2804769.0,-7358957.1,-1.0
2025-08-11,653.151591634707,653.7000273634966,639.1910995997666,640.7865600585938,874366,656.0948559570313,735.6023617553708,672.1169016428757,672.3773295816649,722.69749877926,635.0351550293339,678.8663269042969,38.803569591168184,45.819365347489416,74.21704962240953,3.960166175993322,10.377593522177381,-6.417427346184059,20.872197499947873,18.097475679392552,0.873436427917869,3.440983716533011,-98.1735438829155,-3679135.0,-6659363.3,-1.0
2025-08-12,641.0358907029632,649.4122107413784,637.4959207670911,647.1187133789062,539658,656.2771606445312,734.6735906982419,667.1172639900818,670.0810917450503,723.2403851649906,633.8540789463377,678.5472320556642,41.65375932617212,45.819365347489416,74.21704962240953,1.5072465361788545,8.603524124977676,-7.096277588798822,21.176209878501297,17.65596241474218,2.720645017319413,1.4891726243850503,-89.19369835127026,-3139477.0,-6031273.65,-1.0
2025-08-13,650.010468747393,659.1346719861652,649.7113275136285,657.2899169921875,531761,656.5364929199217,733.5821951293943,665.151794590503,668.9182576766083,723.4833838834587,632.7535118684947,678.1184478759767,46.004014786122454,45.819365347489416,74.21704962240953,0.37964486688599663,6.958748273359341,-6.579103406473345,20.698637108018936,17.253104999921955,9.593820898049609,4.395967447762297,-77.77153653092587,-2607716.0,-5445691.25,-1.0
2025-08-14,662.0763402632558,670.6021999261653,657.6887327512868,665.7160034179688,472808,656.9782800292968,732.5573135375975,665.2646363559961,668.6271436530956,723.4852673051099,632.4724109175464,677.9788391113282,49.37171440162017,45.819365347489416,74.21704962240953,0.1640362668825901,5.599805872063992,-5.4357696051814015,19.458111941625415,16.971617709497377,19.68163019991929,10.665365371762771,-68.30912418261657,-2134908.0,-4894222.7,-1.0
2025-08-18,670.1036338563972,679.0782360955453,660.6304426039629,661.7772216796875,661365,657.3542297363281,731.5304037475582,664.5671534207344,668.0044234736948,723.2233824833379,633.3724915400999,678.2979370117189,47.8687635558056,48.00194788156536,74.21704962240953,-0.3209620201270127,4.415652293625791,-4.736614313752804,18.36168925160684,17.077058836789163,25.61415464989176,18.296535249286883,-72.73233741285021,-2796273.0,-4330658.3,-1.0
2025-08-19,662.1262073554759,682.6680502866991,655.3454089708043,681.1224365234375,873852,657.9100720214842,730.7099456787107,667.878210041275,669.1969701145806,723.6273778698526,634.1651087024131,678.8962432861329,55.0985183227519,48.00194788156536,74.21704962240953,0.8459192755362892,3.701705690007891,-2.8557864144716016,17.099625644957403,17.80888615672528,34.29530153216783,26.530362127326292,-51.00785102992968,-1922421.0,-3772407.25,-1.0
2025-08-20,681.0227262622255,681.4215609438847,663.9709459697743,665.5664672851562,312402,658.1199621582031,729.7490075683592,667.4158614900514,668.8669244028148,723.5549553110185,633.3849433706224,678.4699493408204,49.19082613595019,48.00194788156536,74.21704962240953,0.5095703881672762,3.063278629639768,-2.5537082414724916,15.927709438782921,17.783295357967077,35.66526006613477,31.858238749398115,-64.23127151933383,-2234823.0,-3312672.1,-1.0
2025-08-21,665.5664783484765,675.0396694918895,662.8740855351339,665.9154663085938,349134,658.250245361328,728.7977761840818,667.11578245376,668.5986100306129,723.2561753322125,632.3923781345845,677.8242767333985,49.32210907491871,48.00194788156536,74.21704962240953,0.26808248810198165,2.5042394013322107,-2.236156913230229,14.917372897313747,17.382030257880547,41.10502653606012,37.02186271145424,-62.025334824985954,-1885689.0,-3044944.35,-1.0
2025-08-22,665.9154973045094,671.9983199974782,663.0735641743704,665.5166625976562,196995,658.3606091308592,727.8390771484375,666.7959584825393,668.3184329912532,723.2591361530395,632.1550850383668,677.7071105957032,49.16577677237249,48.00194788156536,74.21704962240953,0.04401409386650812,2.0121943398390703,-1.9681802459725621,13.9792032516638,16.777939226825353,39.43418276730815,38.73482312316768,-59.971446606559375,-2082684.0,-2681619.75,-1.0
2025-08-25,665.4667470633225,671.1008273887968,661.577789187587,665.8157958984375,260684,658.6770007324217,726.8627151489258,666.599925965719,668.0909205282699,722.8911724191247,631.1868366140785,677.0390045166016,49.2955971932847,47.968263955462575,74.21704962240953,-0.1081771664421467,1.588120038582827,-1.6962972050249736,13.227772778953279,16.259732010709957,44.5125931670144,41.68393415679422,-59.544124825627186,-1822000.0,-2456528.25,-1.0
2025-08-26,663.1234130318152,666.66338298895,646.1713859317537,646.9691162109375,390653,658.472149658203,725.7794302368163,662.6737640147627,666.1707564994215,722.3590025008032,627.5607789933376,674.9598907470704,42.01530069406436,47.968263955462575,74.21704962240953,-1.729621380599042,0.9245717547464531,-2.654193135345495,13.627616802474781,16.56203665688756,36.98965049540147,40.31214214324134,-84.00673235245415,-2212653.0,-2314252.1,-1.0
2025-08-28,646.9691038255435,649.5618032619057,624.7320455808054,627.4244384765625,1191796,658.099338378906,724.4187799072265,655.6238989071227,662.6483639518888,719.8723155252894,621.8506642110387,670.8614898681641,36.066572162612175,47.968263955462575,74.21704962240953,-4.539392463030026,-0.16822108880884268,-4.371171374221183,15.115605235496243,17.152588158617036,23.106171501147184,34.869471721187686,-95.3528157327646,-3404449.0,-2325101.65,-1.0
2025-08-29,628.1722867125861,636.0998639023816,622.8373479505499,624.1337280273438,368869,657.752276611328,722.9936550903319,649.3258647311669,659.1470334132938,713.5689733335195,618.5661401918711,666.0675567626953,35.16384021554772,47.968263955462575,74.21704962240953,-6.951555911447372,-1.5248880533365485,-5.426667858110823,16.581575079806676,16.87472585813237,6.569993265604308,22.221938420717652,-97.83325278464832,-3773318.0,-2481211.3,-1.0
2025-09-01,620.3444437067758,635.3520221257422,620.3444437067758,633.357666015625,641881,657.9340490722656,721.6895422363281,646.1322249880586,656.8025454680512,706.5510435246019,617.7213258601637,662.1361846923828,39.71843603318039,41.46339657149397,67.9445217931385,-8.026394831667062,-2.8251894090026513,-5.201205422664411,18.057167499249505,16.74135818390623,7.615867172336707,12.430677313029399,-79.11991455089951,-3131437.0,-2562376.95,-1.0
2025-09-02,633.3576121867206,636.1995450569351,628.0226735278213,633.856201171875,1515948,658.04716796875,720.4361920166016,643.677020224822,654.7165141683988,700.8475650117218,616.6838803007781,658.76572265625,39.963912036044896,41.46339657149397,67.9445217931385,-8.737267023572372,-4.007604931916596,-4.729662091655776,19.338903767362293,16.12960913713534,15.642201641151093,9.94268735969737,-78.32000070828404,-1615489.0,-2521979.6,-1.0
2025-09-03,635.5015284243611,651.1572352264311,632.3105466457681,650.0603637695312,654308,658.3878308105469,719.2611254882813,644.9536889337638,654.2932277685018,692.8744476128984,619.3869110296796,656.130679321289,47.45389072927378,41.46339657149397,67.9445217931385,-7.902008425125928,-4.786485630558463,-3.1155227945674646,19.106929862659786,16.32368624024446,36.192739164477615,19.81693599265514,-52.319960776583116,-961181.0,-2504707.7,-1.0
2025-09-04,655.0462875262011,664.569325762171,651.1074220432733,654.946533203125,865487,658.7704833984376,718.242608947754,646.9522577876361,654.3526191716494,685.7249563033148,622.4479746048881,654.0864654541015,49.49980696491845,41.46339657149397,67.9445217931385,-6.767772264402538,-5.182742957327278,-1.58502930707526,17.86446772047566,16.19406307970127,52.548443328407544,34.79446137801208,-44.47996289820655,-95694.0,-2400532.5,-1.0
2025-09-05,653.2014487693425,661.0791794597363,642.431938343387,646.5702514648438,413652,658.7358032226564,717.1879336547852,646.8758565230777,653.6451311983034,683.8555470427553,622.0089182892756,652.9322326660155,46.18031506643243,41.46339657149397,67.9445217931385,-6.470193504902113,-5.440233066842246,-1.0299604380598675,17.268367686021037,16.369290082318994,62.943064863398185,50.561415785427776,-57.91994527075999,-509346.0,-2259510.6,-1.0
2025-09-08,649.7611637231797,653.6501822879078,640.5372671767828,647.6671142578125,396717,658.8365173339846,716.23254486084,647.0341080700247,653.1016751128042,681.5025546179675,621.9985989464853,651.7505767822264,46.68452005996299,45.758146945998554,67.9445217931385,-6.075814328020783,-5.5673493190779535,-0.5084650089428298,16.833362976948514,16.136691870090846,61.656578628751724,59.049362273519144,-56.15999771130329,-112629.0,-2146304.55,-1.0
2025-09-09,648.165730623799,651.6558537886964,626.2278135873012,642.7809448242188,833385,658.8754064941409,715.2126663208011,646.1834754208635,652.163426904751,681.2255357317815,621.2136244244682,651.2195800781249,44.67659739474733,45.758146945998554,67.9445217931385,-6.087367641941455,-5.671352983650654,-0.4160146582908011,17.252882880036456,16.80035960804116,59.80363462448829,61.467759372212726,-63.26529127047422,-946014.0,-2053366.8,-1.0
2025-09-10,643.379262089736,653.8994778877449,643.1798143158146,650.70849609375,307076,659.1476354980472,714.2518328857425,647.0884795554408,652.0311604673872,681.3207567752428,622.1105969845227,651.7156768798827,48.54355228040704,45.758146945998554,67.9445217931385,-5.394650420327707,-5.616012470986065,0.22136205065835757,17.45446891010729,16.394514854861512,72.49257235572236,64.65092853632078,-44.48500403624202,-638938.0,-1901356.95,-1.0
2025-09-11,653.1515756858099,662.1261774891263,649.9107472568345,659.1346435546875,629853,659.6342578125003,713.2216622924808,649.4977123552902,652.6769316571417,682.0162995563138,622.6166472210299,652.3164733886719,52.35550600899705,45.758146945998554,67.9445217931385,-4.118274447303861,-5.316464866249624,1.1981904189457628,16.97203983004974,16.096008810392252,86.56185440037562,72.95268712686209,-24.903603304416787,-9085.0,-1744837.35,-1.0
2025-09-12,662.2259102788909,664.9681498816859,657.0406331748487,662.2758178710938,999196,660.1408251953128,712.077815856934,652.053333458451,653.5495576765918,682.5239459269251,622.6075909383092,652.5657684326171,53.73157497719389,45.758146945998554,67.9445217931385,-2.8207548711496884,-4.817322867229636,1.996567996079948,16.300884095277116,15.512545088709748,97.77656040170577,85.61032905260124,-17.386994260643228,990111.0,-1564946.0,-1.0
2025-09-15,661.5279018257313,671.7988229332959,656.2428097970715,668.906982421875,910593,660.7481066894534,710.8909887695316,655.4240632511359,654.9456871988903,683.0105799837256,622.4400547818993,652.7253173828125,56.58243193213687,48.60095899000493,67.9445217931385,-1.2430525624635038,-4.10246880627641,2.8594162438129063,15.154505287970185,15.515649949246514,99.99999999999999,94.77947160069378,-5.620202896025683,1900704.0,-1363165.4,-1.0
2025-09-16,668.9070138770077,671.998302304051,651.954987277659,655.395263671875,817761,661.0083703613284,709.6072430419927,655.4183033352838,654.9865577873434,682.4232025480336,622.3892364168101,652.4062194824219,49.843313465884556,48.60095899000493,67.9445217931385,-1.0706530748892646,-3.4961056599989813,2.4254525851097166,14.403514850708506,15.839054597614044,89.51204237977866,95.76286759382813,-32.14288164147299,1082943.0,-1169204.6,-1.0
2025-09-17,658.6361095206125,661.1290546739834,648.3651876613078,649.3623657226562,1337662,661.3264709472659,708.2913421630865,654.2071158127583,654.4752675996444,677.6276815269439,624.008750357822,650.818215942383,47.14344349591669,48.60095899000493,67.9445217931385,-1.4046378931103618,-3.0778121066212574,1.6731742135108956,13.966076233646424,15.619398341547017,74.82233018780873,88.11145752252912,-43.822353636498335,-254719.0,-1085819.5,-1.0
2025-09-18,650.1600405868244,658.1374643977056,647.4676478780692,656.09326171875,410959,661.8320397949221,706.890163879395,654.5843449939566,654.6223579741086,676.3804760838628,624.3086352442623,650.3445556640626,50.373297880369904,48.60095899000493,67.9445217931385,-1.1133620684601055,-2.6849220989890275,1.571560030528922,13.626510947739922,15.265856782839112,62.54937090229883,75.62791448996207,-30.791582695314833,156240.0,-966266.35,-1.0
2025-09-19,657.1403329788963,664.8684628432155,654.4479400793884,663.5721435546875,505847,662.3555590820316,705.491546325684,656.3819047061029,655.4359748450703,675.9879049573505,624.4668740953842,650.2273895263673,53.75472417589171,48.60095899000493,67.9445217931385,-0.2758606682922391,-2.20310981284967,1.9272491445574307,12.719109839804483,14.919761495766824,67.3655282781231,68.24574312274355,-18.409588766920702,662087.0,-838877.55,-1.0
2025-09-22,664.1205616203144,666.1149176612163,648.1657132930997,653.4507446289062,484909,662.7743737792971,704.1067642211918,655.7956726906637,655.2554993708735,674.4242148745742,624.8239723812852,649.6240936279297,48.89880641769879,48.83929810838225,67.9445217931385,-0.4239599338266089,-1.8472798370450576,1.4233199032184487,12.378149217681727,15.136150272363238,60.54302730461205,63.485975495011324,-40.522961836667506,177178.0,-725884.45,-1.0
2025-09-23,656.1431599378013,657.2400314527124,640.1883110639338,641.8336791992188,163168,663.123386230469,702.6972372436528,653.0032739923747,654.0353339007231,672.2278217872857,624.6221537986518,648.4249877929688,43.98722013359629,48.83929810838225,67.9445217931385,-1.461878139860346,-1.7701994976081155,0.3083213577477695,12.642580120469232,15.272976709250047,39.48265325678862,55.797069613174585,-65.90408787528071,14010.0,-634083.95,-1.0
2025-09-24,641.8336432390564,643.6285514642192,636.7479989276948,639.3406982421875,509932,663.2201135253907,701.2744992065434,650.2707588423373,652.6994579317652,672.186674969894,623.9004588191685,648.0435668945313,42.98931051601843,48.83929810838225,67.9445217931385,-2.457272615349666,-1.9076141211564257,-0.5496584941932403,13.124430747686205,14.673517839769646,11.821120167852364,37.28226690975101,-71.35078732491742,-495922.0,-548247.4,-1.0
2025-09-25,639.2409745432384,640.3379069121511,633.4075073163167,635.1027221679688,362664,662.8521557617189,699.873367004395,647.2371515074635,651.099754680511,671.4061674247092,625.4487947334941,648.4274810791017,41.27505113644979,48.83929810838225,67.9445217931385,-3.547209140638188,-2.235533125052778,-1.3116760155854097,13.799826184561361,14.120437965202841,0.0,17.101257808213663,-80.60997636361311,-858586.0,-420954.25,-1.0
2025-09-26,626.2278038891246,631.9615775712305,606.284243255713,607.7301635742188,870657,661.6894470214844,698.5931408691413,639.3357539208146,647.157064579939,674.9866131115753,620.2279926013155,647.6073028564454,32.312555811544186,48.83929810838225,67.9445217931385,-6.544289905643382,-3.097284481170899,-3.447005424472483,15.849081557437831,15.170298032849477,0.0,3.940373389284121,-97.79967888234977,-1729243.0,-318750.5,-1.0
2025-09-29,610.7217122277568,620.2447504846398,605.3369263832051,612.5664672851562,574552,660.5706127929687,697.2716589355475,633.9818965936829,644.0124648258677,677.5649271822925,615.570558657551,646.5677429199218,34.99820645198978,40.19313276525929,67.9445217931385,-8.432049298371567,-4.164237444611032,-4.267811853760534,17.79131500043508,15.151549894891279,3.6885927052134857,1.2295309017378284,-89.15482796134367,-1154691.0,-219913.2,-1.0
2025-09-30,612.5664255358857,623.9841256651054,611.6190942751977,621.09228515625,786426,659.8845532226563,695.8748690795904,631.4039743061963,641.9288121286297,678.5136587784708,613.3454354598103,645.9295471191406,39.551582373144186,40.19313276525929,67.73109802219635,-9.134849114371946,-5.158359778563215,-3.976489335808731,19.195014185422732,14.952512858821024,13.630995550109997,5.773196085107827,-76.36508614560714,-368265.0,-157552.0,-1.0
2025-10-01,621.5410613774884,634.6539769743536,621.2419201374856,629.817626953125,380909,659.0977795410157,694.6943814086919,631.086704835582,640.8277952944928,678.2111033290043,611.6237172276362,644.9174102783203,43.8839596227435,40.19313276525929,67.73109802219635,-8.885336244372297,-5.9037550717250316,-2.9815811726472656,19.444687157436192,14.853168498769776,29.523679075018364,15.614422443447282,-63.276034687630144,12644.0,-108860.75,-1.0
2025-10-03,629.2193031100942,638.7921873383945,625.7291801926848,633.7066040039062,509766,658.2900646972657,693.5435397338872,631.6106846692469,640.1804142680759,677.1571432711252,610.5536843655935,643.8554138183594,45.75023948694249,40.19313276525929,67.73109802219635,-8.278359772437057,-6.378676011867437,-1.8996837605696193,19.300496109471588,14.725299830694055,44.291002129502004,29.14855891821012,-57.44210612396077,522410.0,-77955.55,-1.0
2025-10-06,634.1553930011764,636.0499947782198,625.1309438222407,632.70947265625,688215,657.36767578125,692.432747497559,631.8304422666475,639.5012377579098,676.8014193229386,609.5233304329207,643.1623748779297,45.33393143807969,45.06511665008896,67.73109802219635,-7.788011364637782,-6.660543082421507,-1.1274682822162756,19.20574333425091,14.453424911071556,54.59122805435016,42.801969752956836,-58.93792185515757,-165805.0,-60778.5,-1.0
2025-10-07,632.7094590599004,639.9888464950984,629.4187837385552,630.91455078125,712522,656.6287670898438,691.3067605590825,631.647263969568,638.7206298509407,676.3238622565107,608.3256311516923,642.3247467041015,44.54810162440038,45.06511665008896,67.73109802219635,-7.4582676463945745,-6.820087995216121,-0.6381796511784534,18.73908501343174,14.176041900033814,57.7195465179045,52.20059223391888,-57.91630512919137,-878327.0,-99063.4,-1.0
2025-10-08,630.6154229149325,635.9004544052517,625.9286739092087,628.870361328125,859528,655.622615966797,690.1742846679692,631.0918834412795,637.825150894321,676.1541177108795,607.104317347714,641.6292175292967,43.620720548502476,45.06511665008896,67.73109802219635,-7.277996169428889,-6.911669630058675,-0.3663265393702133,18.56223696095198,13.875737514034473,56.84295474075863,56.38457643767109,-61.27967632679224,-1737855.0,-138655.45,-1.0
2025-10-09,628.2221450388814,641.5843546912239,628.2221450388814,636.7978515625,755810,654.5875451660156,689.1287203979498,632.2330770655236,637.7317600459737,675.2482823989054,606.6190882065631,640.9336853027343,48.130357097909744,45.06511665008896,67.73109802219635,-6.421425322118921,-6.813620768470725,0.3921954463518036,17.839432536259057,13.839056952485045,61.19019178680252,58.58423101515521,-48.236319566097386,-982045.0,-155810.8,-1.0
2025-10-10,634.6539667925268,654.6972207690835,628.5212975877283,649.4620361328125,1247635,653.3889367675781,688.1760858154303,635.6788688789813,638.7981487811409,673.9474700582136,606.9526398050677,640.4500549316407,54.40470060079989,45.06511665008896,67.73109802219635,-4.666895828479483,-6.384275780472477,1.717379951992994,17.071224818725064,14.720261683118627,75.50252313167314,64.51188988641142,-27.399526009719587,265590.0,-142077.05,-1.0
2025-10-13,648.1656861308372,648.1656861308372,628.870316588877,632.1111450195312,600007,651.6309118652343,687.1436636352544,634.9653241070914,638.1902393482673,670.9863397035901,606.897302874535,638.9418212890625,46.16523056679217,47.84050360138951,67.73109802219635,-4.623197130778976,-6.032060050533777,1.4088629197548004,16.357889081014928,15.139651530319831,78.82455705618679,71.83909065822081,-48.41499636588059,-334417.0,-208303.45,-1.0
2025-10-14,632.2108726763669,633.5071919461798,615.8072818673068,623.8844604492188,719369,649.8688989257813,686.0472171020513,632.7491513755169,636.8897139938083,666.0881704543725,607.2932199264868,636.6906951904297,42.851504010375415,47.84050360138951,67.73109802219635,-5.192533989975459,-5.864154838422114,0.671620848446655,15.769176802856865,15.322527140930774,70.13619273088389,74.8210909729146,-62.42418264158497,-1053786.0,-356027.95,-1.0
2025-10-15,623.7847227700203,629.9173921793665,623.3359804707893,626.3275146484375,640076,648.3701403808597,684.965971679688,631.464824030101,635.92951405332,663.5970004059225,606.877615072593,635.2373077392577,44.133960047789884,47.84050360138951,67.73109802219635,-5.384533940804545,-5.7682306588986005,0.3836967180940558,15.222515401710094,14.69816175290552,54.639371498743074,67.86670709527124,-57.47475065457136,-413710.0,-430860.6,-1.0
2025-10-16,626.7263915757763,646.6699521668909,626.3274960187873,638.5928344726562,789430,647.0867724609377,683.9273919677739,632.8904261186121,636.1716340914414,662.3288528166845,607.0688095368309,634.6988311767577,50.17876917778928,47.84050360138951,67.73109802219635,-4.495168971108342,-5.513618321340549,1.0184493502322072,14.901683427890642,15.101325638276808,60.695126684252955,61.823563637959964,-32.6261958053366,375720.0,-399338.65,-1.0
2025-10-17,642.5815520388705,642.8308465483731,629.7179310033733,636.8477783203125,305601,645.9071118164063,682.8372912597662,633.6818965589523,636.2331017486115,659.5072577885419,607.9658562251298,633.7365570068358,49.36043832617214,47.84050360138951,67.73109802219635,-3.88635281644963,-5.188165220362365,1.3018124039127352,14.603768023629723,14.959296345899874,69.46274156284105,61.59907991527902,-36.161539696727566,70119.0,-403644.7,-1.0
2025-10-20,638.1440814542603,644.675585265418,636.9474556663354,642.0829467773438,333114,645.3556726074219,681.7758544921882,635.3621066026307,636.7649058421325,654.7195511311087,610.6046432048287,632.6620971679687,51.89501227379976,45.84354264556862,67.73109802219635,-2.947450905925848,-4.740022357475062,1.7925714515492137,14.465993711865698,14.449904245843136,79.32732609663609,69.82839811457669,-29.282318007794807,403233.0,-416587.4,-1.0
2025-10-21,642.0829599475354,644.6257517597105,639.1911193059765,640.0386962890625,25485,644.7304418945313,680.6006906127936,636.2974245399171,637.0625231554898,652.1188563693298,611.8641331326231,631.9914947509765,50.82526108084681,45.84354264556862,67.73109802219635,-2.3413289248835554,-4.260283670956761,1.9189547460732053,14.338060422370534,13.805956260692486,75.37613177889976,74.72206647945896,-37.692330957483996,377748.0,-406558.9,-1.0
2025-10-23,642.1826511548913,662.3755062571996,640.1882950954041,659.3839721679688,1034780,644.8501037597657,679.5501202392584,640.9147340655275,639.0917457929879,656.0949220711357,609.6430967276922,632.8690093994139,59.362373422020745,45.84354264556862,67.73109802219635,-0.2965523291697991,-3.4675374025993686,3.1709850734295695,15.438730168071173,14.415302954081389,84.04034874315936,79.58126887289839,-6.423981434602755,1412528.0,-336633.0,1.0
2025-10-24,664.2701854739158,665.9653394765465,653.5505213860467,657.9879150390625,687780,645.1941308593753,678.5761706542975,644.3293702602346,640.8095793608129,659.4879224106547,608.1148180678607,633.8013702392577,58.57210844023776,45.84354264556862,67.73109802219635,1.1974937492593654,-2.534531172227622,3.732024921486987,16.665731138021975,14.272411178111277,88.07714153103163,82.49787401769692,-15.904572102119241,724748.0,-275599.5,1.0
2025-10-27,660.1318374113702,664.9182796490206,656.2428188578893,658.536376953125,308585,645.4224841308594,677.5783401489265,647.1707715988126,642.4211064146594,662.9456534940925,607.0004524629387,634.9730529785156,58.804137855302514,49.63765792050152,67.73109802219635,2.3981479662529637,-1.547995344531505,3.9461433107844686,17.805089181547718,13.872629007612707,97.27754988773212,89.79834672064104,-14.811104890260008,1033333.0,-181003.55,1.0
2025-10-28,656.1431202471483,662.375482711502,650.6087945513852,655.64453125,342626,645.3895764160156,676.4884210205086,648.8655235290502,643.6232359451449,663.6749081787027,611.0626345459066,637.3687713623046,56.99165135353743,49.63765792050152,67.73109802219635,3.080813601924433,-0.6222335552403174,3.7030471571647503,18.207588506770513,13.722204661362992,92.49136528538119,92.61535223471498,-20.576570781411828,690707.0,-60006.05,1.0
2025-10-29,655.6445259264938,660.7800169005894,654.1487589471938,657.3895874023438,192741,645.2230480957031,675.4408169555671,650.5703363037089,644.8747224412539,664.6248035526155,614.5950511837127,639.6099273681641,57.836201793570254,49.63765792050152,67.73109802219635,3.719763367359178,0.24616582927958175,3.4735975380795963,18.58133788019168,13.215708467936755,91.00566390019054,93.59152635776795,-17.09745648647891,883448.0,41900.9,1.0
2025-10-30,655.5448554513789,658.1873406896855,641.6342098837064,648.8139038085938,379950,644.9637817382812,674.3202282714852,650.2190498046859,645.2328298382847,664.7299273870907,617.2620892144718,640.9960083007812,52.39145928209135,49.63765792050152,67.73109802219635,3.4938744539691697,0.8957075542174995,2.5981668997516705,17.594440755363852,13.454095777796923,78.05928614678118,87.18543844411764,-34.19477644364217,503498.0,85489.05,1.0
2025-10-31,652.553294866395,655.6943689876166,645.2240001910504,648.265380859375,435568,644.306640625,673.2829858398445,649.8283160156237,645.5085162947474,665.2536705540912,618.5831214380966,641.9183959960939,52.05390653509332,49.63765792050152,68.67773960340007,3.233322911016785,1.3632306255773567,1.8700922854394282,16.67803628230944,13.240972421994726,68.09061097622666,79.05185367439945,-35.288365341147056,67930.0,88253.35,1.0
2025-11-03,652.7028361084721,658.9351984975281,650.5090323749416,655.9436645507812,308348,644.1141845703124,672.4685043334969,651.0513857226554,646.457166136205,666.8324679426948,619.2280301041801,643.0302490234375,56.29845928224234,47.97304252205722,68.67773960340007,3.6048527611690133,1.811555052695688,1.7932977084733253,16.12274952548344,13.05731850886318,64.98610554813712,70.37866755704832,-19.980189432054818,376278.0,80946.75,1.0
2025-11-04,655.9437170656214,657.9879199203077,641.7837764114588,644.7254638671875,367631,643.6903845214844,671.5742947387703,649.7862013515619,646.2997386572034,666.9378257656817,620.324271402287,643.6310485839844,49.41535483591395,47.97304252205722,68.67773960340007,2.9599572586237173,2.041235493881294,0.9187217647424233,15.20568738310395,13.282091723147875,57.286552424772324,63.45442298304536,-49.82452493946843,8647.0,89669.35,1.0
2025-11-06,633.4573146300469,652.0547083854453,614.2616384291364,618.8486328125,1642849,642.7570239257813,670.5862811279303,643.5986876437496,643.8041835804121,668.2651824638469,617.790322907247,643.027752685547,37.903613271650656,47.97304252205722,68.67773960340007,0.3567169117127378,1.7043317774475828,-1.347614865734845,16.257017021809695,15.032875882659381,38.70807886434445,53.66024561241797,-91.12830553627576,-1634202.0,51875.6,-1.0
2025-11-07,609.7743487742807,620.2447178047468,606.8825082207002,614.560791015625,1904996,641.731923828125,669.5937475585943,637.7911083181248,641.1456933472496,669.937988088442,614.6865602514016,642.3122741699218,36.39080756986069,47.97304252205722,68.67773960340007,-2.028974066520391,0.9576706086539882,-2.986644675174379,17.60201967723751,14.91354257561561,11.560396254764818,35.85167584796053,-87.00420641374555,-3539198.0,-38191.55,-1.0
2025-11-10,610.2729185699799,631.0142082050044,607.6802801891943,628.4215698242188,391199,641.3609729003906,668.6575796508795,635.9172006193436,639.9889548451558,670.1186449396162,613.6682752263994,641.8934600830078,44.15067076751373,42.63520628269316,68.67773960340007,-2.769279810416151,0.2122805248399603,-2.9815603352561113,17.849591479392018,15.514998678486645,11.260099039531179,20.509524719546814,-63.54429680214886,-3147999.0,-146489.25,-1.0
2025-11-11,638.1939424431589,654.098944275068,630.8647082305802,643.0801391601562,2473758,641.6740869140625,667.7840057373053,637.3497883275061,640.269971601065,669.5827416854264,613.5659887833234,641.5743652343749,50.96370358037082,42.63520628269316,68.67773960340007,-2.148388126437453,-0.25985320541552237,-1.8885349210219307,16.741051230583228,16.24088266222683,32.40638064160405,18.408958645300014,-38.73409555694871,-674241.0,-193480.8,-1.0
2025-11-12,647.4676950936573,665.516654299717,638.8421414868848,661.9766235351562,1155741,642.4309448242187,666.9529122924811,642.2751553690362,642.2433035950733,672.1168922019233,614.0183861183889,643.0676391601561,58.065498323296545,42.63520628269316,68.67773960340007,-0.13003961333220104,-0.23389048699885812,0.10385087366665707,16.362825456107736,16.986141958698642,63.857858369808554,35.84144601698126,-6.751057551927331,481500.0,-152684.95,1.0
2025-11-13,661.9766289830602,671.4997281204606,658.636106836325,660.2315673828125,1099229,642.9684228515625,666.1329986572272,645.8664377717915,643.8786003030496,673.4244638092695,616.3455252044022,644.8849945068358,57.24103562021697,42.63520628269316,68.67773960340007,1.3135627436239474,0.075600159125703,1.2379625844982445,16.328102171040882,16.691676196229857,83.60643108174717,59.95689003105325,-17.438324884803524,-617729.0,-130882.1,1.0
2025-11-14,660.2315670737227,664.7188683294016,648.6643259598067,652.5533447265625,491837,643.3423657226562,665.1808917236333,647.2038191627458,644.6672134324598,673.5301479542221,618.8624240672619,646.196286010742,53.63260992404444,42.63520628269316,68.67773960340007,1.81711306502973,0.42390274030650843,1.3932103247232215,15.613793616638516,16.646166637184507,88.10233374324007,78.5222077315986,-29.320951014743947,-1109566.0,-165674.9,1.0
2025-11-17,652.7028831951088,656.6417486817286,647.368004950379,650.3096923828125,486418,643.3473522949218,664.4708572387699,647.8249938067593,645.18016606431,673.931456474797,619.6328013377029,646.7821289062499,52.589361523725046,49.46149283730573,68.67773960340007,2.011943892669251,0.741510970779057,1.270432921890194,14.863886821159449,16.119565001053438,81.56248241858887,84.42374908119203,-32.79317149595706,-1595984.0,-264260.1,1.0
2025-11-18,648.2155556176327,651.1572429305608,639.739542501385,641.28515625,547823,643.0741247558593,663.868221740723,646.5170262954075,644.8260742630091,673.8826698835769,620.1253257218916,647.0039978027343,48.502612776859856,49.46149283730573,68.67773960340007,1.4217549761776809,0.8775597718587819,0.544195204318899,13.942920024980527,15.783717531633604,69.18045890058033,79.61509168746974,-46.759318827600396,-2143807.0,-374956.4,1.0
2025-11-19,642.4817546445576,644.2766628200594,629.0198520339237,633.0584106445312,713649,642.8038879394531,663.3311926269536,643.8253031652323,643.7562866613292,674.0745895418521,619.0309524503351,646.5527709960936,45.064629881763764,49.46149283730573,68.67773960340007,0.2868893098159333,0.7594256794502121,-0.4725363696342788,13.735888929804588,15.746081335526611,56.877676508339405,69.20687260916954,-59.490825410877655,-2857456.0,-537990.85,1.0
2025-11-20,633.3077320731913,634.5542045901539,629.1196331065297,632.8091430664062,173819,642.5067285156249,662.716532287598,641.6220711454671,642.7610917890635,674.2578708500608,618.1247158198609,646.1912933349608,44.96063942968682,49.46149283730573,68.67773960340007,-0.6254044442475788,0.482459654710654,-1.107864098958233,13.54364576999836,15.00954491753358,45.1455258926435,57.06788710052108,-59.876585705906884,-3031275.0,-708442.0,1.0
2025-11-21,631.2136605845874,637.9944586678896,624.9314514906885,627.4742431640625,299082,642.2005944824218,662.0734555053714,638.7925055491862,641.3713782776997,673.1287069191089,616.0629068504225,644.5958068847657,42.69009530321976,49.46149283730573,68.67773960340007,-1.7586134523846795,0.03424503329158729,-1.7928584856762668,13.620911078549943,14.870506507509834,36.206501818034425,46.076568073005774,-68.132743910515,-3330357.0,-945586.25,1.0
2025-11-24,631.2136706534635,644.6257268549392,628.4714311680023,637.894775390625,826462,641.9443200683594,661.5474212646487,638.612959517474,641.0553234697838,671.5477661985349,615.6345336061529,643.5911499023439,48.19348372387058,45.603712874141124,68.67773960340007,-1.7951465608872468,-0.33163328554417953,-1.4635132753430673,13.166768925847327,15.033433449178897,41.018341085161886,40.7901229319466,-52.00618779632797,-2503895.0,-1107018.4,1.0
2025-11-25,641.1854905062073,642.0330675092985,636.0001524383946,640.2381591796875,421080,641.5663903808594,661.0696795654301,638.9379994499167,640.9810358070478,669.757443882622,615.5950341447219,642.676239013672,49.3709234623014,45.603712874141124,68.67773960340007,-1.6163752574709633,-0.5885816799295363,-1.027793577541427,12.745065498337754,14.390539279302109,47.80088158025593,41.675241494484084,-48.37962541450816,-2082815.0,-1262825.8,1.0
2025-11-26,639.939013459156,647.168554320206,639.3905777043495,645.0245971679688,171609,641.2213659667968,660.6019363403323,640.1553189935271,641.3486322944042,668.5641725400357,615.7263120791052,642.1452423095704,51.781504068044974,45.603712874141124,68.67773960340007,-1.0760679265841873,-0.6860789292604664,-0.38998899732372083,11.935596741589322,13.918213374770279,61.78248631339236,50.20056965960339,-40.972253206749365,-1911206.0,-1392921.45,1.0
2025-11-27,648.8637252749235,648.8637252749235,636.3990004957944,638.1939086914062,180447,640.6071044921877,660.1102407836917,639.763036933103,641.0618392395862,666.6500206641269,615.72089608392,641.1854583740235,48.250788043378556,45.603712874141124,68.67773960340007,-1.1853855608964068,-0.7859402555876546,-0.3994453053087522,11.4169293804642,13.814392760795904,55.68663158854669,55.08999982739832,-52.18757057398052,-2091653.0,-1541676.5,1.0
2025-11-28,638.1939543466814,649.9606432073647,635.252266915781,646.4705200195312,408631,640.4286096191408,659.6298223876956,641.1045335503886,641.5535374923085,666.4063105605917,615.7302678085491,641.0682891845704,52.47890804125489,45.603712874141124,68.67773960340007,-0.5972821136165294,-0.7482086271934296,0.15092651357690023,11.027051393295727,13.878248727280747,56.94641726476592,58.13851172223498,-53.747335981352684,-1683022.0,-1651002.5,1.0
2025-12-01,649.6614546518111,650.2597370952735,637.2964233416687,643.6285400390625,293778,640.3139331054688,659.1339501953128,641.6093348481235,641.7421740874679,665.9813097376822,615.6915845494274,640.8364471435548,50.939852188268446,48.85752993740361,68.53472236289306,-0.3564213244333132,-0.6698511666414063,0.3134298422080931,10.6364865534077,13.812896229161035,51.16237133736121,54.598473396891265,-59.850160019835144,-1976800.0,-1753239.0,1.0
2025-12-02,640.1882746415441,645.3237656758129,632.9088874295737,635.5015258789062,350946,639.902098388672,658.604906921387,640.38777305428,641.1748424321441,664.0178365259246,615.6108438939973,639.814340209961,46.720268485077334,48.85752993740361,68.53472236289306,-0.8119597693371361,-0.6982728871805522,-0.11368688215658385,10.653026788163583,13.713037801809472,48.33931652125247,52.14936837445987,-77.30198505679702,-2327746.0,-1888440.2,1.0
2025-12-03,633.6069328493243,641.983191628136,629.5184664844438,634.4046630859375,235584,639.318748779297,658.1129263305668,639.1911510606117,640.5593715824889,663.5010115704456,615.0955887713515,639.2983001708985,46.16445938662787,48.85752993740361,68.53472236289306,-1.2471090327968568,-0.8080401163038132,-0.4390689164930436,10.95290544704956,13.623872611943948,37.70120031683524,45.73429605848297,-76.19043318732972,-2563330.0,-2017039.05,1.0
2025-12-04,629.2193460216023,643.1299919136809,629.2193460216023,640.5372924804688,337969,639.0604797363283,657.7220223999026,639.4603793445831,640.5573643913962,662.5886578954239,618.1768084131702,640.3827331542971,49.7629745534942,48.85752993740361,68.53472236289306,-1.0846132728918292,-0.8633547476214165,-0.22125852527041268,11.099956402649962,13.644356417667852,43.63219083665134,43.22423589157968,-50.78620393948946,-2225361.0,-2046597.0,1.0
2025-12-05,637.196776565247,642.1826668357106,629.3190455927472,637.9945068359375,433951,638.9836962890626,657.381603088379,639.167204842854,640.3243773408999,660.2132036517087,622.8956342389167,641.5544189453127,48.32074111837166,48.85752993740361,68.53472236289306,-1.1477848141495315,-0.9202407609270395,-0.22754405322249194,11.236503718564622,13.588589619474677,53.57360368204394,44.96899827851017,-50.190043357895895,-2659312.0,-2002602.7,1.0
2025-12-08,636.1995557463417,637.9944639504727,623.2362419145196,630.3660888671875,597646,638.8042041015625,657.038621826172,637.4069816477207,639.4190783887442,660.0406096552632,623.262680139659,641.6516448974611,44.18360519317831,47.49245555601729,68.53472236289306,-1.7927327848453842,-1.0947391657107086,-0.6979936191346756,11.920633693455652,13.672137855327763,48.075689238981866,48.427161252559046,-73.6161184740242,-3256958.0,-2008050.65,1.0
2025-12-09,626.2277649172875,633.2080107045821,621.890065094634,625.3801879882812,194493,638.6097534179688,656.730177307129,635.0016229158329,638.1428156250657,660.5192589909309,621.0140356868037,640.7666473388673,41.67225624546631,47.49245555601729,68.53472236289306,-2.6753395808890446,-1.4108592487463758,-1.2644803321426688,12.67428287594067,13.503981266372072,24.259515754581848,41.969602891869215,-87.69769740880832,-3451451.0,-2146911.15,1.0
2025-12-10,626.177961872281,632.4601713464976,624.233452523307,627.573974609375,645188,639.0066296386719,656.3802017211915,633.5160932545413,637.1820118963665,656.9250131779288,621.1680166072274,639.0465148925781,43.20198522726922,47.49245555601729,68.53472236289306,-3.161349510227751,-1.760957301042651,-1.4003922091851002,13.37409997396247,13.127033949001968,9.804250913298283,27.379818635620662,-79.96483880880656,-2806263.0,-2311299.3,1.0
2025-12-11,625.629508350688,642.0829455296664,623.3858578262818,639.04150390625,171610,639.5361303710937,656.0900518798827,634.621175384883,637.3510566245377,652.8338505887483,623.1401728487516,637.98701171875,50.5087906411855,47.49245555601729,68.53472236289306,-2.5913110834890176,-1.9270280575319245,-0.6642830259570931,12.73043294724215,13.524894931457867,31.97494646017279,22.012904376017637,-39.54304860757867,-2634653.0,-2412145.5,1.0
2025-12-12,639.0415250214257,650.8581213581575,638.0942545701538,645.1741943359375,777102,640.0177685546873,655.8109097290038,636.731779175094,638.0622509619377,651.2584810308215,623.9776273676159,637.6180541992187,53.922665527935884,47.49245555601729,68.53472236289306,-1.6259516996760794,-1.8668127859607555,0.24086108628467606,12.454704456901393,13.470535778354,65.30827979350613,35.695825722325736,-19.621361442110974,-1857551.0,-2449544.75,1.0
2025-12-15,645.1741485995142,659.3340879902006,645.1243018734416,658.4864501953125,758214,640.5911450195312,655.5473226928711,641.0827133791377,639.91899634679,653.619469358699,622.4343148209884,638.0268920898437,60.320982375469015,48.79746857357754,68.53472236289306,0.2108597003517616,-1.451278288698252,1.6621379890500136,12.95717246346928,13.523339373954357,93.92313352523254,63.735453259637154,-2.2637465991627193,-1099337.0,-2424712.4,1.0
2025-12-16,656.1431494727284,659.3341313691914,640.9860311117171,644.5260009765625,494479,640.8075329589842,655.2181628417969,641.7713708986226,640.3378149494965,653.9900481457519,622.3878205065917,638.1889343261718,52.14364034443313,48.79746857357754,68.53472236289306,0.5338999228054035,-1.054242646397521,1.5881425692029245,12.931014115534019,13.867965151348635,85.38355564873338,81.53832298915735,-39.54733517468093,-1593816.0,-2397212.85,1.0
2025-12-17,640.1882969973535,651.1074086280694,640.1882969973535,644.6755981445312,888872,641.0468554687499,654.9541934204101,642.3522163478044,640.7321588763178,654.6307936841545,622.9087937181891,638.7697937011718,52.21839068790137,48.79746857357754,68.53472236289306,0.792843461798725,-0.6848254247582718,1.4776688865569967,12.811480001368949,13.657332757017722,70.9007224673793,83.40247054711507,-39.14781348045084,-704944.0,-2289587.25,1.0
2025-12-18,644.6756036127315,658.3868016787409,639.4404188966188,655.2456665039062,952822,641.533477783203,654.8022915649414,644.9309063790248,642.0515686606441,657.094550600167,622.6886891459266,639.8916198730468,57.29413945646496,48.79746857357754,68.53472236289306,1.8298805371221079,-0.1818842323821958,2.0117647695043037,13.361292456976534,14.035122044525178,65.49044600863078,73.92490804158115,-10.918859173324247,247878.0,-2125629.6,1.0
2025-12-19,656.1431270861725,663.4225143478282,642.1327882928579,652.3040161132812,664090,642.0021508789061,654.6934057617186,646.4055283258762,642.9836093381565,658.1456078044941,624.1206092365214,641.1331085205078,55.526326820939936,48.79746857357754,68.53472236289306,2.386859063127531,0.3318644267197496,2.0549946364077813,14.281027030195112,14.553308045271258,71.53676869563482,69.30931239054829,-26.770629795428714,-416212.0,-1979922.35,1.0
2025-12-22,651.6558406754582,661.278632981632,650.409368141649,657.1403198242188,363035,642.4090002441405,654.7326095581054,648.5524866255447,644.2705830187076,660.4600763464312,623.7306951379437,642.0953857421874,57.83008027856499,50.1231821041749,68.53472236289306,3.1818395825157495,0.9018594578789496,2.2799801246367997,15.13506627675522,14.290162102036382,81.56728329404724,72.86483266610428,-15.125990969883041,-53177.0,-1857386.45,1.0
2025-12-23,657.1403316482978,660.1817125129331,653.7998095427489,656.6915893554688,188354,642.5535913085937,654.7737997436523,650.1803071715295,645.3997654129587,662.3741234996143,623.4619910023388,642.9180572509765,57.53229626131174,50.1231821041749,68.53472236289306,3.7326311248995125,1.4680137912830622,2.2646173336164503,15.928102719989605,13.72528644976123,81.99297243260924,78.36567480743042,-16.20642440643384,-241531.0,-1765322.25,1.0
2025-12-24,656.691594626599,659.1346930290179,649.6615015255751,651.107421875,810149,642.9335168457031,654.7738818359375,650.3657301122237,645.9186432731442,663.0043599646933,623.4400370079627,643.222198486328,53.81835070372287,50.1231821041749,68.53472236289306,3.676165199551292,1.9096440729367083,1.7665211266145837,16.043448186839534,13.421565382167053,78.9400809458833,80.83344555751326,-29.651736640311512,-1051680.0,-1722345.95,1.0
2025-12-26,649.1130414741187,654.3980727845959,646.969084395258,652.8026123046875,130024,643.5118798828125,654.6677377319335,650.8531065507165,646.5444586396482,664.029674784688,623.8755925492962,643.9526336669921,54.772833155422575,50.1231821041749,68.53472236289306,3.7252607601276395,2.272767410374895,1.4524933497527446,15.764038702467127,12.99352416839354,73.47545903403447,78.13617080417566,-25.570131870621392,-921656.0,-1663846.1,1.0
2025-12-29,656.043416976312,657.5890306717612,649.4620057946853,653.7000122070312,495480,644.0593298339845,654.509849243164,651.4224876819794,647.1949635094103,664.8373908908538,623.7908256618807,644.3141082763673,55.299532507256906,50.22024784023449,68.53472236289306,3.7928602854370865,2.5767859853873336,1.216074300049753,15.852900315687524,12.645917076156564,69.48454523382824,73.96669507124867,-23.40941195527777,-426176.0,-1601003.8,1.0
2025-12-30,653.7000380587577,653.7000380587577,636.1995760012136,641.933349609375,353685,644.126140136719,654.3374157714843,649.5246600674586,646.7166349730434,664.7785384612524,623.6801590485132,644.2293487548828,47.49011583105397,50.22024784023449,68.53472236289306,2.863948250063686,2.634218438322604,0.22972981174108176,15.168664116882425,12.992670289112821,56.123878103902804,66.36129412392184,-53.6737245451264,-779861.0,-1541156.85,1.0
2025-12-31,643.1798346031646,651.9051424369285,639.8891592498715,649.1629028320312,218477,644.3724426269532,654.211082458496,649.4523086203732,646.9390229602241,665.1458557483919,624.6789794566865,644.9124176025392,51.97741959919943,50.22024784023449,68.64021839890853,2.680247074868362,2.643424165631756,0.036822909236605916,14.53330193227769,12.922906924680264,44.36506051592808,56.6578279512197,-35.61638946579588,-561384.0,-1452838.75,1.0
2026-01-01,648.2155722887785,650.558977198936,640.337902295884,648.3651733398438,148160,644.4980871582032,654.0601092529296,649.2348815642673,647.0686729947349,665.2727282321122,625.9481579983568,645.6104431152345,51.45490305424028,50.22024784023449,68.64021839890853,2.4421409858101697,2.603167529667439,-0.1610265438572691,13.943322760859008,12.729918923135388,30.307356797717738,43.59876513918287,-55.311226202945605,-709544.0,-1360149.45,1.0
2026-01-02,648.2654267077726,658.9850907576404,645.7226348499224,656.5420532226562,290442,644.828154296875,653.9758972167969,650.6963158959451,647.9298893790914,666.501692706032,626.3196695986557,646.4106811523438,56.30382714305489,50.22024784023449,68.64021839890853,2.8800466789284656,2.658543359519644,0.2215033194088214,13.534367621295381,12.767957279176999,44.85486163013171,39.8424263145925,-25.274498430576486,-419102.0,-1269836.5,1.0
2026-01-05,656.492102441258,662.7244648509416,651.3068256067327,653.5504760742188,394685,644.711484375,653.9284799194335,651.2671479315998,648.440851805921,667.1113668093501,627.2655924191656,647.1884796142579,54.171904751119854,50.990599472330835,68.64021839890853,2.9516698092292017,2.717168649461556,0.23450115976764563,13.555727119252607,12.67150599096499,54.737621306841106,43.299946578230184,-36.26367641844617,-813787.0,-1177560.25,1.0
2026-01-06,652.1544365803185,657.6887625163295,648.2654178885717,653.7998046875,394368,644.6277221679687,653.8377719116211,651.7736792827798,648.9280293406101,666.82000317222,629.9003276383272,648.3601654052736,54.327125016932534,50.990599472330835,68.64021839890853,2.9940369966013805,2.772542318889521,0.22149467771185938,13.16198328125903,12.439494465021614,66.4782171640027,55.3569000336585,-35.347799483683694,-419419.0,-1035683.3,1.0
2026-01-07,657.1403180352172,677.034031793237,650.5090598282385,654.8966674804688,2460325,644.5549279785156,653.7525482177734,652.3982769223176,649.47063280787,664.9824464506054,634.6895323091604,649.8359893798829,55.048442120413625,50.990599472330835,68.64021839890853,3.08060960840794,2.834155776793205,0.2464538316147351,14.493556279527882,13.445600000734247,67.94712078008375,63.05431975030918,-54.21246318432029,2040906.0,-761065.45,1.0
2026-01-08,655.0961336580958,657.3896310058967,628.9700565141743,631.114013671875,822090,644.0643176269531,653.3946453857421,648.1414242722291,647.8018492500522,664.1104752254814,635.9155074405344,650.0129913330079,40.21732777538569,50.990599472330835,68.64021839890853,1.2161387342556509,2.5105523682856945,-1.2944136340300436,13.503121624236732,14.515169607233403,46.40678585280624,60.27737459896423,-95.53936780041032,1218816.0,-559811.5,1.0
2026-01-09,631.1139884854313,634.2052159791571,617.5523309970583,625.1309204101562,944886,643.4191442871092,653.0147891235351,643.5393234998145,645.7408557191526,666.6870011204348,631.9479231959715,649.3174621582032,37.48145831239559,50.990599472330835,68.64021839890853,-0.7357719684708854,1.8612875009343786,-2.5970594694052638,13.348896076197382,14.667863562580926,24.366061500914387,46.23998937793479,-87.2589564325558,273930.0,-414382.35,1.0
2026-01-12,623.9342959999325,633.6567816437181,618.1007680959115,632.0114135742188,567837,643.0830944824219,652.6118600463867,641.2337415146953,644.4927246150677,667.6149439076161,629.7037023326183,648.6593231201172,42.339271040105814,44.72897738446712,68.64021839890853,-1.7077906202720214,1.1474718766930987,-2.8552624969651204,13.205686638732272,14.731302847239904,8.07582662311762,26.28289132561275,-75.69154482198444,841767.0,-279416.45,1.0
2026-01-13,630.2165009389205,634.5542009277484,619.5965308105273,628.3218383789062,536398,642.6842236328124,652.1700805664061,638.6513608875375,643.0226440481439,667.5590093423616,626.7431757162321,647.1510925292969,40.5210202597723,44.72897738446712,68.64021839890853,-2.744206780479999,0.36913614525847915,-3.113342925738478,12.987382869580385,14.74747193795285,13.458716125005825,15.300201416345944,-81.89441922861124,305369.0,-209181.15,1.0
2026-01-14,628.3218542519807,631.2635416219321,624.6323442201917,627.7235717773438,349627,642.1198217773438,651.7544204711913,636.4658030654988,641.631819296253,668.4812021848142,624.1407399538576,646.3109710693359,40.21940788569909,44.72897738446712,68.64021839890853,-3.5726657029273383,-0.41922422437868434,-3.153441478548654,12.784672226796488,14.1677380425091,18.30746744838464,13.280670065502694,-82.90021864852449,-44258.0,-131703.25,1.0
2026-01-15,627.7235717773438,627.7235717773438,627.7235717773438,627.7235717773438,0,641.7797839355469,651.3091519165039,634.7173568078678,640.3674331581702,669.1417603416405,621.7849791603126,645.4633697509765,40.219407885699084,44.72897738446712,68.64021839890853,-4.181029067204577,-1.171585192943863,-3.0094438742607137,12.596440915640013,13.155756753758451,15.080392148645819,15.61552524067876,-82.90021864852449,-44258.0,-98668.95,1.0
2026-01-16,624.1836040415441,633.8562431669654,623.2362727344043,625.330322265625,332682,641.9094177246095,650.8551516723633,632.8399498994193,639.0004230770298,668.79570308671,619.1395019914149,643.9676025390625,38.87688161633339,44.72897738446712,68.64021839890853,-4.800934466735953,-1.8974550477022811,-2.9034794190336717,11.761656706402828,12.974629159387213,12.16871711236167,15.185525569797374,-86.92372416313563,-376940.0,-129909.85,1.0
2026-01-19,620.3444336040986,626.9756919074116,618.2005373383884,623.73486328125,265384,642.092899169922,650.3600817871094,631.0189325757855,637.6126449137771,668.6043358888622,616.4739539060594,642.5391448974608,37.96701870075334,44.77533916126552,68.64021839890853,-5.359176912794965,-2.589799420720818,-2.7693774920741467,11.475279908663053,12.67466668864693,8.179865327888281,11.80965819629859,-89.60599276510793,-642324.0,-141215.45,1.0
2026-01-20,620.7432926291286,623.9841210645417,601.5974632381052,604.2898559570312,1044681,641.6102648925782,649.8078457641603,625.6731172520347,634.5833004631638,670.1143494405926,609.6788939676103,639.8966217041014,29.045000875519417,44.77533916126552,68.64021839890853,-7.286641784855306,-3.5291678935477155,-3.75747389130759,12.506859694002038,13.368380341346183,3.3311140045094807,7.893232148253143,-96.43091835896757,-1687005.0,-222906.85,-1.0
2026-01-21,604.2898487920859,608.8269963752855,593.4205845924096,599.1543579101562,579111,640.7317492675783,649.2000747680665,620.369365383659,631.3624875037995,671.2007399179827,602.838780345689,637.0197601318358,27.225345554427733,44.77533916126552,68.64021839890853,-9.123394542660549,-4.648013223370282,-4.475381319290267,13.965147541351058,13.513954015741167,0.8598995389054269,4.123626290434396,-93.142522513185,-2266116.0,-324136.1,-1.0
2026-01-22,604.9380732830869,607.2814172969479,586.3406787694669,590.9276733398438,982067,639.310770263672,648.4367169189454,614.4810269748959,627.6865953070761,673.1987144478951,594.8228309622609,634.010772705078,24.569841032847787,44.77533916126552,68.64021839890853,-11.114735278257626,-5.941357634347751,-5.173377643909875,15.707506802525637,14.044438623722584,0.0,1.3970045144716356,-94.94230346828763,-3248183.0,-433961.25,-1.0
2026-01-23,561.4112105130422,596.2625935691611,537.5786321159017,542.265380859375,4138289,636.9514465332032,647.5420126342775,600.0378977517918,619.9210303572851,684.2044731662622,572.7633490993626,628.4839111328124,15.154077397637993,44.77533916126552,68.64021839890853,-16.430131148996338,-8.03911233727747,-8.391018811718869,18.978281456491246,17.23297596868951,0.0,0.2866331796351423,-96.6392489969429,-7386472.0,-757202.05,-1.0
2026-01-27,528.5043464333945,536.9803595365715,479.99164222914897,488.3180847167969,6309793,633.6667413330081,646.5146678161623,577.6939351447928,607.9571262081498,702.7926988279751,537.6369306886265,620.2148147583008,10.39712904060155,32.53309156687219,68.64021839890853,-24.71086514286901,-11.373462898395779,-13.337402244473232,22.904138990634387,20.450173301656402,0.0,0.0,-95.77428871723069,-13696265.0,-1420706.5,-1.0
2026-01-28,481.5372489581951,489.2653784396504,474.8062974743469,478.944580078125,1783290,630.2394390869142,645.4504078674317,557.9440641314593,596.2287129236021,715.2239924778564,508.90676008562036,612.0653762817384,9.820308062267348,32.53309156687219,68.64021839890853,-31.664758355479762,-15.431721989812576,-16.233036365667186,26.606135326101782,20.022238134774057,0.0,0.0,-97.73348283014943,-15479555.0,-2155691.2,-1.0
2026-01-29,480.6398016867498,482.4845870948682,468.2748004267433,471.3660583496094,840398,626.8410571289064,644.3651742553711,540.6284629750894,584.8775625077845,722.2841188811316,484.066949234103,603.1755340576173,9.367793950654537,32.53309156687219,68.64021839890853,-37.35666778124744,-19.81671114809955,-17.539956633147888,30.11514748091968,19.6070630300134,0.0,0.0,-98.1409255063754,-16319953.0,-2943619.65,-1.0
2026-01-30,467.1779091930455,478.24659146299314,466.380178937978,472.1139526367188,1064162,623.6221679687502,643.2334204101563,526.9255609074153,574.6263252467786,724.9240062475055,463.80193979741654,594.362973022461,9.809474558248235,32.53309156687219,68.64021839890853,-41.3307628835895,-24.11952149519754,-17.21124138839196,33.39468892405986,19.054159422513525,0.4465279756756857,0.14884265855856188,-96.5905711055126,-15255791.0,-3670932.0,-1.0
2026-02-02,465.7818635606224,469.5711278992838,454.2145923347412,466.4300231933594,1057493,620.2945855712891,641.9757124328613,514.8264533646042,564.7902977873769,723.7726001766105,445.9421428653816,584.857371520996,9.433222399994627,26.054167225978333,55.469730612722,-44.426783185651516,-28.180973833288338,-16.245809352363178,36.5733372052229,18.971673771046675,0.5165351168204217,0.3210210308320358,-93.22642931637603,-16313284.0,-4465641.1,-1.0
2026-02-03,511.502476425518,511.502476425518,473.2108161951528,476.6510925292969,1991438,617.2781225585937,640.7305441284179,507.19138119754274,556.7776427639151,718.9794800256144,433.0453246618855,576.01240234375,15.695285723805037,26.054167225978333,55.469730612722,-45.53079603157232,-31.650938272945133,-13.879857758627189,36.67521812758406,20.836015161126102,7.353013522210056,2.772025538235388,-87.51041304139976,-14321846.0,-5141044.05,-1.0
2026-02-04,476.3519407691999,476.6012352681514,467.67648003310313,471.2663269042969,721280,613.9455535888673,639.4691508483887,500.0063703388936,549.0038867766771,712.2295799243016,421.5418769848782,566.8857284545899,15.102821956095411,26.054167225978333,55.469730612722,-46.30644784354365,-34.58204018706484,-11.72440765647881,36.90663070560036,19.988772113630933,13.102842099674495,6.990796912901658,-90.50791701670506,-15043126.0,-5872229.4,-1.0
2026-02-05,471.8147822273156,473.6595676824759,455.7103630124031,458.2033081054688,1127623,610.304856567383,638.1543855285646,491.6457578922087,540.7492887156582,703.9305286033913,410.17159236828854,557.0510604858399,13.747115735091691,26.054167225978333,55.469730612722,-47.42850762498273,-37.15133367464842,-10.277173950334308,37.40951322601722,19.84308872480535,17.979697242732254,12.811850954872266,-97.77962641055173,-16170749.0,-6782812.15,-1.0
2026-02-06,455.9596334890969,456.7075169775974,437.76113526891976,446.38671875,1648109,606.3320989990236,636.7253007507326,482.59395006376695,532.1708732642346,698.2733370627161,397.35605441677603,547.8146957397461,12.641651784513066,26.054167225978333,55.469730612722,-48.70975238666057,-39.46301741705085,-9.246734969609719,38.268041598791065,19.88588044707276,14.959007391596137,15.347182244667628,-95.44137426088203,-17818858.0,-7734695.85,-1.0
2026-02-09,447.73294231527854,455.6605199475647,447.28420002233446,454.214599609375,983116,602.6525128173829,635.2684248352051,476.9180799728886,525.083939295611,690.6499763567048,387.88778304270943,539.2688796997071,17.381320550588182,24.154340398779286,55.469730612722,-48.53403340048476,-41.27722061373763,-7.256812786747126,39.065246516366784,19.127874786393612,22.33762386949028,18.425442834606223,-91.16464368232567,-16835742.0,-8590179.45,-1.0
2026-02-10,457.7047020525902,460.596512166631,449.1289651653134,451.5221862792969,1212306,598.7535461425782,634.2745617675782,471.8389012341703,518.3965072032188,679.8555701690841,380.63326650083786,530.244418334961,17.03889418809758,24.154340398779286,55.469730612722,-48.058046843339184,-42.63338585965794,-5.4246609836812425,39.48265915851728,18.58070851603104,31.70982093461498,23.002150731900464,-91.95570003191885,-18048048.0,-9534670.2,-1.0
2026-02-11,451.1732191274262,459.20049022589245,448.5306729601122,453.8157348632813,3094409,594.9572900390625,633.4081130981448,468.2342679599925,512.525527899588,667.3533044456932,375.6849218726662,521.5191131591797,18.511650325916616,24.154340398779286,55.469730612722,-46.95449171245616,-43.49760703021759,-3.4568846822385737,39.88573257072015,18.01564485529884,47.943648781415405,33.99703119517355,-90.52939306005455,-14953639.0,-10297620.6,-1.0
2026-02-12,456.0095048470084,456.0095048470084,438.7583369530296,445.0904235839844,1271668,591.1490679931641,632.5634751892092,463.6054990847909,506.3950638708968,652.999178044978,371.77573345404545,512.3874557495117,17.256578261087704,24.154340398779286,55.469730612722,-46.250825296437995,-44.048250683461674,-2.2025746129763206,40.5136244927605,17.961039358061697,63.12672555154087,47.59339842252375,-95.37588587911847,-16225307.0,-11106673.05,-1.0
2026-02-13,442.2982868597706,442.2982868597706,425.2964142425855,433.124267578125,1227781,587.1234600830079,631.5995402526855,457.5092527834578,499.73408238973576,636.4303986627287,368.8845824163728,502.6574905395508,15.685886361904867,24.154340398779286,55.469730612722,-46.12700991915409,-44.46400253060016,-1.663007388553929,41.417739053837806,18.091965785442923,71.83986090561908,60.97007841285845,-92.99106660770785,-17453088.0,-11977114.55,-1.0
2026-02-16,435.81665223183296,444.741407903832,431.5786455421664,433.8222961425781,853243,582.98916015625,630.613468322754,452.7718614552819,493.7421018218123,616.9309369574441,369.23324150935275,493.08208923339845,16.165248378094372,23.21458853273518,55.469730612722,-45.44865644840081,-44.66093331416029,-0.7877231342405224,42.07314906260088,17.739879826601687,76.56992224108255,70.51216956608083,-90.1098812727342,-16599845.0,-12788259.8,-1.0
2026-02-17,434.8194493010715,435.8665044468792,429.4346942545622,431.6783447265625,721200,578.8628369140625,629.6579791259767,448.553158109538,488.09994208588046,593.7077707458378,373.2507558654904,483.4792633056641,15.866860773215045,23.21458853273518,55.469730612722,-44.570276987995385,-44.64280204892731,0.07252506093192324,42.736992693464344,16.932160567009927,71.50379758193465,73.30452690954542,-92.59688898625912,-17321045.0,-13622195.85,-1.0
2026-02-18,435.41776580779015,437.31239791364055,427.0414767288228,431.9276428222656,1839096,574.8940679931641,628.6865684509278,445.22805505208356,482.9933694255518,571.4241639297239,378.29814136812774,474.86115264892584,16.060883005822998,23.21458853273518,55.469730612722,-43.35427754000921,-44.38509714714369,1.0308196071344824,43.417587605789336,16.4563577539962,72.80643507601488,73.62671829967735,-92.30770039628025,-15481949.0,-14311943.05,-1.0
2026-02-19,434.3707405514727,440.3538085193126,430.5315991858173,436.9634094238281,1609859,571.1257324218751,627.792338256836,443.5751259264325,478.8088276072133,544.8380820241356,388.66512842508325,466.7516052246094,20.070675177776497,23.21458853273518,55.469730612722,-41.505792003826855,-43.80923611848033,2.303444114653473,43.78138803446556,15.98249000967471,81.3600906728308,75.2234411102601,-86.46615460002707,-13872090.0,-14892241.75,-1.0
2026-02-20,436.7639653245321,443.2456223441884,434.271020316972,441.4507141113281,1620743,567.4032672119142,626.9083525085449,443.15024356341166,475.4126354712237,511.72599934225934,406.8295151841078,459.27775726318356,23.574176175599582,23.21458853273518,55.469730612722,-39.226586243953875,-42.89270614357504,3.6661198996211652,43.857965435991396,15.481926582356259,91.00149886415227,81.72267487099931,-81.26083078187403,-12251347.0,-15342399.95,-1.0
2026-02-23,444.3425243125126,447.3839050496916,435.3679222837065,445.688720703125,1085448,563.5362115478516,626.0978074645996,443.65793899135434,472.71046140139657,489.68571615717053,419.21213235357175,454.44892425537114,26.835955377539754,25.18265998196719,55.469730612722,-36.655782501756676,-41.64532141521137,4.989538913454695,43.55074971142317,15.234359166901175,99.99999999999999,90.78719651232768,-60.25265062248688,-11165899.0,-15531371.3,-1.0
2026-02-24,445.68872563989737,446.5861797664273,433.423417805795,435.8665161132813,651929,559.3500579833985,625.2212324523925,442.0996544157398,469.3610118297497,484.13530547978746,419.51738617060334,451.8263458251954,24.252489192075004,25.18265998196719,55.469730612722,-35.00742799863525,-40.317742731896146,5.3103147332608955,43.34390971238761,15.086387937881968,93.93309161304691,94.97819682573305,-78.14430797232201,-11817828.0,-15437449.45,-1.0
2026-02-25,435.9163736745577,439.3566500817859,429.4347164208793,432.37640380859375,1063281,554.8278570556641,624.2699803161621,440.15500429431063,465.9987747369173,480.25282199714957,418.74305202628807,449.4979370117188,23.390809071271292,25.18265998196719,55.469730612722,-33.595450631621816,-38.97328431184128,5.377833680219467,43.315393367788936,14.717498346669444,85.84264818577192,93.2585799329396,-79.94342797223364,-12881109.0,-15307527.15,-1.0
2026-02-26,432.8749921978915,438.6087659139516,423.3519236801686,424.6981201171875,1977089,550.4312994384766,623.2611778259277,437.063627458886,462.24416977148735,478.0148420825106,416.31423811768474,447.16454010009767,21.5746921801809,25.18265998196719,55.469730612722,-32.71885907864231,-37.72239926520149,5.003540186559178,43.53176197246863,14.756022910034694,70.11400653646498,83.29658211176127,-96.38552473869274,-14858198.0,-15234439.4,-1.0
2026-02-27,423.8006617442436,426.04431230641904,416.920139439864,421.0085754394531,870034,545.9579589843751,622.1771987915039,433.8526170549995,458.4954793776661,475.2234877568908,413.99505472357794,444.60927124023436,20.741339831362186,25.18265998196719,55.469730612722,-31.953528986313643,-36.56862520942392,4.615096223110278,43.976206147414075,14.353747906929007,57.96095132907749,71.30586868377146,-90.63925013836246,-15728232.0,-15258061.45,-1.0
2026-03-02,411.9840935374446,415.474216613042,404.2061171415536,411.0866394042969,1403365,541.0747784423828,621.0560505676268,429.299421524859,454.1855848346325,474.1117580741242,409.5724460274383,441.84210205078125,18.654556682828282,23.584431475332178,52.347417928283896,-31.781262085028004,-35.61115258454474,3.829890499516736,44.8165439137098,14.52865579199833,41.59295513222902,56.55597099925716,-87.48867951964581,-17131597.0,-15298977.1,-1.0
2026-03-04,408.7432639006651,408.7432639006651,398.5221892059437,399.5692443847656,846689,536.0200830078124,619.8422326660155,423.3533860968403,449.2204629755537,471.15288940579103,404.82312988131844,437.98800964355473,16.570461112314078,23.584431475332178,52.347417928283896,-32.202882068940255,-34.92949848142385,2.726616412483594,45.768373075174516,14.38835539245225,26.632715690811597,42.06220738403937,-98.1786326824521,-17978286.0,-15481799.1,-1.0
2026-03-05,400.9154228877205,403.8571103082283,396.37827493215,402.560791015625,614262,530.9284924316405,618.6602917480467,419.1948670805973,444.9786746155602,467.43590026834704,401.6695654298952,434.5527328491211,19.098679050907148,23.584431475332178,52.347417928283896,-31.927584808644156,-34.32911574686791,2.4015309382237575,46.71668397863554,13.894818248425537,21.7219515267762,29.98254078327227,-87.87875756219954,-17364024.0,-15597844.0,-1.0
2026-03-06,402.560763934196,406.3001813706737,396.8768372581671,398.5720520019531,498160,525.7661016845702,617.5255863952635,415.07030406486854,440.7598907415959,466.1928948079667,396.9494452799239,431.5711700439453,18.302291151514286,23.584431475332178,52.347417928283896,-31.66623895840712,-33.79654038917575,2.1303014307686325,47.304393352590594,13.575427238717044,20.247943263295653,22.867536826961146,-95.69895114569199,-17862184.0,-15682415.75,-1.0
2026-03-09,395.4808215796833,399.2700860053722,385.95775292251767,397.5250244140625,809950,520.6944537353515,616.3316542053223,411.56124813470734,436.82944834818375,466.1598482565725,392.09632239772435,429.1280853271484,18.089062981249988,21.938689065784676,52.347417928283896,-31.1841355618605,-33.2740594237127,2.089923861852199,48.20537138104889,13.55663479901258,24.35640998131756,22.108768257129803,-81.1688163901322,-18672134.0,-15725079.55,-1.0
2026-03-10,396.97658273716,410.288915621465,396.97658273716,408.14495849609375,675580,515.8013006591797,615.2119703674316,410.8779902069847,434.22176745253915,463.00763879352934,390.6415677494394,426.82460327148436,27.33616813370368,21.938689065784676,52.347417928283896,-29.603870232530937,-32.540021585476346,2.9361513529454086,47.81846923300601,13.53918466224775,47.487137739693516,30.697163661435575,-63.87987069800385,-17996554.0,-15783120.15,-1.0
2026-03-11,407.84580685928097,415.6736603388375,404.35568381769787,406.9981994628906,614892,510.8672644042969,614.0758535766602,410.1020320581659,431.74689763529835,459.85014131077537,389.3466665505525,424.59840393066395,26.981948811041907,21.938689065784676,52.347417928283896,-28.11988392607492,-31.655994053596064,3.5361101275211446,46.9149423977402,13.380526937882887,72.3228336228139,48.055460447941655,-65.74676125437293,-18611446.0,-15811290.05,-1.0
2026-03-12,406.1506072602335,407.4469569830487,395.0819552594536,402.9596557617188,632047,506.0877905273438,612.8553506469727,408.6735567988765,429.1298756467911,455.7352663413428,388.37593360982896,422.0555999755859,25.718056539168217,21.938689065784676,52.347417928283896,-26.958925104573837,-30.71658026379162,3.7576551592177836,46.492997386263795,13.30798942257662,93.89316802176096,71.23437979475612,-72.32139365656313,-19243493.0,-16025782.75,-1.0
2026-03-13,404.7545601692656,426.79220092973287,403.8571060199575,419.6623840332031,9786652,501.4977801513672,611.6984565734863,410.87132224574185,428.2691945910104,452.6748492433101,388.8935467527835,420.7841979980468,38.54055586184946,21.938689065784676,52.347417928283896,-24.40970639251492,-29.455205489536283,5.045499097021363,44.40635268901729,14.059743404393581,93.89316802176096,86.70305655544527,-45.12983486104596,-9456841.0,-15687359.45,-1.0
2026-03-16,423.1524935907513,424.997278991013,404.3058353343203,408.9925537109375,1806446,496.71032775878905,610.5076206970214,410.495568538781,426.5167726928219,451.3281642338063,387.82706037556864,419.5776123046875,34.44956971030301,27.08909516884338,52.347417928283896,-22.985436528233436,-28.161251697275716,5.175815169042281,42.46875404157411,14.533436279557803,88.78301893609647,92.18978499320613,-62.0065998945942,-11263287.0,-15377869.4,-1.0
2026-03-17,408.3444008836103,414.1280212510146,406.6491860699961,409.8900146484375,818059,491.77728698730465,609.3337126159668,410.3744577607123,425.00524923424155,449.6717036866949,387.09029277326596,418.38099822998043,35.073839731649144,27.08909516884338,52.347417928283896,-21.536020958317977,-26.83620554948417,5.300184591166193,40.66955529751973,14.02953620109071,88.53334897898486,90.40317864561409,-55.18210487654988,-10445228.0,-15070138.55,-1.0
2026-03-18,410.9370621085977,425.1468486854428,410.9370621085977,418.6651916503906,894457,487.0795812988281,608.2096517944335,412.032604538648,424.42888036298234,448.3916771498488,387.069004002495,417.7303405761719,40.99133273177911,27.08909516884338,52.347417928283896,-19.455000099016786,-25.359964459390696,5.90496436037391,38.1032602400608,14.117200332227469,88.53334897898486,88.61657229802205,-37.878804472015915,-9550771.0,-14681624.85,-1.0
2026-03-19,413.82888299979,418.6153253775656,405.103575225698,406.6990661621094,575439,482.1375665283203,607.0135688781738,410.9658968633403,422.8170790719939,446.74434900774304,386.19347447858513,416.4689117431641,36.1525185769101,27.08909516884338,52.347417928283896,-18.55742396502245,-23.999456360517048,5.442032395494596,36.111185284731725,14.07751576740355,88.13549788519623,88.40073194772198,-49.20633374075037,-10126210.0,-14413837.9,-1.0
2026-03-20,406.69906749141154,416.620970676648,406.69906749141154,413.57958984375,1084878,477.3112249755859,605.891449432373,411.4886354594222,421.9773073239717,444.0082141978936,386.5912273304268,415.2997207641602,40.5016679069293,27.08909516884338,52.347417928283896,-17.093840501220484,-22.618333188657736,5.524492687437252,34.26140139764044,13.780686392198916,92.72687851775707,89.79857512731272,-32.35653163145069,-9041332.0,-14172300.0,-1.0
2026-03-23,407.64637635572194,413.5297512202557,394.8825094354429,396.727294921875,728256,472.62349060058585,604.6534693908691,408.53636735191276,419.68185165105376,440.11474849313413,386.012351116241,413.06354980468757,34.332962041641466,26.545100803624376,52.347417928283896,-17.09669931393296,-21.51400641371278,4.417307099779823,33.30640641964995,14.131857393349502,83.63851782655433,88.16696474316922,-73.62633138213496,-9769588.0,-14048212.05,-1.0
2026-03-24,401.36415045024233,405.00384411337535,393.9351620767789,397.7244567871094,908836,468.0753613281249,603.4239584350586,406.3739852389521,417.6857248452406,433.7521402334135,387.57853298436004,410.6653366088868,34.96415944837705,26.545100803624376,52.347417928283896,-16.82455926838776,-20.576116984647776,3.7515577162600167,32.47705210978447,13.913059153581427,81.47096148815518,85.9454526108222,-71.18436898543945,-8860752.0,-13932954.7,-1.0
2026-03-25,400.86556640625,422.1054461850426,400.86556640625,417.56829833984375,2747812,463.78649902343744,602.2969012451172,408.61284785913045,417.6750497083863,429.89496958724095,389.6058818531889,409.75042572021493,46.073001679931096,26.545100803624376,52.347417928283896,-14.836626752504458,-19.428218938219114,4.591592185714656,30.27285255282665,14.66076845674941,82.13933078646136,82.41627003372362,-22.588532574896846,-6112940.0,-13647710.3,-1.0
2026-03-27,417.81758419007366,424.9474008411545,401.6134416051365,414.42718505859375,4019947,459.5086059570312,601.1023855590819,409.77571529902315,417.37978928567793,426.1515260062239,391.554403559206,408.85296478271493,44.76941477122115,26.545100803624376,52.347417928283896,-13.3606245388209,-18.214700058339474,4.854075519518574,28.20307750720207,15.280282083840024,89.6749115982883,84.42840129096828,-30.28084491053803,-10132887.0,-13510299.2,-1.0
2026-03-30,406.8486418112116,408.8429978985215,386.5062158069428,388.7997131347656,3055190,454.7301287841796,599.7710243225097,405.5805148661717,414.7816005446859,424.8759551139067,389.2401337532808,407.05804443359375,35.855703191034614,26.765791462781547,52.347417928283896,-14.096311453205317,-17.39102233731264,3.2947108841073245,27.116363131159442,16.183188310112236,81.71533438272016,84.50985892248994,-94.30695980045584,-13188077.0,-13426793.15,-1.0
2026-04-01,393.9351756194611,403.35852034396174,389.34818094464754,395.2813720703125,1377179,450.0812847900389,598.4504246520995,403.5206863069999,413.008852501561,423.0556803110801,388.4876882191934,405.77168426513674,39.155329772695275,26.765791462781547,50.42110787729787,-13.995007195221206,-16.711819308894356,2.71681211367315,26.10727121054843,16.067161088618228,70.38692932046582,80.59239176715809,-78.2178436579784,-11810898.0,-13230926.45,-1.0
2026-04-02,391.44222779108566,392.0904178628516,378.977502279569,389.996337890625,535801,445.37460510253896,597.1004139709472,400.8158166237249,410.91680571874866,423.1697897761826,386.2645486027237,404.71716918945316,37.46310956628834,26.765791462781547,50.42110787729787,-14.177748669023856,-16.205005180920256,2.0272565118964003,25.79761580606303,16.084068853055747,57.84011807820545,69.98079392713048,-76.95512902491498,-12346699.0,-12991681.55,-1.0
2026-04-06,389.9963229339433,399.4695139593912,378.9276410179179,398.27288818359375,935572,440.86536560058585,595.8417973327637,400.3072309356987,409.7673586700982,423.1900218847097,386.11468087407945,404.6523513793946,41.711597460685184,24.482536984901788,50.42110787729787,-13.499114772774647,-15.663827099291137,2.16471232651649,24.88560466655258,16.402483430799858,62.18872870625555,63.471925368308945,-59.583359376295775,-11411127.0,-12663323.6,-1.0
2026-04-07,398.87120090692406,401.1646981395558,388.89942088425096,389.796875,1505794,436.57550598144513,594.5047233581544,398.205159748559,407.95186015463474,423.6983972480459,384.3299139091806,404.01415557861327,38.80420387112586,24.482536984901788,50.42110787729787,-13.489734683261815,-15.229008616085272,1.7392739328234565,23.897837380435995,16.106968703978787,52.87893596351449,57.635927582658496,-76.48329659766286,-12916921.0,-12440968.45,-1.0
2026-04-08,398.3227847258049,401.2644417179797,394.5334898723563,397.92388916015625,1758813,432.55089660644524,593.2640177917482,398.1489056308785,407.040226427864,423.7058089160741,384.2576859569727,403.9817474365234,42.91294448803653,24.482536984901788,50.42110787729787,-12.680347618209225,-14.719276416510064,2.038928798300839,22.97186222237046,15.775582847835995,58.00622009342021,57.69129492106342,-58.899667257632984,-11158108.0,-12105764.65,-1.0
2026-04-09,401.2644357032727,404.2559698120418,389.1487286490495,391.9906921386719,936022,428.5721569824218,592.0165371704103,396.9172629324372,405.6720869470284,423.95867532501484,383.45138632049293,403.7050308227539,40.76126666136082,24.482536984901788,50.42110787729787,-12.375010533420834,-14.25042323989222,1.8754127064713852,22.495944266205978,15.727844156061451,55.307958904633715,55.39770498718947,-71.73674803185237,-12094130.0,-11776864.45,-1.0
2026-04-10,397.874037327452,410.6379040465762,393.98504906392657,403.5080871582031,2567574,425.79701110839835,590.9127323913575,398.2354277775904,405.47535969349883,423.618704450752,383.3276700609668,403.4731872558594,46.38149319144052,24.482536984901788,50.42110787729787,-11.075994006362805,-13.615537393186337,2.5395433868235315,21.459887011075228,15.936370424050228,75.9461567096291,63.08677856922767,-46.587191600522196,-9526556.0,-11353364.55,-1.0
2026-04-13,398.8712018834917,402.7601900155642,390.6444833446447,401.7131652832031,510598,424.06491271972646,589.7802969360353,398.930975278713,405.1333420198356,423.29833697599537,383.11953411775477,403.20893554687507,45.654537442542654,28.13390821938915,50.42110787729787,-10.075208512156507,-12.90747161698037,2.8322631048238627,20.752510064981525,15.716887094729387,82.90727594782169,71.38713052069483,-50.48752024607435,-10037154.0,-10924649.95,-1.0
2026-04-15,406.2503287246316,417.11956330952063,403.8571075071772,413.8288879394531,935725,422.762598876953,588.6843052673341,401.91055781086106,405.92384619434625,424.39389074951373,383.11090356200975,403.75239715576174,51.21301303352269,28.13390821938915,50.42110787729787,-8.20980372773954,-11.967938039132205,3.7581343113926646,19.656704264912868,15.694709304128539,97.9888122464621,85.61408163463761,-24.16030188859728,-9101429.0,-10417546.75,-1.0
2026-04-16,416.7705652975284,438.0104449339207,416.7705652975284,433.4732971191406,1464476,422.0047436523437,587.6726022338869,408.22310567251697,408.4283417329639,428.0382394896437,380.8476461304736,404.44294281005864,58.605771794828314,28.13390821938915,50.42110787729787,-5.0876698597712675,-10.59188440326002,5.504214543488752,19.939400748006946,16.30091271058133,97.9888122464621,92.96163348024862,-7.679303475898836,-7636953.0,-10326552.35,1.0
2026-04-17,437.6614171442115,440.2540860247598,429.5842692758123,435.367919921875,539138,421.26982299804683,586.6079205322268,413.6520685223886,410.8773942955922,433.08194797523777,378.4414742659733,405.7617111206055,59.24717151436978,28.13390821938915,50.42110787729787,-2.4324364363897075,-8.959994809885957,6.52755837349625,20.320703581142144,15.898691570464626,99.99999999999999,98.65920816430805,-7.967469991680831,-7097815.0,-10118278.75,1.0
2026-04-20,438.75832302329377,442.2484460473427,431.9276475899351,435.2183532714844,445933,420.64558959960937,585.5708552551272,417.9653254722078,413.090208747946,437.33863522226886,376.71762088124683,407.02812805175785,59.16922771566963,35.992682618233694,50.42110787729787,-0.3363365191117964,-7.235263151731126,6.89892663261933,20.783745738933757,15.5002706338177,99.88892845085971,99.2925802324406,-11.102342701725764,-7543748.0,-9973204.75,1.0
2026-04-21,434.7696188085743,449.6774424517727,433.6228701663571,443.3952026367188,997805,419.9804718017578,584.5836488342288,423.05130090511,415.84520819237986,442.3558891139201,374.1733680882284,408.26462860107426,62.1044316701652,35.992682618233694,50.42110787729787,1.9620241804734633,-5.395805685290208,7.357829865763671,21.609526843375512,15.539863608931839,99.88892845085972,99.92595230057314,-8.879515825817952,-6545943.0,-9822963.35,1.0
2026-04-22,446.7357396916111,448.4309544478453,428.786535864716,434.7197570800781,744277,419.2495404052734,583.571762390137,425.38499214010363,417.5610762730797,445.7319226003418,373.59940369360356,409.6656631469727,57.390521166219386,35.992682618233694,50.42110787729787,3.0483165453684364,-3.706981239158479,6.755297784526915,21.8998744043148,15.833046107088801,93.51222717366626,97.7633613584619,-21.141664101600032,-7290220.0,-9681163.85,1.0
2026-04-23,429.7837204628356,441.1515436416863,425.7950084399786,427.1412048339844,848945,418.6282983398437,582.5334507751467,425.7362346788798,418.4319970513438,447.2206699359152,373.46681785705357,410.3437438964844,53.565588737002,35.992682618233694,50.42110787729787,3.260104782616338,-2.313564034803516,5.573668817419854,21.877890060608227,15.799009613847296,82.07245349736607,91.82453637396401,-31.853428788571016,-8139165.0,-9636055.5,1.0
2026-04-24,428.7865372273144,431.3293289382888,416.271965580821,420.0113830566406,648016,418.10079162597657,581.4487704467775,424.591264354432,418.57557759727985,448.04346693574,374.97242967070537,411.5079483032227,50.17739074184794,35.992682618233694,50.42110787729787,2.820122834887229,-1.286826660865367,4.1069494957525965,20.98721732227613,15.746034881248763,65.0096146971248,80.19809845605238,-41.93094368309625,-8787181.0,-9586935.15,1.0
2026-04-27,421.80628825846406,439.6557681292093,420.0612267822175,436.714111328125,647938,417.7507818603516,580.439626464844,427.0158337491706,420.22453520917486,451.0420469656608,375.87281509488616,413.4574310302735,57.0338889975599,34.059370854096606,50.42110787729787,3.775680853794654,-0.27432515793336276,4.0500060117280166,20.718046727238434,16.024488466343044,64.13239165458214,70.40481994969099,-21.32897845193269,-8139243.0,-9550859.7,1.0
2026-04-28,433.77244471691336,444.34253796182406,432.87499057275625,439.0076293945313,816861,417.5004907226563,579.422754211426,429.4141928782428,421.9320892260254,453.79314032471393,375.26565484130185,414.5293975830079,57.89083211312169,34.059370854096606,50.42110787729787,4.6642684254292135,0.7133935587391526,3.950874866690061,20.761774329333367,15.6989926751091,69.10252035976059,66.08150890382251,-17.62768839268045,-7322382.0,-9611331.8,1.0
2026-04-29,439.0076291121669,442.6972000075556,428.6868303823524,430.9304809570313,631442,417.0427856445313,578.4101199340822,429.7174504940005,422.750124837935,455.297058535277,375.4120662205823,415.35456237792965,53.819764431274585,34.059370854096606,50.42110787729787,4.662970283685013,1.5033089037283247,3.159661379956688,20.407050923435374,15.578376742972962,73.22652958548613,68.82048053327628,-30.972013639414175,-7953824.0,-9502378.65,1.0
2026-04-30,430.7310549386315,517.0866465294295,428.6868217528661,466.3302917480469,59274654,417.46758300781255,577.5876972961427,437.0400187448098,426.7119581933997,463.17119331854053,375.2909892986471,419.2310913085938,65.32792522079978,34.059370854096606,54.738687844772684,7.432730488910238,2.6891932207647073,4.743537268145531,22.880274700904497,20.779908745372275,80.48045390522228,74.269834616823,-40.14195384114583,51320830.0,-6276933.3,1.0
2026-05-01,466.3302917480469,466.3302917480469,466.3302917480469,466.3302917480469,0,418.131703491211,576.7323678588868,442.8980733454572,430.3136248801858,469.94134149817233,375.6257330867888,422.78353729248056,65.32792522079978,34.059370854096606,54.738687844772684,9.518067054384005,4.054967987488567,5.463099066895438,25.176839637125827,19.295629549274256,87.06117042548428,80.25605130539756,-40.14195384114583,51320830.0,-3120346.9,1.0
2026-05-04,466.03114957644505,490.86087596668034,452.3199519237445,476.0029296875,4350079,418.9753161621095,575.9498324584962,449.5190446138658,434.4671980444871,477.2431383741142,376.92459539053436,427.0838668823243,67.86558574029259,43.855310032950676,54.738687844772684,11.81501619852196,5.606977629695246,6.208038568826714,27.795183369497597,20.67029344167866,99.99999999999999,89.18054144356884,-36.28356804831251,55670909.0,280533.5,1.0
2026-05-05,479.4930650205765,479.4930650205765,447.832662356204,450.1261596679688,2900571,419.34427246093765,575.078547973633,449.64046762468644,435.8907400102581,478.9175299094973,380.43553100358866,429.676530456543,56.047216401041624,43.855310032950676,54.738687844772684,11.415732407345217,6.76872858522524,4.647003822119977,29.892037113999347,21.455301243299647,77.72832984505547,88.26316675684657,-66.41938081973855,52770338.0,3489606.75,1.0
2026-05-06,454.6633315019125,458.2531480375127,438.2597408602702,448.829833984375,2590478,419.68231628417976,574.1501754760744,449.4783408966242,437.0670212806324,478.7845002815284,386.4718565299952,432.6281784057618,55.525553924208744,43.855310032950676,54.738687844772684,10.869398813773785,7.588862630934949,3.2805361828388353,31.139443558528207,21.35088023858128,54.47358882113354,77.40063955539634,-67.70523092747696,50179860.0,6644445.8,1.0
2026-05-07,452.7188256593178,475.6539203513097,448.8796841571927,466.0311584472656,4928477,420.2636712646485,573.212828216553,452.7889044067525,439.7001246594172,481.4529212497452,390.61416249048926,436.03354187011723,60.74647002737662,43.855310032950676,54.738687844772684,11.689677308000853,8.40902556634813,3.280651741652722,32.70666931647916,21.74182353346367,41.05764349047287,57.75318738555396,-50.642909943036976,55108337.0,9957768.05,1.0
2026-05-08,465.2832640339021,468.57393928358033,454.862741690825,456.8072509765625,650201,420.57080200195304,572.1675364685061,453.59257372071454,441.2553179609759,480.51968258669933,398.02905703732415,439.27436981201174,56.889834727840714,43.855310032950676,54.738687844772684,11.463319665552888,9.019884386189084,2.443435279363804,34.16195037743361,21.168207394841648,42.64555438598479,46.05892889919706,-59.79227924511823,54458136.0,13285381.35,1.0
2026-05-11,453.71600152050274,489.31526919700246,452.12051059369946,481.1383972167969,5131483,421.2797955322265,571.2306875610354,459.101738419931,444.8810524387778,484.837969656767,401.473800973116,443.1558853149415,63.476842252664945,42.458741914234814,54.738687844772684,13.096283951567557,9.835164299264779,3.261119652302778,35.95126200529127,22.312961052588886,57.62972571071176,47.11097452905647,-35.65775239715102,59589619.0,16741190.1,1.0
2026-05-12,484.8778221190131,484.8778221190131,468.67367896336486,477.3989868164063,2171349,422.11044494628896,570.3407061767582,462.76118809922605,447.8372282912894,486.467130591112,407.4132221920912,446.9401763916016,61.911163410103924,42.458741914234814,54.738687844772684,13.928125979022866,10.653756635216396,3.2743693438064696,37.61276565973052,21.876616917093127,59.82458577195547,53.36662195621734,-39.36694471438583,57418270.0,20113961.3,1.0
2026-05-13,476.6510943244485,477.398977840648,460.6962459788603,461.9427185058594,750662,422.7017712402343,569.3046382141117,462.59749418055276,449.119545583523,486.15055105076544,412.54118478907833,449.3458679199219,55.78624003371944,42.458741914234814,54.738687844772684,13.188150312181904,11.160635370609498,2.027514941572406,38.529168090784566,21.507054339982616,57.74486594710747,58.399725809924895,-54.69831130218068,56667608.0,23402413.15,1.0
2026-05-14,465.6322775700523,483.7310521175847,462.7903141941521,466.6294555664063,1383625,423.54039794921863,568.2673237609866,463.4038864577235,450.7113555819669,487.7849487737433,414.222402910827,451.00367584228513,57.169906270779485,42.458741914234814,54.738687844772684,12.83197574826545,11.494903446140688,1.3370723021247617,39.539292402017686,21.527145716535664,40.632608886654864,52.73402020190593,-52.004094488313754,58051233.0,26686822.45,1.0
2026-05-15,471.4159182729759,471.4159182729759,451.2230629688453,452.7686767578125,1005028,424.17559997558584,567.1370225524905,461.2768445177413,450.89838477977105,487.9134395162756,415.8339878518883,451.87371368408196,51.98811740916823,42.458741914234814,54.738687844772684,11.30098510806397,11.456119778525345,-0.15513467046137563,39.59095304801552,21.43183925850673,18.520360822738496,38.9659452188336,-72.75802857549213,57046205.0,29894023.45,1.0
2026-05-18,453.51655306769146,468.2249289192615,452.4695283152477,464.9841003417969,1266290,425.2535491943359,566.1226431274418,462.0182956825525,452.1789043763188,488.96145388286686,417.76254819232827,453.36200103759757,55.791125690253295,41.85008385241667,54.738687844772684,10.947154606251729,11.354326744070622,-0.4071721378188933,39.63892364787065,21.02637935461438,15.934584391327276,25.02918470024021,-58.93964871460474,58312495.0,33186835.6,1.0
2026-05-19,465.1337007199032,477.7479966169401,459.9483628308528,470.0198669433594,1286161,426.6625616455078,565.0768528747562,463.61860993471385,453.8008100642316,490.7121729625371,418.67429554332216,454.69323425292964,57.29295242048474,41.85008385241667,54.738687844772684,10.946896653033377,11.272840725863173,-0.3259440728297953,39.99074800737642,20.79589752829102,19.121107350486945,17.858684188184235,-53.24306886923655,59598656.0,36494065.55,1.0
2026-05-20,469.7705694864391,473.859005438875,460.446948949306,464.73480224609375,615295,427.9060418701171,563.9577699279788,463.84184839698986,454.79480935349176,491.19572148465494,421.19225153780604,456.1939865112305,55.1745025208312,41.85008385241667,54.738687844772684,10.400342991293769,11.098341178949292,-0.6979981876555232,40.31744205548892,20.26848031123945,25.81063963865563,20.28877712682328,-49.66826983435722,58983361.0,39807744.6,1.0
2026-05-21,471.6651941383925,472.4629243660435,463.0396105221531,468.87310791015625,370003,429.3120629882812,562.7551731872562,464.8481002996232,456.0746546768249,490.88327868782125,425.67788464225674,458.280581665039,56.529893647519636,41.85008385241667,54.738687844772684,10.183730255254318,10.915418994210299,-0.731688738955981,40.620800814450526,19.493825563571665,27.361617292144093,24.09778809376222,-41.80093834865664,59353364.0,43182371.05,1.0
2026-05-22,470.6181651755661,470.8175825149555,458.9511705045513,460.5466613769531,476765,430.572495727539,561.4578445434573,463.98781251508916,456.4812007404729,487.48083660375374,433.1338545583556,460.3073455810547,53.05390243396169,41.85008385241667,54.738687844772684,9.23374755906758,10.579084707181757,-1.3453371481141758,40.51858071731434,18.94901030977399,19.316851520252516,24.163036150350745,-56.34768409467532,58876599.0,46565560.05,1.0
2026-05-25,465.6821483979294,470.668038637736,457.15628826044383,461.0951232910156,878441,431.63149902343747,560.2033946228031,463.4092746702745,456.9006482450677,486.3272943896031,436.7254979687954,461.52639617919925,53.25778554222958,43.52909920580994,54.738687844772684,8.42798317703381,10.148864401152167,-1.720881224118358,40.251922263103374,18.560634600311,16.31112850409383,20.996532438830144,-55.27343820607113,59755040.0,49960274.2,1.0
2026-05-26,461.69342221398944,471.4159078869623,461.69342221398944,463.9370727539063,383489,432.7702764892578,559.0167527771,463.5148342870009,457.54032320041665,485.20073761235983,440.3449990819761,462.77286834716796,54.36376265142511,43.52909920580994,54.738687844772684,7.927349123454064,9.704561345612547,-1.7772122221584823,40.03904066056875,17.972073885713552,13.668759194450363,16.43224640626557,-62.76203600890338,60138529.0,53333319.75,1.0
2026-05-27,466.5795734180657,466.5795734180657,457.70469543171606,459.1007385253906,1278726,433.89309814453117,557.7984503173833,462.63201513467885,457.6821791390506,481.0346988817295,447.32806356944246,464.181381225586,52.10435039978952,43.52909920580994,54.738687844772684,7.058969865258348,9.175443049541707,-2.1164731842833593,39.426521421779,17.32227417861613,10.913733297009497,13.631206998517897,-79.31945577171038,58859803.0,56674001.1,1.0
2026-05-28,459.1007385253906,459.1007385253906,459.1007385253906,459.1007385253906,0,434.68186523437487,556.6147999572759,461.92575981282124,457.8111390832633,480.7888832683792,446.85092386052713,463.81990356445317,52.104350399789524,43.52909920580994,54.738687844772684,6.298171644560796,8.599988768545526,-2.30181712398473,38.857753557188516,16.08496888014355,7.567161888512513,10.71655145999079,-79.31945577171038,58859803.0,57050949.75,1.0
2026-05-29,459.1007550580098,462.8401726390071,434.8194641457761,440.752685546875,942298,435.3170678710936,555.4702888488774,457.691144959632,456.26037057995524,482.3337842607094,442.74826224807975,462.5410232543946,44.049303658177166,43.52909920580994,54.738687844772684,4.16666828083288,7.713324671002996,-3.5466563901701162,36.16984579900375,16.937521709649793,0.6744757270260089,6.385123637516006,-88.14739108248219,57917505.0,57380783.5,1.0
2026-06-01,441.7498582431248,450.076300709394,438.1101645944561,446.7357482910156,642087,436.0539825439452,554.3474664306644,455.5000656259088,455.39449582641527,481.0069285210166,441.14839984812403,461.0776641845703,46.93040231258554,40.33711286702193,53.095919692656075,2.926484972250023,6.755956731252402,-3.829471759002379,33.6739314521179,16.582422738598947,7.588760728340119,5.276799447959546,-75.63709411334641,58559592.0,57525217.65,1.0
2026-06-02,442.79687784846334,446.2870008415354,434.6200365235689,439.6059265136719,518108,436.47279724121086,553.2784916687015,452.32123780346143,453.9591713434386,482.1808252869639,438.92247976674696,460.55165252685543,44.021323236547445,40.33711286702193,53.095919692656075,1.3527204152274521,5.675309468047413,-4.322589052819961,31.44799536339488,16.263371954945217,7.251522864827104,5.17158644006441,-89.84771556890688,58041484.0,57788774.95,1.0
2026-06-03,442.7470528873592,442.7470528873592,430.9304869436007,436.86370849609375,319473,437.0760900878906,552.258877410889,449.2297319419879,452.40503835731636,483.5227668842374,436.3839256206454,459.9533462524414,42.91937145358143,40.33711286702193,53.095919692656075,-0.11445405581036994,4.517356763275856,-4.631810819086226,29.661978900779648,15.945742954146164,7.251522864827104,7.363935485998109,-87.32691765561434,57722011.0,58165882.5,1.0
2026-06-04,433.87214997932136,441.0518132557948,432.77524810290737,434.3208618164063,239834,437.4909155273437,551.1948881530764,446.2479579168716,450.7610223081427,484.35777222409604,432.3778906177008,458.3678314208984,41.8726460045977,40.33711286702193,53.095919692656075,-1.4654935724583424,3.3207866961290167,-4.786280268587359,28.00353504263693,15.397944539770542,0.0,4.8343485765514025,-92.75831863663552,57482177.0,58284574.5,1.0
2026-06-05,435.7169595482616,441.4507333150773,431.7780940923872,433.0245666503906,289147,438.21686096191405,550.0735614013674,443.60327966357545,449.148617248347,485.53760265910836,428.8197917500714,457.17869720458987,41.319420665825945,40.33711286702193,53.095919692656075,-2.610707696209772,2.1344878176612587,-4.745195513871031,26.5469976509661,14.98899415997908,0.0,2.4171742882757012,-95.52714417874645,57193030.0,58421319.2,1.0
2026-06-08,432.7752475080819,457.355678866662,431.3293272505066,448.23150634765625,5661744,439.22700195312495,548.9861389160159,444.5289250003916,449.0652435301024,481.77884366021476,429.2878616620509,455.5333526611328,49.71304623009519,39.130623349092296,53.095919692656075,-2.2651143677863956,1.254567380571728,-3.5196817483581233,25.464611303812916,15.777376835420249,18.39439964462041,6.131466548206803,-59.69807482184579,62854774.0,58584576.95,1.0
2026-06-09,453.815713751376,457.5052540914046,441.00197036889386,443.0461730957031,1234725,439.7365594482422,547.8924836730959,444.23237461945394,448.5180553087934,478.4850641327818,429.1463598174135,453.81571197509766,47.23212911950976,39.130623349092296,53.095919692656075,-2.382181912706983,0.5272175219159858,-2.909399434622969,24.470838671800504,15.829227327355284,31.351937653245464,16.582112432621958,-70.82837679650491,61620049.0,58794665.9,1.0
2026-06-10,445.33970310946336,460.8458089142881,444.9408379937637,453.3669738769531,1532282,440.51535522460944,546.7537063598634,446.05929447095383,448.958866087717,477.75781508594775,429.01603440135693,453.38692474365234,52.33126845777529,39.130623349092296,53.095919692656075,-1.6234423837250347,0.0970855407877817,-1.7205279245128164,23.808185877393548,15.969970791014548,59.491463086587416,36.4126001281511,-44.581317396351984,63152331.0,59118902.05,1.0
2026-06-11,450.7244719563256,458.0537366020841,445.1402688723449,446.6859130859375,713325,441.6730792236329,545.6593035888673,446.1846181939506,448.7522339966461,476.1023607264194,428.6771345128384,452.3897476196289,49.028396700217094,39.130623349092296,53.095919692656075,-1.543449683279107,-0.23102150402559601,-1.3124281792535109,23.19286542544423,15.751649143780593,60.796475500982794,50.54662541360522,-61.08370426880742,62439006.0,59338290.7,1.0
2026-06-12,453.7160115497606,458.7019017865712,447.732943265588,457.2559814453125,637719,442.9125714111329,544.6160061645509,448.39889084422305,449.52530194652485,476.42652865956353,428.80169704844417,452.61411285400385,53.97740938700025,39.130623349092296,53.095919692656075,-0.6199918330847254,-0.30881556983742187,-0.3111762632473035,22.677108707765584,15.48481625498439,80.18498897109748,66.82430918622256,-34.975371656526214,63076725.0,59639816.7,1.0
2026-06-15,461.4441423174301,462.4911670966203,450.02644148026616,452.2202453613281,683760,444.15704956054697,543.5495240783692,449.1631617476441,449.77029680241606,475.0656338654438,428.8862063445171,451.97592010498045,51.41611566392536,44.71431115601491,53.095919692656075,-0.2911306770042188,-0.3052785912707813,0.014147914266562478,22.526147897932844,15.26909549508223,78.63392931618168,73.20513126275398,-40.27965223463159,62392965.0,59843840.2,1.0
2026-06-16,453.6661660943281,453.71601282425263,448.2315335483551,451.8213806152344,553671,445.22801940917975,542.4795520019532,449.69480552116215,449.9567589672177,472.53946194680617,429.5925296303422,451.0659957885742,51.20884411353041,44.71431115601491,53.095919692656075,-0.06197646692021408,-0.25661816640066787,0.1946416994804538,22.152440532631307,14.570194336569037,84.97715764168296,81.26535864298737,-34.531183192941825,61839294.0,59955872.1,1.0
2026-06-17,451.8213542117442,456.6576735587032,445.7385623749225,447.0348815917969,346012,446.3727795410157,541.4798808288574,449.16282073528913,449.69113375127034,470.72118147579226,429.6408180359264,450.1809997558593,48.67309434543408,44.71431115601491,53.095919692656075,-0.2635623900411588,-0.25800701112876606,-0.005555378912392717,22.075257724183903,14.309402682798444,71.9961460114064,78.53574432309034,-49.53132787981522,61493282.0,60081368.15,1.0
2026-06-18,448.0320666685391,448.0320666685391,436.7639673545771,439.0574645996094,617334,447.1954510498047,540.5380459594727,447.1417495081532,448.7244365556648,467.79607261458335,429.58436256608053,448.69021759033194,44.70025986126046,44.71431115601491,53.095919692656075,-1.0548716637715074,-0.41737994165731435,-0.6374917221141931,20.875137009288917,14.092166727881551,54.31072496861833,70.42800954056922,-74.24967517618248,60875948.0,60157497.35,1.0
2026-06-19,437.860887889548,444.6915636190926,435.06877109036486,439.5062255859375,761776,448.14576171875007,539.6149084472656,445.6146447237101,447.8864173765987,466.30731192421814,428.96907967734415,447.63819580078115,44.972360699789306,44.71431115601491,53.095919692656075,-1.6270233902773725,-0.659308631381326,-0.9677147588960465,19.566305646347434,13.77292571365628,37.887675064150486,54.731515348058394,-72.82777620520866,61637724.0,60295553.6,1.0
2026-06-22,441.4507058280581,447.6830682300159,438.16000022095017,442.1487121582031,1124969,448.91857421875005,538.6588636779786,444.92145821060876,447.36480781128995,464.3820429387144,428.9997075495667,446.69087524414056,46.63740617629477,41.696965789373564,53.095919692656075,-1.845952185732017,-0.8966373422514643,-0.9493148434805526,18.67698506896625,13.469364449042672,32.526928282070195,41.57510943827967,-64.45505876232171,62762693.0,60445936.25,1.0
2026-06-23,444.14309023558417,453.217416430832,432.9248373536329,434.7696228027344,913377,449.57970336914065,537.6634307861328,442.89109112903395,446.21979099233033,461.70442873745264,428.76057675571144,445.23250274658204,42.74756997929457,41.696965789373564,53.095919692656075,-2.5850864078409472,-1.2343271553693609,-1.3507592524715863,18.41746561023718,13.956736922482417,27.384747785154882,32.59978371045852,-88.95990875629627,61849316.0,60531475.6,1.0
2026-06-24,438.0104413932302,443.49492045450006,433.9220054612648,441.7000122070313,611996,450.1371258544922,536.6216290283204,442.65287534463346,445.8089020118486,459.5372509501189,429.18768191120927,444.3624664306641,47.201638762471696,41.696965789373564,53.095919692656075,-2.581868921026853,-1.5038355085008592,-1.0780334125259938,18.176483255703044,13.643606784679049,33.25529091747534,31.055655661566806,-66.71992087842634,62461312.0,60711551.05,1.0
2026-06-25,443.0,447.0,435.0,436.5,880472,450.19765991210943,535.5293963623049,441.4223002757068,444.9626381925896,457.0953975901514,429.3694614186377,443.23242950439453,44.409903492282865,41.696965789373564,53.095919692656075,-2.964740878972407,-1.7960165825951688,-1.168724296377238,18.310708705927645,13.526206300059117,24.185272962950954,28.275103888527056,-83.40703637837913,61580840.0,60847602.9,1.0
2026-06-26,436.5,436.5,436.5,436.5,0,450.2203015136719,534.4790451049805,440.4378402205655,444.19330744780876,457.17038502257475,428.86920543152684,443.0197952270508,44.40990349228285,41.696965789373564,53.095919692656075,-3.230925565351697,-2.0829983791464746,-1.1479271862052225,18.435346623993347,12.560048707197753,25.358683836086627,27.59974923883764,-87.9079930534324,61580840.0,61030769.65,1.0
2026-06-29,436.0,445.9500122070313,431.5,434.1499938964844,801376,450.19893432617187,533.411459503174,439.1802709557493,443.2802789431429,456.95854149455147,427.8224735200971,442.3905075073243,43.07462260880263,41.18999367791342,53.095919692656075,-3.590120030854166,-2.384422709488013,-1.205697321366153,19.44038690468016,12.695046100043008,10.83933474886829,20.127763849301957,-91.44919619121616,60779464.0,61141763.25,1.0
2026-06-30,437.8999938964844,442.1499938964844,434.5,439.5,727414,450.1210302734375,532.3950547790528,439.2442167645994,442.93661722103894,456.9575840984067,427.81283826487476,442.3852111816407,46.9828443552298,41.18999367791342,53.01200789993753,-3.4038460336783487,-2.5883073743260803,-0.8155386593522684,20.373638593889346,12.359685664325651,18.47654952263563,18.224856035863514,-74.18619319802116,61506878.0,61315032.95,1.0
2026-07-01,443.0,443.0,426.3500061035156,431.5499877929688,1036500,450.0576348876953,531.2992622375489,437.7053709702733,441.9014690912144,457.29696714446993,426.9420831484989,442.1195251464844,42.331918354293215,41.18999367791342,53.01200789993753,-3.853303607578141,-2.841306620976493,-1.0119969866016483,19.964610806451798,12.666136252336988,13.542274410777177,14.286052894093698,-85.61202366895387,60470378.0,61452451.3,1.0
2026-07-02,434.8999938964844,443.0,432.2000122070313,439.8999938964844,581331,450.3128106689453,530.2030889892579,438.1442955555155,441.7195168007844,457.1721131332203,427.62485036775644,442.3984817504884,48.13884078744784,41.18999367791342,53.01200789993753,-3.4954330876171866,-2.972131914304632,-0.5233011733125545,19.584799289545504,12.57927024910086,33.87927025493976,21.966031396117522,-62.50815574089075,61051709.0,61630927.9,1.0
2026-07-03,443.7999877929688,449.9500122070313,439.1000061035156,440.0,1028791,450.7125830078125,529.0917098999024,438.51543644441244,441.56319709162216,456.90564666600636,428.58886016993125,442.7472534179688,48.20610955190827,41.18999367791342,53.01200789993753,-3.1672385114400754,-3.011153233731721,-0.15608527770835456,19.949181476031896,12.455751381559063,43.36568403602894,30.262409567248625,-54.961912140988645,62080500.0,61875301.4,1.0
2026-07-06,444.0,444.0,423.0,430.25,1416764,450.58330078125,527.8984249877931,436.86234915553,440.5347246287474,456.8016009177588,426.8947552834132,441.848178100586,42.42799049062269,42.07305607918411,53.01200789993753,-3.6517899003447383,-3.1392805670543247,-0.5125093332904136,18.781371914973132,13.066054854304845,43.870701488436794,40.37188525980183,-78.45959261754949,60663736.0,61765749.5,1.0
2026-07-07,431.25,431.25,421.1000061035156,422.7000122070313,1025662,450.25714843749995,526.7349487304689,434.0298817658303,438.9133871358641,458.039446915209,423.62229319709564,440.8308700561523,38.572428397669825,42.07305607918411,53.01200789993753,-4.592086568579873,-3.429841767359435,-1.1622448012204383,17.88993837167655,12.857764785889099,22.56292111912288,36.599768881196205,-95.01825929547361,59638074.0,61666650.75,1.0
2026-07-08,420.5499877929688,426.0,406.3999938964844,411.6000061035156,1025191,449.87053894042964,525.5461369323732,429.5439066333674,436.4303524965597,459.34761729046716,418.13742604449374,438.74252166748045,33.72072938659784,42.07305607918411,53.01200789993753,-6.161925338918252,-3.9762584816711986,-2.1856668572470532,18.329070889626248,13.339353451433851,0.505017452407859,22.312880019989176,-88.892997680049,58612883.0,61439678.35,-1.0
2026-07-09,413.5499877929688,426.0499877929688,409.0,415.3999938964844,1345366,448.8519329833984,524.342670593262,426.7151240859908,434.51850171473467,459.8871065828431,414.4693448331725,437.1782257080078,36.65805395667421,42.07305607918411,53.01200789993753,-7.01850169870238,-4.584707125077435,-2.4337945736249447,18.73069931830375,13.604398761543491,6.759285423314079,9.942407998281606,-80.77638726609277,59958249.0,61315640.5,-1.0
2026-07-10,417.6000061035156,423.8500061035156,415.3999938964844,420.3500061035156,627063,447.93232727050776,523.126559906006,425.44210048949583,433.2304566591693,457.1528270039052,413.5130268779307,435.33292694091796,40.365545912052625,42.07305607918411,53.01200789993753,-7.2147528392977165,-5.110716267921492,-2.1040365713762244,19.103640002075714,13.236228293364046,22.05014293993345,9.771481938551796,-70.2033741887503,60585312.0,61191069.85,-1.0
2026-07-13,418.4500122070313,422.3500061035156,416.0,420.3500061035156,538680,446.8192687988281,521.961056213379,424.42368161229984,432.05950660865534,455.014722978638,412.46410697741646,433.73941497802724,40.36554591205262,38.57131765291338,53.01200789993753,-7.286291449857686,-5.545831304308731,-1.7404601455489548,19.449942065578252,12.744355279803445,37.341000456552806,22.050142939933444,-67.96783848044252,60585312.0,61100687.2,-1.0
2026-07-14,421.0,432.0,416.5,419.4500122070313,1810422,446.2057458496093,520.8491378784181,423.4289477312461,430.9131889357804,452.51108284642953,411.7306102688045,432.120846557617,39.87342142044933,38.57131765291338,53.01200789993753,-7.331099943322386,-5.902885032111462,-1.4282149112109233,18.504363623616708,12.941187045531771,44.74011005782118,34.71041781810247,-70.0344137228836,58774890.0,60947467.0,-1.0
2026-07-15,420.0,423.4500122070313,417.9500122070313,420.5,376645,445.63914916992184,519.7549343872071,422.8431581849969,429.966535396164,450.54134149756464,411.04686345848995,430.7941024780273,40.78052744846473,38.57131765291338,53.01200789993753,-7.1989013043661885,-6.162088286562407,-1.036813017803781,17.626326498938134,12.409673685136644,45.69505343676889,42.59205465038096,-67.62342095249845,59151535.0,60830379.65,-1.0
2026-07-16,420.5,426.8999938964844,416.6000061035156,419.3999938964844,786042,444.70652587890623,518.6764207458497,422.15452532729444,429.0059407143749,449.78226392300036,409.8401939627417,429.811228942871,40.09801594784596,38.57131765291338,53.01200789993753,-7.101037885471669,-6.34987820634426,-0.7511596791274089,16.386025721423046,12.258981835696082,45.079421304799624,45.17152826646323,-70.14926628204961,58365493.0,60704856.9,-1.0
2026-07-17,420.8999938964844,420.8999938964844,410.1000061035156,417.4500122070313,487906,443.91938110351566,517.7250199890137,421.2136227032418,427.9554017591618,448.86038577977,408.5564507680814,428.7084182739257,38.85653148736983,38.57131765291338,53.01200789993753,-7.0989948528985,-6.499701535655109,-0.599293317243391,15.961402804740782,12.154767975501272,42.73938392118818,44.50461955425223,-74.62683429487596,57877587.0,60516850.05,-1.0
2026-07-20,417.4500122070313,420.0,410.7999877929688,417.6000061035156,1075027,442.64861328125005,516.7501876831055,420.4908993832966,427.0140021541031,447.17125252107087,407.7907134213118,427.48098297119134,39.0129484249609,38.06775186119993,53.01200789993753,-7.004528635033012,-6.60066695553069,-0.403861679502322,15.567110096392966,11.943713992039124,38.67188275027926,42.16356265875568,-74.28241676693203,58952614.0,60326346.1,-1.0
2026-07-21,417.0,417.7999877929688,412.0499877929688,413.25,1633962,441.3656335449218,515.7109762573242,419.04271950663735,425.76272923100277,446.7589684350393,406.0510352270699,426.4050018310546,36.126519963948944,38.06775186119993,53.01200789993753,-7.197701986728987,-6.720073961770349,-0.477628024958638,15.200981152927136,11.501305849750615,29.532792305123742,36.98135299219706,-84.27094552597079,57318652.0,60099812.9,-1.0
2026-07-22,415.25,415.3999938964844,404.5499877929688,406.3999938964844,783812,440.2547790527344,514.593888092041,416.5141743846068,424.0024805642284,445.5246829318119,403.7553188992427,424.6400009155273,32.0990692059173,38.06775186119993,53.01200789993753,-7.813462769258706,-6.938751723268021,-0.8747110459906846,15.681244065700602,11.454784439305255,17.71443466415274,28.63970323985191,-95.92509887958886,56534840.0,59803489.3,-1.0
2026-07-23,405.25,407.0,399.3999938964844,403.25,730129,438.98718994140626,513.4416050720215,413.86133950768544,422.1158914220258,445.1414909836242,400.8135108474305,422.97750091552734,30.419640305432925,38.06775186119993,53.01200789993753,-8.458135684415936,-7.2426285154976044,-1.2155071689183314,16.61018912118115,11.179443129605996,5.536134939494579,17.594453969590354,-91.36770050080297,55804711.0,59514682.85,-1.0
2026-07-24,402.0,408.25,399.0,406.6499938964844,777845,438.0648162841797,512.3113076782226,412.41907038544525,420.7099007378857,443.83428542409234,399.1357157966108,421.48500061035156,34.408682640034804,38.06775186119993,53.01200789993753,-8.595607706720784,-7.51322435374224,-1.0823833529785443,17.269301666063303,11.04162576320557,12.83365758013203,12.02807572792645,-76.81820031368372,56582556.0,59264768.65,-1.0
2026-07-27,410.0,415.9500122070313,403.7999877929688,413.8500061035156,530732,437.04213439941407,511.225984954834,412.70525752905934,420.0862739529429,442.23364370061597,398.7063587407904,420.4700012207032,41.99277856967566,36.17367968411886,53.01200789993753,-8.03099811558144,-7.61677910611008,-0.4142190094713598,16.73038379116472,11.120797095409637,46.166990913465355,21.512261144363986,-54.99998150449811,57113288.0,59081459.85,-1.0
2026-07-28,414.0,414.25,404.6000061035156,409.1499938964844,727739,435.8247369384766,510.12738311767583,411.9942048025444,419.09206667508306,439.31661902467147,398.58838280638327,418.95250091552737,38.83601160638027,36.17367968411886,53.01200789993753,-7.872048576468103,-7.667833000181686,-0.2042155762864173,16.22996005018746,11.015739724057832,70.40810025010691,43.136249581234765,-69.24244273792614,56385549.0,58825393.4,-1.0
2026-07-29,412.8999938964844,417.5,406.0,414.25,1219638,434.8150408935547,509.0146438598634,412.4453638420356,418.6518787955301,437.65258624640467,398.52241680535315,418.0875015258789,43.77516478885498,36.17367968411886,53.01200789993753,-7.250967412763032,-7.5844598826979555,0.33349246993492354,15.302998118941783,11.050329743767987,90.90777600330821,69.1609557222935,-53.78787878787878,57605187.0,58682133.85,-1.0
2026-07-30,391.0,405.0,375.25,399.2000122070313,14967558,433.4215789794922,507.7633337402345,409.7962935150348,416.8835272874847,434.4995393990382,397.6054654837744,416.0525024414063,34.83537472667489,36.17367968411886,53.01200789993753,-7.882302080948705,-7.644028322348106,-0.23827375860059874,17.036412506388523,13.046734762070272,68.59543608415623,76.63710411252379,-57.7973353180065,42637629.0,57761429.85,-1.0
2026-07-31,399.0,399.0,383.25,385.8999938964844,3061579,431.92864562988285,506.5322779846192,405.0170335913248,414.06684243375736,432.8451034389806,393.84990083348043,413.3475021362305,29.166633748373005,36.17367968411886,49.41355820602737,-9.348080822038753,-7.984838822286235,-1.3632419997525176,18.64601158044621,13.254111722424632,44.354326747514676,67.95251294499303,-81.23349093130507,39576050.0,56636207.35,-1.0
2026-08-03,386.5,403.7000122070313,384.0,402.2000122070313,1674593,430.75074340820316,505.4238557434083,404.45362931446607,412.98803968587316,430.32677389767105,393.563231595493,411.945002746582,41.690204690083256,32.7972689756113,49.41355820602737,-9.089665773082231,-8.205804212445434,-0.883861560636797,19.518630125649967,13.714533185610824,39.59692370907992,50.84889551358361,-47.82184822510561,41250643.0,55665552.7,-1.0
2026-08-04,403.0,412.5,398.8999938964844,410.2000122070313,925377,429.67600219726563,504.3432182312013,405.60290589297915,412.73458264234205,428.99863950684363,393.6413659863205,411.3200027465821,46.67353497630628,32.7972689756113,49.41355820602737,-8.145441267226488,-8.193731623401645,0.048290356175156646,19.284384776752876,13.706352679746882,61.9092636282319,48.620171361608826,-32.33297901820231,42176020.0,54792450.0,-1.0
2026-08-05,412.0,413.8999938964844,406.2000122070313,406.9500122070313,541762,428.6329876708985,503.18500411987316,405.87232715578966,412.20871260276834,428.87262239264163,393.3023837108739,411.0875030517578,44.99130710733132,32.7972689756113,49.41355820602737,-7.572097950476575,-8.069404888816631,0.49730693834005635,18.910897307732714,13.27732618044018,92.03961651579134,64.51526795103437,-30.55856200350422,41634258.0,53943518.75,-1.0
2026-08-06,408.8999938964844,409.8500061035156,393.3500061035156,399.75,806023,427.44597290039064,501.9995152282715,404.64786172463175,411.076102366153,428.6592371439765,391.9507695698908,410.30500335693364,41.42883551371269,32.7972689756113,49.41355820602737,-7.610965579789195,-7.977717027011144,0.3667514472219491,19.525495661156498,13.507517167551597,86.81105384026836,80.2533113280972,-45.2513966480447,40828235.0,52987018.05,-1.0
2026-08-07,399.2000122070313,412.2000122070313,397.8500061035156,403.7000122070313,2260564,426.7049194335938,500.80760055542,404.4582918211117,410.40554871532373,427.4141208405465,391.53088648367236,409.47250366210943,44.04641918437895,32.7972689756113,49.41355820602737,-7.239582086754865,-7.830090038959888,0.590507952205023,19.823667039599062,13.56769494869189,81.80899635119921,86.8865555690863,-33.137437440739895,43088799.0,52112192.4,-1.0
2026-08-10,403.5,404.7999877929688,394.75,402.6000061035156,1885130,425.8222045898438,499.6204071044922,404.0866346775925,409.6959539324321,426.00967320650204,391.16033411771684,408.58500366210944,43.46387814133672,38.13203574999431,49.41355820602737,-6.95385952825626,-7.654843936819162,0.7009844085629027,20.322754835014642,13.31643015185453,78.90075472673342,82.50693497273366,-35.26625774315828,41203669.0,51143110.25,-1.0
2026-08-11,404.8999938964844,408.0,402.0,407.25,405459,425.17508605957033,498.3597372436524,404.719307742074,409.47359448402915,424.63559365023366,391.314412453282,407.9750030517578,46.6745255968793,38.13203574999431,49.41355820602737,-6.279816876399593,-7.3798385247352485,1.1000216483356553,20.393435053109574,12.793827998150634,88.88672044069116,83.19882383954126,-24.2603550295858,41609128.0,50284822.15,-1.0
2026-08-12,410.0,411.7999877929688,403.7999877929688,408.6499938964844,591399,424.6108117675781,497.1130476379395,405.5054449729561,409.39872170334326,422.97630385999287,391.7887016331713,407.3825027465821,47.638656122481784,38.13203574999431,49.41355820602737,-5.568475492160928,-7.017565918220385,1.449090426059457,20.00381585472956,12.451411712568447,93.88877792976031,87.22541769906164,-20.946760008321007,42200527.0,49437271.75,-1.0
2026-08-13,412.7000122070313,412.7999877929688,400.0,401.2999877929688,810276,423.9503942871094,495.82686569213865,404.66435353695874,408.6624731660365,421.21190822913184,391.7430966536807,406.4775024414063,43.22053622753928,38.13203574999431,49.41355820602737,-5.5340236068736885,-6.720857455951046,1.1868338490773578,19.967383625443762,12.476310004025617,92.0273665664691,91.60095497897352,-38.34322415865371,41390251.0,48588509.65,-1.0
2026-08-14,401.2000122070313,402.75,397.5,401.4500122070313,497308,423.3189031982422,494.5558930969238,404.0214852709733,408.006794897036,419.61962021912865,391.735384663684,405.6775024414063,43.336052653551185,38.13203574999431,49.41355820602737,-5.431997833439937,-6.463085531448825,1.0310876980088883,20.14375151951098,11.960145003738074,84.26318608171373,90.05977685931438,-37.98813678809159,41887559.0,47789008.25,-1.0
2026-08-17,401.5499877929688,404.7000122070313,397.0499877929688,403.0,306199,422.4142730712891,493.28394515991204,403.8171882167787,407.55163172457816,417.74291657345844,392.1520876990025,404.94750213623047,44.59031719001349,37.72437646562846,49.41355820602737,-5.166514251584772,-6.203771275476015,1.037257023891243,20.046991939372685,11.652279247332675,78.76236458577584,85.01763907798622,-34.319526627218934,42193758.0,46951065.45,-1.0
2026-08-18,404.5499877929688,408.8999938964844,402.2999877929688,404.1000061035156,335081,421.63534973144533,492.0603756713866,403.8737517941261,407.2378475772088,416.67526666357475,392.3047382192379,404.4900024414063,45.512111027825235,37.72437646562846,49.41355820602737,-4.811886864362691,-5.925394393253351,1.1135075288906595,19.40874056009956,11.291402594202882,82.89758189599654,81.97437752116203,-25.35572921231474,42528839.0,46211574.8,-1.0
2026-08-19,403.5,404.7999877929688,395.0,396.8500061035156,366481,420.5050103759766,490.8032987976073,402.469002656004,406.2934983523276,416.62364698018365,391.40135912333216,404.0125030517579,40.705600504217315,37.72437646562846,49.41355820602737,-5.057556155121915,-5.7518267456270635,0.6942705905051483,19.501299925144824,11.184872965543304,78.15084997161193,79.9369321511281,-55.62802997792578,42162358.0,45492950.7,-1.0
2026-08-20,400.0,402.8500061035156,394.8999938964844,395.5,1883583,419.4812921142579,489.5010804748534,401.07520212480324,405.3122712293887,416.79852266637005,390.45148343714567,403.62500305175786,39.86141472053081,37.72437646562846,49.41355820602737,-5.3000889221781335,-5.6614791809372775,0.361390258759144,19.596251823195303,10.953811482792444,50.31833813421649,70.45559000060831,-61.53845368726927,40278775.0,44716653.9,-1.0
2026-08-21,395.7000122070313,411.75,395.7000122070313,407.25,953583,418.4811724853515,488.31370315551743,402.3101616998426,405.48842839035336,416.8602234038982,390.449783309969,403.6550033569336,49.649060898502405,37.72437646562846,49.41355820602737,-4.492385660787136,-5.427660476907249,0.9352748161201134,18.543327008155032,11.332110662592985,54.15575425752668,60.87498078778503,-32.360086845208215,41232358.0,43949144.0,-1.0
2026-08-24,407.1000061035156,407.1000061035156,397.1499938964844,398.5499877929688,268563,417.40776733398434,487.2122099304198,401.55812691846785,404.8576610633184,415.3607116873653,390.4192931954474,402.89000244140635,43.945964259109495,39.519329895857084,49.41355820602737,-4.502392504864588,-5.242606882498717,0.7402143776341292,17.56561110847478,11.24410319408746,47.24389454593454,50.57266231255923,-74.69593781835543,40963795.0,43141669.35,-1.0
2026-08-25,398.5499877929688,407.0,396.25,406.3999938964844,399141,416.4993395996094,486.1714059448241,402.5265003140712,404.99787313906074,414.99107580347487,390.51392907933774,402.7525024414063,49.574375173923336,39.519329895857084,49.41355820602737,-3.8327119954725504,-4.960627905093483,1.127915909620933,16.761500666750987,11.208810108795499,80.32287416568158,60.5741743230476,-32.904883915417,41362936.0,42390538.7,-1.0
2026-08-26,409.0,419.5,407.0,411.1499938964844,567950,415.7816418457032,485.08504806518533,404.25119903055383,405.55715684428105,414.2892682982973,390.9057359741638,402.59750213623056,52.671173646729194,39.519329895857084,49.41355820602737,-2.885438525202744,-4.545590029115336,1.6601515039125916,16.525460348886853,11.343895536989793,80.32287416568158,69.2965476257659,-33.73739839804293,41930886.0,41606823.65,-1.0
2026-08-27,412.8999938964844,418.5,407.6000061035156,413.7999877929688,479502,415.27649230957036,483.9386473083494,406.1609567830369,406.30650511234353,415.9149417210963,390.74006010995856,403.3275009155274,54.355349697877756,39.519329895857084,49.41355820602737,-1.8989946860957048,-4.0162709605114095,2.1172762744157048,16.3062800537273,11.312188276953691,99.7456462864137,86.79713153925896,-23.03035235164118,42410388.0,41595461.6,-1.0
2026-08-28,415.0,417.8999938964844,402.7000122070313,403.3999938964844,293096,414.55436767578124,482.645764160156,405.6087642057264,406.0422768199927,413.7565815316676,394.64842029938734,404.2025009155275,47.249274614901886,39.519329895857084,49.41355820602737,-1.9341280040522406,-3.599842369219576,1.6657143651673354,15.471145569856253,11.589887806417932,83.65735945395505,87.90862663535012,-65.44716304446261,42117292.0,41722523.7,-1.0
2026-08-31,406.5,407.7000122070313,398.7999877929688,400.75,493962,413.72639343261716,481.348356323242,404.6370113645811,405.5611607454479,413.7696862879151,394.4903143224368,404.13000030517594,45.61294029585425,38.721507218939536,50.417743701218626,-2.1510082875946637,-3.310075552894594,1.1590672652999303,14.504394260944258,11.397754706963973,63.55145673053475,82.31815415696784,-76.21949328427365,41623330.0,41741158.05,-1.0
2026-09-01,402.0,403.0,397.0499877929688,402.0499877929688,632620,413.0720007324219,480.095839538574,404.1196066502587,405.24196320431344,412.96253901868135,394.4824591502643,403.7224990844728,46.590126941554075,38.721507218939536,50.417743701218626,-2.192713092781787,-3.086603060872033,0.8938899680902459,13.812430110725407,11.008630242683061,45.69290010331976,64.30057209593652,-70.93499137196305,42255950.0,41745154.55,-1.0
2026-09-02,400.0,403.9500122070313,397.1000061035156,398.6000061035156,593732,412.2100006103516,478.8372911071775,403.0156865409101,404.6381489224227,412.68452933336283,393.9254682252311,403.30499877929697,44.31455517741752,38.721507218939536,50.417743701218626,-2.4756118288502194,-2.9644048144676702,0.4887929856174509,13.043502408215238,10.711585661313963,38.9435955561163,49.39598412999027,-84.95930370317073,41662218.0,41746552.55,-1.0
2026-09-03,398.7999877929688,403.0,397.0,400.7999877929688,375233,411.4960003662109,477.6348652648923,402.5725467913219,404.2892251833814,412.6647224000939,394.05027393779693,403.3574981689454,46.12171823143789,38.721507218939536,50.417743701218626,-2.4935469222938877,-2.870233236032914,0.37668631373902617,12.34272601129117,10.375043828362966,40.1136894295855,41.58339502967385,-76.01629092424797,42037451.0,41807013.35,-1.0
2026-09-04,399.7000122070313,403.1499938964844,394.2999877929688,395.6000061035156,522372,410.67800048828127,476.4475732421872,401.1780386537606,403.4992961761209,412.8811578259008,393.02383790163844,402.9524978637696,42.602410449851526,38.721507218939536,50.417743701218626,-2.893995498682841,-2.8749856885628997,-0.019009810119941406,12.055677926006448,10.266112562302437,30.94268905843006,36.66665801471062,-94.8411996793236,41515079.0,41728327.35,-1.0
2026-09-07,395.0,396.2999877929688,387.25,389.2999877929688,444340,409.781000366211,475.23002746582,398.80242848160225,402.20844995947067,413.9464138203546,390.6285800761298,402.2874969482422,38.74503017208858,37.08790507213952,50.417743701218626,-3.677322818362427,-3.0354531145228054,-0.6418697038396215,12.633092398518405,10.179246507350037,20.70130081834511,30.585893102120224,-93.6434487039727,41070739.0,41721680.85,-1.0
2026-09-08,389.2999877929688,390.6499938964844,383.5,387.5499877929688,482134,408.74200012207035,474.0304061889645,396.5519403438756,400.8758624897887,414.432071975492,388.1729207002894,401.3024963378907,37.72327099456132,37.08790507213952,50.417743701218626,-4.388735130722637,-3.306109517762772,-1.0826256129598648,13.561447965899372,9.962871320859632,6.303776334962887,19.31592207057935,-88.75003390841998,40588605.0,41670654.7,-1.0
2026-09-09,386.7999877929688,388.6000061035156,382.6000061035156,386.7999877929688,358624,407.84700012207037,472.77493225097624,394.60154983369426,399.5962375173505,414.36179144343265,386.05820062199706,400.20999603271486,37.26964730684817,37.08790507213952,50.417743701218626,-4.955924433788709,-3.6360725009679595,-1.3198519328207499,14.516239378453268,9.679809083655373,0.0,9.001692384435998,-88.61793391826731,40229981.0,41572127.4,-1.0
2026-09-10,390.0,390.0,383.0,384.0,187712,406.7290002441407,471.4937414550779,392.48123986695543,398.17839774304593,415.22553520518346,383.46445808094944,399.34499664306645,35.55088298063367,37.08790507213952,50.417743701218626,-5.567186595643818,-4.022295319903131,-1.544891275740687,15.145191803563568,9.488394149108561,0.0,2.101258778320962,-96.20597797275582,40042269.0,41504728.3,-1.0
2026-09-11,383.25,383.6000061035156,375.5499877929688,382.6499938964844,373196,405.5820001220704,470.18186843872047,390.51499067286125,396.7667246660858,415.9040461716643,380.905945283414,398.40499572753913,34.71950437840562,37.08790507213952,50.417743701218626,-6.090344769507055,-4.4359052098239165,-1.654439559683139,16.496257464796468,9.414224010388748,0.0,0.0,-83.84526932536393,39669073.0,41393804.0,-1.0
2026-09-14,382.6499938964844,382.6499938964844,382.6499938964844,382.6499938964844,0,404.63000000000005,468.9041488647459,388.9419913175859,395.48338550521294,416.08694388949357,378.68804695523306,397.3874954223633,34.719504378405624,34.48652162341594,50.417743701218626,-6.430820891257383,-4.83488834611061,-1.5959325451467734,17.7508184359413,8.741779438218124,1.2062000628606863e-14,4.020666876202288e-15,-83.84526932536393,39669073.0,41267569.75,-1.0
2026-09-15,382.9500122070313,383.7999877929688,377.25,378.8500061035156,337576,403.75299987792977,467.5660462951658,386.9235942747719,393.9712601050586,416.2699026133415,375.980088231385,396.12499542236327,32.256940735413394,34.48652162341594,50.417743701218626,-6.9274229086916534,-5.253395258626819,-1.6740276500648346,19.411859514636745,8.585222892128888,1.2062000628606863e-14,8.041333752404575e-15,-92.31660681575642,39331497.0,41107702.65,-1.0
2026-09-16,376.1000061035156,382.3999938964844,374.2000122070313,380.1000061035156,267759,403.1229998779298,466.2484036254881,385.5588766405207,392.71023701400924,416.6607626622625,373.91422818246394,395.28749542236324,33.91734531457486,34.48652162341594,50.417743701218626,-7.137838473249133,-5.630283901551282,-1.5075545716978507,21.20797013096454,8.55770566336633,3.691674675222126,1.2305582250740499,-86.49886414504317,39599256.0,40979547.55,-1.0
2026-09-17,380.1000061035156,381.5,376.1000061035156,380.2000122070313,160993,402.41900024414076,464.97189605712873,384.48710375382285,391.5729438497385,416.9337767198004,372.1112153456292,394.5224960327148,34.056603779723226,34.48652162341594,50.417743701218626,-7.2133733890948974,-5.946901799060005,-1.2664715900348922,22.875787131840355,8.332154822874761,7.876980529824101,3.8562184016820793,-82.08955223880598,39760249.0,40953621.25,-1.0
2026-09-18,379.1000061035156,384.0,366.6499938964844,369.0499877929688,2498133,401.3929998779298,463.6451226806639,381.3996805616521,389.5254023900322,416.89009352962245,368.334897315104,392.6124954223632,27.17944940922294,34.48652162341594,50.417743701218626,-8.079810118140358,-6.373483462876076,-1.7063266552642817,25.128877624453676,8.976287057206251,7.876980529824101,6.481878578290109,-93.56570316801745,37262116.0,40755109.15,-1.0
2026-09-21,369.9500122070313,387.0499877929688,360.3999938964844,385.1499938964844,3622808,400.6889996337892,462.368186187744,382.14974322861855,389.1276379815278,416.2697190678089,367.61527238726916,391.94249572753904,44.58139881354821,31.951850082083826,50.417743701218626,-7.382233733856879,-6.575233517072237,-0.8070002167846413,27.587124487003763,10.238694688583266,34.808088457280085,16.85401650564276,-43.16879542159445,40884924.0,40751165.6,-1.0
2026-09-22,385.1499938964844,385.8500061035156,373.6000061035156,377.5,422362,399.8499993896486,461.0657136535643,381.21979458289485,388.0705799832071,414.64145670526597,366.3535353601637,390.4974960327148,39.72387158211315,31.951850082083826,50.417743701218626,-7.361827433253438,-6.732552300308478,-0.6292751329449606,29.86978228794313,10.38235935368446,52.697614804014805,31.794227930372994,-59.99998572277047,40462562.0,40706146.9,-1.0
2026-09-23,379.3999938964844,386.8500061035156,375.1499938964844,381.8500061035156,369046,399.0769995117189,459.82313323974586,381.345836887019,387.50507326687153,411.38964750842626,366.6753457777065,389.0324966430664,43.494109342033084,31.951850082083826,50.417743701218626,-6.914935087676781,-6.769028857782139,-0.14590622989464208,31.75647217488496,10.476477414637802,83.94825144965236,57.15131823698241,-49.82453284904971,40831608.0,40651183.0,-1.0
2026-09-24,380.0,384.8999938964844,378.1000061035156,380.3500061035156,230354,398.2959997558595,458.59798233032205,381.14667073031836,386.8546126156574,406.71954510515417,368.00045001203324,387.3599975585937,42.50676749390639,31.951850082083826,50.417743701218626,-6.605661197693053,-6.736355325764323,0.13069412807127012,33.5083984984738,10.213871013090014,82.68485789885798,73.11024138417504,-44.42892590857825,40601254.0,40560726.3,-1.0
2026-09-25,380.3500061035156,381.8500061035156,376.9500122070313,378.7000122070313,177820,397.5209997558595,457.35361251831034,380.657339025661,386.11328530578226,404.29073716124714,367.9592597869949,386.124998474121,41.39363607290454,31.951850082083826,50.417743701218626,-6.419697848876183,-6.673023830386695,0.2533259815105122,35.21804967926097,9.834308361903892,87.83721795708243,84.82344243519759,-39.5040717006713,40423434.0,40476033.4,-1.0
2026-09-28,380.0,380.0,374.0,376.0,271472,396.68899963378914,456.03840499877913,379.7258712205288,385.1938957325293,402.21085413666054,367.5641428115817,384.8874984741211,39.56765308465802,35.57037755679123,50.417743701218626,-6.416226707784233,-6.621664405866203,0.20543769808196988,37.01320141992674,9.560429193196471,80.31611372876509,83.6127298615685,-47.29728754460359,40151962.0,40402465.0,-1.0
2026-09-29,376.0,376.9500122070313,365.0,367.2000122070313,582282,395.76799987792975,454.6485340881347,377.2206994178293,383.55808813930224,400.2085877984801,366.08141159116843,383.14499969482426,34.262655452018016,35.57037755679123,50.417743701218626,-7.042381088330444,-6.705807742359052,-0.33657334597139243,39.19919097561576,9.731113694184675,64.52456484279317,77.55929884288022,-77.0269699041066,39569680.0,40268151.5,-1.0
2026-09-30,367.2000122070313,373.2999877929688,363.1000061035156,365.2999877929688,345192,394.9459997558595,453.18260177612297,374.83655709285716,381.8982608350901,398.6918756507072,364.26812190788667,381.4799987792969,33.22680911488587,35.57037755679123,47.969688803091245,-7.6042717261954635,-6.885500539126335,-0.7187711870691285,41.32156365438942,9.764604265275283,48.88105508752248,64.57391121969357,-81.6135271343127,39224488.0,40146265.0,-1.0
2026-10-01,365.2999877929688,365.2999877929688,353.29998779296875,361.2999877929688,530451,394.1069995117188,451.766471710205,372.1292432328795,380.02569055853365,396.44538788030036,362.5646096782933,379.50499877929684,31.095449887370926,35.57037755679123,47.969688803091245,-8.276929385762685,-7.163786308453606,-1.1131430773090791,43.69603047040196,9.924275389184196,32.652598913945134,48.686072948086924,-76.29629629629618,38694037.0,39979094.3,-1.0
