Date,Open,High,Low,Close,Volume,MA50,MA200,EMA9,EMA21,BB_Upper,BB_Lower,BB_Mid,RSI,RSI_W,RSI_M,MACD,MACD_Signal,MACD_Hist,ADX,ATR,StochRSI_K,StochRSI_D,Williams_R,OBV,OBV_SMA20,Supertrend_Dir
2025-07-23,1496.7820181252073,1502.9983916071983,1453.0695021908634,1461.555419921875,140957,1457.3085864257819,1310.9228909301758,1515.122471359739,1519.1183071853675,1626.5107684278355,1469.940379033102,1548.2255737304688,42.979951726663266,65.76866487547429,35.64814582379716,11.673895345440542,30.61237180610566,-18.938476460665118,21.156475683017494,50.69487976561473,5.321445511351405,5.3214455113514045,-95.25911096358247,11582053.0,12033479.3,1.0
2025-07-24,1461.259556692871,1471.2255811401697,1442.9062636743506,1450.109375,131639,1462.216618652344,1310.6231698608397,1502.119852087791,1512.8447678957887,1633.5877096401364,1456.9232766879886,1545.2554931640625,41.51868331633043,65.76866487547429,35.64814582379716,5.134550103688298,25.51680746562219,-20.382257361933892,21.3705631558592,49.096625315629325,0.0,3.5476303409009367,-96.19200264290426,11450414.0,12065065.0,1.0
2025-07-25,1454.8457673210632,1454.8457673210632,1416.9550239279831,1422.382080078125,136330,1465.4018066406252,1310.022986755371,1486.172297685858,1504.6208871850918,1640.8844833263192,1434.8155777088373,1537.8500305175783,38.136181650384394,65.76866487547429,35.64814582379716,-2.2592459068789594,19.961596791121963,-22.220842698000922,22.063407936725554,48.29620517830438,0.0,1.7738151704504683,-97.47706346039669,11314084.0,12045929.05,-1.0
2025-07-28,1422.5793471657912,1431.1640353341618,1375.5120185286714,1392.6812744140625,267014,1468.0955981445316,1309.0688119506835,1467.474093031499,1494.4445587513617,1648.2623243382131,1408.8180101344433,1528.5401672363282,34.86000504874171,60.458544126824904,35.64814582379716,-10.395654675745163,13.890146497748537,-24.285801173493702,23.374259168955476,48.821620294531954,0.0,0.0,-93.30768219232003,11047070.0,11994371.45,-1.0
2025-07-29,1387.3528498931623,1451.3921342665517,1382.4191626602565,1443.103515625,155705,1472.6681372070311,1308.058639831543,1462.5999775501994,1489.7771911944196,1638.33584214647,1401.6147315839985,1519.9752868652342,43.70220059018518,60.458544126824904,35.64814582379716,-12.629577863292525,8.586201625540326,-21.21577948883285,23.92428792391113,50.261002531086476,10.105296674370928,3.3684322247903093,-73.6538506569526,11202775.0,11932694.45,-1.0
2025-07-30,1451.4908304241046,1452.9709366413963,1415.9682812091028,1427.5130615234375,64994,1476.7788842773436,1306.6569784545898,1455.5825943448472,1484.1168157697848,1636.728456338647,1389.7728864347905,1513.2506713867188,41.81230502030269,60.458544126824904,35.64814582379716,-15.479558717896907,3.7730495568528792,-19.252608274749786,24.382970637377944,49.31397773831555,18.873705426105957,9.659667366825628,-76.61935803884114,11137781.0,11882068.3,-1.0
2025-07-31,1406.1009085491123,1458.5952942877386,1406.1009085491123,1436.98583984375,114708,1481.2744604492186,1305.3581857299803,1451.8632434446276,1479.8321815946906,1635.6134333506805,1380.7837346180697,1508.198583984375,43.413522969688216,60.458544126824904,32.8545512311618,-16.78038124546333,-0.33763660361036285,-16.44274464185297,24.988371896695167,49.54114973833775,32.305895432694285,20.428299177723723,-68.06762485718704,11252489.0,11850344.45,-1.0
2025-08-01,1436.9857744188944,1436.9857744188944,1393.865276249153,1400.180419921875,73317,1485.2431176757814,1303.573917541504,1441.5266787400772,1472.5911123517074,1634.59131151982,1366.3634126012735,1500.4773620605467,38.93089431585065,60.458544126824904,32.8545512311618,-20.54435967256154,-4.378981217400598,-16.16537845516094,25.770944454257688,49.082536442356265,28.593402121449717,26.59100099341665,-86.5446888453336,11179172.0,11804058.35,-1.0
2025-08-04,1400.1803748752964,1435.900220683826,1389.3262634421546,1415.7708740234375,111588,1488.396728515625,1301.9470333862305,1436.3755177967494,1467.4256361400464,1629.7671719581617,1357.0081332176192,1493.3876525878904,41.67797852689565,59.11225517285186,32.8545512311618,-22.015538914492936,-7.906292756819067,-14.10924615767387,26.580113336794938,48.90335221373592,31.767773563074805,30.889023705739596,-77.61933322642831,11290760.0,11754191.8,-1.0
2025-08-05,1415.7709675409471,1435.8016658744132,1398.2069924266077,1407.186279296875,63861,1491.8582055664065,1300.3070761108397,1430.5376700967745,1461.9493309724853,1617.4885397808455,1350.8446511371228,1484.1665954589841,40.59512428141992,59.11225517285186,32.8545512311618,-23.60209386667816,-11.045452978790886,-12.556640887887275,27.331484442008097,48.09558944474089,29.505200733777997,29.955458806100836,-81.51986444798779,11226899.0,11685960.25,-1.0
2025-08-06,1412.514708018231,1426.9210511910176,1356.7640401851677,1362.5858154296875,200874,1490.7313525390628,1298.4071133422851,1416.947299163357,1452.9162841049583,1604.5662206156753,1340.065542079637,1472.3158813476562,35.44287816409962,59.11225517285186,32.8545512311618,-28.134023281679447,-14.4631670393686,-13.670856242310848,28.74946093560668,49.67140527053439,24.247590781171684,28.50685502600816,-96.89308858889999,11026025.0,11594111.15,-1.0
2025-08-07,1353.8037914991176,1388.7343215799626,1346.8966292975915,1377.3868408203125,131216,1489.7860571289066,1296.75186126709,1409.0352074947482,1446.0499710790814,1587.654072901636,1335.5260174303958,1461.590045166016,38.24404316657771,59.11225517285186,32.8545512311618,-30.183356002651408,-17.60720483202516,-12.576151170626247,30.2151091800136,49.11185434280845,18.89550360674973,24.216098373899804,-83.66804934899247,11157241.0,11521536.25,-1.0
2025-08-08,1377.386854815021,1398.9964294410545,1352.9157174432964,1361.9937744140625,88311,1489.2038842773443,1295.4222329711918,1399.6269208786111,1438.4084986549888,1572.0399280816905,1329.6391612737784,1450.8395446777345,36.47161925722878,59.11225517285186,32.8545512311618,-32.67292561413774,-20.620348988447677,-12.052576625690062,31.124546469009907,48.89534417530485,11.87696773535918,18.3400207077602,-91.91327915749075,11068930.0,11453877.5,-1.0
2025-08-11,1366.6313638821678,1384.4912875798168,1354.889164174427,1379.65625,66258,1488.3394995117194,1294.6069412231448,1395.632786702889,1433.067385140899,1563.7554908089512,1323.5369530387054,1443.6462219238283,39.91272054577102,56.770642036470264,32.8545512311618,-32.84212967196095,-23.064705125150333,-9.777424546810614,31.969023951649334,47.51725697745378,29.789515252029968,20.18732886471296,-79.01393282323475,11135188.0,11414563.5,-1.0
2025-08-12,1391.2997370862065,1399.8843043047118,1339.0026547702,1348.6727294921875,151289,1486.4568066406257,1293.5836941528325,1386.2407752607487,1425.3951437182889,1549.4896818782195,1317.5351838444371,1433.5124328613283,36.20767012804347,56.770642036470264,32.8545512311618,-35.072047539289315,-25.46617360797813,-9.605873931311184,33.04113555242357,48.47185644581507,28.279253795536654,23.3152455943086,-92.68653705717426,10983899.0,11358193.7,-1.0
2025-08-13,1371.5651195808357,1457.4112817416506,1371.5651195808357,1420.8033447265625,928117,1484.4241284179695,1293.0918063354497,1393.1532891539114,1424.9777074463136,1532.990882096163,1322.410228743681,1427.700555419922,48.2512638192408,56.770642036470264,32.8545512311618,-30.665443541556215,-26.506027594693748,-4.159415946862467,31.768734493988962,52.77662043178992,57.461505822969016,38.51009162351188,-31.60056481204584,11912016.0,11353332.85,-1.0
2025-08-14,1430.670708707867,1492.9338201437504,1410.5412398516137,1474.087158203125,627473,1484.177446289063,1293.2067617797857,1409.3400629637542,1429.4422029696602,1524.6810900248684,1326.3981214009132,1425.5396057128908,55.00862650309423,56.770642036470264,32.8545512311618,-22.612951658688417,-25.727412407492686,3.1144607488042695,29.553376607041233,54.89204613610041,71.74709822911151,52.4959526158724,-12.243564774481829,12539489.0,11388827.25,-1.0
2025-08-18,1480.106158118341,1501.2223633977655,1411.0345374061517,1421.296630859375,290056,1483.3150390625008,1293.1219027709967,1411.7313765428785,1428.7016964141797,1512.6438877350463,1329.8507045501099,1421.247296142578,48.281853131181016,61.581585061028946,32.8545512311618,-20.25753197550216,-24.63343632109458,4.375904345592421,27.60878620525153,57.41317326863709,88.5398822892508,72.58282878044378,-49.270050608887,12249433.0,11415469.25,-1.0
2025-08-19,1415.968290602127,1444.5836776595916,1402.1539658157646,1430.3746337890625,256109,1481.367219238282,1292.9706857299811,1415.4600279921153,1428.853781630078,1494.3462544945005,1338.7743387672185,1416.5602966308595,49.42713543525549,61.581585061028946,32.8545512311618,-17.45709145467731,-23.19816734781113,5.741075893133818,25.71961741743486,56.342926024007795,79.03093333223629,79.77263795019954,-43.6739346951731,12505542.0,11449213.5,-1.0
2025-08-20,1431.7560123280366,1470.2387721356129,1430.3745558344183,1459.2860107421875,234937,1480.3193041992192,1292.8670779418953,1424.22522454213,1431.6203479129967,1485.8276753019609,1343.5334575105394,1414.6805664062501,52.99705022589621,61.581585061028946,32.8545512311618,-12.757752241762773,-21.11008432660146,8.352332084838686,24.492683875096095,55.16587532952114,75.60389637911186,81.05823733353297,-25.85157685855437,12740479.0,11500086.95,-1.0
2025-08-21,1459.3847443863533,1512.668568725003,1440.1433633751742,1490.8616943359375,245053,1480.1614257812505,1292.602879333497,1437.5525185008917,1437.0059248605367,1492.382971830971,1339.908788422935,1416.145880126953,56.60031014681893,61.581585061028946,32.8545512311618,-6.41168832967287,-18.17040512721574,11.75871679754287,24.306561121704707,56.40582747382884,87.06401408986105,80.56628126706973,-12.556795914908703,12985532.0,11570260.9,-1.0
2025-08-22,1498.854105038936,1554.0127495845545,1483.8557447951202,1524.50927734375,564599,1481.7461254882817,1292.3603878784188,1454.9438702694633,1444.9607750862833,1509.21414335506,1330.5176071332212,1419.8658752441406,60.10964027511645,61.581585061028946,32.8545512311618,1.3175044149488713,-14.272823218782818,15.59032763373169,24.874586983927284,57.38805442494352,96.57296304687557,86.41362450528283,-13.721900949012934,13550131.0,11675246.75,1.0
2025-08-25,1527.8642719789518,1551.1512514085564,1518.588915978224,1538.7183837890625,192131,1483.822221679688,1292.2987167358406,1471.6987729733833,1453.4841940592632,1529.6691951624973,1321.6961856968776,1425.6826904296875,61.524519058008075,63.5468121412155,32.8545512311618,8.491615433695188,-9.719935488287218,18.211550921982408,25.40203957027682,55.6147887824713,99.99999999999999,94.54565904557887,-7.113324520273146,13742262.0,11796655.65,1.0
2025-08-26,1533.1927705473856,1533.1927705473856,1491.947095004935,1501.7158203125,138291,1484.5168896484377,1291.994308776856,1477.7021824412068,1457.868887355012,1539.1891643865856,1323.0796710626332,1431.1344177246094,55.95823906046552,63.5468121412155,32.8545512311618,11.063815693172728,-5.563185251995229,16.627000945167957,25.038985333111405,54.98311021116104,92.88608154143834,96.48634819610464,-24.3230111205751,13603971.0,11924500.7,1.0
2025-08-28,1494.9073375022638,1529.7392200153674,1470.7322683479367,1512.4713134765625,134109,1484.982634277344,1291.4303890991218,1484.656008648278,1462.832744275153,1548.566810289268,1320.6388049451068,1434.6028076171874,57.17117042656326,63.5468121412155,32.8545512311618,13.810976995672718,-1.6883528024616399,15.499329798134358,24.084344027470927,55.27052745803745,87.15426154086913,93.34678102743581,-19.320691032604774,13738080.0,12051265.95,1.0
2025-08-29,1506.7480890552465,1519.5756759299802,1484.447846732518,1492.6376953125,79402,1485.1839282226563,1290.7122909545906,1486.2523459811223,1465.542285278548,1554.6564291862503,1321.061649427031,1437.8590393066406,54.20648187719574,63.5468121412155,32.8545512311618,14.223752327897955,1.4940682236102791,12.729684104287676,23.197891386519053,53.83176329656779,77.51899558148556,85.853112887931,-28.545196598814293,13658678.0,12177310.8,1.0
2025-09-01,1495.400585861781,1509.4122092874693,1474.6790996835578,1495.6966552734375,103569,1486.1529052734375,1290.2127554321296,1488.1412078395854,1468.2835916417198,1560.4166368312478,1321.172523325002,1440.794580078125,54.59753695914648,61.40851001589626,35.005870397296114,14.629077359113126,4.121070050710848,10.508007308402277,22.0799866998725,52.46757374709235,75.51252927438634,80.06192879891367,-27.122491323706775,13762247.0,12302798.7,1.0
2025-09-02,1495.7953117997254,1538.2250217881854,1483.0663747129176,1509.510986328125,132875,1487.1218823242184,1289.9732247924812,1492.4151635372934,1472.031536613211,1568.041410183818,1324.480806613057,1446.2611083984375,56.40796720405446,61.40851001589626,35.005870397296114,15.881924492101689,6.473240938989017,9.408683553112672,21.735649108479592,52.659793270533456,74.50766063977323,75.84639516521503,-20.697522734852768,13895122.0,12438596.2,1.0
2025-09-03,1516.911606636795,1554.1115621990498,1516.911606636795,1528.6536865234375,297891,1487.6981372070306,1289.9673043823252,1499.6628681345223,1477.179004786868,1578.1183979830269,1325.6921000638479,1451.9052490234374,58.856264344394496,61.40851001589626,35.005870397296114,18.209562295726073,8.820505210336428,9.389057085389645,21.762908824381533,52.084134884847124,77.4420968337993,75.82076224931961,-13.945971945811097,14193013.0,12583708.85,1.0
2025-09-04,1545.230833920634,1545.9215019493824,1485.0398499684254,1492.7364501953125,126581,1487.3646215820306,1290.5139572143562,1498.2775845466804,1478.5933180058175,1581.8119649145888,1330.55355022213,1456.1827575683594,52.85767095321535,61.40851001589626,35.005870397296114,16.960501126570307,10.448504393583205,6.511996732987102,20.806284906761373,52.712528963140684,64.74701495379182,72.23225747578812,-40.389630702587475,14066432.0,12725685.5,1.0
2025-09-05,1492.7364742211691,1511.1884165000156,1473.7910427621125,1486.026611328125,92814,1487.4021191406243,1290.8154049682626,1495.8273899029693,1479.269071944209,1580.530581491059,1344.1790132355036,1462.3547973632812,51.795624130971895,61.40851001589626,35.005870397296114,15.25335208296542,11.409473931459647,3.8438781515057734,19.600373147269764,51.61858930419515,46.99494132918542,63.06135103892551,-44.805230203295,13973618.0,12873065.15,1.0
2025-09-08,1488.000061920878,1533.3899842341143,1488.000061920878,1509.510986328125,129998,1487.402119140624,1291.2049197387703,1498.5641091880007,1482.0183368882012,1581.7883191831968,1356.1336900941467,1468.9610046386717,55.18928988536847,60.95036250854349,35.005870397296114,15.615412210249815,12.250661587217682,3.3647506230321333,19.03110065846338,51.31464527575187,36.23957458627647,49.3271769564179,-29.350672116731847,14103616.0,13020383.9,1.0
2025-09-09,1517.404906153498,1517.404906153498,1471.7189138162746,1478.0340576171875,152797,1485.5529736328117,1291.3381295776376,1494.458098873838,1481.6561296817456,1575.7419935691887,1373.7840440284676,1474.7630187988282,50.09828527337456,60.95036250854349,35.005870397296114,13.210144068528507,12.442558083479847,0.7675859850486599,18.027445518605106,50.91259863728555,24.72170789861147,35.98540793802445,-61.48322706117124,13950819.0,13164478.35,1.0
2025-09-10,1482.2770178788144,1486.0266685430638,1445.5704312188502,1460.1741943359375,201651,1483.178886718749,1291.3386239624033,1487.601317966258,1479.7032264684901,1569.7231985344897,1387.85463349676,1478.7889160156249,47.42510965682775,60.95036250854349,35.005870397296114,9.750413335985968,11.904129133981073,-2.1537157979951047,17.08456613647306,50.16571568635184,15.877136825066872,25.612806436651603,-82.42419274194323,13749168.0,13295177.35,1.0
2025-09-11,1459.9767152240331,1462.2462595524664,1437.1831040898098,1444.4849853515625,103312,1479.780563964843,1291.2253958129893,1478.9780514433191,1476.501568185133,1553.2637730396564,1413.8952845775311,1483.5795288085938,45.146168412799526,60.95036250854349,35.005870397296114,5.677121437536925,10.658727594692245,-4.981606157155319,16.421548723768584,48.3726756703736,0.0,13.532948241226114,-93.7552573771811,13645856.0,13428275.2,1.0
2025-09-12,1449.846415142928,1452.4277786687016,1417.777587890625,1431.6773681640625,198123,1477.174003906249,1291.0831594848644,1469.5179147874678,1472.4266409104903,1551.888410869123,1416.3580490918146,1484.1232299804688,43.316266644962724,60.95036250854349,35.005870397296114,1.3994090755036268,8.806863890854522,-7.407454815350896,16.281777609295467,47.39249817806668,0.0,5.292378941688957,-89.80461008054206,13447733.0,13505061.05,1.0
2025-09-15,1431.677324503172,1477.4472896255968,1420.1603882956983,1452.427734375,364097,1475.4620068359368,1291.1603689575206,1466.0998787049743,1470.608558498173,1552.1595210019714,1413.9209965761538,1483.0402587890626,47.06022557986089,57.17394145252568,35.005870397296114,-0.31272278191750047,6.982946556300118,-7.2956693382176185,15.40645182682988,48.09924126034038,8.030801135050073,2.6769337116833576,-74.58436412483151,13811830.0,13568678.1,1.0
2025-09-16,1462.4554271029212,1468.412475685825,1424.7274527445295,1434.755126953125,181575,1473.0650122070303,1291.0248873901378,1459.8309283546046,1467.3491556304414,1550.5249628147494,1416.9014043727507,1483.71318359375,44.37214314290806,57.17394145252568,35.005870397296114,-3.0603534869762825,4.974286547644838,-8.03464003462112,14.593649314540405,47.783939951837176,10.29565882329358,6.1088199861145505,-87.54709591015651,13630255.0,13637719.2,1.0
2025-09-17,1424.7274432712131,1443.4921704218827,1420.7560775756835,1429.691650390625,210691,1470.5075439453117,1290.9807699584976,1453.8030727618088,1463.9257460631852,1550.6062023536274,1416.7518664940285,1483.679034423828,43.60364255019835,57.17394145252568,35.005870397296114,-5.582103839378988,2.8630084702400733,-8.445112309619061,13.952078477408625,45.99480801572018,10.912080847702107,9.746180268681918,-91.26111993695194,13419564.0,13683420.3,1.0
2025-09-18,1436.3435921416944,1442.1021206891226,1415.7918238228494,1420.4581298828125,153854,1467.0845581054677,1290.811299133302,1447.1340841860097,1459.9741445922423,1553.7067865972347,1409.768494164484,1481.7376403808594,42.16936225511186,57.17394145252568,35.005870397296114,-8.23079758801714,0.6442472585886305,-8.875044846605771,13.502912496092843,44.588771505045386,2.881279712652035,8.029673127882575,-96.62643516048902,13265710.0,13709681.85,1.0
2025-09-19,1424.628243201789,1429.0960297969043,1398.317944363887,1406.6578369140625,193975,1463.2257128906242,1290.633511047365,1439.0388347316202,1455.1272075305897,1556.7368496385436,1398.3180453809875,1477.5274475097656,40.04900674937819,57.17394145252568,35.005870397296114,-11.313064806388638,-1.7472151544068235,-9.565849651981814,13.587999473729575,43.60229392847196,0.6164220244085273,4.803260861587556,-94.64683299222204,13071735.0,13713992.0,1.0
2025-09-22,1414.7989809158428,1449.548429569916,1406.657729995472,1418.27392578125,331286,1459.7531201171867,1290.3241030883803,1434.8858529415463,1451.7769091897405,1552.4016540145178,1392.0297058487633,1472.2156799316406,42.66241552582979,55.47008386962409,35.005870397296114,-12.672383146973516,-3.932248752920162,-8.740134394053353,12.949611894373033,43.551465760327105,4.631915389131707,2.709872375397423,-87.19075807169618,13403021.0,13706636.5,1.0
2025-09-23,1427.2095786108664,1430.1881029488368,1387.0987599535704,1393.6514892578125,273357,1456.0860742187492,1289.742338562013,1426.6389802047995,1446.4927801050198,1546.0587778937975,1383.8658925163586,1464.962335205078,38.801298165423994,55.47008386962409,35.005870397296114,-15.55714449662969,-6.257227901662068,-9.299916594967621,12.920231050201295,43.518456991394196,4.631915389131707,3.2934176008906464,-95.87418702013412,13129664.0,13676006.6,1.0
2025-09-24,1399.8071008508457,1401.5941426360562,1363.0719693985243,1367.0433349609375,146218,1452.9564868164057,1289.0517086792006,1414.7198511560273,1439.2701032737396,1548.339151778158,1368.1182700968418,1458.2287109375,35.10393762155547,55.47008386962409,35.005870397296114,-19.76258356637709,-8.958299034605073,-10.804284531772016,13.509194923002402,43.16157958040403,4.631915389131707,4.631915389131707,-97.66826453076803,12983446.0,13644980.35,-1.0
2025-09-25,1365.1569378530137,1386.2051272525991,1350.2643167127987,1358.1077880859375,201950,1449.091672363281,1288.4207479858412,1403.3974385420095,1431.8917109839394,1547.2576485585546,1353.7634207773826,1450.5105346679686,33.93449737027516,55.47008386962409,35.005870397296114,-23.545035766989713,-11.875646381082001,-11.669389385907712,14.357868272418052,42.64581036321806,0.0,3.087943592754471,-95.71689131332407,12781496.0,13597151.15,-1.0
2025-09-26,1360.1926919398636,1360.1926919398636,1263.1921374968958,1269.0498046875,565268,1443.7318505859373,1287.5107626342788,1376.5279117711075,1417.0879013206268,1563.3971165055066,1315.2651637679312,1439.331140136719,24.996536578290584,55.47008386962409,35.005870397296114,-33.344516528405165,-16.169420410546635,-17.17509611785853,16.64770221983732,46.528292083200185,0.0,1.5439717963772355,-97.69576201008341,12216228.0,13525028.65,-1.0
2025-09-29,1283.0490215863786,1358.207068955708,1272.227025818126,1322.8619384765625,701150,1439.8429663085935,1286.9273153686536,1365.7947171121984,1408.5219046984391,1562.0852726215926,1299.2935359721578,1430.6894042968752,35.970622230021206,47.14774518777226,35.005870397296114,-36.349472075931544,-20.205430743623616,-16.14404133230793,18.773976599583786,49.57321866784361,16.309680235865713,5.436560078621904,-73.22237235875082,12917378.0,13482785.2,-1.0
2025-09-30,1327.6274608998383,1334.1803110441858,1315.0184237000597,1323.854736328125,689436,1436.1772045898435,1286.523238220216,1357.4067209553837,1400.8248893920468,1555.5593286610545,1287.2538549326957,1421.406591796875,36.156219217968,47.14774518777226,31.689677973932795,-38.21034543041105,-23.806413680981102,-14.403931749429951,20.74837423791979,47.40098071614951,33.169481935214606,16.49305405702677,-71.6867490799989,13606814.0,13468369.8,-1.0
2025-10-01,1321.4719023962807,1357.909133270021,1309.55780560533,1328.918212890625,177535,1432.2732763671875,1286.0662796020517,1351.709019342432,1394.2879188010083,1541.6366355049554,1281.203000725514,1411.4198181152346,37.156732954956446,47.14774518777226,31.689677973932795,-38.8289250515229,-26.810915955089463,-12.018009096433438,21.666422101134543,47.46886264104533,51.54083765879042,33.67333327662358,-69.32345628998075,13784349.0,13447936.6,-1.0
2025-10-03,1330.407507760388,1373.794629497571,1320.1811926176742,1362.376953125,367411,1429.583203125,1285.754906311036,1353.8426060989457,1391.3869219213714,1530.9645852031779,1278.8391013202602,1404.901843261719,43.46182862251461,47.14774518777226,31.689677973932795,-36.20199903738376,-28.689132571548324,-7.512866465835433,21.952483993418078,47.90776080096328,63.12811222335091,49.27947727245197,-53.70715026328756,14151760.0,13452203.0,-1.0
2025-10-06,1367.0433242983215,1375.978896744056,1332.3931357972392,1348.080078125,156993,1427.3136962890624,1285.049632263184,1352.6901005041566,1387.4499361217013,1520.4206692172509,1275.5883639858746,1398.0045166015627,41.543798821727506,52.367377937619416,31.689677973932795,-34.87179917972617,-29.925665893183893,-4.946133286542274,22.139905588351667,47.59904652566711,74.73582746470088,63.13492578228073,-58.6357076607315,13994767.0,13453260.45,-1.0
2025-10-07,1352.547918378545,1355.6257025490668,1320.5783518555008,1326.535400390625,421841,1424.842216796875,1284.3232211303716,1347.4591604814502,1381.91225105524,1503.2716747567965,1274.4397998525787,1388.8557373046876,38.76730606876091,52.367377937619416,31.689677973932795,-35.1508841341074,-30.9707095413686,-4.180174592738801,22.574149637810713,46.702496823374176,81.03384538662166,72.96592835822449,-66.00959259861784,13572926.0,13426725.95,-1.0
2025-10-08,1332.691146723765,1345.200924941366,1317.5006238332348,1334.974609375,185323,1423.0940673828127,1283.2260562133795,1344.9622502601603,1377.6451927206726,1490.3881000541414,1273.017429731015,1381.7027648925782,40.44628639997218,52.367377937619416,31.689677973932795,-34.29574730891045,-31.635717094876973,-2.660030214033476,23.045919989037685,45.34519712942826,81.02660169876953,78.93209151669734,-61.48105809597371,13758249.0,13417097.45,-1.0
2025-10-09,1342.3216505418156,1353.8385872095378,1302.210831419468,1307.9693603515625,123163,1421.3998291015625,1282.1581576538092,1337.563672278441,1371.3110261416628,1480.9420671995047,1267.2429791872144,1374.0925231933595,36.95440426954772,52.367377937619416,31.689677973932795,-35.3891984670056,-32.3864133693027,-3.0027850977028976,23.821650652009087,45.79395131947408,74.14529031354968,78.73524579964695,-75.97225059773052,13635086.0,13411393.35,-1.0
2025-10-10,1307.9692969138814,1373.0996691277946,1293.5730964783404,1358.1077880859375,295258,1419.6999145507814,1280.9307144165045,1341.6724954399403,1370.1107317729602,1471.5032129629549,1268.0441136972017,1369.7736633300783,46.23521733783557,52.367377937619416,31.689677973932795,-31.842948603887862,-32.277720416219736,0.43477181233187423,23.74776803971017,48.203424271615525,82.8092500013864,79.32704733790186,-49.0676437413496,13930344.0,13425617.75,-1.0
2025-10-13,1359.9942411521315,1379.6524287751324,1328.6203549640627,1333.783203125,171158,1417.8253173828125,1279.5300918579105,1340.0946369769524,1366.8082291686,1463.4384345299047,1266.319475626345,1364.8789550781248,42.93316756554504,52.113836409337345,31.689677973932795,-30.64208784073503,-31.950593901122797,1.3085060603877672,23.420223399430572,48.40547066729082,83.07042577035506,80.00832202843037,-57.728879594747305,13759186.0,13441190.4,-1.0
2025-10-14,1340.335973713146,1350.0658685194285,1336.6625087822972,1344.505859375,126416,1415.9757177734375,1278.3584744262698,1340.976881456562,1364.7807410055455,1449.288827509674,1269.6768951465754,1359.4828613281247,44.80452111564571,52.113836409337345,31.689677973932795,-28.496676341504326,-31.259810389199103,2.763134047694777,23.116074804885233,46.11098457637208,92.57212810898746,86.1506012935763,-41.248161978329065,13885602.0,13444879.0,-1.0
2025-10-15,1344.307281595304,1354.2356957872928,1325.6418144357797,1347.7822265625,116346,1414.92775390625,1277.3909658813482,1342.3379504777497,1363.235421510723,1437.7265015734476,1272.5419310437394,1355.1342163085935,45.39375707512338,52.113836409337345,31.689677973932795,-26.229687313286377,-30.253785774016556,4.02409846073018,23.14806178667975,44.85976291745359,91.25148697589194,88.96468028507815,-31.234832001404733,14001948.0,13463463.65,-1.0
2025-10-16,1347.7822033959162,1356.5192562132731,1321.86906703953,1333.2867431640625,90197,1413.2780712890624,1276.362080993653,1340.5277090150123,1360.5128143882991,1425.5061630518264,1275.1217788427045,1350.3139709472655,43.19660474421267,52.113836409337345,31.689677973932795,-25.31097735073149,-29.265224089359545,3.954246738628054,23.285208099209758,44.1305076500457,91.66494200110458,91.82951902866132,-39.812441736297174,13911751.0,13488073.0,-1.0
2025-10-17,1330.407558106944,1342.222395735396,1304.593680113824,1314.5220947265625,90457,1411.4247875976562,1275.1155374145517,1335.3265861573225,1356.3318398735958,1414.0794530885616,1275.9548852903447,1345.0171691894532,40.466071337194165,52.113836409337345,31.689677973932795,-25.799641188749774,-28.572107509237593,2.772466320487819,23.886016413651966,43.66609393372616,75.17559371879445,86.0306742319303,-60.62842889650255,13821294.0,13515852.2,-1.0
2025-10-20,1322.5640083949606,1326.4361141050686,1291.2895042076032,1321.5711669921875,151817,1410.6044946289064,1273.9740505981454,1332.5755023242955,1353.1717787025586,1404.0811652155671,1277.4445061711517,1340.7628356933594,41.95054415243531,49.47991439270994,31.689677973932795,-25.326165312004832,-27.922919069791043,2.5967537577862103,24.777378683007537,43.05755935970753,62.32593361611413,76.38882311200439,-65.73035248347591,13973111.0,13560921.0,-1.0
2025-10-21,1329.4147089874946,1354.2357453763573,1329.4147089874946,1347.484375,35442,1410.0064453125003,1272.3728005981457,1335.5572768594366,1352.654742002326,1389.1958276541563,1285.2508886544374,1337.2233581542969,47.166030894197554,49.47991439270994,31.689677973932795,-22.599440663652558,-26.858223388563346,4.2587827249107875,24.30664323507234,42.315203575740554,67.0949250426921,68.19881745920021,-36.404469332099524,14008553.0,13591197.6,-1.0
2025-10-23,1356.0228624272509,1362.178430764072,1313.3306812881435,1318.493408203125,158128,1409.1364379882816,1270.6204287719736,1332.1445031281742,1349.5491662023985,1378.689210599639,1288.241697603486,1333.4654541015625,42.55906524456284,49.47991439270994,31.689677973932795,-22.518244166105887,-25.990227544071857,3.4719833779659695,24.317683887228007,42.781813997182546,70.79139710092214,66.73741858657613,-69.21344089881056,13850425.0,13627235.65,-1.0
2025-10-24,1321.9683513324535,1323.556873365885,1296.8494149164212,1302.409423828125,106268,1407.5915014648442,1269.0377755737316,1326.1974872681644,1345.2637350774646,1374.5834918995092,1285.8840251903348,1330.233758544922,40.21234831693001,49.47991439270994,31.689677973932795,-23.481063394055127,-25.488394714068512,2.0073313200133853,24.74892748952002,41.63364574377406,62.26311878985722,66.71648031115714,-87.41562745354392,13744157.0,13665271.2,-1.0
2025-10-27,1308.366474719391,1315.5148844810046,1284.8360602941927,1312.6356201171875,131030,1406.8707592773442,1268.0001150512708,1323.485113837969,1342.2975428083485,1370.9341118619686,1284.9861884310003,1327.9601501464845,42.38750465419253,48.74262259625646,31.689677973932795,-23.15205353085298,-25.02112647742541,1.8690729465724267,25.43646876209458,40.851158489705334,46.66479994654273,59.90643861244069,-70.6806321857991,13875187.0,13719955.75,-1.0
2025-10-28,1312.6355847479554,1327.3296858799022,1303.7000121884778,1316.5076904296875,84249,1404.7848461914066,1266.7684329223646,1322.0896291563126,1339.9530107739247,1363.8001817060087,1296.865907161179,1330.3330444335938,43.229702153819424,48.74262259625646,31.689677973932795,-22.32155810277891,-24.48121280249611,2.1596546997172013,25.522005645728985,39.62105243268527,48.85392852160486,52.593949086001594,-66.59687494584703,13959436.0,13807116.15,-1.0
2025-10-29,1319.784186818296,1347.9807870166544,1305.7850254282714,1336.5631103515625,139703,1402.0343652343752,1265.905914001466,1324.9843253953627,1339.6448380082554,1364.4021340612135,1297.6340719934742,1331.0181030273438,47.50975443755103,48.74262259625646,31.689677973932795,-19.816645758209233,-23.548299393638736,3.7316536354295025,24.716585737555004,39.804960229520816,71.55250806844563,55.6904121788644,-45.44502084809533,14099139.0,13866204.2,-1.0
2025-10-30,1346.2929596741403,1346.2929596741403,1316.408457301197,1335.3717041015625,81423,1400.3158666992192,1265.252793273927,1327.0618011366028,1339.256371289465,1364.8548095587116,1298.3330932733197,1331.5939514160157,47.281702479704315,48.74262259625646,31.689677973932795,-17.723317830034148,-22.38330308091782,4.659985250883672,23.96869582282202,39.096356096908146,86.10912362670615,68.83852007225221,-46.70156153731134,14017716.0,13886749.3,-1.0
2025-10-31,1330.4075145934223,1344.20803469305,1299.8279501077643,1309.6571044921875,125416,1397.9015161132818,1264.8986032104506,1323.5808618077199,1336.5655288533487,1365.3034041782923,1295.9583878138958,1330.630895996094,42.535884638694114,48.74262259625646,31.42004214362352,-17.93257805081521,-21.493158074897302,3.5605800240820926,23.785596461181488,39.473765274649395,76.23848953669516,77.96670707728231,-73.82198390883914,13892300.0,13892146.85,-1.0
2025-11-03,1310.550730044618,1344.605240675122,1305.388002919999,1330.6060791015625,95679,1395.3279174804693,1265.1570816040053,1324.9859052664885,1336.0237606940955,1360.3375090183972,1297.7471955714468,1329.042352294922,47.186698550335706,49.2301067778619,31.42004214362352,-16.221025228732742,-20.438731505664393,4.217706276931651,23.596938140909074,39.455441880397515,74.76282415699066,79.03681244013066,-40.82154641847342,13987979.0,13883957.8,-1.0
2025-11-04,1330.6059646899869,1334.0809095087377,1289.7009484449873,1293.97021484375,106854,1391.3900878906254,1265.1438204956066,1318.782767181941,1332.2007110713366,1359.970530913588,1292.703187348131,1326.3368591308595,40.94551531779767,49.2301067778619,31.42004214362352,-17.61772913822324,-19.874531032176165,2.2568018939529253,23.893498063426247,39.80719325063701,45.82017861429644,65.60716410266075,-88.18997336897692,13881125.0,13878275.7,-1.0
2025-11-06,1293.9702847671726,1306.7778422626393,1260.908616655034,1264.2843017578125,257233,1386.1855883789067,1265.2295541381848,1307.8830740971152,1326.0264920428344,1366.8254483474082,1279.6231600510293,1323.2243041992188,36.70865219993276,49.2301067778619,31.42004214362352,-20.87934801276242,-20.075494428293418,-0.8038535844690031,24.901882121035484,40.240195561849035,35.20665245921397,51.929885076833685,-96.66664234305404,13623892.0,13880824.0,-1.0
2025-11-07,1266.7663528004716,1279.474649865168,1235.8890098336717,1274.1134033203125,171585,1380.8934887695316,1265.1056619262708,1301.1291399417548,1321.307120340787,1368.56271165275,1271.7997761402187,1320.1812438964844,38.9607906532707,49.2301067778619,31.42004214362352,-22.412718254064885,-20.54293919344771,-1.869779060617173,26.35771870577964,40.47915588110955,10.299319770116922,30.44205028120911,-69.73270349564214,13795477.0,13882685.4,-1.0
2025-11-10,1274.8084324478964,1299.033788269533,1257.0365461051626,1274.31201171875,121634,1376.3454125976564,1265.1199191284193,1295.765714297154,1317.0348377387834,1370.8471179883502,1266.1496349413367,1318.4983764648434,39.00801782733902,46.8756034929515,31.42004214362352,-23.342817707585255,-21.102914896275223,-2.2399028113100314,26.776707804170982,40.58759061562819,14.04641853708887,19.85079692213992,-69.5754390177672,13917111.0,13896786.65,-1.0
2025-11-11,1271.8298657063456,1280.5669187268636,1255.9444029028316,1263.5892333984375,83406,1371.3677709960941,1264.899989318849,1289.3304181174108,1312.1761464351155,1368.0936700464958,1259.4512274144413,1313.7724487304686,37.32874651655853,46.8756034929515,31.42004214362352,-24.66089141657835,-21.81451020033585,-2.846381216242502,27.191797749956258,39.44722813051417,15.960094576762238,13.435277627989342,-78.06607761703827,13833705.0,13891954.7,-1.0
2025-11-12,1268.6527736275768,1272.8226589771557,1258.922879549948,1266.0712890625,130488,1366.8364428710938,1264.9297805786146,1284.6785923064285,1307.9847957648776,1367.8086567569892,1252.9650492976982,1310.3868530273437,37.994155235924275,46.8756034929515,31.42004214362352,-25.21453570635913,-22.494515301540506,-2.720020404818623,27.577238413899728,37.62241036599228,12.976956386847357,14.327823166899488,-76.10070660988923,13964193.0,13902205.05,-1.0
2025-11-13,1246.01598945631,1246.01598945631,1194.4874952148004,1229.9320068359375,567802,1361.521149902344,1265.1572891235364,1273.7292752123303,1300.8890876804285,1370.0549559587557,1239.2613648420256,1304.6581604003907,32.57151540057008,46.8756034929515,31.42004214362352,-28.243863168489952,-23.644384874930395,-4.599478293559557,29.230160275616434,40.048223471828514,5.8808731142902655,11.605974692633286,-76.9081037972052,13396391.0,13877744.5,-1.0
2025-11-14,1232.811084305849,1240.6545553913968,1211.365734889552,1218.613525390625,135074,1355.7032006835936,1265.3385659790054,1262.7061252479893,1293.4094911086281,1370.782579040791,1225.6168716428028,1298.199725341797,31.075600721031222,46.8756034929515,31.42004214362352,-31.19829929350658,-25.155167758645632,-6.043131534860947,30.76501629006766,39.27969468825825,3.9671970746168985,7.608342191918173,-84.2820295971181,13261317.0,13840712.95,-1.0
2025-11-17,1218.712865967048,1246.0160055304643,1212.3586565202688,1229.8326416015625,155678,1349.7267797851562,1266.0110897827165,1256.131428518704,1287.6297775170765,1369.7110711075206,1216.342969419823,1293.0270202636718,34.29675018667212,43.38632636209114,31.42004214362352,-32.26252004364687,-26.576638215645882,-5.685881828000991,31.91790578907697,38.878098568396624,6.533445573577991,5.460505254161718,-76.97283967797794,13416995.0,13815975.15,-1.0
2025-11-18,1229.832631605758,1229.932012705989,1192.005397339187,1196.9696044921875,115295,1343.8114428710937,1266.658181457521,1244.2990637134008,1279.3879436057227,1374.2140019586686,1200.0847895452375,1287.149395751953,29.89018477471754,43.38632636209114,31.42004214362352,-35.350200001414805,-28.331350572799668,-7.0188494286151375,33.34389881364198,38.81013548256844,6.533445573577991,5.678029407257626,-96.81731383183872,13301700.0,13789995.45,-1.0
2025-11-19,1196.9696478173926,1202.3310159759844,1170.9572498727173,1174.0350341796875,200059,1337.5716113281248,1267.4419720458998,1230.2462578066582,1269.810406385174,1378.7439531681175,1180.8012250545385,1279.772589111328,27.258041675917852,43.38632636209114,31.42004214362352,-39.196009565889426,-30.50428237141762,-8.691727194471806,34.9928881190707,38.27896624118978,6.533445573577991,6.53344557357799,-98.24463350309188,13101641.0,13746421.95,-1.0
2025-11-20,1174.0349854731494,1243.7324050539428,1174.0349854731494,1202.1324462890625,362669,1331.4240405273435,1268.0490130615249,1224.623495503139,1263.6578645582547,1371.8868383765362,1173.123146975026,1272.504992675781,34.82970009036023,43.38632636209114,31.42004214362352,-39.52104105564558,-32.307634108263215,-7.213406947382367,34.660184802027224,40.52314147973289,12.664607324276512,8.577166157144163,-82.04690058762634,13464310.0,13719209.8,-1.0
2025-11-21,1198.3595776851218,1198.3595776851218,1157.752339918637,1162.0216064453125,115822,1325.103791503906,1268.5711944580091,1212.103117691574,1254.4182047298054,1373.049237681529,1156.313567494252,1264.6814025878905,30.024972594013292,43.38632636209114,31.42004214362352,-42.52503823822485,-34.35111493425555,-8.173923303969303,34.67961762667006,40.79863897192522,17.29266786967017,12.16357358917489,-97.71517246486886,13348488.0,13694112.95,-1.0
2025-11-24,1169.3686791782984,1171.4536219321026,1151.696053329655,1168.47509765625,127856,1319.2698095703124,1269.0962884521498,1203.3775136845093,1246.605194995846,1372.8918532301882,1143.0775193284057,1257.984686279297,31.658480747268985,40.107898896673056,31.42004214362352,-43.879173048339226,-36.256726557072284,-7.622446491266942,34.81735094447653,39.295705374105395,28.009130689336725,19.322135294427802,-90.80019872367043,13476344.0,13680722.3,-1.0
2025-11-25,1170.758607753718,1171.7514492193152,1149.3132563361105,1157.9510498046875,63189,1313.5391308593748,1269.7399609375016,1194.292220908545,1238.545727251195,1370.3740860731175,1130.1268294542267,1250.250457763672,30.411695548432835,40.107898896673056,31.42004214362352,-45.279582508258954,-38.061297747309624,-7.218284760949331,34.99411975940862,38.09159733904106,24.291077332132296,23.197625297046397,-94.51445325451952,13413155.0,13657620.7,-1.0
2025-11-26,1169.4678981918778,1184.658298749726,1154.6745372330906,1179.694091796875,95811,1308.4994653320311,1270.745447082521,1191.372595086211,1233.1955785735295,1363.2283167112014,1123.5912389528612,1243.4097778320313,36.018057861745135,40.107898896673056,31.42004214362352,-44.12627508849755,-39.27429321554721,-4.85198187295034,34.57738498309848,37.512466208869235,44.51417697332834,32.27146166493245,-79.70830381882814,13508966.0,13635097.2,-1.0
2025-11-27,1182.176269464382,1202.9266800688456,1168.4751301325325,1196.0760498046875,123298,1303.3724316406249,1271.2620156860364,1192.3132860299065,1229.8210759581802,1349.4940344368072,1123.276815172568,1236.3854248046875,39.94389479725029,40.107898896673056,31.42004214362352,-41.41300025941723,-39.702034624321215,-1.7109656350960165,33.42642391721393,37.293829332258085,67.1310474869951,45.31210059748524,-68.76661279204419,13632264.0,13611753.45,-1.0
2025-11-28,1196.0760731594655,1214.0466007646437,1181.8785128239526,1196.671875,125038,1298.6107666015625,1271.7736685180676,1193.1850038239254,1226.8075122347093,1333.6631701110696,1125.2376965881494,1229.4504333496095,40.08788310973286,40.107898896673056,31.42004214362352,-38.76774189900834,-39.515176079258644,0.747434180250302,31.921985415394698,36.92770494714616,91.51782685325635,67.7210171045266,-63.9182497453679,13757302.0,13598732.75,-1.0
2025-12-01,1181.481287784002,1201.7352769567349,1169.5671907643316,1185.3533935546875,138985,1293.7240014648437,1272.2302096557628,1191.6186817700777,1223.038955991071,1321.9909453982582,1124.479550207211,1223.2352478027346,38.21357193200876,42.95040954056603,29.284592168800323,-37.15634720886669,-39.04341030518026,1.8870630963135682,30.887069466727567,36.58773217895024,95.13033426174682,84.59306953399943,-70.819924274656,13618317.0,13585033.6,-1.0
2025-12-02,1185.3534463316137,1190.6154333650434,1146.2354684693723,1153.58251953125,170386,1288.3864892578126,1272.6310110473644,1184.0114493223123,1216.7247344947234,1303.9225439958939,1124.8455956525443,1214.384069824219,33.48142531300713,42.95040954056603,29.284592168800323,-38.00485303231903,-38.83569885060801,0.830845818288978,30.548770146208774,37.14432023014458,77.96603328212235,88.2047314657085,-92.63678941978502,13447931.0,13558031.2,-1.0
2025-12-03,1151.696074659887,1151.696074659887,1118.3366263917903,1133.229248046875,358418,1282.9179174804688,1273.1676028442394,1173.855009067225,1209.134235726737,1294.654707141446,1118.0393358273043,1206.347021484375,30.846120500957703,42.95040954056603,29.284592168800323,-39.86015585534665,-39.04059025155574,-0.819565603790906,30.865990939317527,37.00871829509566,53.954921748514266,75.68376309746114,-88.33592256200617,13089513.0,13518450.6,-1.0
2025-12-04,1136.8034189607151,1136.8034189607151,1094.5083989661853,1099.7703857421875,187332,1276.5478466796876,1273.7739636230478,1159.0380844022175,1199.1920675463234,1294.0272931248585,1102.215358242329,1198.1213256835938,27.0735775514534,42.95040954056603,29.284592168800323,-43.52857693068131,-39.93818758738085,-3.5903893433004583,31.62106633240102,37.38631127362668,25.491254153434095,52.470736394690235,-96.52691577978973,12902181.0,13482365.05,-1.0
2025-12-05,1099.8698039832857,1102.153266594582,1076.2401290549683,1090.0406494140625,166351,1270.4756298828127,1274.4527981567392,1145.2385974045865,1189.2692113524815,1289.340774125532,1088.4946018510307,1188.9176879882814,26.074887618174547,42.95040954056603,29.284592168800323,-46.68280515057245,-41.287111100019175,-5.395694050553274,32.63879627427618,36.56679886405433,9.322221799725238,29.589465900557865,-91.76050341618219,12735830.0,13429382.7,-1.0
2025-12-08,1090.0406373180945,1090.1398972224465,1042.4835082728314,1054.9932861328125,125876,1264.2346289062502,1274.950228576661,1127.1895351502317,1177.0623090597844,1286.667994437373,1069.2355089805963,1177.9517517089846,22.810782278315322,37.1129892229238,29.284592168800323,-51.41786985639237,-43.313262851293814,-8.104607005098558,34.089929638539914,37.358912441594384,0.0,11.604491984386444,-93.7839272363379,12609954.0,13364024.85,-1.0
2025-12-09,1042.4834464743094,1094.508358899557,1041.490605096715,1085.3741455078125,235555,1258.7799560546875,1275.806531372071,1118.826457221748,1168.7270214641505,1277.4166654215467,1060.66532920736,1169.0409973144533,30.887380218344642,37.1129892229238,29.284592168800323,-52.11817541814412,-45.074245364663874,-7.043930053480246,35.24168072329021,38.477401110254924,15.582471501511863,8.3015644337457,-78.30144884965497,12845509.0,13314615.05,-1.0
2025-12-10,1093.1183622162607,1115.6558131221543,1065.2195436051643,1078.0272216796875,147815,1254.9595043945315,1276.6596487426764,1110.666610113336,1160.4815851201085,1265.1607618288524,1054.1168260617726,1159.6387939453125,30.068034790755334,37.1129892229238,29.284592168800323,-52.65898793950214,-46.591193879631525,-6.067794059870614,35.394643370346465,39.33160599645029,29.584150338822084,15.055540613444649,-78.82622597867618,12697694.0,13251290.1,-1.0
2025-12-11,1081.2042845914343,1097.8840685898865,1059.163253990193,1094.011962890625,110530,1250.3825048828128,1277.6597879028327,1107.3356806687939,1154.4388921901555,1256.7989964559702,1048.8865870401237,1152.842791748047,34.16025376125269,37.1129892229238,29.284592168800323,-51.20746297571054,-47.514447698847334,-3.693015276863207,35.65148534320919,39.2879780395391,51.48109472719795,32.21590552251063,-69.56271638628917,12808224.0,13221881.75,-1.0
2025-12-12,1103.642494354316,1104.9332366743652,1091.1327167455702,1096.096923828125,71634,1245.8273486328126,1278.2657894897468,1105.08792930066,1149.1350768845164,1248.7763124122494,1044.6576109275952,1146.7169616699223,34.6970297287788,37.1129892229238,29.284592168800323,-49.32034581560947,-47.87562732219977,-1.4447184934097024,35.580511774040275,37.46744531734309,58.83118883462771,46.632144633549245,-68.35443560217062,12879858.0,13202808.8,-1.0
2025-12-15,1092.1256052120077,1112.7767560436944,1082.4950915355432,1099.47265625,83471,1241.2384375,1278.8462402343757,1103.9648746905282,1144.6203113722877,1236.390273374757,1044.007651429931,1140.198962402344,35.61232752526694,37.63146092162988,29.284592168800323,-47.01049080107168,-47.702600017974156,0.6921092169024732,35.69900781639831,36.95417525954367,69.52799263408153,59.94675873196906,-66.3981243138794,12963329.0,13180125.5,-1.0
2025-12-16,1099.472673851066,1100.6640351426915,1077.43152038424,1093.515625,79544,1235.8612109375,1279.3781576538092,1101.8750247524226,1139.9744307929886,1229.4741787321345,1040.5783481233348,1135.0262634277346,34.68835359920777,37.63146092162988,29.284592168800323,-45.140248017019985,-47.19012961778333,2.0498816007633422,35.91813415709183,35.9740566523228,70.54687468516184,66.30201871795703,-69.85035512564666,12883785.0,13159229.75,-1.0
2025-12-17,1087.1613185630974,1092.7212060899733,1067.3044908267852,1070.68017578125,148861,1230.3132128906248,1279.864229431153,1095.6360549581882,1133.6749530646487,1226.6018758487967,1033.1151651668288,1129.8585205078127,31.332389975422057,37.63146092162988,29.284592168800323,-44.982170582384015,-46.74853781070347,1.766367228319453,36.33944249367328,35.27670504667223,64.05535394105198,68.04340708676511,-83.08400089400068,12734924.0,13140893.9,-1.0
2025-12-18,1072.2687854015676,1075.148049897958,1036.1293317283692,1054.7947998046875,210535,1224.8784008789062,1280.4252987670905,1087.4678039274881,1126.5040300410158,1218.498422512824,1026.4848538543636,1122.4916381835938,29.214949005587357,37.63146092162988,29.284592168800323,-45.61291289147039,-46.52141282685685,0.908499935386466,37.31961258008177,35.54399169830912,53.21619348176198,62.60614070265859,-88.72898672171509,12524389.0,13093897.85,-1.0
2025-12-19,1052.2134434086895,1089.1470977904526,1045.8592337310556,1085.4736328125,183995,1219.8883813476561,1281.1627041625984,1087.0689697044904,1122.7739939293324,1214.1374898139525,1023.1909891899536,1118.664239501953,37.93802051320668,37.63146092162988,29.284592168800323,-43.139964627122936,-45.84512318691007,2.7051585597871366,37.54232258527196,36.097125438386826,63.63370037563912,60.30174926615102,-68.059067734015,12708384.0,13061892.65,-1.0
2025-12-22,1085.4735773797142,1102.4511414914775,1068.5952731710622,1079.2186279296875,151250,1215.3133666992185,1281.7531393432625,1085.49890134953,1118.8144152020918,1208.204127126858,1020.1987049043919,1114.201416015625,36.9385248095729,37.05437325589135,29.284592168800323,-41.20982076819064,-44.918062703166186,3.708241934975547,37.13123320129097,35.937035644246,78.32356941125215,65.05782108955108,-62.71479570307519,12557134.0,13015932.15,-1.0
2025-12-23,1092.1255157716153,1139.7819019143767,1087.1613088817444,1110.989501953125,428210,1210.3710009765623,1282.7320919799813,1090.5970214702488,1118.1030594521858,1203.573092155988,1020.133585090106,1111.853338623047,44.88160617027392,37.05437325589135,29.284592168800323,-36.693543511964435,-43.27315886492583,6.579615352961397,35.27231846708764,37.696052668563375,97.79758056711145,79.91828345133425,-27.777796449796565,12985344.0,12994541.6,-1.0
2025-12-24,1112.9751837130586,1116.5493884312757,1092.125514794259,1097.0897216796875,85532,1205.637131347656,1283.5924554443366,1091.8955615121367,1116.1927560183224,1193.8489278999598,1021.597312334415,1107.7231201171874,42.36729471093055,37.05437325589135,29.284592168800323,-33.84580399101333,-41.38768789014334,7.5418838991300134,33.54618335675598,36.74803988059575,94.0002423984784,90.040464125614,-41.187768096899916,12899812.0,12964083.9,-1.0
2025-12-26,1096.891241121082,1099.6711243584905,1075.5451507501427,1077.82861328125,59373,1200.3035864257808,1284.2504391479497,1089.0821718659595,1112.7051066785884,1178.068177515974,1025.553319066057,1101.8107482910154,39.09863087684842,37.05437325589135,29.284592168800323,-32.76546054637129,-39.66324242138894,6.89778187501765,32.41821023388818,35.84646371829232,87.46869503167642,93.08883933242208,-59.77014223762105,12840439.0,12924492.65,-1.0
2025-12-29,1086.1685404922448,1095.1041134944662,1060.8510836526175,1065.91455078125,141753,1194.6662329101557,1284.8397253417975,1084.4486476490176,1108.4514197788303,1158.6135789424764,1031.9321852176797,1095.272882080078,37.18746082386641,36.61915883106251,29.284592168800323,-32.49605160203487,-38.229804257518126,5.733752655483258,31.762190729408285,35.73264701283207,71.09816308916243,84.18903350643907,-71.26437000121616,12698686.0,12871561.85,-1.0
2025-12-30,1066.013729924881,1066.013729924881,1029.2785992543695,1037.1220703125,190923,1188.7429394531246,1285.3060171508796,1074.983332181714,1101.9669334637094,1140.6281326985975,1035.0944991373397,1087.8613159179686,32.990537256119495,36.61915883106251,29.284592168800323,-34.211486892702624,-37.42614078455503,3.2146538918524072,31.88542607078634,35.804252988380604,49.59533928714973,69.38739913599619,-92.9020482923818,12507763.0,12816034.15,-1.0
2025-12-31,1048.4405018047703,1080.9063665923006,1046.9512397283431,1074.3536376953125,144744,1183.9395703124997,1286.228092651368,1074.8573932844338,1099.4566338484005,1126.8807011102579,1040.9190425420854,1083.8998718261716,42.09161654914521,36.61915883106251,27.13449261408179,-32.19557484325537,-36.3800275962951,4.184452753039729,31.394023640542017,36.37425608062489,52.39315435644755,57.69555224425323,-59.20932917305799,12652507.0,12776262.95,-1.0
2026-01-01,1074.4528994609068,1080.0129081797268,1053.4047105560885,1056.7803955078125,91887,1178.6437548828121,1286.9915039062507,1071.2419937291097,1095.576975817438,1117.8712682766004,1042.2835901218373,1080.0774291992188,39.37339480683745,36.61915883106251,27.13449261408179,-31.651109510717106,-35.4342439791795,3.783134468462393,30.937721383886576,35.67668047655442,57.044080545301355,53.01085806296621,-75.1122404566861,12560620.0,12749818.3,-1.0
2026-01-02,1062.638228045951,1111.7838786939797,1057.574639809893,1103.3447265625,219659,1173.7609619140621,1288.0380603027352,1077.662540295788,1096.28313497608,1118.4735123301937,1042.038780150275,1080.2561462402343,48.807152567457756,36.61915883106251,27.13449261408179,-27.14930417162236,-33.77725601766807,6.627951846045711,29.301010079084524,37.0571663843839,82.34424251594709,63.927159139231996,-32.97383379027627,12780279.0,12743723.2,-1.0
2026-01-05,1110.5924507694422,1128.860758166398,1077.8286820627657,1087.6578369140625,181331,1169.144250488281,1289.0330706787117,1079.661599619443,1095.499016970442,1118.2406267147635,1042.0333845157052,1080.1370056152343,46.19906134102384,39.186504702412854,27.13449261408179,-24.564230739197228,-31.934650961973905,7.370420222776676,27.218686091500903,38.05537422147307,83.84309989402632,74.41047431842492,-47.169689724738596,12598948.0,12736879.1,-1.0
2026-01-06,1090.7356202903436,1094.1113055449302,1061.4467967753023,1071.5738525390625,129204,1164.5275390624997,1289.845780639649,1078.0440502033669,1093.3240020221347,1117.4534749510551,1044.4785929200386,1080.9660339355469,43.62501489281632,39.186504702412854,27.13449261408179,-23.54200693756252,-30.25612215709163,6.714115219529113,25.78464819712602,37.67031240348414,86.74603926595168,84.31112722530835,-61.72489666229652,12469744.0,12729868.6,-1.0
2026-01-07,1071.5737879704227,1071.5737879704227,1047.9441138086122,1054.3975830078125,99012,1159.3627783203121,1290.5726092529305,1073.314756764256,1089.7852366571963,1117.702305804054,1041.1321058170397,1079.4172058105469,40.9979815180289,39.186504702412854,27.13449261408179,-23.843021107577442,-28.973501947188794,5.1304808396113515,24.84127050323022,36.66741428398172,73.45985117457101,81.34966344484967,-77.26856741039838,12370732.0,12706129.75,-1.0
2026-01-08,1054.3975729340489,1066.8080905062482,1013.6910752972352,1022.6266479492188,143794,1153.485157470703,1290.5924508666997,1063.1771350012486,1083.6799104110164,1122.603864776683,1030.6904894713641,1076.6471771240235,36.60683419475385,39.186504702412854,27.13449261408179,-26.341576645937494,-28.447116886938534,2.105540241001041,24.826141108502824,37.84238577862681,52.18511605123554,70.79700216391942,-92.91338403299136,12226938.0,12682591.95,-1.0
2026-01-09,1022.8251597193488,1030.5693711021688,996.0185025721466,999.9898681640624,165785,1146.753692626953,1290.6352780151374,1050.5396816338114,1076.0717247522023,1128.4492272738914,1015.4429175014994,1071.9460723876955,33.82682577231525,39.186504702412854,27.13449261408179,-29.804728499070507,-28.71863920936493,-1.0860892897055763,25.195131978620402,37.60727740372648,29.430917448551636,51.691961558119395,-97.2375683866087,12061153.0,12645238.4,-1.0
2026-01-12,996.7135364829452,999.9899010844902,973.282442360334,992.8414306640624,214523,1139.903087158203,1290.4955859375007,1039.0000314398617,1068.505334380553,1132.1665030508377,1001.4000924081467,1066.7832977294922,32.97519284338021,33.30213999472311,27.13449261408179,-32.74861481136463,-29.524634329764872,-3.22398048159976,25.98647013318135,36.828718926614314,9.383772206598977,30.33326856879538,-88.25282174722022,11846630.0,12593577.0,-1.0
2026-01-13,998.4013093757858,1009.421885515082,968.5168068232985,981.920166015625,171069,1133.348348388672,1290.212233886719,1027.5840583550143,1060.6339554382866,1134.5310469499755,987.2802994855715,1060.9056732177735,31.66360307035496,33.30213999472311,27.13449261408179,-35.55308685350633,-30.730324834513166,-4.8227620189931635,26.34611488063122,37.11988748126926,1.7624683489146125,13.525719334688405,-91.64087009203958,11675561.0,12529188.6,-1.0
2026-01-14,983.905842130133,994.827097693636,978.4452143483816,987.0829467773438,85473,1126.4778857421877,1290.1621575927736,1019.4838360394803,1053.9475001054736,1134.4821009276936,976.6859776855878,1055.5840393066408,33.019891202074675,33.30213999472311,27.13449261408179,-36.933313642243775,-31.97092259605929,-4.962391046184486,26.680070717548958,35.63860147155391,2.637120416533195,4.594453657348928,-88.42105374195377,11761034.0,12473051.05,-1.0
2026-01-15,987.0829467773438,987.0829467773438,987.0829467773438,987.0829467773438,0,1120.3401403808596,1290.1347763061526,1013.003658187053,1047.868904348371,1135.6136611482534,967.1946945646374,1051.4041778564454,33.019891202074675,33.30213999472311,27.13449261408179,-37.593795443764634,-33.095497165600364,-4.49829827816427,26.99017256611543,33.09298708072863,5.27424083306639,3.2246098661713987,-88.42105374195377,11761034.0,12424356.55,-1.0
2026-01-16,993.8342742476758,997.607059572726,958.2905630725502,968.3182373046876,92711,1114.4208190917968,1289.963987731934,1004.06657401058,1040.637025526218,1139.0771958093997,955.0835036534908,1047.0803497314453,30.47065973490779,33.30213999472311,27.13449261408179,-39.179747520338765,-34.31234723654805,-4.867400283790715,27.909390170018355,33.53752346783201,5.27424083306639,4.395200694221991,-94.12108649660617,11668323.0,12381553.25,-1.0
2026-01-19,964.0490080235278,967.722533356034,944.1921798459064,946.8728637695312,119396,1107.8760083007812,1289.748876953125,992.6278319623702,1032.1130108210646,1140.4742402268305,939.826382331763,1040.1503112792968,27.82660573151075,31.72977191517976,27.13449261408179,-41.6865517652418,-35.7871881422868,-5.899363622955001,29.034812843028284,32.86527589575695,2.637120416533195,4.395200694221991,-98.54838113337692,11548927.0,12323580.4,-1.0
2026-01-20,948.262815111614,953.524923111254,914.2083665572616,918.279052734375,160968,1100.7553491210938,1289.2869430541996,977.7580761167712,1021.7644691768201,1144.3431358240323,919.8635292150302,1032.1033325195312,24.743599186384735,31.72977191517976,27.13449261408179,-45.45649954094472,-37.721050422018386,-7.735449118926333,30.58926609647267,33.32608165705949,0.0,2.637120416533195,-98.10359151062904,11387959.0,12265121.65,-1.0
2026-01-21,920.3639752855026,930.1931293579406,896.2379414510626,901.2021484375,237103,1093.507607421875,1288.7356774902348,962.4468905809169,1010.8042582005182,1141.7463299548397,901.4815997326604,1021.61396484375,23.097694682952802,31.72977191517976,27.13449261408179,-49.25439971321532,-40.027720280257775,-9.226679432957546,32.29816785313639,33.371017817760816,0.0,0.8790401388443982,-97.86598449088845,11150856.0,12173397.25,-1.0
2026-01-22,903.4857170807668,923.541126436712,896.5358269493764,909.343505859375,115906,1086.3730517578124,1288.2700152587895,951.8262136366086,1001.5805534422325,1136.7861840707665,887.6671240347022,1012.2266540527343,25.63731721351003,31.72977191517976,27.13449261408179,-51.01920581210163,-42.226017386626545,-8.793188425475087,33.885005198609846,32.91632365130187,3.6644621768440513,1.2214873922813503,-94.3661741383048,11266762.0,12091744.75,-1.0
2026-01-23,910.4356116693968,914.4069774782056,876.7782622004497,887.0045776367188,158456,1079.5145031738282,1287.863117370606,938.8618864366307,991.1645556417312,1135.0747301002411,870.2961744407742,1002.6854522705077,23.357947923452116,31.72977191517976,27.13449261408179,-53.60249596645974,-44.50131310259319,-9.101182863866555,35.64394634912007,33.252923053191445,4.087074964482807,2.5838457137756192,-95.29463385829463,11108306.0,12005138.1,-1.0
2026-01-27,885.9124070276908,902.4928712371732,863.7720549794727,896.9329833984375,145009,1073.0808923339844,1287.7574795532232,930.4761058289921,982.598049074159,1131.1272651200934,857.3454826826409,994.2363739013672,26.48627679689957,28.06591095983209,27.13449261408179,-54.22357701276883,-46.445765884628315,-7.777811128140513,37.45101006492241,33.643486853513515,10.39718262768656,6.049573256337806,-84.04203471180436,11253315.0,11932869.55,-1.0
2026-01-28,897.0322358230064,945.5822061959408,893.8551311138375,935.7530517578124,193769,1067.1993005371091,1287.834348144532,931.5314950147562,978.3394129544911,1126.877100579166,851.4587453680996,989.1679229736328,37.26816303213487,28.06591095983209,27.13449261408179,-50.99548888063612,-47.35571048382988,-3.6397783968062356,37.14019444146263,34.935171726984215,40.066053784175836,18.1834371254484,-64.54767421379879,11447084.0,11879835.6,-1.0
2026-01-29,941.2136401522692,951.142054077926,916.3926053381268,935.256591796875,109094,1061.965040283203,1287.97879272461,932.27651437118,974.4227928492533,1115.7957356527863,848.6304057046355,982.2130706787109,37.19303525064641,28.06591095983209,27.13449261408179,-47.9248184733633,-47.46953208173657,-0.45528639162673556,36.62839853814895,34.921905799328144,72.80005050386552,41.087762305242634,-57.14287347116649,11337990.0,11814109.75,-1.0
2026-01-30,935.1573799933956,982.9130291926548,920.0661779305892,967.5239868164062,239440,1057.8348193359377,1287.9421762084967,939.3260088602253,973.7956286644489,1106.728182049226,848.7723184390552,977.7502502441406,44.959279552549184,28.06591095983209,27.13449261408179,-42.39883358321981,-46.45539238203322,4.0565587988134055,34.98125774774009,36.91654476095225,99.8232761739951,70.89646015401215,-28.766184309725162,11577430.0,11764950.25,-1.0
2026-02-02,997.8056373943666,1021.3359308125438,968.020394487072,988.8204345703124,393451,1053.5685791015628,1287.8331961059578,949.2248940022428,975.1615201104364,1086.9249023600785,857.1231689289839,972.0240356445312,49.405909439214774,35.95260930231258,25.38171948134218,-35.887318722160785,-44.34177765005874,8.454458927897953,32.65875317640136,38.12335899203691,99.8232761739951,90.8155342839519,-20.63639020702912,11970881.0,11724480.35,1.0
2026-02-03,1047.4476998737389,1072.2687354157706,1007.3865727481922,1035.3350830078125,247369,1051.0348486328128,1287.9118920898445,966.4469318033567,980.6318440101978,1075.2486151766702,863.5671807217673,969.4078979492188,57.48490365772842,35.95260930231258,25.38171948134218,-26.66616197592191,-40.80665451523137,14.140492539309463,31.670771039417488,41.36085483870986,99.99999999999999,99.88218411599672,-17.714264002031666,12218250.0,11705445.45,1.0
2026-02-04,1037.5193197036144,1060.4539330577693,1023.0238587106847,1054.1494140625,144101,1048.7483349609377,1287.9637841796882,983.9874282551855,987.315259469498,1071.0716862038541,866.001665846927,968.5366760253905,60.24981005814089,35.95260930231258,25.38171948134218,-17.636862766090985,-36.1726961654033,18.535833399312317,30.75335905507532,41.08008480359377,99.99999999999999,99.94109205799835,-8.690460354262864,12362351.0,11700075.8,1.0
2026-02-05,1053.6032505637766,1053.6032505637766,1014.6839159642788,1021.5345458984376,154002,1046.0200048828126,1287.3695947265633,991.496851783836,990.4261036903107,1064.5734142365086,869.2136341033349,966.8935241699218,53.72691087472253,35.95260930231258,25.38171948134218,-12.963391469298585,-31.530835226182358,18.567443756883772,29.639445491953957,40.96475718178145,94.14757489351945,98.04919163117313,-24.33333202771727,12208349.0,11691956.65,1.0
2026-02-06,1015.5774618505482,1032.5550250422398,998.7487885054544,1028.33544921875,102105,1042.9928320312501,1286.9860357666023,998.8645712708188,993.8724078292596,1065.5753312321833,868.7825972346134,967.1789642333983,54.82520048454836,35.95260930231258,25.38171948134218,-8.61158672438728,-26.946985525823344,18.335398801436064,28.11377839890444,40.45343427856744,89.28054868804769,94.4760411938557,-21.07145596039529,12310454.0,11696132.45,1.0
2026-02-09,1048.8377223401585,1090.6363227601291,1034.5407813528034,1084.2325439453125,203523,1040.7559619140625,1286.8040100097662,1015.9381658057175,1002.0869656579918,1082.1387083031013,860.6434877418205,971.3910980224609,62.668087208536264,41.19627361286675,25.38171948134218,-0.6448878523307258,-21.68656599112482,21.041678138794094,27.941374725704215,42.01396565448256,89.28054868804769,90.90289075653827,-2.822735760665551,12513977.0,11718773.65,1.0
2026-02-10,1092.1255121535078,1116.946546520633,1086.6648845927402,1109.5499267578125,201397,1039.0135229492187,1286.9237170410163,1034.6605179961366,1011.8563257579755,1103.888617146691,850.5644285076056,977.2265228271484,65.58263748152802,41.19627361286675,25.38171948134218,7.623797218822915,-15.824493349135274,23.44829056795819,28.231309869864656,41.34968257739956,95.13297379452823,91.23135705687453,-2.921550160047648,12715374.0,11762210.85,1.0
2026-02-11,1120.9179956144094,1150.703239076263,1095.600538671834,1106.1246337890625,282464,1037.4289477539064,1287.0203765869148,1048.9533411547218,1020.4261719426197,1122.6276143260945,844.2458781055464,983.4367462158204,64.84501943939681,41.19627361286675,25.38171948134218,13.741988109327167,-9.911197057442788,23.653185166769955,29.009932745490353,42.33204099361594,99.417703994313,94.61040882562963,-15.536340334539144,12432910.0,11800078.3,1.0
2026-02-12,1106.7203197423016,1109.1031634700046,1058.7164597046774,1073.906982421875,211259,1035.8354370117188,1287.004791870118,1053.9440694081525,1025.28806380437,1132.7437244220378,842.8121715740559,987.7779479980469,58.21303178737704,41.19627361286675,25.38171948134218,15.808769602689154,-4.7672037254164,20.575973328105555,28.641237437858525,42.90737404873818,93.59993420821442,96.05020399901855,-26.764695129297035,12221651.0,11823109.15,1.0
2026-02-13,1062.3403035695787,1062.3403035695787,1020.29349429843,1041.2921142578125,197387,1033.9966943359375,1286.7994909667977,1051.4136783780846,1026.7429774819557,1137.413352381453,843.5634603626879,990.4884063720705,52.37341425240487,41.19627361286675,25.38171948134218,14.646130068985485,-0.884536966536023,15.530667035521509,27.328296180550232,43.672096482645806,82.33782609225652,91.78515476492797,-38.1314861829528,12024264.0,11836270.65,1.0
2026-02-16,1039.9516516508493,1047.447652524274,1018.1091413612436,1042.93017578125,144316,1032.8598901367188,1286.767164916993,1049.7169778587177,1028.2145409637096,1142.5559168076832,845.882089784114,994.2190032958986,52.630431859752164,42.28056982877071,25.38171948134218,13.698994258762696,2.0321692785237206,11.666824980238975,26.056586819442813,42.64826895981613,67.71243500598099,81.21673176881731,-41.95984317345221,12168580.0,11861283.5,1.0
2026-02-17,1042.930230859644,1075.8926390280712,1039.1078155963885,1068.9427490234375,164157,1032.4379321289061,1286.8575018310553,1053.5621320916616,1031.9171053327757,1150.4909419112582,850.1540532059297,1000.3224975585939,56.63276260307501,42.28056982877071,25.38171948134218,14.875899460856544,4.600915314990286,10.27498414586626,25.428685841819647,42.22945142209232,63.021809493374604,71.02402353053736,-34.89405868971374,12332737.0,11900474.0,1.0
2026-02-18,1072.219070619308,1185.4526859603554,1070.0348679177328,1143.4554443359375,1523366,1034.2071752929687,1287.2463964843757,1071.5407945405168,1042.056954333063,1169.4192494913345,853.7433847860094,1011.581317138672,65.59909865376315,42.28056982877071,25.38171948134218,21.572482940863438,7.995228840164916,13.577254100698521,26.393642623364308,47.53520038743701,74.2839176093325,68.3393873695627,-15.824934709833649,13856103.0,12023881.2,1.0
2026-02-19,1150.9514649833702,1167.0851387431112,1117.9394863672846,1128.7117919921875,372877,1035.0739282226561,1287.7367187500008,1082.974994030851,1049.934666847529,1180.0915497932249,865.822048839588,1022.9567993164064,62.830968535451085,42.28056982877071,25.38171948134218,25.397121857140974,11.47560744356013,13.921514413580844,27.28967392051292,47.65023267232198,83.79346811305354,73.69973173858688,-26.095891085772728,13483226.0,12140499.7,1.0
2026-02-20,1122.9036641893135,1144.9943861417555,1110.9895669565358,1136.207763671875,362832,1036.2375390625,1288.09726928711,1093.6215479590558,1057.7776756497422,1189.64563534857,878.9543890654928,1034.3000122070314,63.670346234024564,42.28056982877071,25.38171948134218,28.702177189274835,14.920921392703072,13.781255796571763,27.93406648310058,46.6755602803861,89.4407352180435,82.50604031347652,-26.375947668888767,13846058.0,12269464.5,1.0
2026-02-23,1150.107498258776,1166.3404308566892,1136.35666915279,1151.844970703125,239594,1037.39419921875,1288.574981689454,1105.2662325078697,1066.3292479273223,1194.9705858478192,900.1134778728839,1047.5420318603515,65.42447279619108,49.61068537863177,25.38171948134218,32.21193019341945,18.379123152846347,13.832807040573101,28.800185651379778,45.49392505927382,89.0006172065725,87.41160684588985,-18.000542953501274,14085652.0,12418331.8,1.0
2026-02-24,1141.8173422346022,1200.345296422785,1130.0520742579022,1161.078369140625,401714,1038.693828125,1289.03916381836,1116.4286598344208,1074.9428044012589,1198.3688171941872,923.1297851007348,1060.749301147461,66.45443629551198,49.61068537863177,25.38171948134218,35.33121655130003,21.769541832537087,13.561674718762944,29.997105455816584,47.26530342396018,94.69875379481398,91.04670207314332,-19.477979895496144,14487366.0,12580034.35,1.0
2026-02-25,1165.595834992775,1181.481297820615,1141.6683808476332,1150.9017333984375,170642,1039.7224096679688,1289.2457415771491,1123.3232745472242,1081.8481615828205,1201.4053386854955,941.608131773489,1071.5067352294923,64.18502064721578,49.61068537863177,25.38171948134218,36.56065552973496,24.727764571976664,11.832890957758295,31.1085309885079,46.73299010603316,94.18760233120321,92.62899111086323,-24.526001732442193,14316724.0,12723516.35,1.0
2026-02-26,1152.1924532994306,1206.9972505098842,1151.844983046129,1170.0635986328125,411462,1041.2533691406252,1289.5831573486334,1132.6713393643417,1089.8677467691834,1203.3719866400252,963.1221845025535,1083.2470855712893,66.50452125735845,49.61068537863177,25.38171948134218,38.63582739159597,27.509377135900525,11.126450255695442,32.42800294983591,47.40174203499127,94.62772034267422,94.50469215623046,-19.553190533559594,14728186.0,12893026.15,1.0
2026-02-27,1175.8717198221611,1181.5309886739103,1155.667421022107,1164.801513671875,242844,1043.1357958984374,1289.5178228759771,1139.0973742258484,1096.6799073967009,1205.3661499052455,980.8557739228794,1093.1109619140625,65.25470442153372,49.61068537863177,25.38171948134218,39.401612501394084,29.88782420899924,9.513788292394842,33.6532269139262,45.86330100762071,91.67957472467319,93.4982991328502,-22.339011718733637,14485342.0,13038421.75,1.0
2026-03-02,1101.5575122532384,1149.710319233213,1093.614781204995,1140.9732666015625,258953,1044.859365234375,1289.1991503906254,1139.4725527009912,1100.7065764153247,1203.4318899503464,998.0053170809032,1100.7186035156249,59.77642639420072,51.60461890426468,33.87612149091449,37.65173653905822,31.44060667501104,6.21112986404718,32.9478066930542,47.67211754042494,81.18120612398862,89.16283373044534,-34.95401812528382,14226389.0,13151197.15,1.0
2026-03-04,1111.9823697453292,1127.7685722693986,1097.387649621006,1115.9537353515625,206994,1045.4689672851562,1288.4633056640628,1134.7687892311055,1102.0926817731645,1202.88448873577,1006.6145835298549,1104.7495361328124,54.593828097398635,51.60461890426468,33.87612149091449,33.85581143706804,31.923647627422444,1.9321638096455978,32.29277363081591,47.38022464329149,53.085522948366226,75.31543459900934,-48.19970699514884,14019395.0,13241254.4,1.0
2026-03-05,1116.0529817326578,1137.8954923023427,1112.4787769696377,1132.1370849609375,145925,1046.5273364257812,1287.8340325927738,1134.242448377072,1104.823991153871,1204.4890596235966,1012.8087797318719,1108.6489196777343,57.179892206920364,51.60461890426468,33.87612149091449,31.78695428683136,31.89630895930423,-0.10935467247286823,31.85667419587612,45.81140254967818,34.038154114528524,56.10162772896112,-39.632015951855095,14165320.0,13331402.85,1.0
2026-03-06,1130.9456191157924,1136.2077270358495,1105.8268043111652,1112.2802734375,118187,1046.5531518554687,1287.3230511474612,1129.8500133891575,1105.5018349978372,1199.8104548486863,1026.5619572606893,1113.1862060546878,53.17785609516536,51.60461890426468,33.87612149091449,28.2197911639862,31.161005400240626,-2.9412142362544245,31.25453747849173,44.70922541932147,17.89068865404538,35.00478857231337,-50.14448897778374,14047133.0,13423342.05,1.0
2026-03-09,1091.2319312863117,1102.053926515712,1039.504919875631,1069.2901611328125,272344,1045.997160644531,1286.5596234130862,1117.7380429378886,1102.2098646464713,1195.0840771722683,1035.3838061285132,1115.2339416503908,45.717435961806196,47.85851368331781,33.87612149091449,21.674001511651113,29.263604622522724,-7.589603110871611,29.025725246141754,46.713948858074865,12.653038496334425,21.527293754969442,-82.0224866728658,13774789.0,13496558.8,1.0
2026-03-10,1090.0406202554543,1100.0682943673444,1082.1971487909796,1088.7498779296875,158923,1046.2155859375,1285.9423376464845,1111.9404099362484,1100.9862294903999,1194.965529209343,1035.9540874898757,1115.4598083496094,49.19212625346464,47.85851368331781,33.87612149091449,17.85087874775877,26.981059447569937,-9.130180699811167,26.95611388753106,45.575676313536086,6.887093115870332,12.476940088750045,-70.5986788364711,13933712.0,13567545.55,1.0
2026-03-11,1101.0610930090372,1129.654973298856,1093.1183619503606,1097.78466796875,130327,1046.8529882812497,1285.4225231933597,1109.1092615427488,1100.695178442977,1194.7346798552255,1035.0084109650868,1114.8715454101562,50.767817310381595,47.85851368331781,33.87612149091449,15.372849819075782,24.65941752187111,-9.286567702795328,25.667327598798046,45.242063388938405,13.670461761912543,11.070197791372433,-65.20452735213154,14064039.0,13634978.8,1.0
2026-03-12,1092.3241184441629,1113.4716898780798,1064.127518127562,1098.777587890625,255390,1048.0860986328125,1284.6259594726564,1107.042926812324,1100.520852029127,1194.6039719541036,1034.4044142763655,1114.5041931152346,50.947861387833605,47.85851368331781,33.87612149091449,13.33539227818801,22.394612473134494,-9.059220194946484,23.869282858119718,45.53507112905121,22.05776145891327,14.20510544556538,-64.61171219569121,14319429.0,13729304.75,1.0
2026-03-13,1097.0897166263342,1104.635286818138,1068.396576721431,1078.8214111328125,144154,1048.1754541015625,1283.8495043945316,1101.3986236764217,1098.5481755840074,1194.3539332818084,1035.1458958197543,1114.7499145507813,47.210890277369074,47.85851368331781,33.87612149091449,9.995177628399915,19.91472550418758,-9.919547875787664,22.199669884632698,44.871045341026615,18.88073118919497,18.20298480334026,-76.52639311406118,14175275.0,13826985.95,1.0
2026-03-16,1068.6945030610098,1084.4807054991732,1050.0290363347035,1069.8858642578125,178543,1048.4375634765622,1282.1042913818362,1095.0960717927,1095.9425109179897,1191.1190913232272,1041.2401127783355,1116.1796020507813,45.59813188299376,45.58810610854882,33.87612149091449,6.5514880224016,17.242078007830383,-10.690589985428783,21.073505293318657,44.12680418555826,10.782142928312922,17.240211858807054,-81.86129223521091,13996732.0,13925609.35,1.0
2026-03-17,1081.7007142509328,1129.853522549391,1071.375139366198,1085.1756591796875,471242,1048.0741821289062,1280.406911621094,1093.1119892700976,1094.9637062145075,1186.6287900033212,1049.9549624380852,1118.2918762207032,48.81989426269264,45.58810610854882,33.87612149091449,4.998478518337379,14.793358109931782,-9.794879591594404,20.150384100182436,45.25829376455971,7.531649850583321,12.398174656030404,-72.73263848493099,14467974.0,14040579.05,1.0
2026-03-18,1092.2248456568775,1128.860719090943,1086.2677970073214,1117.1451416015625,258814,1048.6639282226563,1279.037125244141,1097.9186197363906,1096.9802003406035,1184.9908024270562,1056.4131892721625,1120.7019958496094,54.84181211817692,45.58810610854882,33.87612149091449,6.2750425642673235,13.08969500079889,-6.814652436531567,19.29320013512737,45.145919917895114,19.87501267621579,12.729601818370677,-53.64550637517156,14726788.0,14160281.6,1.0
2026-03-19,1073.2615315711776,1122.8043406628296,1073.2615315711776,1087.5584716796875,203932,1048.9836206054686,1277.360540161133,1095.8465901250502,1096.1236795532475,1182.887372211546,1052.926922222047,1117.9071472167966,49.08564593854966,45.58810610854882,33.87612149091449,4.843498930538544,11.440455786746822,-6.596956856208278,18.16069104371002,45.45998343030632,25.789088911561585,17.73191714612023,-66.16568196905645,14522856.0,14193619.25,1.0
2026-03-20,1092.0263645172436,1121.4144479897666,1072.2687948906134,1081.800048828125,189896,1049.5316699218747,1275.5555035400391,1093.0372818656651,1094.821531305509,1182.263548373851,1048.8595717433366,1115.5615600585938,48.02902920367043,45.58810610854882,33.87612149091449,3.2073612244380456,9.793836874285068,-6.5864756498470225,17.082710857877128,45.72324554950967,26.36734982916338,24.010483805646917,-61.62154558756281,14332960.0,14236105.95,1.0
2026-03-23,1064.3259810512386,1067.2052453512104,994.0328220342916,1009.1240234375,260763,1049.2616174316406,1272.98893737793,1076.254630180032,1087.0308487720538,1190.2903806008221,1028.124365492928,1109.207373046875,37.15767192153893,45.83445969821186,33.87612149091449,-3.9085818667670083,7.053353126074653,-10.961934992841663,17.354627381535206,48.726387066961365,11.629143772218715,21.26186083764789,-89.50999493121473,14072197.0,14247412.9,-1.0
2026-03-24,1042.4834477672307,1051.4190201766642,1011.7053650236268,1042.185546875,198872,1050.1055310058593,1270.7677587890626,1069.4408135190258,1082.9540031450488,1187.4549949304512,1019.9938087804859,1103.7244018554686,43.43069883690154,45.83445969821186,33.87612149091449,-6.8018222267792225,4.282318055503879,-11.084140282283101,17.607121296360567,48.267002043547286,16.158509582679493,18.051667728020526,-66.52868687131404,14271069.0,14256683.75,-1.0
2026-03-25,1052.4118780629058,1085.3741638783677,1047.3484111907628,1073.5594482421875,194736,1051.7198913574218,1268.813471069336,1070.2645404636582,1082.0999526993342,1179.5309146044917,1019.1659970166019,1099.3484558105467,48.66729829393289,45.83445969821186,33.87612149091449,-6.488330978388831,2.128188248725337,-8.616519227114168,16.937084563456597,47.90426025496303,32.13826057512756,19.97530464334192,-44.064231161593206,14465805.0,14255605.7,-1.0
2026-03-27,1043.47630796166,1063.9288164949753,1019.648114440176,1024.5130615234375,262164,1052.571749267578,1266.2972082519532,1061.1142446756141,1076.8647807742525,1175.9782366171746,1010.0798078164195,1093.029022216797,42.105399737966586,45.83445969821186,33.87612149091449,-10.081309357032978,-0.31371127242632624,-9.767598084606652,16.867322099172217,48.333336936895066,41.464371922002265,29.92038069326977,-77.55847277068244,14203641.0,14249951.55,-1.0
2026-03-30,1011.7053822216004,1020.0452741847996,970.9988849977676,978.0480346679688,329259,1052.3910510253907,1263.6290396118163,1044.5010026740852,1067.8814402191358,1173.0185636314995,993.8379244056099,1083.4282440185548,37.01374279266627,41.90482591519376,33.87612149091449,-16.488046019859667,-3.5485782219129947,-12.939467797946673,17.627782262152763,48.70339690752184,31.020929876195687,34.8745207911085,-95.56251565654773,13874382.0,14207261.35,-1.0
2026-04-01,1015.130727652196,1049.4333867845908,1003.861941113498,1023.9669799804688,320490,1053.128731689453,1261.2550964355466,1040.3941981353619,1063.889216561075,1161.050354282598,991.7226803853713,1076.3865173339846,44.19564999758157,41.90482591519376,30.353455384893874,-17.656621317431927,-6.370186841016782,-11.286434476415145,17.586214978897257,50.32353656531472,22.754200640197716,31.746500812798555,-66.65624888320436,14194872.0,14192737.85,-1.0
2026-04-02,1011.258623011221,1049.1851776295164,986.7354276529192,1041.8878173828125,186854,1054.6001232910155,1259.2381640624997,1040.692921984852,1061.8890893630512,1151.6630316107487,991.2014581353453,1071.432244873047,46.74766779148984,41.90482591519376,30.353455384893874,-16.94137423565735,-8.484424319944896,-8.456949915712453,17.837937199158134,51.189694666120616,31.627713756481683,28.467614757625025,-55.374968286961156,14381726.0,14200504.7,-1.0
2026-04-06,1051.419038433762,1059.3617696022889,1016.5703296711416,1053.0572509765625,201569,1056.723811035156,1257.3288824462888,1043.1657877831942,1061.0861949642795,1146.0635228106867,990.5113184979072,1068.287420654297,48.33358852531701,43.48735963317304,30.353455384893874,-15.296922426381798,-9.846923941232276,-5.449998485149521,17.80869416890171,50.58981932790824,52.792551305572275,35.724821900750555,-48.343739129348286,14583295.0,14228699.7,-1.0
2026-04-07,1053.0572854737427,1053.0572854737427,1027.5908785911051,1038.2142333984375,138322,1059.1225146484371,1255.185041503906,1042.175476906243,1059.006925731021,1136.31262319997,990.8699329523738,1063.5912780761719,46.35779590855634,43.48735963317304,30.353455384893874,-15.018268736727123,-10.881192900331246,-4.137075836395876,17.781539926520743,48.795289867531764,56.83513881462446,47.08513462555947,-57.68751266148795,14444973.0,14242682.35,-1.0
2026-04-08,1092.1255587530486,1095.4019839078926,1058.4682104758217,1070.4815673828125,538321,1062.5081030273434,1253.091528930664,1047.836695001557,1060.050074972093,1130.6455443417397,992.3571412051355,1061.5013427734375,51.043041026248545,43.48735963317304,30.353455384893874,-12.054769616600197,-11.115908243585038,-0.9388613730151594,16.68323056444995,49.39475134195486,64.86624443863117,58.16464485294263,-37.375021643472195,14983294.0,14289490.4,-1.0
2026-04-09,1079.1193235897958,1091.1326800866725,1044.469135078416,1066.3116455078125,303913,1065.6474658203122,1251.0102221679685,1051.5316851028083,1060.6193086571584,1130.4387895430978,992.2660444412772,1061.3524169921875,50.430035354607845,43.48735963317304,30.353455384893874,-9.928206870157965,-10.878367968899623,0.950161098741658,15.967062724767771,49.19966517526212,68.78599366668504,63.49579230664689,-39.62267000281516,14679381.0,14334720.0,-1.0
2026-04-10,1077.0343835760295,1114.2162449881166,1071.6233253066418,1108.010986328125,192250,1070.0675939941405,1249.3140380859375,1062.8275453478718,1064.9276429908828,1133.5146065803706,991.116338243848,1062.3154724121093,56.10691877127802,43.48735963317304,30.353455384893874,-4.8225113552834955,-9.667196646176397,4.844685290892901,14.898109129941655,49.10716048276512,84.64865019764318,72.76696276765313,-9.744942479105735,14871631.0,14381615.95,-1.0
2026-04-13,1081.20435617491,1116.648748022718,1059.014373655242,1105.28076171875,164450,1074.2345495605466,1247.535131225586,1071.3181886220475,1068.5961083297798,1134.749312890324,990.6312413088947,1062.6902770996094,55.65748180552905,49.16297168122053,30.353455384893874,-0.9851608625508561,-7.930789489451289,6.945628626900433,14.054791854507622,49.7162471888159,90.96661540305698,81.46708642246173,-10.726075114896705,14707181.0,14413773.05,-1.0
2026-04-15,1126.8253385565615,1206.302343933833,1125.1375565950752,1186.6937255859375,820014,1079.2533630371092,1245.9693951416016,1094.3932960148254,1079.3322553530668,1156.9426901131656,977.2294778555843,1067.086083984375,64.73016374642339,49.16297168122053,30.353455384893874,8.527018673725252,-4.639227856815982,13.166246530541233,14.574022179833255,53.38091397640641,99.21536195924584,91.61020918664866,-8.333331960591128,15527195.0,14474161.35,1.0
2026-04-16,1205.309461761556,1218.861771135152,1180.4884267170428,1197.912841796875,233369,1084.506488037109,1244.4118981933595,1115.0972051712354,1090.1123086661403,1180.2750570305318,965.8062540046247,1073.0406555175782,65.76955171259469,49.16297168122053,30.353455384893874,16.777379219842942,-0.3559064414841968,17.13328566132714,15.250029776588988,52.30894472224232,99.21536195924584,96.46577977384953,-8.451821757076383,15760564.0,14553425.8,1.0
2026-04-17,1206.3023530072664,1230.0808570838442,1198.3099309141055,1225.41455078125,248853,1089.664299316406,1243.1182122802738,1137.1606742932383,1102.4125124947866,1207.8228275969327,953.8113520905678,1080.8170898437502,68.24034142762365,49.16297168122053,30.353455384893874,25.244010230855565,4.764076892983756,20.47993333787181,16.052030871210174,50.870306905437104,99.99999999999999,99.47690797283055,-1.8010926291096352,16009417.0,14654060.05,1.0
2026-04-20,1233.109106382551,1269.6457209761777,1201.3381793259962,1255.1998291015625,542816,1094.991887207031,1241.846656494141,1160.7685052549032,1116.302268549948,1238.3958863776907,940.2407103019967,1089.3182983398438,70.70650067231288,57.35272304090104,30.353455384893874,33.965763165538874,10.60441414749478,23.361349018044095,17.36772118399509,52.11582367291885,99.99999999999999,99.73845398641527,-4.837115326297825,16552233.0,14758273.0,1.0
2026-04-21,1261.4547268160566,1274.8083955651591,1239.0661041007156,1242.342529296875,216096,1099.1320361328121,1240.205912475586,1177.0833100632976,1127.760474072396,1259.3642716412448,931.7920638079738,1095.5781677246093,68.24309028679497,57.35272304090104,30.353455384893874,39.386317609540356,16.360794839903896,23.02552276963646,18.659869441449803,50.946285658027755,97.56286856034222,99.1876228534474,-10.68625738794391,16336137.0,14838740.45,1.0
2026-04-22,1242.3920694716453,1259.9654350801468,1227.3504979276656,1241.0517578125,201307,1102.8700830078124,1238.5167785644533,1189.8769996131382,1138.0596816851328,1279.3767164606759,927.1289476018238,1103.25283203125,67.98700324847697,57.35272304090104,30.353455384893874,43.08137629928319,21.704911131779756,21.376465167503437,19.516512659569145,49.636903621917284,94.1435171694694,97.2354619099372,-11.718085871543115,16134830.0,14919339.15,1.0
2026-04-23,1231.2226057840342,1259.071855756171,1231.2226057840342,1240.30712890625,248943,1107.2455346679685,1236.6463085937503,1199.9630254717606,1147.3549041597796,1297.2232520690654,925.1331200012469,1111.1781860351562,67.82887162954376,57.35272304090104,30.353455384893874,45.426008849446134,26.449130675313032,18.976878174133102,20.311967076394247,48.08064264693298,90.20404814953682,93.97014462644947,-11.976572084826698,15885887.0,14996985.5,1.0
2026-04-24,1247.0088006359829,1249.6894239422054,1205.3591523098858,1214.741455078125,166148,1110.9736547851562,1234.9099890136722,1202.9187113930336,1153.4809542432656,1306.480827892757,936.437287341618,1121.4590576171875,62.45756548375783,57.35272304090104,30.353455384893874,44.70586938707993,30.100478417666416,14.605390969413513,20.273619479158558,47.81275900303203,81.34840204915649,88.56532245605423,-23.260296764957168,15719739.0,15079362.6,1.0
2026-04-27,1225.166257970154,1280.7653750255256,1222.1877338421875,1271.28369140625,444389,1114.714677734375,1233.5762695312503,1216.591707395677,1164.190293985355,1325.4843057331884,940.3436239543114,1132.91396484375,68.41485388335094,56.46220605449696,30.353455384893874,48.14268074744609,33.70891888362235,14.43376186382374,20.79531247927476,49.11355621334407,81.63049307895923,84.39431442588418,-3.745117992851077,16164128.0,15174015.55,1.0
2026-04-28,1277.7869245294864,1288.4599699363955,1249.7888445918084,1254.7530517578125,148427,1117.618740234375,1232.0770104980472,1224.2239762681043,1172.4232719646693,1339.764653949932,944.1826360891301,1141.973645019531,65.15944938072467,56.46220605449696,30.353455384893874,48.96802117751622,36.76073934240113,12.20728183511509,21.410503996011126,48.36766829414715,76.45093139889332,79.80994217566968,-13.8148296423523,16015701.0,15251510.35,1.0
2026-04-29,1266.7664329328102,1319.486289798326,1241.3992853538873,1288.261474609375,490306,1121.2614770507812,1230.7304925537112,1237.0314759363584,1182.9540176596427,1355.135313703129,955.1868176445272,1155.161065673828,68.43790555846175,56.46220605449696,30.353455384893874,51.72965187097202,39.75452184811531,11.97513002285671,22.480478715792245,50.49047801916797,84.01427010708821,80.69856486164691,-11.353769993276142,16506007.0,15366628.65,1.0
2026-04-30,1285.7296070995883,1293.622647714782,1250.2355272124762,1274.063720703125,286564,1125.2646118164064,1229.1427740478516,1244.4379248897117,1191.2367179363227,1358.2162275483356,981.7074724028356,1169.9618499755857,65.62034522784253,56.46220605449696,40.85239977639791,52.17122658277117,42.23786279504648,9.933363787724687,23.47402666987471,49.98309533939211,75.88577844030459,78.78365998209537,-17.43856680128586,16219443.0,15483881.7,1.0
2026-05-01,1274.063720703125,1274.063720703125,1274.063720703125,1274.063720703125,0,1129.9200439453125,1227.515092163086,1250.3630840523942,1198.7664454605774,1362.9536914400996,1001.9796825833373,1182.4666870117185,65.62034522784255,56.46220605449696,40.85239977639791,51.92264578337995,44.174819392713175,7.7478263906667735,24.396606912951288,46.41287424372125,73.73905711244944,77.87970188661407,-17.43856680128586,16219443.0,15585110.25,1.0
2026-05-04,1290.6939036280996,1326.0390355189295,1279.971167334756,1291.091064453125,287760,1134.88326171875,1226.011029663086,1258.5086801325403,1207.159592641718,1368.8388827957156,1021.0148159347527,1194.9268493652341,67.48239664698251,60.164496490939804,40.85239977639791,52.4944843076928,45.838752375709106,6.655731931983695,26.032335837501574,46.81019142744148,64.44013146801599,71.35498900692335,-17.395576803618496,16507203.0,15691384.1,1.0
2026-05-05,1300.622292536934,1310.0542862614386,1255.9444275261233,1266.3692626953125,185792,1138.8317919921876,1224.4578570556641,1260.0807966450948,1212.5422899193175,1368.6988490479002,1042.486050854443,1205.5924499511716,62.213801845907625,60.164496490939804,40.85239977639791,50.372168660218904,46.74543563261106,3.626733027607841,26.72377703817339,47.33159623514676,42.37255016253634,60.18391291433392,-40.99589367216959,16321411.0,15778289.9,1.0
2026-05-06,1285.7296965351447,1290.6939038576745,1243.136773468548,1277.1912841796875,198394,1141.5065087890625,1223.226199951172,1263.5028941520134,1218.4194712157146,1363.087812995647,1071.994791984822,1217.5413024902346,63.555185472168446,60.164496490939804,40.85239977639791,48.99863909858391,47.196076325805635,1.8025627727782734,26.947084206841602,47.34770581757389,25.569819107369042,44.127500245973785,-38.243242595624636,16519805.0,15882031.5,1.0
2026-05-07,1283.3468154037994,1292.0838685155734,1258.1286187005312,1273.021240234375,158930,1144.3926977539063,1221.834563598633,1265.4065633684859,1223.383268399229,1357.4643437890436,1097.8722284765813,1227.6682861328125,62.6325360304387,60.164496490939804,40.85239977639791,47.0314698213399,47.16315502491249,-0.1316852035725944,27.179611203765216,46.39110181739305,6.908356800625764,24.95024202351038,-42.51598337266185,16360875.0,15950910.55,1.0
2026-05-08,1267.6599842664136,1280.0705021214794,1237.5768405071492,1248.2001953125,281086,1146.6325463867188,1220.3903601074219,1261.9652897572887,1225.6393526640718,1342.148970954426,1131.3764562916683,1236.7627136230471,57.30032947802756,60.164496490939804,40.85239977639791,42.97424278903213,46.325372577736424,-3.3511297887042915,26.70672962328703,46.11271323145999,6.908356800625764,13.128844236206856,-64.50026146577864,16079789.0,16020930.95,1.0
2026-05-11,1246.0159923702124,1255.9444066520468,1218.315692284602,1234.3004150390625,128847,1148.2816552734375,1218.9753314208986,1256.4323148136436,1226.426721970889,1329.3891711819874,1156.7651989351998,1243.0771850585936,54.502042183013984,57.85457893783086,40.85239977639791,38.19695431980995,44.69968892615113,-6.5027346063411855,25.668684793765536,45.50671331260177,1.6435065503133857,5.153406717188304,-76.01815484106478,15950942.0,16074896.5,1.0
2026-05-12,1234.1018304037373,1252.667915656892,1183.069759436568,1191.5089111328125,305512,1148.8902661132813,1217.3971618652347,1243.4476340774775,1223.2523755310638,1310.109398962999,1184.6677860955951,1247.388592529297,46.90734696050661,57.85457893783086,40.85239977639791,30.605204303598157,41.880792001640536,-11.27558769804238,23.931462353850844,47.227530663153374,0.0,2.8506211169797164,-94.09722709137662,15645430.0,16121808.95,1.0
2026-05-13,1182.5734080351008,1231.1233784067233,1182.5734080351008,1195.4803466796875,171109,1149.7818383789065,1215.7539904785158,1233.8541765979194,1220.7276456354841,1308.8589972690047,1186.7968498989644,1247.8279235839846,47.63663613156237,57.85457893783086,40.85239977639791,24.625284427928364,38.4296904868981,-13.80440605896974,22.331185700516755,47.32199064232974,1.1290760954757968,0.9241942152630608,-91.00346273113985,15816539.0,16136276.15,1.0
2026-05-14,1207.3943754278368,1222.0884762993755,1185.0554444250324,1213.45068359375,131660,1150.6495800781252,1214.3368408203128,1229.7734779970856,1220.06610363169,1307.311884736371,1189.8977466112854,1248.6048156738282,50.92173130034456,57.85457893783086,40.85239977639791,21.093063146084432,34.96236501873537,-13.869301872650937,20.845214522420815,46.58706501604498,7.344094192620782,2.824390096032193,-78.47757954278653,15948199.0,16145657.9,1.0
2026-05-15,1213.6493925764585,1230.2297960376884,1183.4669887581,1187.4383544921875,167687,1151.1023168945314,1212.9662554931642,1221.3064532961062,1217.0999446190078,1310.7822890381979,1182.6297226805525,1246.7060058593752,46.385355637522586,57.85457893783086,40.85239977639791,16.01021892974495,31.171935800937288,-15.161716871192336,19.49044520091317,46.59961803486952,7.344094192620782,5.272421493572454,-96.60898115987044,15780512.0,16134212.65,1.0
2026-05-18,1175.623464816374,1188.4311429774782,1135.6120295459514,1177.5098876953125,164593,1151.8330493164065,1211.6032580566407,1212.5471401759473,1213.5008485350354,1313.7797310409883,1171.863286537137,1242.8215087890626,44.74682084623449,52.73232616627746,40.85239977639791,11.053466492352527,27.148241939220338,-16.09477544686781,19.23878056392136,47.04386770605933,6.215018097144985,6.967735494128849,-77.99794313034229,15615919.0,16087396.95,1.0
2026-05-19,1195.8774883494375,1200.2460148292755,1157.752353647199,1185.3533935546875,254737,1153.2210424804691,1210.4181146240235,1207.1083908516953,1210.9419889913675,1315.4446625334501,1164.4994414704563,1239.9720520019532,46.35889571406813,52.73232616627746,40.85239977639791,7.669698337965428,23.252533218969358,-15.58283488100393,18.636477350651912,46.718852954346275,2.3635129982509655,5.307541762672244,-73.8790389763338,15870656.0,16064122.9,1.0
2026-05-20,1171.5528801875826,1201.0402219984644,1151.6960517098269,1194.09033203125,267383,1154.4601074218754,1209.4251599121094,1204.5047790876063,1209.4100201768113,1315.827821854719,1159.4201395710622,1237.6239807128907,48.17282038287,52.73232616627746,40.85239977639791,5.628157715559155,19.727658118287316,-14.099500402728161,18.229950299721224,46.90637562108137,7.386477252833851,5.321669449409933,-69.29096154901644,16138039.0,16064283.35,1.0
2026-05-21,1198.8559862739517,1290.693815450217,1198.8559862739517,1285.03466796875,1679959,1157.9151953125006,1208.634815673828,1220.6107568638351,1216.2849881578966,1320.8941907543117,1158.8265245777197,1239.8603576660157,62.41882197717947,52.73232616627746,40.85239977639791,11.219340348681726,18.025994564366197,-6.806654215684471,18.23411403099125,50.45616903521606,33.29594660286684,14.348645617983886,-21.53285314793957,17817998.0,16160888.9,1.0
2026-05-22,1291.388810320868,1340.1374218986696,1287.2189247585852,1324.9468994140625,825282,1163.0283300781255,1208.1219848632809,1241.4779853738805,1226.163343726639,1333.8576652936235,1156.8835944720017,1245.3706298828126,66.73974055056719,52.73232616627746,40.85239977639791,18.65592252299166,18.15198015609129,0.5039423669003682,19.06134513196243,50.7880679562663,64.26576693794921,34.982730264549964,-7.427206133119146,18643280.0,16307065.95,1.0
2026-05-25,1344.307277737789,1373.993260325944,1315.5148766636414,1363.1712646484375,559901,1168.5167578125004,1207.752911987304,1265.816641228792,1238.6186092649841,1352.5378322853173,1147.3921848045259,1249.9650085449216,70.265736686111,61.12145270584724,40.85239977639791,27.318938575429684,19.985371839958972,7.333566735470711,20.301854158913827,51.33737622098318,92.57613601669965,63.37928318583856,-4.539785134130114,19203181.0,16459018.6,1.0
2026-05-26,1208.0894974447172,1241.051784358699,1184.4598229919422,1192.60107421875,2142638,1170.4130859375005,1206.7150152587883,1251.1735278267836,1234.4351969880536,1352.5383365891198,1141.1764827468178,1246.8574096679688,46.55047751283184,61.12145270584724,40.85239977639791,20.188136091348497,20.025924690236877,0.16221140111161958,18.997949955515306,60.435523752091186,69.02264014390312,75.28818103285066,-76.09331721028192,17060543.0,16511260.7,1.0
2026-05-27,1174.7298623108468,1181.3819722179442,1051.6175322416368,1064.921630859375,2769365,1169.7359667968753,1204.960769042968,1213.923148433302,1219.0248727945373,1367.0336590252195,1104.347175935718,1235.6904174804688,36.59416278338255,61.12145270584724,40.85239977639791,4.18600605844199,16.8579409638779,-12.671934905435911,19.434119327464426,66.18895362530705,35.68930681056978,65.76269432372418,-95.87310784940394,14291178.0,16400519.25,-1.0
2026-05-28,1064.921630859375,1064.921630859375,1064.921630859375,1064.921630859375,0,1169.4579711914062,1203.2494458007802,1184.1228449185166,1205.015487164068,1375.6327258644835,1074.8339001120792,1225.2333129882813,36.59416278338255,61.12145270584724,40.85239977639791,-8.398979079116543,11.806556955279014,-20.205536034395557,19.83913374427432,61.461171223499406,2.3559734772364536,35.68930681056978,-95.87310784940394,14291178.0,16304106.0,-1.0
2026-05-29,1077.2328936977012,1096.7918203397126,1055.48964330912,1071.474365234375,981501,1169.4897412109374,1201.793888549804,1161.5931489816883,1192.8753851704594,1378.39254922257,1051.8151412071181,1215.1038452148441,37.391203996214756,61.12145270584724,40.85239977639791,-17.640570059208358,5.917131552381541,-23.5577016115899,19.66593203560611,60.0212430668632,0.7890347063814365,12.944771664729224,-93.8404689736613,15272679.0,16256767.8,-1.0
2026-06-01,1085.969980584214,1086.168500387236,1029.6758000309112,1045.6605224609375,516595,1168.6994384765624,1200.1352569580072,1138.4066236775382,1179.49221583323,1378.4966982686044,1027.1679379618647,1202.8323181152346,35.4981126078173,45.19744703939453,36.76737016214525,-26.73932458041827,-0.6141596741784214,-26.12516490623985,19.80529526835704,59.76920430182474,0.7890347063814365,1.3113476299997755,-95.35756263526991,14756084.0,16169211.85,-1.0
2026-06-02,1039.4056835002684,1072.2687095251265,1021.6337982419952,1058.17041015625,325955,1167.5199438476561,1198.616140136718,1122.3593809732806,1168.4629607716863,1376.6980070482978,1008.1467439282651,1192.4223754882814,37.15859192953146,45.19744703939453,36.76737016214525,-32.56531700076653,-7.004391139496043,-25.560925861270483,20.028689728599137,59.116754800489495,2.381013226373587,1.3196942130454865,-89.63086965277805,15082039.0,16107243.25,-1.0
2026-06-03,1058.1704557010078,1058.4682354152612,1034.9379417553864,1039.604248046875,205467,1166.5608593749998,1196.9158801269525,1105.8083543879995,1156.7485323421581,1372.2903338498606,988.7957135134213,1180.543023681641,35.69013033259111,45.19744703939453,36.76737016214525,-38.239787618018,-13.251470435200435,-24.988317182817564,20.236127441681084,56.574864719017015,1.7760748163447615,1.6487075830332616,-94.8999667275578,14876572.0,16025081.6,-1.0
2026-06-04,1036.5264628152818,1043.972773611369,1002.2734331532826,1003.7626953125,544375,1165.0001123046875,1195.1913299560538,1085.3992225728998,1142.8407289758256,1369.0271727779468,965.1330200931475,1167.0800964355471,32.98050059926418,45.19744703939453,36.76737016214525,-45.108972079085106,-19.62297076397737,-25.486001315107735,20.832150706869196,55.51232727180768,1.7760748163447615,1.9777209530210365,-99.59935896598658,14332197.0,15923647.7,-1.0
2026-06-05,1017.662457941556,1020.5417223057564,998.1034698009844,1009.7197265625,335418,1165.0120263671874,1193.1359118652335,1070.26332337082,1130.7388196655234,1364.945752976738,945.3663930193554,1155.1560729980467,33.879022825188386,45.19744703939453,36.76737016214525,-49.50154462460364,-25.59868553610263,-23.90285908850101,21.436483970849718,53.149893359876565,0.9873831736135523,1.513177602101025,-96.90966420096365,14667615.0,15853039.0,-1.0
2026-06-08,998.7984533243774,1012.4996525922824,993.8342462999024,1001.7769775390624,171201,1164.2038549804688,1190.774360961913,1056.5660542044686,1119.0150158358451,1360.5011988944038,926.5586033516896,1143.5299011230468,33.23913622031024,42.30557159002365,36.76737016214525,-53.0125082832235,-31.081450085526804,-21.931058197696693,22.052588372964387,50.686715712198236,1.0345094273373594,1.2659891390985578,-97.9106818604554,14496414.0,15780312.6,-1.0
2026-06-09,1010.7125808341418,1022.6266780541908,987.2815472073388,991.3521728515624,334749,1162.5597094726568,1188.624638671874,1043.5232779338874,1107.4093028372738,1359.454762084944,907.5893663330248,1133.5220642089844,32.3748420720282,42.30557159002365,36.76737016214525,-55.99074048902821,-36.06330816622709,-19.927432322801124,22.37351273864207,49.59088822181637,1.0345094273373594,1.0188006760960904,-98.94737461883521,14161665.0,15706124.35,-1.0
2026-06-10,996.7135072971896,1007.3368618156368,978.9416219694064,984.600830078125,195638,1161.7614648437502,1186.3957696533193,1031.7387883627348,1096.2448962228057,1356.2981624300753,889.6580143277376,1122.9780883789065,31.798180478511853,42.30557159002365,36.76737016214525,-58.22461083745111,-40.49556870047189,-17.729042136979217,22.794375057445958,48.07691333784595,0.2312225500764185,0.7667471349170458,-98.56747636023948,13966027.0,15613598.75,-1.0
2026-06-11,984.6008719202904,1011.1097505889712,976.5588198667,1002.2734375,182909,1162.2459729003908,1184.1107067871085,1025.8457181901879,1087.7020363389142,1347.6061623981864,877.2322897502514,1112.4192260742188,35.05900524831902,42.30557159002365,36.76737016214525,-57.90148518119486,-43.97675199661649,-13.924733184578365,23.081833890135844,47.11077172244776,2.8256060355635477,1.3637793376591085,-93.52984668274188,14148936.0,15523635.6,-1.0
2026-06-12,1017.2652431531144,1039.703433868994,1009.3225121955315,1031.2642822265625,214529,1162.3919189453127,1181.8127197265615,1026.9294309974628,1082.5713314196096,1339.6804961744006,869.5405487474745,1104.6105224609375,40.11701716431994,42.30557159002365,36.76737016214525,-54.675818091340034,-46.1165652155612,-8.559252875778832,22.58512845191238,46.41928776862963,21.622309731842186,8.226379439160716,-79.31685537839046,14363465.0,15452783.25,-1.0
2026-06-15,1049.8305024793178,1075.8428982317623,1017.8609372332336,1072.16943359375,622016,1162.9975512695314,1179.5510205078115,1035.9774315167203,1081.6257043445314,1332.2465813854353,866.4404181262832,1099.3434997558593,46.4540943565211,43.65993637430897,36.76737016214525,-48.26241079687679,-46.54573433182432,-1.7166764650524726,21.270096966042917,47.24519299933671,54.955643065175515,26.46785294419375,-53.32040707825322,14985481.0,15421261.35,-1.0
2026-06-16,1076.2401031069123,1108.9046101803538,1068.3966316217295,1085.076416015625,425339,1163.6379345703126,1177.2828106689446,1045.7972284165012,1081.93940540554,1323.7276456577222,864.9316561000903,1094.3296508789062,48.312756039461625,43.65993637430897,36.76737016214525,-41.65804567728287,-45.56819660091603,3.910150923633161,20.137727614321353,46.76396339642868,85.4633703629453,54.01377438665433,-18.004497240340612,15410820.0,15398269.55,-1.0
2026-06-17,1084.679220595118,1084.8777403949043,1072.2687031970047,1077.23291015625,162885,1164.4183081054687,1175.1603961181634,1052.084364764451,1081.511542201059,1313.0887257989252,863.884833771387,1088.4867797851562,47.239629947269144,43.65993637430897,36.76737016214525,-36.63464275268166,-43.78148583126916,7.1468430785875015,19.08624178772276,44.33851692658523,97.8339818902562,79.41766510612567,-23.931021870089864,15247935.0,15353764.35,-1.0
2026-06-18,1077.2329549555743,1088.154210720101,1060.3546505922152,1064.5245361328125,152765,1164.2991674804684,1172.9206622314448,1054.5723990381234,1079.9672689221275,1282.2104358222623,872.7121105644561,1077.4612731933591,45.477062314380206,43.65993637430897,36.76737016214525,-33.295212830688115,-41.68423123115295,8.389018400464835,17.830853699906182,43.15716286953527,92.11036375544387,91.80257200288179,-33.53342327123697,15095170.0,15217622.95,-1.0
2026-06-19,1064.5245811087757,1087.1614152193272,1059.3618539169152,1071.5738525390625,242432,1164.4044116210935,1170.8153430175776,1057.9726897383114,1079.2042310691215,1233.194505186389,896.3907365128293,1064.7926208496092,46.665802027538106,43.65993637430897,36.76737016214525,-29.737079100642404,-39.29480080505085,9.557721704408443,16.641105681354667,42.06019132902647,88.78612046130013,92.91015536900005,-28.206985316887668,15337602.0,15052339.05,-1.0
2026-06-22,1086.267822265625,1088.948566938138,1068.6945768194,1086.267822265625,232202,1163.9695483398434,1168.7681988525385,1063.631716243774,1079.8463757233492,1145.3193535140692,956.5755439468683,1050.9474487304688,49.1543070123184,46.20444250093895,36.76737016214525,-25.438314871272496,-36.52350361829518,11.085188747022684,15.581403135656867,40.502605528291575,90.95213857104392,90.6162075959293,-17.104274991354508,15569804.0,14870670.2,-1.0
2026-06-23,1086.2678115040335,1100.0683319656396,1072.2687712300458,1079.0201416015625,219205,1163.4443359374995,1166.6157446289055,1066.7094013153317,1079.7712635304595,1113.9109744622388,976.62582973698,1045.2684020996094,47.965513471202485,46.20444250093895,36.76737016214525,-22.358604432617085,-33.69052378115956,11.331919348542478,14.88511429161659,39.595245185956024,94.39261759106901,91.37695887447101,-22.58059626072455,15350599.0,14785173.0,-1.0
2026-06-24,1068.2973115095567,1080.211407920444,1056.3832150986696,1066.410888671875,85048,1161.0386791992184,1164.3045306396477,1066.6496987866403,1078.5566839978608,1114.0783724939029,976.607357486566,1045.3428649902344,45.88628255531407,46.20444250093895,36.76737016214525,-20.696793303473214,-31.091777685622294,10.39498438214908,13.853987821074687,38.469027159943046,91.4404518976067,92.26173601990655,-32.10810212230437,15265551.0,14833891.65,-1.0
2026-06-25,1071.3751398246263,1103.0468049995493,1065.3188314712118,1079.31787109375,326597,1158.666779785156,1162.23743774414,1069.1833332480624,1078.6258828247599,1115.9532950623702,976.1720589415364,1046.0626770019533,48.35418944019008,46.20444250093895,36.76737016214525,-18.129326803356435,-28.499287509169125,10.36996070581269,13.436201832858522,38.416094757685514,89.90378496413736,91.91228481760436,-22.355632934364188,15592148.0,14898940.15,-1.0
2026-06-26,1079.31787109375,1079.31787109375,1079.31787109375,1079.31787109375,0,1155.744846191406,1160.203894042968,1071.2102408172,1078.6887908492135,1117.0305240346213,975.8791805552225,1046.454852294922,48.354189440190076,46.20444250093895,36.76737016214525,-15.91117696077663,-25.98166539949063,10.070488438714001,13.04825770094351,35.672087989279404,90.65025714545524,90.6648313357331,-22.355632934364188,15592148.0,14914913.6,-1.0
2026-06-29,1080.4099397758127,1089.6434130759046,1066.3116406774684,1079.5164794921875,394964,1152.2311791992186,1158.0539215087883,1072.8714885521977,1078.764035271302,1120.2506828426017,976.0446174503672,1048.1476501464845,48.39618906712608,46.702450489110674,36.76737016214525,-13.976142916022127,-23.580560902796933,9.604417986774806,12.281709471804358,34.79063687564775,95.47066164243634,92.00823458400964,-22.205565147571114,15987112.0,14976465.0,-1.0
2026-06-30,1087.161331321528,1087.260591222083,1042.4834683905065,1046.454833984375,192693,1148.3134252929685,1155.8960253906243,1067.5881576386332,1075.8268351543086,1119.5122518437945,975.6114908319867,1047.5618713378906,42.23834401147002,46.702450489110674,36.28481191568653,-14.93821454065801,-21.85209163036915,6.913877089711139,11.926918998427851,35.503957301071225,80.65208454579358,88.92433444456171,-47.186824792821525,15794419.0,15012084.0,-1.0
2026-07-01,1057.5746821219564,1089.7427698905942,1056.879741573675,1074.5523681640625,301994,1144.9834375,1153.967916259765,1068.9809997437192,1075.7109745188316,1122.138083900788,976.4804707867125,1049.3092773437502,48.26318647789024,46.702450489110674,36.28481191568653,-13.280339559407366,-20.137741216176792,6.857401656769426,11.517370913343008,36.05995577286751,78.90192342418504,85.00822320413832,-34.49640318034578,16096413.0,15073076.05,-1.0
2026-07-02,1082.0979024274554,1086.863468589569,1072.3680079022197,1078.42431640625,149506,1141.74578125,1152.1376129150385,1070.8696630762254,1075.9576419631424,1123.661638661499,982.4230781353762,1053.0423583984375,49.051829870213375,46.702450489110674,36.28481191568653,-11.521218394555945,-18.414436651852622,6.893218257296677,11.137076262907081,34.5196346953305,79.8640119212723,79.80600663041696,-33.47876111260062,16245919.0,15168762.15,-1.0
2026-07-03,1080.211476594841,1089.0477895673084,1065.5173749419876,1074.055908203125,147862,1138.9320703125,1150.3495056152337,1071.5069121016054,1075.784757075868,1124.3866094680961,988.1317254928417,1056.259167480469,48.15987133832965,46.702450489110674,36.28481191568653,-10.360170633231746,-16.80358344812845,6.443412814896703,11.000808275372503,33.73469040461553,91.42630726216225,83.39741420253986,-52.46627961845049,16098057.0,15240284.25,-1.0
2026-07-06,1071.275846593348,1080.01289919614,1060.3545914380868,1065.61669921875,119057,1134.8187304687501,1148.4154504394523,1070.3288695250344,1074.8603881797662,1122.6332355467066,996.2690715822001,1059.4511535644533,46.404329579437636,46.38820895908608,36.28481191568653,-10.005666458489031,-15.444000050200566,5.438333591711535,11.040222398078345,32.72923450128965,81.45888360737501,84.24973426360319,-61.803242483853715,15979000.0,15314413.55,-1.0
2026-07-07,1065.3188853663876,1084.1828730848977,1055.6883716939456,1077.5308837890625,172351,1131.274287109375,1146.629329223632,1071.76927237784,1075.103160507884,1118.589874537779,1008.9303036848773,1063.7600891113282,49.21867340670275,46.38820895908608,36.28481191568653,-8.66347705148928,-14.08789545045831,5.4244183989690296,11.230386256622934,32.42675356483697,81.95279960091273,84.94599682348333,-42.130970054045804,16151351.0,15413897.85,-1.0
2026-07-08,1066.013844976942,1071.2759532816583,1030.1722919099636,1037.91650390625,153676,1126.2673876953127,1144.6704534912103,1064.9987186835222,1071.722555362281,1108.8262825794404,1024.0254630260283,1066.4258728027344,41.428911397556895,46.38820895908608,36.28481191568653,-10.673296543192691,-13.404975669005188,2.731679125812496,12.178826875586951,33.49331344442711,53.41241495680151,72.27469938836308,-89.37322299942328,15997675.0,15515480.25,-1.0
2026-07-09,1040.7956787068945,1050.4261917214087,1032.852947578566,1037.7177734375,111111,1121.5404687500002,1142.756751708984,1059.5425296343178,1068.6312115509372,1101.2381929040387,1035.1579862951796,1068.1980895996091,41.393517947255276,46.38820895908608,36.28481191568653,-12.142161577866773,-13.152412850777505,1.0102512729107325,13.059521736053538,32.356165637171074,33.33333333333333,56.23284929701585,-89.64592529316717,15886564.0,15602361.65,-1.0
2026-07-10,1046.75275359961,1057.2768483722523,1040.4978041988377,1042.6820068359375,105694,1116.9128344726564,1140.9368725585934,1056.1704250746418,1066.2721929404827,1099.431059928626,1038.1068917315306,1068.7689758300783,42.710164995425586,46.38820895908608,36.28481191568653,-12.75860232734749,-13.073650746091502,0.3150484187440128,13.5435641188948,31.442087729855448,5.608608693648783,30.784785661261207,-82.83389569876714,15992258.0,15683801.3,-1.0
2026-07-13,1041.2920887052385,1053.4047050729223,1032.5550360752493,1050.2276611328125,130137,1112.0955664062503,1139.0966412353512,1054.981872286276,1064.8135991397853,1099.3741910408958,1035.969583373167,1067.6718872070314,44.74227003133825,44.467031513254156,36.28481191568653,-12.49423901249088,-12.957768399371378,0.4635293868804986,14.249322540506565,30.685486391842417,19.8735098892749,19.605150638752335,-72.47958391407086,16122395.0,15740647.0,-1.0
2026-07-14,1029.3780430928407,1043.476342920122,1027.5908800402722,1032.3565673828125,106763,1107.4153125000003,1137.2901666259759,1050.4568113055834,1061.8629598891514,1099.3078916119175,1030.763897938864,1065.0358947753907,41.03023945837535,44.467031513254156,36.28481191568653,-13.570346583329638,-13.08028403616303,-0.49006254716660713,15.064630349787748,30.110578870463698,19.8735098892749,15.118542824066193,-93.68414429335758,16015632.0,15770887.6,-1.0
2026-07-15,1036.129315339942,1047.4477321350068,1032.5551103510968,1040.9942626953125,77470,1102.6913720703128,1135.6599212646477,1048.5643015835294,1059.9658055988023,1098.5950100466252,1027.852914758062,1063.2239624023437,43.47138302193653,44.467031513254156,36.28481191568653,-13.56975606166975,-13.178178441264375,-0.3915776204053749,15.601101595785796,29.0377635763016,24.202265608918765,21.31642846248952,-78.43447289001321,16093102.0,15813145.95,-1.0
2026-07-16,1052.411909582898,1052.411909582898,1022.7259267619746,1025.8037109375,121017,1097.7470214843754,1133.9984008789054,1044.0121834543236,1056.8601606295929,1100.4001642570865,1022.1756780280695,1061.287921142578,40.31094493470676,44.467031513254156,36.28481191568653,-14.62643421413577,-13.467829595838655,-1.1586046182971153,16.439254313226677,29.084064950917444,9.937364413292649,18.004379970495435,-95.40744679719029,15972085.0,15856991.7,-1.0
2026-07-17,1025.6051643262872,1034.5407369099626,1019.3502150391306,1026.697265625,88465,1093.3169628906253,1132.786638183593,1040.549199888459,1054.1180792655389,1100.7357256381088,1017.3524579556412,1059.044091796875,40.58458220976127,44.467031513254156,36.28481191568653,-15.21635223072144,-13.817534122815214,-1.3988181079062265,17.332935287852795,28.091669016625627,10.961333939361197,15.033654653857536,-89.56274480820802,16060550.0,15893139.1,-1.0
2026-07-20,1022.6266789636212,1022.6266789636212,1000.7841673741068,1006.3440551757812,138797,1088.7578356933595,1131.204048767089,1033.7081709459235,1049.77498616647,1100.8694922650452,1009.2263146197207,1055.047903442383,36.48201384987691,43.479021374763924,36.28481191568653,-17.128750915098408,-14.479777481271855,-2.648973433826553,18.753310231394444,27.93605681907331,1.0239695260685489,7.307555959574131,-93.75002794064352,15921753.0,15910736.55,-1.0
2026-07-21,1006.7411832509435,1030.5693769373563,1000.5855544289744,1013.4924926757812,137051,1085.197507324219,1129.6522375488273,1029.665035291895,1046.4765776673164,1099.6983859677207,1003.8446560244669,1051.7715209960938,38.821167844359394,43.479021374763924,36.28481191568653,-17.861623805535146,-15.156146746124515,-2.705477059410631,19.573521428595612,28.08232579688107,7.14581014434088,6.377037869923542,-85.4096629746881,16058804.0,15946146.8,-1.0
2026-07-22,1017.1660654383628,1019.3502681495904,994.926392720964,1002.9684448242188,114792,1081.3472692871094,1128.0224887084955,1024.3257171983598,1042.5212928633985,1100.6658700988658,996.5329275085568,1048.5993988037112,36.67954772279489,43.479021374763924,36.28481191568653,-19.071785883859093,-15.93927457367143,-3.132511310187663,20.522386859069513,27.821007913434308,6.638809954009233,4.936196541472887,-91.45566005954674,15944012.0,15980069.85,-1.0
2026-07-23,1004.7555296090728,1009.1240561510136,984.898700960672,988.0758056640624,109835,1076.8397717285156,1126.150982971191,1017.0757348915004,1037.5717031180043,1100.5687639348953,987.5058271295578,1044.0372955322266,33.83499797387185,43.479021374763924,36.28481191568653,-20.990593076132654,-16.949538274163675,-4.041054801968979,21.724344419965984,27.564175576070543,6.638809954009233,6.807810017453114,-96.79998872386719,15834177.0,15992171.3,-1.0
2026-07-24,982.9130317937288,996.8128120413172,978.3459853802432,984.7001342773438,102586,1072.785007324219,1124.334083251953,1010.6006147686691,1032.7651968597625,1099.1459076280428,979.4669097547701,1039.3064086914064,33.2063835803476,43.479021374763924,36.28481191568653,-22.52400733367915,-18.06443208606677,-4.459575247612381,23.041670385759332,26.91436493928508,0.5169693357369021,4.5981964145851215,-93.99628141481986,15731591.0,15999143.45,-1.0
2026-07-27,992.6428258192238,998.7984546574346,980.9273093454726,990.0614624023438,132972,1069.0360388183594,1122.6517135620118,1006.492784295404,1028.8830391818153,1095.3867953431322,974.2805203306963,1034.8336578369142,35.26352488015434,40.90730632606532,36.28481191568653,-23.041032131373072,-19.059752095128033,-3.981280036245039,24.120111994685267,26.268420680190573,5.944179231613033,4.366652840453056,-87.39321955375155,15864563.0,15993016.0,-1.0
2026-07-28,990.7564870554752,999.6920599238446,983.3101763318344,984.7994384765624,60685,1065.024959716797,1120.90083770752,1002.1541151316358,1024.8754391177013,1095.979171183789,967.5226049392579,1031.7508880615235,34.151773838801894,40.90730632606532,36.28481191568653,-23.60329526744772,-19.96846072959197,-3.634834537855749,25.052845740672634,25.562239459606257,8.675916298289604,5.045688288546513,-91.82391671433702,15803878.0,15993488.95,-1.0
2026-07-29,991.9478118489668,1001.4791255839904,977.9487724421328,981.7215576171876,128138,1060.7775842285157,1119.269598693848,998.0676036287463,1020.9523589812909,1091.7299127996898,962.4887822686695,1027.1093475341797,33.48674807873786,40.90730632606532,36.28481191568653,-24.020360354095033,-20.778840654492583,-3.241519699602449,26.112068123232447,25.417104722624202,9.48603898104823,8.035378170316955,-95.2440732605462,15675740.0,15972455.3,-1.0
2026-07-30,993.8342733979928,995.5221159519816,956.106298983284,960.2762451171876,169041,1054.2824157714845,1117.280440979004,990.5093319264346,1015.4363486300088,1087.6464156390662,954.7574723003872,1021.2019439697267,29.217653345438666,40.90730632606532,36.28481191568653,-25.784121628772027,-21.779896849348475,-4.004224779423552,27.777655720921867,26.417012740200878,3.5418597494351953,7.234605009591009,-95.7142708688753,15506699.0,15935494.3,-1.0
2026-07-31,960.276211602438,977.6509360554454,950.844218327948,973.2824096679688,196607,1047.2491259765625,1115.477937011719,987.0639474747416,1011.6041723607323,1080.9960051785042,951.3305329074334,1016.1632690429688,34.65834942392703,40.90730632606532,34.844443257466004,-25.83462093532262,-22.590841666543305,-3.2437792687793134,29.46722431350863,26.444848810722057,13.533567006852982,8.853821912445468,-77.90814080464081,15703306.0,15915756.75,-1.0
2026-08-03,990.8557253283678,1004.755505042393,978.2962572760456,992.2457275390624,145672,1039.8306152343748,1113.7166363525394,988.1003034876057,1009.8443137405803,1073.7497344605442,951.2397064574244,1012.4947204589844,41.69527597232103,40.21094918875055,34.844443257466004,-24.06703097854063,-22.88607952894277,-1.1809514495978597,29.08899373780081,26.804009279557928,41.90322839950019,19.659551718596123,-59.23752061352818,15848978.0,15909255.65,-1.0
2026-08-04,993.7846190338006,1000.4366685842124,975.6652633455212,978.345947265625,144769,1035.5455126953123,1111.869454956055,986.1494322432096,1006.9808258792208,1062.34114584181,952.7298014238149,1007.5354736328125,38.428463321768675,40.21094918875055,34.844443257466004,-23.516713273774258,-23.01220627790907,-0.5045069958651887,28.83781887326386,26.658823276638874,66.50943812326017,40.64874450987111,-72.92275860771166,15704209.0,15886898.55,-1.0
2026-08-05,980.9273042473204,1012.3507588301626,978.0480399449542,997.408447265625,167494,1034.1952490234373,1110.1900634765627,988.4012352476927,1006.1106096416211,1058.5540399202648,952.4661016812975,1005.5100708007811,44.81433597557347,40.21094918875055,34.844443257466004,-21.296900675751886,-22.669145157477633,1.3722444817257475,27.863435921911453,27.204815820108124,87.11932713249914,65.17733121841982,-44.36539329643862,15871703.0,15880599.95,-1.0
2026-08-06,1002.273426335595,1002.273426335595,983.2108587076342,985.1469116210938,75498,1032.5997546386718,1108.5431875610357,987.750370522373,1004.2048189124822,1054.3934782943536,951.3695771255682,1002.8815277099609,41.81050581102737,40.21094918875055,34.844443257466004,-20.293159738110035,-22.193948073604115,1.9007883354940809,26.958651752798506,26.62322666352617,84.85307068391843,79.49394531322591,-56.97381618116006,15796205.0,15876082.0,-1.0
2026-08-07,986.884393317702,1063.432444254259,984.054819447382,1058.6171875,907092,1032.3426110839844,1107.2284176635749,1001.9237339178985,1009.1513978749838,1058.1880138060349,949.1685596802929,1003.6782867431639,59.37973334957185,40.21094918875055,34.844443257466004,-13.414615232659003,-20.438081505415095,7.023466272756092,26.660692820225677,30.391397959479807,93.58019429349179,88.51753070330312,-4.276874171026234,16703297.0,15911633.95,1.0
2026-08-10,1066.311711649612,1069.588136895837,1042.5332075267008,1054.9437255859375,205080,1032.5282751464842,1105.7657144165046,1012.5277322515063,1013.3143367577977,1059.3053547848651,948.5228251467752,1003.9140899658202,58.42980451020602,47.41569215698326,34.844443257466004,-8.165608775861415,-17.98358695950436,9.817978183642946,26.574330030530795,30.153078774455253,92.5303895505434,90.32121817598454,-12.332767426339252,16498217.0,15930425.05,1.0
2026-08-11,1071.2759321958026,1071.2759321958026,1043.5756313038096,1050.4759521484375,136004,1032.374385986328,1104.425627136231,1020.1173762308925,1016.692665429674,1062.7065723497878,946.933546058415,1004.8200592041014,57.23063202403351,47.41569215698326,34.844443257466004,-4.31648753804734,-15.250167075212959,10.933679537165618,26.54784453696959,29.97788035427938,96.57513654619807,94.22857346341108,-17.271181634256404,16362213.0,15947754.1,1.0
2026-08-12,969.1621868346414,1001.975584000224,968.715396071172,976.0127563476562,845640,1031.1025561523436,1102.7936437988287,1011.2964522542453,1012.9944918767633,1058.1891654765595,944.952802296878,1001.5709838867188,41.82399245315421,47.41569215698326,34.844443257466004,-7.191687514887235,-13.638471163147814,6.446783648260579,25.710841296037668,33.67664290592125,77.1735779290957,88.75970134194571,-79.10140343321467,15516573.0,15918927.65,1.0
2026-08-13,977.9487790548388,987.8771930553954,968.020365054282,976.5587768554688,231848,1030.558477783203,1101.11325958252,1004.3489171744901,1009.6821541475547,1055.5726428861913,942.644831479043,999.1087371826171,41.94740320509852,47.41569215698326,34.844443257466004,-9.31882332500868,-12.774541595519988,3.4557182705113085,24.953337015124603,32.689513269863546,58.9582102634165,77.56897491290343,-78.64801745183469,15748421.0,15907744.45,1.0
2026-08-14,980.9273188789348,986.4375766173636,958.042336362792,961.4676513671876,153212,1029.5934362792968,1099.3380593872075,995.7726640130297,1005.2990175311576,1053.1310364567755,938.5634764826775,995.8472564697265,39.45613230364836,47.41569215698326,34.844443257466004,-12.083035769895673,-12.636240430395125,0.5532046604994516,24.539233883601696,32.38277948305698,39.31489243083834,58.48222687445018,-91.17887415361682,15595209.0,15884477.4,-1.0
2026-08-17,962.8079693496172,970.8996511812784,934.8098291189534,952.2838745117188,301073,1028.60357421875,1097.416663208008,987.0749061127676,1000.4794590748448,1053.3688440788887,932.919650794158,993.1442474365234,37.97793764815301,41.31224753644795,34.844443257466004,-14.843639847438112,-13.077720313803722,-1.7659195336343902,24.771691330420346,32.647568238718975,35.064461863191625,44.44585485248216,-87.19532176944699,15294136.0,15853096.55,-1.0
2026-08-18,958.0920012803105,1010.7125982418198,950.6953203424896,995.27392578125,444335,1028.6820092773437,1095.7161743164065,988.7147100464641,1000.0062287754272,1051.7084768072039,932.7581613763897,992.2333190917968,47.83080384609838,41.31224753644795,34.844443257466004,-13.407942201818628,-13.143764691406703,-0.2641775104119244,23.48410383876473,34.60254750019121,41.566445634639805,38.64859997622325,-55.69295576041549,15738471.0,15837079.9,-1.0
2026-08-19,997.5078146771172,1005.7483865738208,978.3956168078714,989.8132934570312,244509,1028.7862585449218,1094.116955261231,988.9344267285776,999.0795982919367,1050.8414370856724,932.3096859612028,991.5755615234376,46.81350810763382,41.31224753644795,34.844443257466004,-12.56591679932717,-13.028195112990797,0.4622783136636279,22.288486882227378,34.08470623345965,46.64102259180534,41.09064336321225,-59.6944126798262,15493962.0,15814577.4,-1.0
2026-08-20,992.5931887349212,999.3941280793596,976.0623552008692,978.3955688476562,219276,1028.3087011718749,1092.3559027099614,986.8266551523933,997.1992319788202,1050.6352312968993,931.5478680683353,991.0915496826174,44.673991723868504,41.31224753644795,34.844443257466004,-12.67382459471196,-12.95732100933503,0.2834964146230714,21.252014126378544,33.316639565247556,47.38879409490693,45.19875410711735,-68.06112379118933,15274686.0,15786602.85,-1.0
2026-08-21,982.9130201594338,996.0185392145394,979.3388152345104,980.3812866210938,107267,1027.2910412597657,1090.787958068848,985.5375814461335,995.6703278553905,1050.548072108396,931.2031424912137,990.8756072998048,45.14355565087537,41.31224753644795,34.844443257466004,-12.455531853104276,-12.856963178088881,0.4014313249846051,20.289575138804622,32.195663193935815,37.97911166819911,44.00297611830379,-66.60602415203624,15381953.0,15769120.95,-1.0
2026-08-24,989.8629241065844,1011.5068555631902,982.664823605308,990.9053955078124,160019,1025.665760498047,1089.421063537598,986.6111442584693,995.2371521874288,1050.5890382518012,931.246569658355,990.9178039550782,47.67810831264824,42.854494604566476,34.844443257466004,-11.303031339763265,-12.54617681042376,1.2431454706604939,18.889358948409708,32.119227890233006,36.697610287238724,40.688505350114916,-58.89413918614687,15541972.0,15752991.4,-1.0
2026-08-25,986.8843496416432,992.7917680795666,980.4308805544496,987.1821899414062,57066,1023.7078759765625,1087.9864074707032,986.7253533950567,994.5048828923358,1050.6662411129898,931.4076419436508,991.0369415283203,46.85334257711724,42.854494604566476,34.844443257466004,-10.568273474611033,-12.150596143261215,1.582322668650182,17.57775559215888,30.7079178641533,40.091952960868134,38.25622497210199,-61.62243982818211,15484906.0,15737042.8,-1.0
2026-08-26,986.4375590409342,1004.8547548575056,978.4451979052404,997.0609741210938,140034,1022.1044372558594,1086.600152282715,988.7924775402641,994.7372548222229,1051.3232169775042,932.2846077295274,991.8039123535158,49.35660056065614,42.854494604566476,34.844443257466004,-9.084121155959906,-11.537301145800955,2.4531799898410487,16.754846516929657,30.400892084732714,46.653777598635116,41.147780282247325,-54.38343764598864,15624940.0,15734502.8,-1.0
2026-08-27,996.812791602806,1000.2381066418046,986.4872165341616,990.3096923828124,66454,1020.6201403808594,1085.233754577637,989.0959205087738,994.3347491459128,1050.9619893057761,935.6491801278178,993.305584716797,47.702955274054574,42.854494604566476,34.844443257466004,-8.356364792481145,-10.901113875136993,2.544749082655848,15.990716661359663,29.21160622922631,47.39599774899606,44.71390943616643,-59.33066013279144,15558486.0,15737092.15,-1.0
2026-08-28,991.352156216432,1034.044337205222,985.3951077063684,1018.1588745117188,272844,1019.5518408203126,1083.9941925048831,994.9085113093629,996.5005787246224,1053.4173216624472,937.6814942555217,995.5494079589844,54.47823332050461,42.854494604566476,34.844443257466004,-5.469368898646621,-9.81476487983892,4.345395981192299,16.45887316310797,30.60000789134255,62.140481396213126,52.063418914614765,-38.92326115165146,15831330.0,15743493.35,-1.0
2026-08-31,1023.2720264889014,1023.619496744139,970.9989018581648,975.0198974609376,219040,1017.3268823242188,1082.7196319580082,990.9307885396779,994.5477895188328,1053.271414521727,936.1048183884295,994.6881164550782,44.796811209252354,45.91189381774617,34.91051543503223,-6.58643445711607,-9.169098795294351,2.5826643381782812,16.241536202707728,32.17290696238767,58.19344978644553,55.90997631055157,-59.479752439516375,15612290.0,15731658.95,-1.0
2026-09-01,975.6652972898316,977.9488204870584,955.1134673183252,969.3607177734376,158264,1015.1336938476561,1081.4733679199223,986.6167743864299,992.2580557237968,1053.4839076656788,934.9938022952589,994.2388549804689,43.69966976671552,45.91189381774617,34.91051543503223,-7.8380137220749475,-8.902881780650471,1.0648680585755237,15.38091131900412,31.50593883426949,53.902044925760556,58.0786587028064,-65.18258686338457,15454026.0,15719149.8,-1.0
2026-09-02,964.5454228164066,970.800311534376,951.489534130346,963.0065307617188,78529,1013.0656066894531,1080.1392373657234,981.8947256614878,989.5988261817897,1053.3526562839425,931.6848620266045,992.5187591552734,42.4427424918133,45.91189381774617,34.91051543503223,-9.236160386757547,-8.969537501871887,-0.26662288488565977,14.435979409057568,30.634855874966668,34.35374909032072,48.816414600842265,-71.58578987638778,15375497.0,15694339.5,-1.0
2026-09-03,963.0065284099172,977.9487793658612,957.2480604074088,966.6800537109376,121380,1010.812850341797,1078.987789611817,978.8517912713778,987.5153014117122,1053.4524122224575,929.738420297074,991.5954162597657,43.45532668308862,45.91189381774617,34.91051543503223,-9.93327448551122,-9.162284898599754,-0.7709895869114654,13.837749126734526,29.925274666644224,31.64372790281847,39.96650730629991,-67.88392948521688,15496877.0,15679373.1,-1.0
2026-09-04,968.0203728434868,976.310574361367,962.3611646979864,972.4881591796876,82871,1008.6762561035157,1077.9800552368172,977.5790648530399,986.1491975724373,1040.9489602087885,933.6289694787117,987.2889648437501,45.09985355144564,45.91189381774617,34.91051543503223,-9.902922138189865,-9.310412346517777,-0.5925097916720876,13.282249578863128,28.784141452125397,27.44397925804315,31.14715208372744,-73.85351422550232,15579748.0,15623195.65,-1.0
2026-09-07,975.96311231737,979.6862676288556,950.3974458451704,955.60986328125,129751,1006.198123779297,1076.7474423217782,973.185224538682,983.3728944550567,1027.3021847937512,937.3423586632804,982.3222717285157,41.33739944474421,42.92211244278901,34.91051543503223,-11.112704762378257,-9.670870829689875,-1.4418339326883824,12.445757633003481,28.82019004723681,18.424333120950685,25.8373467606041,-93.76854614519607,15449997.0,15570784.65,-1.0
2026-09-08,955.6098651779158,963.0561758156658,953.6738122924546,957.7941284179688,80436,1004.4249096679689,1075.7263049316416,970.1070053145394,981.0475520880486,1010.5751460896245,944.8012149943602,977.6881805419923,42.01161464101947,42.92211244278901,34.91051543503223,-11.759656268857384,-10.088627917523377,-1.671028351334007,11.669015111848097,27.43177386694927,9.069328368468343,18.312546915820725,-91.15725348242783,15530433.0,15529195.65,-1.0
2026-09-09,958.0919742764038,981.9201684552988,953.1277671558008,978.2466430664062,156026,1002.4987951660157,1074.7751626586924,971.7349328649128,980.792923995172,1010.6780542057695,944.9216955500901,977.7998748779298,48.034174157918905,42.92211244278901,34.91051543503223,-10.50097430033918,-10.171097194086538,-0.329877106252642,11.566959747550555,27.528961540702753,18.697417985136386,15.39702649151847,-66.70623765160488,15686459.0,15537689.95,-1.0
2026-09-10,983.9058647305858,1005.4505360476628,968.119661632346,970.8499755859376,258265,1000.3473083496094,1073.8396572875986,971.5579414091179,979.8890195943326,1010.5367907693618,944.4920788595449,977.5144348144534,46.16674801489075,42.92211244278901,34.91051543503223,-9.98520578441105,-10.13391891215144,0.1487131277403897,12.338423804341076,28.229098174603756,30.947651660831212,19.57146600481198,-75.5489661262714,15428194.0,15521678.6,-1.0
2026-09-11,972.0,985.9500122070312,963.5499877929688,972.1500244140624,127552,998.3091906738281,1072.8019369506844,971.6763580101068,979.1854745779444,1010.314986900761,945.7821200328332,978.0485534667971,46.55999719923253,42.92211244278901,34.91051543503223,-9.363614524566742,-9.979858034634502,0.6162435100677595,12.81459213858826,27.812735763136526,42.48518066194737,30.710083435971654,-73.99475555491995,15555746.0,15519705.45,-1.0
2026-09-14,972.1500244140624,972.1500244140624,972.1500244140624,972.1500244140624,0,996.4398571777342,1071.6823068237313,971.771091290898,978.5458881994098,1009.1174629599517,948.9662589638768,979.0418609619143,46.559997199232534,42.89983801419119,34.91051543503223,-8.769904967428715,-9.737867421193345,0.9679624537646294,13.256748448960645,25.826111780055346,38.74575039284895,37.392860905209176,-73.99475555491995,15555746.0,15532785.95,-1.0
2026-09-15,972.25,982.9500122070312,943.5499877929688,950.5999755859376,129290,993.9012390136717,1070.451947326661,967.5368681499059,976.0053506890941,1008.405120477433,945.2112064268642,976.8081634521486,40.82652637854577,42.89983801419119,34.91051543503223,-9.92389818425147,-9.77507357380497,-0.14882461044649986,12.365926128504954,26.795676968198713,26.495516717154125,35.90881592398348,-92.2094718192269,15426456.0,15517185.2,-1.0
2026-09-16,955.0,979.9000244140624,936.0,971.0499877929688,168316,992.5639086914063,1069.3804302978522,968.2394920785185,975.5548631530827,1006.9511030787905,944.7888932591004,975.8699981689455,47.44081686564563,42.89983801419119,34.91051543503223,-9.0835910620076,-9.636777071445497,0.5531860094378978,11.858647767487325,28.017416071474692,29.39785229974981,31.546373136584293,-64.25087996708707,15594772.0,15522225.7,-1.0
2026-09-17,975.0,998.7000122070312,975.0,984.7000122070312,124912,991.5035534667968,1068.536017761231,971.5315961042211,976.3862403398052,1007.5011654324817,944.8692752413467,976.1852203369142,51.34981310974363,42.89983801419119,34.91051543503223,-7.23282323733838,-9.155986304624074,1.923163067285694,11.447505797325237,27.991173810230965,49.48342727450607,35.12559876380333,-44.41874923198661,15719684.0,15544475.6,-1.0
2026-09-18,990.2999877929688,1039.0,989.5999755859376,1030.449951171875,286285,991.2589123535155,1068.022121276856,983.3152671177519,981.3011231427206,1018.3184681347742,939.0588389941323,978.6886535644533,61.64586295150431,42.89983801419119,34.91051543503223,-2.050798349164779,-7.734948713532215,5.684150364367436,12.40402586433787,29.87037480899795,82.8167606078394,53.89934672736509,-8.301018279733007,16005969.0,15575676.4,-1.0
2026-09-21,1038.8499755859375,1057.25,1003.0999755859376,1012.25,260242,990.4993591308593,1067.5845193481452,989.1022136942016,984.1146574024732,1021.8443021172002,937.6674654609251,979.7558837890626,56.521237032358236,47.91833018575424,34.91051543503223,0.5807156247153671,-6.071815845882698,6.652531470598065,13.76833003229594,31.604635495073985,91.79508610310816,74.69842466181788,-37.11340206185567,15745727.0,15585864.15,-1.0
2026-09-22,1017.7000122070312,1041.4000244140625,1000.0,1005.6500244140624,112644,989.9652282714843,1067.1625662231452,992.4117758381739,986.0724180398904,1024.2383569819488,937.1201940434421,980.6792755126954,54.74397544609149,47.91833018575424,34.91051543503223,2.1093314763162425,-4.435586381442911,6.544917857759153,14.885235474572333,32.304306132144596,80.74464191431906,85.11882954175553,-42.55668089561865,15633083.0,15593273.0,-1.0
2026-09-23,1005.6500244140624,1021.7999877929688,1005.6500244140624,1012.0499877929688,71021,989.3863427734374,1066.9478497314458,996.3394182291329,988.4340152901702,1026.6583101587835,936.1991422337949,981.4287261962892,56.18278819712492,47.91833018575424,34.91051543503223,3.7934654019413756,-2.7897760247660535,6.5832414267074295,15.922361956686125,31.150424506913293,71.99784582048136,81.51252461263618,-37.278360583118555,15704104.0,15597231.2,-1.0
2026-09-24,1002.9500122070312,1006.4000244140624,984.5999755859376,991.6500244140624,59392,988.7032690429686,1066.4792291259769,995.401539466119,988.7263797559787,1026.7846657216733,936.20681987403,981.4957427978517,50.65459392067036,47.91833018575424,34.91051543503223,3.4423656678379757,-1.5433476862452475,4.985713354083224,15.853150486838349,30.886109342635994,62.60490624700836,71.78246466060293,-54.10307264819597,15644712.0,15601542.5,-1.0
2026-09-25,986.3499755859376,1016.2000122070312,983.0,1006.2000122070312,104359,988.2933239746092,1066.1200930786135,997.5612340143014,990.3148917969834,1024.4303066985574,937.3652926666772,980.8977996826172,54.121982957170665,47.91833018575424,34.91051543503223,4.288741077106806,-0.37692993357483695,4.665671010681643,16.110982601571,31.051388118664228,61.60904920365968,65.4039337570498,-42.10308271585051,15749071.0,15597429.55,-1.0
2026-09-28,1006.2000122070312,1015.0,977.9000244140624,981.8499755859376,104260,987.8034423828124,1065.5592831420902,994.4189823286287,989.5453539596156,1024.6847332431255,937.793873934609,981.2393035888672,48.0383177277813,46.10325417966646,34.91051543503223,2.9605281080181385,0.2905616747437581,2.6699664332743804,16.104148177257112,31.483430080612326,48.569135658540326,57.59436370306945,-62.185587145618456,15644811.0,15599055.6,-1.0
2026-09-29,979.9000244140624,1027.5999755859375,966.2000122070312,1010.1500244140624,271404,987.7365930175779,1065.1295486450197,997.5651907457154,991.4185058191107,1028.1814497706546,938.3760880711421,983.2787689208984,54.44715653435532,46.10325417966646,34.91051543503223,4.14372095205249,1.0611935302055047,3.0825274218469856,16.52556399104755,33.62032531620475,54.64131540098704,54.939833421062346,-38.84534068943309,15916215.0,15622165.05,-1.0
2026-09-30,1006.2000122070312,1027.3499755859375,1001.5,1008.75,133810,987.8522241210937,1064.6759353637697,999.8021525965723,992.9940961991915,1030.7797916220993,940.3520931435257,985.5659423828125,54.09172164351434,46.10325417966646,36.26180219812469,4.911819142102331,1.8313186525848701,3.080500489517461,16.91687867528153,33.06530033547138,54.59286474783217,52.60110526911984,-40.0,15782405.0,15642510.45,-1.0
2026-10-01,1009.7000122070312,1019.7999877929688,977.5999755859376,998.5999755859376,159231,988.062707519531,1064.2013571166995,999.5617171944455,993.5037215979867,1031.8188833231432,942.5049936299819,987.1619384765625,51.46845667012232,46.10325417966646,36.26180219812469,4.647941769172235,2.394643275902343,2.2532984932698916,16.098586214155628,33.7177797548685,60.084776766450965,56.43965230509006,-48.37115415592774,15623174.0,15648825.3,-1.0
