Date,Open,High,Low,Close,Volume,MA50,MA200,EMA9,EMA21,BB_Upper,BB_Lower,BB_Mid,RSI,RSI_W,RSI_M,MACD,MACD_Signal,MACD_Hist,ADX,ATR,StochRSI_K,StochRSI_D,Williams_R,OBV,OBV_SMA20,Supertrend_Dir
2025-07-30,2805.0952436321777,2815.1601613481425,2744.905721923348,2783.86962890625,624411,2804.210473632813,2554.572215576171,2797.1050429176153,2810.9359584114713,2907.557628845666,2735.1295537715223,2821.343591308594,45.500775504232756,52.09849614864344,49.068253243336635,-8.075872100077504,0.504509795624777,-8.580381895702281,16.286585301557047,57.97603357858588,36.07419526819149,31.389231639639185,-64.16341666722923,4584432.0,4970588.5,1.0
2025-07-31,2750.386561791984,2836.08701263043,2745.403977440912,2792.041015625,1287444,2804.1905419921873,2554.666833496093,2796.0922374590923,2809.218236339974,2897.4096297427636,2735.571473772861,2816.490551757812,46.965814663515324,52.09849614864344,45.004807215457106,-8.331356975752442,-1.2626635586506667,-7.068693417101775,16.433408555301522,60.31224797936673,33.731375033035015,33.38921117735489,-59.63556546588302,5871876.0,4977508.75,1.0
2025-08-01,2815.1603156249234,2874.0545632608287,2789.35062456061,2848.24462890625,2512045,2805.737133789062,2554.8635900878903,2806.5227157485238,2812.766090209635,2893.8265863412485,2736.972144127502,2815.399365234375,55.77236435058877,52.09849614864344,45.004807215457106,-3.9530998276968603,-1.8007508124599054,-2.152349015236955,15.668589997940966,62.05451160228473,49.07822482708207,39.62793170943619,-28.49255306486992,8383921.0,5134743.6,1.0
2025-08-04,2879.9338393426083,2957.6621574978763,2872.559711602956,2932.2509765625,1942925,2809.0395898437496,2555.4644995117183,2831.668367911319,2823.62835260535,2910.4421194292827,2726.8937692425925,2818.6679443359376,65.10061507402696,55.69710862955762,45.004807215457106,6.2235692589156315,-0.19588679818479804,6.4194560571004295,15.664362440581195,65.43758424438055,71.53019802935822,51.44659929649177,-10.65607540829695,10326846.0,5401931.2,1.0
2025-08-05,2940.721287430989,2978.489179540044,2902.853646318696,2972.80908203125,1159503,2812.6968066406243,2556.5631896972654,2859.896510735305,2837.1902370986136,2941.072320871459,2711.460442800417,2826.266381835938,68.54953991755222,55.69710862955762,45.004807215457106,17.36122360338186,3.3155352821285335,14.045688321253326,15.97000326655665,66.1660091713068,95.02281013889709,71.87707766511245,-2.1906043888394677,11486349.0,5751879.15,1.0
2025-08-06,2969.620242133065,2991.344358334236,2929.65981873994,2942.415283203125,700188,2815.7102734374994,2557.9808056640622,2876.400265228869,2846.756150380842,2957.911359331909,2705.8421562930916,2831.8767578125003,63.486197683959944,55.69710862955762,45.004807215457106,23.464880820268718,7.34540438975657,16.119476430512147,16.44257474760179,65.84590420152031,93.57385955526406,86.70895590783978,-17.97879491538884,10786161.0,6050971.75,1.0
2025-08-07,2941.717770706138,3009.580666187918,2921.089920362285,3002.90380859375,830216,2819.7920019531243,2559.519007568359,2901.7009739018454,2860.9513920365607,2988.1932491589514,2693.826404161362,2841.0098266601567,68.47662904762629,55.69710862955762,45.004807215457106,32.80483786385912,12.437291084577081,20.367546779282037,17.146859776711132,67.46339288895693,93.48132472975229,94.02599814130447,-2.2993112758877943,11616377.0,6406932.5,1.0
2025-08-08,3004.3986139085137,3013.666269457137,2949.6899350641343,2958.558837890625,387198,2823.540893554687,2560.7273120117184,2913.0725466996014,2869.824796205112,3000.511307958166,2702.873652979334,2851.69248046875,61.80737328850599,55.69710862955762,45.004807215457106,36.21113317965592,17.19205950359285,19.019073676063066,17.861115300533974,67.21431728210305,84.9245044199143,90.65989623497688,-18.714061857260578,11229179.0,6771225.7,1.0
2025-08-11,2974.602975023739,2988.5542117575183,2946.999505287098,2970.816162109375,569270,2827.8817236328123,2562.370045166015,2924.6212697815563,2879.0058294691353,3015.7255855018734,2705.4970463340646,2860.611315917969,62.88343881168564,59.97476875297789,45.004807215457106,39.44501282994224,21.64265016886273,17.802362661079513,18.45119856638782,65.38148793841141,84.159513038955,87.52178072954052,-14.551568394698633,11798449.0,7110341.2,1.0
2025-08-12,2983.9700774942826,2989.5506693932525,2945.2056677972523,2953.476806640625,612973,2832.2464697265623,2564.4200500488278,2930.39237715337,2885.775918302907,3025.0611674082393,2704.0140279042616,2864.5375976562505,60.29543117464903,59.97476875297789,45.004807215457106,40.14596695924138,25.34331352693846,14.802653432302918,18.947328555833202,63.878881771096324,73.77634632564606,80.95345459483845,-20.43988076170805,11185476.0,7372958.75,1.0
2025-08-13,2967.42813469563,3034.194768373015,2953.4768978078177,3008.683837890625,1546062,2837.404443359375,2567.146027832031,2946.0506693008215,2896.9493655381543,3043.465720306908,2697.7570091852785,2870.6113647460934,65.20548432154615,59.97476875297789,45.004807215457106,44.64162334875755,29.202975491302276,15.438647857455273,20.119635450861118,65.08167319690301,78.08905870764721,78.67497269074943,-8.098728326183446,12731538.0,7690316.8,1.0
2025-08-14,3023.432262112436,3029.311614482049,2975.2009416677474,3009.780029296875,1075908,2843.4373583984375,2570.0390002441404,2958.7965413000325,2907.206698607129,3061.3627755112643,2693.960661988736,2877.66171875,65.29725126516406,59.97476875297789,45.004807215457106,47.742570280657674,32.910894449173355,14.831675831484318,21.208206139101325,64.2980303124315,80.57670101858022,77.48070201729116,-8.310743439679014,13807446.0,8090771.6,1.0
2025-08-18,3144.907525927069,3244.459708265489,3121.489379234774,3208.4853515625,3748828,2852.8424804687497,2573.863226318359,3008.734303352526,2934.5956670576174,3130.7323313341576,2661.502092493967,2896.1172119140624,77.09167268778813,61.818226571887394,45.004807215457106,65.47914905156176,39.42454536965104,26.05460368191072,24.192338762355522,76.4681480735874,91.05240255740095,83.23938742787612,-7.201295092528904,17556274.0,8699205.25,1.0
2025-08-19,3208.7844500758342,3246.4528379304293,3198.62002625228,3240.5732421875,1233895,2862.981044921875,2577.9230664062497,3055.1020911195205,2962.411810251243,3194.649787653305,2639.0796068779455,2916.864697265625,78.37012109367026,61.818226571887394,45.004807215457106,81.1888456421384,47.77740542414852,33.411440217989885,26.9745442315657,74.42276690248468,95.2965104852378,88.97520468707299,-1.1722918057505582,18790169.0,9393602.5,1.0
2025-08-20,3240.772668225392,3261.00176641612,3209.980150417317,3218.55029296875,886979,2872.643271484375,2581.814737548828,3087.7917314893666,2985.6971268619254,3239.721489120313,2637.296626114062,2938.5090576171874,75.26552632468083,61.818226571887394,45.004807215457106,90.8149670145458,56.384917742227984,34.43004927231782,29.643049732516147,72.7512561236503,96.70470377908813,94.35120560724229,-8.233447535092376,17903190.0,10061447.05,1.0
2025-08-21,3236.4876048749866,3296.477873011153,3216.7565217896013,3269.47216796875,1427568,2882.8057470703125,2585.7883386230465,3124.1278187852436,3011.4948578716367,3289.3430994104074,2635.338394730218,2962.340747070313,77.48634919764456,61.818226571887394,45.004807215457106,101.38401547424337,65.38473728863107,35.9992781856123,32.32012643671801,73.24912005921468,95.40107601037715,95.80076342490102,-5.325232498335508,19330758.0,10773399.3,1.0
2025-08-22,3269.5717852410303,3293.4881896438906,3262.097908865137,3283.12451171875,1323997,2893.8710742187504,2589.7508105468746,3155.9271573719448,3036.1884627668287,3332.9474782762663,2641.250934809672,2987.099206542969,78.05524087229632,61.818226571887394,45.004807215457106,109.59831145578119,74.2274521220611,35.37085933372009,34.80598337633403,70.25920296775317,94.82037407711269,95.64205128885932,-3.149985659506771,20654755.0,11571344.2,1.0
2025-08-25,3298.4709595885456,3306.4430948383065,3248.4458595543488,3273.259033203125,733843,2904.7091943359383,2594.147998046875,3179.3935325381813,3057.740332806492,3364.262327313389,2660.7883562803613,3012.525341796875,76.54993722079759,69.80948529474313,45.004807215457106,113.99804009014724,82.18156971567832,31.81647037446892,36.71179053337005,69.38334813319635,94.75888818811003,94.99344609186662,-8.222232210703861,19920912.0,12378057.35,1.0
2025-08-26,3262.696122851828,3285.815266580211,3241.868773391614,3260.90234375,1060760,2914.1920507812506,2598.253909912109,3195.695294780545,3076.209606528629,3388.049631876947,2684.176173787116,3036.1129028320315,74.60912876407856,69.80948529474313,45.004807215457106,115.16027914827418,88.7773116021975,26.382967546076685,38.28315760497006,67.56642992286783,89.12649594496686,92.90191940339653,-11.817925504371374,18860152.0,13101655.15,1.0
2025-08-28,3337.3350046518685,3337.3350046518685,3234.693766825908,3244.658935546875,856511,2923.734697265626,2602.142149658203,3205.488022933811,3091.523181893924,3402.7173759975717,2714.770221658679,3058.7437988281254,72.02404249989091,69.80948529474313,45.004807215457106,113.46272699643441,93.7143946810449,19.74833231538952,40.11583618425417,70.07177334451731,78.00376318177412,87.29638243828367,-22.264784042595043,18003641.0,13741395.05,1.0
2025-08-29,3227.817873436933,3302.357140276697,3226.7216075697747,3265.187255859375,1023381,2933.713818359376,2606.1650354003905,3217.427869518924,3107.3108249816923,3412.878066157271,2752.741294194292,3082.8096801757815,73.28388793986392,69.80948529474313,45.004807215457106,112.4773002699626,97.46697579882843,15.010324471134169,41.57555178397303,70.46918472754624,71.98051687147995,79.70359199940697,-18.39896738438691,19027022.0,14463524.55,1.0
2025-09-01,3283.6229724462696,3361.949055717122,3269.173477229315,3344.510009765625,803428,2945.1996728515633,2610.641845703125,3242.844297568264,3128.874387234777,3430.357120531404,2790.509139234222,3110.433129882813,77.50025945150071,68.7920016981377,59.69289232165225,116.75119075006342,101.32381878907543,15.427371960987983,43.33298382019703,72.34722866541772,77.31233851521691,75.76553952282366,-4.18460051364995,19830450.0,15161453.25,1.0
2025-09-02,3349.293139008144,3382.178195118608,3321.4904161581235,3357.86328125,641932,2956.3108349609383,2615.222141113281,3265.8480943046115,3149.6915594179786,3449.01813809582,2822.8099869041807,3135.9140625000005,78.12610380631351,68.7920016981377,59.69289232165225,119.83440078023386,105.02593518730713,14.808465592926737,45.08462913370191,71.51441082935108,88.56575666284256,79.28620401651312,-5.564403331637036,20472382.0,15765876.3,1.0
2025-09-03,3355.371988016232,3401.7100216111817,3339.527224103165,3388.456298828125,752456,2968.7015234375003,2620.0556335449214,3290.3697352093145,3171.397444818901,3475.8014515536706,2841.6472056728926,3158.7243286132816,79.53088055465429,68.7920016981377,59.69289232165225,123.32485561602743,108.68571927305119,14.639136342976244,46.823694894882145,70.84786702068436,97.94578508305122,87.94129342037023,-2.9568816045087654,21224838.0,16310775.9,1.0
2025-09-04,3487.8090753724814,3487.8090753724814,3410.4792682709785,3421.24169921875,1331870,2980.5819921875004,2625.3237304687495,3316.544128011202,3194.110558855251,3506.188898931691,2856.1030200136233,3181.145959472657,80.94332431818835,68.7920016981377,59.69289232165225,127.26949056849662,112.40247353214028,14.867017036356344,48.85069713374408,72.88393198666094,99.54998345116843,95.35384173235406,-12.986016369391962,22556708.0,16864293.85,1.0
2025-09-05,3438.282279749092,3469.174303388724,3434.0969574624187,3464.49072265625,786141,2991.738999023438,2630.7564697265625,3346.133446940212,3218.6905737462507,3535.407304361371,2879.092158529255,3207.249731445313,82.64464436573182,68.7920016981377,59.69289232165225,132.359716511246,116.39392212796143,15.965794383284575,50.73291349840159,71.10169428546902,99.99999999999999,99.16525617807321,-6.365574377268956,23342849.0,17492128.25,1.0
2025-09-08,3476.249285683793,3590.151210410208,3476.249285683793,3578.791015625,1406946,3004.940854492188,2636.662213134766,3392.6649606771693,3251.42697755341,3588.842970255521,2883.24521333823,3236.0440917968754,86.16104206504669,73.42652313260899,59.69289232165225,143.9573845207501,121.90661460651918,22.050769914230926,52.89736998628754,74.99875096178967,99.99999999999999,99.8499944837228,-2.9014789229727778,24749795.0,18148799.15,1.0
2025-09-09,3578.7910956600663,3584.770196899732,3532.054308329193,3553.878173828125,675896,3017.4371777343754,2642.3776464843754,3424.9076033073607,3278.922540851111,3620.4837152731643,2911.1364019143366,3265.8100585937505,82.24941108686575,73.42652313260899,59.69289232165225,149.41598735328034,127.40848915587142,22.00749819740892,54.90722243932451,73.4071179338432,90.77684775529939,96.92561591843312,-9.541240877925139,24073899.0,18791035.15,1.0
2025-09-10,3570.8189734432794,3579.887131048383,3467.380472969108,3483.12548828125,916961,3028.9429638671877,2647.9417663574222,3436.5511803021386,3297.486445162942,3630.0295376118775,2952.8215121928106,3291.425524902344,72.22135187370162,73.42652313260899,59.69289232165225,146.34583531402131,131.1959583875014,15.149876926519909,55.1275656330492,76.19994222994548,57.90874603612231,82.8951979304739,-28.662893552217373,23156938.0,19358959.6,1.0
2025-09-11,3483.1254115392494,3512.721913471298,3443.463992056758,3499.866943359375,545731,3041.2698779296875,2653.4615734863287,3449.214332913586,3315.8846722717085,3629.5712981341917,3007.918765342371,3318.7450317382813,73.0583850537102,73.42652313260899,59.69289232165225,143.6081874226693,133.678404194535,9.929783228134283,54.787709663907805,75.70408360027368,27.014267211371525,58.5666203342644,-24.84229857590139,23702669.0,19984819.25,1.0
2025-09-12,3507.739313953919,3544.411182712396,3467.7788909305614,3480.2353515625,437676,3053.11048828125,2658.6643969726565,3455.4185366433694,3330.825643116326,3624.3210155555244,3060.324199288226,3342.322607421875,70.38026844511047,73.42652313260899,59.69289232165225,138.2606931488085,134.5948619853897,3.665831163418801,54.70046008416375,75.7703841846709,2.904086122738793,29.275699790077542,-30.244057718096084,23264993.0,20511492.0,1.0
2025-09-15,3496.08011430235,3516.7079644439577,3457.614466567567,3465.28759765625,561079,3064.6342041015623,2663.959948730469,3457.3923488459454,3343.04945716541,3604.3495384247053,3125.846433254983,3365.097985839844,68.32648980745381,73.75806403260947,59.69289232165225,131.3030270311965,133.93649499455108,-2.633467963354576,54.38071023281222,74.57917801979374,2.4388545085825375,10.785735947564284,-34.357028645456936,22703914.0,20956315.4,1.0
2025-09-16,3477.245801583075,3509.832097233786,3469.8716742038523,3487.709228515625,771880,3076.9870214843754,2669.2879699707037,3463.4557247798816,3356.200345469975,3612.3441428413034,3145.7742165336967,3379.0591796875,69.75232915093792,73.75806403260947,59.69289232165225,126.144153451693,132.37802668597948,-6.233873234286477,54.083799656557225,72.43384384534676,2.6649381172943425,2.669292916205224,-28.18757225441566,23475794.0,21252291.4,1.0
2025-09-17,3492.6920220847774,3512.323599852653,3478.940283352916,3487.908935546875,335818,3089.4076123046875,2674.742032470703,3468.3463669332805,3368.1738536587845,3619.9751961195875,3162.87673259135,3391.4259643554688,69.76538453607081,73.75806403260947,59.69289232165225,120.68069176709196,130.03855970220198,-9.357867935110022,53.829959745867136,69.64452046351748,5.354277155797362,3.4860232605580808,-28.13262157629557,23811612.0,21503363.55,1.0
2025-09-18,3506.543608545745,3540.126178384972,3478.940139922652,3534.246826171875,637171,3103.6757421875,2680.3335058593752,3481.5264587809997,3383.2713966145197,3628.994780102968,3185.426801928282,3407.210791015625,72.70877799021373,73.75806403260947,59.69289232165225,118.72139321200984,127.77512640416356,-9.053733192153715,53.83740027729975,69.04034317771765,13.544910183687008,7.188041818926237,-17.416904183452196,24448783.0,21830643.2,1.0
2025-09-19,3531.7556826815567,3533.6489674969366,3503.4544564262624,3517.106689453125,469027,3117.413720703125,2685.5467687988285,3488.642504915425,3395.4382414180295,3636.5973397510706,3202.5876944286165,3419.5925170898436,69.9944027363841,73.75806403260947,59.69289232165225,114.46607553787726,125.1133162309063,-10.647240693029048,53.84430934220147,66.30834507542444,13.997353250287532,10.965513529923967,-27.18838123010435,23979756.0,22063093.1,1.0
2025-09-22,3524.680263665773,3557.067062808872,3508.636244312628,3513.320068359375,364825,3131.2752734375,2690.4294848632817,3493.5780176042153,3406.15477113997,3641.962452965695,3220.242136878054,3431.1022949218745,69.37819339194563,74.55858219881976,59.69289232165225,109.52561384795399,121.99577575431586,-12.470161906361866,54.057973886393725,65.03137889119725,13.273680949215624,13.60531479439672,-30.655941270005194,23614931.0,22211101.9,1.0
2025-09-23,3526.4740319909897,3587.361068220306,3484.221569725065,3500.46484375,491046,3146.3864550781245,2695.434000244141,3494.955382833373,3414.728414104518,3641.676870279115,3243.2483006193215,3442.4625854492183,67.21476678512,74.55858219881976,59.69289232165225,103.38123860811584,118.27286832507586,-14.891629716960026,54.50509095059106,67.75338743434325,5.083047921325979,10.784694040276378,-49.91673468454479,23123885.0,22371250.55,1.0
2025-09-24,3487.809195298925,3503.155458442136,3431.306734993135,3440.972900390625,693587,3159.3571240234373,2700.173308105469,3484.1588863448233,3417.1142764941637,3631.4818442363176,3271.450382326181,3451.4661132812494,58.17389171340532,74.55858219881976,59.69289232165225,92.64333957834288,113.14696257572928,-20.5036229973864,53.41155949685387,68.04591143539025,1.9656667374311128,6.774131869324238,-93.91469840414025,22430298.0,22549757.85,1.0
2025-09-25,3440.972826855412,3450.240482605776,3387.459918432046,3396.528076171875,786698,3169.788662109375,2704.6439978027347,3466.632724310234,3415.2428037375917,3613.3134065516706,3304.8057340733276,3459.059570312499,52.49325524144655,74.55858219881976,59.69289232165225,79.62923510647352,106.44341708187812,-26.81418197540461,51.350163083979396,67.66981520241453,0.0,2.3495715529190306,-95.52612366751005,21643600.0,22731755.8,1.0
2025-09-26,3392.1434020179067,3441.76999045871,3380.3844543751884,3402.507080078125,610742,3180.0946337890628,2709.306838378907,3453.8075954638125,3414.0850106776397,3593.816585535045,3338.034537511829,3465.925561523437,53.155953171009024,74.55858219881976,59.69289232165225,69.00250131497796,98.9552339284981,-29.95273261352014,49.27628181989111,67.22093812249359,0.7423650790166333,0.9026772721492486,-89.31153365979253,22254342.0,22893121.8,1.0
2025-09-29,3404.0019837278496,3438.979824257936,3376.0000047928056,3427.61962890625,743356,3191.2715673828125,2713.9396838378916,3448.5700021523003,3415.3154305166045,3586.222326163056,3353.93975879788,3470.081042480468,55.936233569205925,67.65096531169141,59.69289232165225,61.89363968895623,91.54291508058972,-29.649275391633495,47.24709604245956,66.91800107553907,6.322973871974861,2.3551129836638314,-75.57751495173066,22997698.0,23051484.2,1.0
2025-09-30,3441.371406196696,3447.550005682609,3391.4460548852817,3426.72265625,499575,3203.0185107421876,2718.512221679688,3444.2005329718404,3416.352451037822,3579.276286286747,3367.7717361741893,3473.524011230468,55.8088216266141,67.65096531169141,63.29700952080182,55.547124759364124,84.34375701634461,-28.796632256980487,45.50029546206039,66.14556891280967,11.697064894715648,6.254134615235714,-76.00189427765966,22498123.0,23152771.25,1.0
2025-10-01,3436.2891931908093,3468.6759916704414,3418.052885696535,3445.756103515625,287239,3215.421162109375,2723.2181347656256,3444.5116470805974,3419.0255103539857,3575.3224826823607,3377.4555202473257,3476.389001464843,57.99526435321338,67.65096531169141,63.29700952080182,51.46010600939917,77.76702681495553,-26.30692080555636,44.2126750567745,65.03682156003084,20.026951174459718,12.682329980383408,-66.99671283270838,22785362.0,23230797.45,1.0
2025-10-03,3447.9483301505084,3452.9309144426334,3355.471517030618,3444.06201171875,515537,3228.5891406250003,2727.924757080079,3444.421720008228,3421.301555932601,3574.2879691259177,3380.7720650537694,3477.5300170898436,57.72152045004185,67.65096531169141,63.29700952080182,47.536444611705065,71.72091037430545,-24.184465762600382,41.54116602950772,67.35271983517259,23.067217988777326,18.26374468598423,-61.79625419359065,22269825.0,23216453.3,1.0
2025-10-06,3447.9485288769365,3508.835809752112,3415.661478119165,3498.671142578125,806627,3242.705795898438,2732.8746533203134,3455.271604522208,3428.3351547185575,3576.234415103071,3382.2436610688037,3479.2390380859374,63.67381862126582,68.78045253735513,63.29700952080182,48.27690900273001,67.03211009999036,-18.755201097260354,39.95841133165439,69.19712067787074,36.12873462385501,26.407634595697353,-38.24662438957065,23076452.0,23203133.45,1.0
2025-10-07,3496.7776370522847,3529.5629441987167,3482.3281426843,3501.261962890625,403033,3256.971928710938,2738.2089086914075,3464.4696761958917,3434.9648645523816,3561.155929942559,3389.5692409558787,3475.362585449219,63.93325387645973,68.78045253735513,63.29700952080182,48.51355584110888,63.32839924821407,-14.814843407105187,38.78301752616202,67.62838359476689,45.919873174565126,35.038608595732484,-37.129359597255494,23479485.0,23139617.95,1.0
2025-10-08,3510.529830001138,3522.6872876824714,3462.0990107101065,3470.868408203125,281210,3271.0945703125,2743.261192626954,3465.7494225973387,3438.2288230660856,3548.6355184279523,3393.788675907985,3471.2120971679688,58.6421306822559,68.78045253735513,63.29700952080182,45.72154480390009,59.80702835935127,-14.085483555451184,37.24185538504972,67.12551883602389,47.43786546800408,43.16215775547474,-50.23626956002383,23198275.0,23095836.75,1.0
2025-10-09,3474.954068981056,3482.427945493771,3435.192899959264,3474.455810546875,454868,3284.8006640625,2748.4286682128914,3467.490700187246,3441.522185564339,3548.018048097752,3393.5391784647486,3470.7786132812503,59.07267484125977,68.78045253735513,63.29700952080182,43.29920306936219,56.50546330135346,-13.206260231991266,35.241042316795294,65.70477074305838,41.53366392077808,44.96380085444909,-48.689238947671896,23653143.0,23120647.0,1.0
2025-10-10,3472.562230570188,3510.728874715494,3453.927414068664,3478.142822265625,315926,3298.5227001953126,2753.9519958496103,3469.621124602922,3444.851334355365,3545.8123577707524,3393.5724566823733,3469.692407226563,59.53887945275746,68.78045253735513,63.29700952080182,41.20203936238022,53.444778513558816,-12.242739151178597,33.847171370743965,65.06882002189921,36.579364958737756,41.85029811583997,-47.09925280994636,23969069.0,23133967.0,1.0
2025-10-13,3462.995825043268,3522.6870874264164,3426.7224654956185,3490.997802734375,610644,3312.665263671875,2759.5562207031257,3473.896460229213,3449.046467844366,3546.815051130769,3393.6460084395435,3470.2305297851562,61.19844320466094,69.71441201552796,63.29700952080182,40.114892001284716,50.778801211104,-10.663909209819288,31.98266133646524,67.27566301539197,46.15130808760421,41.42144565570668,-41.55567380744335,24579713.0,23199703.0,1.0
2025-10-14,3491.79523114301,3505.74646779712,3462.0989787497806,3492.791748046875,509821,3326.6802783203125,2764.976641845704,3477.6755177927457,3453.0233114991393,3548.8018640117693,3394.4096105976055,3471.6057373046874,61.436159402468725,69.71441201552796,63.29700952080182,38.9490953529762,48.412860039478446,-9.463764686502245,30.251330590349284,65.58793630338823,59.67731814269665,47.4693303963462,-21.121773053383187,25089534.0,23318984.0,1.0
2025-10-15,3510.6291217261737,3566.2348107437447,3492.8913163870548,3562.447998046875,1116729,3340.964345703125,2770.6887756347664,3494.6300138435718,3462.971010276206,3562.424124796409,3388.2612267660907,3475.34267578125,69.30070450708178,69.71441201552796,63.29700952080182,43.14848150768648,47.35998433312005,-4.21150282543357,29.63880232710514,66.14901676006548,79.10156052859949,61.64339558630011,-1.7967135691208003,26206263.0,23455507.45,1.0
2025-10-16,3572.513118334856,3617.05737550374,3544.0126374247825,3564.042724609375,757797,3353.6001806640625,2776.4986962890634,3508.5125559967328,3472.1593479428575,3574.780310686167,3383.5184197825824,3479.1493652343747,69.45429147019904,69.71441201552796,63.29700952080182,46.07409293294222,47.102806053084485,-1.028713120142264,29.742582766379723,66.64156828284348,92.72408283235157,77.16765383454924,-20.266634902900226,26964060.0,23613129.85,1.0
2025-10-17,3564.0426463360463,3645.258772626103,3563.046129449052,3641.272705078125,1173044,3366.9694531250007,2783.0264770507824,3535.0645858130115,3487.533289500609,3602.4797736476544,3366.5215447117203,3484.5006591796873,75.77509633428393,69.71441201552796,63.29700952080182,54.001973911113964,48.482639624690385,5.519334286423579,30.168844147296145,67.75378791814403,99.99999999999999,90.60854778698368,-1.3755151308455948,28137104.0,23797545.9,1.0
2025-10-20,3686.1158330276,3687.112349878919,3626.1255672362686,3639.279541015625,607833,3380.90673828125,2789.47035888672,3555.9075768535345,3501.328403274701,3626.9236661086816,3354.294937406944,3490.609301757813,75.34178515654256,73.7607418008776,63.29700952080182,59.438870719099214,50.67388584357215,8.764984875527063,31.00897832607775,67.2704303984659,99.27659485125864,97.33355922787007,-14.423075847591281,27529271.0,23975021.65,1.0
2025-10-21,3655.22402669924,3668.178746532143,3627.321553212985,3645.557861328125,60230,3393.759819335937,2795.7565795898454,3573.837633748453,3514.4401721886484,3650.00694691385,3344.43543589865,3497.22119140625,75.81100495124564,73.7607418008776,63.29700952080182,63.52201632613469,53.24351194008466,10.278504386050031,31.789102920660667,65.3837706070868,99.27659485125865,99.51772990083909,-12.529967493418315,27589501.0,24173750.15,1.0
2025-10-23,3707.0427295644376,3707.0427295644376,3571.71569094003,3584.67041015625,870969,3406.28205078125,2801.267717285158,3576.0041890300126,3520.8247392766125,3659.1546645414364,3343.708274911688,3501.431469726562,63.242280054571,73.7607418008776,63.29700952080182,61.140045795700644,54.82281871120786,6.317227084492785,31.198173465966732,70.37971832260972,76.11631648467826,91.55650206239851,-34.807263804745105,26718532.0,24353482.5,1.0
2025-10-24,3583.474661848148,3626.524141942,3571.6162084200905,3587.261474609375,450646,3418.61095703125,2806.8836071777364,3578.2556461458853,3526.8644424886816,3668.2222871548724,3349.269509720128,3508.7458984375003,63.519455899003695,73.7607418008776,63.29700952080182,58.78377150976212,55.61500927091872,3.1687622388433994,30.647248380535213,69.2745908368454,52.975704964520844,76.12287210015258,-41.10808583631884,27169178.0,24590426.5,1.0
2025-10-27,3607.191836453769,3632.304013071273,3590.749307999537,3627.2216796875,363802,3432.0858544921875,2813.0421716308615,3588.0488528542082,3535.9878276885743,3678.951444393722,3361.6097128328406,3520.2805786132812,67.57974881634892,70.40665565838691,63.29700952080182,59.45549580467787,56.38310657767055,3.0723892270073137,30.219819236648807,67.54372995292059,36.99473846678541,55.36225330532817,-28.4749481604874,27532980.0,24884895.5,1.0
2025-10-28,3637.286500325704,3667.182005807833,3511.5261225889303,3549.593017578125,1390930,3442.9040380859374,2818.9582275390644,3580.3576857989915,3537.2246631330786,3676.663319114632,3378.606431861931,3527.6348754882815,54.81589922956423,70.40665565838691,63.29700952080182,53.11162018878167,55.72880929989278,-2.6171891111111094,28.174003695424588,73.83745518620502,26.82168350003246,38.9307089771129,-56.16779525709153,26142050.0,25079280.9,1.0
2025-10-29,3587.4608467198186,3601.21282862363,3477.8439875144904,3486.712890625,2288619,3452.4426953125,2824.672520751955,3561.6287267641937,3532.6326838141626,3673.4858752465716,3387.693201901867,3530.589538574219,47.06213300092199,70.40665565838691,63.29700952080182,42.520008138029425,53.08704906752011,-10.567040929490688,26.615919270528355,77.37541132355747,17.352366835597888,27.056262934138584,-78.59932626395724,23853431.0,25122067.55,1.0
2025-10-30,3493.68833243042,3522.687070125772,3468.3769017178925,3479.537841796875,1453161,3457.863745117188,2830.526346435549,3545.2105497707303,3527.805879994409,3669.8592219082143,3396.601373794911,3533.2302978515627,46.25807050008142,70.40665565838691,63.29700952080182,33.16480952350912,49.10260115871792,-15.937791635208796,25.323706377245223,75.72789397243764,0.0,14.724683445210115,-81.15891604315476,22400270.0,25117174.9,1.0
2025-10-31,3484.8195608224114,3534.64540527226,3481.53100643067,3496.478759765625,838519,3462.9818554687504,2836.6792358398457,3535.4641917697095,3524.9579599736103,3667.3485044761537,3404.1843568519726,3535.766430664063,48.495553221097644,70.40665565838691,64.76230090653385,26.808703671765215,44.64382166132738,-17.835117989562164,23.88751797481177,74.25501322264819,2.523700564844221,6.62535580014737,-75.11550065717647,23238789.0,25139846.25,1.0
2025-11-03,3499.667487234934,3522.687124174352,3474.356056134053,3498.2724609375,932956,3468.576298828125,2843.370290527346,3528.025845603268,3522.532005515782,3664.2084204234193,3412.7454858265814,3538.4769531250004,48.73890367533725,65.05220709823591,64.76230090653385,21.666423640129324,40.04834205708777,-18.38191841695845,22.684677085623434,72.40330285248041,5.321880871163565,2.615193812002595,-85.23192281190673,24171745.0,25234942.25,1.0
2025-11-04,3497.874054848809,3519.000164391291,3443.065625554972,3461.0029296875,3540359,3472.4069140624997,2849.585216064455,3514.6212624201144,3516.9384531677565,3665.91296416589,3407.2741207950485,3536.5935424804693,44.07870159098448,65.05220709823591,64.76230090653385,14.417592932835305,34.922192232237286,-20.50459929940198,22.119934014682098,72.65553399418317,5.321880871163565,4.3891541023904495,-93.20497730292368,20631386.0,25112688.95,1.0
2025-11-06,3462.8961609758485,3504.949124689936,3400.215346486085,3434.79443359375,972150,3475.4403124999994,2855.592189941408,3498.6558966548414,3509.4708150246647,3669.6369526419653,3396.9033793892854,3533.2701660156254,41.10245053329862,65.05220709823591,64.76230090653385,6.483300320692251,29.23441384992828,-22.75111352923603,22.26057780801629,74.94683715201661,2.7981803063193436,4.480647349548824,-88.7301169925779,19659236.0,24921676.5,-1.0
2025-11-07,3418.0528210467182,3456.9169784871915,3329.3628207338443,3444.759521484375,1074925,3478.870322265624,2861.512285156252,3487.876621620748,3503.5879701573654,3671.3140354802254,3392.6154078791506,3531.964721679688,42.687041986920114,65.05220709823591,64.76230090653385,0.988026221875316,23.585136324317688,-22.59711010244237,23.27423937538209,78.70450290925451,1.52180682850348,3.2139560019954625,-69.44589901331199,20734161.0,24798470.8,-1.0
2025-11-10,3439.079442486584,3491.695338209633,3439.079442486584,3478.64111328125,782233,3483.225097656249,2867.486669921877,3486.029519952849,3501.3200740777183,3671.1717944357943,3393.1761791970184,3532.1739868164063,47.82671641739305,62.15225028976921,64.76230090653385,-0.6258424725679106,18.74294056494057,-19.368783037508482,23.44292447333066,76.84103096738271,7.9796440935605935,4.099877076127806,-60.474918295332515,21516394.0,24691633.35,-1.0
2025-11-11,3489.1045815699176,3492.791645347755,3434.0968987520205,3462.098876953125,633478,3487.573896484374,2873.419527587893,3481.2433913529044,3497.754510702755,3671.859765327553,3390.8838137740095,3531.371789550781,45.673147255150866,62.15225028976921,64.76230090653385,-3.2027460004001114,14.353803251872437,-17.556549252272546,23.663736391037197,75.54486779797926,12.369240835633338,7.2902305858991365,-64.8548802528919,20882916.0,24537325.7,-1.0
2025-11-12,3469.5727395176423,3479.737162939148,3432.3031058753686,3442.467529296875,641642,3491.1195019531237,2879.2594396972677,3473.488218941699,3492.7284214840383,3673.97252425343,3383.9180275043823,3528.945275878906,43.187784635204004,62.15225028976921,64.76230090653385,-6.751222412158768,10.132798119066196,-16.884020531224962,23.893242322921346,73.53695274553644,13.472744791753138,11.273876573649023,-70.0527600440183,20241274.0,24320403.75,-1.0
2025-11-13,3442.9658758546443,3462.8962137756557,3430.210410927146,3438.581298828125,415874,3493.000927734374,2885.172460937502,3466.5068349189846,3487.805955788046,3676.0542379888593,3376.4152688470776,3526.2347534179685,42.69251276556762,62.15225028976921,64.76230090653385,-9.764443428426603,6.153349809567637,-15.917793237994239,24.136772251789836,70.6190134671774,9.016700679545625,11.6195621023107,-67.66954544918464,19825400.0,24057197.05,-1.0
2025-11-14,3433.00058200126,3458.611016639997,3357.2653006566748,3374.704345703125,1156532,3493.337749023436,2890.632867431643,3448.146337075813,3477.523991234871,3680.043031084693,3353.6521105168677,3516.8475708007804,35.48855201450634,62.15225028976921,64.76230090653385,-17.109550816631327,1.5007696843278446,-18.610320500959173,25.294431740125834,72.81377793261632,4.62710393747288,9.038849802923881,-86.57816756045098,18668868.0,23680327.3,-1.0
2025-11-17,3395.631278697272,3468.875269595071,3373.2096488305992,3463.294677734375,1333551,3494.8345166015615,2896.6821093750027,3451.1760052075256,3476.2304172802806,3675.0914066788114,3348.52893023525,3511.8101684570306,48.474380521821494,58.35737069805882,64.76230090653385,-15.602248912399773,-1.919834035017679,-13.682414877382094,26.104101361264373,74.44605242060601,24.398087141224657,12.680630586081053,-60.35398138468744,20002419.0,23332245.25,-1.0
2025-11-18,3472.8613862254424,3485.517102159948,3448.9449806962,3467.779052734375,727156,3495.7652636718735,2902.9487805175804,3454.4966147128957,3475.4621114124707,3655.5281997702573,3350.742771909429,3503.135485839843,49.033644349189665,58.35737069805882,64.76230090653385,-13.88578304541079,-4.313023837096301,-9.572759208314489,26.42488652182174,71.74077163797328,55.729627321708385,28.25160613346864,-49.083601992519355,20729575.0,22961868.8,-1.0
2025-11-19,3462.896123031095,3492.6918801261118,3429.213804169174,3465.586669921875,652297,3495.7871826171863,2908.686455078127,3456.7146257546915,3474.5643440042345,3633.377601197759,3355.524083372553,3494.450842285156,48.75502451012153,58.35737069805882,64.76230090653385,-12.5576220002431,-5.961943469725661,-6.595678530517439,26.987415279728435,71.15057908932788,88.37730065808792,56.16833837367365,-33.64081541825179,20077278.0,22589269.15,-1.0
2025-11-20,3485.8160407621863,3489.303849836705,3451.934466895429,3474.25634765625,517982,3493.6964892578117,2913.8276269531266,3460.2229701350034,3474.5363443362357,3605.3453714052152,3366.4261617979087,3485.885766601562,49.96577945629236,58.35737069805882,64.76230090653385,-10.682334957552484,-6.906021767291026,-3.776313190261458,27.509763412070367,68.73763650732417,99.31434000304618,81.1404226609475,-29.417525968798962,20595260.0,22239557.1,-1.0
2025-11-21,3467.978516678762,3472.8613521102466,3417.156155428368,3429.911376953125,535665,3491.2171533203114,2918.7942138671892,3454.160651498628,3470.479529119589,3590.5030272025338,3365.7926026802784,3478.147814941406,44.211788824822,58.35737069805882,64.76230090653385,-12.628847502046938,-8.050586914242208,-4.5782605878047296,28.456542177217397,67.906390487364,86.0659684839194,91.25253638168451,-47.98969688246007,20059595.0,21906610.25,-1.0
2025-11-24,3439.777112265286,3456.9171544276887,3411.87463883664,3429.512939453125,1480534,3490.144902343749,2923.7456591796895,3449.2311090895273,3466.7552936953653,3572.0112454680525,3368.5095308991345,3470.2603881835935,44.16257904419291,60.40889926874932,64.76230090653385,-14.041758640872104,-9.248821259568187,-4.792937381303917,29.402700555190666,66.27325656619864,73.38995308311596,86.25675385669385,-47.188609169622275,18579061.0,21477104.4,-1.0
2025-11-25,3429.2139067705293,3462.69697191832,3425.327588177598,3435.791015625,361442,3488.863383789061,2928.2461865234395,3446.543090396622,3463.940359325332,3531.6178501768063,3389.7598597841306,3460.6888549804685,45.19763470029493,60.40889926874932,64.76230090653385,-14.487905067654992,-10.296638021185549,-4.191267046469443,30.095827115013233,64.20869422152172,62.411458811864804,73.95579345963338,-39.386961002510866,18940503.0,21047480.55,-1.0
2025-11-26,3445.7560472549967,3531.057744499049,3422.3379010443923,3526.274658203125,689565,3489.7841699218734,2932.7096313476586,3462.489403957923,3469.6071137687677,3524.843589618917,3394.202284404521,3459.522937011719,57.44225097341848,60.40889926874932,64.76230090653385,-7.454277303858362,-9.728165877720112,2.2738885738617505,28.859363721376372,67.38806202388851,75.6598303309916,70.48708074199078,-2.371446046650172,19630068.0,20721881.45,-1.0
2025-11-27,3529.662742697156,3562.3485445907977,3490.8983338893377,3505.746337890625,565331,3490.5933447265616,2937.116828613284,3471.1407907444636,3472.8924977798456,3527.981235913628,3392.967982836372,3460.474609375,54.468793995079906,60.40889926874932,64.76230090653385,-3.4962380573924747,-8.481780313654586,4.985542256262111,27.02391653748432,67.6782155008579,84.50676619456888,74.19268511247509,-27.599625212849922,19064737.0,20482446.75,-1.0
2025-11-28,3507.639769434203,3557.5653638735757,3494.1867911674544,3519.199462890625,542882,3491.2231494140615,2941.7270019531275,3480.752525173696,3477.1022218808257,3534.500055680822,3390.4153251785538,3462.457690429688,56.0735562430042,60.40889926874932,64.76230090653385,0.7178167716892858,-6.641860896585811,7.359677668275097,25.319572723870277,67.37109815837671,93.40710690427841,84.52456780994629,-21.039788952252525,19607619.0,20342814.2,-1.0
2025-12-01,3537.635015570982,3653.131227636477,3536.738247671871,3649.045654296875,1616247,3494.4458837890616,2947.113929443362,3514.4111509983322,3492.733443009557,3579.7715075840697,3360.4005627284314,3470.0860351562505,67.85117260412088,63.53762957054977,65.24894866837825,14.369347171363643,-2.4396192829959205,16.808966454359563,24.995115727390058,72.12543148605351,93.40710690427841,90.44032666770856,-1.380886735186948,21223866.0,20242068.05,1.0
2025-12-02,3647.052613843972,3671.0685252557337,3633.300631910996,3657.91455078125,939558,3496.919238281249,2952.474245605471,3543.111830954916,3507.749907352438,3615.990761306744,3340.1455179901327,3478.0681396484383,68.47295676547803,63.53762957054977,65.24894866837825,25.608727720616116,3.170050117726487,22.43867760288963,24.94738072758502,69.67132161881668,97.92184643845836,94.91202008233839,-4.19179072850201,22163424.0,20141652.0,1.0
2025-12-03,3657.217043620961,3662.199628149055,3594.934737019786,3619.150146484375,506439,3498.960107421874,2957.8751953125025,3558.319494060808,3517.8772018189775,3637.264676075642,3334.6863249009216,3485.975500488282,62.75946069612524,63.53762957054977,65.24894866837825,31.030355697395407,8.742111233660271,22.288244463735136,24.07227121621965,69.49943372670613,94.22606318300116,95.18500550857931,-16.544883768385077,21656985.0,20192931.95,1.0
2025-12-04,3627.32136403267,3662.199454071445,3610.878835871533,3633.698974609375,602960,3501.3676855468743,2963.7130993652368,3573.3953901705218,3528.4064538908315,3658.753894962948,3333.0875601151793,3495.9207275390636,63.974451620142005,63.53762957054977,65.24894866837825,36.08503791484418,14.210696569897053,21.874341344947126,23.259669527094665,68.20094690336371,88.05790844553236,93.40193935566396,-12.546059091762995,22259945.0,20322967.4,1.0
2025-12-05,3633.499737387529,3674.356928772496,3614.0676585580927,3652.6328125,331003,3504.411044921874,2969.6037451171896,3589.2428746364176,3539.6997592189377,3681.4685709543674,3331.160213225322,3506.3143920898447,65.54968738555894,63.53762957054977,65.24894866837825,41.14442514868051,19.59744228565375,21.546982863026763,22.7123849565736,67.63582713986654,84.04964852538092,88.77787338463814,-8.276412202059301,22590948.0,20415806.75,1.0
2025-12-08,3657.316669509236,3661.003733277853,3577.6948254564945,3600.116455078125,472896,3507.593916015624,2975.3213732910176,3591.4175907247595,3545.1921861152273,3691.87302967693,3332.903288682446,3512.388159179688,57.97728841943244,67.65174916887139,65.24894866837825,40.45011113414421,23.76797605535184,16.682135078792367,21.40547294856355,68.75533290283025,75.43238107785142,82.51331268292157,-28.28399345057274,22118052.0,20445889.65,1.0
2025-12-09,3575.502459710887,3609.782542053109,3530.6592014369207,3601.91015625,606495,3511.7015576171866,2981.415157470705,3593.516103829808,3550.348365218388,3701.488120783116,3337.2693255059476,3519.3787231445317,58.1550941025651,67.65174916887139,65.24894866837825,39.58825026314253,26.93203089690998,12.656219366232548,20.4465493436264,69.49590488235582,67.45313097556317,75.64505352626517,-27.600632614185127,22724547.0,20537971.2,1.0
2025-12-10,3619.3492729867935,3640.973640414596,3581.9798903499536,3594.037841796875,400339,3515.532172851562,2987.6467248535173,3593.6204514232218,3554.3201358164324,3708.2033230926345,3345.711154446428,3526.957238769531,57.01487897883538,67.65174916887139,65.24894866837825,37.83386409429522,29.11239753638703,8.721466557908194,19.018858582936197,68.74575096680486,55.750572635288535,66.2120282295677,-30.599811894070562,22324208.0,20642117.9,1.0
2025-12-11,3582.577998581911,3629.812802247699,3576.499148185859,3624.73046875,446958,3519.474389648437,2994.0915466308606,3599.842454888578,3560.7210751740295,3717.520493083712,3355.0089014475375,3536.264697265625,60.28434671476387,67.65174916887139,65.24894866837825,38.476604555483846,30.985238940206393,7.491365615277452,17.732170702271393,67.64345833073592,58.91391069853805,60.70587143646325,-18.90659367328108,22771166.0,20789406.2,1.0
2025-12-12,3618.352845659,3647.251835613313,3610.380710499189,3642.468505859375,290853,3523.789306640624,3000.484882812502,3608.3676650827374,3568.152659781788,3719.883412279263,3379.4223982676112,3549.652905273437,62.079451064803635,67.65174916887139,65.24894866837825,39.95669642918028,32.779530438001174,7.177165991179109,16.736950356320627,65.44543452954936,63.90497148890632,59.52315160757763,-12.653180674724451,23062019.0,21009063.75,1.0
2025-12-15,3639.179990474698,3641.173024286024,3578.9904666887555,3626.6240234375,327503,3527.4066650390623,3006.613664550783,3612.01893675369,3573.4682382959436,3726.2677135435556,3389.371031573631,3557.8193725585934,59.49273303410387,67.03129787345839,65.24894866837825,39.397018285981176,34.103028007597175,5.293990278384001,15.895993114758967,65.30490628962579,58.24066037147705,60.35318085297381,-18.94019898628193,22734516.0,21145668.6,1.0
2025-12-16,3626.325006363871,3638.681718632519,3585.3680643757266,3606.99267578125,266040,3530.6652783203112,3013.112208251955,3611.0136845592024,3576.515914430971,3729.0149560349023,3400.5451513869716,3564.780053710937,56.359278568541846,67.03129787345839,65.24894866837825,36.94352171362107,34.67112674880195,2.2723949648191137,15.115104247594571,64.44838828728054,40.635009007197965,54.26021362252711,-36.71904989469098,22468476.0,21232613.65,1.0
2025-12-17,3605.198737924302,3646.4544385339095,3598.422374631112,3626.22509765625,423064,3533.216357421874,3019.520838623049,3614.055967178612,3581.034931087814,3732.263779884286,3413.360170311026,3572.811975097656,58.65666233649521,67.03129787345839,65.24894866837825,36.134468061901316,34.96379501142183,1.1706730504794862,14.212534868822479,63.27579368838891,23.402189023506132,40.75928613406038,-26.71465524534242,22891540.0,21373326.75,1.0
2025-12-18,3626.22527922708,3639.578751768517,3548.995218856612,3579.68798828125,835779,3534.7848779296864,3025.70571411133,3607.18237139914,3580.912481741763,3730.638256241148,3425.5288580166643,3578.0835571289062,51.580793755975755,67.03129787345839,65.24894866837825,31.376443307000045,34.246324670537476,-2.8698813635374307,14.346044554137647,65.22634649006864,11.443985068028166,25.160394366244084,-65.88061081172629,22055761.0,21446351.8,1.0
2025-12-19,3579.787710126508,3661.900605407069,3579.787710126508,3653.23095703125,602861,3538.432128906249,3032.3659802246116,3616.392088525562,3587.4868885862616,3728.227006508827,3450.272065756798,3589.2495361328124,59.82808580974957,67.03129787345839,65.24894866837825,33.15775539866354,34.02861081616269,-0.8708554174991505,13.94327088925998,66.43965153547938,23.218564413013,19.354912834849095,-14.70167422475005,22658622.0,21576303.15,1.0
2025-12-22,3664.790658335397,3721.890882222443,3657.2170325594975,3696.67919921875,592689,3542.876596679687,3039.806427001955,3632.4495106642,3597.413462280124,3727.5932914031882,3477.622406839,3602.607849121094,63.755865976776555,67.37251465938293,65.24894866837825,37.64146076864381,34.751180806658915,2.890279961984895,13.531329549813233,66.5982425108875,45.32721428763645,26.663254589559205,-13.183842185631056,23251311.0,21809915.65,1.0
2025-12-23,3701.0636376231264,3701.0636376231264,3662.697738310125,3673.659423828125,261018,3546.786928710937,3046.64376098633,3640.6914932969853,3604.344913329942,3715.645111934319,3513.3574271281805,3614.50126953125,60.387015268709746,67.37251465938293,65.24894866837825,38.8890374715852,35.57875213964417,3.3102853319410244,13.14881259175554,64.58164656818137,66.34109877090543,44.962292490518294,-25.22147909603558,22990293.0,22012405.15,1.0
2025-12-24,3673.659451799978,3703.1564485527474,3638.3828518168193,3652.43359375,644417,3550.015644531249,3053.523579101564,3643.0399133875885,3608.716611549947,3714.2262073130437,3527.3922253041433,3620.8092163085935,57.376479453518,67.37251465938293,65.24894866837825,37.73007508194087,36.00901672810351,1.721058353837357,12.267890556439324,64.595357294449,63.8966839253206,58.521665661287486,-36.32101552793624,22345876.0,22148195.55,1.0
2025-12-26,3652.134664348345,3662.2993312905664,3613.768763962501,3621.442138671875,223878,3552.5886523437484,3060.0658386230484,3638.720358444446,3609.8734776519404,3702.742954813997,3550.445057881315,3626.594006347656,53.20567206173974,67.37251465938293,65.24894866837825,33.91983092334385,35.591179567151585,-1.6713486438077325,11.830589800531914,63.44787229685018,39.29251270996925,56.510098468731755,-52.52725026415851,22121998.0,22301058.6,1.0
2025-12-29,3621.441993765964,3651.138001361059,3556.4689003008966,3561.75048828125,462957,3552.574702148436,3066.3652136230485,3623.326384411807,3605.498660436423,3693.811310319144,3563.63180491523,3628.721557617187,46.23445949820815,65.22521846881419,65.24894866837825,25.786319019512575,33.63020745762378,-7.8438884381112075,12.413805116865186,65.67796006565821,18.278628226700267,40.489274953996706,-83.7415606469516,21659041.0,22403629.7,1.0
2025-12-30,3562.5479250062567,3641.272760272129,3536.7382345579795,3621.9404296875,1497535,3553.7326562499984,3072.8990478515643,3623.049193466946,3606.9933667319756,3691.7996821222887,3562.9329106511486,3627.3662963867187,52.93140336958385,65.22521846881419,65.24894866837825,23.92152503017678,31.688470972134386,-7.766945941957605,13.251854596650727,68.45342904055045,17.18914699721561,24.920095977961704,-53.98272927540023,23156576.0,22500265.2,1.0
2025-12-31,3636.290062725855,3712.025344931161,3628.3179277568743,3706.843505859375,602873,3555.044072265623,3080.2327722167984,3639.808055945432,3616.0706521071934,3702.337323689706,3557.288164591544,3629.812744140625,60.42046665985718,65.22521846881419,69.05048178723445,28.960789091785045,31.142934596064517,-2.1821455042794717,12.549887034317821,69.99853519791547,39.72845265697906,25.065409293631646,-8.127011173146759,23759449.0,22580066.45,1.0
2026-01-01,3723.983621524885,3786.6644366502906,3709.434377600738,3781.18359375,611579,3557.882153320311,3087.7813977050796,3668.0831635063455,3631.080919529267,3736.8251372843497,3539.0036957234634,3637.9144165039065,65.58393782942254,65.22521846881419,69.05048178723445,38.50915638954211,32.61617895476004,5.892977434782075,12.586457634716224,70.70013488312976,73.06178599031239,43.326461881502354,-2.1929845107901857,24371028.0,22715768.6,1.0
2026-01-02,3829.614375389143,3883.924545427839,3812.374584682112,3834.397705078125,1002294,3561.6589501953113,3095.7442102050795,3701.3460718207016,3649.5642636700723,3780.173034697293,3515.7256713573947,3647.949353027344,68.72881608606853,65.22521846881419,69.05048178723445,49.796220487868595,36.05218726138175,13.744033226486849,13.755585489306993,72.98876465418041,93.65462028595493,68.81495297774879,-14.265205395231927,25373322.0,22871437.45,1.0
2026-01-05,3849.544706917838,3895.384483391621,3829.116110880609,3850.740478515625,528557,3566.980351562499,3103.8289282226574,3731.2249531596863,3667.853010474213,3818.238951256006,3497.4705214002456,3657.854736328126,69.64617588259509,71.72636723280203,69.05048178723445,59.37558060564106,40.71686593023361,18.658714675407452,14.956247678689351,72.5087366439541,100.0,88.90546875875577,-12.447921878782608,25901879.0,23036984.0,1.0
2026-01-06,3855.523834858615,3868.478554386442,3821.742009713692,3852.634033203125,382299,3572.2878027343736,3111.844217529298,3755.5067691683744,3684.6512852677506,3850.3060960685875,3490.655134400164,3670.480615234376,69.75687872352509,71.72636723280203,69.05048178723445,66.35518528146713,45.844529800480316,20.510655480986813,15.926906156476553,70.66786578886808,100.0,97.88487342865163,-11.919949066113277,26284178.0,23245290.3,1.0
2026-01-07,3837.3871505793554,3868.8769371960234,3807.292390242385,3826.823974609375,341204,3576.2798486328115,3119.7304565429704,3769.7702102565745,3697.576075207898,3871.3596053533606,3492.0930069513283,3681.7263061523445,66.21218207293533,71.72636723280203,69.05048178723445,69.00843002249621,50.4773098448835,18.531120177612713,16.538025868929182,70.0190573006374,94.97685361833499,98.32561787277831,-19.116471733696518,25942974.0,23406211.65,1.0
2026-01-08,3826.824152622176,3840.576134507056,3778.692337670224,3788.458251953125,367668,3581.057153320311,3127.1621301269547,3773.5078185958846,3705.838091275646,3882.084055030045,3500.8105982902694,3691.447326660157,61.23131769690433,71.72636723280203,69.05048178723445,67.24024868152173,53.82989761221115,13.410351069310586,16.544267950197817,69.43796726750844,82.8953850911454,92.62407956982679,-29.81384352582308,25575306.0,23568766.55,1.0
2026-01-09,3786.7641384746007,3835.294461801737,3738.233815147464,3746.106201171875,567897,3586.2450195312485,3134.24781982422,3768.027495111083,3709.4988285389395,3886.9340974657216,3508.09812909678,3697.516113281251,56.204919498322134,71.72636723280203,69.05048178723445,61.7101396063963,55.40594601104818,6.304193595348117,15.819299914646153,71.41101579513446,63.69106899396279,80.52110256781438,-41.6227083665913,25007409.0,23680578.7,1.0
2026-01-12,3732.952282368253,3758.064459421808,3641.5717319090672,3741.7216796875,588225,3591.488696289061,3140.978884277345,3762.766332026367,3712.4281786433544,3891.023003204924,3513.9345407403907,3702.4787719726573,55.69519738607152,66.20048686525796,69.05048178723445,56.3244212142381,55.589641051686165,0.7347801625519352,15.632006485971315,74.63113806067776,48.78757829129378,65.12467745880065,-42.84522818901632,24419184.0,23748436.95,1.0
2026-01-13,3745.20938081894,3757.865096341089,3686.614140523431,3742.3193359375,1075385,3596.405507812499,3147.5598596191417,3758.676932808594,3715.1455565791857,3894.0882774762918,3522.4387977190213,3708.2635375976565,55.754101565244284,66.20048686525796,69.05048178723445,51.5106438133821,54.77384160402535,-3.2631977906432468,15.45809115934468,74.38969647189063,41.02588212788078,51.168176471045776,-42.67858591910727,25494569.0,23886439.6,1.0
2026-01-14,3756.868741597412,3756.9684906042735,3669.1752537298858,3677.5458984375,601520,3599.9909765624993,3153.932086181642,3742.450725934375,3711.727405839032,3892.118596484343,3531.4638009765954,3711.791198730469,48.26458117185979,66.20048686525796,69.05048178723445,41.98503808549367,52.21608090031902,-10.23104281482535,15.52662371299508,75.34709221492614,29.7737255499323,39.862395323035614,-60.739122648726116,24893049.0,24007668.25,1.0
2026-01-15,3677.5458984375,3677.5458984375,3677.5458984375,3677.5458984375,0,3604.3218359374996,3160.216121826173,3729.469760435,3708.6199960752565,3890.980448198512,3537.7340293405514,3714.3572387695317,48.26458117185978,66.20048686525796,69.05048178723445,34.04349470227089,48.5815636607094,-14.538068958438508,15.590261084241883,69.96515705671713,19.243889959135245,30.014499212316107,-60.739122648726116,24893049.0,24107743.7,1.0
2026-01-16,3696.4796144038655,3707.441300075112,3628.118702464613,3655.024658203125,1324087,3608.7264404296866,3166.255761718751,3714.5807399886253,3703.7476926323357,3885.632512534085,3550.6156319971674,3718.124072265626,45.784529844633354,66.20048686525796,69.05048178723445,25.63696155196294,43.992643238960106,-18.355681686997166,16.298285561842807,70.63354566770155,5.753721316404486,18.257112275157343,-67.01863632205092,23568962.0,24183403.75,1.0
2026-01-19,3647.2518980765126,3697.974511583385,3618.352907627273,3689.005859375,589483,3613.611367187499,3172.643684082032,3709.4657638659005,3702.407525972578,3885.253537460955,3554.572097304672,3719.9128173828135,49.96244231896415,60.98116025771966,69.05048178723445,21.469238390338887,39.487962269235865,-18.018723878896978,17.076024754296792,71.27554983115942,8.686209998474236,11.227940424671322,-74.49642642619673,24158445.0,24258394.9,1.0
2026-01-20,3688.1088937290415,3706.4447066114335,3584.670395146898,3603.10595703125,533454,3616.100664062499,3178.497471923829,3688.193802498971,3693.380110614275,3888.4511619626896,3542.017148584187,3715.2341552734383,41.298607811712394,60.98116025771966,69.05048178723445,11.106850673435929,33.81173995007588,-22.704889276639953,18.20107550175001,74.88260423354342,5.809349340271997,6.749760218383573,-94.06671194457336,23624991.0,24277078.9,-1.0
2026-01-21,3587.3610746253203,3597.326243579851,3512.9213111930294,3589.453857421875,965963,3618.6477636718737,3184.0077111816413,3668.445813483552,3683.932269414966,3892.3971880185773,3529.650565887675,3711.023876953126,40.108212369013835,60.98116025771966,69.05048178723445,1.7725406623126219,27.40390009252323,-25.63135943021061,19.969715126317805,75.97560720530608,5.809349340271997,6.7683028930060765,-79.98956454058103,22659028.0,24260515.65,-1.0
2026-01-22,3614.9647601208503,3652.134645409976,3534.74515063916,3557.6650390625,436109,3620.9517138671863,3189.4589074707037,3646.2896585993412,3672.4534302920147,3898.7182827603197,3513.852615677182,3706.2854492187507,37.40462291011455,60.98116025771966,69.05048178723445,-8.096725234470341,20.303775027124516,-28.400500261594857,20.48447832914719,78.93374203141394,0.0,3.8728995601813314,-88.30116698236303,22222919.0,24254367.8,-1.0
2026-01-23,3557.665133033827,3600.415611340896,3523.883063665134,3537.435791015625,618661,3622.9288037109363,3194.8642651367195,3624.5188850825984,3660.1790994487064,3905.66020252378,3498.5100611480966,3702.0851318359382,35.75300339030573,60.98116025771966,69.05048178723445,-17.350514881165054,12.772917045466603,-30.123431926631657,21.082235039484413,78.76222814886735,0.0,1.9364497800906657,-93.11305173123196,21604258.0,24228480.8,-1.0
2026-01-27,3587.460806123879,3587.460806123879,3495.282993744307,3555.572265625,963692,3626.546162109374,3200.842619628907,3610.729561191079,3650.669387282915,3906.2646164301823,3497.287824976068,3701.776220703125,38.38002740536948,54.95699622010517,69.05048178723445,-22.956124010093845,5.627108834354513,-28.583232844448357,21.948736557506635,79.72048416534626,2.8749122910109897,0.9583040970036631,-83.86235298043991,22567950.0,24273926.25,-1.0
2026-01-28,3565.6370419999503,3735.941674525519,3483.822911213981,3715.413330078125,2151909,3631.5885351562492,3207.2738903808595,3631.666314968488,3656.5552002642976,3907.4992191859374,3505.4005122593762,3706.449865722657,55.60805505362382,54.95699622010517,69.05048178723445,-14.335520619004,1.634582943682811,-15.970103562686813,20.43686388202588,92.0346469615028,28.8513190296832,10.575410440231396,-35.083860847448875,24719859.0,24352090.4,-1.0
2026-01-29,3703.953586201498,3744.312520846623,3589.85240059985,3642.269287109375,950498,3635.0783398437493,3213.152094726563,3633.7869093966656,3655.2564808865773,3906.3076037047886,3500.1347058655247,3703.2211547851566,48.87412860193161,54.95699622010517,69.05048178723445,-13.252971297349632,-1.3429279045236775,-11.910043392825955,19.141111537796274,96.4936093390221,50.23664244278365,27.320957921159277,-54.919146192507306,23769361.0,24352586.0,-1.0
2026-01-30,3652.2343525001934,3696.9778629405073,3614.466460195625,3664.591064453125,994421,3639.058427734375,3218.952320556641,3639.9477404079576,3656.105079392627,3897.7301644424424,3497.052892198183,3697.391528320313,50.83097506848484,54.95699622010517,69.05048178723445,-10.473134504559766,-3.1689692245308954,-7.3041652800288706,17.937912932440213,95.49488029658353,72.49030317028131,50.526088214249384,-34.08433024810906,24763782.0,24372223.7,-1.0
2026-02-02,3597.425965116512,3642.269225069488,3546.404349116955,3633.101318359375,594725,3642.2353271484376,3224.2303723144532,3638.578455998241,3654.013828389604,3878.709752943912,3495.9436650248385,3687.3267089843753,48.03764164678245,59.604185178569566,67.26609596915101,-10.68785027262038,-4.672745434148792,-6.015104838471588,17.411666105543937,97.11572565655399,66.98716936397474,63.238038325679895,-45.527216156098525,24169057.0,24312010.45,-1.0
2026-02-03,3803.40582704402,3806.694381319439,3683.226040456093,3713.32080078125,895529,3647.903515625,3229.77150390625,3653.5269249548433,3659.405371334299,3856.37909629976,3504.5323538955536,3680.455725097657,54.845230884852946,59.604185178569566,67.26609596915101,-4.335001062688207,-4.605196559856676,0.27019549716846925,17.360191595467878,102.5783926068047,77.65452422858067,72.3773322542789,-28.91973716590406,25064586.0,24270145.8,-1.0
2026-02-04,3705.8470928298607,3761.851293898187,3692.9918788580135,3714.4169921875,889710,3653.601596679687,3234.99375,3665.704938401375,3664.406427775499,3830.864999173069,3516.2247469206814,3673.544873046875,54.93211949379742,59.604185178569566,67.26609596915101,0.779149639183288,-3.5283273200486835,4.3074769592319715,17.31239383611154,100.1698942091882,84.72450102787451,76.45539820680997,-28.58022392062043,25954296.0,24253651.7,-1.0
2026-02-05,3714.416815467231,3725.976508262293,3678.940961523183,3699.76806640625,593814,3658.8811376953126,3239.862231445313,3672.51756400235,3667.621122196477,3807.8272664685687,3526.556888804869,3667.1920776367188,53.45189895445112,59.604185178569566,67.26609596915101,3.6085083929810935,-2.1009601774427282,5.709468570423821,17.06919892094003,96.37458367561119,93.96473352856,85.44791959500506,-33.11730047819466,25360482.0,24224527.1,-1.0
2026-02-06,3687.112453958527,3759.8581861582497,3654.3271459407815,3745.40869140625,735378,3663.2638183593754,3244.9444677734377,3687.0957894831304,3674.692719397365,3799.0202800764355,3531.058919142314,3665.039599609375,57.31149215189608,59.604185178569566,67.26609596915101,9.424967434925293,0.20422534503087597,9.220742089894417,17.202059635926624,97.02861628574384,95.24538858418694,91.31154104687381,-18.981451006857764,26095860.0,24250554.8,-1.0
2026-02-09,3766.833915567044,3771.816500111445,3702.857578674989,3751.587158203125,545338,3668.180634765625,3249.7177844238286,3699.994063227129,3681.6831229251616,3800.0129945250574,3530.614300396818,3665.313647460938,57.82134645978174,62.268717287676985,67.26609596915101,14.36748434976198,3.036877145977097,11.330607203784883,17.451027219038966,95.02363808222329,96.38017209971778,95.19676473748824,-17.06785151946516,26641198.0,24332244.25,-1.0
2026-02-10,3738.9312438882102,3765.837199001479,3731.955625895882,3749.294921875,816771,3672.7825439453127,3254.643068847657,3709.8542349567037,3687.8296501024197,3801.3353328151425,3530.049286325482,3665.6923095703123,57.546734680657174,62.268717287676985,67.26609596915101,17.893238187350562,6.00814935425179,11.885088833098772,17.68221140335757,90.65634772674997,99.58521009293713,97.07025692561393,-17.777804717676293,25824427.0,24402506.4,-1.0
2026-02-11,3766.833768227168,3875.454107046417,3746.5049213972807,3851.637451171875,1125178,3676.834379882813,3260.259438476563,3738.210878199738,3702.721268381461,3827.094614874426,3515.221815789636,3671.158215332031,65.43895595160079,62.268717287676985,67.26609596915101,28.61574580244951,10.529668643891334,18.086077158558176,18.958390518200535,93.39155043549185,99.58521009293715,98.51686409519735,-6.081399063197268,26949605.0,24475258.2,1.0
2026-02-12,3861.503040277983,3890.302281765499,3840.0779266351497,3867.681396484375,445270,3681.0297167968756,3265.680988769532,3764.1049818566657,3717.7176436635436,3859.712026800377,3501.6179536683726,3680.6649902343747,66.49066045026318,62.268717287676985,67.26609596915101,37.97032437707185,16.017799790527437,21.95252458654441,20.26589891857005,90.3081793422674,99.58521009293715,99.58521009293713,-5.56507584885102,27394875.0,24600349.5,1.0
2026-02-13,3848.1496095718376,3880.436658567392,3818.851867870445,3851.13916015625,260604,3685.6694970703134,3271.4707519531253,3781.5118175165826,3729.8468724356076,3883.912854887825,3494.7764517528008,3689.344653320313,64.31744205041873,62.268717287676985,67.26609596915101,43.54709130962328,21.523658094346608,22.023433215276675,21.094221922222765,88.2565087247445,97.4230173609944,98.86447918228956,-9.634713209704094,27134271.0,24712410.6,1.0
2026-02-16,3846.555067582082,3876.251318575351,3780.386445600914,3794.13818359375,333076,3688.8782812500003,3277.1279772949224,3784.037090732016,3735.691537086348,3895.59166476778,3497.0089944119077,3696.300329589844,57.36035674053155,65.47699479171962,67.26609596915101,42.87300355310799,25.793527186098885,17.079476367009107,21.191682017559593,88.79996331400825,80.93013561453202,92.64612102282118,-23.65780532509487,26801195.0,24874022.25,1.0
2026-02-17,3794.1382784379607,3870.0730594630986,3773.809431365403,3864.293212890625,377690,3693.1114892578134,3282.896813964844,3800.088315163738,3747.3825985231006,3917.958562122291,3492.170832408959,3705.064697265625,62.70706326591878,65.47699479171962,67.26609596915101,47.45270347635051,30.12536244414921,17.327341032201296,21.168805262395722,89.33308222712878,74.09548663444082,84.14954653665575,-7.5630198398008,27178885.0,25025044.25,1.0
2026-02-18,3871.467981615178,3884.7217044445215,3840.675708112253,3871.667236328125,245619,3698.5425048828133,3288.3906103515633,3814.404099396616,3758.681201959921,3938.0821399016368,3498.9033825593006,3718.4927612304687,63.228989036697506,65.47699479171962,67.26609596915101,51.088257098106624,34.317941374940695,16.77031572316593,21.3179823007952,86.09829037749591,70.78062135359923,75.26874786752401,-5.4187721612210975,27424504.0,25215019.9,1.0
2026-02-19,3874.45775336577,3883.326656565343,3806.694603358344,3816.759521484375,309698,3702.8394921875006,3293.655209960938,3814.875183814168,3763.961049189417,3944.807010983223,3514.909077883964,3729.8580444335935,56.8490185790641,65.47699479171962,67.26609596915101,48.974320351569986,37.249217170266554,11.725103181303432,20.83978952748465,85.42213057960329,69.85694563615871,71.57768454139958,-21.38505448832785,27114806.0,25437808.8,1.0
2026-02-20,3816.75944561762,3854.427589505505,3778.493050988136,3802.90771484375,386586,3707.0168896484383,3298.7568774414067,3812.4816900200844,3767.5016551579924,3943.2449895872805,3540.995366858032,3742.1201782226562,55.3321848297583,65.47699479171962,67.26609596915101,45.655002765696736,38.93037428935259,6.724628476344144,19.913370375880152,84.74444543230084,48.16517456710418,62.934247185620706,-37.035498090216535,26728220.0,25663073.85,1.0
2026-02-23,3821.64229181674,3881.234050787866,3800.9146917454455,3815.762939453125,605954,3710.837539062501,3304.4046374511718,3813.1379399066927,3771.889044639368,3934.8027217401805,3577.2703495488813,3756.036535644531,56.49239877909409,62.85156009423421,67.26609596915101,43.55960089072369,39.85621960962681,3.703381281096874,19.427440011178437,84.42836783302369,28.496666225659617,48.8395954763075,-31.587795066570912,27334174.0,25949569.65,1.0
2026-02-24,3816.659696612311,3821.64228107264,3730.361236443303,3802.90771484375,896496,3714.0463232421885,3310.147066650391,3811.0918948941044,3774.708923748857,3921.098154670818,3615.708461540119,3768.4033081054686,54.955176525475295,62.85156009423421,67.26609596915101,40.39601055384901,39.964177798471255,0.431832755377755,18.225038834195523,84.91784474704606,16.422989440721764,31.028276744495184,-37.035498090216535,26437678.0,26143056.05,1.0
2026-02-25,3798.822164592368,3931.259163034775,3786.963467530732,3918.304443359375,647290,3719.8799316406253,3315.9831677246098,3832.534404587159,3787.763061895268,3942.931128497723,3614.164599041339,3778.547863769531,64.33658567013808,62.85156009423421,67.26609596915101,46.66249777203029,41.30384179318307,5.358655978847224,18.11941661075599,89.15911980111727,38.72492050102285,27.881525389134744,-4.677942193662343,27084968.0,26261311.5,1.0
2026-02-26,3937.1384475879736,3956.172017330021,3904.45288852536,3940.427001953125,642743,3726.5486181640626,3322.170540771485,3854.1129240603523,3801.6416019005273,3959.868001059254,3627.0434979641827,3793.4557495117183,65.80682863861921,62.85156009423421,67.26609596915101,52.80513490746307,43.604100416039074,9.201034491423997,18.28361286511796,86.48483472994184,62.30925270731296,39.152387549685855,-6.215601234771206,27727711.0,26459229.0,1.0
2026-02-27,3940.427114388986,3954.378351120223,3842.5692025465023,3856.221435546875,1408870,3731.1485449218753,3327.862645263672,3854.534626357657,3806.6034049592863,3960.0080949176713,3646.0664412151405,3803.037268066406,56.29383589555863,62.85156009423421,67.26609596915101,50.2987212699677,44.943024586824805,5.355696683142895,17.528372545748528,88.29371429021177,62.33439003957722,54.456187749304334,-44.26298044347489,26318841.0,26536981.95,1.0
2026-03-02,3766.833797549028,3893.590695729136,3732.95222370864,3799.818603515625,1002069,3735.5511572265627,3332.961324462891,3843.591421789251,3805.9866048280446,3946.539028389931,3676.2072362585063,3811.3731323242187,50.9779753496633,64.54393440358632,70.93464927110958,43.26243086465092,44.606905842390034,-1.344474977739111,17.01487835787248,93.46119698523208,35.22554569508854,53.289729480659574,-69.2408985967917,25316772.0,26594367.7,1.0
2026-03-04,3712.025291071576,3752.6832274814974,3632.602946253544,3733.649658203125,1217791,3737.1595312500003,3337.4715588378904,3821.6030690720263,3799.4105187712335,3944.7269892610725,3680.052161129552,3812.3895751953123,45.544399859559455,64.54393440358632,70.93464927110958,31.97821418752619,42.08116751141726,-10.102953323891072,17.446099389020333,98.72937271929273,3.868236416756858,33.80939071714088,-68.77120807207861,24098981.0,26546087.45,1.0
2026-03-05,3761.851119419065,3820.346610021916,3722.9869621588414,3805.099853515625,711113,3739.327944335938,3342.4207580566404,3818.3024259607464,3799.9277310207235,3941.0891443942273,3692.7582921292096,3816.9237182617185,51.54968481934097,64.54393440358632,70.93464927110958,28.472610272399834,39.35945606361378,-10.886845791213943,17.026060690832285,98.63153522956287,9.879179219271228,16.324320443705542,-46.68930912086135,24810094.0,26488877.35,1.0
2026-03-06,3793.639963153868,3811.677015760232,3754.7758053461166,3770.81982421875,571666,3741.2711523437506,3347.566771240234,3808.805905612347,3797.2815576750895,3934.1505467574984,3706.8020655471887,3820.4763061523436,48.77078273358902,64.54393440358632,70.93464927110958,22.666991075642727,36.02096306601957,-13.353971990376841,16.636024756800524,95.65079774274518,15.186839864185094,9.644751833404392,-57.28365584962294,24238428.0,26432774.65,1.0
2026-03-09,3686.116017200884,3693.2908902308154,3570.021798221727,3615.1640625,1049321,3740.525761718751,3351.8542858886717,3770.077536989878,3780.7254217500813,3956.902039965758,3671.0261094483035,3813.9640747070307,38.596499031870636,59.841024887193555,70.93464927110958,5.443131897477542,29.905396832311165,-24.462264934833623,17.715059936366977,103.16131404662218,15.186839864185094,13.417619649213805,-88.30966239446488,23189107.0,26287437.0,-1.0
2026-03-10,3695.084708557983,3779.88839505917,3648.746672164254,3771.916259765625,957425,3743.5352441406258,3356.7486791992187,3770.4452815450277,3779.9245888424034,3956.3311349399632,3673.6299246303483,3814.980529785156,49.925547754448964,59.841024887193555,70.93464927110958,4.391074124976512,24.802532290844237,-20.411458165867725,17.745195784399993,107.55867251180416,19.18602826768674,16.51990266535231,-47.71608261413992,24146532.0,26162703.7,-1.0
2026-03-11,3766.833834196325,3784.272879725013,3577.9938840428326,3588.258056640625,1248097,3744.0653955078133,3360.835394287109,3734.0078365641475,3762.5003586422417,3979.0344108465765,3634.822962200297,3806.9286865234367,40.4977090453086,59.841024887193555,70.93464927110958,-11.134025223848312,17.615220787905727,-28.74924601175404,18.26025943284769,114.61012416683103,16.207397371052046,16.860088500974626,-95.27741860123511,22898435.0,26016404.1,-1.0
2026-03-12,3541.7206783573606,3552.383360128151,3390.947628401783,3410.6787109375,2588732,3739.8401611328136,3364.0531469726557,3669.342011438818,3730.516572487265,4030.2546835384255,3539.5068154850105,3784.880749511718,33.843052611954064,59.841024887193555,70.93464927110958,-37.33655485267718,6.624865659789146,-43.961420512466326,19.76606284202172,120.51728874340326,16.207397371052046,17.200274336596944,-96.50915938480102,20309703.0,25684409.0,-1.0
2026-03-13,3387.758926122596,3394.1365369204955,3270.8674459376,3312.92041015625,1447445,3731.9616992187507,3366.668007812499,3598.057691182305,3692.5532850026275,4077.1730845460984,3437.112315844525,3757.1427001953116,30.83878687756576,59.841024887193555,70.93464927110958,-65.23849744638756,-7.747806961446195,-57.49069048494136,21.67133221961625,121.89542990458158,2.3290297482791718,11.581274830127755,-93.86360955783421,18862258.0,25257778.15,-1.0
2026-03-16,3318.30141278494,3377.89316999401,3275.8499402929783,3363.045166015625,985489,3723.598930664063,3369.5245239257806,3551.055186148969,3662.5980014583542,4094.3304193122644,3371.145581664298,3732.738000488281,34.070493653407226,42.120016624106874,70.93464927110958,-82.35697909716328,-22.66964138858961,-59.687337708573665,23.440510927382597,120.47741560432802,3.0806288762413754,7.205685331857531,-86.54937907524307,19847747.0,24893451.95,-1.0
2026-03-17,3378.1921932050045,3492.791633387475,3340.5238068174112,3479.8369140625,1460188,3716.5077148437504,3372.9296215820304,3536.8115317316756,3645.98335714964,4094.3564709032694,3339.6894031201678,3717.0229370117186,40.98949263635843,42.120016624106874,70.93464927110958,-85.51363320617202,-35.23843975210609,-50.27519345406593,23.881102214762713,122.7481592447377,12.756802936502188,6.055487187007579,-69.50706636900001,21307935.0,24618788.95,-1.0
2026-03-18,3497.7741615883187,3566.4340755922867,3487.808993036785,3560.35546875,1218633,3710.700014648438,3376.8758276367184,3541.5203191353403,3638.199003658764,4078.6675169284877,3324.9845826808883,3701.826049804688,45.25505195812705,42.120016624106874,70.93464927110958,-80.58914835119458,-44.30858147192379,-36.28056687927079,23.609764088235938,120.16594512224121,26.499127217504935,14.112186343416164,-57.75775693073081,22526568.0,24386173.1,-1.0
2026-03-19,3487.7092284502087,3495.681363255812,3408.3866331086056,3442.16845703125,1045013,3702.4907031250004,3380.317796630859,3521.6499467145227,3620.378044874444,4065.304330324038,3295.39789135565,3680.351110839844,40.61434106442159,42.120016624106874,70.93464927110958,-85.24056259507279,-52.49497769655359,-32.7455848985192,23.806792616655766,122.43758015932359,36.21956605864253,25.158498737549884,-74.93807197591369,21481555.0,24089025.65,-1.0
2026-03-20,3457.016737310075,3519.697550505526,3438.082916964773,3450.140625,744363,3694.9570361328124,3383.8923022460935,3507.348082371618,3604.9019157949488,4054.466421991892,3269.573910039359,3662.0201660156254,41.05344491658713,42.120016624106874,70.93464927110958,-87.27747417217051,-59.451476991676984,-27.82599718049353,23.764329149557568,119.52165540085426,42.983461485370256,35.23405158717257,-71.21142030229099,22225918.0,23844581.25,-1.0
2026-03-23,3428.017983058608,3428.017983058608,3370.220005437271,3400.61376953125,748254,3687.2001464843747,3387.1414453125,3486.0012198035447,3586.3302661346124,4045.0402339870298,3238.7707035129706,3641.90546875,39.1182951396976,47.16907413370937,70.93464927110958,-91.82959024093998,-65.92709964152958,-25.9024905994104,24.112286518325906,116.6930099838453,42.566663191391534,40.58989691180143,-76.38739881795762,21477664.0,23582053.45,-1.0
2026-03-24,3446.4537242057745,3488.5066890395497,3398.720661657933,3467.579833984375,1302031,3681.6296191406245,3390.938673095703,3482.316942639711,3575.5347723027726,4026.087941101692,3222.904685851433,3624.4963134765626,43.02868389685246,47.16907413370937,70.93464927110958,-89.007549651938,-70.54318964361127,-18.464360008326736,23.85200681394043,114.7710826551147,49.38473037512648,44.97828501729609,-64.20020977963965,22779695.0,23354329.5,-1.0
2026-03-25,3507.739499083129,3577.495682303532,3490.7987117296025,3530.858642578125,1068845,3677.4123583984374,3394.9018200683595,3492.025282627394,3571.473305964168,4005.408103068452,3216.3796166581105,3610.8938598632812,46.52395306848113,47.16907413370937,70.93464927110958,-80.73433597328176,-72.58141890954536,-8.152917063736396,22.823843041339774,114.42428020254629,60.33741109876927,50.76293488842909,-51.92555547310421,23848540.0,23224872.6,-1.0
2026-03-27,3508.735980320785,3508.735980320785,3425.0285613071687,3433.199951171875,950570,3671.229970703125,3398.3995947265626,3480.2602163362903,3558.9030009830503,3960.6931228016592,3212.584147706154,3586.6386352539066,42.21898933508817,47.16907413370937,70.93464927110958,-81.1228609130294,-74.28970731024218,-6.83315360278722,22.307694023545316,113.81040885028986,66.88639836018483,58.86951327802686,-68.3812257231597,22897970.0,23015522.7,-1.0
2026-03-30,3395.10009765625,3415.10009765625,3350.0,3363.800048828125,1324384,3664.9550537109376,3401.541400146484,3456.9681828346575,3541.1663689689663,3904.9673457520707,3210.647229443242,3557.8072875976563,39.426966930778505,46.62828416965893,70.93464927110958,-86.03895829309704,-76.63955750681316,-9.399400786283877,22.292046716638545,111.62394758754594,62.265757456401914,63.16318897178534,-81.89878860358817,21573586.0,22707816.45,-1.0
2026-04-01,3434.699951171875,3502.0,3394.300048828125,3425.800048828125,1234217,3659.9201367187497,3404.8636584472656,3450.734556033351,3530.678521683435,3857.986399790222,3214.586036733215,3536.2862182617187,43.05039226742477,46.62828416965893,54.14290439368524,-83.96423164451062,-78.10449233435266,-5.859739310157963,21.514220317638877,113.52223355785517,60.824502310646594,63.325552709077776,-69.82256269716885,22807803.0,22532264.55,-1.0
2026-04-02,3400.0,3405.89990234375,3293.800048828125,3391.39990234375,920766,3654.6476416015626,3408.1713671875,3438.867625295431,3518.016829016191,3818.410527133357,3213.3200392728927,3515.865283203125,41.564736102532386,46.62828416965893,54.14290439368524,-84.12604744685586,-79.3088033568533,-4.817244090002561,21.414016346869587,114.84207401800838,63.74424170068388,62.27816715591079,-60.69101207551356,21887037.0,22360777.8,-1.0
2026-04-06,3467.89990234375,3504.10009765625,3410.39990234375,3487.800048828125,959786,3650.623525390625,3411.953602294922,3448.6541100019704,3515.2698489990944,3788.314694660049,3218.8309108086996,3503.5728027343744,47.07651417992943,45.24974780639394,54.14290439368524,-75.60408463857902,-78.56785961319845,2.963774974619426,20.51673852000423,114.68908268190064,82.07908103668622,68.88260834933888,-29.252241913025777,22846823.0,22298169.9,-1.0
2026-04-07,3465.0,3478.89990234375,3410.10009765625,3470.60009765625,617694,3647.973408203125,3415.372805175781,3453.0433075328265,3511.2089625133813,3733.8058857173523,3239.8897441654594,3486.847814941406,46.23849377114474,45.24974780639394,54.14290439368524,-69.43782401744556,-76.74185249404788,7.304028476602312,19.685557917489987,112.04700185975597,87.31314369851637,77.71215547862882,-35.43745850174869,22229129.0,22169121.65,-1.0
2026-04-08,3640.0,3736.0,3573.89990234375,3701.39990234375,1532962,3650.212329101563,3420.0421716308592,3502.7146264950115,3528.4990479525054,3715.0053378192274,3251.748299876084,3483.3768188476556,57.23856454950735,45.24974780639394,54.14290439368524,-45.404013481458605,-70.47428469153003,25.070271210071425,19.367895111237257,123.00078046575554,97.85222439337284,89.08148304285848,-7.824536742836852,23762091.0,22145304.8,1.0
2026-04-09,3705.300048828125,3768.5,3663.699951171875,3727.10009765625,796908,3653.6010302734376,3424.8465161132813,3547.5917207272596,3546.5536888346637,3738.7114142800933,3239.235826930843,3488.973620605468,58.26264631116537,45.24974780639394,54.14290439368524,-24.006522256181142,-61.180732204460256,37.17420994827911,19.25015195077231,121.70072820592479,97.85222439337284,94.33919749508735,-8.721277986557096,24558999.0,22213799.4,1.0
2026-04-10,3761.0,3850.5,3755.0,3839.89990234375,1331891,3659.6503125,3430.1949291992187,3606.0533570505577,3573.221526426399,3759.566489993089,3225.1791154756593,3492.372802734374,62.506803245693,45.24974780639394,54.14290439368524,2.0297475649749686,-48.53863625057321,50.56838381554818,19.57384103281513,121.82209778719803,99.99999999999999,98.56814959558189,-1.9040953091402968,25890890.0,22301017.3,1.0
2026-04-13,3769.800048828125,3779.39990234375,3711.0,3738.10009765625,625221,3663.300869140625,3434.8739038085937,3632.462705171696,3588.2104874472943,3786.10348970744,3213.626319862871,3499.8649047851554,56.88485950941939,59.19083975772569,54.14290439368524,14.284621295197667,-35.973984741419045,50.25860603661671,19.51334429704184,122.32765525552318,91.98759819595264,96.61327419644182,-20.190391988923984,25265669.0,22419379.0,1.0
2026-04-15,3790.5,3824.0,3747.0,3783.300048828125,567723,3664.6586035156247,3439.945794677734,3662.6301739029823,3605.945902118279,3827.86493084454,3209.127012514834,3518.495971679687,58.662638083826096,59.19083975772569,54.14290439368524,27.328924495890078,-23.31340289395722,50.642327389847296,19.70491237067648,119.72567290468226,86.50888881662075,92.83216233752447,-12.071125752825463,25833392.0,22695563.45,1.0
2026-04-16,3828.0,3828.0,3739.89990234375,3757.199951171875,784975,3666.9572167968745,3444.5957031249995,3681.544129356761,3619.6962702140604,3851.7244310642827,3229.6954663966535,3540.709948730468,57.19606778803354,59.19083975772569,54.14290439368524,35.15532035865863,-11.61965824343405,46.77497860209267,19.819401666795944,117.46670324407995,78.83879476396407,85.77842725884582,-16.75948572147793,25048417.0,23004871.4,1.0
2026-04-17,3760.10009765625,3787.0,3722.0,3735.800048828125,574208,3668.3813964843744,3448.7415014648436,3692.395313251034,3630.2511591789753,3870.209178714101,3248.4862070280856,3559.3476928710934,55.9607486953189,59.19083975772569,54.14290439368524,39.17936684071492,-1.459853226604256,40.63922006731917,19.758148799773565,113.71908158378852,77.39697794321128,80.9148871745987,-20.603549709395008,24474209.0,23236194.5,1.0
2026-04-20,3735.800048828125,3782.0,3701.10009765625,3761.89990234375,724613,3670.957368164062,3452.9575097656248,3706.2962310695775,3642.219226739409,3894.5486493897597,3252.353035180553,3573.4508422851563,57.17557852698022,55.64891199276309,54.14290439368524,43.96766089666971,7.625649598050537,36.34201129861918,19.499552998920155,111.37485449521435,75.17600140627336,77.13725803781622,-15.915233595717648,25198822.0,23430738.85,1.0
2026-04-21,3781.0,3807.89990234375,3748.10009765625,3752.699951171875,439113,3671.744951171874,3457.0756994628905,3715.576975090037,3652.262928960542,3913.8890523242435,3252.247080488256,3583.0680664062497,56.58307059534747,55.64891199276309,54.14290439368524,46.48421813025516,15.397363304491464,31.086854825763695,19.443376882504598,107.6909223660919,74.29067278100067,75.62121737682844,-17.567820622626627,24759709.0,23542395.9,1.0
2026-04-22,3724.10009765625,3770.5,3648.39990234375,3660.699951171875,571597,3670.6706103515617,3460.8400183105464,3704.601570306405,3653.0299309797538,3919.6157322934564,3268.3735499331065,3593.9946411132814,50.90229124945078,55.64891199276309,54.14290439368524,40.5871137619215,20.435313395977474,20.151800365944027,18.433643564025395,108.72014917253176,65.27407551656151,71.5802499012785,-34.09377860166658,24188112.0,23677723.75,1.0
2026-04-23,3636.0,3636.0,3482.199951171875,3513.0,2250372,3666.935249023437,3463.9874121093744,3666.281256245124,3640.299937254322,3918.092366549403,3276.18285317716,3597.1376098632813,43.37353205666573,55.64891199276309,54.14290439368524,23.722011798525727,21.092653076487125,2.629358722038603,18.005762900283504,113.70442423163664,42.519475237440254,60.69474117833414,-60.625117586152,21937740.0,23663314.85,1.0
2026-04-24,3513.0,3543.300048828125,3462.699951171875,3488.199951171875,734340,3661.7910742187496,3466.9873876953125,3630.6649952304747,3626.472665792281,3913.444379115469,3289.5894587751563,3601.5169189453127,42.243722805169526,55.64891199276309,54.14290439368524,8.259925034094522,18.526107468008604,-10.266182433914082,17.738866355206433,111.3398294762519,17.74156458203631,41.84503844534602,-82.26615103682178,21203400.0,23649601.65,1.0
2026-04-27,3500.5,3564.10009765625,3483.60009765625,3552.60009765625,1025395,3657.811333007812,3470.3048791503907,3615.0520157156298,3619.756977779915,3912.2801650278893,3299.255699229923,3605.767932128906,46.1653073100867,48.252953339257914,54.14290439368524,1.1889579150274585,15.058677557412377,-13.869719642384919,17.30008300248755,109.13698451366247,9.330163190159961,23.19706766987884,-67.6430445961423,22228795.0,23622056.65,1.0
2026-04-28,3557.89990234375,3565.0,3482.800048828125,3495.89990234375,446619,3652.743432617187,3473.4340368652347,3591.221593041254,3608.4972436493545,3912.721787513516,3295.318202720859,3604.0199951171876,43.37299385158895,48.252953339257914,54.14290439368524,-8.887615470025594,10.269418951924784,-19.157034421950378,16.883962048329536,107.2129107035348,8.308798467508362,11.793508746568211,-91.43889969271525,21782176.0,23518738.45,1.0
2026-04-29,3513.0,3602.0,3501.0,3553.89990234375,753712,3646.7886816406244,3476.8691394042967,3583.7572549017536,3603.533848985209,3909.2693662264787,3310.840619125084,3610.0549926757812,46.91040830508206,48.252953339257914,54.14290439368524,-12.054302703671055,5.804674620805617,-17.858977324476673,16.131335644455383,107.13342405730018,15.985626469401204,11.208196042356509,-76.48273860525086,22535888.0,23500634.35,1.0
2026-04-30,3462.0,3519.0,3415.10009765625,3492.89990234375,947815,3639.293051757812,3480.229437255859,3565.585784390153,3593.476217472349,3898.426126512744,3334.5938441903813,3616.5099853515626,43.81064510751481,48.252953339257914,57.01579957012438,-19.26405136018866,0.790929424606762,-20.054980784795422,16.12239065022465,109.39530838802874,12.112141373385755,12.135522103431772,-82.13141430011697,21588073.0,23501358.7,1.0
2026-05-01,3492.89990234375,3492.89990234375,3492.89990234375,3492.89990234375,0,3632.128266601562,3483.5428979492185,3551.0486079808725,3584.3329160970216,3893.7064338061773,3346.0235222485107,3619.864978027344,43.8106451075148,48.252953339257914,57.01579957012438,-24.69318148868342,-4.305892758051275,-20.387288730632147,16.11408458415325,101.58135778888384,13.435591360879659,13.844453067888871,-81.1577081404273,21588073.0,23440372.2,1.0
2026-05-04,3400.0,3536.800048828125,3367.800048828125,3495.5,1154996,3626.155502929687,3486.919185791015,3539.938886384698,3576.257196451838,3884.1887097012045,3365.951256119109,3625.069982910157,43.993592495075106,48.39316117058019,57.01579957012438,-28.457954494399473,-9.136305105320915,-19.32164938907856,16.996432531963976,106.39697508967785,9.311311665228638,11.619681466498015,-72.25120279854576,22743069.0,23483173.8,1.0
2026-05-05,3499.89990234375,3544.0,3462.800048828125,3534.39990234375,391351,3619.5576367187496,3490.86665649414,3538.8310895765085,3572.451987896557,3882.122278709313,3372.6776724625624,3627.3999755859377,46.78516199876605,48.39316117058019,57.01579957012438,-27.980129688044144,-12.905070021865562,-15.075059666178582,17.73214804799224,104.59718766697766,16.8579325656219,13.201611863910065,-63.79837653363778,23134420.0,23497553.65,1.0
2026-05-06,3575.0,3625.0,3514.60009765625,3617.89990234375,899005,3614.482290039062,3494.9939587402337,3554.6448521299567,3576.583616482665,3878.6871206437245,3390.842810996902,3634.764965820313,52.28316538808233,48.39316117058019,57.01579957012438,-20.62593498576507,-14.449243014645464,-6.176691971119606,17.511380288823787,105.01166728674713,36.0884877877237,20.752577339524745,-43.17202073171206,24033425.0,23587768.45,1.0
2026-05-07,3600.0,3730.0,3592.60009765625,3706.699951171875,1058111,3612.281098632812,3499.1527026367185,3585.0558719383403,3588.4123741816843,3879.2682498816957,3390.7916866417427,3635.029968261719,57.3319460826823,48.39316117058019,57.01579957012438,-7.545283560530606,-13.068451123822493,5.523167563291887,16.308431194627072,107.32511264796162,65.86927281481522,39.605231056053604,-22.99477047389703,25091536.0,23654240.7,1.0
2026-05-08,3654.5,3718.699951171875,3633.10009765625,3695.199951171875,365671,3610.126943359374,3503.1926599121093,3607.0846877850477,3598.120335726247,3875.5490026358275,3391.3209192391732,3633.4349609375004,56.49822836837933,48.39316117058019,57.01579957012438,1.8716972832912688,-10.080421442399741,11.95211872569101,15.191407035730125,105.77330842422329,87.2364813310578,63.06474731119891,-25.607813833974337,24725865.0,23662584.0,1.0
2026-05-11,3651.0,3684.89990234375,3601.0,3613.699951171875,518265,3606.0856835937493,3506.917294921874,3608.407740462413,3599.5366644031224,3843.909411282094,3400.3405154757193,3622.1249633789066,50.854148109968335,54.15152290078952,57.01579957012438,2.7269193428865037,-7.518953285342492,10.245872628228994,14.448045090971615,104.94664004905555,83.84719094590395,78.98431503059231,-38.93719092138696,24207600.0,23578419.5,1.0
2026-05-12,3596.199951171875,3613.0,3535.0,3561.0,891189,3601.247529296874,3510.525417480468,3598.9261923699305,3596.0333312755656,3829.633409283305,3396.9065077088835,3613.269958496094,47.54653637671001,54.15152290078952,57.01579957012438,-0.8380955967018053,-6.182781747614355,5.344686150912549,14.329133155166296,103.07187655782838,62.22898464466613,77.77088564054262,-46.6593105419289,23316411.0,23480956.6,1.0
2026-05-13,3565.0,3647.5,3483.0,3527.199951171875,1518811,3593.425439453124,3514.033299560546,3584.58094413032,3589.775751266139,3804.415866187908,3396.514041038656,3600.464953613282,45.502380290490585,54.15152290078952,57.01579957012438,-6.317947714044749,-6.209814940900435,-0.10813277314431424,14.633226589752825,107.45959966084064,37.936643358252006,61.33760631627403,-55.991186131300765,21797600.0,23279167.0,1.0
2026-05-14,3543.800048828125,3543.800048828125,3382.800048828125,3460.800048828125,1847461,3583.8329003906238,3517.4089843749994,3559.8247650698813,3578.050687408138,3784.6576061124783,3386.63231087971,3585.644958496094,41.70873290282105,54.15152290078952,57.01579957012438,-15.836138047486202,-8.135079562217589,-7.701058485268613,15.621123143239526,111.2839139707806,18.91424611851949,39.69329137381254,-74.32357467219298,19950139.0,23024253.1,-1.0
2026-05-15,3455.60009765625,3498.89990234375,3418.699951171875,3466.800048828125,1007746,3576.0444726562487,3520.778792724608,3541.2198218215303,3567.936992991773,3764.73377070368,3379.656146288509,3572.1949584960944,42.17785462202762,54.15152290078952,57.01579957012438,-22.634308387961482,-11.034925327366368,-11.599383060595114,16.538455657191463,109.06363091371591,8.200026547660945,21.683638674810815,-72.66703110265705,20957885.0,22848436.9,-1.0
2026-05-18,3430.0,3435.89990234375,3275.0,3291.0,2579482,3565.868100585936,3523.2940161132797,3491.175857457224,3542.760902719793,3757.9512951532674,3339.348631604547,3548.649963378907,33.63620960070687,47.68254427538859,57.01579957012438,-41.72650490438946,-17.173241242770988,-24.55326366161847,18.248231569189432,114.97337505045941,1.000907461236975,9.371726709139136,-96.48351648351648,18378403.0,22507415.95,-1.0
2026-05-19,3285.0,3316.0,3228.0,3283.39990234375,2484911,3556.863105468749,3525.8873339843735,3449.620666434529,3519.1826299583345,3743.2108146006394,3307.159107274363,3525.1849609375013,33.32203332131315,47.68254427538859,57.01579957012438,-56.81553839947492,-25.101700674111775,-31.713837725363142,20.073298457865604,113.04670540399803,1.000907461236975,3.400613823378298,-88.96416287973108,15893492.0,22064105.1,-1.0
2026-05-20,3285.39990234375,3380.89990234375,3232.199951171875,3361.89990234375,1265474,3547.9991064453116,3528.7510778808582,3432.0765136163736,3504.8842001751905,3730.1139005282316,3290.3760164639575,3510.2449584960946,39.59763607963415,47.68254427538859,57.01579957012438,-61.72785195375036,-32.42693093003949,-29.30092102371087,20.980486447275236,115.59336581598926,8.712516396447382,3.571443772973777,-73.32671268052789,17158966.0,21712647.8,-1.0
2026-05-21,3378.5,3400.89990234375,3342.0,3380.699951171875,823043,3540.196708984374,3531.6943725585925,3421.801201127474,3493.5947229930707,3730.983297542534,3276.2766145668434,3503.6299560546886,41.029114323429056,47.68254427538859,57.01579957012438,-63.37336036521265,-38.61621681707412,-24.75714354813853,21.587546736733444,111.54383271082932,19.412376184521037,9.708600014068464,-69.58168303349103,17982009.0,21514861.25,-1.0
2026-05-22,3380.0,3443.39990234375,3380.0,3417.5,924915,3536.2434277343737,3534.862524414061,3420.9409609019795,3486.6770209027914,3730.634684074566,3269.555232917623,3500.0949584960945,43.83500435909115,47.68254427538859,57.01579957012438,-61.004756389439535,-43.093924731547204,-17.91083165789233,21.65428807264325,108.10498054175223,34.00769651778618,20.710863032918198,-62.25099601593625,18906924.0,21400037.45,-1.0
2026-05-25,3458.0,3501.699951171875,3420.0,3469.5,918345,3530.1951025390613,3538.249819335936,3430.652768721584,3485.115473547992,3725.4885562490504,3266.3913509775125,3495.9399536132814,47.62709974454345,46.39422043945213,57.01579957012438,-54.30565348660366,-45.3362704825585,-8.969383004045163,21.072652004327814,106.39747844390385,45.15512514405527,32.85839928212083,-51.89243027888446,19825269.0,21279861.15,-1.0
2026-05-26,3469.5,3484.5,3419.699951171875,3454.89990234375,651538,3527.5279394531235,3541.2830957031238,3435.502195446017,3482.368603438516,3724.1711998827595,3263.608707343804,3493.8899536132817,46.67424236693733,46.39422043945213,57.01579957012438,-49.60288090013319,-46.189592566073436,-3.41328833405975,20.535078459480225,103.42623347134821,52.992343740133116,44.051721800658186,-54.80081626618526,19173731.0,21149438.9,-1.0
2026-05-27,3441.0,3475.39990234375,3361.10009765625,3384.60009765625,2535619,3527.0063671874987,3543.544841308592,3425.321775888064,3473.4805574583097,3718.843429385608,3252.0064973722046,3485.4249633789063,42.28725576015375,46.39422043945213,57.01579957012438,-50.96105909491962,-47.14388587184267,-3.8171732230769493,20.52332271950248,104.20291712964477,51.29132065257495,49.812929845587774,-68.0863840963786,16638112.0,20854550.1,-1.0
2026-05-28,3384.60009765625,3384.60009765625,3384.60009765625,3384.60009765625,0,3528.4399609374987,3545.603796386717,3417.177440241702,3465.4005156581225,3717.6843159119203,3242.335630377142,3480.009973144531,42.287255760153755,46.39422043945213,57.01579957012438,-51.44440600998087,-48.00398989947031,-3.4404161105105544,20.512406675237433,96.75985162038444,48.47670938244888,50.920124591718974,-65.72551299465339,16638112.0,20607052.05,-1.0
2026-05-29,3417.89990234375,3465.0,3315.199951171875,3355.699951171875,2519839,3528.2930566406235,3547.6702197265604,3404.8819424277367,3455.4277370684636,3717.0951086341515,3229.204842537722,3473.1499755859368,40.47351486409722,46.39422043945213,57.01579957012438,-53.54226036657474,-49.1116439928912,-4.4306163736835344,19.54289889174144,100.54843713522305,46.60384709069437,48.790625708572726,-69.5590104477056,14118273.0,20233562.05,-1.0
2026-06-01,3382.0,3420.0,3335.10009765625,3344.39990234375,1210591,3525.584316406249,3549.377700195311,3392.78553441094,3445.3342975480346,3715.9018680145955,3215.2880733916536,3465.5949707031245,39.75550895206414,44.76155594606526,53.20121148442811,-55.477138639465466,-50.38474292220606,-5.092395717259407,18.64264166420945,99.43068465011784,48.70068524743831,47.92708057352718,-72.2527050432062,12907682.0,19741792.7,-1.0
2026-06-02,3328.0,3383.0,3291.60009765625,3366.89990234375,516666,3521.7152050781237,3551.4194055175763,3387.608407997502,3438.2038979840086,3709.0378304846245,3205.4021109216237,3457.219970703124,41.96324476902439,44.76155594606526,53.20121148442811,-54.565979011223135,-51.22099014000948,-3.3449888712136584,18.241645053112478,98.85705734252014,51.79090159076496,49.031811309632545,-56.01650384185133,13424348.0,19256289.1,-1.0
2026-06-03,3360.0,3366.800048828125,3301.39990234375,3316.89990234375,846948,3519.209833984374,3553.149824218748,3373.466706866752,3427.176262016712,3689.4923663310037,3194.847575075245,3442.1699707031244,38.57977984700849,44.76155594606526,53.20121148442811,-57.21887697757256,-52.4205675075221,-4.798309470050462,17.86929105709386,96.47441038948298,47.37816426386132,49.28991703402152,-67.51921147113262,12577400.0,18683487.85,-1.0
2026-06-04,3310.0,3400.699951171875,3292.199951171875,3362.5,1089659,3517.4570214843743,3555.194940185545,3371.273365493402,3421.296601833374,3640.658231389209,3209.261714899852,3424.9599731445305,43.08676704283681,44.76155594606526,53.20121148442811,-55.007676688286665,-52.937989343675014,-2.0696873446116513,17.072724193699315,97.3333810759485,55.14058444939542,51.43655010134056,-50.8585955444551,13667059.0,18112264.0,-1.0
2026-06-05,3380.0,3397.0,3345.0,3383.89990234375,813580,3517.1227441406245,3557.0710205078103,3373.798672863472,3417.896901879772,3583.9971688362825,3234.792772569966,3409.3949707031243,45.121953937915926,44.76155594606526,53.20121148442811,-50.94127198192882,-52.53864587132578,1.5973738893969553,16.33305496340438,94.09528242766646,62.500935147154834,55.00656128680386,-43.03985014383515,14480639.0,17600002.7,-1.0
2026-06-08,3325.0,3378.89990234375,3301.0,3317.60009765625,949326,3514.123149414062,3558.610120849607,3362.558957822028,3408.7790105867243,3544.754921428839,3244.425034625847,3394.589978027343,40.31230069297837,45.700570990818036,53.20121148442811,-52.46368836105603,-52.52365436927183,0.05996600821580245,16.162847508442127,93.29561242167243,56.632638972717814,58.091386189756015,-68.3116339575603,13531313.0,17066188.35,-1.0
2026-06-09,3357.0,3372.699951171875,3325.0,3358.0,797346,3510.6659765624995,3559.3576940917947,3361.6471662576223,3404.162736897022,3513.1552939738813,3255.7246620808055,3384.4399780273434,44.214420231570095,45.700570990818036,53.20121148442811,-49.83580370348045,-51.986084236113555,2.1502805326331043,16.004797728834323,90.56734392838332,54.63897120556992,57.92418177514752,-68.39602635000797,14328659.0,16616800.75,-1.0
2026-06-10,3350.0,3381.199951171875,3323.0,3334.89990234375,843833,3508.699975585937,3559.8293273925756,3356.297713474848,3397.8661155739974,3486.2002051705085,3263.4497460013654,3374.824975585937,42.50339075205835,45.700570990818036,53.20121148442811,-49.051733158545176,-51.399214020599885,2.3474808620547094,15.719058534961622,88.25538730291844,41.59895697825253,50.95685571884675,-79.3908448944826,13484826.0,16201162.05,-1.0
2026-06-11,3300.0,3333.89990234375,3278.699951171875,3287.39990234375,913252,3507.1719726562496,3560.1735754394504,3342.518151248629,3387.823732553066,3476.340599244107,3255.9693372793295,3366.1549682617183,39.14853715125054,45.700570990818036,53.20121148442811,-51.66761255315669,-51.45289372711125,-0.21471882604543424,16.003419715706798,85.9657132935582,37.31126531962513,44.516397834482525,-96.09867660454036,12571574.0,15832233.8,-1.0
2026-06-12,3320.0,3366.800048828125,3265.60009765625,3312.800048828125,2401100,3504.91197265625,3560.390214843747,3336.5745307645284,3381.0033976689806,3460.2293971064987,3256.6805394169373,3358.454968261718,41.79425275970142,45.700570990818036,53.20121148442811,-51.102063498293774,-51.38272768134776,0.280664183053986,15.708525226191158,87.0538731420094,29.78871065413459,36.23297765067075,-78.43765544593325,14972674.0,15532973.25,-1.0
2026-06-15,3362.10009765625,3481.699951171875,3333.0,3459.5,1924317,3506.273974609375,3561.272092285153,3361.159624611623,3388.139452426346,3472.9494355064753,3260.810501016961,3366.879968261718,54.18411882463518,43.684243968522615,53.20121148442811,-38.374049604011816,-48.78099206588057,10.406942461868752,15.315309936819585,92.90001808499088,48.666157421108856,38.58871113162286,-10.273006117641748,16896991.0,15458902.65,-1.0
2026-06-16,3464.89990234375,3475.0,3411.0,3435.5,886854,3505.2279736328123,3562.083297119137,3376.0276996892985,3392.444956751224,3477.107471757321,3271.86247453174,3374.4849731445306,52.22550269207216,43.684243968522615,53.20121148442811,-29.87917775402957,-45.00062920351037,15.121451449480801,14.950181453831695,90.8357310789201,75.72008632767204,51.391651467638496,-21.37898310446311,16010137.0,15464734.9,-1.0
2026-06-17,3454.89990234375,3480.0,3415.5,3448.699951171875,492280,3504.7899707031247,3563.0222851562467,3390.562149985814,3397.5590471531013,3486.427370721663,3271.222580450212,3378.8249755859374,53.22692892751125,43.684243968522615,53.20121148442811,-21.830160367779627,-40.366535436364224,18.536375068584597,14.674386705133745,88.95460743042582,93.77137766218402,72.7192071369883,-15.270718356879376,16502417.0,15431907.45,-1.0
2026-06-18,3459.89990234375,3475.0,3447.0,3457.60009765625,349614,3499.9139746093747,3564.0869909667936,3403.9697395199014,3403.0173244715693,3495.902980734406,3269.4369850859057,3382.669982910156,53.92817074731594,43.684243968522615,53.20121148442811,-14.565190213214464,-35.206266391734275,20.64107617851981,14.418291581342793,84.60070689968113,93.22463213265274,87.57203204083626,-11.152184105429052,16852031.0,15375408.55,-1.0
2026-06-19,3437.60009765625,3460.800048828125,3414.300048828125,3442.89990234375,926221,3494.2299707031248,3564.9755541992154,3411.755772084671,3406.64301336904,3499.3663148786345,3268.513641176053,3383.939978027344,52.52739561223532,43.684243968522615,53.20121148442811,-9.87994210891793,-30.141001535171007,20.261059426253077,13.628267805810045,81.87922783541819,93.86952310517009,93.62184430000228,-17.954685390529235,15925810.0,15226352.85,-1.0
2026-06-22,3470.0,3496.60009765625,3443.10009765625,3488.699951171875,990508,3487.2059716796875,3565.6965039062466,3427.144607902112,3414.1027349874794,3503.5955961248806,3266.204355046995,3384.8999755859377,56.333080371821666,48.18883613634707,53.20121148442811,-2.4430065980777727,-24.60140254775236,22.15839594967459,13.418131036953207,79.86643979806689,95.91423194864481,94.33612906215588,-3.4199768330627656,16916318.0,15080905.3,-1.0
2026-06-23,3495.0,3520.0,3443.0,3456.199951171875,820710,3481.5679687499996,3566.188187255856,3432.9556765560646,3417.929754640606,3503.8233203893433,3266.1066356653446,3384.964978027344,53.0812139138269,48.18883613634707,53.20121148442811,0.8189002163758232,-19.517341994926728,20.33624221130255,13.546272705202545,79.66169409820498,90.15324225306588,93.31233243562693,-25.078645172558733,16095608.0,14926999.15,-1.0
2026-06-24,3450.10009765625,3470.0,3375.699951171875,3440.60009765625,920550,3474.7139697265625,3566.4489062499965,3434.4845607761017,3419.9906949147553,3509.1976838935,3266.332272161188,3387.764978027344,51.543192576461394,48.18883613634707,53.20121148442811,2.1207602581757783,-15.189721544306227,17.310481802482006,12.608491239811505,80.70729086462784,84.40118706263024,90.15622042144697,-31.210665417812677,15175058.0,14853846.45,-1.0
2026-06-25,3452.0,3602.300048828125,3452.0,3569.699951171875,2126765,3470.963969726563,3567.1911975097623,3461.5276388552566,3433.600627301766,3543.141949274851,3250.8979921314003,3397.0199707031256,61.48820241825794,48.18883613634707,53.20121148442811,13.41513167954281,-9.46875089953642,22.88388257907923,13.278412599440554,86.49248088657407,84.40118706263024,86.31853879277546,-9.682240090260263,17301823.0,14887032.0,1.0
2026-06-26,3569.699951171875,3569.699951171875,3569.699951171875,3569.699951171875,0,3467.641967773438,3567.7172436523406,3483.1621013185804,3445.9732931081394,3571.389397867037,3244.0505435392147,3407.719970703126,61.488202418257956,48.18883613634707,53.20121148442811,22.11111918426559,-3.1527768827760188,25.263896067041607,13.900482433381814,80.31444653753307,90.70892228774045,86.5037654710003,-9.682240090260263,17301823.0,15046209.5,1.0
2026-06-29,3542.39990234375,3578.0,3436.60009765625,3456.800048828125,4095846,3461.5399707031256,3567.1072888183567,3477.8896908204892,3446.957543628138,3575.567381747203,3251.1125743074867,3413.339978027345,50.89428423732546,52.20179273950261,53.20121148442811,19.665976225395752,1.4109737388583357,18.255002486537418,13.136852726552295,84.67769338083428,84.19266350635037,86.43425761890703,-43.21354948035817,13205977.0,15061124.25,1.0
2026-06-30,3490.10009765625,3509.800048828125,3429.0,3460.60009765625,1071980,3455.6979736328135,3566.640898437497,3474.4317721876414,3448.1977758125117,3580.0172370596474,3256.0327385262917,3418.0249877929696,51.1990550292105,52.20179273950261,55.644670505126626,17.829290039062016,4.694636998899072,13.134653040162945,12.514480871361595,84.40071876992648,68.84007986037084,81.24722188482055,-42.08493368611792,14277957.0,15103804.7,1.0
2026-07-01,3484.0,3509.0,3463.39990234375,3494.0,768295,3452.3639746093763,3566.6952709960906,3478.3454177501135,3452.3616143750105,3584.910482238978,3268.849503112586,3426.879992675782,53.906865385547825,52.20179273950261,55.644670505126626,18.851487771901702,7.526007153499599,11.325480618402104,11.936564148684516,81.82923188234246,56.0081574270831,69.68030026460143,-32.16515133167962,15046252.0,15227247.3,1.0
2026-07-02,3586.0,3634.39990234375,3527.0,3626.800048828125,1765454,3454.6399755859393,3567.329936523434,3508.036343965716,3468.219653870748,3618.36462464358,3261.8253655907965,3440.0949951171883,62.75572424038148,52.20179273950261,55.644670505126626,30.03125926087887,12.027057574975453,18.004201685903418,12.21166482735785,86.01285120101443,71.8154939207327,65.55457706939555,-2.5215182408908965,16811706.0,15384479.65,1.0
2026-07-03,3674.89990234375,3674.89990234375,3603.0,3627.39990234375,731645,3457.4239746093763,3568.06575927734,3531.909055641323,3482.690585550112,3646.8902278371406,3257.6497623972355,3452.269995117188,62.790472802065835,52.20179273950261,55.644670505126626,38.495954477011765,17.320836955382717,21.175117521629048,12.846514453516278,85.00478342549555,87.16807756671224,71.66390963817602,-15.875671040037599,17543351.0,15537615.25,1.0
2026-07-06,3627.39990234375,3737.0,3619.0,3705.0,701935,3460.471972656251,3569.2643212890594,3566.5272445130586,3502.9005323182837,3685.9434917127464,3257.3364887560047,3471.6399902343755,67.07065393513093,53.9496841049038,55.644670505126626,50.87945903799073,24.032561371904322,26.846897666086406,13.9676289112379,87.36158460938873,99.99999999999999,86.32785716248165,-8.856904421627354,18245286.0,15773313.9,1.0
2026-07-07,3727.0,3775.0,3702.60009765625,3712.699951171875,836397,3464.807973632814,3570.3892749023407,3595.761785844822,3521.973206759519,3722.004673485931,3256.745302100007,3489.374987792969,67.47050267855714,53.9496841049038,55.644670505126626,60.61605320018407,31.349259737560274,29.266793462623795,15.307374251723818,86.29289301898596,99.99999999999999,95.7226925222374,-15.602314352568857,19081683.0,16010965.1,1.0
2026-07-08,3666.0,3767.699951171875,3624.699951171875,3639.699951171875,1176977,3466.523974609377,3571.148229980466,3604.549418910233,3532.6756380697334,3734.5548449624157,3274.675135506335,3504.6149902343755,60.02850196846301,53.9496841049038,55.644670505126626,61.73029588338113,37.42546696672445,24.30482891665668,15.466702893045724,90.34340066048696,85.03478394568992,95.01159464856329,-33.88430560557323,17904706.0,16231959.1,1.0
2026-07-09,3657.0,3698.89990234375,3617.5,3626.10009765625,511357,3469.1879785156266,3571.6074963378874,3608.859554659436,3541.1687707594165,3733.3015652419167,3309.7984347580837,3521.55,58.72886099949065,53.9496841049038,55.644670505126626,60.814910287677776,42.10335563091512,18.711554656762658,15.520113374523358,89.70457935214861,67.45610295750481,84.16362896773157,-37.290228934543045,17393349.0,16473047.85,1.0
2026-07-10,3644.10009765625,3668.0,3608.60009765625,3623.10009765625,345846,3471.791982421876,3572.1374633789032,3611.707663258799,3548.617073204583,3728.9561556732124,3345.173849209601,3537.0650024414067,58.428349418680554,53.9496841049038,55.644670505126626,59.16536419090016,45.515757342912124,13.64960684798804,15.44711602593419,87.53995956583442,49.27311932157263,67.25466874158911,-38.04154364357063,17047503.0,16576789.3,1.0
2026-07-13,3599.800048828125,3695.0,3572.800048828125,3676.89990234375,497827,3475.4199804687514,3572.955362548825,3624.7461110757895,3560.2791485808707,3745.8610089982826,3350.008986118906,3547.934997558594,62.167075724954856,53.791822304160654,55.644670505126626,61.49045791703293,48.71069745773629,12.77976045929664,14.887571199583393,90.01567325198017,53.57360511305721,56.76760913071155,-24.568015442060787,17545330.0,16609206.25,1.0
2026-07-14,3640.0,3655.0,3589.699951171875,3608.39990234375,636848,3476.899980468751,3573.4950378417934,3621.4768693293818,3564.6537625593146,3748.851462351871,3364.3085229996927,3556.579992675782,55.342442952003154,53.791822304160654,55.644670505126626,57.146979122213,50.39795379063163,6.749025331581365,14.367993860829081,89.81455024625838,46.76381300135715,49.87017914532899,-48.15031724169076,16908482.0,16654123.5,1.0
2026-07-15,3607.699951171875,3650.89990234375,3582.5,3612.300048828125,709493,3476.7879833984384,3574.3516735839808,3619.6415052291304,3568.985243129206,3751.5488637033145,3377.9711314138744,3564.7599975585945,55.64103298256964,53.791822304160654,55.644670505126626,53.403843841580965,50.9991318008215,2.4047120407594633,13.779215420697788,88.28493253893636,41.15876211476542,47.16539340972659,-47.02310727510838,17617975.0,16709901.4,1.0
2026-07-16,3622.10009765625,3629.89990234375,3549.89990234375,3563.5,1209278,3473.923984375001,3575.186533203121,3608.4132041833045,3568.4865846629145,3749.9295023998143,3390.18048295175,3570.054992675782,51.042334924739826,53.791822304160654,55.644670505126626,45.96971579392448,49.993248599442104,-4.023532805517625,12.836407758565509,87.69315164329805,18.787876097836996,35.57015040465319,-61.12716763005781,16408697.0,16687734.7,1.0
2026-07-17,3563.5,3628.0,3563.0,3618.199951171875,825661,3472.3839843750006,3576.26499755859,3610.370553581019,3573.0059816182747,3749.4525650355436,3408.187425198834,3578.8199951171887,55.483641084742516,53.791822304160654,55.644670505126626,43.98491396067993,48.79158167168967,-4.806667711009737,11.960943500871249,86.07221224020533,18.85458312406431,26.26707377888891,-45.31793318731936,17234358.0,16753162.1,1.0
2026-07-20,3619.800048828125,3619.800048828125,3550.10009765625,3590.199951171875,438353,3471.9139843750004,3577.0778991699185,3606.336433099191,3574.569069759511,3749.196168217478,3418.5938220168982,3583.894995117188,52.841123800212685,53.59933920635347,55.644670505126626,39.6949989749678,46.9722651323453,-7.277266157377497,11.348114130030375,84.90276502103887,12.959090553424065,16.86718325844179,-59.30680067757621,16796005.0,16747146.45,1.0
2026-07-21,3590.199951171875,3810.0,3576.800048828125,3792.0,2391097,3476.5339843750003,3578.9042858886687,3643.4691464793527,3594.3355179631917,3779.0724262247054,3422.297568892483,3600.684997558594,65.56888222912782,53.59933920635347,55.644670505126626,51.9795994029364,47.97373198646352,4.005867416472881,12.578630277233112,95.49542117467003,42.13625169294595,24.649975123478107,-6.360424028268552,19187102.0,16901721.15,1.0
2026-07-22,3850.699951171875,3965.0,3828.0,3907.60009765625,3225267,3484.1419873046875,3581.213505859372,3696.2953367147325,3622.814116117106,3833.7064740943338,3414.3635210228535,3624.0349975585937,70.48335648234436,53.59933920635347,55.644670505126626,70.23358645266353,52.42570287970352,17.80788357296001,14.809938592713188,101.03146251933646,66.4580177666038,40.51778667099127,-13.827966475518306,22412369.0,17263586.7,1.0
2026-07-23,3907.60009765625,3974.699951171875,3897.0,3919.800048828125,1761279,3493.3219873046874,3583.5921960449186,3740.996279137411,3649.8128372726533,3887.4395423536034,3395.64046252921,3641.5400024414066,70.95453859712816,53.59933920635347,55.644670505126626,84.70797598450736,58.88215750066429,25.825818483843065,16.93876365526004,99.36492599451779,96.14154485976795,68.24527143977255,-12.923704339300258,24173648.0,17607177.95,1.0
2026-07-24,3879.800048828125,3899.89990234375,3823.300048828125,3870.199951171875,1226472,3501.3899853515622,3585.449840087888,3766.837013544304,3669.8480294453093,3920.073971388897,3393.0560334939164,3656.5650024414067,66.31931208373564,53.59933920635347,55.644670505126626,91.12627365671187,65.33098073187381,25.795292924838066,17.841788248396476,99.16028842348081,92.2405599606904,84.94670752902071,-24.599808848487427,22947176.0,17889445.6,1.0
2026-07-27,3905.0,3905.10009765625,3850.0,3876.39990234375,576740,3513.097983398437,3587.3255297851533,3788.749591304194,3688.6254724360765,3940.9013812555568,3414.1886089788177,3677.544995117187,66.61291455809376,61.27394034490347,55.644670505126626,95.61096140042127,71.3869768655833,24.223984534837967,18.719729611330308,96.01313194010717,84.97261495157889,91.11823992401241,-23.140310152812017,23523916.0,18405342.55,1.0
2026-07-28,3855.0,4001.39990234375,3852.0,3993.5,2042411,3527.299985351562,3589.9386877441375,3829.6996730433557,3716.341338578251,3982.5336420295143,3425.8463384392353,3704.189990234375,71.64120349968033,61.27394034490347,55.644670505126626,107.37634036991767,78.58484956645017,28.791490803467497,20.209500346510875,99.82647268322452,84.97261495157889,87.39526328794939,-1.7497015157807327,25566327.0,18969761.05,1.0
2026-07-29,4013.0,4085.0,3996.800048828125,4075.60009765625,1925276,3541.5739892578117,3592.9444091796845,3878.8797579659345,3749.00122576716,4039.300556910689,3427.239433323686,3733.2699951171876,74.5367266957592,61.27394034490347,55.644670505126626,121.91986341694565,87.25185233654928,34.66801108039637,22.077061860381605,99.23172463442278,92.73205499088849,87.55909496468209,-1.7566624235207162,27491603.0,19592028.6,1.0
2026-07-30,4080.0,4219.0,4070.0,4208.39990234375,2913373,3558.127988281249,3596.595694580075,3944.783786841498,3790.7647418195775,4130.091174633066,3394.608800952872,3762.349987792969,78.38174441302829,61.27394034490347,55.644670505126626,142.51867799106276,98.30521746745198,44.21346052361078,24.432883812468717,102.78660144624972,99.99999999999999,92.56822331415579,-1.5842319696829255,30404976.0,20271692.1,1.0
2026-07-31,4208.39990234375,4325.0,4198.0,4313.10009765625,2991859,3576.0399902343743,3600.706206054684,4018.4470490044487,3838.249774168366,4232.878393509755,3360.391601607433,3796.634997558594,80.83843182950469,61.27394034490347,69.55614294611723,165.38535823228176,111.72124562041793,53.66411261186383,27.010226920475294,104.51612991437474,99.99999999999999,97.57735166362949,-1.5352729769655515,33396835.0,21064366.3,1.0
2026-08-03,4336.5,4389.0,4281.89990234375,4389.0,1612965,3594.429990234374,3605.18724731445,4092.557639203559,3888.317976516696,4338.268363838469,3323.4016312787185,3830.834997558594,82.39986586127431,70.50691781602949,69.55614294611723,187.47080808707142,126.87115811374863,60.599649973322784,29.609854652984385,104.70069903879441,99.99999999999999,99.99999999999999,0.0,35009800.0,21902592.0,1.0
2026-08-04,4389.0,4392.7998046875,4336.0,4360.0,1390832,3612.531992187499,3609.1750073242156,4146.046111362848,3931.1981604697235,4419.15925517698,3307.2407448230206,3863.2000000000003,79.7266288992699,70.50691781602949,69.55614294611723,200.3244134366978,141.56180917833848,58.76260425835932,32.035967883244595,101.27920658513052,97.15832541427355,99.05277513809116,-3.8913048389610183,33618968.0,22629456.25,1.0
2026-08-05,4398.0,4455.2001953125,4365.0,4455.2001953125,1392666,3633.9439941406235,3613.6307946777315,4207.876928152778,3978.8347090917937,4508.4218181456545,3299.528206268409,3903.975012207032,81.81259055732788,70.50691781602949,69.55614294611723,215.70632023484768,156.39071138964033,59.31560884520735,34.486764806896154,100.84499149422835,96.49605624786446,97.88479388737933,0.0,35011634.0,23484802.65,1.0
2026-08-06,4410.0,4436.89990234375,4370.39990234375,4375.0,1143968,3653.7519921874987,3617.2994311523407,4241.301542522223,4014.849735537994,4565.843655439554,3316.9963592088843,3941.420007324219,74.82762039067292,70.50691781602949,69.55614294611723,218.9017436530862,168.89291784232952,50.00882581075669,36.76250480742975,99.69894159955133,87.95685042401844,93.87041069538549,-8.860919971191894,33867666.0,24308518.5,1.0
2026-08-07,4380.0,4458.0,4378.0,4440.89990234375,840158,3675.455991210936,3621.3075329589815,4281.221214486529,4053.581568883972,4625.781014884447,3338.838980232741,3982.309997558594,76.59582219064879,70.50691781602949,69.55614294611723,224.1676460206877,179.94786347800115,44.219782542686545,38.945344971012844,98.50616005672624,79.3037647163139,87.91889046273226,-1.9405468229440115,34707824.0,25191534.55,1.0
2026-08-10,4435.0,4475.0,4411.10009765625,4466.2001953125,724181,3697.891997070311,3625.410744628903,4318.217010651723,4091.092353104747,4682.951899560006,3360.5981248540584,4021.775012207032,77.25635306678369,72.54127794824853,69.55614294611723,227.7569929441429,189.5096893712295,38.24730357291338,41.02951263323071,96.03428450579938,69.30406111394295,78.85489208475843,-1.350284693389392,35432005.0,26085868.3,1.0
2026-08-11,4460.0,4460.0,4370.0,4400.0,944062,3718.553999023436,3629.487392578122,4334.573608521379,4119.174866458861,4713.045819939176,3409.664214240512,4061.3550170898443,71.56496011330489,72.54127794824853,69.55614294611723,222.6927107886545,196.1462936547145,26.546417133939997,42.244021727793715,96.04613527770657,55.38362220610148,67.99714934545277,-11.508363605849038,34487943.0,26964841.35,1.0
2026-08-12,4400.0,4427.7998046875,4347.2001953125,4375.0,911635,3739.716000976561,3633.426085205075,4342.658886817104,4142.431696780783,4729.438473186826,3469.54155611005,4099.490014648438,69.48320503481428,72.54127794824853,69.55614294611723,214.19285769488306,199.75560646274823,14.437251232134827,42.981029961727764,94.9428119989418,40.103473697361636,54.93038567246868,-15.34448480779872,33576308.0,27762758.0,1.0
2026-08-13,4384.0,4384.0,4310.0,4342.2001953125,533564,3759.310004882811,3637.0009777832006,4342.567148516184,4160.592469374575,4723.551330753021,3553.298718075105,4138.425024414063,66.74016341422761,72.54127794824853,69.55614294611723,202.47597574953625,200.29968032010586,2.1762954294303825,43.04057552317308,93.44689685616025,17.700792528616745,37.72929614402662,-21.247968750000002,33042744.0,28594460.35,1.0
2026-08-14,4307.39990234375,4340.0,4297.10009765625,4307.0,560053,3777.772006835936,3640.7880126953096,4335.453718812947,4173.902244885977,4708.015156987698,3637.714896723241,4172.865026855469,63.82795800617533,72.54127794824853,69.55614294611723,188.18067117199007,197.8758784904827,-9.695207318492635,42.88052240794957,89.99355405616666,6.827103926970911,21.543790050983095,-26.96629213483146,32482691.0,29356877.0,1.0
2026-08-17,4307.0,4386.0,4305.5,4385.89990234375,604301,3799.138002929686,3645.2839477539032,4345.542955519108,4193.174759200319,4679.3428097824435,3745.9572390456833,4212.650024414063,67.27488435687772,67.30313078132801,69.55614294611723,181.13014644866234,194.52673208211866,-13.396585633456311,43.04695579007698,89.31544305215476,6.455310619690289,10.327735691759315,-18.632393716875473,33086992.0,30171426.35,1.0
2026-08-18,4373.89990234375,4407.10009765625,4341.2001953125,4356.7998046875,444890,3819.1139990234356,3649.6702575683566,4347.7943253527865,4208.049763335517,4666.996750903776,3814.783278393101,4240.890014648438,64.82141766279553,67.30313078132801,69.55614294611723,171.22069454243774,189.86552457418247,-18.644830031744732,43.34042379588337,87.64290443012585,7.969717923735847,7.084044156799015,-29.185233410493826,32642102.0,30844176.35,1.0
2026-08-19,4380.2998046875,4394.89990234375,4342.10009765625,4361.10009765625,456943,3839.6380029296856,3653.9933642578094,4350.4554798134795,4221.963430091947,4662.386488633034,3864.7435406638415,4263.565014648438,65.02441041508662,67.30313078132801,69.55614294611723,161.84868927390107,184.26215751412622,-22.413468240225143,43.61292980127501,85.15411159136686,10.117141186594651,8.180723243340262,-41.119098319043324,33099045.0,31378510.15,1.0
2026-08-20,4383.89990234375,4408.0,4356.10009765625,4390.0,463670,3861.690004882811,3658.452001953122,4358.364383850783,4237.23948190177,4654.794943567764,3919.3550808462987,4287.075012207031,66.42651880432165,67.30313078132801,69.55614294611723,154.96692591117153,178.4031111935353,-23.436185282363766,43.96004618736217,82.7788109308228,8.594473080953307,8.893777397094603,-44.01862092856835,33562715.0,31847963.5,1.0
2026-08-21,4389.5,4390.0,4337.60009765625,4390.0,912628,3883.2340039062487,3663.0969873046843,4364.691507080626,4251.126801728882,4626.142904631023,3999.987124665852,4313.065014648438,66.42651880432166,67.30313078132801,69.55614294611723,147.80922611517326,172.2843341778629,-24.47510806268963,43.89507002961626,80.60888888888903,11.627647876861392,10.113087381469782,-47.77967771772992,33562715.0,32378740.45,1.0
2026-08-24,4375.0,4406.0,4326.39990234375,4363.5,531315,3901.3140039062487,3667.740515136715,4364.453205664501,4261.342547026256,4573.88002031797,4100.960018744531,4337.420019531251,63.71041812319132,68.80674262436779,69.55614294611723,138.4029459204139,165.50805652637308,-27.10511060595917,43.96854759007294,80.53683237227195,9.480224614002587,9.900781857272428,-62.675694888551604,33031400.0,32854114.65,1.0
2026-08-25,4365.5,4420.0,4344.7001953125,4420.0,527228,3921.0040039062496,3672.6167175292935,4375.562564531601,4275.765951842051,4533.481927154415,4184.008111908086,4358.74501953125,66.8250184092655,68.80674262436779,69.55614294611723,133.9632341334045,159.19909204777937,-25.23585791437486,44.155055168703555,80.16275896621681,12.480554139136624,11.1961422100002,-30.91626205264877,33558628.0,33253729.7,1.0
2026-08-26,4430.0,4484.5,4415.0,4464.0,908142,3941.3100048828123,3677.5435119628874,4393.250051625281,4292.878138038229,4498.161968671138,4258.168060625738,4378.165014648438,69.05259911480954,68.80674262436779,69.55614294611723,132.4681524298112,153.85290412418573,-21.38475169437453,44.82355344122259,79.40113332577275,20.810133108586715,14.25697062057531,-10.939173256556234,34466770.0,33602488.05,1.0
2026-08-27,4469.0,4469.0,4366.60009765625,4409.7998046875,579869,3960.3539990234376,3682.282016601559,4396.560002237726,4303.50738046089,4478.3215157727755,4298.148503758475,4388.235009765625,63.40481777524363,68.80674262436779,69.55614294611723,125.46352124189889,148.17502754772838,-22.711506305829488,44.40326094541082,81.04390254134256,20.810133108586715,18.033606785436685,-39.861384332781824,33886901.0,33776584.3,1.0
2026-08-28,4409.7998046875,4425.0,4161.5,4304.2001953125,2654527,3977.5800048828123,3686.590679931637,4378.088040852681,4303.570363629218,4479.51228743128,4296.067741865596,4387.790014648438,54.11765682497178,68.80674262436779,69.55614294611723,110.12187815317066,140.56439766881684,-30.442519515646183,41.45023419954492,94.07648093124666,13.145840465212114,18.255368894128516,-55.820372968266255,31232374.0,33668361.25,1.0
2026-08-31,4290.0,4341.2998046875,4255.0,4341.2998046875,1510029,3994.632001953125,3691.1042724609347,4370.730393619645,4307.000312816335,4479.446141365633,4291.363868399992,4385.405004882812,56.526860025732056,65.45577356749902,69.89252783306706,99.80663513461514,132.41284516197652,-32.606210027361385,38.708137935526594,93.52100405669334,5.22641771461397,13.060797096137598,-44.334425793343655,32742403.0,33554991.4,1.0
2026-09-01,4341.2998046875,4409.0,4122.0,4203.0,1908970,4009.5680029296873,3695.245750732419,4337.184314895716,4297.545738923941,4501.864859215791,4253.245150549833,4377.555004882812,46.68565626404115,65.45577356749902,69.89252783306706,79.55503142552334,121.84128241468588,-42.28625098916254,37.444494080985855,107.3409323383581,5.22641771461397,7.866225298146684,-77.65517241379311,30833433.0,33415714.65,-1.0
2026-09-02,4168.0,4200.0,4064.89990234375,4200.0,1596164,4024.756000976562,3698.929277343747,4309.7474519165735,4288.67794447631,4506.693484874409,4222.896505359965,4364.794995117187,46.49655323147405,65.45577356749902,69.89252783306706,62.54246405885078,109.98151874351886,-47.43905468466808,36.71615609976346,109.53801557535039,5.22641771461397,5.22641771461397,-67.80265342861564,29237269.0,33126996.4,-1.0
2026-09-03,4204.89990234375,4221.60009765625,4151.0,4200.0,727008,4037.362001953125,3702.5903820800754,4287.797961533259,4280.616313160282,4515.757967875111,4196.332022359263,4356.044995117187,46.49655323147405,65.45577356749902,69.89252783306706,48.50079487916264,97.68537397064762,-49.18457909148498,35.7568412483789,106.75673572398607,0.0,3.4842784764093135,-67.80265342861564,29237269.0,32895476.55,-1.0
2026-09-04,4181.2001953125,4200.0,4127.7998046875,4133.10009765625,424571,4048.6300048828125,3705.9279492187475,4256.858388757857,4267.20574811446,4523.573534895338,4157.736474870287,4340.655004882812,42.08753300460771,65.45577356749902,69.89252783306706,31.61002715962968,84.47030460844402,-52.860277448814344,35.056537204732166,104.28841140887992,0.0,1.7421392382046568,-83.74638240232923,28812698.0,32600720.25,-1.0
2026-09-07,4127.0,4159.89990234375,4100.7001953125,4132.0,353313,4062.13400390625,3709.216667480466,4231.886711006286,4254.914316467691,4519.216451866372,4128.6735383680025,4323.944995117187,42.01697657941111,59.25800846432889,69.89252783306706,17.928534379329903,71.1619505626212,-53.2334161832913,34.62785512204918,101.06778966762064,0.0,0.0,-84.00856004775751,28459385.0,32252089.25,-1.0
2026-09-08,4139.0,4156.7998046875,4078.0,4133.2001953125,613492,4075.5860058593753,3712.7331115722627,4212.149407867529,4243.849396362673,4519.945866056388,4101.264143709236,4310.605004882812,42.13095818241608,59.25800846432889,69.89252783306706,7.1008443982773315,58.34972932975243,-51.2488849314751,34.41434642914806,99.47721931189774,0.14053261624946115,0.046844205416487046,-83.72252691306478,29072877.0,31981335.95,-1.0
2026-09-09,4102.0,4217.5,4071.300048828125,4151.10009765625,1044264,4088.7280078125,3716.341047363278,4199.939545825273,4235.417641934817,4517.994269547081,4080.825749984169,4299.410009765625,43.90214186266145,59.25800846432889,69.89252783306706,-0.03539735886715789,46.67270399202852,-46.708101350895674,33.323573536259495,102.81455730189612,2.4648305935841788,0.8684544032778799,-79.45658359137991,30117141.0,31808377.6,-1.0
2026-09-10,4151.10009765625,4184.7998046875,4098.7001953125,4121.5,550990,4098.622006835938,3719.7695922851535,4184.2516366602185,4225.0614926680155,4519.771750307029,4056.978249692971,4288.375,41.632898252389644,59.25800846432889,69.89252783306706,-7.987327923408884,35.74069760894103,-43.72802553234992,32.310712992862975,101.62063244997498,2.4648305935841788,1.6900646011392728,-86.51094268747796,29566151.0,31634547.95,-1.0
2026-09-11,4081.0,4151.89990234375,4062.800048828125,4125.0,454748,4108.574008789063,3722.7632189941382,4172.401309328176,4215.964993334559,4521.64247491105,4036.907525088949,4279.275,42.01455591296685,59.25800846432889,69.89252783306706,-13.847246993367662,25.823108688479294,-39.67035568184696,31.723243225908025,100.72629109752141,2.7882681017016173,2.5726430962899913,-85.25018772256776,30020899.0,31511458.35,-1.0
2026-09-14,4125.0,4125.0,4125.0,4125.0,0,4116.974008789062,3725.859487304685,4162.921047462541,4207.6954484859625,4512.487437203734,4019.972572561892,4266.230004882813,42.01455591296685,58.9733216039175,69.89252783306706,-18.28054829326811,17.002377292129815,-35.282925585397926,31.177735585164136,93.53155601912702,0.927940248733799,2.060346314673198,-85.25018772256776,30020899.0,31358153.7,-1.0
2026-09-15,4150.0,4155.0,4022.10009765625,4050.0,496058,4123.720009765624,3728.513489990232,4140.336837970033,4193.359498623602,4511.213357917125,3990.5666713797505,4250.8900146484375,36.141378099621015,58.9733216039175,69.89252783306706,-27.52851314882264,8.096199203939324,-35.62471235276196,31.586957498268777,96.34358075660009,0.927940248733799,1.548049533056405,-93.75701310350931,29524841.0,31202290.65,-1.0
2026-09-16,4033.0,4078.5,4002.0,4033.0,439422,4131.586010742188,3730.433261718748,4118.869470376027,4178.7813623850925,4506.648454030897,3962.3215655003546,4234.485009765625,34.94882349454994,58.9733216039175,69.89252783306706,-35.81647976615022,-0.6863365900785849,-35.13014317607164,32.121564241250766,94.92618213112866,0.4639701243668995,0.7732835406114991,-92.67139479905437,29085419.0,31001609.35,-1.0
2026-09-17,4050.0,4162.2001953125,4050.0,4101.7001953125,1025877,4141.098012695313,3732.652189941404,4115.435615363322,4171.7739835603115,4488.059619787326,3952.080419275175,4220.07001953125,43.117405872282106,58.9733216039175,69.89252783306706,-36.42137843267665,-7.833344958598198,-28.58803347407845,31.293432266433108,97.37432592979803,12.618668008289912,4.67019279379687,-75.50363751535627,30111296.0,30829038.4,-1.0
2026-09-18,4125.0,4195.0,4122.10009765625,4171.2998046875,1304681,4152.062006835938,3735.4129382324195,4126.6084532281575,4171.7308763900555,4465.526310048287,3952.743709482963,4209.135009765625,49.9713954628401,58.9733216039175,69.89252783306706,-30.92813785451108,-12.452303537780775,-18.475834316730303,30.06581247854016,97.08328869820532,45.952001341623244,19.67821315809335,-58.40299639127764,31415977.0,30721701.5,-1.0
2026-09-21,4173.10009765625,4208.10009765625,4155.0,4155.0,183197,4161.624008789063,3738.019443359373,4132.286762582526,4170.209887627323,4445.4473754253295,3951.9726441059224,4198.710009765626,48.49757575966487,60.1517500348594,69.89252783306706,-27.57212879706458,-15.476268589637536,-12.095860207427043,28.74330314912479,93.94163219520851,76.01510082000331,44.86192338997215,-30.327899835683205,31232780.0,30631770.5,-1.0
2026-09-22,4155.0,4188.10009765625,4134.0,4140.0,544904,4172.256010742188,3740.4562792968727,4133.8294100660205,4167.463534206657,4409.366196967796,3960.0538225634555,4184.710009765626,47.120289013272384,60.1517500348594,69.89252783306706,-25.82514587402784,-17.546044046515597,-8.279101827512243,27.75048168732262,91.09580829956862,90.40349379615319,70.79019865259325,-37.15849789100838,30687876.0,30488232.9,-1.0
2026-09-23,4130.2001953125,4164.7998046875,4100.39990234375,4135.0,862827,4182.710009765625,3743.1306970214823,4134.063528052817,4164.512303824233,4351.097612747535,3985.422406783715,4168.260009765625,46.64476692589643,60.1517500348594,69.89252783306706,-24.560983801859038,-18.949031997584285,-5.611951804274753,27.19526947094768,89.188957874153,83.02209345191218,83.14689602268956,-38.2830626450116,29825049.0,30256146.85,-1.0
2026-09-24,4093.39990234375,4123.0,4057.0,4091.0,933899,4193.260009765625,3745.5761462402324,4125.450822442253,4157.829367112939,4298.38166395035,4006.2583751121506,4152.32001953125,42.57315874516512,60.1517500348594,69.89252783306706,-26.800617690594663,-20.519349136186364,-6.2812685544083,27.121956445896743,88.38974659742779,69.8765037641519,81.10069700407242,-58.70069605568445,28891150.0,30006359.3,-1.0
2026-09-25,4075.0,4177.89990234375,4075.0,4157.2998046875,411326,4204.042006835937,3748.3924560546857,4131.820618891303,4157.781225074262,4272.472981891996,4017.477018108005,4144.975,49.69824957369558,60.1517500348594,69.89252783306706,-22.96102315324333,-21.007683939597758,-1.9533392136455738,26.194575263418745,89.42618629359366,75.59669727443492,76.16509816349966,-27.935125435034802,29302476.0,29909864.4,-1.0
2026-09-28,4140.0,4164.0,4057.60009765625,4095.0,574256,4214.138007812499,3750.743803710936,4124.456495113042,4152.073840976602,4222.26221261212,4043.05780691913,4132.660009765625,44.15443237069866,59.59433917811507,69.89252783306706,-24.66091472266089,-21.738330096210387,-2.9225846264505044,25.526740914727153,90.63859458289055,70.07093563953335,71.84804555937339,-56.8445475638051,28728220.0,29709155.25,-1.0
2026-09-29,4075.0,4149.0,4037.199951171875,4091.10009765625,765737,4220.120009765626,3752.9869616699207,4117.785215621684,4146.530773402024,4212.028248489071,4042.1017808078045,4127.065014648438,43.82486807358497,59.59433917811507,69.89252783306706,-26.022805857487583,-22.595225248465827,-3.4275806090217564,25.133939494889507,92.15012702897873,72.84833250398057,72.83865513931627,-56.768532053362655,27962483.0,29565607.75,-1.0
2026-09-30,4100.0,4174.7001953125,4084.10009765625,4106.0,605529,4224.0880078125,3755.383841552733,4115.428172497347,4142.846157638204,4200.462781313767,4044.267247983109,4122.365014648438,45.49860741097864,59.59433917811507,63.579792766217125,-25.604662190884483,-23.19711263694956,-2.407549553934924,24.345988923618513,92.0394106452124,63.52981684727058,68.81636166359483,-49.5390826192332,28568012.0,29532144.9,-1.0
2026-10-01,4090.0,4100.0,3930.10009765625,4021.0,1234692,4226.112006835938,3757.453878173827,4096.542537997878,4131.769234216549,4195.000766429744,4031.829262867132,4113.415014648438,38.45881561543438,59.59433917811507,63.579792766217125,-31.76589251259611,-24.910868612078872,-6.855023900517239,25.09658551157789,98.02944576653653,50.89190822264302,62.42335252463139,-67.30219340152878,27333320.0,29436947.45,-1.0
2026-10-02,4021.0,4021.0,4021.0,4021.0,0,4229.128007812499,3759.4277526855462,4081.4340303983026,4121.699303833227,4198.586573620185,4017.0334459110672,4107.810009765626,38.45881561543438,59.59433917811507,63.579792766217125,-36.231062792995544,-27.174907448262207,-9.056155344733337,25.793568057540163,91.02734249749821,38.985264297139175,51.13566312235093,-67.30219340152878,27333320.0,29362978.55,-1.0
2026-10-05,4026.0,4040.5,3919.0,4031.0,706602,4232.220009765624,3761.6843127441402,4071.3472243186425,4113.45391257566,4198.946668828043,4006.573350703209,4102.760009765626,39.73116088050219,54.31700215770845,63.579792766217125,-38.518805174584486,-29.443686993526665,-9.075118181057821,27.169133914400714,93.20396089053406,26.187973787341747,38.688382102374646,-61.259092989594265,28039922.0,29342005.4,-1.0
2026-10-06,4030.0,4043.60009765625,3955.89990234375,3981.0,791080,4231.970009765625,3763.323157958984,4053.277779454914,4101.412647796054,4204.393377418825,3985.9066225811775,4095.1500000000015,35.75115352628479,54.31700215770845,63.579792766217125,-43.86083917526503,-32.32711742987434,-11.533721745390686,28.393633632287035,92.81083477781735,18.399711057778575,27.8576497140865,-78.55414076209682,27248842.0,29250803.65,-1.0
2026-10-07,3982.800048828125,3995.0,3870.800048828125,3926.0,673718,4228.9780078125,3764.469761962891,4027.8222235639314,4085.4660434509588,4213.375621626497,3954.4143686078805,4083.894995117189,31.958709165014106,54.31700215770845,63.579792766217125,-51.93381921368655,-36.248457786636784,-15.685361427049763,30.051561219442107,95.05291452025004,10.611448328215404,18.399711057778575,-83.63476336168492,26575124.0,29073702.8,-1.0
2026-10-08,3921.39990234375,3964.0,3839.39990234375,3839.39990234375,1017931,4221.598007812499,3765.2984643554687,3990.1377593198954,4063.0963942593944,4237.762134409395,3901.817846059357,4069.789990234376,27.086533267748134,54.31700215770845,63.579792766217125,-64.57523507718042,-41.91381324474551,-22.66142183243491,31.76204650401172,97.1634276013929,0.0,9.670386461997992,-100.0,25557193.0,28873254.9,-1.0
